ISO-10303-21;
HEADER;
FILE_DESCRIPTION (( 'STEP AP214' ),
    '1' );
FILE_NAME ('10129383-910001ALF.STEP',
    '2023-07-08T14:33:48',
    ( '' ),
    ( '' ),
    'SwSTEP 2.0',
    'SolidWorks 2021',
    '' );
FILE_SCHEMA (( 'AUTOMOTIVE_DESIGN' ));
ENDSEC;

DATA;
#1 = ORIENTED_EDGE ( 'NONE', *, *, #3310, .T. ) ;
#2 = ORIENTED_EDGE ( 'NONE', *, *, #11749, .F. ) ;
#3 = DIRECTION ( 'NONE',  ( 3.045457963692998845E-16, 1.000000000000000000, 0.000000000000000000 ) ) ;
#4 = DIRECTION ( 'NONE',  ( -0.000000000000000000, 1.000000000000000000, -0.000000000000000000 ) ) ;
#5 = VERTEX_POINT ( 'NONE', #6890 ) ;
#6 = DIRECTION ( 'NONE',  ( 0.000000000000000000, 0.000000000000000000, -1.000000000000000000 ) ) ;
#7 = EDGE_CURVE ( 'NONE', #6151, #11856, #1736, .T. ) ;
#8 = VECTOR ( 'NONE', #8663, 39.37007874015748143 ) ;
#9 = CARTESIAN_POINT ( 'NONE',  ( 0.07500000000000003886, 0.03750000000000000555, -0.08750000000000010547 ) ) ;
#10 = PLANE ( 'NONE',  #5355 ) ;
#11 = CARTESIAN_POINT ( 'NONE',  ( 0.09499999999999998723, 0.1419999999999999873, -0.03599999999999999034 ) ) ;
#12 = EDGE_CURVE ( 'NONE', #6524, #6762, #12711, .T. ) ;
#13 = DIRECTION ( 'NONE',  ( 1.000000000000000000, -6.097874985857736561E-17, 0.000000000000000000 ) ) ;
#14 = LINE ( 'NONE', #12035, #8080 ) ;
#15 = ADVANCED_FACE ( 'NONE', ( #9874 ), #822, .F. ) ;
#16 = EDGE_CURVE ( 'NONE', #12148, #8938, #882, .T. ) ;
#17 = DIRECTION ( 'NONE',  ( 1.000000000000000000, 0.000000000000000000, 0.000000000000000000 ) ) ;
#18 = ADVANCED_FACE ( 'NONE', ( #5689 ), #4838, .T. ) ;
#19 = VERTEX_POINT ( 'NONE', #10930 ) ;
#20 = VERTEX_POINT ( 'NONE', #12909 ) ;
#21 = DIRECTION ( 'NONE',  ( -0.000000000000000000, -1.000000000000000000, -0.000000000000000000 ) ) ;
#22 = ORIENTED_EDGE ( 'NONE', *, *, #1301, .F. ) ;
#23 = EDGE_CURVE ( 'NONE', #5463, #1340, #8679, .T. ) ;
#24 = DIRECTION ( 'NONE',  ( 1.000000000000000000, -6.097874985857736561E-17, 0.000000000000000000 ) ) ;
#25 = CARTESIAN_POINT ( 'NONE',  ( -0.03749999999999999861, 0.2150000000000000244, -0.1125000000000001138 ) ) ;
#26 = EDGE_CURVE ( 'NONE', #9893, #2791, #9744, .T. ) ;
#27 = CARTESIAN_POINT ( 'NONE',  ( -0.09499999999999998723, 0.04999999999999998196, -0.06400000000000007072 ) ) ;
#28 = EDGE_LOOP ( 'NONE', ( #12572, #3583, #5067, #2433 ) ) ;
#29 = CARTESIAN_POINT ( 'NONE',  ( 0.06250000000000001388, 0.2150000000000000244, 0.1124999999999998918 ) ) ;
#30 = DIRECTION ( 'NONE',  ( 0.000000000000000000, 0.000000000000000000, 1.000000000000000000 ) ) ;
#31 = EDGE_CURVE ( 'NONE', #11327, #11523, #6689, .T. ) ;
#32 = ORIENTED_EDGE ( 'NONE', *, *, #10767, .F. ) ;
#33 = CARTESIAN_POINT ( 'NONE',  ( -0.06999999999999999278, 0.04999999999999998196, -0.2300000000000002875 ) ) ;
#34 = DIRECTION ( 'NONE',  ( 0.000000000000000000, 1.000000000000000000, 0.000000000000000000 ) ) ;
#35 = ADVANCED_FACE ( 'NONE', ( #11792 ), #2745, .T. ) ;
#36 = CARTESIAN_POINT ( 'NONE',  ( 0.03749999999999999861, 0.1419999999999999873, -0.1125000000000001138 ) ) ;
#37 = EDGE_LOOP ( 'NONE', ( #3098, #6753, #10249, #3612 ) ) ;
#38 = PRESENTATION_STYLE_ASSIGNMENT (( #12863 ) ) ;
#39 = CARTESIAN_POINT ( 'NONE',  ( -0.09499999999999998723, 0.05799999999999997519, 0.2430053851276750276 ) ) ;
#40 = CARTESIAN_POINT ( 'NONE',  ( 0.000000000000000000, 0.04999999999999998196, 0.000000000000000000 ) ) ;
#41 = ORIENTED_EDGE ( 'NONE', *, *, #3079, .F. ) ;
#42 = CARTESIAN_POINT ( 'NONE',  ( -0.05988182395616164361, 0.3715713323165082960, -0.1901181760438384605 ) ) ;
#43 = LINE ( 'NONE', #1958, #10630 ) ;
#44 = DIRECTION ( 'NONE',  ( 1.000000000000000000, 0.000000000000000000, -0.000000000000000000 ) ) ;
#45 = PLANE ( 'NONE',  #7066 ) ;
#46 = VERTEX_POINT ( 'NONE', #3968 ) ;
#47 = DIRECTION ( 'NONE',  ( 0.000000000000000000, 0.000000000000000000, 1.000000000000000000 ) ) ;
#48 = DIRECTION ( 'NONE',  ( 0.3420201433256656598, 0.9396926207859095381, 0.000000000000000000 ) ) ;
#49 = CARTESIAN_POINT ( 'NONE',  ( -0.03749999999999980432, 0.05799999999999996825, 0.1874999999999999167 ) ) ;
#50 = CARTESIAN_POINT ( 'NONE',  ( 0.1449999999999999623, 0.01640227793071964008, -0.1875000000000001110 ) ) ;
#51 = ORIENTED_EDGE ( 'NONE', *, *, #10429, .T. ) ;
#52 = FACE_OUTER_BOUND ( 'NONE', #463, .T. ) ;
#53 = DIRECTION ( 'NONE',  ( -1.000000000000000000, 0.000000000000000000, 0.000000000000000000 ) ) ;
#54 = ORIENTED_EDGE ( 'NONE', *, *, #9195, .F. ) ;
#55 = AXIS2_PLACEMENT_3D ( 'NONE', #12133, #2238, #3209 ) ;
#56 = DIRECTION ( 'NONE',  ( -0.000000000000000000, 0.000000000000000000, 1.000000000000000000 ) ) ;
#57 = PRESENTATION_LAYER_ASSIGNMENT (  '', '', ( #4484 ) ) ;
#58 = DIRECTION ( 'NONE',  ( 0.000000000000000000, 0.000000000000000000, -1.000000000000000000 ) ) ;
#59 = CARTESIAN_POINT ( 'NONE',  ( 0.1605095817734711605, 0.01075725181925857310, 0.1982572518192584898 ) ) ;
#60 = ORIENTED_EDGE ( 'NONE', *, *, #12380, .T. ) ;
#61 = DIRECTION ( 'NONE',  ( 1.000000000000000000, 0.000000000000000000, 0.000000000000000000 ) ) ;
#62 = VECTOR ( 'NONE', #6247, 39.37007874015748854 ) ;
#63 = SURFACE_STYLE_FILL_AREA ( #6057 ) ;
#64 = ORIENTED_EDGE ( 'NONE', *, *, #12116, .T. ) ;
#65 = STYLED_ITEM ( 'NONE', ( #3113 ), #9798 ) ;
#66 = VERTEX_POINT ( 'NONE', #2074 ) ;
#67 = CARTESIAN_POINT ( 'NONE',  ( 0.07000000000000002054, 0.05799999999999997519, 0.1219999999999997892 ) ) ;
#68 = ORIENTED_EDGE ( 'NONE', *, *, #1058, .T. ) ;
#69 = FACE_OUTER_BOUND ( 'NONE', #5310, .T. ) ;
#70 = EDGE_CURVE ( 'NONE', #1485, #7837, #8141, .T. ) ;
#71 = LINE ( 'NONE', #8127, #6255 ) ;
#72 = STYLED_ITEM ( 'NONE', ( #1669 ), #6590 ) ;
#73 = CARTESIAN_POINT ( 'NONE',  ( 0.03749999999999999861, 0.2150000000000000244, 0.1874999999999999167 ) ) ;
#74 = FACE_OUTER_BOUND ( 'NONE', #5464, .T. ) ;
#75 = VECTOR ( 'NONE', #732, 39.37007874015748143 ) ;
#76 = LENGTH_MEASURE_WITH_UNIT ( LENGTH_MEASURE( 0.02539999999999999897 ), #5151 );
#77 = CARTESIAN_POINT ( 'NONE',  ( -0.09499999999999998723, 0.05799999999999997519, 0.1640000000000000069 ) ) ;
#78 = ORIENTED_EDGE ( 'NONE', *, *, #7590, .F. ) ;
#79 = EDGE_LOOP ( 'NONE', ( #10743, #6493, #6141, #189 ) ) ;
#80 = CARTESIAN_POINT ( 'NONE',  ( 0.03749999999999999861, 0.05799999999999996825, 0.1874999999999999167 ) ) ;
#81 = VECTOR ( 'NONE', #11371, 39.37007874015748143 ) ;
#82 = VECTOR ( 'NONE', #8497, 39.37007874015748143 ) ;
#84 = EDGE_CURVE ( 'NONE', #2885, #5248, #6007, .T. ) ;
#83 = ORIENTED_EDGE ( 'NONE', *, *, #2940, .T. ) ;
#85 = VECTOR ( 'NONE', #12995, 39.37007874015748854 ) ;
#86 = SURFACE_STYLE_USAGE ( .BOTH. , #6389 ) ;
#87 = LINE ( 'NONE', #10201, #1054 ) ;
#88 = DIRECTION ( 'NONE',  ( 0.000000000000000000, 1.000000000000000000, 0.000000000000000000 ) ) ;
#89 = EDGE_CURVE ( 'NONE', #7722, #11729, #2991, .T. ) ;
#90 = LINE ( 'NONE', #27, #11260 ) ;
#91 = ORIENTED_EDGE ( 'NONE', *, *, #4256, .F. ) ;
#92 = AXIS2_PLACEMENT_3D ( 'NONE', #8336, #12164, #9260 ) ;
#93 = UNCERTAINTY_MEASURE_WITH_UNIT (LENGTH_MEASURE( 1.000000000000000082E-05 ), #10347, 'distance_accuracy_value', 'NONE');
#94 = EDGE_LOOP ( 'NONE', ( #7399, #1590, #8303, #7026 ) ) ;
#95 = DIRECTION ( 'NONE',  ( 0.000000000000000000, 0.000000000000000000, 1.000000000000000000 ) ) ;
#96 = CARTESIAN_POINT ( 'NONE',  ( -0.09499999999999998723, 0.05799999999999997519, -0.2500000000000000555 ) ) ;
#97 = VECTOR ( 'NONE', #10632, 39.37007874015748143 ) ;
#98 = FACE_OUTER_BOUND ( 'NONE', #402, .T. ) ;
#99 = STYLED_ITEM ( 'NONE', ( #10892 ), #8836 ) ;
#100 = EDGE_CURVE ( 'NONE', #5155, #11240, #935, .T. ) ;
#101 = EDGE_CURVE ( 'NONE', #2791, #6524, #1935, .T. ) ;
#102 = EDGE_LOOP ( 'NONE', ( #5020, #1712, #12905, #11179 ) ) ;
#103 = FACE_OUTER_BOUND ( 'NONE', #9443, .T. ) ;
#104 = PLANE ( 'NONE',  #2331 ) ;
#105 = ORIENTED_EDGE ( 'NONE', *, *, #7523, .F. ) ;
#106 = LENGTH_MEASURE_WITH_UNIT ( LENGTH_MEASURE( 0.02539999999999999897 ), #12993 );
#107 = COLOUR_RGB ( '',1.000000000000000000, 0.8117647058823529438, 0.5019607843137254832 ) ;
#108 = EDGE_CURVE ( 'NONE', #1305, #10117, #8077, .T. ) ;
#109 = CARTESIAN_POINT ( 'NONE',  ( 0.000000000000000000, 0.3880000000000000115, 0.1000000000000000056 ) ) ;
#110 = DIRECTION ( 'NONE',  ( 0.000000000000000000, 0.000000000000000000, 1.000000000000000000 ) ) ;
#111 = CARTESIAN_POINT ( 'NONE',  ( -0.06250000000000001388, 0.3880000000000000115, 0.1124999999999998918 ) ) ;
#112 = DIRECTION ( 'NONE',  ( 1.000000000000000000, 0.000000000000000000, 0.000000000000000000 ) ) ;
#113 = EDGE_LOOP ( 'NONE', ( #3391, #10275, #3505, #6048 ) ) ;
#114 = CARTESIAN_POINT ( 'NONE',  ( 0.06250000000000001388, 0.3880000000000000115, -0.01250000000000010651 ) ) ;
#115 = CARTESIAN_POINT ( 'NONE',  ( 0.09499999999999998723, 0.05799999999999996825, -0.1640000000000000902 ) ) ;
#116 = VECTOR ( 'NONE', #10412, 39.37007874015748143 ) ;
#117 = EDGE_CURVE ( 'NONE', #2813, #7353, #4704, .T. ) ;
#118 = FACE_OUTER_BOUND ( 'NONE', #12563, .T. ) ;
#119 = ORIENTED_EDGE ( 'NONE', *, *, #1856, .T. ) ;
#120 = LINE ( 'NONE', #6039, #2046 ) ;
#121 = CARTESIAN_POINT ( 'NONE',  ( 0.06250000000000001388, 0.2150000000000000244, -0.08750000000000010547 ) ) ;
#122 = ORIENTED_EDGE ( 'NONE', *, *, #6122, .F. ) ;
#123 = DIRECTION ( 'NONE',  ( 1.000000000000000000, -6.097874985857736561E-17, 0.000000000000000000 ) ) ;
#124 = FACE_OUTER_BOUND ( 'NONE', #10945, .T. ) ;
#125 = FACE_BOUND ( 'NONE', #1453, .T. ) ;
#126 = ORIENTED_EDGE ( 'NONE', *, *, #6963, .T. ) ;
#127 = CARTESIAN_POINT ( 'NONE',  ( -0.06249999999999996531, 0.03750000000000001249, -0.01250000000000010651 ) ) ;
#128 = LINE ( 'NONE', #2319, #8626 ) ;
#129 = DIMENSIONAL_EXPONENTS ( 1.000000000000000000, 0.000000000000000000, 0.000000000000000000, 0.000000000000000000, 0.000000000000000000, 0.000000000000000000, 0.000000000000000000 ) ;
#130 =( NAMED_UNIT ( * ) SI_UNIT ( $, .STERADIAN. ) SOLID_ANGLE_UNIT ( ) );
#131 = VERTEX_POINT ( 'NONE', #10071 ) ;
#132 = VERTEX_POINT ( 'NONE', #2143 ) ;
#133 = CARTESIAN_POINT ( 'NONE',  ( 0.06250000000000001388, 0.3880000000000000115, -0.1125000000000001138 ) ) ;
#134 = DIRECTION ( 'NONE',  ( -0.000000000000000000, -0.000000000000000000, -1.000000000000000000 ) ) ;
#135 = ORIENTED_EDGE ( 'NONE', *, *, #1217, .T. ) ;
#136 = AXIS2_PLACEMENT_3D ( 'NONE', #8383, #11538, #4339 ) ;
#137 = DIRECTION ( 'NONE',  ( 0.000000000000000000, 0.000000000000000000, 1.000000000000000000 ) ) ;
#138 = FACE_OUTER_BOUND ( 'NONE', #7954, .T. ) ;
#139 = FACE_OUTER_BOUND ( 'NONE', #7688, .T. ) ;
#140 = SURFACE_SIDE_STYLE ('',( #8065 ) ) ;
#141 = PRESENTATION_STYLE_ASSIGNMENT (( #5214 ) ) ;
#142 = DIRECTION ( 'NONE',  ( 0.000000000000000000, 0.000000000000000000, 1.000000000000000000 ) ) ;
#143 = AXIS2_PLACEMENT_3D ( 'NONE', #1692, #7842, #5705 ) ;
#144 = EDGE_CURVE ( 'NONE', #4788, #3211, #5090, .T. ) ;
#145 = VERTEX_POINT ( 'NONE', #10985 ) ;
#146 = VERTEX_POINT ( 'NONE', #7145 ) ;
#147 = DIRECTION ( 'NONE',  ( 1.000000000000000000, 0.000000000000000000, 0.000000000000000000 ) ) ;
#148 = VECTOR ( 'NONE', #11944, 39.37007874015748143 ) ;
#149 = ORIENTED_EDGE ( 'NONE', *, *, #5257, .T. ) ;
#150 = CARTESIAN_POINT ( 'NONE',  ( -0.03749999999999999861, 0.2150000000000000244, -0.08750000000000010547 ) ) ;
#151 = CARTESIAN_POINT ( 'NONE',  ( -0.07500000000000003886, 0.03750000000000000555, 0.1999999999999999833 ) ) ;
#152 = CARTESIAN_POINT ( 'NONE',  ( 0.03749999999999999861, 0.1419999999999999873, -0.2125000000000001332 ) ) ;
#153 = EDGE_LOOP ( 'NONE', ( #7407, #6404, #12805, #7887 ) ) ;
#154 = CARTESIAN_POINT ( 'NONE',  ( 0.03749999999999999861, 0.2150000000000000244, 0.1874999999999999167 ) ) ;
#155 = ORIENTED_EDGE ( 'NONE', *, *, #6233, .T. ) ;
#156 = CARTESIAN_POINT ( 'NONE',  ( 0.09499999999999998723, 0.05799999999999997519, 0.2500000000000000555 ) ) ;
#157 =( NAMED_UNIT ( * ) PLANE_ANGLE_UNIT ( ) SI_UNIT ( $, .RADIAN. ) );
#158 = AXIS2_PLACEMENT_3D ( 'NONE', #10285, #11199, #425 ) ;
#159 = CARTESIAN_POINT ( 'NONE',  ( 0.06250000000000001388, 0.05799999999999996825, 0.1874999999999999167 ) ) ;
#160 = ADVANCED_FACE ( 'NONE', ( #217 ), #10202, .F. ) ;
#161 = CARTESIAN_POINT ( 'NONE',  ( 0.06250000000000001388, 0.3643779527559052878, 0.1874999999999999167 ) ) ;
#162 =( GEOMETRIC_REPRESENTATION_CONTEXT ( 3 ) GLOBAL_UNCERTAINTY_ASSIGNED_CONTEXT ( ( #3763 ) ) GLOBAL_UNIT_ASSIGNED_CONTEXT ( ( #1399, #9339, #10467 ) ) REPRESENTATION_CONTEXT ( 'NONE', 'WORKASPACE' ) );
#163 = EDGE_CURVE ( 'NONE', #1938, #5645, #8216, .T. ) ;
#164 = ORIENTED_EDGE ( 'NONE', *, *, #5064, .F. ) ;
#165 = LINE ( 'NONE', #4180, #572 ) ;
#166 = DIRECTION ( 'NONE',  ( 0.9396926207859094271, -0.3420201433256662704, 0.000000000000000000 ) ) ;
#167 = ORIENTED_EDGE ( 'NONE', *, *, #1358, .T. ) ;
#168 = COLOUR_RGB ( '',1.000000000000000000, 0.8117647058823529438, 0.5019607843137254832 ) ;
#169 = CARTESIAN_POINT ( 'NONE',  ( 0.09499999999999998723, 0.04999999999999998196, 0.03599999999999993483 ) ) ;
#170 = DIRECTION ( 'NONE',  ( 1.000000000000000000, 0.000000000000000000, 7.854062981784756704E-15 ) ) ;
#171 = ORIENTED_EDGE ( 'NONE', *, *, #1368, .T. ) ;
#172 = LINE ( 'NONE', #12399, #9162 ) ;
#173 = EDGE_CURVE ( 'NONE', #11845, #12008, #6215, .T. ) ;
#174 = CIRCLE ( 'NONE', #12625, 0.007999999999999989758 ) ;
#175 = VERTEX_POINT ( 'NONE', #4093 ) ;
#176 =( LENGTH_UNIT ( ) NAMED_UNIT ( * ) SI_UNIT ( $, .METRE. ) );
#177 = DIRECTION ( 'NONE',  ( 0.000000000000000000, -1.000000000000000000, 0.000000000000000000 ) ) ;
#178 = VECTOR ( 'NONE', #12447, 39.37007874015748143 ) ;
#179 = FACE_BOUND ( 'NONE', #113, .T. ) ;
#180 = ADVANCED_FACE ( 'NONE', ( #12178 ), #11246, .F. ) ;
#181 = AXIS2_PLACEMENT_3D ( 'NONE', #6748, #2854, #808 ) ;
#182 = ADVANCED_FACE ( 'NONE', ( #5660 ), #9583, .T. ) ;
#183 = ADVANCED_FACE ( 'NONE', ( #12744 ), #10700, .T. ) ;
#184 = VECTOR ( 'NONE', #8257, 39.37007874015748143 ) ;
#185 = CARTESIAN_POINT ( 'NONE',  ( -0.06250000000000005551, 0.03750000000000001249, 0.01249999999999990008 ) ) ;
#186 = ORIENTED_EDGE ( 'NONE', *, *, #4192, .T. ) ;
#187 = VECTOR ( 'NONE', #8528, 39.37007874015748143 ) ;
#188 = CARTESIAN_POINT ( 'NONE',  ( -0.07000000000000017319, 0.05799999999999997519, 0.000000000000000000 ) ) ;
#189 = ORIENTED_EDGE ( 'NONE', *, *, #7024, .T. ) ;
#190 = CIRCLE ( 'NONE', #7571, 0.007999999999999989758 ) ;
#191 = CARTESIAN_POINT ( 'NONE',  ( 0.06250000000000001388, 0.2150000000000000244, 0.2124999999999999112 ) ) ;
#192 = ADVANCED_FACE ( 'NONE', ( #5468 ), #8652, .F. ) ;
#193 = FACE_OUTER_BOUND ( 'NONE', #3118, .T. ) ;
#194 = DIRECTION ( 'NONE',  ( 1.000000000000000000, -0.000000000000000000, -0.000000000000000000 ) ) ;
#195 = ORIENTED_EDGE ( 'NONE', *, *, #70, .T. ) ;
#196 = FACE_OUTER_BOUND ( 'NONE', #12317, .T. ) ;
#197 = ADVANCED_FACE ( 'NONE', ( #8590 ), #6276, .F. ) ;
#198 = PRESENTATION_LAYER_ASSIGNMENT (  '', '', ( #5458 ) ) ;
#199 = FILL_AREA_STYLE_COLOUR ( '', #3003 ) ;
#200 = ORIENTED_EDGE ( 'NONE', *, *, #6424, .T. ) ;
#201 = EDGE_LOOP ( 'NONE', ( #11606, #10988, #5204, #6345 ) ) ;
#202 = LINE ( 'NONE', #4217, #4508 ) ;
#203 = VECTOR ( 'NONE', #7361, 39.37007874015748143 ) ;
#204 = PLANE ( 'NONE',  #11588 ) ;
#205 = DIRECTION ( 'NONE',  ( -0.000000000000000000, 1.000000000000000000, -0.000000000000000000 ) ) ;
#206 = CARTESIAN_POINT ( 'NONE',  ( -0.03749999999999999861, 0.3643779527559052878, 0.2124999999999999112 ) ) ;
#207 = DIRECTION ( 'NONE',  ( 5.850480457187554951E-16, 1.000000000000000000, 0.000000000000000000 ) ) ;
#208 = LINE ( 'NONE', #12300, #9262 ) ;
#209 = VECTOR ( 'NONE', #11313, 39.37007874015748143 ) ;
#210 =( GEOMETRIC_REPRESENTATION_CONTEXT ( 3 ) GLOBAL_UNCERTAINTY_ASSIGNED_CONTEXT ( ( #11190 ) ) GLOBAL_UNIT_ASSIGNED_CONTEXT ( ( #10086, #3982, #7904 ) ) REPRESENTATION_CONTEXT ( 'NONE', 'WORKASPACE' ) );
#211 = DIRECTION ( 'NONE',  ( 3.045457963692998845E-16, -1.000000000000000000, -0.000000000000000000 ) ) ;
#212 = ORIENTED_EDGE ( 'NONE', *, *, #10972, .F. ) ;
#213 = ORIENTED_EDGE ( 'NONE', *, *, #12587, .T. ) ;
#214 = CARTESIAN_POINT ( 'NONE',  ( 0.07500000000000003886, 0.03750000000000000555, -0.2125000000000001332 ) ) ;
#215 = ORIENTED_EDGE ( 'NONE', *, *, #11704, .T. ) ;
#216 = VECTOR ( 'NONE', #8140, 39.37007874015748854 ) ;
#217 = FACE_OUTER_BOUND ( 'NONE', #9244, .T. ) ;
#218 = DIMENSIONAL_EXPONENTS ( 1.000000000000000000, 0.000000000000000000, 0.000000000000000000, 0.000000000000000000, 0.000000000000000000, 0.000000000000000000, 0.000000000000000000 ) ;
#219 = DIRECTION ( 'NONE',  ( -0.8891264907159903697, 0.3236155771181813967, -0.3236155771181821184 ) ) ;
#220 = VERTEX_POINT ( 'NONE', #10635 ) ;
#221 = UNCERTAINTY_MEASURE_WITH_UNIT (LENGTH_MEASURE( 1.000000000000000082E-05 ), #2035, 'distance_accuracy_value', 'NONE');
#222 = VERTEX_POINT ( 'NONE', #10335 ) ;
#223 = DIRECTION ( 'NONE',  ( -0.000000000000000000, 0.000000000000000000, -1.000000000000000000 ) ) ;
#224 = CARTESIAN_POINT ( 'NONE',  ( 0.06250000000000005551, 0.03750000000000001249, 0.2124999999999999112 ) ) ;
#225 = FILL_AREA_STYLE_COLOUR ( '', #8604 ) ;
#226 = CARTESIAN_POINT ( 'NONE',  ( 0.06250000000000001388, 0.3643779527559052878, -0.1875000000000001110 ) ) ;
#227 = ORIENTED_EDGE ( 'NONE', *, *, #12946, .T. ) ;
#228 = SURFACE_SIDE_STYLE ('',( #12124 ) ) ;
#229 = CARTESIAN_POINT ( 'NONE',  ( -0.06249999999999980571, 0.05799999999999996825, -0.08750000000000010547 ) ) ;
#230 = LINE ( 'NONE', #4242, #4426 ) ;
#231 = ORIENTED_EDGE ( 'NONE', *, *, #1111, .F. ) ;
#232 = DIRECTION ( 'NONE',  ( -1.000000000000000000, 0.000000000000000000, -0.000000000000000000 ) ) ;
#233 = LINE ( 'NONE', #12329, #7745 ) ;
#234 = ORIENTED_EDGE ( 'NONE', *, *, #5079, .T. ) ;
#235 = CARTESIAN_POINT ( 'NONE',  ( -0.07500000000000003886, 0.03750000000000000555, -0.1125000000000001138 ) ) ;
#236 = PLANE ( 'NONE',  #6154 ) ;
#237 = EDGE_CURVE ( 'NONE', #9403, #8248, #3254, .T. ) ;
#238 = LINE ( 'NONE', #4249, #9641 ) ;
#239 = ORIENTED_EDGE ( 'NONE', *, *, #2839, .T. ) ;
#240 = FILL_AREA_STYLE_COLOUR ( '', #9401 ) ;
#241 = SURFACE_STYLE_FILL_AREA ( #7239 ) ;
#242 = SURFACE_STYLE_FILL_AREA ( #5379 ) ;
#243 =( NAMED_UNIT ( * ) PLANE_ANGLE_UNIT ( ) SI_UNIT ( $, .RADIAN. ) );
#244 = ORIENTED_EDGE ( 'NONE', *, *, #7625, .F. ) ;
#245 = CARTESIAN_POINT ( 'NONE',  ( 0.1213779527559052523, 0.02500000000000000486, 0.08749999999999988343 ) ) ;
#246 = ORIENTED_EDGE ( 'NONE', *, *, #11635, .T. ) ;
#247 = EDGE_CURVE ( 'NONE', #6569, #9782, #1442, .T. ) ;
#248 = CARTESIAN_POINT ( 'NONE',  ( 0.000000000000000000, 0.2150000000000000244, 0.2999999999999999889 ) ) ;
#249 = DIRECTION ( 'NONE',  ( 0.000000000000000000, 0.000000000000000000, 1.000000000000000000 ) ) ;
#250 = EDGE_CURVE ( 'NONE', #9782, #12103, #3679, .T. ) ;
#251 = LINE ( 'NONE', #4267, #8348 ) ;
#252 = EDGE_LOOP ( 'NONE', ( #931, #10292, #9292, #11895 ) ) ;
#253 = DIRECTION ( 'NONE',  ( -1.000000000000000000, 6.097874985857737794E-17, 0.000000000000000000 ) ) ;
#254 = UNCERTAINTY_MEASURE_WITH_UNIT (LENGTH_MEASURE( 1.000000000000000082E-05 ), #8388, 'distance_accuracy_value', 'NONE');
#255 = DIRECTION ( 'NONE',  ( -0.3420201433256656598, 0.9396926207859095381, 0.000000000000000000 ) ) ;
#256 = EDGE_CURVE ( 'NONE', #4867, #12886, #3089, .T. ) ;
#257 = ORIENTED_EDGE ( 'NONE', *, *, #2588, .F. ) ;
#258 = VERTEX_POINT ( 'NONE', #2714 ) ;
#259 = AXIS2_PLACEMENT_3D ( 'NONE', #5988, #11893, #3102 ) ;
#260 = CARTESIAN_POINT ( 'NONE',  ( 0.03749999999999999861, 0.3880000000000000115, 0.08749999999999988343 ) ) ;
#261 = EDGE_CURVE ( 'NONE', #3429, #6419, #655, .T. ) ;
#262 = DIRECTION ( 'NONE',  ( -1.000000000000000000, 0.000000000000000000, 0.000000000000000000 ) ) ;
#263 = PLANE ( 'NONE',  #4768 ) ;
#264 = CARTESIAN_POINT ( 'NONE',  ( -0.06999999999999999278, 0.04999999999999998196, -0.03000000000000025910 ) ) ;
#265 = ADVANCED_FACE ( 'NONE', ( #4745 ), #2577, .T. ) ;
#266 = FILL_AREA_STYLE ('',( #9324 ) ) ;
#267 = VECTOR ( 'NONE', #939, 39.37007874015748143 ) ;
#268 = MECHANICAL_DESIGN_GEOMETRIC_PRESENTATION_REPRESENTATION (  '', ( #7446 ), #2184 ) ;
#269 = CLOSED_SHELL ( 'NONE', ( #12933, #6467, #2618, #1789, #8941, #6796, #11034, #11942, #4597, #8515 ) ) ;
#270 = DIMENSIONAL_EXPONENTS ( 1.000000000000000000, 0.000000000000000000, 0.000000000000000000, 0.000000000000000000, 0.000000000000000000, 0.000000000000000000, 0.000000000000000000 ) ;
#271 = VECTOR ( 'NONE', #520, 39.37007874015748143 ) ;
#272 = EDGE_CURVE ( 'NONE', #12505, #9675, #10769, .T. ) ;
#273 = ORIENTED_EDGE ( 'NONE', *, *, #6043, .F. ) ;
#274 = VERTEX_POINT ( 'NONE', #1641 ) ;
#275 = CARTESIAN_POINT ( 'NONE',  ( -0.1449999999999999623, 0.02500000000000000139, -0.1039022779307197386 ) ) ;
#276 = EDGE_LOOP ( 'NONE', ( #9595, #6161, #5106, #8160 ) ) ;
#277 = CIRCLE ( 'NONE', #8931, 0.007999999999999989758 ) ;
#278 = CARTESIAN_POINT ( 'NONE',  ( -0.06249999999999980571, 0.1419999999999999873, -0.08750000000000010547 ) ) ;
#279 = LINE ( 'NONE', #2144, #12956 ) ;
#280 = ORIENTED_EDGE ( 'NONE', *, *, #8811, .F. ) ;
#281 = LINE ( 'NONE', #8413, #1230 ) ;
#282 = ORIENTED_EDGE ( 'NONE', *, *, #13023, .F. ) ;
#283 = LINE ( 'NONE', #156, #12441 ) ;
#284 = DIRECTION ( 'NONE',  ( 0.000000000000000000, 0.000000000000000000, 1.000000000000000000 ) ) ;
#285 = FILL_AREA_STYLE_COLOUR ( '', #2707 ) ;
#286 = DIRECTION ( 'NONE',  ( -0.9396926207859094271, -0.3420201433256662704, 0.000000000000000000 ) ) ;
#287 = PRESENTATION_LAYER_ASSIGNMENT (  '', '', ( #5131 ) ) ;
#288 = ORIENTED_EDGE ( 'NONE', *, *, #8484, .F. ) ;
#289 = CARTESIAN_POINT ( 'NONE',  ( 0.000000000000000000, 0.3880000000000000115, 0.003902277930719528359 ) ) ;
#291 = CARTESIAN_POINT ( 'NONE',  ( -0.1449999999999999623, 0.01640227793071964008, 0.2999999999999999889 ) ) ;
#290 = VECTOR ( 'NONE', #6605, 39.37007874015748143 ) ;
#292 = CARTESIAN_POINT ( 'NONE',  ( -0.07999999999999979350, 0.05799999999999997519, -0.2500000000000000555 ) ) ;
#293 = ORIENTED_EDGE ( 'NONE', *, *, #1796, .T. ) ;
#294 = LINE ( 'NONE', #11264, #3677 ) ;
#295 = DIRECTION ( 'NONE',  ( -0.000000000000000000, -1.000000000000000000, -0.000000000000000000 ) ) ;
#296 = ORIENTED_EDGE ( 'NONE', *, *, #4538, .F. ) ;
#297 = DIRECTION ( 'NONE',  ( 1.000000000000000000, 1.138269997360106963E-16, 0.000000000000000000 ) ) ;
#298 = CIRCLE ( 'NONE', #7686, 0.007999999999999989758 ) ;
#299 = SURFACE_STYLE_USAGE ( .BOTH. , #5309 ) ;
#300 = VERTEX_POINT ( 'NONE', #8524 ) ;
#301 = PRESENTATION_STYLE_ASSIGNMENT (( #9497 ) ) ;
#302 = MECHANICAL_DESIGN_GEOMETRIC_PRESENTATION_REPRESENTATION (  '', ( #4728 ), #12341 ) ;
#303 = DIMENSIONAL_EXPONENTS ( 1.000000000000000000, 0.000000000000000000, 0.000000000000000000, 0.000000000000000000, 0.000000000000000000, 0.000000000000000000, 0.000000000000000000 ) ;
#304 = LINE ( 'NONE', #3353, #366 ) ;
#305 = DIRECTION ( 'NONE',  ( 0.000000000000000000, 0.000000000000000000, -1.000000000000000000 ) ) ;
#306 = EDGE_CURVE ( 'NONE', #6496, #10389, #2647, .T. ) ;
#307 = LINE ( 'NONE', #369, #3016 ) ;
#308 = AXIS2_PLACEMENT_3D ( 'NONE', #7035, #177, #1028 ) ;
#309 = ORIENTED_EDGE ( 'NONE', *, *, #7204, .T. ) ;
#310 = CARTESIAN_POINT ( 'NONE',  ( -0.1449999999999999623, 0.008597722069280350904, 0.2999999999999999889 ) ) ;
#311 = CARTESIAN_POINT ( 'NONE',  ( -0.03749999999999999861, 0.1419999999999999873, 0.2124999999999999112 ) ) ;
#312 = ORIENTED_EDGE ( 'NONE', *, *, #3335, .T. ) ;
#313 = DIRECTION ( 'NONE',  ( -1.000000000000000000, 0.000000000000000000, 0.000000000000000000 ) ) ;
#314 = AXIS2_PLACEMENT_3D ( 'NONE', #11610, #1824, #12667 ) ;
#315 = FACE_BOUND ( 'NONE', #11851, .T. ) ;
#316 = ORIENTED_EDGE ( 'NONE', *, *, #9946, .F. ) ;
#317 = CARTESIAN_POINT ( 'NONE',  ( -0.1213779527559052385, 0.02500000000000000486, -0.1875000000000001110 ) ) ;
#318 = EDGE_CURVE ( 'NONE', #1357, #3063, #3496, .T. ) ;
#319 = AXIS2_PLACEMENT_3D ( 'NONE', #13058, #9158, #2096 ) ;
#320 = EDGE_CURVE ( 'NONE', #8961, #10027, #11553, .T. ) ;
#321 =( CONVERSION_BASED_UNIT ( 'INCH', #12225 ) LENGTH_UNIT ( ) NAMED_UNIT ( #4346 ) );
#322 = ORIENTED_EDGE ( 'NONE', *, *, #6534, .T. ) ;
#323 = VERTEX_POINT ( 'NONE', #5531 ) ;
#324 = SURFACE_STYLE_FILL_AREA ( #9386 ) ;
#325 = SURFACE_STYLE_FILL_AREA ( #1256 ) ;
#326 = CARTESIAN_POINT ( 'NONE',  ( 0.03749999999999999861, 0.3643779527559052878, 0.1124999999999998918 ) ) ;
#327 = DIMENSIONAL_EXPONENTS ( 1.000000000000000000, 0.000000000000000000, 0.000000000000000000, 0.000000000000000000, 0.000000000000000000, 0.000000000000000000, 0.000000000000000000 ) ;
#328 = CARTESIAN_POINT ( 'NONE',  ( -0.07500000000000002498, 0.000000000000000000, -0.08750000000000010547 ) ) ;
#329 = CARTESIAN_POINT ( 'NONE',  ( 0.07000000000000000666, 0.1726274169979694906, -0.1300000000000002820 ) ) ;
#330 = ADVANCED_FACE ( 'NONE', ( #10109 ), #4926, .T. ) ;
#332 = VERTEX_POINT ( 'NONE', #2039 ) ;
#331 = EDGE_CURVE ( 'NONE', #9138, #2137, #7800, .T. ) ;
#333 = ORIENTED_EDGE ( 'NONE', *, *, #108, .F. ) ;
#334 = DIRECTION ( 'NONE',  ( 0.8891264907159903697, 0.3236155771181813967, -0.3236155771181821184 ) ) ;
#335 = CIRCLE ( 'NONE', #6017, 0.01250000000000008049 ) ;
#336 = ORIENTED_EDGE ( 'NONE', *, *, #2115, .F. ) ;
#337 = FACE_OUTER_BOUND ( 'NONE', #2546, .T. ) ;
#338 = DIRECTION ( 'NONE',  ( 0.000000000000000000, 0.000000000000000000, 1.000000000000000000 ) ) ;
#340 = ORIENTED_EDGE ( 'NONE', *, *, #4466, .T. ) ;
#339 = EDGE_CURVE ( 'NONE', #6412, #2596, #11081, .T. ) ;
#341 = CARTESIAN_POINT ( 'NONE',  ( 0.000000000000000000, 0.2150000000000000244, 0.4000000000000000222 ) ) ;
#342 = UNCERTAINTY_MEASURE_WITH_UNIT (LENGTH_MEASURE( 1.000000000000000082E-05 ), #2158, 'distance_accuracy_value', 'NONE');
#343 = VERTEX_POINT ( 'NONE', #6926 ) ;
#344 = FILL_AREA_STYLE_COLOUR ( '', #9887 ) ;
#345 = CARTESIAN_POINT ( 'NONE',  ( -0.04609772206928037380, 0.3880000000000000115, 0.1960977220692802780 ) ) ;
#346 = ADVANCED_FACE ( 'NONE', ( #5917 ), #12888, .T. ) ;
#347 = PLANE ( 'NONE',  #12612 ) ;
#348 = CARTESIAN_POINT ( 'NONE',  ( 0.07000000000000017319, 0.05799999999999997519, -0.04700000000000009032 ) ) ;
#349 = VECTOR ( 'NONE', #4055, 39.37007874015748854 ) ;
#350 = ORIENTED_EDGE ( 'NONE', *, *, #7037, .T. ) ;
#351 = VERTEX_POINT ( 'NONE', #10041 ) ;
#352 = LENGTH_MEASURE_WITH_UNIT ( LENGTH_MEASURE( 0.02539999999999999897 ), #7629 );
#353 = CARTESIAN_POINT ( 'NONE',  ( -0.03749999999999980432, 0.1419999999999999873, -0.1125000000000001138 ) ) ;
#354 = PLANE ( 'NONE',  #7389 ) ;
#355 = EDGE_LOOP ( 'NONE', ( #9008, #3336, #6621, #9180 ) ) ;
#356 = DIRECTION ( 'NONE',  ( -0.000000000000000000, 1.000000000000000000, -0.000000000000000000 ) ) ;
#357 = CARTESIAN_POINT ( 'NONE',  ( -0.1213779527559052385, 0.02500000000000000486, 0.2124999999999999112 ) ) ;
#358 = EDGE_LOOP ( 'NONE', ( #6515, #5396 ) ) ;
#359 = DIRECTION ( 'NONE',  ( 2.435670465107224942E-16, -1.000000000000000000, 0.000000000000000000 ) ) ;
#360 = DIRECTION ( 'NONE',  ( 0.000000000000000000, -1.000000000000000000, 0.000000000000000000 ) ) ;
#361 = AXIS2_PLACEMENT_3D ( 'NONE', #10001, #4955, #11979 ) ;
#362 = DIRECTION ( 'NONE',  ( 0.9153150324227631307, -0.000000000000000000, 0.4027386142660223656 ) ) ;
#363 = ORIENTED_EDGE ( 'NONE', *, *, #12689, .T. ) ;
#364 = PLANE ( 'NONE',  #3977 ) ;
#365 = CARTESIAN_POINT ( 'NONE',  ( -0.07500000000000005274, 0.02500000000000001180, -0.08750000000000010547 ) ) ;
#366 = VECTOR ( 'NONE', #5509, 39.37007874015748143 ) ;
#367 =( NAMED_UNIT ( * ) PLANE_ANGLE_UNIT ( ) SI_UNIT ( $, .RADIAN. ) );
#368 = VECTOR ( 'NONE', #7049, 39.37007874015748143 ) ;
#369 = CARTESIAN_POINT ( 'NONE',  ( -0.1449999999999999623, 0.01640227793071964008, -0.1875000000000001110 ) ) ;
#370 = ORIENTED_EDGE ( 'NONE', *, *, #3179, .T. ) ;
#371 =( CONVERSION_BASED_UNIT ( 'INCH', #3287 ) LENGTH_UNIT ( ) NAMED_UNIT ( #11186 ) );
#372 = FACE_OUTER_BOUND ( 'NONE', #1687, .T. ) ;
#373 = VERTEX_POINT ( 'NONE', #4992 ) ;
#374 = DIRECTION ( 'NONE',  ( 0.000000000000000000, -0.3420201433256662704, 0.9396926207859094271 ) ) ;
#375 = LINE ( 'NONE', #4600, #8158 ) ;
#376 = VECTOR ( 'NONE', #5733, 39.37007874015748143 ) ;
#377 = DIRECTION ( 'NONE',  ( 0.000000000000000000, -0.000000000000000000, -1.000000000000000000 ) ) ;
#378 = ORIENTED_EDGE ( 'NONE', *, *, #11870, .F. ) ;
#379 = DIRECTION ( 'NONE',  ( -0.000000000000000000, 1.000000000000000000, -0.000000000000000000 ) ) ;
#380 = DIRECTION ( 'NONE',  ( 1.000000000000000000, 0.000000000000000000, 0.000000000000000000 ) ) ;
#381 = ADVANCED_FACE ( 'NONE', ( #9973 ), #7927, .T. ) ;
#382 = VECTOR ( 'NONE', #5536, 39.37007874015748143 ) ;
#383 = AXIS2_PLACEMENT_3D ( 'NONE', #2979, #6133, #10184 ) ;
#384 = DIMENSIONAL_EXPONENTS ( 1.000000000000000000, 0.000000000000000000, 0.000000000000000000, 0.000000000000000000, 0.000000000000000000, 0.000000000000000000, 0.000000000000000000 ) ;
#385 = DIRECTION ( 'NONE',  ( 1.000000000000000000, 0.000000000000000000, 0.000000000000000000 ) ) ;
#386 = STYLED_ITEM ( 'NONE', ( #611 ), #2349 ) ;
#387 = ORIENTED_EDGE ( 'NONE', *, *, #724, .F. ) ;
#388 = EDGE_LOOP ( 'NONE', ( #4770, #10855, #9765, #10461 ) ) ;
#389 = CARTESIAN_POINT ( 'NONE',  ( 0.07000000000000002054, 0.04999999999999998196, -0.07000000000000022871 ) ) ;
#390 = DIRECTION ( 'NONE',  ( -0.000000000000000000, 0.000000000000000000, -1.000000000000000000 ) ) ;
#391 = LINE ( 'NONE', #9518, #3332 ) ;
#392 = LENGTH_MEASURE_WITH_UNIT ( LENGTH_MEASURE( 0.02539999999999999897 ), #10444 );
#393 = VECTOR ( 'NONE', #4175, 39.37007874015748143 ) ;
#394 = FACE_OUTER_BOUND ( 'NONE', #8948, .T. ) ;
#395 = CARTESIAN_POINT ( 'NONE',  ( -0.03749999999999999861, 0.2150000000000000244, 0.01249999999999990008 ) ) ;
#396 = DIRECTION ( 'NONE',  ( 1.000000000000000000, 0.000000000000000000, 0.000000000000000000 ) ) ;
#397 = EDGE_CURVE ( 'NONE', #6754, #10877, #10829, .T. ) ;
#398 = COLOUR_RGB ( '',1.000000000000000000, 0.8117647058823529438, 0.5019607843137254832 ) ;
#399 = CYLINDRICAL_SURFACE ( 'NONE', #593, 0.007999999999999989758 ) ;
#400 =( GEOMETRIC_REPRESENTATION_CONTEXT ( 3 ) GLOBAL_UNCERTAINTY_ASSIGNED_CONTEXT ( ( #2980 ) ) GLOBAL_UNIT_ASSIGNED_CONTEXT ( ( #9283, #1211, #6020 ) ) REPRESENTATION_CONTEXT ( 'NONE', 'WORKASPACE' ) );
#401 = VERTEX_POINT ( 'NONE', #1040 ) ;
#402 = EDGE_LOOP ( 'NONE', ( #1227, #6315, #13018, #105 ) ) ;
#403 = LINE ( 'NONE', #3382, #2823 ) ;
#404 = EDGE_CURVE ( 'NONE', #5098, #7129, #11947, .T. ) ;
#405 = ORIENTED_EDGE ( 'NONE', *, *, #4448, .F. ) ;
#406 = MECHANICAL_DESIGN_GEOMETRIC_PRESENTATION_REPRESENTATION (  '', ( #1456 ), #4833 ) ;
#407 = DIRECTION ( 'NONE',  ( 0.000000000000000000, 0.000000000000000000, -1.000000000000000000 ) ) ;
#408 = EDGE_CURVE ( 'NONE', #1071, #2001, #12811, .T. ) ;
#409 = COLOUR_RGB ( '',1.000000000000000000, 0.8117647058823529438, 0.5019607843137254832 ) ;
#410 = LINE ( 'NONE', #2216, #2411 ) ;
#411 = ORIENTED_EDGE ( 'NONE', *, *, #10885, .F. ) ;
#412 = LINE ( 'NONE', #8478, #5011 ) ;
#413 = ADVANCED_FACE ( 'NONE', ( #11884 ), #2832, .T. ) ;
#414 = ORIENTED_EDGE ( 'NONE', *, *, #11629, .F. ) ;
#415 = CARTESIAN_POINT ( 'NONE',  ( -0.07500000000000003886, 0.03750000000000000555, -0.1875000000000001110 ) ) ;
#416 = CARTESIAN_POINT ( 'NONE',  ( -0.03749999999999980432, 0.1419999999999999873, -0.2125000000000001332 ) ) ;
#417 = EDGE_CURVE ( 'NONE', #4145, #5762, #9910, .T. ) ;
#418 = DIMENSIONAL_EXPONENTS ( 1.000000000000000000, 0.000000000000000000, 0.000000000000000000, 0.000000000000000000, 0.000000000000000000, 0.000000000000000000, 0.000000000000000000 ) ;
#419 = CARTESIAN_POINT ( 'NONE',  ( 0.000000000000000000, 0.3880000000000000115, -0.2039022779307197442 ) ) ;
#420 = ORIENTED_EDGE ( 'NONE', *, *, #1688, .T. ) ;
#421 = EDGE_CURVE ( 'NONE', #10777, #11400, #4060, .T. ) ;
#422 = ADVANCED_FACE ( 'NONE', ( #1295 ), #6254, .F. ) ;
#423 = ORIENTED_EDGE ( 'NONE', *, *, #2774, .T. ) ;
#424 = CARTESIAN_POINT ( 'NONE',  ( 0.03749999999999999861, 0.1419999999999999873, -0.1125000000000001138 ) ) ;
#425 = DIRECTION ( 'NONE',  ( -1.000000000000000000, -6.097874985857737794E-17, 0.000000000000000000 ) ) ;
#426 = EDGE_CURVE ( 'NONE', #10528, #3575, #5401, .T. ) ;
#427 = DIRECTION ( 'NONE',  ( 0.000000000000000000, 0.000000000000000000, -1.000000000000000000 ) ) ;
#428 = ORIENTED_EDGE ( 'NONE', *, *, #9235, .F. ) ;
#429 = CARTESIAN_POINT ( 'NONE',  ( 0.07000000000000000666, 0.1499999999999999944, -0.03800000000000023498 ) ) ;
#430 = CARTESIAN_POINT ( 'NONE',  ( 0.1449999999999999623, 0.01640227793071964008, -0.2039022779307197442 ) ) ;
#431 = ORIENTED_EDGE ( 'NONE', *, *, #11407, .F. ) ;
#432 =( CONVERSION_BASED_UNIT ( 'INCH', #9493 ) LENGTH_UNIT ( ) NAMED_UNIT ( #327 ) );
#433 = FACE_OUTER_BOUND ( 'NONE', #10133, .T. ) ;
#434 = VECTOR ( 'NONE', #1735, 39.37007874015748143 ) ;
#435 = CARTESIAN_POINT ( 'NONE',  ( -0.04609772206928037380, 0.3880000000000000115, 0.4000000000000000222 ) ) ;
#436 = ORIENTED_EDGE ( 'NONE', *, *, #117, .T. ) ;
#437 =( CONVERSION_BASED_UNIT ( 'INCH', #1611 ) LENGTH_UNIT ( ) NAMED_UNIT ( #4435 ) );
#438 = ADVANCED_FACE ( 'NONE', ( #193 ), #3096, .T. ) ;
#439 = DIRECTION ( 'NONE',  ( -1.000000000000000000, 0.000000000000000000, -0.000000000000000000 ) ) ;
#440 = EDGE_CURVE ( 'NONE', #9222, #10196, #12393, .T. ) ;
#441 = CARTESIAN_POINT ( 'NONE',  ( -0.07000000000000017319, 0.1419999999999999873, 0.1470000000000000195 ) ) ;
#442 =( NAMED_UNIT ( * ) SI_UNIT ( $, .STERADIAN. ) SOLID_ANGLE_UNIT ( ) );
#443 = VERTEX_POINT ( 'NONE', #2253 ) ;
#444 = LINE ( 'NONE', #7245, #11950 ) ;
#445 = DIRECTION ( 'NONE',  ( 0.000000000000000000, -0.000000000000000000, 1.000000000000000000 ) ) ;
#446 = ORIENTED_EDGE ( 'NONE', *, *, #9130, .F. ) ;
#447 = FILL_AREA_STYLE_COLOUR ( '', #11352 ) ;
#448 =( CONVERSION_BASED_UNIT ( 'INCH', #7647 ) LENGTH_UNIT ( ) NAMED_UNIT ( #3352 ) );
#449 = CARTESIAN_POINT ( 'NONE',  ( -0.06250000000000001388, 0.2150000000000000244, -0.1125000000000001138 ) ) ;
#450 = VERTEX_POINT ( 'NONE', #7391 ) ;
#451 = LINE ( 'NONE', #2504, #10869 ) ;
#452 = PLANE ( 'NONE',  #1746 ) ;
#453 = DIRECTION ( 'NONE',  ( 0.000000000000000000, 0.000000000000000000, 1.000000000000000000 ) ) ;
#454 = SURFACE_STYLE_FILL_AREA ( #2641 ) ;
#455 = EDGE_LOOP ( 'NONE', ( #6652, #8344, #2033, #12713 ) ) ;
#456 = VERTEX_POINT ( 'NONE', #5271 ) ;
#457 = PLANE ( 'NONE',  #5140 ) ;
#458 = DIRECTION ( 'NONE',  ( -0.000000000000000000, 1.000000000000000000, -0.000000000000000000 ) ) ;
#459 = CARTESIAN_POINT ( 'NONE',  ( -0.06250000000000001388, 0.3643779527559052878, 0.01249999999999990008 ) ) ;
#460 = CARTESIAN_POINT ( 'NONE',  ( 0.1605095817734711605, 0.01075725181925857310, 0.001742748180741331967 ) ) ;
#461 = DIRECTION ( 'NONE',  ( -0.000000000000000000, -0.000000000000000000, -1.000000000000000000 ) ) ;
#462 = PLANE ( 'NONE',  #8203 ) ;
#463 = EDGE_LOOP ( 'NONE', ( #8952, #12145, #7969, #11431 ) ) ;
#464 = ORIENTED_EDGE ( 'NONE', *, *, #10995, .T. ) ;
#465 = LINE ( 'NONE', #9404, #3656 ) ;
#466 = EDGE_CURVE ( 'NONE', #12071, #20, #2374, .T. ) ;
#467 = ORIENTED_EDGE ( 'NONE', *, *, #12187, .F. ) ;
#468 = DIRECTION ( 'NONE',  ( 0.000000000000000000, -1.000000000000000000, 0.000000000000000000 ) ) ;
#469 = VECTOR ( 'NONE', #360, 39.37007874015748143 ) ;
#470 = LINE ( 'NONE', #5730, #5970 ) ;
#471 = EDGE_LOOP ( 'NONE', ( #1517, #1892, #336, #8717 ) ) ;
#472 = VECTOR ( 'NONE', #9382, 39.37007874015748854 ) ;
#473 = DIRECTION ( 'NONE',  ( -1.000000000000000000, 0.000000000000000000, 0.000000000000000000 ) ) ;
#474 = AXIS2_PLACEMENT_3D ( 'NONE', #9938, #8936, #8744 ) ;
#475 = UNCERTAINTY_MEASURE_WITH_UNIT (LENGTH_MEASURE( 1.000000000000000082E-05 ), #6874, 'distance_accuracy_value', 'NONE');
#476 = VERTEX_POINT ( 'NONE', #12150 ) ;
#477 = CARTESIAN_POINT ( 'NONE',  ( 0.05390227793071963869, 0.3880000000000000115, 0.2000000000000000111 ) ) ;
#478 = LINE ( 'NONE', #12449, #7898 ) ;
#479 = DIRECTION ( 'NONE',  ( 0.000000000000000000, 0.000000000000000000, -1.000000000000000000 ) ) ;
#480 = CARTESIAN_POINT ( 'NONE',  ( 0.03749999999999999861, 0.1419999999999999873, -0.01250000000000010651 ) ) ;
#481 = ADVANCED_FACE ( 'NONE', ( #4131 ), #9308, .T. ) ;
#482 = EDGE_LOOP ( 'NONE', ( #8029, #7541, #12734, #3446 ) ) ;
#483 = ORIENTED_EDGE ( 'NONE', *, *, #5262, .T. ) ;
#484 = VECTOR ( 'NONE', #11008, 39.37007874015748143 ) ;
#486 = VERTEX_POINT ( 'NONE', #4203 ) ;
#485 = EDGE_CURVE ( 'NONE', #9967, #46, #3361, .T. ) ;
#487 = CARTESIAN_POINT ( 'NONE',  ( -0.03749999999999999861, 0.2150000000000000244, 0.1124999999999998918 ) ) ;
#488 = COLOUR_RGB ( '',1.000000000000000000, 0.8117647058823529438, 0.5019607843137254832 ) ;
#489 = DIRECTION ( 'NONE',  ( 0.000000000000000000, 1.000000000000000000, 0.000000000000000000 ) ) ;
#490 =( LENGTH_UNIT ( ) NAMED_UNIT ( * ) SI_UNIT ( $, .METRE. ) );
#491 = VERTEX_POINT ( 'NONE', #12283 ) ;
#492 = LINE ( 'NONE', #10732, #5553 ) ;
#493 = ORIENTED_EDGE ( 'NONE', *, *, #7790, .T. ) ;
#494 = LINE ( 'NONE', #6561, #469 ) ;
#495 =( NAMED_UNIT ( * ) SI_UNIT ( $, .STERADIAN. ) SOLID_ANGLE_UNIT ( ) );
#496 = ORIENTED_EDGE ( 'NONE', *, *, #2133, .F. ) ;
#497 = DIRECTION ( 'NONE',  ( 0.000000000000000000, 0.000000000000000000, -1.000000000000000000 ) ) ;
#498 = MECHANICAL_DESIGN_GEOMETRIC_PRESENTATION_REPRESENTATION (  '', ( #7016 ), #9776 ) ;
#499 = LENGTH_MEASURE_WITH_UNIT ( LENGTH_MEASURE( 0.02539999999999999897 ), #4590 );
#500 = VECTOR ( 'NONE', #6991, 39.37007874015748143 ) ;
#501 = ADVANCED_FACE ( 'NONE', ( #8251 ), #4338, .T. ) ;
#502 = VECTOR ( 'NONE', #11434, 39.37007874015748143 ) ;
#503 = CARTESIAN_POINT ( 'NONE',  ( 0.06250000000000001388, 0.3880000000000000115, 0.01249999999999990008 ) ) ;
#504 = PLANE ( 'NONE',  #6375 ) ;
#506 = EDGE_LOOP ( 'NONE', ( #4699, #312, #12258, #7889 ) ) ;
#505 = ADVANCED_FACE ( 'NONE', ( #5195 ), #5322, .F. ) ;
#507 = AXIS2_PLACEMENT_3D ( 'NONE', #8195, #3172, #5003 ) ;
#508 = CARTESIAN_POINT ( 'NONE',  ( -0.06249999999999981959, 0.05799999999999997519, -0.2125000000000001332 ) ) ;
#509 = EDGE_LOOP ( 'NONE', ( #1363, #3186, #9791, #4564 ) ) ;
#510 = VECTOR ( 'NONE', #7877, 39.37007874015748143 ) ;
#511 = DIRECTION ( 'NONE',  ( 0.000000000000000000, 1.000000000000000000, 0.000000000000000000 ) ) ;
#512 = AXIS2_PLACEMENT_3D ( 'NONE', #11397, #8366, #297 ) ;
#513 = CARTESIAN_POINT ( 'NONE',  ( -0.04609772206928037380, 0.3880000000000000115, -0.003902277930719733490 ) ) ;
#514 = DIRECTION ( 'NONE',  ( -1.000000000000000000, 0.000000000000000000, 0.000000000000000000 ) ) ;
#515 = FACE_BOUND ( 'NONE', #11578, .T. ) ;
#516 = ORIENTED_EDGE ( 'NONE', *, *, #417, .F. ) ;
#517 = DIRECTION ( 'NONE',  ( -0.000000000000000000, 0.000000000000000000, -1.000000000000000000 ) ) ;
#518 = ADVANCED_FACE ( 'NONE', ( #6376 ), #5125, .T. ) ;
#519 = CIRCLE ( 'NONE', #9590, 0.007999999999999989758 ) ;
#520 = DIRECTION ( 'NONE',  ( 0.000000000000000000, 0.000000000000000000, 1.000000000000000000 ) ) ;
#521 = FACE_OUTER_BOUND ( 'NONE', #8785, .T. ) ;
#522 = PRESENTATION_LAYER_ASSIGNMENT (  '', '', ( #9380 ) ) ;
#523 = CARTESIAN_POINT ( 'NONE',  ( -0.06999999999999999278, 0.05799999999999997519, -0.03800000000000025580 ) ) ;
#524 = ORIENTED_EDGE ( 'NONE', *, *, #4281, .F. ) ;
#525 = ORIENTED_EDGE ( 'NONE', *, *, #8078, .F. ) ;
#526 = LENGTH_MEASURE_WITH_UNIT ( LENGTH_MEASURE( 0.02539999999999999897 ), #8705 );
#527 = PRESENTATION_STYLE_ASSIGNMENT (( #86 ) ) ;
#528 = DIRECTION ( 'NONE',  ( 1.000000000000000000, 0.000000000000000000, 0.000000000000000000 ) ) ;
#529 = PLANE ( 'NONE',  #3504 ) ;
#530 = CARTESIAN_POINT ( 'NONE',  ( 0.07000000000000000666, 0.1726274169979694906, 0.1619999999999998108 ) ) ;
#531 = AXIS2_PLACEMENT_3D ( 'NONE', #7788, #12876, #10816 ) ;
#532 = VECTOR ( 'NONE', #4407, 39.37007874015748143 ) ;
#533 = CIRCLE ( 'NONE', #2006, 0.007999999999999989758 ) ;
#534 = CARTESIAN_POINT ( 'NONE',  ( -0.06250000000000001388, 0.3643779527559052878, 0.1874999999999999167 ) ) ;
#535 = EDGE_LOOP ( 'NONE', ( #8906, #3624, #3649, #9464 ) ) ;
#536 = ORIENTED_EDGE ( 'NONE', *, *, #5510, .T. ) ;
#537 = CARTESIAN_POINT ( 'NONE',  ( 0.07000000000000017319, 0.04999999999999998196, -0.05299999999999997075 ) ) ;
#538 = EDGE_LOOP ( 'NONE', ( #525, #6423, #11227, #10439 ) ) ;
#539 = DIRECTION ( 'NONE',  ( -3.045457963692998845E-16, -1.000000000000000000, 0.000000000000000000 ) ) ;
#540 = EDGE_LOOP ( 'NONE', ( #1839, #661, #9097, #11504 ) ) ;
#541 = DIRECTION ( 'NONE',  ( 0.000000000000000000, -1.000000000000000000, 0.000000000000000000 ) ) ;
#542 = ORIENTED_EDGE ( 'NONE', *, *, #10417, .F. ) ;
#543 = SURFACE_SIDE_STYLE ('',( #5421 ) ) ;
#544 = SURFACE_STYLE_FILL_AREA ( #7550 ) ;
#545 = ADVANCED_FACE ( 'NONE', ( #124 ), #5059, .T. ) ;
#546 = FACE_OUTER_BOUND ( 'NONE', #2972, .T. ) ;
#547 = AXIS2_PLACEMENT_3D ( 'NONE', #12622, #7337, #7527 ) ;
#548 = ORIENTED_EDGE ( 'NONE', *, *, #8442, .T. ) ;
#549 = ORIENTED_EDGE ( 'NONE', *, *, #2278, .F. ) ;
#550 = ORIENTED_EDGE ( 'NONE', *, *, #2902, .F. ) ;
#551 = CARTESIAN_POINT ( 'NONE',  ( 0.07000000000000002054, 0.05799999999999997519, -0.07800000000000022193 ) ) ;
#552 = DIRECTION ( 'NONE',  ( 0.000000000000000000, 0.000000000000000000, -1.000000000000000000 ) ) ;
#553 = ORIENTED_EDGE ( 'NONE', *, *, #8560, .T. ) ;
#554 = DIRECTION ( 'NONE',  ( -0.000000000000000000, 1.000000000000000000, -0.000000000000000000 ) ) ;
#555 = ORIENTED_EDGE ( 'NONE', *, *, #10614, .F. ) ;
#556 = LINE ( 'NONE', #2614, #10232 ) ;
#557 = DIRECTION ( 'NONE',  ( -1.000000000000000000, 0.000000000000000000, 0.000000000000000000 ) ) ;
#558 = AXIS2_PLACEMENT_3D ( 'NONE', #9705, #2634, #12671 ) ;
#559 = EDGE_CURVE ( 'NONE', #12936, #5983, #4266, .T. ) ;
#560 = ORIENTED_EDGE ( 'NONE', *, *, #10378, .T. ) ;
#561 =( LENGTH_UNIT ( ) NAMED_UNIT ( * ) SI_UNIT ( $, .METRE. ) );
#562 = COLOUR_RGB ( '',1.000000000000000000, 0.8117647058823529438, 0.5019607843137254832 ) ;
#563 = FILL_AREA_STYLE ('',( #4331 ) ) ;
#564 = ADVANCED_FACE ( 'NONE', ( #3292 ), #7320, .T. ) ;
#565 = CIRCLE ( 'NONE', #3312, 0.03750000000000008882 ) ;
#566 = VECTOR ( 'NONE', #11675, 39.37007874015748143 ) ;
#567 = CARTESIAN_POINT ( 'NONE',  ( 0.05988182395616164361, 0.3715713323165082960, 0.1901181760438382662 ) ) ;
#568 = ORIENTED_EDGE ( 'NONE', *, *, #10364, .T. ) ;
#569 =( NAMED_UNIT ( * ) PLANE_ANGLE_UNIT ( ) SI_UNIT ( $, .RADIAN. ) );
#570 = ORIENTED_EDGE ( 'NONE', *, *, #759, .F. ) ;
#571 = EDGE_CURVE ( 'NONE', #2447, #7088, #3479, .T. ) ;
#572 = VECTOR ( 'NONE', #7365, 39.37007874015748143 ) ;
#573 = PLANE ( 'NONE',  #1162 ) ;
#574 = CARTESIAN_POINT ( 'NONE',  ( -0.07500000000000002498, 0.000000000000000000, 0.01249999999999990008 ) ) ;
#575 = EDGE_CURVE ( 'NONE', #7427, #9907, #10494, .T. ) ;
#576 = ORIENTED_EDGE ( 'NONE', *, *, #13030, .T. ) ;
#577 = LINE ( 'NONE', #4606, #5580 ) ;
#578 = DIRECTION ( 'NONE',  ( -0.8891264907159903697, -0.3236155771181813412, -0.3236155771181821739 ) ) ;
#579 = EDGE_CURVE ( 'NONE', #4408, #9333, #7510, .T. ) ;
#580 = EDGE_CURVE ( 'NONE', #2051, #11648, #6649, .T. ) ;
#581 = EDGE_CURVE ( 'NONE', #7220, #12227, #5588, .T. ) ;
#582 = AXIS2_PLACEMENT_3D ( 'NONE', #5940, #12041, #7005 ) ;
#583 =( LENGTH_UNIT ( ) NAMED_UNIT ( * ) SI_UNIT ( $, .METRE. ) );
#584 =( GEOMETRIC_REPRESENTATION_CONTEXT ( 3 ) GLOBAL_UNCERTAINTY_ASSIGNED_CONTEXT ( ( #4947 ) ) GLOBAL_UNIT_ASSIGNED_CONTEXT ( ( #11318, #4444, #8482 ) ) REPRESENTATION_CONTEXT ( 'NONE', 'WORKASPACE' ) );
#585 = CARTESIAN_POINT ( 'NONE',  ( 0.05988182395616164361, 0.3715713323165082960, 0.1098818239561615423 ) ) ;
#586 = EDGE_LOOP ( 'NONE', ( #1536, #428, #5368, #3519 ) ) ;
#587 = ADVANCED_FACE ( 'NONE', ( #4660 ), #12603, .F. ) ;
#588 = CARTESIAN_POINT ( 'NONE',  ( 0.03749999999999999861, 0.05799999999999996825, 0.1874999999999999167 ) ) ;
#589 = PRESENTATION_STYLE_ASSIGNMENT (( #2644 ) ) ;
#590 = CARTESIAN_POINT ( 'NONE',  ( 0.06250000000000005551, 0.03750000000000001249, -0.2125000000000001332 ) ) ;
#591 = EDGE_CURVE ( 'NONE', #11785, #11825, #375, .T. ) ;
#592 = VECTOR ( 'NONE', #11472, 39.37007874015748854 ) ;
#593 = AXIS2_PLACEMENT_3D ( 'NONE', #4427, #6469, #2456 ) ;
#594 = EDGE_CURVE ( 'NONE', #5983, #646, #1426, .T. ) ;
#595 = VECTOR ( 'NONE', #5354, 39.37007874015748854 ) ;
#596 = DIRECTION ( 'NONE',  ( 0.000000000000000000, 0.000000000000000000, 1.000000000000000000 ) ) ;
#597 = VECTOR ( 'NONE', #211, 39.37007874015748143 ) ;
#598 = CARTESIAN_POINT ( 'NONE',  ( -0.07500000000000005274, 0.02500000000000001180, 0.1874999999999999167 ) ) ;
#599 = ORIENTED_EDGE ( 'NONE', *, *, #1532, .T. ) ;
#600 = EDGE_LOOP ( 'NONE', ( #5539, #10294, #8507, #7578 ) ) ;
#601 = DIRECTION ( 'NONE',  ( 1.000000000000000000, -0.000000000000000000, -0.000000000000000000 ) ) ;
#602 = AXIS2_PLACEMENT_3D ( 'NONE', #8323, #3299, #7327 ) ;
#603 = ORIENTED_EDGE ( 'NONE', *, *, #5557, .F. ) ;
#604 = DIRECTION ( 'NONE',  ( 0.000000000000000000, -0.3420201433256662704, 0.9396926207859094271 ) ) ;
#605 = VECTOR ( 'NONE', #9129, 39.37007874015748143 ) ;
#606 = CARTESIAN_POINT ( 'NONE',  ( 0.09499999999999998723, 0.05799999999999997519, -0.03599999999999999034 ) ) ;
#607 = VERTEX_POINT ( 'NONE', #9440 ) ;
#608 = FACE_OUTER_BOUND ( 'NONE', #4843, .T. ) ;
#609 = UNCERTAINTY_MEASURE_WITH_UNIT (LENGTH_MEASURE( 1.000000000000000082E-05 ), #8884, 'distance_accuracy_value', 'NONE');
#610 = ORIENTED_EDGE ( 'NONE', *, *, #7710, .F. ) ;
#611 = PRESENTATION_STYLE_ASSIGNMENT (( #9670 ) ) ;
#612 = VECTOR ( 'NONE', #11811, 39.37007874015748143 ) ;
#613 = LINE ( 'NONE', #3587, #3940 ) ;
#614 = DIRECTION ( 'NONE',  ( -6.097874985857737794E-17, -1.000000000000000000, 0.000000000000000000 ) ) ;
#615 = EDGE_LOOP ( 'NONE', ( #1836, #7195, #3777, #10301 ) ) ;
#616 = ORIENTED_EDGE ( 'NONE', *, *, #7710, .T. ) ;
#617 = MECHANICAL_DESIGN_GEOMETRIC_PRESENTATION_REPRESENTATION (  '', ( #6304 ), #5867 ) ;
#618 = ORIENTED_EDGE ( 'NONE', *, *, #8980, .T. ) ;
#620 = DIRECTION ( 'NONE',  ( -0.000000000000000000, 1.000000000000000000, -0.000000000000000000 ) ) ;
#619 = AXIS2_PLACEMENT_3D ( 'NONE', #2828, #5976, #10166 ) ;
#621 = SURFACE_STYLE_USAGE ( .BOTH. , #8553 ) ;
#622 =( NAMED_UNIT ( * ) SI_UNIT ( $, .STERADIAN. ) SOLID_ANGLE_UNIT ( ) );
#623 = CARTESIAN_POINT ( 'NONE',  ( -0.03749999999999999861, 0.2150000000000000244, 0.01249999999999990008 ) ) ;
#624 = AXIS2_PLACEMENT_3D ( 'NONE', #3796, #4536, #1691 ) ;
#625 = LINE ( 'NONE', #7560, #10037 ) ;
#626 = ORIENTED_EDGE ( 'NONE', *, *, #11629, .T. ) ;
#627 = DIRECTION ( 'NONE',  ( 0.000000000000000000, 1.000000000000000000, 0.000000000000000000 ) ) ;
#628 = LINE ( 'NONE', #1479, #11232 ) ;
#629 = CARTESIAN_POINT ( 'NONE',  ( 0.000000000000000000, 0.000000000000000000, 0.000000000000000000 ) ) ;
#630 = ORIENTED_EDGE ( 'NONE', *, *, #3334, .F. ) ;
#631 =( CONVERSION_BASED_UNIT ( 'INCH', #7704 ) LENGTH_UNIT ( ) NAMED_UNIT ( #7214 ) );
#632 =( LENGTH_UNIT ( ) NAMED_UNIT ( * ) SI_UNIT ( $, .METRE. ) );
#633 = LINE ( 'NONE', #8686, #4576 ) ;
#634 = COLOUR_RGB ( '',1.000000000000000000, 0.8117647058823529438, 0.5019607843137254832 ) ;
#635 = PLANE ( 'NONE',  #1965 ) ;
#636 = EDGE_LOOP ( 'NONE', ( #6235, #5477, #7555, #9488 ) ) ;
#637 = DIRECTION ( 'NONE',  ( -0.9396926207859094271, -0.3420201433256662704, 0.000000000000000000 ) ) ;
#638 = DIRECTION ( 'NONE',  ( -1.000000000000000000, -0.000000000000000000, 0.000000000000000000 ) ) ;
#639 = ORIENTED_EDGE ( 'NONE', *, *, #7818, .F. ) ;
#640 = EDGE_CURVE ( 'NONE', #10815, #7307, #6511, .T. ) ;
#641 = FACE_OUTER_BOUND ( 'NONE', #9436, .T. ) ;
#642 = CARTESIAN_POINT ( 'NONE',  ( -0.06999999999999999278, 0.1499999999999999944, -0.1620000000000002549 ) ) ;
#643 = CARTESIAN_POINT ( 'NONE',  ( 0.06250000000000001388, 0.2150000000000000244, -0.08750000000000010547 ) ) ;
#644 = CARTESIAN_POINT ( 'NONE',  ( -0.06250000000000001388, 0.2150000000000000244, 0.08749999999999988343 ) ) ;
#645 = DIRECTION ( 'NONE',  ( -1.000000000000000000, 3.414809992080306836E-16, 0.000000000000000000 ) ) ;
#646 = VERTEX_POINT ( 'NONE', #3544 ) ;
#647 = EDGE_CURVE ( 'NONE', #2765, #11387, #7720, .T. ) ;
#648 = CYLINDRICAL_SURFACE ( 'NONE', #3438, 0.03750000000000008882 ) ;
#649 = CARTESIAN_POINT ( 'NONE',  ( 0.07500000000000005274, 0.02500000000000001180, -0.08750000000000010547 ) ) ;
#650 = EDGE_CURVE ( 'NONE', #9812, #6563, #12478, .T. ) ;
#651 = VERTEX_POINT ( 'NONE', #11474 ) ;
#652 =( CONVERSION_BASED_UNIT ( 'INCH', #526 ) LENGTH_UNIT ( ) NAMED_UNIT ( #4555 ) );
#653 = ADVANCED_FACE ( 'NONE', ( #8572 ), #8510, .F. ) ;
#654 = DIRECTION ( 'NONE',  ( -0.000000000000000000, 1.000000000000000000, 0.000000000000000000 ) ) ;
#655 = LINE ( 'NONE', #1575, #7084 ) ;
#656 = DIRECTION ( 'NONE',  ( 0.000000000000000000, 0.000000000000000000, -1.000000000000000000 ) ) ;
#657 = DIRECTION ( 'NONE',  ( 0.3420201433256649937, -0.9396926207859097602, 0.000000000000000000 ) ) ;
#658 = ADVANCED_FACE ( 'NONE', ( #4796 ), #6848, .T. ) ;
#659 = PRESENTATION_STYLE_ASSIGNMENT (( #6665 ) ) ;
#660 = ADVANCED_FACE ( 'NONE', ( #11005 ), #10949, .T. ) ;
#661 = ORIENTED_EDGE ( 'NONE', *, *, #4848, .F. ) ;
#662 = VERTEX_POINT ( 'NONE', #10812 ) ;
#663 = ORIENTED_EDGE ( 'NONE', *, *, #6604, .T. ) ;
#664 = EDGE_CURVE ( 'NONE', #10588, #5624, #2956, .T. ) ;
#665 = DIRECTION ( 'NONE',  ( 0.000000000000000000, 1.000000000000000000, 0.000000000000000000 ) ) ;
#666 = CARTESIAN_POINT ( 'NONE',  ( 0.07500000000000005274, 0.02499999999999992506, -0.2125000000000001332 ) ) ;
#667 = CYLINDRICAL_SURFACE ( 'NONE', #8940, 0.007999999999999972411 ) ;
#668 = ORIENTED_EDGE ( 'NONE', *, *, #4126, .T. ) ;
#669 = DIRECTION ( 'NONE',  ( 6.097874985857737794E-17, 1.000000000000000000, -0.000000000000000000 ) ) ;
#670 = ORIENTED_EDGE ( 'NONE', *, *, #4678, .F. ) ;
#671 = CARTESIAN_POINT ( 'NONE',  ( 0.1449999999999999623, 0.008597722069280350904, 0.2999999999999999889 ) ) ;
#672 = FILL_AREA_STYLE_COLOUR ( '', #1105 ) ;
#673 = ADVANCED_FACE ( 'NONE', ( #5905 ), #701, .T. ) ;
#674 = PLANE ( 'NONE',  #6730 ) ;
#675 = ORIENTED_EDGE ( 'NONE', *, *, #912, .F. ) ;
#676 = ORIENTED_EDGE ( 'NONE', *, *, #2690, .T. ) ;
#677 = ORIENTED_EDGE ( 'NONE', *, *, #9076, .T. ) ;
#678 = CARTESIAN_POINT ( 'NONE',  ( -0.1213779527559052523, 0.02500000000000000486, -0.1125000000000001138 ) ) ;
#679 = VECTOR ( 'NONE', #11087, 39.37007874015748143 ) ;
#680 = CARTESIAN_POINT ( 'NONE',  ( -0.04609772206928037380, 0.3880000000000000115, 0.003902277930719528359 ) ) ;
#681 = ORIENTED_EDGE ( 'NONE', *, *, #12662, .F. ) ;
#682 = LINE ( 'NONE', #1538, #4505 ) ;
#683 = ORIENTED_EDGE ( 'NONE', *, *, #6855, .T. ) ;
#684 =( NAMED_UNIT ( * ) SI_UNIT ( $, .STERADIAN. ) SOLID_ANGLE_UNIT ( ) );
#685 = DIRECTION ( 'NONE',  ( 0.000000000000000000, -1.000000000000000000, 0.000000000000000000 ) ) ;
#686 =( CONVERSION_BASED_UNIT ( 'INCH', #7702 ) LENGTH_UNIT ( ) NAMED_UNIT ( #1190 ) );
#687 = EDGE_LOOP ( 'NONE', ( #2138, #6076, #10607, #2408 ) ) ;
#688 = DIRECTION ( 'NONE',  ( -0.000000000000000000, 1.000000000000000000, -0.000000000000000000 ) ) ;
#689 = DIRECTION ( 'NONE',  ( 0.000000000000000000, 1.000000000000000000, 0.000000000000000000 ) ) ;
#690 = PLANE ( 'NONE',  #9230 ) ;
#691 = COLOUR_RGB ( '',0.7921568627450980005, 0.8196078431372548767, 0.9333333333333333481 ) ;
#692 = VECTOR ( 'NONE', #578, 39.37007874015748854 ) ;
#693 =( CONVERSION_BASED_UNIT ( 'INCH', #3472 ) LENGTH_UNIT ( ) NAMED_UNIT ( #9280 ) );
#694 = ORIENTED_EDGE ( 'NONE', *, *, #11952, .T. ) ;
#695 = DIRECTION ( 'NONE',  ( 0.000000000000000000, 0.000000000000000000, 1.000000000000000000 ) ) ;
#696 = EDGE_LOOP ( 'NONE', ( #2807, #2396, #4680, #5707 ) ) ;
#697 = CARTESIAN_POINT ( 'NONE',  ( 0.03749999999999999861, 0.2150000000000000244, 0.1124999999999998918 ) ) ;
#698 = AXIS2_PLACEMENT_3D ( 'NONE', #10874, #7021, #10084 ) ;
#699 = FACE_OUTER_BOUND ( 'NONE', #1488, .T. ) ;
#700 = CARTESIAN_POINT ( 'NONE',  ( -0.05390227793071963869, 0.3880000000000000115, 0.000000000000000000 ) ) ;
#701 = PLANE ( 'NONE',  #13021 ) ;
#702 = DIRECTION ( 'NONE',  ( -1.000000000000000000, 1.138269997360106963E-16, 0.000000000000000000 ) ) ;
#703 = ORIENTED_EDGE ( 'NONE', *, *, #4089, .F. ) ;
#704 =( NAMED_UNIT ( * ) SI_UNIT ( $, .STERADIAN. ) SOLID_ANGLE_UNIT ( ) );
#705 = AXIS2_PLACEMENT_3D ( 'NONE', #10055, #8863, #5994 ) ;
#706 =( REPRESENTATION_RELATIONSHIP ('NONE','NONE', #10061, #2544 ) REPRESENTATION_RELATIONSHIP_WITH_TRANSFORMATION ( #10606 )SHAPE_REPRESENTATION_RELATIONSHIP( ) );
#707 = CARTESIAN_POINT ( 'NONE',  ( 0.04609772206928037380, 0.3880000000000000115, 0.1960977220692802780 ) ) ;
#708 = CARTESIAN_POINT ( 'NONE',  ( -0.03749999999999980432, 0.05799999999999996825, -0.2125000000000001332 ) ) ;
#709 = ADVANCED_FACE ( 'NONE', ( #9898 ), #7911, .T. ) ;
#710 = VECTOR ( 'NONE', #5924, 39.37007874015748143 ) ;
#711 = COLOUR_RGB ( '',1.000000000000000000, 0.8117647058823529438, 0.5019607843137254832 ) ;
#712 = LINE ( 'NONE', #6723, #1097 ) ;
#713 = AXIS2_PLACEMENT_3D ( 'NONE', #235, #1344, #12331 ) ;
#714 = EDGE_LOOP ( 'NONE', ( #8888, #2827, #496, #3193 ) ) ;
#715 = CARTESIAN_POINT ( 'NONE',  ( -0.06999999999999999278, 0.04999999999999998196, 0.06999999999999972911 ) ) ;
#716 = DIRECTION ( 'NONE',  ( 0.000000000000000000, 1.000000000000000000, 0.000000000000000000 ) ) ;
#717 = ORIENTED_EDGE ( 'NONE', *, *, #1365, .T. ) ;
#718 = DIRECTION ( 'NONE',  ( 0.000000000000000000, 1.000000000000000000, 0.000000000000000000 ) ) ;
#719 = VECTOR ( 'NONE', #1391, 39.37007874015748143 ) ;
#720 = CARTESIAN_POINT ( 'NONE',  ( -0.07500000000000005274, 0.02500000000000001180, 0.08749999999999988343 ) ) ;
#721 = PLANE ( 'NONE',  #3665 ) ;
#722 = CARTESIAN_POINT ( 'NONE',  ( 0.07500000000000005274, 0.02500000000000001180, 0.2124999999999999112 ) ) ;
#723 = MECHANICAL_DESIGN_GEOMETRIC_PRESENTATION_REPRESENTATION (  '', ( #3465 ), #12115 ) ;
#724 = EDGE_CURVE ( 'NONE', #7839, #3195, #8839, .T. ) ;
#725 = AXIS2_PLACEMENT_3D ( 'NONE', #11084, #13076, #61 ) ;
#726 = ADVANCED_FACE ( 'NONE', ( #3921 ), #4909, .F. ) ;
#727 = VECTOR ( 'NONE', #2520, 39.37007874015748143 ) ;
#728 = ORIENTED_EDGE ( 'NONE', *, *, #2119, .F. ) ;
#729 = ORIENTED_EDGE ( 'NONE', *, *, #2202, .T. ) ;
#730 = VERTEX_POINT ( 'NONE', #6970 ) ;
#731 = VECTOR ( 'NONE', #13060, 39.37007874015748143 ) ;
#732 = DIRECTION ( 'NONE',  ( -0.8891264907159901476, -0.3236155771181821184, -0.3236155771181821739 ) ) ;
#733 = EDGE_CURVE ( 'NONE', #3525, #6676, #2819, .T. ) ;
#734 = LINE ( 'NONE', #4759, #10283 ) ;
#735 = PLANE ( 'NONE',  #8321 ) ;
#736 = EDGE_LOOP ( 'NONE', ( #4816, #1371, #9001, #7979 ) ) ;
#737 = FACE_OUTER_BOUND ( 'NONE', #11074, .T. ) ;
#738 =( GEOMETRIC_REPRESENTATION_CONTEXT ( 3 ) GLOBAL_UNCERTAINTY_ASSIGNED_CONTEXT ( ( #5486 ) ) GLOBAL_UNIT_ASSIGNED_CONTEXT ( ( #10684, #10620, #6844 ) ) REPRESENTATION_CONTEXT ( 'NONE', 'WORKASPACE' ) );
#739 = UNCERTAINTY_MEASURE_WITH_UNIT (LENGTH_MEASURE( 1.000000000000000082E-05 ), #2063, 'distance_accuracy_value', 'NONE');
#740 = ADVANCED_FACE ( 'NONE', ( #12001 ), #1959, .T. ) ;
#741 = VERTEX_POINT ( 'NONE', #1896 ) ;
#742 = DIRECTION ( 'NONE',  ( 2.435670465107224942E-16, -1.000000000000000000, 0.000000000000000000 ) ) ;
#743 = LENGTH_MEASURE_WITH_UNIT ( LENGTH_MEASURE( 0.02539999999999999897 ), #9796 );
#744 = CARTESIAN_POINT ( 'NONE',  ( -0.05390227793071963869, 0.3880000000000000115, -0.2039022779307197442 ) ) ;
#745 = VECTOR ( 'NONE', #4523, 39.37007874015748854 ) ;
#746 = EDGE_CURVE ( 'NONE', #10889, #10785, #3855, .T. ) ;
#747 = CARTESIAN_POINT ( 'NONE',  ( -0.06999999999999999278, 0.1499999999999999944, 0.2379999999999997951 ) ) ;
#748 = ORIENTED_EDGE ( 'NONE', *, *, #12687, .F. ) ;
#749 = VERTEX_POINT ( 'NONE', #12062 ) ;
#750 = CARTESIAN_POINT ( 'NONE',  ( 0.03749999999999999861, 0.3880000000000000115, -0.08750000000000010547 ) ) ;
#751 = CARTESIAN_POINT ( 'NONE',  ( -0.03749999999999999861, 0.05799999999999996825, 0.2124999999999999112 ) ) ;
#752 = ADVANCED_FACE ( 'NONE', ( #12798 ), #9830, .F. ) ;
#753 = LINE ( 'NONE', #6687, #6260 ) ;
#754 = DIRECTION ( 'NONE',  ( 0.8891264907159903697, 0.3236155771181813967, -0.3236155771181821184 ) ) ;
#755 = VERTEX_POINT ( 'NONE', #5963 ) ;
#756 = CARTESIAN_POINT ( 'NONE',  ( -0.07500000000000005274, 0.02500000000000001180, 0.1124999999999998918 ) ) ;
#757 = ORIENTED_EDGE ( 'NONE', *, *, #8994, .T. ) ;
#758 = LINE ( 'NONE', #6827, #8406 ) ;
#759 = EDGE_CURVE ( 'NONE', #9174, #7353, #9026, .T. ) ;
#760 = ORIENTED_EDGE ( 'NONE', *, *, #9965, .F. ) ;
#761 = DIRECTION ( 'NONE',  ( 0.000000000000000000, 0.000000000000000000, -1.000000000000000000 ) ) ;
#762 = SURFACE_STYLE_FILL_AREA ( #12916 ) ;
#763 = LINE ( 'NONE', #8822, #2700 ) ;
#764 = DIMENSIONAL_EXPONENTS ( 1.000000000000000000, 0.000000000000000000, 0.000000000000000000, 0.000000000000000000, 0.000000000000000000, 0.000000000000000000, 0.000000000000000000 ) ;
#765 = ORIENTED_EDGE ( 'NONE', *, *, #9703, .F. ) ;
#766 = DIRECTION ( 'NONE',  ( 1.000000000000000000, -6.097874985857736561E-17, 0.000000000000000000 ) ) ;
#767 = ORIENTED_EDGE ( 'NONE', *, *, #7624, .T. ) ;
#768 = DIRECTION ( 'NONE',  ( 0.000000000000000000, 0.000000000000000000, 1.000000000000000000 ) ) ;
#769 = VECTOR ( 'NONE', #3937, 39.37007874015748143 ) ;
#770 = CARTESIAN_POINT ( 'NONE',  ( 0.000000000000000000, 0.2150000000000000244, 0.2999999999999999889 ) ) ;
#771 = ORIENTED_EDGE ( 'NONE', *, *, #1447, .F. ) ;
#772 = AXIS2_PLACEMENT_3D ( 'NONE', #151, #2935, #3060 ) ;
#773 = DIRECTION ( 'NONE',  ( 0.000000000000000000, 0.000000000000000000, 1.000000000000000000 ) ) ;
#774 = FACE_OUTER_BOUND ( 'NONE', #9676, .T. ) ;
#775 = LINE ( 'NONE', #3797, #7675 ) ;
#776 = DIRECTION ( 'NONE',  ( 1.000000000000000000, 0.000000000000000000, 0.000000000000000000 ) ) ;
#777 = CARTESIAN_POINT ( 'NONE',  ( -0.07500000000000005274, 0.000000000000000000, 0.08749999999999988343 ) ) ;
#778 = ORIENTED_EDGE ( 'NONE', *, *, #7906, .F. ) ;
#779 =( NAMED_UNIT ( * ) PLANE_ANGLE_UNIT ( ) SI_UNIT ( $, .RADIAN. ) );
#780 = VECTOR ( 'NONE', #5143, 39.37007874015748143 ) ;
#781 = SURFACE_STYLE_FILL_AREA ( #5773 ) ;
#782 = AXIS2_PLACEMENT_3D ( 'NONE', #6319, #11347, #9242 ) ;
#783 = DIRECTION ( 'NONE',  ( 1.000000000000000000, 0.000000000000000000, 7.854062981784756704E-15 ) ) ;
#784 =( GEOMETRIC_REPRESENTATION_CONTEXT ( 3 ) GLOBAL_UNCERTAINTY_ASSIGNED_CONTEXT ( ( #5228 ) ) GLOBAL_UNIT_ASSIGNED_CONTEXT ( ( #2643, #12742, #1837 ) ) REPRESENTATION_CONTEXT ( 'NONE', 'WORKASPACE' ) );
#785 = PRESENTATION_STYLE_ASSIGNMENT (( #5777 ) ) ;
#786 = EDGE_LOOP ( 'NONE', ( #536, #11141, #3227, #11547 ) ) ;
#787 = DIRECTION ( 'NONE',  ( -5.850480457187554951E-16, 1.000000000000000000, 0.000000000000000000 ) ) ;
#788 = EDGE_LOOP ( 'NONE', ( #11640, #5139, #5525, #11100 ) ) ;
#789 = VECTOR ( 'NONE', #7897, 39.37007874015748143 ) ;
#790 = CARTESIAN_POINT ( 'NONE',  ( -0.06250000000000001388, 0.3880000000000000115, -0.01250000000000010651 ) ) ;
#791 = PRESENTATION_STYLE_ASSIGNMENT (( #1977 ) ) ;
#792 = CARTESIAN_POINT ( 'NONE',  ( 0.03749999999999999861, 0.1419999999999999873, -0.2125000000000001332 ) ) ;
#793 = CARTESIAN_POINT ( 'NONE',  ( -0.03749999999999999861, 0.3643779527559052878, 0.2124999999999999112 ) ) ;
#794 =( NAMED_UNIT ( * ) SI_UNIT ( $, .STERADIAN. ) SOLID_ANGLE_UNIT ( ) );
#795 = AXIS2_PLACEMENT_3D ( 'NONE', #11449, #4241, #2412 ) ;
#796 = CIRCLE ( 'NONE', #2476, 0.007999999999999989758 ) ;
#797 = PLANE ( 'NONE',  #10236 ) ;
#798 = ORIENTED_EDGE ( 'NONE', *, *, #7925, .F. ) ;
#799 = ORIENTED_EDGE ( 'NONE', *, *, #7511, .T. ) ;
#800 = AXIS2_PLACEMENT_3D ( 'NONE', #11849, #6822, #1803 ) ;
#801 = ORIENTED_EDGE ( 'NONE', *, *, #3425, .F. ) ;
#802 = DIRECTION ( 'NONE',  ( -0.9153150324227631307, 0.000000000000000000, 0.4027386142660223656 ) ) ;
#803 = ADVANCED_FACE ( 'NONE', ( #9763 ), #3735, .F. ) ;
#804 = CARTESIAN_POINT ( 'NONE',  ( 0.04609772206928037380, 0.3880000000000000115, 0.2000000000000000111 ) ) ;
#805 = DIRECTION ( 'NONE',  ( 0.000000000000000000, 0.000000000000000000, -1.000000000000000000 ) ) ;
#806 = DIRECTION ( 'NONE',  ( -0.8891264907159903697, 0.3236155771181813967, -0.3236155771181821184 ) ) ;
#807 = VECTOR ( 'NONE', #1677, 39.37007874015748143 ) ;
#808 = DIRECTION ( 'NONE',  ( 0.000000000000000000, 0.000000000000000000, 1.000000000000000000 ) ) ;
#809 =( GEOMETRIC_REPRESENTATION_CONTEXT ( 3 ) GLOBAL_UNCERTAINTY_ASSIGNED_CONTEXT ( ( #2468 ) ) GLOBAL_UNIT_ASSIGNED_CONTEXT ( ( #9603, #3449, #10399 ) ) REPRESENTATION_CONTEXT ( 'NONE', 'WORKASPACE' ) );
#810 = DIRECTION ( 'NONE',  ( 1.000000000000000000, 0.000000000000000000, 0.000000000000000000 ) ) ;
#811 = CARTESIAN_POINT ( 'NONE',  ( -0.06999999999999999278, 0.1419999999999999873, 0.02999999999999978378 ) ) ;
#812 = DIRECTION ( 'NONE',  ( 0.000000000000000000, 0.000000000000000000, 1.000000000000000000 ) ) ;
#813 = STYLED_ITEM ( 'NONE', ( #659 ), #10820 ) ;
#814 = EDGE_LOOP ( 'NONE', ( #5114, #9957, #1240, #186 ) ) ;
#815 = ORIENTED_EDGE ( 'NONE', *, *, #12939, .F. ) ;
#816 = PLANE ( 'NONE',  #1872 ) ;
#817 = VECTOR ( 'NONE', #806, 39.37007874015748854 ) ;
#818 = EDGE_CURVE ( 'NONE', #6178, #11539, #3625, .T. ) ;
#819 = DIRECTION ( 'NONE',  ( 0.000000000000000000, 0.000000000000000000, 1.000000000000000000 ) ) ;
#820 = VECTOR ( 'NONE', #3248, 39.37007874015748143 ) ;
#821 = FACE_OUTER_BOUND ( 'NONE', #3870, .T. ) ;
#822 = PLANE ( 'NONE',  #474 ) ;
#823 = EDGE_CURVE ( 'NONE', #10924, #8277, #5045, .T. ) ;
#824 = CARTESIAN_POINT ( 'NONE',  ( 0.000000000000000000, 0.2150000000000000244, 0.4000000000000000222 ) ) ;
#825 = EDGE_CURVE ( 'NONE', #4385, #5974, #12198, .T. ) ;
#826 = ORIENTED_EDGE ( 'NONE', *, *, #10583, .T. ) ;
#827 = CARTESIAN_POINT ( 'NONE',  ( -0.09499999999999998723, 0.6848831648126535443, 0.2500000000000000555 ) ) ;
#828 = LINE ( 'NONE', #4842, #8191 ) ;
#829 = PRESENTATION_LAYER_ASSIGNMENT (  '', '', ( #6504 ) ) ;
#830 = VERTEX_POINT ( 'NONE', #6300 ) ;
#831 = FILL_AREA_STYLE_COLOUR ( '', #12872 ) ;
#832 = CARTESIAN_POINT ( 'NONE',  ( -0.06250000000000005551, 0.03750000000000001249, -0.2125000000000001332 ) ) ;
#833 = FILL_AREA_STYLE_COLOUR ( '', #7532 ) ;
#834 = STYLED_ITEM ( 'NONE', ( #1160 ), #1961 ) ;
#835 = ADVANCED_FACE ( 'NONE', ( #8302 ), #236, .T. ) ;
#836 = ADVANCED_FACE ( 'NONE', ( #5181 ), #10092, .F. ) ;
#837 = VECTOR ( 'NONE', #1798, 39.37007874015748143 ) ;
#838 = ORIENTED_EDGE ( 'NONE', *, *, #163, .T. ) ;
#839 = FACE_OUTER_BOUND ( 'NONE', #3056, .T. ) ;
#840 = VERTEX_POINT ( 'NONE', #8095 ) ;
#841 = CYLINDRICAL_SURFACE ( 'NONE', #7097, 0.007999999999999955064 ) ;
#842 = DIRECTION ( 'NONE',  ( 0.000000000000000000, 0.000000000000000000, 1.000000000000000000 ) ) ;
#843 = ORIENTED_EDGE ( 'NONE', *, *, #7420, .T. ) ;
#844 = ADVANCED_FACE ( 'NONE', ( #2095 ), #6430, .T. ) ;
#845 = DIRECTION ( 'NONE',  ( 0.3420201433256658263, -1.041607969234569816E-16, -0.9396926207859095381 ) ) ;
#846 = CARTESIAN_POINT ( 'NONE',  ( 0.07500000000000003886, 0.03750000000000000555, 0.09999999999999996392 ) ) ;
#847 = COLOUR_RGB ( '',1.000000000000000000, 0.8117647058823529438, 0.5019607843137254832 ) ;
#848 = CARTESIAN_POINT ( 'NONE',  ( 0.06250000000000001388, 0.1419999999999999873, -0.2125000000000001332 ) ) ;
#849 = VERTEX_POINT ( 'NONE', #6498 ) ;
#850 =( LENGTH_UNIT ( ) NAMED_UNIT ( * ) SI_UNIT ( $, .METRE. ) );
#851 = EDGE_CURVE ( 'NONE', #3380, #12437, #10478, .T. ) ;
#852 = ORIENTED_EDGE ( 'NONE', *, *, #12928, .T. ) ;
#853 = FILL_AREA_STYLE ('',( #6725 ) ) ;
#854 = CARTESIAN_POINT ( 'NONE',  ( 0.06250000000000001388, 0.05799999999999996825, 0.1874999999999999167 ) ) ;
#855 = EDGE_LOOP ( 'NONE', ( #12202, #4243, #7753, #1812 ) ) ;
#856 = VECTOR ( 'NONE', #8279, 39.37007874015748143 ) ;
#857 = DIRECTION ( 'NONE',  ( -0.000000000000000000, 1.000000000000000000, -0.000000000000000000 ) ) ;
#858 = DIRECTION ( 'NONE',  ( 0.9396926207859094271, -0.3420201433256662704, 0.000000000000000000 ) ) ;
#859 = CARTESIAN_POINT ( 'NONE',  ( 0.03749999999999999861, 0.05799999999999996825, -0.1125000000000001138 ) ) ;
#860 = LINE ( 'NONE', #2650, #2731 ) ;
#861 = VECTOR ( 'NONE', #5673, 39.37007874015748143 ) ;
#862 = PRESENTATION_STYLE_ASSIGNMENT (( #8190 ) ) ;
#863 =( NAMED_UNIT ( * ) PLANE_ANGLE_UNIT ( ) SI_UNIT ( $, .RADIAN. ) );
#864 = ORIENTED_EDGE ( 'NONE', *, *, #3335, .F. ) ;
#865 = ORIENTED_EDGE ( 'NONE', *, *, #11738, .T. ) ;
#866 = SURFACE_STYLE_USAGE ( .BOTH. , #10904 ) ;
#867 = EDGE_LOOP ( 'NONE', ( #7747, #826, #2070, #5677 ) ) ;
#868 = LINE ( 'NONE', #7810, #2400 ) ;
#869 = CARTESIAN_POINT ( 'NONE',  ( 0.03749999999999999861, 0.3643779527559052878, -0.1875000000000001110 ) ) ;
#870 = CARTESIAN_POINT ( 'NONE',  ( 0.07500000000000003886, 0.03750000000000000555, -3.414809992080329023E-17 ) ) ;
#871 = CARTESIAN_POINT ( 'NONE',  ( 0.06250000000000001388, 0.3643779527559052878, 0.01249999999999990008 ) ) ;
#872 = UNCERTAINTY_MEASURE_WITH_UNIT (LENGTH_MEASURE( 1.000000000000000082E-05 ), #1830, 'distance_accuracy_value', 'NONE');
#873 =( CONVERSION_BASED_UNIT ( 'INCH', #1862 ) LENGTH_UNIT ( ) NAMED_UNIT ( #7121 ) );
#874 = CARTESIAN_POINT ( 'NONE',  ( 0.03749999999999999861, 0.2150000000000000244, -0.2125000000000001332 ) ) ;
#875 = SURFACE_STYLE_USAGE ( .BOTH. , #5872 ) ;
#876 = CARTESIAN_POINT ( 'NONE',  ( 0.07500000000000003886, 0.03750000000000000555, -0.2000000000000000389 ) ) ;
#877 = ADVANCED_FACE ( 'NONE', ( #2484 ), #12518, .T. ) ;
#878 = ORIENTED_EDGE ( 'NONE', *, *, #2767, .F. ) ;
#879 = ORIENTED_EDGE ( 'NONE', *, *, #12942, .F. ) ;
#880 = PLANE ( 'NONE',  #5445 ) ;
#881 = CARTESIAN_POINT ( 'NONE',  ( -0.06249999999999981959, 0.05799999999999996825, -0.1125000000000001138 ) ) ;
#882 = LINE ( 'NONE', #4708, #7867 ) ;
#883 = CARTESIAN_POINT ( 'NONE',  ( -0.06250000000000001388, 0.2150000000000000244, 0.08749999999999988343 ) ) ;
#884 = ORIENTED_EDGE ( 'NONE', *, *, #956, .T. ) ;
#885 = DIRECTION ( 'NONE',  ( 0.000000000000000000, -0.000000000000000000, 1.000000000000000000 ) ) ;
#886 = DIRECTION ( 'NONE',  ( 0.000000000000000000, -1.000000000000000000, 0.000000000000000000 ) ) ;
#887 = ORIENTED_EDGE ( 'NONE', *, *, #8074, .F. ) ;
#888 = DIRECTION ( 'NONE',  ( 0.000000000000000000, -0.000000000000000000, 1.000000000000000000 ) ) ;
#889 = EDGE_CURVE ( 'NONE', #10005, #1781, #11596, .T. ) ;
#890 = EDGE_CURVE ( 'NONE', #11570, #11178, #7429, .T. ) ;
#891 =( GEOMETRIC_REPRESENTATION_CONTEXT ( 3 ) GLOBAL_UNCERTAINTY_ASSIGNED_CONTEXT ( ( #3512 ) ) GLOBAL_UNIT_ASSIGNED_CONTEXT ( ( #981, #863, #4934 ) ) REPRESENTATION_CONTEXT ( 'NONE', 'WORKASPACE' ) );
#892 = VERTEX_POINT ( 'NONE', #8625 ) ;
#893 = DIRECTION ( 'NONE',  ( 3.045457963692998352E-16, -1.000000000000000000, 0.000000000000000000 ) ) ;
#894 = DIRECTION ( 'NONE',  ( -1.000000000000000000, 0.000000000000000000, 6.829619984160656074E-16 ) ) ;
#895 = ORIENTED_EDGE ( 'NONE', *, *, #7737, .F. ) ;
#896 = LINE ( 'NONE', #8896, #9369 ) ;
#897 = DIRECTION ( 'NONE',  ( -0.000000000000000000, 0.000000000000000000, 1.000000000000000000 ) ) ;
#898 = AXIS2_PLACEMENT_3D ( 'NONE', #1025, #7096, #44 ) ;
#899 = SURFACE_SIDE_STYLE ('',( #2163 ) ) ;
#900 = ORIENTED_EDGE ( 'NONE', *, *, #8442, .F. ) ;
#901 = SURFACE_STYLE_USAGE ( .BOTH. , #9833 ) ;
#902 = EDGE_CURVE ( 'NONE', #6816, #10956, #11658, .T. ) ;
#903 = PRESENTATION_LAYER_ASSIGNMENT (  '', '', ( #9344 ) ) ;
#904 = EDGE_CURVE ( 'NONE', #4713, #2255, #3222, .T. ) ;
#905 = LENGTH_MEASURE_WITH_UNIT ( LENGTH_MEASURE( 0.02539999999999999897 ), #12882 );
#906 = VERTEX_POINT ( 'NONE', #3597 ) ;
#907 = VECTOR ( 'NONE', #11164, 39.37007874015748143 ) ;
#908 = LINE ( 'NONE', #3931, #1187 ) ;
#909 = CARTESIAN_POINT ( 'NONE',  ( -0.07500000000000003886, 0.03750000000000000555, -0.2000000000000000389 ) ) ;
#910 = VERTEX_POINT ( 'NONE', #4647 ) ;
#911 = LINE ( 'NONE', #968, #3116 ) ;
#912 = EDGE_CURVE ( 'NONE', #11742, #8918, #494, .T. ) ;
#913 = SURFACE_SIDE_STYLE ('',( #11827 ) ) ;
#914 = PLANE ( 'NONE',  #8781 ) ;
#915 = PRESENTATION_LAYER_ASSIGNMENT (  '', '', ( #6602 ) ) ;
#916 =( LENGTH_UNIT ( ) NAMED_UNIT ( * ) SI_UNIT ( $, .METRE. ) );
#917 = AXIS2_PLACEMENT_3D ( 'NONE', #7635, #7700, #11657 ) ;
#918 = DIRECTION ( 'NONE',  ( 0.000000000000000000, 0.000000000000000000, -1.000000000000000000 ) ) ;
#919 = EDGE_LOOP ( 'NONE', ( #3509, #9029, #2027, #5623 ) ) ;
#920 = EDGE_LOOP ( 'NONE', ( #5691, #12751, #10083, #5839 ) ) ;
#921 = VECTOR ( 'NONE', #9730, 39.37007874015748143 ) ;
#922 = CARTESIAN_POINT ( 'NONE',  ( -0.06249999999999981959, 0.1419999999999999873, 0.1874999999999999167 ) ) ;
#923 = ORIENTED_EDGE ( 'NONE', *, *, #4325, .T. ) ;
#924 = CARTESIAN_POINT ( 'NONE',  ( 0.07000000000000000666, 0.1726274169979694906, 0.06199999999999975669 ) ) ;
#925 = FACE_OUTER_BOUND ( 'NONE', #9678, .T. ) ;
#926 = FILL_AREA_STYLE ('',( #9987 ) ) ;
#927 = LINE ( 'NONE', #5146, #4811 ) ;
#928 = CIRCLE ( 'NONE', #7470, 0.007999999999999998432 ) ;
#929 = FILL_AREA_STYLE ('',( #10259 ) ) ;
#930 = LINE ( 'NONE', #9126, #6295 ) ;
#931 = ORIENTED_EDGE ( 'NONE', *, *, #11388, .F. ) ;
#932 = ORIENTED_EDGE ( 'NONE', *, *, #11442, .T. ) ;
#933 = LINE ( 'NONE', #11105, #7751 ) ;
#934 = PLANE ( 'NONE',  #4211 ) ;
#935 = LINE ( 'NONE', #25, #856 ) ;
#936 = LINE ( 'NONE', #10073, #11896 ) ;
#937 = ORIENTED_EDGE ( 'NONE', *, *, #1714, .T. ) ;
#938 =( LENGTH_UNIT ( ) NAMED_UNIT ( * ) SI_UNIT ( $, .METRE. ) );
#939 = DIRECTION ( 'NONE',  ( 0.000000000000000000, 0.000000000000000000, 1.000000000000000000 ) ) ;
#940 = ADVANCED_FACE ( 'NONE', ( #433 ), #7636, .T. ) ;
#941 = ORIENTED_EDGE ( 'NONE', *, *, #7017, .F. ) ;
#942 = FACE_OUTER_BOUND ( 'NONE', #9984, .T. ) ;
#943 = CARTESIAN_POINT ( 'NONE',  ( 0.1449999999999999623, 0.008597722069280349169, -0.1039022779307197386 ) ) ;
#944 = AXIS2_PLACEMENT_3D ( 'NONE', #3032, #3295, #253 ) ;
#945 = DIRECTION ( 'NONE',  ( 0.000000000000000000, -0.000000000000000000, 1.000000000000000000 ) ) ;
#946 = VECTOR ( 'NONE', #9900, 39.37007874015748143 ) ;
#947 = VECTOR ( 'NONE', #6218, 39.37007874015748143 ) ;
#948 = EDGE_LOOP ( 'NONE', ( #5912, #1423 ) ) ;
#949 = PLANE ( 'NONE',  #1530 ) ;
#950 = CARTESIAN_POINT ( 'NONE',  ( 0.07000000000000000666, 0.1726274169979694906, 0.1699999999999997624 ) ) ;
#951 = DIRECTION ( 'NONE',  ( 0.000000000000000000, 0.000000000000000000, 1.000000000000000000 ) ) ;
#952 = ORIENTED_EDGE ( 'NONE', *, *, #3079, .T. ) ;
#953 = CARTESIAN_POINT ( 'NONE',  ( 0.06250000000000001388, 0.2150000000000000244, -0.1125000000000001138 ) ) ;
#954 = CARTESIAN_POINT ( 'NONE',  ( 0.03749999999999999861, 0.2150000000000000244, -0.01250000000000010651 ) ) ;
#955 = DIRECTION ( 'NONE',  ( -1.000000000000000000, 0.000000000000000000, 6.829619984160656074E-16 ) ) ;
#956 = EDGE_CURVE ( 'NONE', #5183, #755, #8437, .T. ) ;
#957 = ORIENTED_EDGE ( 'NONE', *, *, #3317, .F. ) ;
#958 = DIRECTION ( 'NONE',  ( -1.000000000000000000, 0.000000000000000000, 0.000000000000000000 ) ) ;
#959 = EDGE_CURVE ( 'NONE', #9626, #332, #2556, .T. ) ;
#960 = VECTOR ( 'NONE', #4870, 39.37007874015748143 ) ;
#961 = EDGE_CURVE ( 'NONE', #6144, #8893, #5631, .T. ) ;
#962 =( GEOMETRIC_REPRESENTATION_CONTEXT ( 3 ) GLOBAL_UNCERTAINTY_ASSIGNED_CONTEXT ( ( #3906 ) ) GLOBAL_UNIT_ASSIGNED_CONTEXT ( ( #2214, #10268, #10003 ) ) REPRESENTATION_CONTEXT ( 'NONE', 'WORKASPACE' ) );
#963 = ORIENTED_EDGE ( 'NONE', *, *, #9766, .T. ) ;
#964 = DIRECTION ( 'NONE',  ( 1.000000000000000000, 0.000000000000000000, -0.000000000000000000 ) ) ;
#965 = LINE ( 'NONE', #12070, #10538 ) ;
#966 = ORIENTED_EDGE ( 'NONE', *, *, #8325, .F. ) ;
#967 = EDGE_CURVE ( 'NONE', #7763, #6301, #628, .T. ) ;
#968 = CARTESIAN_POINT ( 'NONE',  ( -0.06249999999999981959, 0.1419999999999999873, -0.01250000000000010651 ) ) ;
#969 = CARTESIAN_POINT ( 'NONE',  ( 0.07000000000000002054, 0.02737258300203046849, -0.1700000000000002343 ) ) ;
#970 = EDGE_CURVE ( 'NONE', #6600, #4972, #1542, .T. ) ;
#971 = DIRECTION ( 'NONE',  ( -0.4027386142660224211, 0.000000000000000000, -0.9153150324227632417 ) ) ;
#972 = VERTEX_POINT ( 'NONE', #4390 ) ;
#973 = PLANE ( 'NONE',  #944 ) ;
#974 = EDGE_CURVE ( 'NONE', #1071, #6174, #3407, .T. ) ;
#975 = EDGE_CURVE ( 'NONE', #12008, #5828, #1345, .T. ) ;
#976 = VECTOR ( 'NONE', #11333, 39.37007874015748143 ) ;
#977 = VECTOR ( 'NONE', #4655, 39.37007874015748143 ) ;
#978 = ADVANCED_FACE ( 'NONE', ( #7563 ), #3464, .T. ) ;
#979 = EDGE_CURVE ( 'NONE', #12705, #11523, #9427, .T. ) ;
#980 = VECTOR ( 'NONE', #5008, 39.37007874015748143 ) ;
#981 =( CONVERSION_BASED_UNIT ( 'INCH', #5856 ) LENGTH_UNIT ( ) NAMED_UNIT ( #1303 ) );
#982 = ORIENTED_EDGE ( 'NONE', *, *, #3618, .F. ) ;
#983 = ORIENTED_EDGE ( 'NONE', *, *, #3487, .F. ) ;
#985 = AXIS2_PLACEMENT_3D ( 'NONE', #12414, #58, #8112 ) ;
#984 = CARTESIAN_POINT ( 'NONE',  ( -0.07999999999999973799, 0.1420000000000000151, 0.2500000000000000555 ) ) ;
#986 = EDGE_CURVE ( 'NONE', #1340, #8938, #11854, .T. ) ;
#987 = ORIENTED_EDGE ( 'NONE', *, *, #1139, .T. ) ;
#988 = CARTESIAN_POINT ( 'NONE',  ( -0.06999999999999999278, 0.1499999999999999944, 0.02199999999999978362 ) ) ;
#989 = VECTOR ( 'NONE', #1891, 39.37007874015748143 ) ;
#990 = PLANE ( 'NONE',  #1402 ) ;
#991 = LINE ( 'NONE', #2060, #4306 ) ;
#992 = EDGE_CURVE ( 'NONE', #741, #1340, #7701, .T. ) ;
#993 =( NAMED_UNIT ( * ) PLANE_ANGLE_UNIT ( ) SI_UNIT ( $, .RADIAN. ) );
#994 = MECHANICAL_DESIGN_GEOMETRIC_PRESENTATION_REPRESENTATION (  '', ( #6684 ), #8171 ) ;
#995 = FACE_OUTER_BOUND ( 'NONE', #2153, .T. ) ;
#996 = CARTESIAN_POINT ( 'NONE',  ( 0.07000000000000000666, 0.1419999999999999873, 0.1699999999999997624 ) ) ;
#997 = LINE ( 'NONE', #2984, #8432 ) ;
#998 =( GEOMETRIC_REPRESENTATION_CONTEXT ( 3 ) GLOBAL_UNCERTAINTY_ASSIGNED_CONTEXT ( ( #2077 ) ) GLOBAL_UNIT_ASSIGNED_CONTEXT ( ( #3872, #2713, #8706 ) ) REPRESENTATION_CONTEXT ( 'NONE', 'WORKASPACE' ) );
#999 = ORIENTED_EDGE ( 'NONE', *, *, #7511, .F. ) ;
#1000 = ORIENTED_EDGE ( 'NONE', *, *, #851, .F. ) ;
#1001 = DIRECTION ( 'NONE',  ( 0.000000000000000000, 0.000000000000000000, 1.000000000000000000 ) ) ;
#1002 = PRESENTATION_LAYER_ASSIGNMENT (  '', '', ( #10926 ) ) ;
#1003 = CYLINDRICAL_SURFACE ( 'NONE', #7105, 0.007999999999999989758 ) ;
#1004 = DIRECTION ( 'NONE',  ( 0.000000000000000000, 0.000000000000000000, 1.000000000000000000 ) ) ;
#1005 = CARTESIAN_POINT ( 'NONE',  ( 0.1605095817734711605, 0.01075725181925857310, -0.1982572518192586841 ) ) ;
#1006 = FACE_OUTER_BOUND ( 'NONE', #4567, .T. ) ;
#1007 = VERTEX_POINT ( 'NONE', #8816 ) ;
#1008 = PLANE ( 'NONE',  #5967 ) ;
#1009 = FACE_OUTER_BOUND ( 'NONE', #5572, .T. ) ;
#1010 = UNCERTAINTY_MEASURE_WITH_UNIT (LENGTH_MEASURE( 1.000000000000000082E-05 ), #12316, 'distance_accuracy_value', 'NONE');
#1011 = EDGE_LOOP ( 'NONE', ( #2043, #9021, #1271, #423 ) ) ;
#1012 =( GEOMETRIC_REPRESENTATION_CONTEXT ( 3 ) GLOBAL_UNCERTAINTY_ASSIGNED_CONTEXT ( ( #13028 ) ) GLOBAL_UNIT_ASSIGNED_CONTEXT ( ( #6336, #10326, #9460 ) ) REPRESENTATION_CONTEXT ( 'NONE', 'WORKASPACE' ) );
#1013 = CARTESIAN_POINT ( 'NONE',  ( 0.000000000000000000, 0.1499999999999999944, 0.000000000000000000 ) ) ;
#1014 = VECTOR ( 'NONE', #1656, 39.37007874015748143 ) ;
#1015 = MECHANICAL_DESIGN_GEOMETRIC_PRESENTATION_REPRESENTATION (  '', ( #7557 ), #4610 ) ;
#1016 = DIMENSIONAL_EXPONENTS ( 1.000000000000000000, 0.000000000000000000, 0.000000000000000000, 0.000000000000000000, 0.000000000000000000, 0.000000000000000000, 0.000000000000000000 ) ;
#1017 = ORIENTED_EDGE ( 'NONE', *, *, #10740, .T. ) ;
#1018 = LINE ( 'NONE', #2949, #11672 ) ;
#1019 =( NAMED_UNIT ( * ) SI_UNIT ( $, .STERADIAN. ) SOLID_ANGLE_UNIT ( ) );
#1020 = DIRECTION ( 'NONE',  ( 3.045457963692998845E-16, -1.000000000000000000, -0.000000000000000000 ) ) ;
#1021 = VERTEX_POINT ( 'NONE', #8939 ) ;
#1022 = AXIS2_PLACEMENT_3D ( 'NONE', #5652, #783, #7589 ) ;
#1023 = LINE ( 'NONE', #10153, #12977 ) ;
#1024 = DIRECTION ( 'NONE',  ( 0.000000000000000000, 1.000000000000000000, 0.000000000000000000 ) ) ;
#1025 = CARTESIAN_POINT ( 'NONE',  ( -0.03749999999999999861, 0.05799999999999996825, 0.1124999999999998779 ) ) ;
#1026 = CARTESIAN_POINT ( 'NONE',  ( 0.07500000000000005274, 0.02500000000000001180, 0.08749999999999988343 ) ) ;
#1027 = EDGE_LOOP ( 'NONE', ( #10808, #555 ) ) ;
#1028 = DIRECTION ( 'NONE',  ( 0.000000000000000000, 0.000000000000000000, -1.000000000000000000 ) ) ;
#1029 = AXIS2_PLACEMENT_3D ( 'NONE', #1349, #4649, #6501 ) ;
#1030 = CARTESIAN_POINT ( 'NONE',  ( -0.06250000000000001388, 0.2150000000000000244, -0.01250000000000010651 ) ) ;
#1031 = AXIS2_PLACEMENT_3D ( 'NONE', #6073, #1998, #142 ) ;
#1032 = ADVANCED_FACE ( 'NONE', ( #6956 ), #10007, .F. ) ;
#1033 = ORIENTED_EDGE ( 'NONE', *, *, #8994, .F. ) ;
#1034 = CARTESIAN_POINT ( 'NONE',  ( -0.07000000000000017319, 0.04999999999999998196, 0.05299999999999992217 ) ) ;
#1035 = AXIS2_PLACEMENT_3D ( 'NONE', #3719, #688, #7769 ) ;
#1036 = DIRECTION ( 'NONE',  ( -0.000000000000000000, 1.000000000000000000, -0.000000000000000000 ) ) ;
#1037 = ORIENTED_EDGE ( 'NONE', *, *, #10753, .F. ) ;
#1038 = AXIS2_PLACEMENT_3D ( 'NONE', #6197, #7463, #9257 ) ;
#1039 = CARTESIAN_POINT ( 'NONE',  ( -0.07000000000000017319, 0.05799999999999996825, -0.1470000000000001028 ) ) ;
#1040 = CARTESIAN_POINT ( 'NONE',  ( -0.09499999999999998723, 0.1419999999999999873, -0.1640000000000000902 ) ) ;
#1041 = FACE_OUTER_BOUND ( 'NONE', #3730, .T. ) ;
#1042 = ORIENTED_EDGE ( 'NONE', *, *, #3322, .F. ) ;
#1043 = FACE_OUTER_BOUND ( 'NONE', #11299, .T. ) ;
#1044 = EDGE_CURVE ( 'NONE', #6620, #1492, #12981, .T. ) ;
#1045 = MECHANICAL_DESIGN_GEOMETRIC_PRESENTATION_REPRESENTATION (  '', ( #2957 ), #8228 ) ;
#1046 = EDGE_CURVE ( 'NONE', #9706, #12227, #3905, .T. ) ;
#1047 = CARTESIAN_POINT ( 'NONE',  ( 0.09499999999999998723, 0.1420000000000000151, 0.2500000000000000555 ) ) ;
#1048 = EDGE_LOOP ( 'NONE', ( #2260, #9724, #13022, #2316 ) ) ;
#1049 = ORIENTED_EDGE ( 'NONE', *, *, #11471, .F. ) ;
#1050 = PLANE ( 'NONE',  #10841 ) ;
#1051 =( CONVERSION_BASED_UNIT ( 'INCH', #3041 ) LENGTH_UNIT ( ) NAMED_UNIT ( #6660 ) );
#1052 = VERTEX_POINT ( 'NONE', #2748 ) ;
#1053 = CARTESIAN_POINT ( 'NONE',  ( -0.07500000000000002498, 0.000000000000000000, -0.1125000000000001138 ) ) ;
#1054 = VECTOR ( 'NONE', #5222, 39.37007874015748143 ) ;
#1055 = CARTESIAN_POINT ( 'NONE',  ( -0.03749999999999999861, 0.3643779527559052878, -0.1875000000000001110 ) ) ;
#1056 = PLANE ( 'NONE',  #5759 ) ;
#1057 = CARTESIAN_POINT ( 'NONE',  ( -0.07000000000000017319, 0.05799999999999997519, 0.1470000000000000195 ) ) ;
#1058 = EDGE_CURVE ( 'NONE', #4215, #5463, #10799, .T. ) ;
#1059 = CARTESIAN_POINT ( 'NONE',  ( -0.05390227793071963869, 0.3880000000000000115, 0.1039022779307195166 ) ) ;
#1060 = EDGE_CURVE ( 'NONE', #2465, #1007, #1740, .T. ) ;
#1061 = CARTESIAN_POINT ( 'NONE',  ( -0.06250000000000001388, 0.2150000000000000244, -0.08750000000000010547 ) ) ;
#1063 = ORIENTED_EDGE ( 'NONE', *, *, #11315, .T. ) ;
#1062 = EDGE_CURVE ( 'NONE', #2530, #11984, #7958, .T. ) ;
#1064 = ORIENTED_EDGE ( 'NONE', *, *, #10660, .F. ) ;
#1065 = DIRECTION ( 'NONE',  ( 0.000000000000000000, 1.000000000000000000, 0.000000000000000000 ) ) ;
#1066 = ORIENTED_EDGE ( 'NONE', *, *, #11222, .F. ) ;
#1067 = CARTESIAN_POINT ( 'NONE',  ( 0.07000000000000002054, 0.05799999999999997519, 0.2219999999999998086 ) ) ;
#1068 = DIRECTION ( 'NONE',  ( 0.000000000000000000, 0.000000000000000000, 1.000000000000000000 ) ) ;
#1069 = PLANE ( 'NONE',  #5589 ) ;
#1071 = VERTEX_POINT ( 'NONE', #9813 ) ;
#1070 = EDGE_CURVE ( 'NONE', #10785, #4349, #8748, .T. ) ;
#1072 = DIRECTION ( 'NONE',  ( 2.435670465107224942E-16, -1.000000000000000000, 0.000000000000000000 ) ) ;
#1073 = VERTEX_POINT ( 'NONE', #9748 ) ;
#1074 = LINE ( 'NONE', #5099, #10126 ) ;
#1075 = PLANE ( 'NONE',  #7712 ) ;
#1076 = CARTESIAN_POINT ( 'NONE',  ( 0.09499999999999998723, 0.05799999999999997519, 0.2500000000000000555 ) ) ;
#1077 = DIRECTION ( 'NONE',  ( -0.000000000000000000, 1.000000000000000000, 0.000000000000000000 ) ) ;
#1078 = ORIENTED_EDGE ( 'NONE', *, *, #6712, .F. ) ;
#1079 = LINE ( 'NONE', #9343, #5544 ) ;
#1080 =( NAMED_UNIT ( * ) PLANE_ANGLE_UNIT ( ) SI_UNIT ( $, .RADIAN. ) );
#1081 = VERTEX_POINT ( 'NONE', #11731 ) ;
#1082 = DIRECTION ( 'NONE',  ( -1.000000000000000000, 0.000000000000000000, 0.000000000000000000 ) ) ;
#1083 = CARTESIAN_POINT ( 'NONE',  ( -0.03749999999999980432, 0.05799999999999996825, -0.01250000000000010651 ) ) ;
#1084 = CARTESIAN_POINT ( 'NONE',  ( 0.04504691689008067518, 0.05799999999999997519, 0.1023793565683634998 ) ) ;
#1085 =( LENGTH_UNIT ( ) NAMED_UNIT ( * ) SI_UNIT ( $, .METRE. ) );
#1086 = LINE ( 'NONE', #8167, #1579 ) ;
#1087 = ORIENTED_EDGE ( 'NONE', *, *, #3723, .F. ) ;
#1088 = LINE ( 'NONE', #7375, #6512 ) ;
#1089 = PLANE ( 'NONE',  #8118 ) ;
#1090 = SURFACE_SIDE_STYLE ('',( #241 ) ) ;
#1091 = ORIENTED_EDGE ( 'NONE', *, *, #12207, .T. ) ;
#1092 = CARTESIAN_POINT ( 'NONE',  ( -0.07500000000000005274, 0.02499999999999992506, 0.01249999999999990008 ) ) ;
#1093 = PLANE ( 'NONE',  #7583 ) ;
#1094 = ORIENTED_EDGE ( 'NONE', *, *, #10328, .F. ) ;
#1095 = AXIS2_PLACEMENT_3D ( 'NONE', #6631, #7498, #12465 ) ;
#1096 = LINE ( 'NONE', #5123, #6485 ) ;
#1097 = VECTOR ( 'NONE', #1496, 39.37007874015748143 ) ;
#1098 = DIRECTION ( 'NONE',  ( 0.000000000000000000, 0.000000000000000000, -1.000000000000000000 ) ) ;
#1099 = FACE_BOUND ( 'NONE', #9317, .T. ) ;
#1100 = ORIENTED_EDGE ( 'NONE', *, *, #10355, .F. ) ;
#1101 = PLANE ( 'NONE',  #5776 ) ;
#1102 = EDGE_CURVE ( 'NONE', #3014, #4057, #758, .T. ) ;
#1103 = FACE_OUTER_BOUND ( 'NONE', #8479, .T. ) ;
#1104 = ORIENTED_EDGE ( 'NONE', *, *, #2434, .F. ) ;
#1105 = COLOUR_RGB ( '',1.000000000000000000, 0.8117647058823529438, 0.5019607843137254832 ) ;
#1106 = ORIENTED_EDGE ( 'NONE', *, *, #4103, .T. ) ;
#1107 = LINE ( 'NONE', #5991, #1331 ) ;
#1108 = CARTESIAN_POINT ( 'NONE',  ( 0.03749999999999999861, 0.2150000000000000244, -0.1125000000000001138 ) ) ;
#1109 = ORIENTED_EDGE ( 'NONE', *, *, #9118, .T. ) ;
#1110 = DIRECTION ( 'NONE',  ( 0.000000000000000000, 1.000000000000000000, 0.000000000000000000 ) ) ;
#1111 = EDGE_CURVE ( 'NONE', #7754, #6702, #2806, .T. ) ;
#1112 = CARTESIAN_POINT ( 'NONE',  ( 0.07500000000000005274, 0.02500000000000001180, -0.01250000000000010651 ) ) ;
#1113 = DIRECTION ( 'NONE',  ( 1.000000000000000000, 0.000000000000000000, 0.000000000000000000 ) ) ;
#1114 = VECTOR ( 'NONE', #2055, 39.37007874015748143 ) ;
#1115 = CARTESIAN_POINT ( 'NONE',  ( 0.07000000000000002054, 0.05799999999999997519, -0.07000000000000022871 ) ) ;
#1116 = EDGE_CURVE ( 'NONE', #4497, #12476, #2867, .T. ) ;
#1117 = FILL_AREA_STYLE ('',( #10187 ) ) ;
#1118 = VECTOR ( 'NONE', #11901, 39.37007874015748143 ) ;
#1119 = DIRECTION ( 'NONE',  ( -1.000000000000000000, 0.000000000000000000, 0.000000000000000000 ) ) ;
#1120 = CARTESIAN_POINT ( 'NONE',  ( -0.03749999999999980432, 0.05799999999999996825, -0.01250000000000010651 ) ) ;
#1121 = ORIENTED_EDGE ( 'NONE', *, *, #2923, .F. ) ;
#1122 = ORIENTED_EDGE ( 'NONE', *, *, #733, .F. ) ;
#1123 = DIRECTION ( 'NONE',  ( 0.000000000000000000, 1.000000000000000000, 0.000000000000000000 ) ) ;
#1124 = VECTOR ( 'NONE', #21, 39.37007874015748143 ) ;
#1125 = EDGE_CURVE ( 'NONE', #10585, #6009, #2939, .T. ) ;
#1126 = AXIS2_PLACEMENT_3D ( 'NONE', #11209, #10296, #12137 ) ;
#1127 = ORIENTED_EDGE ( 'NONE', *, *, #6137, .T. ) ;
#1128 = VECTOR ( 'NONE', #3716, 39.37007874015748143 ) ;
#1129 = CARTESIAN_POINT ( 'NONE',  ( -0.1449999999999999623, -0.03750000000000000555, 0.2039022779307195499 ) ) ;
#1130 = CARTESIAN_POINT ( 'NONE',  ( -0.06250000000000001388, 0.3643779527559052878, -0.1125000000000001138 ) ) ;
#1131 = DIMENSIONAL_EXPONENTS ( 1.000000000000000000, 0.000000000000000000, 0.000000000000000000, 0.000000000000000000, 0.000000000000000000, 0.000000000000000000, 0.000000000000000000 ) ;
#1132 = EDGE_CURVE ( 'NONE', #8765, #1215, #828, .T. ) ;
#1133 = DIRECTION ( 'NONE',  ( -0.3420201433256658263, -1.041607969234569816E-16, -0.9396926207859095381 ) ) ;
#1134 = ORIENTED_EDGE ( 'NONE', *, *, #5971, .F. ) ;
#1135 = FACE_OUTER_BOUND ( 'NONE', #10581, .T. ) ;
#1136 = UNCERTAINTY_MEASURE_WITH_UNIT (LENGTH_MEASURE( 1.000000000000000082E-05 ), #13072, 'distance_accuracy_value', 'NONE');
#1137 = ORIENTED_EDGE ( 'NONE', *, *, #10448, .F. ) ;
#1138 = CARTESIAN_POINT ( 'NONE',  ( 0.04609772206928037380, 0.3880000000000000115, 0.2999999999999999889 ) ) ;
#1139 = EDGE_CURVE ( 'NONE', #6384, #4225, #1940, .T. ) ;
#1140 = AXIS2_PLACEMENT_3D ( 'NONE', #715, #1700, #4740 ) ;
#1141 = LINE ( 'NONE', #7015, #1847 ) ;
#1142 = VECTOR ( 'NONE', #1648, 39.37007874015748143 ) ;
#1143 = PLANE ( 'NONE',  #6074 ) ;
#1144 = ADVANCED_FACE ( 'NONE', ( #3838 ), #2681, .T. ) ;
#1145 = AXIS2_PLACEMENT_3D ( 'NONE', #1420, #9500, #2307 ) ;
#1146 = ORIENTED_EDGE ( 'NONE', *, *, #12748, .F. ) ;
#1147 = PLANE ( 'NONE',  #4899 ) ;
#1148 = DIRECTION ( 'NONE',  ( 0.000000000000000000, 0.000000000000000000, 1.000000000000000000 ) ) ;
#1149 = EDGE_CURVE ( 'NONE', #5070, #10116, #10735, .T. ) ;
#1150 = SURFACE_STYLE_FILL_AREA ( #7298 ) ;
#1151 = ORIENTED_EDGE ( 'NONE', *, *, #7695, .F. ) ;
#1152 = FACE_OUTER_BOUND ( 'NONE', #1600, .T. ) ;
#1153 = PRESENTATION_LAYER_ASSIGNMENT (  '', '', ( #8337 ) ) ;
#1154 =( NAMED_UNIT ( * ) SI_UNIT ( $, .STERADIAN. ) SOLID_ANGLE_UNIT ( ) );
#1155 = EDGE_LOOP ( 'NONE', ( #5189, #5675, #2965, #2843 ) ) ;
#1156 = DIRECTION ( 'NONE',  ( -2.435670465107224942E-16, -1.000000000000000000, 0.000000000000000000 ) ) ;
#1157 = LENGTH_MEASURE_WITH_UNIT ( LENGTH_MEASURE( 0.02539999999999999897 ), #5307 );
#1158 = CARTESIAN_POINT ( 'NONE',  ( -0.06250000000000005551, 0.03750000000000001249, -0.1875000000000001110 ) ) ;
#1159 = EDGE_LOOP ( 'NONE', ( #4851, #3117, #6257, #7656 ) ) ;
#1160 = PRESENTATION_STYLE_ASSIGNMENT (( #9226 ) ) ;
#1161 = CARTESIAN_POINT ( 'NONE',  ( -0.06250000000000001388, 0.2150000000000000244, 0.08749999999999988343 ) ) ;
#1162 = AXIS2_PLACEMENT_3D ( 'NONE', #7716, #2696, #5585 ) ;
#1163 = FACE_BOUND ( 'NONE', #8038, .T. ) ;
#1164 = DIRECTION ( 'NONE',  ( 0.000000000000000000, -0.000000000000000000, 1.000000000000000000 ) ) ;
#1165 = DIRECTION ( 'NONE',  ( 1.000000000000000000, 2.435670465107224942E-16, 0.000000000000000000 ) ) ;
#1166 = EDGE_LOOP ( 'NONE', ( #1713, #8120, #884, #9516 ) ) ;
#1167 = LINE ( 'NONE', #5975, #349 ) ;
#1168 = CYLINDRICAL_SURFACE ( 'NONE', #7379, 0.007999999999999972411 ) ;
#1169 = EDGE_LOOP ( 'NONE', ( #11620, #3459, #11334, #2994 ) ) ;
#1170 = CARTESIAN_POINT ( 'NONE',  ( -0.06250000000000001388, 0.3643779527559052878, 0.01249999999999990008 ) ) ;
#1171 = CARTESIAN_POINT ( 'NONE',  ( -0.06999999999999999278, 0.05799999999999997519, 0.06999999999999972911 ) ) ;
#1172 = DIRECTION ( 'NONE',  ( 1.000000000000000000, -0.000000000000000000, -0.000000000000000000 ) ) ;
#1173 = ORIENTED_EDGE ( 'NONE', *, *, #163, .F. ) ;
#1174 = CARTESIAN_POINT ( 'NONE',  ( -0.07500000000000005274, 0.02500000000000001180, -0.2125000000000001332 ) ) ;
#1175 = UNCERTAINTY_MEASURE_WITH_UNIT (LENGTH_MEASURE( 1.000000000000000082E-05 ), #4636, 'distance_accuracy_value', 'NONE');
#1176 = CIRCLE ( 'NONE', #4559, 0.007999999999999989758 ) ;
#1177 = FACE_OUTER_BOUND ( 'NONE', #10970, .T. ) ;
#1178 = ORIENTED_EDGE ( 'NONE', *, *, #11303, .T. ) ;
#1179 = ORIENTED_EDGE ( 'NONE', *, *, #7855, .T. ) ;
#1180 = DIRECTION ( 'NONE',  ( 0.000000000000000000, 0.000000000000000000, 1.000000000000000000 ) ) ;
#1181 = PRODUCT ( '10129383-910001ALF', '10129383-910001ALF', '', ( #9749 ) ) ;
#1182 = VECTOR ( 'NONE', #1297, 39.37007874015748143 ) ;
#1183 = DIRECTION ( 'NONE',  ( 0.000000000000000000, 0.000000000000000000, -1.000000000000000000 ) ) ;
#1184 = DIRECTION ( 'NONE',  ( 0.000000000000000000, 1.000000000000000000, 0.000000000000000000 ) ) ;
#1185 = DIRECTION ( 'NONE',  ( 2.435670465107224942E-16, -1.000000000000000000, 0.000000000000000000 ) ) ;
#1186 =( NAMED_UNIT ( * ) SI_UNIT ( $, .STERADIAN. ) SOLID_ANGLE_UNIT ( ) );
#1187 = VECTOR ( 'NONE', #3024, 39.37007874015748143 ) ;
#1188 = CARTESIAN_POINT ( 'NONE',  ( 0.07500000000000002498, 0.000000000000000000, 0.1874999999999999167 ) ) ;
#1189 = DIRECTION ( 'NONE',  ( -0.000000000000000000, 0.000000000000000000, -1.000000000000000000 ) ) ;
#1190 = DIMENSIONAL_EXPONENTS ( 1.000000000000000000, 0.000000000000000000, 0.000000000000000000, 0.000000000000000000, 0.000000000000000000, 0.000000000000000000, 0.000000000000000000 ) ;
#1191 = MECHANICAL_DESIGN_GEOMETRIC_PRESENTATION_REPRESENTATION (  '', ( #12169 ), #2467 ) ;
#1192 =( NAMED_UNIT ( * ) SI_UNIT ( $, .STERADIAN. ) SOLID_ANGLE_UNIT ( ) );
#1193 = PRESENTATION_LAYER_ASSIGNMENT (  '', '', ( #7325 ) ) ;
#1194 = ORIENTED_EDGE ( 'NONE', *, *, #421, .T. ) ;
#1195 = ORIENTED_EDGE ( 'NONE', *, *, #12056, .F. ) ;
#1196 = CARTESIAN_POINT ( 'NONE',  ( 0.06250000000000001388, 0.2150000000000000244, 0.08749999999999988343 ) ) ;
#1197 = MECHANICAL_DESIGN_GEOMETRIC_PRESENTATION_REPRESENTATION (  '', ( #9445 ), #5412 ) ;
#1198 = EDGE_CURVE ( 'NONE', #2051, #8435, #7765, .T. ) ;
#1199 = ORIENTED_EDGE ( 'NONE', *, *, #5323, .T. ) ;
#1200 =( CONVERSION_BASED_UNIT ( 'INCH', #8278 ) LENGTH_UNIT ( ) NAMED_UNIT ( #7417 ) );
#1201 = DIRECTION ( 'NONE',  ( -0.8891264907159901476, 0.3236155771181820628, -0.3236155771181822849 ) ) ;
#1202 = VECTOR ( 'NONE', #10160, 39.37007874015748143 ) ;
#1203 = FACE_OUTER_BOUND ( 'NONE', #7342, .T. ) ;
#1204 = ORIENTED_EDGE ( 'NONE', *, *, #12288, .F. ) ;
#1205 =( LENGTH_UNIT ( ) NAMED_UNIT ( * ) SI_UNIT ( $, .METRE. ) );
#1206 = ORIENTED_EDGE ( 'NONE', *, *, #11055, .T. ) ;
#1207 = DIRECTION ( 'NONE',  ( 0.000000000000000000, -1.000000000000000000, 0.000000000000000000 ) ) ;
#1208 = DIRECTION ( 'NONE',  ( 0.8891264907159903697, -0.3236155771181813412, -0.3236155771181821739 ) ) ;
#1209 = VECTOR ( 'NONE', #8907, 39.37007874015748143 ) ;
#1210 = LINE ( 'NONE', #9281, #2288 ) ;
#1211 =( NAMED_UNIT ( * ) PLANE_ANGLE_UNIT ( ) SI_UNIT ( $, .RADIAN. ) );
#1212 = AXIS2_PLACEMENT_3D ( 'NONE', #4101, #12254, #3198 ) ;
#1213 = EDGE_CURVE ( 'NONE', #1073, #11149, #6281, .T. ) ;
#1215 = VERTEX_POINT ( 'NONE', #6011 ) ;
#1214 = EDGE_CURVE ( 'NONE', #11871, #10005, #3194, .T. ) ;
#1216 = FACE_OUTER_BOUND ( 'NONE', #6238, .T. ) ;
#1217 = EDGE_CURVE ( 'NONE', #6584, #4453, #6085, .T. ) ;
#1218 = DIRECTION ( 'NONE',  ( 0.000000000000000000, 0.000000000000000000, -1.000000000000000000 ) ) ;
#1219 = DIRECTION ( 'NONE',  ( -1.000000000000000000, 0.000000000000000000, 6.829619984160656074E-16 ) ) ;
#1220 = VERTEX_POINT ( 'NONE', #3064 ) ;
#1221 = VECTOR ( 'NONE', #8877, 39.37007874015748143 ) ;
#1222 = DIRECTION ( 'NONE',  ( 0.000000000000000000, -1.000000000000000000, 0.000000000000000000 ) ) ;
#1223 = DIRECTION ( 'NONE',  ( 0.000000000000000000, 0.000000000000000000, 1.000000000000000000 ) ) ;
#1224 = ORIENTED_EDGE ( 'NONE', *, *, #3863, .F. ) ;
#1225 = FILL_AREA_STYLE_COLOUR ( '', #4511 ) ;
#1226 = CARTESIAN_POINT ( 'NONE',  ( -0.07500000000000003886, 0.03750000000000000555, -0.01250000000000010651 ) ) ;
#1227 = ORIENTED_EDGE ( 'NONE', *, *, #5177, .T. ) ;
#1228 = CARTESIAN_POINT ( 'NONE',  ( -0.1213779527559052523, 2.925482699725639421E-18, 0.1874999999999999167 ) ) ;
#1229 = CARTESIAN_POINT ( 'NONE',  ( -0.09500000000000001499, 0.1419999999999999873, 0.1640000000000000069 ) ) ;
#1230 = VECTOR ( 'NONE', #3389, 39.37007874015748143 ) ;
#1231 = ADVANCED_FACE ( 'NONE', ( #1009 ), #8144, .F. ) ;
#1232 = ADVANCED_FACE ( 'NONE', ( #1135 ), #12182, .T. ) ;
#1233 = DIMENSIONAL_EXPONENTS ( 1.000000000000000000, 0.000000000000000000, 0.000000000000000000, 0.000000000000000000, 0.000000000000000000, 0.000000000000000000, 0.000000000000000000 ) ;
#1234 =( NAMED_UNIT ( * ) SI_UNIT ( $, .STERADIAN. ) SOLID_ANGLE_UNIT ( ) );
#1235 = AXIS2_PLACEMENT_3D ( 'NONE', #7942, #1723, #1924 ) ;
#1236 = EDGE_CURVE ( 'NONE', #12012, #2865, #2146, .T. ) ;
#1237 = STYLED_ITEM ( 'NONE', ( #3488 ), #10927 ) ;
#1238 = LINE ( 'NONE', #4195, #11488 ) ;
#1240 = ORIENTED_EDGE ( 'NONE', *, *, #3330, .T. ) ;
#1239 = EDGE_CURVE ( 'NONE', #6058, #2280, #8824, .T. ) ;
#1241 = CARTESIAN_POINT ( 'NONE',  ( 0.07500000000000002498, 0.000000000000000000, -0.1125000000000001138 ) ) ;
#1242 = PLANE ( 'NONE',  #9915 ) ;
#1243 = ORIENTED_EDGE ( 'NONE', *, *, #10996, .F. ) ;
#1244 = VECTOR ( 'NONE', #2861, 39.37007874015748854 ) ;
#1245 = DIRECTION ( 'NONE',  ( 0.000000000000000000, -1.000000000000000000, 0.000000000000000000 ) ) ;
#1246 = DIRECTION ( 'NONE',  ( -3.045457963692998845E-16, 1.000000000000000000, 0.000000000000000000 ) ) ;
#1247 = ORIENTED_EDGE ( 'NONE', *, *, #3541, .F. ) ;
#1248 = DIRECTION ( 'NONE',  ( -1.000000000000000000, 0.000000000000000000, 0.000000000000000000 ) ) ;
#1249 = ADVANCED_FACE ( 'NONE', ( #3973 ), #8283, .T. ) ;
#1250 = PLANE ( 'NONE',  #12428 ) ;
#1251 =( GEOMETRIC_REPRESENTATION_CONTEXT ( 3 ) GLOBAL_UNCERTAINTY_ASSIGNED_CONTEXT ( ( #7482 ) ) GLOBAL_UNIT_ASSIGNED_CONTEXT ( ( #631, #9433, #1680 ) ) REPRESENTATION_CONTEXT ( 'NONE', 'WORKASPACE' ) );
#1252 =( CONVERSION_BASED_UNIT ( 'INCH', #12484 ) LENGTH_UNIT ( ) NAMED_UNIT ( #2339 ) );
#1253 = ORIENTED_EDGE ( 'NONE', *, *, #2753, .T. ) ;
#1254 = ORIENTED_EDGE ( 'NONE', *, *, #173, .T. ) ;
#1255 = VECTOR ( 'NONE', #1623, 39.37007874015748854 ) ;
#1256 = FILL_AREA_STYLE ('',( #2386 ) ) ;
#1257 = LINE ( 'NONE', #11093, #11679 ) ;
#1258 = DIRECTION ( 'NONE',  ( 3.045457963692998845E-16, 1.000000000000000000, 0.000000000000000000 ) ) ;
#1259 = PLANE ( 'NONE',  #12010 ) ;
#1260 = VECTOR ( 'NONE', #5243, 39.37007874015748143 ) ;
#1261 = CARTESIAN_POINT ( 'NONE',  ( 0.07000000000000000666, 0.1499999999999999944, 0.1619999999999998108 ) ) ;
#1262 = ORIENTED_EDGE ( 'NONE', *, *, #16, .F. ) ;
#1263 = ORIENTED_EDGE ( 'NONE', *, *, #10516, .T. ) ;
#1264 = CARTESIAN_POINT ( 'NONE',  ( 0.05390227793071963869, 0.3880000000000000115, 0.003902277930719528359 ) ) ;
#1265 = ORIENTED_EDGE ( 'NONE', *, *, #10266, .F. ) ;
#1266 = CARTESIAN_POINT ( 'NONE',  ( -0.1100440510024104090, 0.05799999999999997519, -0.2359902289355766403 ) ) ;
#1267 = CARTESIAN_POINT ( 'NONE',  ( -0.09499999999999998723, 0.1420000000000000151, -0.2430053851276749999 ) ) ;
#1268 = VERTEX_POINT ( 'NONE', #4167 ) ;
#1269 = SURFACE_STYLE_FILL_AREA ( #7218 ) ;
#1270 = UNCERTAINTY_MEASURE_WITH_UNIT (LENGTH_MEASURE( 1.000000000000000082E-05 ), #448, 'distance_accuracy_value', 'NONE');
#1271 = ORIENTED_EDGE ( 'NONE', *, *, #1341, .T. ) ;
#1272 =( CONVERSION_BASED_UNIT ( 'INCH', #11192 ) LENGTH_UNIT ( ) NAMED_UNIT ( #11433 ) );
#1273 = DIRECTION ( 'NONE',  ( -1.000000000000000000, 0.000000000000000000, 0.000000000000000000 ) ) ;
#1274 = EDGE_CURVE ( 'NONE', #1979, #1650, #4028, .T. ) ;
#1275 = PRESENTATION_STYLE_ASSIGNMENT (( #10344 ) ) ;
#1276 = ORIENTED_EDGE ( 'NONE', *, *, #12461, .F. ) ;
#1277 =( NAMED_UNIT ( * ) SI_UNIT ( $, .STERADIAN. ) SOLID_ANGLE_UNIT ( ) );
#1278 = CYLINDRICAL_SURFACE ( 'NONE', #12610, 0.01250000000000008049 ) ;
#1279 = ORIENTED_EDGE ( 'NONE', *, *, #9726, .T. ) ;
#1280 = CARTESIAN_POINT ( 'NONE',  ( 0.1449999999999999623, 0.008597722069280349169, 0.1960977220692802780 ) ) ;
#1281 =( NAMED_UNIT ( * ) PLANE_ANGLE_UNIT ( ) SI_UNIT ( $, .RADIAN. ) );
#1282 = ORIENTED_EDGE ( 'NONE', *, *, #8650, .F. ) ;
#1283 = CARTESIAN_POINT ( 'NONE',  ( -0.03749999999999999861, 0.2150000000000000244, -0.01250000000000010651 ) ) ;
#1284 = ADVANCED_FACE ( 'NONE', ( #9137 ), #5227, .T. ) ;
#1285 = SURFACE_STYLE_FILL_AREA ( #10357 ) ;
#1286 = ORIENTED_EDGE ( 'NONE', *, *, #986, .F. ) ;
#1287 = DIRECTION ( 'NONE',  ( 0.000000000000000000, 0.000000000000000000, -1.000000000000000000 ) ) ;
#1288 = FACE_BOUND ( 'NONE', #1027, .T. ) ;
#1289 = EDGE_CURVE ( 'NONE', #12886, #3789, #2402, .T. ) ;
#1290 =( LENGTH_UNIT ( ) NAMED_UNIT ( * ) SI_UNIT ( $, .METRE. ) );
#1291 = ORIENTED_EDGE ( 'NONE', *, *, #6043, .T. ) ;
#1292 = CARTESIAN_POINT ( 'NONE',  ( 0.03749999999999999861, 0.05799999999999996825, -0.08750000000000010547 ) ) ;
#1293 = ORIENTED_EDGE ( 'NONE', *, *, #5775, .F. ) ;
#1294 = CARTESIAN_POINT ( 'NONE',  ( 0.06250000000000001388, 0.1419999999999999873, 0.1874999999999999167 ) ) ;
#1295 = FACE_OUTER_BOUND ( 'NONE', #538, .T. ) ;
#1296 = EDGE_CURVE ( 'NONE', #3026, #19, #11576, .T. ) ;
#1297 = DIRECTION ( 'NONE',  ( -1.000000000000000000, 0.000000000000000000, -0.000000000000000000 ) ) ;
#1298 = ORIENTED_EDGE ( 'NONE', *, *, #7104, .T. ) ;
#1299 = CARTESIAN_POINT ( 'NONE',  ( 0.07000000000000000666, 0.1499999999999999944, 0.06199999999999975669 ) ) ;
#1300 = PRODUCT_DEFINITION_CONTEXT ( 'detailed design', #7534, 'design' ) ;
#1301 = EDGE_CURVE ( 'NONE', #3907, #2530, #11638, .T. ) ;
#1302 = DIRECTION ( 'NONE',  ( -2.435670465107224942E-16, -1.000000000000000000, 0.000000000000000000 ) ) ;
#1303 = DIMENSIONAL_EXPONENTS ( 1.000000000000000000, 0.000000000000000000, 0.000000000000000000, 0.000000000000000000, 0.000000000000000000, 0.000000000000000000, 0.000000000000000000 ) ;
#1304 =( LENGTH_UNIT ( ) NAMED_UNIT ( * ) SI_UNIT ( $, .METRE. ) );
#1305 = VERTEX_POINT ( 'NONE', #4439 ) ;
#1306 = VERTEX_POINT ( 'NONE', #10586 ) ;
#1307 = EDGE_CURVE ( 'NONE', #5624, #5198, #6409, .T. ) ;
#1308 = COLOUR_RGB ( '',1.000000000000000000, 0.8117647058823529438, 0.5019607843137254832 ) ;
#1309 = CARTESIAN_POINT ( 'NONE',  ( -0.03749999999999995698, 0.03750000000000001249, 0.1124999999999998918 ) ) ;
#1310 = PLANE ( 'NONE',  #1038 ) ;
#1311 = FILL_AREA_STYLE_COLOUR ( '', #4059 ) ;
#1312 = FACE_OUTER_BOUND ( 'NONE', #11654, .T. ) ;
#1313 = CARTESIAN_POINT ( 'NONE',  ( -0.07500000000000003886, 0.03750000000000000555, -0.01250000000000010651 ) ) ;
#1314 = COLOUR_RGB ( '',1.000000000000000000, 0.8117647058823529438, 0.5019607843137254832 ) ;
#1315 = CARTESIAN_POINT ( 'NONE',  ( -0.1449999999999999623, -0.03750000000000000555, 0.09609772206928025862 ) ) ;
#1316 = VECTOR ( 'NONE', #6206, 39.37007874015748143 ) ;
#1317 = VERTEX_POINT ( 'NONE', #11379 ) ;
#1318 = ORIENTED_EDGE ( 'NONE', *, *, #4216, .F. ) ;
#1319 = SURFACE_SIDE_STYLE ('',( #1454 ) ) ;
#1320 = ORIENTED_EDGE ( 'NONE', *, *, #11728, .F. ) ;
#1321 = CIRCLE ( 'NONE', #6383, 0.01250000000000008049 ) ;
#1322 = LINE ( 'NONE', #5350, #2128 ) ;
#1323 = LINE ( 'NONE', #10204, #4946 ) ;
#1324 = VECTOR ( 'NONE', #7998, 39.37007874015748143 ) ;
#1325 = ORIENTED_EDGE ( 'NONE', *, *, #890, .T. ) ;
#1326 = CARTESIAN_POINT ( 'NONE',  ( -0.03749999999999999861, 0.2150000000000000244, 0.01249999999999990008 ) ) ;
#1327 = ORIENTED_EDGE ( 'NONE', *, *, #11580, .T. ) ;
#1328 = CARTESIAN_POINT ( 'NONE',  ( 0.1449999999999999623, 0.008597722069280349169, -0.003902277930719733490 ) ) ;
#1329 = CARTESIAN_POINT ( 'NONE',  ( 0.06250000000000001388, 0.3643779527559052878, -0.01250000000000010651 ) ) ;
#1330 = SURFACE_STYLE_USAGE ( .BOTH. , #6286 ) ;
#1331 = VECTOR ( 'NONE', #5206, 39.37007874015748143 ) ;
#1332 =( GEOMETRIC_REPRESENTATION_CONTEXT ( 3 ) GLOBAL_UNCERTAINTY_ASSIGNED_CONTEXT ( ( #12418 ) ) GLOBAL_UNIT_ASSIGNED_CONTEXT ( ( #10609, #2425, #3469 ) ) REPRESENTATION_CONTEXT ( 'NONE', 'WORKASPACE' ) );
#1333 = AXIS2_PLACEMENT_3D ( 'NONE', #1739, #9747, #11730 ) ;
#1334 = ORIENTED_EDGE ( 'NONE', *, *, #11898, .T. ) ;
#1335 = ORIENTED_EDGE ( 'NONE', *, *, #4360, .T. ) ;
#1336 = DIRECTION ( 'NONE',  ( -2.435670465107224942E-16, -1.000000000000000000, 0.000000000000000000 ) ) ;
#1338 = CARTESIAN_POINT ( 'NONE',  ( 0.1213779527559052385, -2.828069580055263137E-18, 0.2124999999999999112 ) ) ;
#1337 = CIRCLE ( 'NONE', #6612, 0.007999999999999989758 ) ;
#1339 = FACE_OUTER_BOUND ( 'NONE', #6543, .T. ) ;
#1340 = VERTEX_POINT ( 'NONE', #1326 ) ;
#1341 = EDGE_CURVE ( 'NONE', #9116, #11466, #1519, .T. ) ;
#1342 = PLANE ( 'NONE',  #8963 ) ;
#1343 = ORIENTED_EDGE ( 'NONE', *, *, #2759, .T. ) ;
#1344 = DIRECTION ( 'NONE',  ( -0.000000000000000000, -0.000000000000000000, -1.000000000000000000 ) ) ;
#1345 = LINE ( 'NONE', #5374, #12719 ) ;
#1346 = AXIS2_PLACEMENT_3D ( 'NONE', #1309, #12487, #2325 ) ;
#1347 = DIRECTION ( 'NONE',  ( 0.000000000000000000, 0.000000000000000000, 1.000000000000000000 ) ) ;
#1348 = ORIENTED_EDGE ( 'NONE', *, *, #2126, .F. ) ;
#1349 = CARTESIAN_POINT ( 'NONE',  ( 0.07000000000000000666, 0.1499999999999999944, 0.1699999999999997624 ) ) ;
#1350 = CARTESIAN_POINT ( 'NONE',  ( 0.04011817604383836194, 0.3715713323165082960, 0.1901181760438382662 ) ) ;
#1351 = VECTOR ( 'NONE', #6322, 39.37007874015748143 ) ;
#1352 = DIRECTION ( 'NONE',  ( 0.000000000000000000, 0.000000000000000000, 1.000000000000000000 ) ) ;
#1353 = VECTOR ( 'NONE', #958, 39.37007874015748143 ) ;
#1354 = ORIENTED_EDGE ( 'NONE', *, *, #640, .F. ) ;
#1355 =( NAMED_UNIT ( * ) PLANE_ANGLE_UNIT ( ) SI_UNIT ( $, .RADIAN. ) );
#1356 = LINE ( 'NONE', #8377, #1668 ) ;
#1357 = VERTEX_POINT ( 'NONE', #5549 ) ;
#1358 = EDGE_CURVE ( 'NONE', #4875, #11387, #12640, .T. ) ;
#1359 = CARTESIAN_POINT ( 'NONE',  ( -0.06250000000000001388, 0.2150000000000000244, -0.1875000000000001110 ) ) ;
#1360 = DIRECTION ( 'NONE',  ( -1.000000000000000000, 0.000000000000000000, -0.000000000000000000 ) ) ;
#1361 = STYLED_ITEM ( 'NONE', ( #11061 ), #4687 ) ;
#1362 = LINE ( 'NONE', #10496, #5609 ) ;
#1363 = ORIENTED_EDGE ( 'NONE', *, *, #1296, .F. ) ;
#1364 = LINE ( 'NONE', #4543, #4738 ) ;
#1365 = EDGE_CURVE ( 'NONE', #10785, #7837, #9459, .T. ) ;
#1366 = DIRECTION ( 'NONE',  ( -1.000000000000000000, 0.000000000000000000, 0.000000000000000000 ) ) ;
#1367 = STYLED_ITEM ( 'NONE', ( #6971 ), #13001 ) ;
#1368 = EDGE_CURVE ( 'NONE', #11717, #10519, #9335, .T. ) ;
#1369 = DIRECTION ( 'NONE',  ( -1.000000000000000000, -6.097874985857736561E-17, 0.000000000000000000 ) ) ;
#1370 = VERTEX_POINT ( 'NONE', #7619 ) ;
#1371 = ORIENTED_EDGE ( 'NONE', *, *, #11892, .F. ) ;
#1372 = DIRECTION ( 'NONE',  ( 0.8891264907159901476, -0.3236155771181821184, -0.3236155771181821739 ) ) ;
#1373 = LENGTH_MEASURE_WITH_UNIT ( LENGTH_MEASURE( 0.02539999999999999897 ), #5334 );
#1374 = ADVANCED_FACE ( 'NONE', ( #2539 ), #5295, .T. ) ;
#1375 = DIRECTION ( 'NONE',  ( 1.000000000000000000, -0.000000000000000000, -0.000000000000000000 ) ) ;
#1376 = ADVANCED_FACE ( 'NONE', ( #3447 ), #7480, .T. ) ;
#1377 = DIRECTION ( 'NONE',  ( 2.435670465107224942E-16, -1.000000000000000000, 0.000000000000000000 ) ) ;
#1378 = LENGTH_MEASURE_WITH_UNIT ( LENGTH_MEASURE( 0.02539999999999999897 ), #8128 );
#1379 = EDGE_CURVE ( 'NONE', #2812, #11101, #412, .T. ) ;
#1380 = EDGE_CURVE ( 'NONE', #6487, #4700, #2466, .T. ) ;
#1381 = EDGE_CURVE ( 'NONE', #10389, #11912, #12421, .T. ) ;
#1382 = ORIENTED_EDGE ( 'NONE', *, *, #11475, .T. ) ;
#1383 = ORIENTED_EDGE ( 'NONE', *, *, #8578, .F. ) ;
#1384 = LINE ( 'NONE', #3503, #12959 ) ;
#1385 = AXIS2_PLACEMENT_3D ( 'NONE', #5337, #6393, #9393 ) ;
#1386 = AXIS2_PLACEMENT_3D ( 'NONE', #12216, #9107, #2178 ) ;
#1387 = ORIENTED_EDGE ( 'NONE', *, *, #11311, .F. ) ;
#1388 = EDGE_CURVE ( 'NONE', #12232, #7020, #8354, .T. ) ;
#1389 = CARTESIAN_POINT ( 'NONE',  ( -0.04609772206928037380, 0.3880000000000000115, -0.09609772206928048066 ) ) ;
#1390 = DIMENSIONAL_EXPONENTS ( 1.000000000000000000, 0.000000000000000000, 0.000000000000000000, 0.000000000000000000, 0.000000000000000000, 0.000000000000000000, 0.000000000000000000 ) ;
#1391 = DIRECTION ( 'NONE',  ( 0.000000000000000000, 0.000000000000000000, -1.000000000000000000 ) ) ;
#1392 = ORIENTED_EDGE ( 'NONE', *, *, #4001, .F. ) ;
#1393 = DIRECTION ( 'NONE',  ( -0.000000000000000000, -1.000000000000000000, -0.000000000000000000 ) ) ;
#1394 = UNCERTAINTY_MEASURE_WITH_UNIT (LENGTH_MEASURE( 1.000000000000000082E-05 ), #4045, 'distance_accuracy_value', 'NONE');
#1395 = ORIENTED_EDGE ( 'NONE', *, *, #8005, .F. ) ;
#1396 = DIRECTION ( 'NONE',  ( 1.000000000000000000, 0.000000000000000000, -0.000000000000000000 ) ) ;
#1397 = FILL_AREA_STYLE ('',( #6483 ) ) ;
#1398 = VECTOR ( 'NONE', #4474, 39.37007874015748143 ) ;
#1399 =( CONVERSION_BASED_UNIT ( 'INCH', #5359 ) LENGTH_UNIT ( ) NAMED_UNIT ( #11146 ) );
#1400 =( NAMED_UNIT ( * ) SI_UNIT ( $, .STERADIAN. ) SOLID_ANGLE_UNIT ( ) );
#1401 = AXIS2_PLACEMENT_3D ( 'NONE', #1619, #10807, #8831 ) ;
#1402 = AXIS2_PLACEMENT_3D ( 'NONE', #7265, #4011, #1258 ) ;
#1403 = EDGE_LOOP ( 'NONE', ( #6667, #6986, #2738, #155 ) ) ;
#1404 = LINE ( 'NONE', #424, #7244 ) ;
#1405 = CARTESIAN_POINT ( 'NONE',  ( -0.07500000000000003886, 0.03750000000000000555, -0.1000000000000000472 ) ) ;
#1406 = CARTESIAN_POINT ( 'NONE',  ( -0.06250000000000001388, 0.3643779527559052878, -0.08750000000000010547 ) ) ;
#1407 = ORIENTED_EDGE ( 'NONE', *, *, #7843, .F. ) ;
#1408 = LINE ( 'NONE', #5434, #10247 ) ;
#1409 = DIRECTION ( 'NONE',  ( 0.000000000000000000, 0.000000000000000000, 1.000000000000000000 ) ) ;
#1410 = EDGE_LOOP ( 'NONE', ( #11594, #12808, #6401, #10711 ) ) ;
#1411 = CARTESIAN_POINT ( 'NONE',  ( 0.000000000000000000, 0.3880000000000000115, 0.1960977220692802780 ) ) ;
#1412 = CARTESIAN_POINT ( 'NONE',  ( 0.03749999999999999861, 0.05799999999999996825, -0.2125000000000001332 ) ) ;
#1413 = VECTOR ( 'NONE', #7825, 39.37007874015748143 ) ;
#1414 = EDGE_LOOP ( 'NONE', ( #7192, #3235, #2729, #864 ) ) ;
#1415 = DIRECTION ( 'NONE',  ( 1.000000000000000000, 3.045457963692998845E-16, -0.000000000000000000 ) ) ;
#1416 = SURFACE_STYLE_FILL_AREA ( #12591 ) ;
#1417 = VECTOR ( 'NONE', #4785, 39.37007874015748143 ) ;
#1418 = AXIS2_PLACEMENT_3D ( 'NONE', #7248, #12014, #2966 ) ;
#1419 = DIMENSIONAL_EXPONENTS ( 1.000000000000000000, 0.000000000000000000, 0.000000000000000000, 0.000000000000000000, 0.000000000000000000, 0.000000000000000000, 0.000000000000000000 ) ;
#1420 = CARTESIAN_POINT ( 'NONE',  ( 0.09499999999999998723, 0.04999999999999998196, 0.03599999999999993483 ) ) ;
#1421 = ORIENTED_EDGE ( 'NONE', *, *, #8252, .F. ) ;
#1422 = CARTESIAN_POINT ( 'NONE',  ( 0.03749999999999999861, 0.1419999999999999873, 0.1124999999999998779 ) ) ;
#1423 = ORIENTED_EDGE ( 'NONE', *, *, #9561, .F. ) ;
#1424 = AXIS2_PLACEMENT_3D ( 'NONE', #3636, #12902, #1864 ) ;
#1425 = DIRECTION ( 'NONE',  ( 1.000000000000000000, 3.045457963692998845E-16, -0.000000000000000000 ) ) ;
#1426 = LINE ( 'NONE', #9507, #6259 ) ;
#1427 = AXIS2_PLACEMENT_3D ( 'NONE', #5614, #1859, #8867 ) ;
#1428 = CARTESIAN_POINT ( 'NONE',  ( 0.1449999999999999623, 0.008597722069280349169, -0.1125000000000001138 ) ) ;
#1429 = ORIENTED_EDGE ( 'NONE', *, *, #7737, .T. ) ;
#1430 = FACE_OUTER_BOUND ( 'NONE', #6400, .T. ) ;
#1431 = DIRECTION ( 'NONE',  ( 0.000000000000000000, 0.000000000000000000, 1.000000000000000000 ) ) ;
#1432 =( GEOMETRIC_REPRESENTATION_CONTEXT ( 3 ) GLOBAL_UNCERTAINTY_ASSIGNED_CONTEXT ( ( #6187 ) ) GLOBAL_UNIT_ASSIGNED_CONTEXT ( ( #3570, #6595, #1646 ) ) REPRESENTATION_CONTEXT ( 'NONE', 'WORKASPACE' ) );
#1433 = SURFACE_STYLE_FILL_AREA ( #9512 ) ;
#1434 = EDGE_CURVE ( 'NONE', #258, #2910, #4503, .T. ) ;
#1435 = STYLED_ITEM ( 'NONE', ( #9120 ), #1678 ) ;
#1436 =( NAMED_UNIT ( * ) PLANE_ANGLE_UNIT ( ) SI_UNIT ( $, .RADIAN. ) );
#1437 = VECTOR ( 'NONE', #11913, 39.37007874015748143 ) ;
#1438 = EDGE_LOOP ( 'NONE', ( #4901, #309, #8281, #1915 ) ) ;
#1439 = ORIENTED_EDGE ( 'NONE', *, *, #5407, .T. ) ;
#1440 = CARTESIAN_POINT ( 'NONE',  ( 0.07500000000000005274, 0.02500000000000001180, -0.2125000000000001332 ) ) ;
#1441 = DIRECTION ( 'NONE',  ( 0.000000000000000000, 0.000000000000000000, -1.000000000000000000 ) ) ;
#1442 = LINE ( 'NONE', #11762, #4343 ) ;
#1443 = VECTOR ( 'NONE', #5277, 39.37007874015748143 ) ;
#1444 = DIRECTION ( 'NONE',  ( 0.000000000000000000, 0.000000000000000000, -1.000000000000000000 ) ) ;
#1445 = LINE ( 'NONE', #10639, #12967 ) ;
#1446 = CARTESIAN_POINT ( 'NONE',  ( -0.07500000000000002498, 0.000000000000000000, -0.1875000000000001110 ) ) ;
#1447 = EDGE_CURVE ( 'NONE', #10863, #8584, #281, .T. ) ;
#1448 = VECTOR ( 'NONE', #6168, 39.37007874015748143 ) ;
#1449 = CARTESIAN_POINT ( 'NONE',  ( 0.05390227793071963869, 0.3880000000000000115, 0.09609772206928025862 ) ) ;
#1450 = EDGE_CURVE ( 'NONE', #4483, #910, #10529, .T. ) ;
#1451 = VECTOR ( 'NONE', #9581, 39.37007874015748143 ) ;
#1452 = ORIENTED_EDGE ( 'NONE', *, *, #10896, .T. ) ;
#1453 = EDGE_LOOP ( 'NONE', ( #7346, #681 ) ) ;
#1454 = SURFACE_STYLE_FILL_AREA ( #5411 ) ;
#1455 = ORIENTED_EDGE ( 'NONE', *, *, #11135, .F. ) ;
#1456 = STYLED_ITEM ( 'NONE', ( #10802 ), #2048 ) ;
#1457 = EDGE_CURVE ( 'NONE', #8681, #2709, #12571, .T. ) ;
#1458 = VECTOR ( 'NONE', #8951, 39.37007874015748143 ) ;
#1459 = DIRECTION ( 'NONE',  ( 0.000000000000000000, 0.000000000000000000, -1.000000000000000000 ) ) ;
#1460 = ORIENTED_EDGE ( 'NONE', *, *, #12354, .F. ) ;
#1461 = CARTESIAN_POINT ( 'NONE',  ( -0.07500000000000002498, 0.000000000000000000, -0.1875000000000001110 ) ) ;
#1462 = EDGE_CURVE ( 'NONE', #11670, #3944, #8923, .T. ) ;
#1463 = ORIENTED_EDGE ( 'NONE', *, *, #10835, .F. ) ;
#1464 = DIRECTION ( 'NONE',  ( 0.9153150324227631307, 0.000000000000000000, -0.4027386142660223656 ) ) ;
#1465 = CARTESIAN_POINT ( 'NONE',  ( -0.03749999999999980432, 0.05799999999999996825, 0.1874999999999999167 ) ) ;
#1466 = ADVANCED_FACE ( 'NONE', ( #6674 ), #2852, .T. ) ;
#1467 = SURFACE_STYLE_FILL_AREA ( #6350 ) ;
#1468 = VECTOR ( 'NONE', #3458, 39.37007874015748143 ) ;
#1469 = ORIENTED_EDGE ( 'NONE', *, *, #10921, .F. ) ;
#1470 = ORIENTED_EDGE ( 'NONE', *, *, #2201, .T. ) ;
#1471 = FILL_AREA_STYLE ('',( #5563 ) ) ;
#1472 = ADVANCED_FACE ( 'NONE', ( #737 ), #5799, .T. ) ;
#1473 = DIRECTION ( 'NONE',  ( 1.000000000000000000, 0.000000000000000000, 0.000000000000000000 ) ) ;
#1474 = CARTESIAN_POINT ( 'NONE',  ( -0.1449999999999999623, -4.268512490100412049E-18, 0.2039022779307195499 ) ) ;
#1475 = EDGE_LOOP ( 'NONE', ( #11251, #6560, #999, #3165 ) ) ;
#1476 = CARTESIAN_POINT ( 'NONE',  ( -0.06249999999999981959, 0.05799999999999997519, 0.08749999999999986955 ) ) ;
#1477 = CARTESIAN_POINT ( 'NONE',  ( 0.09499999999999998723, 0.04999999999999998196, -0.06400000000000007072 ) ) ;
#1478 = VERTEX_POINT ( 'NONE', #12900 ) ;
#1479 = CARTESIAN_POINT ( 'NONE',  ( 0.03749999999999999861, 0.05799999999999996825, 0.1874999999999999167 ) ) ;
#1480 = AXIS2_PLACEMENT_3D ( 'NONE', #9597, #604, #10582 ) ;
#1481 = ORIENTED_EDGE ( 'NONE', *, *, #825, .F. ) ;
#1482 = PLANE ( 'NONE',  #10032 ) ;
#1483 = PLANE ( 'NONE',  #7755 ) ;
#1484 = CARTESIAN_POINT ( 'NONE',  ( -0.06249999999999980571, 0.1419999999999999873, 0.2124999999999999112 ) ) ;
#1485 = VERTEX_POINT ( 'NONE', #7941 ) ;
#1486 = CARTESIAN_POINT ( 'NONE',  ( -0.03749999999999999861, 0.2150000000000000244, -0.1875000000000001110 ) ) ;
#1487 = PRESENTATION_STYLE_ASSIGNMENT (( #6507 ) ) ;
#1488 = EDGE_LOOP ( 'NONE', ( #11022, #2811, #9731, #5958 ) ) ;
#1489 = CARTESIAN_POINT ( 'NONE',  ( -0.05988182395616164361, 0.3715713323165082960, -0.1098818239561617643 ) ) ;
#1490 = CARTESIAN_POINT ( 'NONE',  ( -0.1213779527559052523, 0.02500000000000000486, -0.01250000000000010651 ) ) ;
#1491 = PLANE ( 'NONE',  #5806 ) ;
#1492 = VERTEX_POINT ( 'NONE', #11965 ) ;
#1493 = DIRECTION ( 'NONE',  ( 0.000000000000000000, -1.000000000000000000, 0.000000000000000000 ) ) ;
#1494 = LINE ( 'NONE', #4607, #4694 ) ;
#1495 = PLANE ( 'NONE',  #2724 ) ;
#1496 = DIRECTION ( 'NONE',  ( 0.000000000000000000, 0.000000000000000000, -1.000000000000000000 ) ) ;
#1497 = VERTEX_POINT ( 'NONE', #9792 ) ;
#1498 = EDGE_LOOP ( 'NONE', ( #60, #7231, #1354, #493 ) ) ;
#1499 = DIRECTION ( 'NONE',  ( -1.000000000000000000, 0.000000000000000000, 0.000000000000000000 ) ) ;
#1500 = SURFACE_STYLE_FILL_AREA ( #3808 ) ;
#1501 = LENGTH_MEASURE_WITH_UNIT ( LENGTH_MEASURE( 0.02539999999999999897 ), #9133 );
#1502 = DIRECTION ( 'NONE',  ( 0.000000000000000000, -0.000000000000000000, 1.000000000000000000 ) ) ;
#1503 = EDGE_CURVE ( 'NONE', #8156, #4713, #4761, .T. ) ;
#1504 = FACE_OUTER_BOUND ( 'NONE', #8828, .T. ) ;
#1505 = DIRECTION ( 'NONE',  ( -0.3420201433256656598, 0.9396926207859095381, 0.000000000000000000 ) ) ;
#1506 = SURFACE_STYLE_FILL_AREA ( #11496 ) ;
#1507 = MECHANICAL_DESIGN_GEOMETRIC_PRESENTATION_REPRESENTATION (  '', ( #5931 ), #1733 ) ;
#1508 = ORIENTED_EDGE ( 'NONE', *, *, #9634, .T. ) ;
#1509 = ORIENTED_EDGE ( 'NONE', *, *, #4382, .F. ) ;
#1510 = DIRECTION ( 'NONE',  ( 0.000000000000000000, 0.000000000000000000, 1.000000000000000000 ) ) ;
#1512 = EDGE_CURVE ( 'NONE', #332, #11137, #1790, .T. ) ;
#1511 = VERTEX_POINT ( 'NONE', #871 ) ;
#1513 = SURFACE_SIDE_STYLE ('',( #3506 ) ) ;
#1514 = VECTOR ( 'NONE', #5438, 39.37007874015748143 ) ;
#1515 = EDGE_CURVE ( 'NONE', #7166, #1699, #2730, .T. ) ;
#1516 = DIRECTION ( 'NONE',  ( -0.000000000000000000, -1.000000000000000000, -0.000000000000000000 ) ) ;
#1517 = ORIENTED_EDGE ( 'NONE', *, *, #31, .T. ) ;
#1518 = VECTOR ( 'NONE', #2842, 39.37007874015748143 ) ;
#1519 = LINE ( 'NONE', #6481, #1860 ) ;
#1520 = CLOSED_SHELL ( 'NONE', ( #18, #2016, #4834, #6718, #5883, #8563, #8987, #3290, #978, #11784, #12144, #9861, #6960, #3871, #11865, #5417, #7022, #9872 ) ) ;
#1521 = UNCERTAINTY_MEASURE_WITH_UNIT (LENGTH_MEASURE( 1.000000000000000082E-05 ), #1051, 'distance_accuracy_value', 'NONE');
#1522 = ORIENTED_EDGE ( 'NONE', *, *, #5005, .F. ) ;
#1523 = DIRECTION ( 'NONE',  ( -1.000000000000000000, -0.000000000000000000, -0.000000000000000000 ) ) ;
#1524 = FILL_AREA_STYLE ('',( #10658 ) ) ;
#1525 = VECTOR ( 'NONE', #7749, 39.37007874015748143 ) ;
#1526 = DIRECTION ( 'NONE',  ( 0.000000000000000000, 0.000000000000000000, -1.000000000000000000 ) ) ;
#1527 = EDGE_CURVE ( 'NONE', #2573, #3204, #11839, .T. ) ;
#1528 = ORIENTED_EDGE ( 'NONE', *, *, #7574, .F. ) ;
#1529 = EDGE_LOOP ( 'NONE', ( #6094, #10887, #10477, #10873 ) ) ;
#1530 = AXIS2_PLACEMENT_3D ( 'NONE', #6838, #1950, #3006 ) ;
#1531 = ORIENTED_EDGE ( 'NONE', *, *, #2119, .T. ) ;
#1532 = EDGE_CURVE ( 'NONE', #9602, #8915, #11906, .T. ) ;
#1533 = DIRECTION ( 'NONE',  ( -1.000000000000000000, 0.000000000000000000, 0.000000000000000000 ) ) ;
#1534 = STYLED_ITEM ( 'NONE', ( #7915 ), #10099 ) ;
#1535 = CARTESIAN_POINT ( 'NONE',  ( -0.03749999999999995698, 0.03750000000000001249, -0.1875000000000001110 ) ) ;
#1536 = ORIENTED_EDGE ( 'NONE', *, *, #9391, .F. ) ;
#1537 = ADVANCED_FACE ( 'NONE', ( #9926 ), #6942, .T. ) ;
#1538 = CARTESIAN_POINT ( 'NONE',  ( -0.07999999999999979350, 0.6848831648126535443, -0.2500000000000000555 ) ) ;
#1539 = EDGE_CURVE ( 'NONE', #5171, #4626, #2072, .T. ) ;
#1540 = ORIENTED_EDGE ( 'NONE', *, *, #6147, .T. ) ;
#1541 = CARTESIAN_POINT ( 'NONE',  ( 0.07000000000000002054, 0.04999999999999998196, 0.02999999999999978378 ) ) ;
#1542 = LINE ( 'NONE', #11398, #7864 ) ;
#1543 = EDGE_CURVE ( 'NONE', #2596, #12306, #12828, .T. ) ;
#1544 = ORIENTED_EDGE ( 'NONE', *, *, #1139, .F. ) ;
#1545 = VECTOR ( 'NONE', #8123, 39.37007874015748143 ) ;
#1546 = CARTESIAN_POINT ( 'NONE',  ( -0.07500000000000003886, 0.03750000000000000555, 0.1874999999999999167 ) ) ;
#1547 = AXIS2_PLACEMENT_3D ( 'NONE', #9922, #3820, #3888 ) ;
#1548 = ADVANCED_FACE ( 'NONE', ( #5866 ), #3823, .T. ) ;
#1549 = VECTOR ( 'NONE', #6825, 39.37007874015748143 ) ;
#1550 = ADVANCED_FACE ( 'NONE', ( #608 ), #2663, .F. ) ;
#1551 = DIRECTION ( 'NONE',  ( 0.000000000000000000, 0.000000000000000000, 1.000000000000000000 ) ) ;
#1552 = EDGE_LOOP ( 'NONE', ( #7626, #6695, #4364, #12266 ) ) ;
#1553 = FACE_OUTER_BOUND ( 'NONE', #276, .T. ) ;
#1554 = AXIS2_PLACEMENT_3D ( 'NONE', #6803, #8719, #1651 ) ;
#1555 = LENGTH_MEASURE_WITH_UNIT ( LENGTH_MEASURE( 0.02539999999999999897 ), #9629 );
#1556 = ORIENTED_EDGE ( 'NONE', *, *, #26, .F. ) ;
#1557 = VECTOR ( 'NONE', #11440, 39.37007874015748143 ) ;
#1558 = PRESENTATION_STYLE_ASSIGNMENT (( #8894 ) ) ;
#1559 = MECHANICAL_DESIGN_GEOMETRIC_PRESENTATION_REPRESENTATION (  '', ( #11684 ), #3252 ) ;
#1560 = EDGE_CURVE ( 'NONE', #7703, #3409, #1721, .T. ) ;
#1561 = LINE ( 'NONE', #9761, #6309 ) ;
#1562 = CARTESIAN_POINT ( 'NONE',  ( 0.06250000000000001388, 0.3880000000000000115, 0.1124999999999998918 ) ) ;
#1563 = LENGTH_MEASURE_WITH_UNIT ( LENGTH_MEASURE( 0.02539999999999999897 ), #7785 );
#1564 = ORIENTED_EDGE ( 'NONE', *, *, #12676, .T. ) ;
#1565 = LINE ( 'NONE', #9638, #7916 ) ;
#1566 = VECTOR ( 'NONE', #8467, 39.37007874015748854 ) ;
#1567 = DIRECTION ( 'NONE',  ( 1.000000000000000000, 0.000000000000000000, -0.000000000000000000 ) ) ;
#1568 = PLANE ( 'NONE',  #6285 ) ;
#1569 = VECTOR ( 'NONE', #4871, 39.37007874015748143 ) ;
#1570 =( LENGTH_UNIT ( ) NAMED_UNIT ( * ) SI_UNIT ( $, .METRE. ) );
#1571 = ORIENTED_EDGE ( 'NONE', *, *, #12354, .T. ) ;
#1572 = DIRECTION ( 'NONE',  ( -3.045457963692998352E-16, 1.000000000000000000, 0.000000000000000000 ) ) ;
#1573 = LINE ( 'NONE', #9714, #4193 ) ;
#1574 = LINE ( 'NONE', #4420, #5215 ) ;
#1575 = CARTESIAN_POINT ( 'NONE',  ( 0.03749999999999999861, 0.2150000000000000244, -0.2125000000000001332 ) ) ;
#1576 = DIRECTION ( 'NONE',  ( 1.000000000000000000, 3.045457963692998845E-16, -0.000000000000000000 ) ) ;
#1577 = AXIS2_PLACEMENT_3D ( 'NONE', #12801, #2703, #11872 ) ;
#1578 = CARTESIAN_POINT ( 'NONE',  ( 0.07000000000000000666, 0.1726274169979694906, -0.2300000000000002875 ) ) ;
#1579 = VECTOR ( 'NONE', #3080, 39.37007874015748143 ) ;
#1580 = VECTOR ( 'NONE', #1877, 39.37007874015748143 ) ;
#1581 = LINE ( 'NONE', #598, #11695 ) ;
#1582 = ORIENTED_EDGE ( 'NONE', *, *, #4690, .F. ) ;
#1583 = VERTEX_POINT ( 'NONE', #8726 ) ;
#1584 = FILL_AREA_STYLE ('',( #11959 ) ) ;
#1585 = VERTEX_POINT ( 'NONE', #12761 ) ;
#1586 = AXIS2_PLACEMENT_3D ( 'NONE', #6828, #3652, #9814 ) ;
#1587 = FACE_OUTER_BOUND ( 'NONE', #2292, .T. ) ;
#1588 = VERTEX_POINT ( 'NONE', #6810 ) ;
#1589 = DIRECTION ( 'NONE',  ( -0.9153150324227631307, -0.000000000000000000, -0.4027386142660223656 ) ) ;
#1590 = ORIENTED_EDGE ( 'NONE', *, *, #12837, .T. ) ;
#1591 = DIRECTION ( 'NONE',  ( 0.4226182617406984421, 0.000000000000000000, 0.9063077870366504918 ) ) ;
#1592 = DIRECTION ( 'NONE',  ( 0.000000000000000000, 0.000000000000000000, 1.000000000000000000 ) ) ;
#1593 = FILL_AREA_STYLE ('',( #6880 ) ) ;
#1594 = PLANE ( 'NONE',  #10955 ) ;
#1595 = VECTOR ( 'NONE', #10182, 39.37007874015748854 ) ;
#1596 = STYLED_ITEM ( 'NONE', ( #5025 ), #180 ) ;
#1597 = EDGE_CURVE ( 'NONE', #258, #10340, #10847, .T. ) ;
#1598 = EDGE_LOOP ( 'NONE', ( #1990, #3261, #11263, #4580 ) ) ;
#1599 = EDGE_LOOP ( 'NONE', ( #7450, #9274, #3793, #8235 ) ) ;
#1600 = EDGE_LOOP ( 'NONE', ( #12773, #5596, #5281, #8819 ) ) ;
#1601 = CARTESIAN_POINT ( 'NONE',  ( 0.1449999999999999623, 0.008597722069280349169, -0.01250000000000010651 ) ) ;
#1602 = DIRECTION ( 'NONE',  ( 0.000000000000000000, -0.000000000000000000, 1.000000000000000000 ) ) ;
#1603 = CARTESIAN_POINT ( 'NONE',  ( 0.06250000000000001388, 0.3643779527559052878, -0.01250000000000010651 ) ) ;
#1604 = VERTEX_POINT ( 'NONE', #12236 ) ;
#1605 = DIRECTION ( 'NONE',  ( -0.000000000000000000, 1.000000000000000000, -0.000000000000000000 ) ) ;
#1606 = ORIENTED_EDGE ( 'NONE', *, *, #7856, .F. ) ;
#1607 = PLANE ( 'NONE',  #1333 ) ;
#1608 = DIRECTION ( 'NONE',  ( -0.000000000000000000, 1.000000000000000000, -0.000000000000000000 ) ) ;
#1609 =( GEOMETRIC_REPRESENTATION_CONTEXT ( 3 ) GLOBAL_UNCERTAINTY_ASSIGNED_CONTEXT ( ( #2594 ) ) GLOBAL_UNIT_ASSIGNED_CONTEXT ( ( #1628, #11676, #6849 ) ) REPRESENTATION_CONTEXT ( 'NONE', 'WORKASPACE' ) );
#1610 = VERTEX_POINT ( 'NONE', #9188 ) ;
#1611 = LENGTH_MEASURE_WITH_UNIT ( LENGTH_MEASURE( 0.02539999999999999897 ), #561 );
#1612 = LINE ( 'NONE', #5634, #11071 ) ;
#1613 = VECTOR ( 'NONE', #10019, 39.37007874015748143 ) ;
#1614 = CARTESIAN_POINT ( 'NONE',  ( 0.07000000000000002054, 0.04999999999999998196, 0.1379999999999997617 ) ) ;
#1615 = EDGE_CURVE ( 'NONE', #11918, #3947, #8629, .T. ) ;
#1616 = EDGE_CURVE ( 'NONE', #8568, #2097, #6068, .T. ) ;
#1617 = VECTOR ( 'NONE', #11752, 39.37007874015748143 ) ;
#1618 = VERTEX_POINT ( 'NONE', #10125 ) ;
#1619 = CARTESIAN_POINT ( 'NONE',  ( 0.1449999999999999623, 0.008597722069280350904, 0.4000000000000000222 ) ) ;
#1620 = ORIENTED_EDGE ( 'NONE', *, *, #5395, .T. ) ;
#1621 = AXIS2_PLACEMENT_3D ( 'NONE', #6492, #2550, #1473 ) ;
#1622 = CARTESIAN_POINT ( 'NONE',  ( 0.1449999999999999623, 0.01640227793071964008, -0.003902277930719733490 ) ) ;
#1623 = DIRECTION ( 'NONE',  ( 0.9153150324227631307, -0.000000000000000000, 0.4027386142660223656 ) ) ;
#1624 = DIRECTION ( 'NONE',  ( -0.000000000000000000, 1.000000000000000000, -0.000000000000000000 ) ) ;
#1625 = SURFACE_SIDE_STYLE ('',( #11536 ) ) ;
#1626 = ADVANCED_FACE ( 'NONE', ( #12091 ), #8002, .T. ) ;
#1627 = AXIS2_PLACEMENT_3D ( 'NONE', #12522, #12470, #11461 ) ;
#1628 =( CONVERSION_BASED_UNIT ( 'INCH', #1563 ) LENGTH_UNIT ( ) NAMED_UNIT ( #12257 ) );
#1629 = ORIENTED_EDGE ( 'NONE', *, *, #4999, .T. ) ;
#1630 = CARTESIAN_POINT ( 'NONE',  ( 0.07500000000000002498, 0.000000000000000000, 0.08749999999999988343 ) ) ;
#1631 = EDGE_CURVE ( 'NONE', #6563, #8765, #3180, .T. ) ;
#1632 = CARTESIAN_POINT ( 'NONE',  ( -0.2036698591370891265, 0.02995180444377151113, -0.1825481955562285596 ) ) ;
#1633 = VECTOR ( 'NONE', #11216, 39.37007874015748143 ) ;
#1634 = FACE_OUTER_BOUND ( 'NONE', #4562, .T. ) ;
#1635 = EDGE_CURVE ( 'NONE', #662, #10863, #11231, .T. ) ;
#1636 = CIRCLE ( 'NONE', #1212, 0.01250000000000008049 ) ;
#1637 = VERTEX_POINT ( 'NONE', #3047 ) ;
#1638 = DIRECTION ( 'NONE',  ( -0.9396926207859094271, -0.3420201433256662704, -0.000000000000000000 ) ) ;
#1639 = CARTESIAN_POINT ( 'NONE',  ( -0.03749999999999999861, 0.1419999999999999873, -0.08750000000000010547 ) ) ;
#1640 = EDGE_CURVE ( 'NONE', #10434, #10877, #927, .T. ) ;
#1641 = CARTESIAN_POINT ( 'NONE',  ( -0.06249999999999980571, 0.05799999999999996825, 0.01249999999999990008 ) ) ;
#1642 = DIRECTION ( 'NONE',  ( 0.000000000000000000, 0.000000000000000000, -1.000000000000000000 ) ) ;
#1643 = CARTESIAN_POINT ( 'NONE',  ( -0.06250000000000001388, 0.2150000000000000244, 0.2124999999999999112 ) ) ;
#1644 = COLOUR_RGB ( '',1.000000000000000000, 0.8117647058823529438, 0.5019607843137254832 ) ;
#1645 = AXIS2_PLACEMENT_3D ( 'NONE', #11189, #3128, #7149 ) ;
#1646 =( NAMED_UNIT ( * ) SI_UNIT ( $, .STERADIAN. ) SOLID_ANGLE_UNIT ( ) );
#1647 = VECTOR ( 'NONE', #5869, 39.37007874015748143 ) ;
#1648 = DIRECTION ( 'NONE',  ( -0.000000000000000000, 1.000000000000000000, -0.000000000000000000 ) ) ;
#1649 = ORIENTED_EDGE ( 'NONE', *, *, #3331, .F. ) ;
#1650 = VERTEX_POINT ( 'NONE', #6203 ) ;
#1651 = DIRECTION ( 'NONE',  ( 1.000000000000000000, 0.000000000000000000, 0.000000000000000000 ) ) ;
#1652 = ORIENTED_EDGE ( 'NONE', *, *, #8019, .F. ) ;
#1653 = CARTESIAN_POINT ( 'NONE',  ( 0.07500000000000005274, 0.000000000000000000, -0.01250000000000010651 ) ) ;
#1654 = DIRECTION ( 'NONE',  ( 0.3420201433256658263, -1.041607969234569816E-16, -0.9396926207859095381 ) ) ;
#1655 = VERTEX_POINT ( 'NONE', #1057 ) ;
#1656 = DIRECTION ( 'NONE',  ( -0.000000000000000000, 1.000000000000000000, -0.000000000000000000 ) ) ;
#1657 = UNCERTAINTY_MEASURE_WITH_UNIT (LENGTH_MEASURE( 1.000000000000000082E-05 ), #12272, 'distance_accuracy_value', 'NONE');
#1658 = ORIENTED_EDGE ( 'NONE', *, *, #9651, .T. ) ;
#1659 = DIRECTION ( 'NONE',  ( 0.000000000000000000, 0.000000000000000000, 1.000000000000000000 ) ) ;
#1660 = FACE_OUTER_BOUND ( 'NONE', #714, .T. ) ;
#1661 = VECTOR ( 'NONE', #12451, 39.37007874015748143 ) ;
#1662 = DIRECTION ( 'NONE',  ( 0.000000000000000000, 1.000000000000000000, 0.000000000000000000 ) ) ;
#1663 = CARTESIAN_POINT ( 'NONE',  ( -0.06250000000000001388, 0.3643779527559052878, -0.1875000000000001110 ) ) ;
#1664 = VERTEX_POINT ( 'NONE', #11 ) ;
#1665 = ORIENTED_EDGE ( 'NONE', *, *, #11462, .F. ) ;
#1666 = VECTOR ( 'NONE', #8304, 39.37007874015748143 ) ;
#1667 = EDGE_LOOP ( 'NONE', ( #1675, #12262, #8623, #9285 ) ) ;
#1669 = PRESENTATION_STYLE_ASSIGNMENT (( #8618 ) ) ;
#1668 = VECTOR ( 'NONE', #9305, 39.37007874015748143 ) ;
#1670 = CARTESIAN_POINT ( 'NONE',  ( -0.03749999999999980432, 0.05799999999999996825, 0.08749999999999986955 ) ) ;
#1671 = CARTESIAN_POINT ( 'NONE',  ( 0.06250000000000001388, 0.3643779527559052878, -0.08750000000000010547 ) ) ;
#1672 = CARTESIAN_POINT ( 'NONE',  ( -0.03750000000000004718, 0.03750000000000001249, -0.2125000000000001332 ) ) ;
#1673 = COLOUR_RGB ( '',1.000000000000000000, 0.8117647058823529438, 0.5019607843137254832 ) ;
#1674 = DIRECTION ( 'NONE',  ( 1.000000000000000000, -6.097874985857736561E-17, 0.000000000000000000 ) ) ;
#1675 = ORIENTED_EDGE ( 'NONE', *, *, #1951, .T. ) ;
#1676 = LENGTH_MEASURE_WITH_UNIT ( LENGTH_MEASURE( 0.02539999999999999897 ), #6497 );
#1677 = DIRECTION ( 'NONE',  ( 1.000000000000000000, 0.000000000000000000, 0.000000000000000000 ) ) ;
#1678 = ADVANCED_FACE ( 'NONE', ( #139 ), #9261, .T. ) ;
#1679 = ORIENTED_EDGE ( 'NONE', *, *, #8485, .T. ) ;
#1680 =( NAMED_UNIT ( * ) SI_UNIT ( $, .STERADIAN. ) SOLID_ANGLE_UNIT ( ) );
#1681 = CARTESIAN_POINT ( 'NONE',  ( 0.000000000000000000, 0.04999999999999998196, 0.000000000000000000 ) ) ;
#1682 = CARTESIAN_POINT ( 'NONE',  ( -0.05988182395616164361, 0.3715713323165082960, -0.09011817604383845492 ) ) ;
#1683 = AXIS2_PLACEMENT_3D ( 'NONE', #2413, #9151, #427 ) ;
#1684 = DIRECTION ( 'NONE',  ( 1.000000000000000000, 0.000000000000000000, 0.000000000000000000 ) ) ;
#1685 = ORIENTED_EDGE ( 'NONE', *, *, #10364, .F. ) ;
#1686 = DIRECTION ( 'NONE',  ( -1.000000000000000000, 0.000000000000000000, 0.000000000000000000 ) ) ;
#1687 = EDGE_LOOP ( 'NONE', ( #570, #9815, #6999, #436 ) ) ;
#1688 = EDGE_CURVE ( 'NONE', #7020, #2573, #208, .T. ) ;
#1689 = VECTOR ( 'NONE', #7212, 39.37007874015747433 ) ;
#1690 = DIRECTION ( 'NONE',  ( 3.045457963692998352E-16, -1.000000000000000000, 0.000000000000000000 ) ) ;
#1691 = DIRECTION ( 'NONE',  ( 0.000000000000000000, 0.000000000000000000, 1.000000000000000000 ) ) ;
#1692 = CARTESIAN_POINT ( 'NONE',  ( 0.07000000000000000666, 0.1726274169979694906, -0.03000000000000025910 ) ) ;
#1693 = EDGE_CURVE ( 'NONE', #9695, #10889, #10059, .T. ) ;
#1694 = CARTESIAN_POINT ( 'NONE',  ( -0.1449999999999999623, -0.03750000000000000555, 0.1960977220692802780 ) ) ;
#1695 = ORIENTED_EDGE ( 'NONE', *, *, #9718, .T. ) ;
#1696 = PRESENTATION_STYLE_ASSIGNMENT (( #11817 ) ) ;
#1697 = ADVANCED_FACE ( 'NONE', ( #8995 ), #13027, .T. ) ;
#1698 =( CONVERSION_BASED_UNIT ( 'INCH', #7793 ) LENGTH_UNIT ( ) NAMED_UNIT ( #5351 ) );
#1699 = VERTEX_POINT ( 'NONE', #7268 ) ;
#1700 = DIRECTION ( 'NONE',  ( 0.000000000000000000, 1.000000000000000000, 0.000000000000000000 ) ) ;
#1701 =( NAMED_UNIT ( * ) SI_UNIT ( $, .STERADIAN. ) SOLID_ANGLE_UNIT ( ) );
#1702 = ORIENTED_EDGE ( 'NONE', *, *, #6604, .F. ) ;
#1703 = DIRECTION ( 'NONE',  ( -0.000000000000000000, 1.000000000000000000, -0.000000000000000000 ) ) ;
#1704 = CARTESIAN_POINT ( 'NONE',  ( -0.03749999999999980432, 0.05799999999999996825, -0.2125000000000001332 ) ) ;
#1705 = PLANE ( 'NONE',  #12586 ) ;
#1706 = CARTESIAN_POINT ( 'NONE',  ( 0.03749999999999999861, 0.3643779527559052878, -0.1125000000000001138 ) ) ;
#1707 = EDGE_CURVE ( 'NONE', #4215, #741, #3309, .T. ) ;
#1708 = FACE_OUTER_BOUND ( 'NONE', #11268, .T. ) ;
#1709 = LINE ( 'NONE', #11696, #6499 ) ;
#1710 = ADVANCED_FACE ( 'NONE', ( #4355 ), #462, .F. ) ;
#1711 = DIRECTION ( 'NONE',  ( -0.000000000000000000, 0.000000000000000000, -1.000000000000000000 ) ) ;
#1712 = ORIENTED_EDGE ( 'NONE', *, *, #6989, .T. ) ;
#1713 = ORIENTED_EDGE ( 'NONE', *, *, #6217, .F. ) ;
#1714 = EDGE_CURVE ( 'NONE', #5248, #10724, #2521, .T. ) ;
#1715 = VERTEX_POINT ( 'NONE', #8468 ) ;
#1716 = LINE ( 'NONE', #5728, #75 ) ;
#1717 = VECTOR ( 'NONE', #6145, 39.37007874015748143 ) ;
#1718 = CARTESIAN_POINT ( 'NONE',  ( -0.06249999999999981959, 0.1419999999999999873, 0.08749999999999986955 ) ) ;
#1719 = CARTESIAN_POINT ( 'NONE',  ( -0.09499999999999998723, 0.05799999999999997519, 0.2500000000000000555 ) ) ;
#1720 = VERTEX_POINT ( 'NONE', #11296 ) ;
#1721 = LINE ( 'NONE', #7813, #8840 ) ;
#1722 = VERTEX_POINT ( 'NONE', #12492 ) ;
#1723 = DIRECTION ( 'NONE',  ( -0.000000000000000000, -1.000000000000000000, -0.000000000000000000 ) ) ;
#1724 = CARTESIAN_POINT ( 'NONE',  ( 0.03749999999999999861, 0.3880000000000000115, 0.01249999999999990008 ) ) ;
#1725 = DIRECTION ( 'NONE',  ( -0.000000000000000000, 1.000000000000000000, -0.000000000000000000 ) ) ;
#1726 = CARTESIAN_POINT ( 'NONE',  ( -0.07500000000000005274, 0.02500000000000001180, -0.01250000000000010651 ) ) ;
#1727 = VERTEX_POINT ( 'NONE', #4425 ) ;
#1728 = VERTEX_POINT ( 'NONE', #11366 ) ;
#1729 = CARTESIAN_POINT ( 'NONE',  ( 0.07500000000000003886, 0.03750000000000000555, -0.1875000000000001110 ) ) ;
#1730 = VECTOR ( 'NONE', #9686, 39.37007874015748143 ) ;
#1731 = ORIENTED_EDGE ( 'NONE', *, *, #9688, .T. ) ;
#1732 = CARTESIAN_POINT ( 'NONE',  ( -0.06250000000000001388, 0.2150000000000000244, 0.01249999999999990008 ) ) ;
#1733 =( GEOMETRIC_REPRESENTATION_CONTEXT ( 3 ) GLOBAL_UNCERTAINTY_ASSIGNED_CONTEXT ( ( #6282 ) ) GLOBAL_UNIT_ASSIGNED_CONTEXT ( ( #1698, #7726, #11756 ) ) REPRESENTATION_CONTEXT ( 'NONE', 'WORKASPACE' ) );
#1734 = PLANE ( 'NONE',  #1621 ) ;
#1735 = DIRECTION ( 'NONE',  ( -2.435670465107224942E-16, -1.000000000000000000, 0.000000000000000000 ) ) ;
#1736 = LINE ( 'NONE', #9682, #10405 ) ;
#1737 = LINE ( 'NONE', #756, #12356 ) ;
#1738 = EDGE_LOOP ( 'NONE', ( #12123, #8330, #3704, #12780 ) ) ;
#1739 = CARTESIAN_POINT ( 'NONE',  ( 0.03749999999999999861, 0.05799999999999996825, 0.2124999999999999112 ) ) ;
#1740 = LINE ( 'NONE', #5753, #8913 ) ;
#1741 = DIRECTION ( 'NONE',  ( 0.000000000000000000, 0.000000000000000000, 1.000000000000000000 ) ) ;
#1742 = ORIENTED_EDGE ( 'NONE', *, *, #11870, .T. ) ;
#1743 = CARTESIAN_POINT ( 'NONE',  ( -0.03749999999999999861, 0.2150000000000000244, -0.2125000000000001332 ) ) ;
#1744 = SURFACE_STYLE_USAGE ( .BOTH. , #6768 ) ;
#1745 = LINE ( 'NONE', #5756, #6262 ) ;
#1746 = AXIS2_PLACEMENT_3D ( 'NONE', #3426, #12482, #9573 ) ;
#1747 = EDGE_CURVE ( 'NONE', #5670, #651, #6530, .T. ) ;
#1748 = ORIENTED_EDGE ( 'NONE', *, *, #10362, .T. ) ;
#1749 = FACE_OUTER_BOUND ( 'NONE', #8687, .T. ) ;
#1750 = EDGE_LOOP ( 'NONE', ( #8614, #11112, #12330, #799 ) ) ;
#1751 = ORIENTED_EDGE ( 'NONE', *, *, #1239, .T. ) ;
#1752 = CARTESIAN_POINT ( 'NONE',  ( 0.07500000000000005274, 0.02500000000000001180, -0.1125000000000001138 ) ) ;
#1753 = DIRECTION ( 'NONE',  ( 0.000000000000000000, 1.000000000000000000, 0.000000000000000000 ) ) ;
#1754 = SURFACE_SIDE_STYLE ('',( #6779 ) ) ;
#1755 = MANIFOLD_SOLID_BREP ( 'LPattern4[4]', #2570 ) ;
#1756 = DIRECTION ( 'NONE',  ( 0.000000000000000000, 0.000000000000000000, 1.000000000000000000 ) ) ;
#1757 = EDGE_LOOP ( 'NONE', ( #11647, #11566, #2, #8057 ) ) ;
#1758 = FILL_AREA_STYLE_COLOUR ( '', #107 ) ;
#1759 = VECTOR ( 'NONE', #3758, 39.37007874015748143 ) ;
#1760 = LINE ( 'NONE', #4736, #7240 ) ;
#1761 = CARTESIAN_POINT ( 'NONE',  ( 0.07000000000000000666, 0.1726274169979694906, -0.1220000000000003026 ) ) ;
#1762 = AXIS2_PLACEMENT_3D ( 'NONE', #6599, #7473, #6473 ) ;
#1763 = ADVANCED_FACE ( 'NONE', ( #9395 ), #4558, .T. ) ;
#1764 = MECHANICAL_DESIGN_GEOMETRIC_PRESENTATION_REPRESENTATION (  '', ( #7062 ), #1332 ) ;
#1765 = VECTOR ( 'NONE', #6847, 39.37007874015748854 ) ;
#1766 = VERTEX_POINT ( 'NONE', #10449 ) ;
#1767 = DIRECTION ( 'NONE',  ( 0.000000000000000000, 0.000000000000000000, -1.000000000000000000 ) ) ;
#1768 = ORIENTED_EDGE ( 'NONE', *, *, #5308, .T. ) ;
#1769 = FILL_AREA_STYLE_COLOUR ( '', #11123 ) ;
#1770 = LENGTH_MEASURE_WITH_UNIT ( LENGTH_MEASURE( 0.02539999999999999897 ), #12945 );
#1771 = CIRCLE ( 'NONE', #1997, 0.007999999999999998432 ) ;
#1772 = LINE ( 'NONE', #793, #12547 ) ;
#1773 = LINE ( 'NONE', #1228, #1448 ) ;
#1774 = AXIS2_PLACEMENT_3D ( 'NONE', #7801, #6732, #12812 ) ;
#1775 = SURFACE_SIDE_STYLE ('',( #8399 ) ) ;
#1776 = MANIFOLD_SOLID_BREP ( 'LPattern4[6]', #3017 ) ;
#1777 = ADVANCED_FACE ( 'NONE', ( #3617 ), #1259, .T. ) ;
#1778 =( GEOMETRIC_REPRESENTATION_CONTEXT ( 3 ) GLOBAL_UNCERTAINTY_ASSIGNED_CONTEXT ( ( #10142 ) ) GLOBAL_UNIT_ASSIGNED_CONTEXT ( ( #8446, #11340, #5187 ) ) REPRESENTATION_CONTEXT ( 'NONE', 'WORKASPACE' ) );
#1779 = ADVANCED_FACE ( 'NONE', ( #3566 ), #6593, .T. ) ;
#1781 = VERTEX_POINT ( 'NONE', #6797 ) ;
#1780 = ADVANCED_FACE ( 'NONE', ( #1708 ), #6733, .T. ) ;
#1782 = EDGE_LOOP ( 'NONE', ( #8365, #2656, #5639, #11631 ) ) ;
#1783 = CARTESIAN_POINT ( 'NONE',  ( -0.03749999999999999861, 0.2150000000000000244, 0.2124999999999999112 ) ) ;
#1784 = ORIENTED_EDGE ( 'NONE', *, *, #11492, .F. ) ;
#1785 = VECTOR ( 'NONE', #11283, 39.37007874015748143 ) ;
#1786 = CARTESIAN_POINT ( 'NONE',  ( 0.09499999999999998723, 0.1419999999999999873, -0.06400000000000007072 ) ) ;
#1787 = PLANE ( 'NONE',  #6675 ) ;
#1788 = DIRECTION ( 'NONE',  ( 0.000000000000000000, 0.000000000000000000, -1.000000000000000000 ) ) ;
#1789 = ADVANCED_FACE ( 'NONE', ( #11765 ), #8856, .T. ) ;
#1790 = LINE ( 'NONE', #10716, #5428 ) ;
#1791 = VECTOR ( 'NONE', #3648, 39.37007874015748143 ) ;
#1792 = EDGE_CURVE ( 'NONE', #11770, #1220, #1844, .T. ) ;
#1793 = EDGE_LOOP ( 'NONE', ( #11591, #3779, #4268, #1508 ) ) ;
#1794 =( LENGTH_UNIT ( ) NAMED_UNIT ( * ) SI_UNIT ( $, .METRE. ) );
#1795 =( NAMED_UNIT ( * ) PLANE_ANGLE_UNIT ( ) SI_UNIT ( $, .RADIAN. ) );
#1796 = EDGE_CURVE ( 'NONE', #8329, #11181, #11888, .T. ) ;
#1797 = LINE ( 'NONE', #12768, #3740 ) ;
#1798 = DIRECTION ( 'NONE',  ( -0.000000000000000000, 1.000000000000000000, -0.000000000000000000 ) ) ;
#1800 = ORIENTED_EDGE ( 'NONE', *, *, #6466, .F. ) ;
#1799 = EDGE_CURVE ( 'NONE', #9967, #456, #860, .T. ) ;
#1801 = ORIENTED_EDGE ( 'NONE', *, *, #6305, .T. ) ;
#1802 = CARTESIAN_POINT ( 'NONE',  ( 0.07000000000000017319, 0.1419999999999999873, -0.1529999999999999694 ) ) ;
#1803 = DIRECTION ( 'NONE',  ( 0.000000000000000000, -0.000000000000000000, 1.000000000000000000 ) ) ;
#1804 = DIRECTION ( 'NONE',  ( 0.000000000000000000, -0.000000000000000000, 1.000000000000000000 ) ) ;
#1805 = DIRECTION ( 'NONE',  ( -1.000000000000000000, 0.000000000000000000, 0.000000000000000000 ) ) ;
#1806 = FACE_OUTER_BOUND ( 'NONE', #12895, .T. ) ;
#1808 = EDGE_LOOP ( 'NONE', ( #10304, #3963, #3278, #11088 ) ) ;
#1807 = EDGE_CURVE ( 'NONE', #12378, #12476, #10773, .T. ) ;
#1809 =( CONVERSION_BASED_UNIT ( 'INCH', #9877 ) LENGTH_UNIT ( ) NAMED_UNIT ( #10466 ) );
#1810 = CARTESIAN_POINT ( 'NONE',  ( 0.03750000000000004718, 0.03750000000000001249, 0.08749999999999988343 ) ) ;
#1811 = DIRECTION ( 'NONE',  ( 0.000000000000000000, 0.000000000000000000, 1.000000000000000000 ) ) ;
#1812 = ORIENTED_EDGE ( 'NONE', *, *, #4848, .T. ) ;
#1813 = DIRECTION ( 'NONE',  ( -0.000000000000000000, 0.000000000000000000, -1.000000000000000000 ) ) ;
#1814 = FILL_AREA_STYLE_COLOUR ( '', #12769 ) ;
#1815 = CARTESIAN_POINT ( 'NONE',  ( 0.06250000000000001388, 0.05799999999999996825, -0.1125000000000001138 ) ) ;
#1816 = ORIENTED_EDGE ( 'NONE', *, *, #2449, .F. ) ;
#1817 = LINE ( 'NONE', #4789, #7457 ) ;
#1818 = EDGE_LOOP ( 'NONE', ( #2056, #6871, #11044, #12176 ) ) ;
#1819 = FILL_AREA_STYLE ('',( #11121 ) ) ;
#1820 = VECTOR ( 'NONE', #1642, 39.37007874015748143 ) ;
#1821 = DIRECTION ( 'NONE',  ( -0.000000000000000000, -0.000000000000000000, -1.000000000000000000 ) ) ;
#1822 = ORIENTED_EDGE ( 'NONE', *, *, #3891, .F. ) ;
#1823 = COLOUR_RGB ( '',1.000000000000000000, 0.8117647058823529438, 0.5019607843137254832 ) ;
#1824 = DIRECTION ( 'NONE',  ( 0.000000000000000000, -1.000000000000000000, 0.000000000000000000 ) ) ;
#1825 = LENGTH_MEASURE_WITH_UNIT ( LENGTH_MEASURE( 0.02539999999999999897 ), #7094 );
#1826 = CARTESIAN_POINT ( 'NONE',  ( 0.07500000000000005274, 0.02500000000000001180, 0.1874999999999999167 ) ) ;
#1827 = DIRECTION ( 'NONE',  ( 1.000000000000000000, 0.000000000000000000, 0.000000000000000000 ) ) ;
#1828 = FILL_AREA_STYLE_COLOUR ( '', #8968 ) ;
#1829 = ORIENTED_EDGE ( 'NONE', *, *, #11898, .F. ) ;
#1830 =( CONVERSION_BASED_UNIT ( 'INCH', #10884 ) LENGTH_UNIT ( ) NAMED_UNIT ( #418 ) );
#1831 = VECTOR ( 'NONE', #8956, 39.37007874015748143 ) ;
#1832 = CARTESIAN_POINT ( 'NONE',  ( 0.000000000000000000, 0.2150000000000000244, 0.1000000000000000056 ) ) ;
#1833 = VECTOR ( 'NONE', #8041, 39.37007874015748143 ) ;
#1834 = MECHANICAL_DESIGN_GEOMETRIC_PRESENTATION_REPRESENTATION (  '', ( #10068 ), #3507 ) ;
#1835 = LINE ( 'NONE', #3805, #8509 ) ;
#1836 = ORIENTED_EDGE ( 'NONE', *, *, #1062, .T. ) ;
#1837 =( NAMED_UNIT ( * ) SI_UNIT ( $, .STERADIAN. ) SOLID_ANGLE_UNIT ( ) );
#1838 = DIRECTION ( 'NONE',  ( -1.000000000000000000, 0.000000000000000000, 0.000000000000000000 ) ) ;
#1839 = ORIENTED_EDGE ( 'NONE', *, *, #10429, .F. ) ;
#1840 =( GEOMETRIC_REPRESENTATION_CONTEXT ( 3 ) GLOBAL_UNCERTAINTY_ASSIGNED_CONTEXT ( ( #2379 ) ) GLOBAL_UNIT_ASSIGNED_CONTEXT ( ( #7773, #8945, #3912 ) ) REPRESENTATION_CONTEXT ( 'NONE', 'WORKASPACE' ) );
#1841 = DIRECTION ( 'NONE',  ( -1.000000000000000000, -6.097874985857737794E-17, 0.000000000000000000 ) ) ;
#1842 = SURFACE_STYLE_FILL_AREA ( #9843 ) ;
#1843 = LINE ( 'NONE', #9844, #8537 ) ;
#1844 = LINE ( 'NONE', #5852, #7377 ) ;
#1845 = CIRCLE ( 'NONE', #5201, 0.007999999999999972411 ) ;
#1846 = EDGE_CURVE ( 'NONE', #7868, #2948, #5602, .T. ) ;
#1847 = VECTOR ( 'NONE', #7085, 39.37007874015748143 ) ;
#1848 = FILL_AREA_STYLE ('',( #3034 ) ) ;
#1849 = DIRECTION ( 'NONE',  ( 0.000000000000000000, 1.000000000000000000, 0.000000000000000000 ) ) ;
#1850 = ORIENTED_EDGE ( 'NONE', *, *, #7269, .T. ) ;
#1851 = ORIENTED_EDGE ( 'NONE', *, *, #7608, .T. ) ;
#1852 = VECTOR ( 'NONE', #1375, 39.37007874015748143 ) ;
#1853 = ORIENTED_EDGE ( 'NONE', *, *, #9688, .F. ) ;
#1854 = DIRECTION ( 'NONE',  ( 0.9153150324227631307, -0.000000000000000000, 0.4027386142660223656 ) ) ;
#1855 = STYLED_ITEM ( 'NONE', ( #4224 ), #10714 ) ;
#1856 = EDGE_CURVE ( 'NONE', #12510, #1370, #11627, .T. ) ;
#1857 = DIRECTION ( 'NONE',  ( -0.000000000000000000, -0.3420201433256662704, -0.9396926207859094271 ) ) ;
#1858 = DIRECTION ( 'NONE',  ( -1.000000000000000000, 0.000000000000000000, 0.000000000000000000 ) ) ;
#1859 = DIRECTION ( 'NONE',  ( 0.000000000000000000, -1.000000000000000000, 0.000000000000000000 ) ) ;
#1860 = VECTOR ( 'NONE', #11437, 39.37007874015748143 ) ;
#1861 = EDGE_CURVE ( 'NONE', #4318, #11101, #6863, .T. ) ;
#1862 = LENGTH_MEASURE_WITH_UNIT ( LENGTH_MEASURE( 0.02539999999999999897 ), #1794 );
#1863 = VECTOR ( 'NONE', #6413, 39.37007874015748143 ) ;
#1864 = DIRECTION ( 'NONE',  ( 0.000000000000000000, 0.000000000000000000, -1.000000000000000000 ) ) ;
#1865 = DIRECTION ( 'NONE',  ( 0.000000000000000000, 0.000000000000000000, 1.000000000000000000 ) ) ;
#1866 = AXIS2_PLACEMENT_3D ( 'NONE', #10047, #7190, #13077 ) ;
#1867 = EDGE_LOOP ( 'NONE', ( #9505, #2217, #11009, #11587 ) ) ;
#1868 = ORIENTED_EDGE ( 'NONE', *, *, #2220, .F. ) ;
#1869 =( NAMED_UNIT ( * ) SI_UNIT ( $, .STERADIAN. ) SOLID_ANGLE_UNIT ( ) );
#1870 = AXIS2_PLACEMENT_3D ( 'NONE', #3952, #5010, #6395 ) ;
#1871 = EDGE_CURVE ( 'NONE', #4401, #6164, #8710, .T. ) ;
#1872 = AXIS2_PLACEMENT_3D ( 'NONE', #7823, #12526, #9806 ) ;
#1873 = LINE ( 'NONE', #5880, #10088 ) ;
#1874 = EDGE_CURVE ( 'NONE', #11109, #1962, #3684, .T. ) ;
#1875 = DIRECTION ( 'NONE',  ( 0.000000000000000000, 1.000000000000000000, 0.000000000000000000 ) ) ;
#1876 = DIRECTION ( 'NONE',  ( 0.000000000000000000, 0.000000000000000000, 1.000000000000000000 ) ) ;
#1877 = DIRECTION ( 'NONE',  ( 0.000000000000000000, -1.000000000000000000, 0.000000000000000000 ) ) ;
#1878 = ORIENTED_EDGE ( 'NONE', *, *, #10025, .T. ) ;
#1879 = FILL_AREA_STYLE ('',( #10933 ) ) ;
#1880 = DIRECTION ( 'NONE',  ( -1.000000000000000000, 0.000000000000000000, -0.000000000000000000 ) ) ;
#1881 = VECTOR ( 'NONE', #3960, 39.37007874015748143 ) ;
#1882 = ORIENTED_EDGE ( 'NONE', *, *, #11417, .F. ) ;
#1883 = FILL_AREA_STYLE_COLOUR ( '', #2534 ) ;
#1884 = PLANE ( 'NONE',  #12739 ) ;
#1885 = ADVANCED_FACE ( 'NONE', ( #9098 ), #4748, .T. ) ;
#1886 = DIRECTION ( 'NONE',  ( 1.000000000000000000, 0.000000000000000000, -0.000000000000000000 ) ) ;
#1887 = VECTOR ( 'NONE', #2173, 39.37007874015748143 ) ;
#1888 = EDGE_CURVE ( 'NONE', #10826, #1979, #7802, .T. ) ;
#1889 = ORIENTED_EDGE ( 'NONE', *, *, #580, .T. ) ;
#1890 = LINE ( 'NONE', #5897, #6818 ) ;
#1891 = DIRECTION ( 'NONE',  ( 0.000000000000000000, 0.000000000000000000, -1.000000000000000000 ) ) ;
#1892 = ORIENTED_EDGE ( 'NONE', *, *, #979, .F. ) ;
#1893 =( NAMED_UNIT ( * ) PLANE_ANGLE_UNIT ( ) SI_UNIT ( $, .RADIAN. ) );
#1894 = CARTESIAN_POINT ( 'NONE',  ( -0.07500000000000003886, 0.03750000000000000555, 0.09999999999999996392 ) ) ;
#1895 = CARTESIAN_POINT ( 'NONE',  ( -0.03749999999999999861, 0.3643779527559052878, 0.08749999999999988343 ) ) ;
#1896 = CARTESIAN_POINT ( 'NONE',  ( -0.03749999999999999861, 0.3643779527559052878, 0.01249999999999990008 ) ) ;
#1897 = AXIS2_PLACEMENT_3D ( 'NONE', #6223, #11252, #223 ) ;
#1898 = AXIS2_PLACEMENT_3D ( 'NONE', #10876, #12867, #3007 ) ;
#1899 = DIRECTION ( 'NONE',  ( 0.000000000000000000, 0.000000000000000000, 1.000000000000000000 ) ) ;
#1900 = ORIENTED_EDGE ( 'NONE', *, *, #12949, .F. ) ;
#1901 = DIRECTION ( 'NONE',  ( 0.000000000000000000, 0.000000000000000000, 1.000000000000000000 ) ) ;
#1902 = CARTESIAN_POINT ( 'NONE',  ( 0.03749999999999999861, 0.3880000000000000115, 0.1124999999999998918 ) ) ;
#1903 = VECTOR ( 'NONE', #4516, 39.37007874015748143 ) ;
#1904 = LINE ( 'NONE', #2368, #12721 ) ;
#1905 = ORIENTED_EDGE ( 'NONE', *, *, #4937, .F. ) ;
#1906 = CARTESIAN_POINT ( 'NONE',  ( 0.03749999999999999861, 0.2150000000000000244, 0.2124999999999999112 ) ) ;
#1907 = DIRECTION ( 'NONE',  ( -0.000000000000000000, 1.000000000000000000, -0.000000000000000000 ) ) ;
#1908 = EDGE_LOOP ( 'NONE', ( #3639, #3171, #3251, #8874 ) ) ;
#1909 = PLANE ( 'NONE',  #8817 ) ;
#1910 =( NAMED_UNIT ( * ) SI_UNIT ( $, .STERADIAN. ) SOLID_ANGLE_UNIT ( ) );
#1911 = DIRECTION ( 'NONE',  ( -1.000000000000000000, -0.000000000000000000, -0.000000000000000000 ) ) ;
#1912 = FILL_AREA_STYLE_COLOUR ( '', #5018 ) ;
#1913 = FACE_OUTER_BOUND ( 'NONE', #5317, .T. ) ;
#1914 = EDGE_LOOP ( 'NONE', ( #3577, #6167, #51, #6894 ) ) ;
#1915 = ORIENTED_EDGE ( 'NONE', *, *, #12702, .T. ) ;
#1916 = FACE_OUTER_BOUND ( 'NONE', #7537, .T. ) ;
#1917 = EDGE_CURVE ( 'NONE', #1583, #8311, #1773, .T. ) ;
#1918 = VERTEX_POINT ( 'NONE', #4328 ) ;
#1919 = LINE ( 'NONE', #12897, #3445 ) ;
#1920 = LINE ( 'NONE', #8992, #11107 ) ;
#1921 = CYLINDRICAL_SURFACE ( 'NONE', #10644, 0.03750000000000008882 ) ;
#1922 = CARTESIAN_POINT ( 'NONE',  ( 0.1605095817734711605, 0.01075725181925857310, -0.1017427481807415407 ) ) ;
#1923 = UNCERTAINTY_MEASURE_WITH_UNIT (LENGTH_MEASURE( 1.000000000000000082E-05 ), #2654, 'distance_accuracy_value', 'NONE');
#1924 = DIRECTION ( 'NONE',  ( 0.000000000000000000, 0.000000000000000000, -1.000000000000000000 ) ) ;
#1925 = PLANE ( 'NONE',  #4052 ) ;
#1926 = CARTESIAN_POINT ( 'NONE',  ( 0.07000000000000002054, 0.02737258300203046849, 0.1299999999999997824 ) ) ;
#1927 = LINE ( 'NONE', #8672, #4826 ) ;
#1928 = EDGE_CURVE ( 'NONE', #7493, #4096, #9297, .T. ) ;
#1929 = ORIENTED_EDGE ( 'NONE', *, *, #318, .T. ) ;
#1930 = ORIENTED_EDGE ( 'NONE', *, *, #5408, .T. ) ;
#1931 = MANIFOLD_SOLID_BREP ( 'Mirror1[2]', #10190 ) ;
#1932 = EDGE_CURVE ( 'NONE', #2280, #2538, #2241, .T. ) ;
#1933 = PLANE ( 'NONE',  #582 ) ;
#1934 = DIRECTION ( 'NONE',  ( -0.000000000000000000, -0.3420201433256662704, -0.9396926207859094271 ) ) ;
#1935 = LINE ( 'NONE', #7213, #4642 ) ;
#1936 = EDGE_CURVE ( 'NONE', #220, #4105, #12402, .T. ) ;
#1937 = DIRECTION ( 'NONE',  ( -3.045457963692998845E-16, 1.000000000000000000, 0.000000000000000000 ) ) ;
#1938 = VERTEX_POINT ( 'NONE', #9356 ) ;
#1939 = DIRECTION ( 'NONE',  ( 0.000000000000000000, 0.000000000000000000, 1.000000000000000000 ) ) ;
#1940 = LINE ( 'NONE', #10990, #11777 ) ;
#1941 = UNCERTAINTY_MEASURE_WITH_UNIT (LENGTH_MEASURE( 1.000000000000000082E-05 ), #10540, 'distance_accuracy_value', 'NONE');
#1942 = EDGE_LOOP ( 'NONE', ( #13003, #3834, #2664, #5163 ) ) ;
#1943 = CYLINDRICAL_SURFACE ( 'NONE', #1035, 0.007999999999999989758 ) ;
#1944 = ADVANCED_FACE ( 'NONE', ( #2361 ), #12336, .F. ) ;
#1945 = LINE ( 'NONE', #11116, #8806 ) ;
#1946 = EDGE_CURVE ( 'NONE', #6112, #6151, #1088, .T. ) ;
#1947 =( GEOMETRIC_REPRESENTATION_CONTEXT ( 3 ) GLOBAL_UNCERTAINTY_ASSIGNED_CONTEXT ( ( #2996 ) ) GLOBAL_UNIT_ASSIGNED_CONTEXT ( ( #321, #5280, #9316 ) ) REPRESENTATION_CONTEXT ( 'NONE', 'WORKASPACE' ) );
#1949 = VERTEX_POINT ( 'NONE', #2098 ) ;
#1948 = EDGE_CURVE ( 'NONE', #8435, #4886, #2301, .T. ) ;
#1950 = DIRECTION ( 'NONE',  ( 0.000000000000000000, 1.000000000000000000, 0.000000000000000000 ) ) ;
#1951 = EDGE_CURVE ( 'NONE', #4667, #12307, #12136, .T. ) ;
#1952 = CARTESIAN_POINT ( 'NONE',  ( 0.07000000000000002054, 0.04999999999999998196, 0.2299999999999997879 ) ) ;
#1953 = EDGE_CURVE ( 'NONE', #840, #12904, #13067, .T. ) ;
#1954 = LINE ( 'NONE', #12127, #6102 ) ;
#1955 = ORIENTED_EDGE ( 'NONE', *, *, #3839, .F. ) ;
#1956 = DIRECTION ( 'NONE',  ( -0.9153150324227631307, -0.000000000000000000, -0.4027386142660223656 ) ) ;
#1957 = DIRECTION ( 'NONE',  ( -2.435670465107224942E-16, -1.000000000000000000, 0.000000000000000000 ) ) ;
#1958 = CARTESIAN_POINT ( 'NONE',  ( 0.000000000000000000, 0.3880000000000000115, 0.09609772206928025862 ) ) ;
#1959 = PLANE ( 'NONE',  #3514 ) ;
#1960 = STYLED_ITEM ( 'NONE', ( #6028 ), #835 ) ;
#1961 = MANIFOLD_SOLID_BREP ( 'Chamfer2', #269 ) ;
#1962 = VERTEX_POINT ( 'NONE', #9619 ) ;
#1963 = LINE ( 'NONE', #9030, #4312 ) ;
#1964 = EDGE_CURVE ( 'NONE', #5582, #10737, #10958, .T. ) ;
#1965 = AXIS2_PLACEMENT_3D ( 'NONE', #6436, #9755, #7503 ) ;
#1966 = LINE ( 'NONE', #7847, #9657 ) ;
#1967 = VECTOR ( 'NONE', #6654, 39.37007874015748143 ) ;
#1968 = EDGE_CURVE ( 'NONE', #3947, #11918, #6080, .T. ) ;
#1970 = EDGE_LOOP ( 'NONE', ( #6274, #9821, #3754, #11646 ) ) ;
#1969 = ADVANCED_FACE ( 'NONE', ( #8496 ), #3654, .T. ) ;
#1971 = VECTOR ( 'NONE', #3072, 39.37007874015748143 ) ;
#1972 = PLANE ( 'NONE',  #6887 ) ;
#1973 = LENGTH_MEASURE_WITH_UNIT ( LENGTH_MEASURE( 0.02539999999999999897 ), #3994 );
#1974 = VERTEX_POINT ( 'NONE', #11524 ) ;
#1975 = FACE_OUTER_BOUND ( 'NONE', #5226, .T. ) ;
#1976 = AXIS2_PLACEMENT_3D ( 'NONE', #4009, #2328, #8126 ) ;
#1977 = SURFACE_STYLE_USAGE ( .BOTH. , #913 ) ;
#1978 = CARTESIAN_POINT ( 'NONE',  ( 0.03749999999999999861, 0.05799999999999996825, 0.2124999999999999112 ) ) ;
#1979 = VERTEX_POINT ( 'NONE', #8684 ) ;
#1980 = FACE_OUTER_BOUND ( 'NONE', #788, .T. ) ;
#1981 = COLOUR_RGB ( '',1.000000000000000000, 0.8117647058823529438, 0.5019607843137254832 ) ;
#1982 = VECTOR ( 'NONE', #2054, 39.37007874015748143 ) ;
#1983 =( NAMED_UNIT ( * ) SI_UNIT ( $, .STERADIAN. ) SOLID_ANGLE_UNIT ( ) );
#1984 = AXIS2_PLACEMENT_3D ( 'NONE', #9025, #10415, #6359 ) ;
#1985 = CARTESIAN_POINT ( 'NONE',  ( 0.000000000000000000, 0.3880000000000000115, -0.2039022779307197442 ) ) ;
#1986 = EDGE_LOOP ( 'NONE', ( #9239, #7275, #983, #7871 ) ) ;
#1987 = ORIENTED_EDGE ( 'NONE', *, *, #7040, .T. ) ;
#1988 = VECTOR ( 'NONE', #554, 39.37007874015748143 ) ;
#1989 = CYLINDRICAL_SURFACE ( 'NONE', #7031, 0.03750000000000008882 ) ;
#1990 = ORIENTED_EDGE ( 'NONE', *, *, #4863, .F. ) ;
#1991 = VECTOR ( 'NONE', #1572, 39.37007874015748143 ) ;
#1992 = DIRECTION ( 'NONE',  ( -0.000000000000000000, 1.000000000000000000, -0.000000000000000000 ) ) ;
#1993 = DIRECTION ( 'NONE',  ( -1.000000000000000000, -0.000000000000000000, -0.000000000000000000 ) ) ;
#1994 = VECTOR ( 'NONE', #9078, 39.37007874015748143 ) ;
#1995 = DIRECTION ( 'NONE',  ( 0.000000000000000000, 0.000000000000000000, 1.000000000000000000 ) ) ;
#1996 = DIRECTION ( 'NONE',  ( 0.000000000000000000, 1.000000000000000000, 0.000000000000000000 ) ) ;
#1997 = AXIS2_PLACEMENT_3D ( 'NONE', #264, #8396, #3377 ) ;
#1998 = DIRECTION ( 'NONE',  ( 1.000000000000000000, 3.045457963692998845E-16, -0.000000000000000000 ) ) ;
#1999 = VECTOR ( 'NONE', #7451, 39.37007874015748143 ) ;
#2000 = ORIENTED_EDGE ( 'NONE', *, *, #3167, .T. ) ;
#2001 = VERTEX_POINT ( 'NONE', #3468 ) ;
#2002 = DIRECTION ( 'NONE',  ( 0.000000000000000000, 0.000000000000000000, 1.000000000000000000 ) ) ;
#2003 = DIRECTION ( 'NONE',  ( -0.000000000000000000, 0.000000000000000000, 1.000000000000000000 ) ) ;
#2004 = DIRECTION ( 'NONE',  ( -1.000000000000000000, 0.000000000000000000, 0.000000000000000000 ) ) ;
#2005 = CARTESIAN_POINT ( 'NONE',  ( 0.07000000000000000666, 0.1419999999999999873, 0.06999999999999972911 ) ) ;
#2006 = AXIS2_PLACEMENT_3D ( 'NONE', #3460, #1222, #5499 ) ;
#2007 = LINE ( 'NONE', #12978, #3282 ) ;
#2008 = ORIENTED_EDGE ( 'NONE', *, *, #2201, .F. ) ;
#2009 =( NAMED_UNIT ( * ) SI_UNIT ( $, .STERADIAN. ) SOLID_ANGLE_UNIT ( ) );
#2010 = DIRECTION ( 'NONE',  ( -0.000000000000000000, 0.000000000000000000, 1.000000000000000000 ) ) ;
#2011 = EDGE_LOOP ( 'NONE', ( #8608, #610, #2440, #4027 ) ) ;
#2012 = DIRECTION ( 'NONE',  ( 0.000000000000000000, 0.000000000000000000, -1.000000000000000000 ) ) ;
#2013 = SURFACE_SIDE_STYLE ('',( #10078 ) ) ;
#2014 = VECTOR ( 'NONE', #12507, 39.37007874015748854 ) ;
#2015 = CARTESIAN_POINT ( 'NONE',  ( 0.06250000000000005551, 0.03750000000000001249, -0.2125000000000001332 ) ) ;
#2016 = ADVANCED_FACE ( 'NONE', ( #2617 ), #364, .F. ) ;
#2017 = AXIS2_PLACEMENT_3D ( 'NONE', #9028, #1899, #12201 ) ;
#2018 = EDGE_LOOP ( 'NONE', ( #8859, #2952, #2052, #717 ) ) ;
#2019 = SURFACE_STYLE_FILL_AREA ( #8035 ) ;
#2020 = SURFACE_STYLE_USAGE ( .BOTH. , #12126 ) ;
#2021 = SURFACE_STYLE_USAGE ( .BOTH. , #3848 ) ;
#2022 = VERTEX_POINT ( 'NONE', #8440 ) ;
#2023 = DIRECTION ( 'NONE',  ( -1.000000000000000000, 3.045457963692998845E-16, 0.000000000000000000 ) ) ;
#2024 = CYLINDRICAL_SURFACE ( 'NONE', #8101, 0.007999999999999998432 ) ;
#2025 = EDGE_CURVE ( 'NONE', #3901, #3289, #5441, .T. ) ;
#2026 = LINE ( 'NONE', #3147, #4945 ) ;
#2027 = ORIENTED_EDGE ( 'NONE', *, *, #10452, .T. ) ;
#2028 = DIRECTION ( 'NONE',  ( 0.000000000000000000, 0.000000000000000000, -1.000000000000000000 ) ) ;
#2029 = EDGE_CURVE ( 'NONE', #4756, #9706, #4588, .T. ) ;
#2030 = VECTOR ( 'NONE', #2899, 39.37007874015748143 ) ;
#2031 = AXIS2_PLACEMENT_3D ( 'NONE', #4554, #3615, #528 ) ;
#2032 = CARTESIAN_POINT ( 'NONE',  ( 0.03749999999999999861, 0.2150000000000000244, 0.08749999999999988343 ) ) ;
#2033 = ORIENTED_EDGE ( 'NONE', *, *, #3068, .F. ) ;
#2034 = DIRECTION ( 'NONE',  ( 0.000000000000000000, 0.000000000000000000, 1.000000000000000000 ) ) ;
#2035 =( CONVERSION_BASED_UNIT ( 'INCH', #1973 ) LENGTH_UNIT ( ) NAMED_UNIT ( #9455 ) );
#2036 = VERTEX_POINT ( 'NONE', #7567 ) ;
#2037 = EDGE_CURVE ( 'NONE', #11396, #5907, #7433, .T. ) ;
#2038 = CARTESIAN_POINT ( 'NONE',  ( -0.09499999999999998723, 0.6848831648126535443, 0.2500000000000000555 ) ) ;
#2039 = CARTESIAN_POINT ( 'NONE',  ( -0.03749999999999999861, 0.3643779527559052878, 0.1874999999999999167 ) ) ;
#2040 = ADVANCED_FACE ( 'NONE', ( #3599 ), #6564, .T. ) ;
#2041 = DIMENSIONAL_EXPONENTS ( 1.000000000000000000, 0.000000000000000000, 0.000000000000000000, 0.000000000000000000, 0.000000000000000000, 0.000000000000000000, 0.000000000000000000 ) ;
#2042 = FACE_BOUND ( 'NONE', #6489, .T. ) ;
#2043 = ORIENTED_EDGE ( 'NONE', *, *, #8258, .F. ) ;
#2044 = DIRECTION ( 'NONE',  ( 0.000000000000000000, -1.000000000000000000, 0.000000000000000000 ) ) ;
#2045 = EDGE_CURVE ( 'NONE', #10332, #1637, #12854, .T. ) ;
#2046 = VECTOR ( 'NONE', #8047, 39.37007874015748143 ) ;
#2047 = PRESENTATION_STYLE_ASSIGNMENT (( #10173 ) ) ;
#2048 = MANIFOLD_SOLID_BREP ( 'LPattern3[6]', #8703 ) ;
#2049 = COLOUR_RGB ( '',1.000000000000000000, 0.8117647058823529438, 0.5019607843137254832 ) ;
#2050 = DIRECTION ( 'NONE',  ( 1.000000000000000000, 0.000000000000000000, 0.000000000000000000 ) ) ;
#2051 = VERTEX_POINT ( 'NONE', #7012 ) ;
#2052 = ORIENTED_EDGE ( 'NONE', *, *, #746, .T. ) ;
#2053 = ADVANCED_FACE ( 'NONE', ( #942 ), #9013, .F. ) ;
#2054 = DIRECTION ( 'NONE',  ( -0.000000000000000000, -0.000000000000000000, -1.000000000000000000 ) ) ;
#2055 = DIRECTION ( 'NONE',  ( 0.000000000000000000, 0.000000000000000000, -1.000000000000000000 ) ) ;
#2056 = ORIENTED_EDGE ( 'NONE', *, *, #10758, .F. ) ;
#2057 = FACE_OUTER_BOUND ( 'NONE', #12172, .T. ) ;
#2058 = VECTOR ( 'NONE', #10794, 39.37007874015748143 ) ;
#2059 = FACE_OUTER_BOUND ( 'NONE', #5372, .T. ) ;
#2060 = CARTESIAN_POINT ( 'NONE',  ( 0.09499999999999998723, 0.1420000000000000151, 0.2500000000000000555 ) ) ;
#2061 = AXIS2_PLACEMENT_3D ( 'NONE', #2752, #6769, #10804 ) ;
#2062 = CARTESIAN_POINT ( 'NONE',  ( 0.09499999999999998723, 0.05799999999999997519, 0.1359999999999999265 ) ) ;
#2063 =( CONVERSION_BASED_UNIT ( 'INCH', #76 ) LENGTH_UNIT ( ) NAMED_UNIT ( #12833 ) );
#2064 = FACE_OUTER_BOUND ( 'NONE', #1475, .T. ) ;
#2065 = AXIS2_PLACEMENT_3D ( 'NONE', #9106, #5058, #8250 ) ;
#2066 = VERTEX_POINT ( 'NONE', #5695 ) ;
#2067 = EDGE_LOOP ( 'NONE', ( #3170, #4769, #9962, #9412 ) ) ;
#2068 = DIRECTION ( 'NONE',  ( -1.000000000000000000, -0.000000000000000000, 0.000000000000000000 ) ) ;
#2069 = MECHANICAL_DESIGN_GEOMETRIC_PRESENTATION_REPRESENTATION (  '', ( #10926 ), #162 ) ;
#2070 = ORIENTED_EDGE ( 'NONE', *, *, #8670, .F. ) ;
#2071 = CARTESIAN_POINT ( 'NONE',  ( 0.07000000000000017319, 0.05799999999999996825, -0.1529999999999999694 ) ) ;
#2072 = CIRCLE ( 'NONE', #11133, 0.007999999999999989758 ) ;
#2073 = PLANE ( 'NONE',  #5480 ) ;
#2074 = CARTESIAN_POINT ( 'NONE',  ( -0.07000000000000017319, 0.1419999999999999873, -0.1529999999999999694 ) ) ;
#2075 = PLANE ( 'NONE',  #9375 ) ;
#2076 = ORIENTED_EDGE ( 'NONE', *, *, #144, .F. ) ;
#2077 = UNCERTAINTY_MEASURE_WITH_UNIT (LENGTH_MEASURE( 1.000000000000000082E-05 ), #3872, 'distance_accuracy_value', 'NONE');
#2078 = ORIENTED_EDGE ( 'NONE', *, *, #8309, .F. ) ;
#2079 = DIRECTION ( 'NONE',  ( -2.435670465107224942E-16, -1.000000000000000000, 0.000000000000000000 ) ) ;
#2080 = DIRECTION ( 'NONE',  ( 0.000000000000000000, 1.000000000000000000, 0.000000000000000000 ) ) ;
#2081 = COLOUR_RGB ( '',0.2509803921568627416, 0.2509803921568627416, 0.2509803921568627416 ) ;
#2082 = DIRECTION ( 'NONE',  ( 1.000000000000000000, 3.414809992080306836E-16, 0.000000000000000000 ) ) ;
#2083 = DIRECTION ( 'NONE',  ( -0.9396926207859094271, -0.3420201433256662704, 0.000000000000000000 ) ) ;
#2084 = AXIS2_PLACEMENT_3D ( 'NONE', #1115, #9059, #4013 ) ;
#2085 = VECTOR ( 'NONE', #11173, 39.37007874015748143 ) ;
#2086 = ORIENTED_EDGE ( 'NONE', *, *, #1213, .T. ) ;
#2087 = DIRECTION ( 'NONE',  ( -0.000000000000000000, 1.000000000000000000, -0.000000000000000000 ) ) ;
#2088 = PLANE ( 'NONE',  #7593 ) ;
#2089 = ORIENTED_EDGE ( 'NONE', *, *, #3397, .T. ) ;
#2090 = VECTOR ( 'NONE', #9086, 39.37007874015748143 ) ;
#2091 = EDGE_CURVE ( 'NONE', #6009, #7932, #9751, .T. ) ;
#2092 = CARTESIAN_POINT ( 'NONE',  ( -0.05390227793071963869, 0.3880000000000000115, -0.003902277930719733490 ) ) ;
#2093 = CYLINDRICAL_SURFACE ( 'NONE', #4981, 0.01250000000000008049 ) ;
#2094 = CARTESIAN_POINT ( 'NONE',  ( 0.06250000000000001388, 0.2150000000000000244, -0.01250000000000010651 ) ) ;
#2095 = FACE_OUTER_BOUND ( 'NONE', #11501, .T. ) ;
#2096 = DIRECTION ( 'NONE',  ( 1.000000000000000000, 1.138269997360106963E-16, 0.000000000000000000 ) ) ;
#2097 = VERTEX_POINT ( 'NONE', #11799 ) ;
#2098 = CARTESIAN_POINT ( 'NONE',  ( 0.03749999999999999861, 0.2150000000000000244, -0.08750000000000010547 ) ) ;
#2099 = VECTOR ( 'NONE', #5718, 39.37007874015748143 ) ;
#2100 = FACE_BOUND ( 'NONE', #4047, .T. ) ;
#2101 = VECTOR ( 'NONE', #6815, 39.37007874015748143 ) ;
#2102 = ADVANCED_FACE ( 'NONE', ( #7894 ), #1943, .T. ) ;
#2103 = ORIENTED_EDGE ( 'NONE', *, *, #4360, .F. ) ;
#2104 = DIRECTION ( 'NONE',  ( 2.435670465107224942E-16, 1.000000000000000000, 0.000000000000000000 ) ) ;
#2105 = PRESENTATION_LAYER_ASSIGNMENT (  '', '', ( #3156 ) ) ;
#2106 = FACE_OUTER_BOUND ( 'NONE', #5061, .T. ) ;
#2107 = ORIENTED_EDGE ( 'NONE', *, *, #4122, .T. ) ;
#2108 = EDGE_CURVE ( 'NONE', #11539, #9980, #10938, .T. ) ;
#2109 = VECTOR ( 'NONE', #1907, 39.37007874015748143 ) ;
#2110 = CARTESIAN_POINT ( 'NONE',  ( -0.1449999999999999623, 0.008597722069280349169, -0.1960977220692805001 ) ) ;
#2111 = DIRECTION ( 'NONE',  ( -0.000000000000000000, 0.000000000000000000, -1.000000000000000000 ) ) ;
#2112 = FACE_BOUND ( 'NONE', #6766, .T. ) ;
#2113 = EDGE_LOOP ( 'NONE', ( #4417, #553, #7357, #12064 ) ) ;
#2114 = LINE ( 'NONE', #3166, #3054 ) ;
#2115 = EDGE_CURVE ( 'NONE', #10116, #12705, #6767, .T. ) ;
#2116 = CARTESIAN_POINT ( 'NONE',  ( 0.1449999999999999623, 0.01640227793071964008, -0.09609772206928048066 ) ) ;
#2117 = MANIFOLD_SOLID_BREP ( 'Chamfer3', #3630 ) ;
#2118 = AXIS2_PLACEMENT_3D ( 'NONE', #3401, #12192, #6160 ) ;
#2119 = EDGE_CURVE ( 'NONE', #4098, #6644, #7221, .T. ) ;
#2120 = SURFACE_SIDE_STYLE ('',( #63 ) ) ;
#2121 = ORIENTED_EDGE ( 'NONE', *, *, #7690, .T. ) ;
#2122 = ORIENTED_EDGE ( 'NONE', *, *, #575, .F. ) ;
#2123 = LINE ( 'NONE', #8263, #710 ) ;
#2124 = DIRECTION ( 'NONE',  ( 1.000000000000000000, -0.000000000000000000, -0.000000000000000000 ) ) ;
#2125 = ORIENTED_EDGE ( 'NONE', *, *, #1503, .T. ) ;
#2126 = EDGE_CURVE ( 'NONE', #8422, #10455, #5823, .T. ) ;
#2127 = CYLINDRICAL_SURFACE ( 'NONE', #9578, 0.03750000000000008882 ) ;
#2128 = VECTOR ( 'NONE', #9408, 39.37007874015748143 ) ;
#2129 = DIRECTION ( 'NONE',  ( 0.000000000000000000, 0.000000000000000000, 1.000000000000000000 ) ) ;
#2130 = CARTESIAN_POINT ( 'NONE',  ( 0.03749999999999999861, 0.2150000000000000244, -0.1125000000000001138 ) ) ;
#2131 = DIRECTION ( 'NONE',  ( 0.8891264907159901476, -0.3236155771181821184, -0.3236155771181821739 ) ) ;
#2132 = FACE_OUTER_BOUND ( 'NONE', #2190, .T. ) ;
#2133 = EDGE_CURVE ( 'NONE', #8347, #2465, #12318, .T. ) ;
#2134 = DIMENSIONAL_EXPONENTS ( 1.000000000000000000, 0.000000000000000000, 0.000000000000000000, 0.000000000000000000, 0.000000000000000000, 0.000000000000000000, 0.000000000000000000 ) ;
#2135 = DIRECTION ( 'NONE',  ( 1.000000000000000000, 0.000000000000000000, 0.000000000000000000 ) ) ;
#2136 = EDGE_CURVE ( 'NONE', #9602, #3294, #5032, .T. ) ;
#2137 = VERTEX_POINT ( 'NONE', #11113 ) ;
#2138 = ORIENTED_EDGE ( 'NONE', *, *, #3068, .T. ) ;
#2139 = LINE ( 'NONE', #80, #12637 ) ;
#2140 = ORIENTED_EDGE ( 'NONE', *, *, #16, .T. ) ;
#2141 = DIRECTION ( 'NONE',  ( 0.000000000000000000, 0.000000000000000000, 1.000000000000000000 ) ) ;
#2142 = PLANE ( 'NONE',  #11399 ) ;
#2143 = CARTESIAN_POINT ( 'NONE',  ( -0.07000000000000017319, 0.05799999999999997519, 0.1529999999999999138 ) ) ;
#2144 = CARTESIAN_POINT ( 'NONE',  ( -0.03749999999999999861, 0.3643779527559052878, 0.1124999999999998918 ) ) ;
#2145 = ORIENTED_EDGE ( 'NONE', *, *, #6722, .T. ) ;
#2146 = LINE ( 'NONE', #5095, #9251 ) ;
#2147 = ORIENTED_EDGE ( 'NONE', *, *, #7849, .T. ) ;
#2148 = CARTESIAN_POINT ( 'NONE',  ( 0.06250000000000001388, 0.2150000000000000244, -0.1875000000000001110 ) ) ;
#2149 = FACE_OUTER_BOUND ( 'NONE', #7374, .T. ) ;
#2150 = PRODUCT_DEFINITION_SHAPE ( 'NONE', 'NONE',  #2528 ) ;
#2151 = DIRECTION ( 'NONE',  ( 0.000000000000000000, 0.000000000000000000, 1.000000000000000000 ) ) ;
#2152 = CARTESIAN_POINT ( 'NONE',  ( -0.07000000000000017319, 0.1419999999999999873, 0.05299999999999992217 ) ) ;
#2153 = EDGE_LOOP ( 'NONE', ( #3790, #618, #3448, #273 ) ) ;
#2154 = LINE ( 'NONE', #289, #4906 ) ;
#2155 = CARTESIAN_POINT ( 'NONE',  ( -0.04011817604383836194, 0.3715713323165082960, -0.2098818239561617838 ) ) ;
#2156 = DIRECTION ( 'NONE',  ( -0.4027386142660224211, 0.000000000000000000, 0.9153150324227632417 ) ) ;
#2157 = ORIENTED_EDGE ( 'NONE', *, *, #8975, .F. ) ;
#2158 =( CONVERSION_BASED_UNIT ( 'INCH', #106 ) LENGTH_UNIT ( ) NAMED_UNIT ( #6277 ) );
#2159 = DIRECTION ( 'NONE',  ( 0.000000000000000000, 0.000000000000000000, 1.000000000000000000 ) ) ;
#2160 = ORIENTED_EDGE ( 'NONE', *, *, #12120, .F. ) ;
#2161 = DIRECTION ( 'NONE',  ( 0.9396926207859094271, -0.3420201433256662704, 0.000000000000000000 ) ) ;
#2162 = SURFACE_STYLE_USAGE ( .BOTH. , #7030 ) ;
#2163 = SURFACE_STYLE_FILL_AREA ( #7099 ) ;
#2164 = ORIENTED_EDGE ( 'NONE', *, *, #10089, .T. ) ;
#2165 = SURFACE_SIDE_STYLE ('',( #8169 ) ) ;
#2166 = LINE ( 'NONE', #6169, #12533 ) ;
#2167 = DIMENSIONAL_EXPONENTS ( 1.000000000000000000, 0.000000000000000000, 0.000000000000000000, 0.000000000000000000, 0.000000000000000000, 0.000000000000000000, 0.000000000000000000 ) ;
#2168 = CARTESIAN_POINT ( 'NONE',  ( -0.03749999999999999861, 0.3643779527559052878, 0.1124999999999998918 ) ) ;
#2169 = FILL_AREA_STYLE_COLOUR ( '', #12338 ) ;
#2170 = CARTESIAN_POINT ( 'NONE',  ( 0.03749999999999999861, 0.2150000000000000244, 0.1124999999999998918 ) ) ;
#2171 = ORIENTED_EDGE ( 'NONE', *, *, #10664, .T. ) ;
#2172 = DIRECTION ( 'NONE',  ( 6.097874985857737794E-17, 1.000000000000000000, -0.000000000000000000 ) ) ;
#2173 = DIRECTION ( 'NONE',  ( -0.000000000000000000, -0.000000000000000000, -1.000000000000000000 ) ) ;
#2174 = ORIENTED_EDGE ( 'NONE', *, *, #4652, .T. ) ;
#2175 = AXIS2_PLACEMENT_3D ( 'NONE', #6360, #5571, #557 ) ;
#2176 = CARTESIAN_POINT ( 'NONE',  ( -0.03749999999999999861, 0.2150000000000000244, 0.1124999999999998918 ) ) ;
#2177 = STYLED_ITEM ( 'NONE', ( #2906 ), #6046 ) ;
#2178 = DIRECTION ( 'NONE',  ( 0.000000000000000000, -1.000000000000000000, 0.000000000000000000 ) ) ;
#2179 = PLANE ( 'NONE',  #11092 ) ;
#2180 = ORIENTED_EDGE ( 'NONE', *, *, #1102, .T. ) ;
#2181 = CARTESIAN_POINT ( 'NONE',  ( -0.03749999999999999861, 0.2150000000000000244, -0.01250000000000010651 ) ) ;
#2182 = DIRECTION ( 'NONE',  ( 2.435670465107224942E-16, -1.000000000000000000, 0.000000000000000000 ) ) ;
#2183 = EDGE_CURVE ( 'NONE', #6948, #1268, #3131, .T. ) ;
#2184 =( GEOMETRIC_REPRESENTATION_CONTEXT ( 3 ) GLOBAL_UNCERTAINTY_ASSIGNED_CONTEXT ( ( #8284 ) ) GLOBAL_UNIT_ASSIGNED_CONTEXT ( ( #693, #2492, #442 ) ) REPRESENTATION_CONTEXT ( 'NONE', 'WORKASPACE' ) );
#2185 = EDGE_LOOP ( 'NONE', ( #6119, #4393, #5346, #8285 ) ) ;
#2186 = VECTOR ( 'NONE', #11680, 39.37007874015748854 ) ;
#2187 = ORIENTED_EDGE ( 'NONE', *, *, #5278, .F. ) ;
#2188 = CARTESIAN_POINT ( 'NONE',  ( 0.06250000000000001388, 0.1419999999999999873, 0.08749999999999986955 ) ) ;
#2189 = CARTESIAN_POINT ( 'NONE',  ( -0.06999999999999999278, 0.04999999999999998196, 0.1699999999999997624 ) ) ;
#2190 = EDGE_LOOP ( 'NONE', ( #1091, #7107, #10406, #7100 ) ) ;
#2191 = LINE ( 'NONE', #12233, #7249 ) ;
#2192 = CARTESIAN_POINT ( 'NONE',  ( -0.06999999999999999278, 0.04999999999999998196, -0.2220000000000002804 ) ) ;
#2193 = CARTESIAN_POINT ( 'NONE',  ( 0.06250000000000005551, 0.03750000000000001249, -0.01250000000000010651 ) ) ;
#2194 = COLOUR_RGB ( '',1.000000000000000000, 0.8117647058823529438, 0.5019607843137254832 ) ;
#2195 = DIRECTION ( 'NONE',  ( 0.000000000000000000, 0.000000000000000000, -1.000000000000000000 ) ) ;
#2196 = ADVANCED_FACE ( 'NONE', ( #6284 ), #7081, .F. ) ;
#2197 = FACE_OUTER_BOUND ( 'NONE', #5734, .T. ) ;
#2198 = CARTESIAN_POINT ( 'NONE',  ( 0.000000000000000000, 0.04999999999999998196, 0.000000000000000000 ) ) ;
#2199 = VECTOR ( 'NONE', #7938, 39.37007874015748143 ) ;
#2200 = CARTESIAN_POINT ( 'NONE',  ( 0.07000000000000017319, 0.1419999999999999873, 0.04700000000000003481 ) ) ;
#2201 = EDGE_CURVE ( 'NONE', #2462, #2803, #283, .T. ) ;
#2202 = EDGE_CURVE ( 'NONE', #1962, #10066, #3066, .T. ) ;
#2203 = AXIS2_PLACEMENT_3D ( 'NONE', #8351, #9273, #7215 ) ;
#2204 = DIRECTION ( 'NONE',  ( 0.000000000000000000, 0.000000000000000000, 1.000000000000000000 ) ) ;
#2205 = VERTEX_POINT ( 'NONE', #7152 ) ;
#2206 = ORIENTED_EDGE ( 'NONE', *, *, #5052, .F. ) ;
#2207 = CARTESIAN_POINT ( 'NONE',  ( 0.03749999999999999861, 0.3643779527559052878, 0.2124999999999999112 ) ) ;
#2208 = AXIS2_PLACEMENT_3D ( 'NONE', #11290, #7332, #11360 ) ;
#2209 = PRESENTATION_LAYER_ASSIGNMENT (  '', '', ( #3250 ) ) ;
#2210 = ORIENTED_EDGE ( 'NONE', *, *, #173, .F. ) ;
#2211 = CIRCLE ( 'NONE', #6835, 0.007999999999999998432 ) ;
#2212 = EDGE_CURVE ( 'NONE', #4700, #5155, #10144, .T. ) ;
#2213 = FILL_AREA_STYLE_COLOUR ( '', #7605 ) ;
#2214 =( CONVERSION_BASED_UNIT ( 'INCH', #12247 ) LENGTH_UNIT ( ) NAMED_UNIT ( #3084 ) );
#2215 = EDGE_CURVE ( 'NONE', #10903, #11137, #1074, .T. ) ;
#2216 = CARTESIAN_POINT ( 'NONE',  ( 0.03749999999999999861, 0.1419999999999999873, -0.2125000000000001332 ) ) ;
#2217 = ORIENTED_EDGE ( 'NONE', *, *, #4376, .T. ) ;
#2218 = DIRECTION ( 'NONE',  ( -1.000000000000000000, -0.000000000000000000, 0.000000000000000000 ) ) ;
#2219 = STYLED_ITEM ( 'NONE', ( #2661 ), #5620 ) ;
#2220 = EDGE_CURVE ( 'NONE', #6536, #11918, #12383, .T. ) ;
#2221 = UNCERTAINTY_MEASURE_WITH_UNIT (LENGTH_MEASURE( 1.000000000000000082E-05 ), #5452, 'distance_accuracy_value', 'NONE');
#2222 = EDGE_LOOP ( 'NONE', ( #2691, #7559, #11546, #8756 ) ) ;
#2223 =( NAMED_UNIT ( * ) SI_UNIT ( $, .STERADIAN. ) SOLID_ANGLE_UNIT ( ) );
#2224 = DIRECTION ( 'NONE',  ( 0.000000000000000000, 1.000000000000000000, 0.000000000000000000 ) ) ;
#2225 = ADVANCED_FACE ( 'NONE', ( #4170 ), #8223, .F. ) ;
#2226 = LINE ( 'NONE', #8289, #4398 ) ;
#2227 = AXIS2_PLACEMENT_3D ( 'NONE', #6318, #374, #9368 ) ;
#2228 = DIMENSIONAL_EXPONENTS ( 1.000000000000000000, 0.000000000000000000, 0.000000000000000000, 0.000000000000000000, 0.000000000000000000, 0.000000000000000000, 0.000000000000000000 ) ;
#2229 = ORIENTED_EDGE ( 'NONE', *, *, #1379, .T. ) ;
#2230 = CARTESIAN_POINT ( 'NONE',  ( 0.07500000000000005274, 0.02500000000000001180, -0.01250000000000010651 ) ) ;
#2231 = EDGE_CURVE ( 'NONE', #12071, #1306, #5646, .T. ) ;
#2232 = DIRECTION ( 'NONE',  ( -3.045457963692998845E-16, -1.000000000000000000, -0.000000000000000000 ) ) ;
#2233 = DIRECTION ( 'NONE',  ( 6.829619984160656074E-16, 0.000000000000000000, 1.000000000000000000 ) ) ;
#2234 = ORIENTED_EDGE ( 'NONE', *, *, #6056, .T. ) ;
#2235 = CARTESIAN_POINT ( 'NONE',  ( -0.1449999999999999623, -0.03750000000000000555, 0.1000000000000000056 ) ) ;
#2236 = ORIENTED_EDGE ( 'NONE', *, *, #11311, .T. ) ;
#2237 = DIRECTION ( 'NONE',  ( -1.000000000000000000, 0.000000000000000000, 0.000000000000000000 ) ) ;
#2238 = DIRECTION ( 'NONE',  ( 0.000000000000000000, -0.3420201433256662704, 0.9396926207859094271 ) ) ;
#2239 =( LENGTH_UNIT ( ) NAMED_UNIT ( * ) SI_UNIT ( $, .METRE. ) );
#2240 = ORIENTED_EDGE ( 'NONE', *, *, #6029, .T. ) ;
#2241 = LINE ( 'NONE', #7101, #4190 ) ;
#2242 = CARTESIAN_POINT ( 'NONE',  ( -0.09499999999999998723, 0.6848831648126535443, 0.2500000000000000555 ) ) ;
#2243 = STYLED_ITEM ( 'NONE', ( #2701 ), #12764 ) ;
#2244 = VECTOR ( 'NONE', #11515, 39.37007874015748143 ) ;
#2245 = LINE ( 'NONE', #9231, #1202 ) ;
#2246 = PLANE ( 'NONE',  #10858 ) ;
#2247 = FILL_AREA_STYLE ('',( #8244 ) ) ;
#2248 = ORIENTED_EDGE ( 'NONE', *, *, #6550, .T. ) ;
#2249 = STYLED_ITEM ( 'NONE', ( #4326 ), #9031 ) ;
#2250 = LINE ( 'NONE', #188, #5667 ) ;
#2251 = ORIENTED_EDGE ( 'NONE', *, *, #4613, .T. ) ;
#2252 = LINE ( 'NONE', #3291, #2293 ) ;
#2253 = CARTESIAN_POINT ( 'NONE',  ( -0.03749999999999980432, 0.1419999999999999873, 0.1874999999999999167 ) ) ;
#2254 = FACE_BOUND ( 'NONE', #11309, .T. ) ;
#2255 = VERTEX_POINT ( 'NONE', #6015 ) ;
#2256 = DIRECTION ( 'NONE',  ( 0.000000000000000000, 0.000000000000000000, 1.000000000000000000 ) ) ;
#2257 = UNCERTAINTY_MEASURE_WITH_UNIT (LENGTH_MEASURE( 1.000000000000000082E-05 ), #12802, 'distance_accuracy_value', 'NONE');
#2258 = AXIS2_PLACEMENT_3D ( 'NONE', #3562, #718, #9772 ) ;
#2259 = DIMENSIONAL_EXPONENTS ( 1.000000000000000000, 0.000000000000000000, 0.000000000000000000, 0.000000000000000000, 0.000000000000000000, 0.000000000000000000, 0.000000000000000000 ) ;
#2260 = ORIENTED_EDGE ( 'NONE', *, *, #9869, .T. ) ;
#2261 = ORIENTED_EDGE ( 'NONE', *, *, #746, .F. ) ;
#2262 = MECHANICAL_DESIGN_GEOMETRIC_PRESENTATION_REPRESENTATION (  '', ( #1367 ), #9407 ) ;
#2263 = CARTESIAN_POINT ( 'NONE',  ( 0.07000000000000000666, 0.1419999999999999873, 0.1779999999999997140 ) ) ;
#2264 = EDGE_CURVE ( 'NONE', #1722, #12292, #10276, .T. ) ;
#2265 = DIRECTION ( 'NONE',  ( 0.000000000000000000, 1.000000000000000000, 0.000000000000000000 ) ) ;
#2266 = DIRECTION ( 'NONE',  ( 0.000000000000000000, 0.000000000000000000, -1.000000000000000000 ) ) ;
#2267 = AXIS2_PLACEMENT_3D ( 'NONE', #4921, #2034, #6977 ) ;
#2268 = VECTOR ( 'NONE', #4111, 39.37007874015748854 ) ;
#2269 = SURFACE_STYLE_FILL_AREA ( #8469 ) ;
#2270 = VERTEX_POINT ( 'NONE', #10077 ) ;
#2271 = ORIENTED_EDGE ( 'NONE', *, *, #1936, .F. ) ;
#2272 = DIRECTION ( 'NONE',  ( -0.000000000000000000, 0.000000000000000000, 1.000000000000000000 ) ) ;
#2273 = VECTOR ( 'NONE', #5956, 39.37007874015748143 ) ;
#2275 = EDGE_CURVE ( 'NONE', #4062, #10826, #3262, .T. ) ;
#2274 = VERTEX_POINT ( 'NONE', #8084 ) ;
#2276 = CARTESIAN_POINT ( 'NONE',  ( -0.07500000000000005274, 0.02500000000000001180, 0.1124999999999998918 ) ) ;
#2277 = AXIS2_PLACEMENT_3D ( 'NONE', #1902, #6783, #8964 ) ;
#2278 = EDGE_CURVE ( 'NONE', #2937, #450, #12642, .T. ) ;
#2279 = LINE ( 'NONE', #12313, #947 ) ;
#2280 = VERTEX_POINT ( 'NONE', #7415 ) ;
#2281 = CARTESIAN_POINT ( 'NONE',  ( 0.03749999999999999861, 0.3643779527559052878, 0.1124999999999998918 ) ) ;
#2282 = ORIENTED_EDGE ( 'NONE', *, *, #1341, .F. ) ;
#2283 = DIRECTION ( 'NONE',  ( -0.000000000000000000, 1.000000000000000000, -0.000000000000000000 ) ) ;
#2284 = AXIS2_PLACEMENT_3D ( 'NONE', #12887, #8774, #6925 ) ;
#2285 = DIMENSIONAL_EXPONENTS ( 1.000000000000000000, 0.000000000000000000, 0.000000000000000000, 0.000000000000000000, 0.000000000000000000, 0.000000000000000000, 0.000000000000000000 ) ;
#2286 = CARTESIAN_POINT ( 'NONE',  ( -0.06250000000000005551, 0.03750000000000001249, -0.1125000000000001138 ) ) ;
#2287 = ADVANCED_FACE ( 'NONE', ( #9413 ), #3584, .T. ) ;
#2288 = VECTOR ( 'NONE', #9142, 39.37007874015748143 ) ;
#2289 = EDGE_CURVE ( 'NONE', #9675, #3429, #4571, .T. ) ;
#2290 = VERTEX_POINT ( 'NONE', #10532 ) ;
#2291 = DIRECTION ( 'NONE',  ( -0.000000000000000000, 1.000000000000000000, -0.000000000000000000 ) ) ;
#2292 = EDGE_LOOP ( 'NONE', ( #11710, #2742, #3755, #12158 ) ) ;
#2293 = VECTOR ( 'NONE', #6510, 39.37007874015748143 ) ;
#2294 = LINE ( 'NONE', #2415, #2244 ) ;
#2295 = ADVANCED_FACE ( 'NONE', ( #6610 ), #10657, .F. ) ;
#2296 = CARTESIAN_POINT ( 'NONE',  ( -0.06999999999999999278, 0.1499999999999999944, 0.1299999999999997824 ) ) ;
#2297 = ORIENTED_EDGE ( 'NONE', *, *, #306, .F. ) ;
#2298 = CARTESIAN_POINT ( 'NONE',  ( -0.07500000000000005274, 0.02500000000000001180, 0.1874999999999999167 ) ) ;
#2299 = VECTOR ( 'NONE', #8272, 39.37007874015748143 ) ;
#2300 = ORIENTED_EDGE ( 'NONE', *, *, #6305, .F. ) ;
#2301 = LINE ( 'NONE', #4117, #7582 ) ;
#2302 = LINE ( 'NONE', #7833, #8722 ) ;
#2303 = AXIS2_PLACEMENT_3D ( 'NONE', #10934, #12714, #3651 ) ;
#2304 = DIRECTION ( 'NONE',  ( 1.000000000000000000, 0.000000000000000000, 0.000000000000000000 ) ) ;
#2305 = ADVANCED_FACE ( 'NONE', ( #6346 ), #11641, .F. ) ;
#2306 = PRESENTATION_LAYER_ASSIGNMENT (  '', '', ( #6929 ) ) ;
#2307 = DIRECTION ( 'NONE',  ( -0.9153150324227631307, 0.000000000000000000, 0.4027386142660223656 ) ) ;
#2308 = DIRECTION ( 'NONE',  ( -0.9153150324227631307, 0.000000000000000000, 0.4027386142660223656 ) ) ;
#2309 = ORIENTED_EDGE ( 'NONE', *, *, #10355, .T. ) ;
#2310 = DIRECTION ( 'NONE',  ( 1.000000000000000000, -6.097874985857736561E-17, 0.000000000000000000 ) ) ;
#2311 = CARTESIAN_POINT ( 'NONE',  ( -0.03749999999999999861, 0.3643779527559052878, -0.08750000000000010547 ) ) ;
#2312 = VERTEX_POINT ( 'NONE', #1328 ) ;
#2313 = VECTOR ( 'NONE', #7001, 39.37007874015748143 ) ;
#2314 = CARTESIAN_POINT ( 'NONE',  ( -0.06999999999999999278, 0.02737258300203046849, 0.06999999999999972911 ) ) ;
#2315 = CARTESIAN_POINT ( 'NONE',  ( 0.07000000000000002054, 0.02737258300203046849, 0.02999999999999978378 ) ) ;
#2316 = ORIENTED_EDGE ( 'NONE', *, *, #9955, .T. ) ;
#2317 = CARTESIAN_POINT ( 'NONE',  ( -0.07999999999999973799, 0.6848831648126535443, 0.2500000000000000555 ) ) ;
#2318 = AXIS2_PLACEMENT_3D ( 'NONE', #2348, #4377, #7487 ) ;
#2319 = CARTESIAN_POINT ( 'NONE',  ( 0.03749999999999999861, 0.2150000000000000244, 0.2124999999999999112 ) ) ;
#2320 = PRESENTATION_LAYER_ASSIGNMENT (  '', '', ( #834 ) ) ;
#2321 = VECTOR ( 'NONE', #9906, 39.37007874015748143 ) ;
#2322 = CARTESIAN_POINT ( 'NONE',  ( -0.06249999999999981959, 0.05799999999999996825, 0.08749999999999986955 ) ) ;
#2323 = VERTEX_POINT ( 'NONE', #12573 ) ;
#2324 = ORIENTED_EDGE ( 'NONE', *, *, #10130, .T. ) ;
#2325 = DIRECTION ( 'NONE',  ( -1.000000000000000000, 0.000000000000000000, 0.000000000000000000 ) ) ;
#2326 = VECTOR ( 'NONE', #11673, 39.37007874015748143 ) ;
#2327 = DIRECTION ( 'NONE',  ( -1.000000000000000000, 0.000000000000000000, 0.000000000000000000 ) ) ;
#2328 = DIRECTION ( 'NONE',  ( -1.000000000000000000, 0.000000000000000000, 0.000000000000000000 ) ) ;
#2329 = LINE ( 'NONE', #328, #9845 ) ;
#2330 =( LENGTH_UNIT ( ) NAMED_UNIT ( * ) SI_UNIT ( $, .METRE. ) );
#2331 = AXIS2_PLACEMENT_3D ( 'NONE', #9288, #10410, #4108 ) ;
#2332 = CARTESIAN_POINT ( 'NONE',  ( 0.06250000000000001388, 0.2150000000000000244, -0.08750000000000010547 ) ) ;
#2333 = EDGE_CURVE ( 'NONE', #2948, #11201, #8417, .T. ) ;
#2334 = ORIENTED_EDGE ( 'NONE', *, *, #9150, .T. ) ;
#2335 = ORIENTED_EDGE ( 'NONE', *, *, #7448, .F. ) ;
#2336 = CARTESIAN_POINT ( 'NONE',  ( 0.07500000000000005274, 0.02499999999999992506, 0.2124999999999999112 ) ) ;
#2337 = ORIENTED_EDGE ( 'NONE', *, *, #5343, .T. ) ;
#2338 = CARTESIAN_POINT ( 'NONE',  ( 0.06250000000000001388, 0.05799999999999996825, -0.01250000000000010651 ) ) ;
#2339 = DIMENSIONAL_EXPONENTS ( 1.000000000000000000, 0.000000000000000000, 0.000000000000000000, 0.000000000000000000, 0.000000000000000000, 0.000000000000000000, 0.000000000000000000 ) ;
#2340 = CARTESIAN_POINT ( 'NONE',  ( 0.000000000000000000, 0.2150000000000000244, 0.000000000000000000 ) ) ;
#2341 = ORIENTED_EDGE ( 'NONE', *, *, #4526, .T. ) ;
#2342 = CARTESIAN_POINT ( 'NONE',  ( -0.04609772206928037380, 0.3880000000000000115, 0.2999999999999999889 ) ) ;
#2343 = UNCERTAINTY_MEASURE_WITH_UNIT (LENGTH_MEASURE( 1.000000000000000082E-05 ), #11518, 'distance_accuracy_value', 'NONE');
#2344 = ORIENTED_EDGE ( 'NONE', *, *, #2525, .T. ) ;
#2345 = DIRECTION ( 'NONE',  ( -0.000000000000000000, 0.000000000000000000, -1.000000000000000000 ) ) ;
#2346 = PRESENTATION_STYLE_ASSIGNMENT (( #7290 ) ) ;
#2347 = LINE ( 'NONE', #6549, #2903 ) ;
#2348 = CARTESIAN_POINT ( 'NONE',  ( -0.06999999999999999278, 0.1726274169979694906, 0.02999999999999978378 ) ) ;
#2349 = ADVANCED_FACE ( 'NONE', ( #8480 ), #11579, .F. ) ;
#2350 = ORIENTED_EDGE ( 'NONE', *, *, #7, .T. ) ;
#2351 = EDGE_CURVE ( 'NONE', #1974, #5832, #2541, .T. ) ;
#2352 = DIRECTION ( 'NONE',  ( 0.000000000000000000, -0.000000000000000000, -1.000000000000000000 ) ) ;
#2353 = DIRECTION ( 'NONE',  ( 0.000000000000000000, 0.000000000000000000, 1.000000000000000000 ) ) ;
#2354 = ORIENTED_EDGE ( 'NONE', *, *, #11055, .F. ) ;
#2355 = CARTESIAN_POINT ( 'NONE',  ( -0.06250000000000001388, 0.2150000000000000244, -0.01250000000000010651 ) ) ;
#2356 = ORIENTED_EDGE ( 'NONE', *, *, #650, .T. ) ;
#2357 = CARTESIAN_POINT ( 'NONE',  ( -0.03749999999999999861, 0.05799999999999996825, 0.1124999999999998779 ) ) ;
#2358 = DIRECTION ( 'NONE',  ( -3.045457963692998352E-16, -1.000000000000000000, 0.000000000000000000 ) ) ;
#2359 = EDGE_CURVE ( 'NONE', #11327, #5248, #8619, .T. ) ;
#2360 = ORIENTED_EDGE ( 'NONE', *, *, #4280, .T. ) ;
#2361 = FACE_OUTER_BOUND ( 'NONE', #4304, .T. ) ;
#2362 = CARTESIAN_POINT ( 'NONE',  ( 0.03749999999999999861, 0.3643779527559052878, 0.01249999999999990008 ) ) ;
#2363 = PRESENTATION_STYLE_ASSIGNMENT (( #10422 ) ) ;
#2364 = EDGE_CURVE ( 'NONE', #11770, #2462, #6548, .T. ) ;
#2365 = EDGE_CURVE ( 'NONE', #11825, #1583, #9991, .T. ) ;
#2366 = ADVANCED_FACE ( 'NONE', ( #5929 ), #4948, .F. ) ;
#2367 = EDGE_CURVE ( 'NONE', #4867, #2673, #11711, .T. ) ;
#2368 = CARTESIAN_POINT ( 'NONE',  ( 0.03750000000000004718, 0.03750000000000001249, 0.01249999999999990008 ) ) ;
#2369 = ORIENTED_EDGE ( 'NONE', *, *, #6466, .T. ) ;
#2370 = FACE_OUTER_BOUND ( 'NONE', #8090, .T. ) ;
#2371 = ORIENTED_EDGE ( 'NONE', *, *, #9391, .T. ) ;
#2372 =( NAMED_UNIT ( * ) PLANE_ANGLE_UNIT ( ) SI_UNIT ( $, .RADIAN. ) );
#2373 = ADVANCED_FACE ( 'NONE', ( #11907 ), #9795, .T. ) ;
#2374 = LINE ( 'NONE', #9171, #9217 ) ;
#2375 = EDGE_CURVE ( 'NONE', #4723, #7832, #12965, .T. ) ;
#2376 = CARTESIAN_POINT ( 'NONE',  ( 0.07000000000000002054, 0.04999999999999998196, 0.2299999999999997879 ) ) ;
#2377 = ORIENTED_EDGE ( 'NONE', *, *, #11749, .T. ) ;
#2378 = DIRECTION ( 'NONE',  ( 0.000000000000000000, 0.000000000000000000, -1.000000000000000000 ) ) ;
#2379 = UNCERTAINTY_MEASURE_WITH_UNIT (LENGTH_MEASURE( 1.000000000000000082E-05 ), #7773, 'distance_accuracy_value', 'NONE');
#2380 = EDGE_CURVE ( 'NONE', #6358, #274, #9927, .T. ) ;
#2381 = ADVANCED_FACE ( 'NONE', ( #10786 ), #3698, .T. ) ;
#2382 = ORIENTED_EDGE ( 'NONE', *, *, #11111, .F. ) ;
#2383 = ORIENTED_EDGE ( 'NONE', *, *, #3702, .F. ) ;
#2384 = AXIS2_PLACEMENT_3D ( 'NONE', #7329, #12290, #385 ) ;
#2385 =( CONVERSION_BASED_UNIT ( 'INCH', #4552 ) LENGTH_UNIT ( ) NAMED_UNIT ( #12469 ) );
#2386 = FILL_AREA_STYLE_COLOUR ( '', #5036 ) ;
#2387 = LINE ( 'NONE', #10383, #7970 ) ;
#2388 = CARTESIAN_POINT ( 'NONE',  ( 0.000000000000000000, 0.3880000000000000115, 0.09609772206928025862 ) ) ;
#2389 = DIRECTION ( 'NONE',  ( -1.000000000000000000, -6.097874985857736561E-17, 0.000000000000000000 ) ) ;
#2390 = PLANE ( 'NONE',  #7693 ) ;
#2391 =( LENGTH_UNIT ( ) NAMED_UNIT ( * ) SI_UNIT ( $, .METRE. ) );
#2392 = VECTOR ( 'NONE', #4592, 39.37007874015748854 ) ;
#2393 = AXIS2_PLACEMENT_3D ( 'NONE', #11480, #1567, #1189 ) ;
#2394 = ORIENTED_EDGE ( 'NONE', *, *, #7024, .F. ) ;
#2395 = ORIENTED_EDGE ( 'NONE', *, *, #6273, .F. ) ;
#2396 = ORIENTED_EDGE ( 'NONE', *, *, #647, .T. ) ;
#2397 = AXIS2_PLACEMENT_3D ( 'NONE', #6231, #3269, #4240 ) ;
#2398 = CARTESIAN_POINT ( 'NONE',  ( -0.03749999999999980432, 0.05799999999999996825, -0.01250000000000010651 ) ) ;
#2399 = CARTESIAN_POINT ( 'NONE',  ( 0.07000000000000002054, 0.02737258300203046849, 0.2299999999999997879 ) ) ;
#2400 = VECTOR ( 'NONE', #6939, 39.37007874015748854 ) ;
#2401 = ORIENTED_EDGE ( 'NONE', *, *, #7453, .T. ) ;
#2402 = LINE ( 'NONE', #8607, #9677 ) ;
#2403 = EDGE_LOOP ( 'NONE', ( #5331, #7713, #7500, #12018 ) ) ;
#2404 = CARTESIAN_POINT ( 'NONE',  ( -0.07500000000000002498, 0.000000000000000000, 0.08749999999999988343 ) ) ;
#2405 = CARTESIAN_POINT ( 'NONE',  ( -0.2036698591370891265, 0.02995180444377151113, 0.01745180444377145146 ) ) ;
#2406 = LINE ( 'NONE', #5361, #203 ) ;
#2407 = AXIS2_PLACEMENT_3D ( 'NONE', #10067, #1065, #1001 ) ;
#2408 = ORIENTED_EDGE ( 'NONE', *, *, #250, .F. ) ;
#2409 = EDGE_LOOP ( 'NONE', ( #765, #1850, #2613, #8229 ) ) ;
#2410 = LINE ( 'NONE', #2549, #6594 ) ;
#2412 = DIRECTION ( 'NONE',  ( -1.000000000000000000, 3.414809992080306836E-16, 0.000000000000000000 ) ) ;
#2411 = VECTOR ( 'NONE', #338, 39.37007874015748143 ) ;
#2413 = CARTESIAN_POINT ( 'NONE',  ( -0.06999999999999999278, 0.1726274169979694906, 0.2299999999999997879 ) ) ;
#2414 = ORIENTED_EDGE ( 'NONE', *, *, #3310, .F. ) ;
#2415 = CARTESIAN_POINT ( 'NONE',  ( -0.06250000000000005551, 0.03750000000000001249, -0.1875000000000001110 ) ) ;
#2416 = SURFACE_STYLE_FILL_AREA ( #10476 ) ;
#2417 = VERTEX_POINT ( 'NONE', #6677 ) ;
#2418 = SURFACE_STYLE_USAGE ( .BOTH. , #9352 ) ;
#2419 = DIRECTION ( 'NONE',  ( -1.000000000000000000, 0.000000000000000000, 0.000000000000000000 ) ) ;
#2420 = AXIS2_PLACEMENT_3D ( 'NONE', #9517, #12426, #11422 ) ;
#2421 = ADVANCED_FACE ( 'NONE', ( #11779 ), #9734, .T. ) ;
#2422 = DIRECTION ( 'NONE',  ( 0.000000000000000000, 0.000000000000000000, -1.000000000000000000 ) ) ;
#2423 = ORIENTED_EDGE ( 'NONE', *, *, #9699, .F. ) ;
#2424 = SURFACE_STYLE_FILL_AREA ( #3531 ) ;
#2425 =( NAMED_UNIT ( * ) PLANE_ANGLE_UNIT ( ) SI_UNIT ( $, .RADIAN. ) );
#2426 =( NAMED_UNIT ( * ) SI_UNIT ( $, .STERADIAN. ) SOLID_ANGLE_UNIT ( ) );
#2427 = VECTOR ( 'NONE', #6201, 39.37007874015748143 ) ;
#2428 = LINE ( 'NONE', #7174, #9172 ) ;
#2429 =( NAMED_UNIT ( * ) SI_UNIT ( $, .STERADIAN. ) SOLID_ANGLE_UNIT ( ) );
#2430 = AXIS2_PLACEMENT_3D ( 'NONE', #2242, #2960, #8044 ) ;
#2431 = ORIENTED_EDGE ( 'NONE', *, *, #3330, .F. ) ;
#2432 = CARTESIAN_POINT ( 'NONE',  ( 0.03749999999999995698, 0.03750000000000001249, -0.08750000000000010547 ) ) ;
#2433 = ORIENTED_EDGE ( 'NONE', *, *, #3941, .T. ) ;
#2434 = EDGE_CURVE ( 'NONE', #11485, #4308, #7748, .T. ) ;
#2435 = DIRECTION ( 'NONE',  ( 0.000000000000000000, 0.000000000000000000, 1.000000000000000000 ) ) ;
#2436 = CARTESIAN_POINT ( 'NONE',  ( 0.03749999999999999861, 0.05799999999999996825, -0.08750000000000010547 ) ) ;
#2437 = AXIS2_PLACEMENT_3D ( 'NONE', #2481, #7494, #4319 ) ;
#2438 = EDGE_CURVE ( 'NONE', #5, #9695, #5735, .T. ) ;
#2439 = DIRECTION ( 'NONE',  ( 0.000000000000000000, -1.000000000000000000, 0.000000000000000000 ) ) ;
#2440 = ORIENTED_EDGE ( 'NONE', *, *, #3095, .F. ) ;
#2441 = DIRECTION ( 'NONE',  ( -0.000000000000000000, -1.000000000000000000, -0.000000000000000000 ) ) ;
#2442 = CARTESIAN_POINT ( 'NONE',  ( -0.03749999999999999861, 0.3643779527559052878, -0.1875000000000001110 ) ) ;
#2443 = CIRCLE ( 'NONE', #11714, 0.007999999999999989758 ) ;
#2444 = DIRECTION ( 'NONE',  ( 0.000000000000000000, 0.000000000000000000, -1.000000000000000000 ) ) ;
#2445 = FILL_AREA_STYLE ('',( #8260 ) ) ;
#2446 = ORIENTED_EDGE ( 'NONE', *, *, #11162, .F. ) ;
#2447 = VERTEX_POINT ( 'NONE', #12830 ) ;
#2448 = FILL_AREA_STYLE_COLOUR ( '', #5764 ) ;
#2449 = EDGE_CURVE ( 'NONE', #6702, #12307, #3766, .T. ) ;
#2450 = CARTESIAN_POINT ( 'NONE',  ( -0.06250000000000001388, 0.2150000000000000244, -0.1875000000000001110 ) ) ;
#2451 = CARTESIAN_POINT ( 'NONE',  ( 0.03750000000000004718, 0.03750000000000001249, -0.01250000000000010651 ) ) ;
#2452 = PLANE ( 'NONE',  #8566 ) ;
#2453 = CARTESIAN_POINT ( 'NONE',  ( 0.1213779527559052385, 0.02500000000000001180, -0.08750000000000010547 ) ) ;
#2454 = EDGE_CURVE ( 'NONE', #491, #3195, #5012, .T. ) ;
#2455 = CARTESIAN_POINT ( 'NONE',  ( -0.03749999999999999861, 0.3643779527559052878, 0.01249999999999990008 ) ) ;
#2456 = DIRECTION ( 'NONE',  ( 0.000000000000000000, 0.000000000000000000, 1.000000000000000000 ) ) ;
#2457 = EDGE_CURVE ( 'NONE', #9980, #258, #7134, .T. ) ;
#2458 = ORIENTED_EDGE ( 'NONE', *, *, #2275, .T. ) ;
#2459 = ORIENTED_EDGE ( 'NONE', *, *, #440, .T. ) ;
#2460 = VECTOR ( 'NONE', #13025, 39.37007874015748143 ) ;
#2461 = AXIS2_PLACEMENT_3D ( 'NONE', #12681, #8708, #12620 ) ;
#2462 = VERTEX_POINT ( 'NONE', #2062 ) ;
#2463 = PRESENTATION_STYLE_ASSIGNMENT (( #11502 ) ) ;
#2464 = DIRECTION ( 'NONE',  ( -0.000000000000000000, 1.000000000000000000, -0.000000000000000000 ) ) ;
#2465 = VERTEX_POINT ( 'NONE', #5997 ) ;
#2466 = LINE ( 'NONE', #6344, #9038 ) ;
#2467 =( GEOMETRIC_REPRESENTATION_CONTEXT ( 3 ) GLOBAL_UNCERTAINTY_ASSIGNED_CONTEXT ( ( #8796 ) ) GLOBAL_UNIT_ASSIGNED_CONTEXT ( ( #10413, #1281, #1154 ) ) REPRESENTATION_CONTEXT ( 'NONE', 'WORKASPACE' ) );
#2468 = UNCERTAINTY_MEASURE_WITH_UNIT (LENGTH_MEASURE( 1.000000000000000082E-05 ), #9603, 'distance_accuracy_value', 'NONE');
#2469 = EDGE_LOOP ( 'NONE', ( #4371, #1104, #5448, #8355 ) ) ;
#2470 = CARTESIAN_POINT ( 'NONE',  ( 0.03749999999999999861, 0.2150000000000000244, -0.1875000000000001110 ) ) ;
#2471 = PLANE ( 'NONE',  #4298 ) ;
#2472 = AXIS2_PLACEMENT_3D ( 'NONE', #2436, #897, #776 ) ;
#2473 = PLANE ( 'NONE',  #12861 ) ;
#2474 = VECTOR ( 'NONE', #5056, 39.37007874015748143 ) ;
#2475 = ORIENTED_EDGE ( 'NONE', *, *, #2333, .F. ) ;
#2476 = AXIS2_PLACEMENT_3D ( 'NONE', #7708, #8885, #7834 ) ;
#2477 = ORIENTED_EDGE ( 'NONE', *, *, #10270, .T. ) ;
#2478 = CARTESIAN_POINT ( 'NONE',  ( 0.000000000000000000, 0.3880000000000000115, -0.09609772206928048066 ) ) ;
#2479 = CYLINDRICAL_SURFACE ( 'NONE', #4363, 0.007999999999999955064 ) ;
#2480 = ORIENTED_EDGE ( 'NONE', *, *, #1116, .T. ) ;
#2481 = CARTESIAN_POINT ( 'NONE',  ( 0.1449999999999999623, -0.03750000000000000555, 0.1000000000000000056 ) ) ;
#2482 = CARTESIAN_POINT ( 'NONE',  ( -0.07500000000000005274, 0.02500000000000001180, 0.01249999999999990008 ) ) ;
#2483 = ORIENTED_EDGE ( 'NONE', *, *, #7017, .T. ) ;
#2484 = FACE_OUTER_BOUND ( 'NONE', #5925, .T. ) ;
#2485 = DIRECTION ( 'NONE',  ( 1.000000000000000000, 0.000000000000000000, 0.000000000000000000 ) ) ;
#2486 = ORIENTED_EDGE ( 'NONE', *, *, #11618, .T. ) ;
#2487 = CARTESIAN_POINT ( 'NONE',  ( -0.07500000000000002498, 0.000000000000000000, 0.08749999999999988343 ) ) ;
#2488 = COLOUR_RGB ( '',1.000000000000000000, 0.8117647058823529438, 0.5019607843137254832 ) ;
#2489 = PLANE ( 'NONE',  #3934 ) ;
#2490 = CARTESIAN_POINT ( 'NONE',  ( 0.07500000000000002498, 0.000000000000000000, 0.1124999999999998918 ) ) ;
#2491 = EDGE_CURVE ( 'NONE', #4225, #11477, #3112, .T. ) ;
#2492 =( NAMED_UNIT ( * ) PLANE_ANGLE_UNIT ( ) SI_UNIT ( $, .RADIAN. ) );
#2493 = ORIENTED_EDGE ( 'NONE', *, *, #9235, .T. ) ;
#2494 = CARTESIAN_POINT ( 'NONE',  ( 0.07500000000000002498, 0.000000000000000000, -0.08750000000000010547 ) ) ;
#2495 = DIRECTION ( 'NONE',  ( -0.3420201433256649937, -0.9396926207859097602, 0.000000000000000000 ) ) ;
#2496 = ORIENTED_EDGE ( 'NONE', *, *, #12471, .T. ) ;
#2497 =( GEOMETRIC_REPRESENTATION_CONTEXT ( 3 ) GLOBAL_UNCERTAINTY_ASSIGNED_CONTEXT ( ( #11840 ) ) GLOBAL_UNIT_ASSIGNED_CONTEXT ( ( #8732, #3114, #1192 ) ) REPRESENTATION_CONTEXT ( 'NONE', 'WORKASPACE' ) );
#2498 = SURFACE_STYLE_FILL_AREA ( #4473 ) ;
#2499 = DIRECTION ( 'NONE',  ( 0.000000000000000000, 0.000000000000000000, 1.000000000000000000 ) ) ;
#2500 = VECTOR ( 'NONE', #12782, 39.37007874015748143 ) ;
#2501 = FACE_OUTER_BOUND ( 'NONE', #4643, .T. ) ;
#2502 = ORIENTED_EDGE ( 'NONE', *, *, #4758, .F. ) ;
#2503 = VECTOR ( 'NONE', #1207, 39.37007874015748143 ) ;
#2504 = CARTESIAN_POINT ( 'NONE',  ( 0.07000000000000000666, 0.1726274169979694906, 0.1779999999999997140 ) ) ;
#2505 = FACE_OUTER_BOUND ( 'NONE', #5001, .T. ) ;
#2506 = AXIS2_PLACEMENT_3D ( 'NONE', #6932, #7929, #11086 ) ;
#2507 = LINE ( 'NONE', #10564, #3756 ) ;
#2508 = ADVANCED_FACE ( 'NONE', ( #2197 ), #11030, .T. ) ;
#2509 = STYLED_ITEM ( 'NONE', ( #5472 ), #1755 ) ;
#2510 = EDGE_CURVE ( 'NONE', #3398, #13006, #3048, .T. ) ;
#2511 = VECTOR ( 'NONE', #6272, 39.37007874015748143 ) ;
#2512 = VERTEX_POINT ( 'NONE', #7202 ) ;
#2513 = ORIENTED_EDGE ( 'NONE', *, *, #640, .T. ) ;
#2514 = FACE_OUTER_BOUND ( 'NONE', #11945, .T. ) ;
#2515 = DIRECTION ( 'NONE',  ( 0.000000000000000000, 0.000000000000000000, 1.000000000000000000 ) ) ;
#2516 = CARTESIAN_POINT ( 'NONE',  ( -0.03749999999999999861, 0.05799999999999996825, 0.1124999999999998779 ) ) ;
#2517 = CARTESIAN_POINT ( 'NONE',  ( -0.03749999999999999861, 0.3643779527559052878, -0.1875000000000001110 ) ) ;
#2518 = COLOUR_RGB ( '',1.000000000000000000, 0.8117647058823529438, 0.5019607843137254832 ) ;
#2519 = CARTESIAN_POINT ( 'NONE',  ( 0.04609772206928037380, 0.3880000000000000115, -0.2039022779307197442 ) ) ;
#2520 = DIRECTION ( 'NONE',  ( 3.045457963692998352E-16, 1.000000000000000000, 0.000000000000000000 ) ) ;
#2521 = LINE ( 'NONE', #1446, #187 ) ;
#2522 = EDGE_CURVE ( 'NONE', #11856, #10308, #7067, .T. ) ;
#2523 = VECTOR ( 'NONE', #10420, 39.37007874015748143 ) ;
#2524 = LINE ( 'NONE', #6533, #4159 ) ;
#2525 = EDGE_CURVE ( 'NONE', #9611, #8375, #3955, .T. ) ;
#2526 = VECTOR ( 'NONE', #1036, 39.37007874015748143 ) ;
#2527 = VECTOR ( 'NONE', #6947, 39.37007874015748143 ) ;
#2529 = ORIENTED_EDGE ( 'NONE', *, *, #1597, .F. ) ;
#2528 = PRODUCT_DEFINITION ( 'UNKNOWN', '', #9620, #3296 ) ;
#2530 = VERTEX_POINT ( 'NONE', #4223 ) ;
#2532 = EDGE_CURVE ( 'NONE', #7837, #11387, #2981, .T. ) ;
#2531 = LINE ( 'NONE', #12497, #7467 ) ;
#2533 = EDGE_LOOP ( 'NONE', ( #2642, #6184, #64, #3771 ) ) ;
#2534 = COLOUR_RGB ( '',1.000000000000000000, 0.8117647058823529438, 0.5019607843137254832 ) ;
#2535 = STYLED_ITEM ( 'NONE', ( #1487 ), #7256 ) ;
#2536 = CARTESIAN_POINT ( 'NONE',  ( 0.07000000000000002054, 0.05799999999999997519, -0.1700000000000002343 ) ) ;
#2538 = VERTEX_POINT ( 'NONE', #6135 ) ;
#2537 = ADVANCED_FACE ( 'NONE', ( #2132 ), #5147, .T. ) ;
#2539 = FACE_OUTER_BOUND ( 'NONE', #7243, .T. ) ;
#2540 = EDGE_LOOP ( 'NONE', ( #5083, #4087, #3517, #5915 ) ) ;
#2541 = LINE ( 'NONE', #2404, #1863 ) ;
#2542 = DIRECTION ( 'NONE',  ( 5.850480457187554951E-16, -1.000000000000000000, -0.000000000000000000 ) ) ;
#2543 = EDGE_CURVE ( 'NONE', #10566, #6762, #10128, .T. ) ;
#2544 = SHAPE_REPRESENTATION ( '10129383-xxxxxxxLF_(Additional)_10129383-910001ALF', ( #7725 ), #8769 ) ;
#2545 = DIRECTION ( 'NONE',  ( 0.000000000000000000, 0.000000000000000000, -1.000000000000000000 ) ) ;
#2546 = EDGE_LOOP ( 'NONE', ( #3491, #9810 ) ) ;
#2547 = ORIENTED_EDGE ( 'NONE', *, *, #2946, .F. ) ;
#2548 = ORIENTED_EDGE ( 'NONE', *, *, #7438, .T. ) ;
#2549 = CARTESIAN_POINT ( 'NONE',  ( -0.09499999999999998723, 0.04999999999999998196, 0.06400000000000001521 ) ) ;
#2550 = DIRECTION ( 'NONE',  ( 0.000000000000000000, 0.000000000000000000, -1.000000000000000000 ) ) ;
#2551 = PLANE ( 'NONE',  #12245 ) ;
#2552 = ORIENTED_EDGE ( 'NONE', *, *, #11385, .T. ) ;
#2553 = DIRECTION ( 'NONE',  ( 3.045457963692998352E-16, -1.000000000000000000, 0.000000000000000000 ) ) ;
#2554 = ORIENTED_EDGE ( 'NONE', *, *, #6449, .T. ) ;
#2555 = SURFACE_STYLE_USAGE ( .BOTH. , #5630 ) ;
#2556 = LINE ( 'NONE', #2615, #11662 ) ;
#2557 = APPLICATION_PROTOCOL_DEFINITION ( 'draft international standard', 'automotive_design', 1998, #7534 ) ;
#2558 = EDGE_LOOP ( 'NONE', ( #7956, #9418 ) ) ;
#2559 = DIRECTION ( 'NONE',  ( -0.000000000000000000, 1.000000000000000000, -0.000000000000000000 ) ) ;
#2560 = ORIENTED_EDGE ( 'NONE', *, *, #12686, .F. ) ;
#2561 = DIRECTION ( 'NONE',  ( 0.4027386142660224211, 0.000000000000000000, -0.9153150324227632417 ) ) ;
#2562 = CARTESIAN_POINT ( 'NONE',  ( -0.03749999999999999861, 0.3880000000000000115, 0.1124999999999998918 ) ) ;
#2563 = ORIENTED_EDGE ( 'NONE', *, *, #11691, .F. ) ;
#2564 = DIRECTION ( 'NONE',  ( 0.000000000000000000, -0.000000000000000000, 1.000000000000000000 ) ) ;
#2565 = CARTESIAN_POINT ( 'NONE',  ( -0.03749999999999999861, 0.2150000000000000244, -0.01250000000000010651 ) ) ;
#2566 = DIRECTION ( 'NONE',  ( -0.000000000000000000, 0.000000000000000000, 1.000000000000000000 ) ) ;
#2567 = ORIENTED_EDGE ( 'NONE', *, *, #8256, .T. ) ;
#2568 = CARTESIAN_POINT ( 'NONE',  ( 0.03749999999999999861, 0.05799999999999996825, -0.1875000000000001110 ) ) ;
#2569 = LINE ( 'NONE', #1632, #2186 ) ;
#2570 = CLOSED_SHELL ( 'NONE', ( #1376, #11404, #8165, #8777, #877, #8825, #10914, #160, #10432, #12042, #6109, #35, #12955, #413, #7207, #12856, #7678, #10899 ) ) ;
#2571 = CARTESIAN_POINT ( 'NONE',  ( 0.06250000000000001388, 0.3643779527559052878, -0.1875000000000001110 ) ) ;
#2572 = LINE ( 'NONE', #6583, #8500 ) ;
#2573 = VERTEX_POINT ( 'NONE', #1059 ) ;
#2574 = DIRECTION ( 'NONE',  ( -0.3420201433256656598, -1.041607969234569323E-16, 0.9396926207859095381 ) ) ;
#2575 = LINE ( 'NONE', #6587, #8006 ) ;
#2576 = CARTESIAN_POINT ( 'NONE',  ( -0.03749999999999999861, 0.2150000000000000244, -0.1125000000000001138 ) ) ;
#2577 = PLANE ( 'NONE',  #9430 ) ;
#2578 = LINE ( 'NONE', #7601, #10680 ) ;
#2579 = DIRECTION ( 'NONE',  ( -1.000000000000000000, 0.000000000000000000, 0.000000000000000000 ) ) ;
#2580 = CARTESIAN_POINT ( 'NONE',  ( 0.03749999999999999861, 0.05799999999999996825, 0.2124999999999999112 ) ) ;
#2581 = EDGE_CURVE ( 'NONE', #5861, #6437, #4015, .T. ) ;
#2582 = CARTESIAN_POINT ( 'NONE',  ( -0.09499999999999998723, 0.05799999999999997519, 0.06400000000000001521 ) ) ;
#2583 = EDGE_LOOP ( 'NONE', ( #10763, #8180, #7490, #12026 ) ) ;
#2584 = VERTEX_POINT ( 'NONE', #9189 ) ;
#2585 = EDGE_LOOP ( 'NONE', ( #6031, #1784, #11312, #3836 ) ) ;
#2586 = DIRECTION ( 'NONE',  ( 0.000000000000000000, 1.000000000000000000, 0.000000000000000000 ) ) ;
#2587 = VECTOR ( 'NONE', #5888, 39.37007874015748143 ) ;
#2588 = EDGE_CURVE ( 'NONE', #5057, #7881, #11143, .T. ) ;
#2589 = CARTESIAN_POINT ( 'NONE',  ( 0.07000000000000002054, 0.02737258300203046849, -0.1620000000000002549 ) ) ;
#2590 = ORIENTED_EDGE ( 'NONE', *, *, #1948, .T. ) ;
#2591 = COLOUR_RGB ( '',1.000000000000000000, 0.8117647058823529438, 0.5019607843137254832 ) ;
#2592 = DIRECTION ( 'NONE',  ( 0.000000000000000000, 0.000000000000000000, 1.000000000000000000 ) ) ;
#2593 = CLOSED_SHELL ( 'NONE', ( #12764, #10518, #5902, #4174, #11732, #10051, #2924, #10648, #7771, #3350 ) ) ;
#2594 = UNCERTAINTY_MEASURE_WITH_UNIT (LENGTH_MEASURE( 1.000000000000000082E-05 ), #1628, 'distance_accuracy_value', 'NONE');
#2595 = ADVANCED_FACE ( 'NONE', ( #995 ), #880, .T. ) ;
#2596 = VERTEX_POINT ( 'NONE', #9935 ) ;
#2597 = CARTESIAN_POINT ( 'NONE',  ( 0.07500000000000005274, 0.02500000000000001180, 0.2124999999999999112 ) ) ;
#2598 = AXIS2_PLACEMENT_3D ( 'NONE', #12094, #3049, #4082 ) ;
#2599 = CARTESIAN_POINT ( 'NONE',  ( -0.1449999999999999623, 0.008597722069280350904, 0.000000000000000000 ) ) ;
#2600 = DIRECTION ( 'NONE',  ( -0.000000000000000000, 1.000000000000000000, 0.000000000000000000 ) ) ;
#2601 = VERTEX_POINT ( 'NONE', #8502 ) ;
#2602 = ORIENTED_EDGE ( 'NONE', *, *, #9703, .T. ) ;
#2603 = MECHANICAL_DESIGN_GEOMETRIC_PRESENTATION_REPRESENTATION (  '', ( #72 ), #7882 ) ;
#2604 = EDGE_CURVE ( 'NONE', #2205, #6437, #4771, .T. ) ;
#2605 = ORIENTED_EDGE ( 'NONE', *, *, #1379, .F. ) ;
#2606 = CARTESIAN_POINT ( 'NONE',  ( 0.000000000000000000, 0.2150000000000000244, 0.1000000000000000056 ) ) ;
#2607 = AXIS2_PLACEMENT_3D ( 'NONE', #7264, #137, #5141 ) ;
#2608 = CARTESIAN_POINT ( 'NONE',  ( -0.03749999999999999861, 0.05799999999999996825, 0.01249999999999990008 ) ) ;
#2609 = EDGE_CURVE ( 'NONE', #11359, #11282, #190, .T. ) ;
#2610 = PRESENTATION_STYLE_ASSIGNMENT (( #12651 ) ) ;
#2611 = ORIENTED_EDGE ( 'NONE', *, *, #8966, .T. ) ;
#2612 = PLANE ( 'NONE',  #8350 ) ;
#2613 = ORIENTED_EDGE ( 'NONE', *, *, #4089, .T. ) ;
#2614 = CARTESIAN_POINT ( 'NONE',  ( -0.1100440510024100205, 0.05799999999999997519, 0.2359902289355768901 ) ) ;
#2615 = CARTESIAN_POINT ( 'NONE',  ( -0.04011817604383836194, 0.3715713323165082960, 0.1901181760438382662 ) ) ;
#2616 = ORIENTED_EDGE ( 'NONE', *, *, #5561, .F. ) ;
#2617 = FACE_OUTER_BOUND ( 'NONE', #5253, .T. ) ;
#2618 = ADVANCED_FACE ( 'NONE', ( #2930 ), #816, .T. ) ;
#2619 = MECHANICAL_DESIGN_GEOMETRIC_PRESENTATION_REPRESENTATION (  '', ( #6602 ), #4286 ) ;
#2620 = LINE ( 'NONE', #6637, #3321 ) ;
#2621 = VECTOR ( 'NONE', #9941, 39.37007874015748143 ) ;
#2622 = EDGE_CURVE ( 'NONE', #9254, #1949, #5810, .T. ) ;
#2623 = AXIS2_PLACEMENT_3D ( 'NONE', #10987, #13041, #1937 ) ;
#2624 = FACE_OUTER_BOUND ( 'NONE', #5726, .T. ) ;
#2625 = ORIENTED_EDGE ( 'NONE', *, *, #12992, .F. ) ;
#2626 = VECTOR ( 'NONE', #9919, 39.37007874015748143 ) ;
#2627 = FILL_AREA_STYLE_COLOUR ( '', #847 ) ;
#2628 = EDGE_LOOP ( 'NONE', ( #7561, #1206, #13045, #10380 ) ) ;
#2629 = SURFACE_STYLE_FILL_AREA ( #9700 ) ;
#2630 = VECTOR ( 'NONE', #5722, 39.37007874015748143 ) ;
#2631 = CARTESIAN_POINT ( 'NONE',  ( -0.03749999999999999861, 0.2150000000000000244, 0.1124999999999998918 ) ) ;
#2632 = LINE ( 'NONE', #700, #6181 ) ;
#2633 = CARTESIAN_POINT ( 'NONE',  ( 0.1449999999999999623, 0.01640227793071964008, 0.2124999999999999112 ) ) ;
#2634 = DIRECTION ( 'NONE',  ( 0.000000000000000000, 0.000000000000000000, 1.000000000000000000 ) ) ;
#2635 = ORIENTED_EDGE ( 'NONE', *, *, #117, .F. ) ;
#2636 = CARTESIAN_POINT ( 'NONE',  ( 0.07000000000000017319, 0.05799999999999996825, -0.1470000000000001028 ) ) ;
#2637 = STYLED_ITEM ( 'NONE', ( #12431 ), #5665 ) ;
#2638 = DIRECTION ( 'NONE',  ( 0.000000000000000000, 0.000000000000000000, -1.000000000000000000 ) ) ;
#2639 = FACE_OUTER_BOUND ( 'NONE', #1782, .T. ) ;
#2640 = VECTOR ( 'NONE', #4477, 39.37007874015748143 ) ;
#2641 = FILL_AREA_STYLE ('',( #7655 ) ) ;
#2642 = ORIENTED_EDGE ( 'NONE', *, *, #11635, .F. ) ;
#2643 =( CONVERSION_BASED_UNIT ( 'INCH', #5779 ) LENGTH_UNIT ( ) NAMED_UNIT ( #1233 ) );
#2645 = CIRCLE ( 'NONE', #314, 0.007999999999999998432 ) ;
#2644 = SURFACE_STYLE_USAGE ( .BOTH. , #7598 ) ;
#2646 = SURFACE_STYLE_USAGE ( .BOTH. , #2831 ) ;
#2647 = LINE ( 'NONE', #590, #3298 ) ;
#2648 = CARTESIAN_POINT ( 'NONE',  ( -0.06250000000000001388, 0.3643779527559052878, 0.08749999999999988343 ) ) ;
#2649 = VECTOR ( 'NONE', #7082, 39.37007874015748143 ) ;
#2650 = CARTESIAN_POINT ( 'NONE',  ( 0.03749999999999999861, 0.3643779527559052878, 0.01249999999999990008 ) ) ;
#2651 = CIRCLE ( 'NONE', #10035, 0.03750000000000008882 ) ;
#2652 = AXIS2_PLACEMENT_3D ( 'NONE', #12501, #1133, #5162 ) ;
#2653 =( CONVERSION_BASED_UNIT ( 'INCH', #7803 ) LENGTH_UNIT ( ) NAMED_UNIT ( #9210 ) );
#2654 =( CONVERSION_BASED_UNIT ( 'INCH', #9658 ) LENGTH_UNIT ( ) NAMED_UNIT ( #5554 ) );
#2655 = ORIENTED_EDGE ( 'NONE', *, *, #579, .F. ) ;
#2656 = ORIENTED_EDGE ( 'NONE', *, *, #3471, .F. ) ;
#2657 = PLANE ( 'NONE',  #1554 ) ;
#2658 = EDGE_CURVE ( 'NONE', #5094, #11825, #6755, .T. ) ;
#2659 = EDGE_LOOP ( 'NONE', ( #3933, #2783, #6666, #9213 ) ) ;
#2660 = DIRECTION ( 'NONE',  ( 0.000000000000000000, 0.000000000000000000, 1.000000000000000000 ) ) ;
#2661 = PRESENTATION_STYLE_ASSIGNMENT (( #11705 ) ) ;
#2662 = ORIENTED_EDGE ( 'NONE', *, *, #4863, .T. ) ;
#2663 = PLANE ( 'NONE',  #4805 ) ;
#2664 = ORIENTED_EDGE ( 'NONE', *, *, #4017, .T. ) ;
#2665 = CARTESIAN_POINT ( 'NONE',  ( -0.04609772206928037380, 0.3880000000000000115, 0.1000000000000000056 ) ) ;
#2666 = DIRECTION ( 'NONE',  ( 0.000000000000000000, -0.3420201433256662704, 0.9396926207859094271 ) ) ;
#2667 = LINE ( 'NONE', #11781, #9870 ) ;
#2668 = LINE ( 'NONE', #10722, #11368 ) ;
#2669 = EDGE_CURVE ( 'NONE', #9326, #11048, #8876, .T. ) ;
#2670 = ORIENTED_EDGE ( 'NONE', *, *, #7438, .F. ) ;
#2671 = EDGE_LOOP ( 'NONE', ( #4930, #9091, #2786, #8099 ) ) ;
#2673 = VERTEX_POINT ( 'NONE', #6886 ) ;
#2672 = EDGE_CURVE ( 'NONE', #5505, #11197, #8805, .T. ) ;
#2674 = SURFACE_SIDE_STYLE ('',( #11722 ) ) ;
#2675 = CARTESIAN_POINT ( 'NONE',  ( -0.1449999999999999623, -4.268512490100412049E-18, -0.09609772206928048066 ) ) ;
#2676 = CARTESIAN_POINT ( 'NONE',  ( -0.03749999999999999861, 0.2150000000000000244, -0.1875000000000001110 ) ) ;
#2677 = DIRECTION ( 'NONE',  ( 0.000000000000000000, 0.000000000000000000, 1.000000000000000000 ) ) ;
#2678 = DIRECTION ( 'NONE',  ( 0.000000000000000000, 1.000000000000000000, 0.000000000000000000 ) ) ;
#2679 = ORIENTED_EDGE ( 'NONE', *, *, #8062, .T. ) ;
#2680 = FACE_OUTER_BOUND ( 'NONE', #10707, .T. ) ;
#2681 = PLANE ( 'NONE',  #2303 ) ;
#2682 = VECTOR ( 'NONE', #2422, 39.37007874015748143 ) ;
#2683 = ORIENTED_EDGE ( 'NONE', *, *, #23, .T. ) ;
#2684 = CARTESIAN_POINT ( 'NONE',  ( -0.1449999999999999623, -0.03750000000000000555, 0.2000000000000000111 ) ) ;
#2685 = FACE_OUTER_BOUND ( 'NONE', #5744, .T. ) ;
#2686 = COLOUR_RGB ( '',1.000000000000000000, 0.8117647058823529438, 0.5019607843137254832 ) ;
#2687 = LENGTH_MEASURE_WITH_UNIT ( LENGTH_MEASURE( 0.02539999999999999897 ), #12787 );
#2688 = EDGE_CURVE ( 'NONE', #7852, #6816, #4887, .T. ) ;
#2689 = VECTOR ( 'NONE', #9491, 39.37007874015748143 ) ;
#2691 = ORIENTED_EDGE ( 'NONE', *, *, #10298, .F. ) ;
#2690 = EDGE_CURVE ( 'NONE', #10826, #6584, #6505, .T. ) ;
#2692 = PLANE ( 'NONE',  #7531 ) ;
#2693 = CARTESIAN_POINT ( 'NONE',  ( -0.1449999999999999623, 0.02500000000000000139, -0.003902277930719733490 ) ) ;
#2694 = ORIENTED_EDGE ( 'NONE', *, *, #6217, .T. ) ;
#2695 = VECTOR ( 'NONE', #1602, 39.37007874015748143 ) ;
#2696 = DIRECTION ( 'NONE',  ( -0.9396926207859094271, -0.3420201433256662704, -0.000000000000000000 ) ) ;
#2697 = CARTESIAN_POINT ( 'NONE',  ( 0.09499999999999998723, 0.1419999999999999873, 0.1640000000000000069 ) ) ;
#2698 =( NAMED_UNIT ( * ) PLANE_ANGLE_UNIT ( ) SI_UNIT ( $, .RADIAN. ) );
#2699 = CARTESIAN_POINT ( 'NONE',  ( 0.1213779527559052523, 2.925482699725639421E-18, 0.1874999999999999167 ) ) ;
#2700 = VECTOR ( 'NONE', #11737, 39.37007874015748143 ) ;
#2701 = PRESENTATION_STYLE_ASSIGNMENT (( #10622 ) ) ;
#2702 = ORIENTED_EDGE ( 'NONE', *, *, #2848, .T. ) ;
#2703 = DIRECTION ( 'NONE',  ( 0.000000000000000000, 1.000000000000000000, 0.000000000000000000 ) ) ;
#2704 = EDGE_CURVE ( 'NONE', #8116, #9551, #10555, .T. ) ;
#2705 = EDGE_CURVE ( 'NONE', #2465, #1720, #5238, .T. ) ;
#2706 = VECTOR ( 'NONE', #1703, 39.37007874015748143 ) ;
#2707 = COLOUR_RGB ( '',0.7921568627450980005, 0.8196078431372548767, 0.9333333333333333481 ) ;
#2708 = CARTESIAN_POINT ( 'NONE',  ( -0.07000000000000017319, 0.05799999999999996825, -0.1529999999999999694 ) ) ;
#2709 = VERTEX_POINT ( 'NONE', #1484 ) ;
#2710 = DIRECTION ( 'NONE',  ( 6.829619984160656074E-16, 0.000000000000000000, 1.000000000000000000 ) ) ;
#2711 = LINE ( 'NONE', #5598, #2947 ) ;
#2712 = VERTEX_POINT ( 'NONE', #6819 ) ;
#2713 =( NAMED_UNIT ( * ) PLANE_ANGLE_UNIT ( ) SI_UNIT ( $, .RADIAN. ) );
#2714 = CARTESIAN_POINT ( 'NONE',  ( -0.1213779527559052385, -2.828069580055263137E-18, 0.01249999999999990008 ) ) ;
#2715 = DIRECTION ( 'NONE',  ( 1.000000000000000000, 0.000000000000000000, -0.000000000000000000 ) ) ;
#2716 = CARTESIAN_POINT ( 'NONE',  ( 0.06250000000000001388, 0.3643779527559052878, -0.2125000000000001332 ) ) ;
#2717 = AXIS2_PLACEMENT_3D ( 'NONE', #4881, #3892, #7744 ) ;
#2718 = DIRECTION ( 'NONE',  ( 0.000000000000000000, 1.000000000000000000, 0.000000000000000000 ) ) ;
#2719 = MECHANICAL_DESIGN_GEOMETRIC_PRESENTATION_REPRESENTATION (  '', ( #386 ), #809 ) ;
#2720 = DIRECTION ( 'NONE',  ( 0.000000000000000000, -0.3420201433256662704, 0.9396926207859094271 ) ) ;
#2721 = ORIENTED_EDGE ( 'NONE', *, *, #2992, .T. ) ;
#2722 = ORIENTED_EDGE ( 'NONE', *, *, #7336, .F. ) ;
#2723 = PRESENTATION_STYLE_ASSIGNMENT (( #866 ) ) ;
#2724 = AXIS2_PLACEMENT_3D ( 'NONE', #3266, #1077, #11256 ) ;
#2725 = ORIENTED_EDGE ( 'NONE', *, *, #1861, .F. ) ;
#2726 = LINE ( 'NONE', #10780, #1118 ) ;
#2727 = DIRECTION ( 'NONE',  ( -1.437814733507507040E-15, 0.000000000000000000, 1.000000000000000000 ) ) ;
#2728 = CARTESIAN_POINT ( 'NONE',  ( -0.1449999999999999623, 0.01640227793071964008, -0.1039022779307197386 ) ) ;
#2729 = ORIENTED_EDGE ( 'NONE', *, *, #5096, .T. ) ;
#2730 = LINE ( 'NONE', #7875, #7774 ) ;
#2731 = VECTOR ( 'NONE', #11693, 39.37007874015748854 ) ;
#2732 = ORIENTED_EDGE ( 'NONE', *, *, #2705, .T. ) ;
#2733 = CARTESIAN_POINT ( 'NONE',  ( 0.03749999999999999861, 0.2150000000000000244, 0.01249999999999990008 ) ) ;
#2734 = CARTESIAN_POINT ( 'NONE',  ( 0.1449999999999999623, 0.008597722069280349169, 0.1874999999999999167 ) ) ;
#2735 = VECTOR ( 'NONE', #4084, 39.37007874015748143 ) ;
#2736 = EDGE_CURVE ( 'NONE', #12382, #9333, #5876, .T. ) ;
#2737 = PLANE ( 'NONE',  #9911 ) ;
#2738 = ORIENTED_EDGE ( 'NONE', *, *, #8419, .F. ) ;
#2739 = ORIENTED_EDGE ( 'NONE', *, *, #7604, .F. ) ;
#2740 =( LENGTH_UNIT ( ) NAMED_UNIT ( * ) SI_UNIT ( $, .METRE. ) );
#2741 = VECTOR ( 'NONE', #5230, 39.37007874015748143 ) ;
#2742 = ORIENTED_EDGE ( 'NONE', *, *, #1707, .T. ) ;
#2743 = CARTESIAN_POINT ( 'NONE',  ( 0.03749999999999999861, 0.2150000000000000244, 0.1124999999999998918 ) ) ;
#2744 = CARTESIAN_POINT ( 'NONE',  ( -0.03749999999999999861, 0.2150000000000000244, -0.1875000000000001110 ) ) ;
#2745 = PLANE ( 'NONE',  #5710 ) ;
#2746 = CARTESIAN_POINT ( 'NONE',  ( 0.06250000000000001388, 0.3880000000000000115, -0.1875000000000001110 ) ) ;
#2747 = ORIENTED_EDGE ( 'NONE', *, *, #5237, .T. ) ;
#2748 = CARTESIAN_POINT ( 'NONE',  ( -0.03749999999999980432, 0.1419999999999999873, -0.1125000000000001138 ) ) ;
#2749 = DIRECTION ( 'NONE',  ( 1.000000000000000000, 0.000000000000000000, 0.000000000000000000 ) ) ;
#2750 = ORIENTED_EDGE ( 'NONE', *, *, #1707, .F. ) ;
#2751 = DIRECTION ( 'NONE',  ( -1.000000000000000000, -6.097874985857736561E-17, 0.000000000000000000 ) ) ;
#2752 = CARTESIAN_POINT ( 'NONE',  ( -0.06999999999999999278, 0.1499999999999999944, -0.07000000000000022871 ) ) ;
#2753 = EDGE_CURVE ( 'NONE', #4260, #4939, #7141, .T. ) ;
#2754 = AXIS2_PLACEMENT_3D ( 'NONE', #40, #10944, #8037 ) ;
#2755 = ORIENTED_EDGE ( 'NONE', *, *, #8183, .F. ) ;
#2756 = ORIENTED_EDGE ( 'NONE', *, *, #4602, .F. ) ;
#2757 = SURFACE_STYLE_FILL_AREA ( #8506 ) ;
#2758 = ORIENTED_EDGE ( 'NONE', *, *, #5775, .T. ) ;
#2759 = EDGE_CURVE ( 'NONE', #7763, #12510, #2139, .T. ) ;
#2760 = COLOUR_RGB ( '',1.000000000000000000, 0.8117647058823529438, 0.5019607843137254832 ) ;
#2761 = LINE ( 'NONE', #7580, #11380 ) ;
#2762 = FILL_AREA_STYLE ('',( #7783 ) ) ;
#2763 = ADVANCED_FACE ( 'NONE', ( #10135 ), #7277, .T. ) ;
#2764 = PLANE ( 'NONE',  #558 ) ;
#2765 = VERTEX_POINT ( 'NONE', #4088 ) ;
#2766 = PLANE ( 'NONE',  #2277 ) ;
#2767 = EDGE_CURVE ( 'NONE', #12227, #10991, #10263, .T. ) ;
#2768 = EDGE_CURVE ( 'NONE', #2673, #3789, #6933, .T. ) ;
#2769 = PLANE ( 'NONE',  #10736 ) ;
#2770 = EDGE_LOOP ( 'NONE', ( #12953, #11976, #11585, #12987 ) ) ;
#2771 = EDGE_CURVE ( 'NONE', #12439, #5512, #10197, .T. ) ;
#2772 = PRESENTATION_STYLE_ASSIGNMENT (( #11686 ) ) ;
#2773 = ORIENTED_EDGE ( 'NONE', *, *, #1070, .T. ) ;
#2774 = EDGE_CURVE ( 'NONE', #11466, #4483, #8137, .T. ) ;
#2775 = CARTESIAN_POINT ( 'NONE',  ( -0.07500000000000005274, 0.02500000000000001180, -0.1125000000000001138 ) ) ;
#2776 = EDGE_CURVE ( 'NONE', #6496, #7612, #12843, .T. ) ;
#2777 = CARTESIAN_POINT ( 'NONE',  ( 0.03749999999999999861, 0.2150000000000000244, -0.1875000000000001110 ) ) ;
#2778 = DIRECTION ( 'NONE',  ( 0.000000000000000000, 0.000000000000000000, -1.000000000000000000 ) ) ;
#2779 =( NAMED_UNIT ( * ) PLANE_ANGLE_UNIT ( ) SI_UNIT ( $, .RADIAN. ) );
#2780 = ADVANCED_FACE ( 'NONE', ( #11180 ), #9194, .T. ) ;
#2781 =( NAMED_UNIT ( * ) SI_UNIT ( $, .STERADIAN. ) SOLID_ANGLE_UNIT ( ) );
#2782 = FILL_AREA_STYLE_COLOUR ( '', #8955 ) ;
#2783 = ORIENTED_EDGE ( 'NONE', *, *, #12684, .T. ) ;
#2784 = ORIENTED_EDGE ( 'NONE', *, *, #3339, .F. ) ;
#2785 = EDGE_CURVE ( 'NONE', #3420, #7301, #9070, .T. ) ;
#2786 = ORIENTED_EDGE ( 'NONE', *, *, #10919, .F. ) ;
#2787 = CARTESIAN_POINT ( 'NONE',  ( -0.09499999999999998723, 0.05799999999999997519, 0.2500000000000000555 ) ) ;
#2788 = LINE ( 'NONE', #8865, #4776 ) ;
#2789 = FACE_OUTER_BOUND ( 'NONE', #867, .T. ) ;
#2790 = DIRECTION ( 'NONE',  ( 0.000000000000000000, 1.000000000000000000, 0.000000000000000000 ) ) ;
#2791 = VERTEX_POINT ( 'NONE', #12040 ) ;
#2792 = SURFACE_SIDE_STYLE ('',( #10718 ) ) ;
#2793 = LINE ( 'NONE', #2734, #5556 ) ;
#2794 = CYLINDRICAL_SURFACE ( 'NONE', #5426, 0.007999999999999998432 ) ;
#2795 = LINE ( 'NONE', #9930, #8221 ) ;
#2796 = ORIENTED_EDGE ( 'NONE', *, *, #4527, .F. ) ;
#2797 = ORIENTED_EDGE ( 'NONE', *, *, #10502, .T. ) ;
#2798 = VECTOR ( 'NONE', #1608, 39.37007874015748143 ) ;
#2799 = FILL_AREA_STYLE_COLOUR ( '', #1981 ) ;
#2800 = CLOSED_SHELL ( 'NONE', ( #5276, #10721, #10676, #6067, #12624, #9061, #8339, #2373, #5650, #10013, #2381, #5487, #11156, #11176, #4186, #1763, #330, #11628, #1697, #4014, #10175, #5216, #15, #11053, #3070, #1550, #836, #11803, #505, #7430, #12556, #4455, #12276, #5091, #8573, #2196, #10363, #9520, #192, #8727, #3770, #4669, #5319, #10982, #6629, #6349, #8154, #8656, #10677, #4370, #1032, #5661, #4787, #11967, #11211, #9319, #12605, #10192, #5482, #10590, #2305, #422, #5863, #11818, #9559, #5721, #4074, #4446, #11007, #4915, #726, #197, #9966, #6035, #10203, #1710, #1780, #10487, #2508, #3928, #2102, #9406, #4039, #3707, #6361, #2905, #11971, #5142, #2225, #10821, #9888, #2295, #10199, #9949, #4033, #5934, #3620, #9141, #5658, #7406, #7614, #12472, #10345, #653, #2890, #1231, #12675, #7362, #7356, #8579, #11284, #12289, #3799, #6054, #660, #844, #4665, #6441, #7098, #7369, #11801, #9485, #3692, #673, #7437, #7733, #3173, #9948, #10610, #10039, #8188, #7280, #6785, #5952, #501, #4106, #9779, #11321, #6470, #9447, #9229, #12200 ) ) ;
#2801 = FACE_OUTER_BOUND ( 'NONE', #11832, .T. ) ;
#2802 = CARTESIAN_POINT ( 'NONE',  ( 0.07000000000000000666, 0.1419999999999999873, 0.06999999999999972911 ) ) ;
#2803 = VERTEX_POINT ( 'NONE', #2987 ) ;
#2804 = LINE ( 'NONE', #11655, #1988 ) ;
#2805 = ORIENTED_EDGE ( 'NONE', *, *, #4262, .T. ) ;
#2806 = LINE ( 'NONE', #10864, #4601 ) ;
#2807 = ORIENTED_EDGE ( 'NONE', *, *, #4898, .T. ) ;
#2808 = CARTESIAN_POINT ( 'NONE',  ( 0.07000000000000002054, 0.02737258300203046849, 0.1379999999999997617 ) ) ;
#2809 = CARTESIAN_POINT ( 'NONE',  ( 0.03749999999999999861, 0.2150000000000000244, -0.08750000000000010547 ) ) ;
#2810 = AXIS2_PLACEMENT_3D ( 'NONE', #8457, #9511, #4478 ) ;
#2811 = ORIENTED_EDGE ( 'NONE', *, *, #575, .T. ) ;
#2812 = VERTEX_POINT ( 'NONE', #5219 ) ;
#2813 = VERTEX_POINT ( 'NONE', #12243 ) ;
#2814 = EDGE_CURVE ( 'NONE', #3356, #8633, #4158, .T. ) ;
#2815 = FACE_OUTER_BOUND ( 'NONE', #9824, .T. ) ;
#2816 = VECTOR ( 'NONE', #4641, 39.37007874015748854 ) ;
#2817 = CARTESIAN_POINT ( 'NONE',  ( 0.06250000000000001388, 0.2150000000000000244, 0.1124999999999998918 ) ) ;
#2818 = LINE ( 'NONE', #326, #85 ) ;
#2819 = LINE ( 'NONE', #7974, #1833 ) ;
#2820 = ORIENTED_EDGE ( 'NONE', *, *, #9398, .T. ) ;
#2821 = FACE_OUTER_BOUND ( 'NONE', #5055, .T. ) ;
#2822 = AXIS2_PLACEMENT_3D ( 'NONE', #12960, #11836, #2849 ) ;
#2823 = VECTOR ( 'NONE', #334, 39.37007874015748854 ) ;
#2824 = MECHANICAL_DESIGN_GEOMETRIC_PRESENTATION_REPRESENTATION (  '', ( #5131 ), #4718 ) ;
#2825 = EDGE_CURVE ( 'NONE', #145, #10733, #8213, .T. ) ;
#2826 =( GEOMETRIC_REPRESENTATION_CONTEXT ( 3 ) GLOBAL_UNCERTAINTY_ASSIGNED_CONTEXT ( ( #3260 ) ) GLOBAL_UNIT_ASSIGNED_CONTEXT ( ( #432, #4458, #3208 ) ) REPRESENTATION_CONTEXT ( 'NONE', 'WORKASPACE' ) );
#2827 = ORIENTED_EDGE ( 'NONE', *, *, #1060, .F. ) ;
#2828 = CARTESIAN_POINT ( 'NONE',  ( 0.06250000000000001388, 0.3880000000000000115, 0.08749999999999988343 ) ) ;
#2829 = ORIENTED_EDGE ( 'NONE', *, *, #2704, .F. ) ;
#2830 = EDGE_CURVE ( 'NONE', #8329, #6112, #11102, .T. ) ;
#2831 = SURFACE_SIDE_STYLE ('',( #11882 ) ) ;
#2832 = PLANE ( 'NONE',  #11747 ) ;
#2833 = VECTOR ( 'NONE', #11964, 39.37007874015748143 ) ;
#2834 = DIRECTION ( 'NONE',  ( 1.000000000000000000, -6.097874985857736561E-17, 0.000000000000000000 ) ) ;
#2835 = SURFACE_STYLE_USAGE ( .BOTH. , #10964 ) ;
#2836 = DIRECTION ( 'NONE',  ( -2.435670465107224942E-16, -1.000000000000000000, 0.000000000000000000 ) ) ;
#2837 = AXIS2_PLACEMENT_3D ( 'NONE', #389, #3493, #8392 ) ;
#2838 = VECTOR ( 'NONE', #5062, 39.37007874015748143 ) ;
#2839 = EDGE_CURVE ( 'NONE', #2512, #11717, #3188, .T. ) ;
#2840 = AXIS2_PLACEMENT_3D ( 'NONE', #5263, #305, #3414 ) ;
#2841 = EDGE_CURVE ( 'NONE', #6964, #4575, #7210, .T. ) ;
#2842 = DIRECTION ( 'NONE',  ( -0.000000000000000000, -0.000000000000000000, 1.000000000000000000 ) ) ;
#2843 = ORIENTED_EDGE ( 'NONE', *, *, #10503, .F. ) ;
#2844 = ORIENTED_EDGE ( 'NONE', *, *, #7917, .T. ) ;
#2845 = DIRECTION ( 'NONE',  ( 1.000000000000000000, 0.000000000000000000, 0.000000000000000000 ) ) ;
#2846 = ORIENTED_EDGE ( 'NONE', *, *, #4293, .T. ) ;
#2847 = AXIS2_PLACEMENT_3D ( 'NONE', #2886, #8962, #9963 ) ;
#2848 = EDGE_CURVE ( 'NONE', #1306, #12071, #5855, .T. ) ;
#2849 = DIRECTION ( 'NONE',  ( 0.000000000000000000, 0.000000000000000000, 1.000000000000000000 ) ) ;
#2850 = CARTESIAN_POINT ( 'NONE',  ( -0.07500000000000003886, 0.03750000000000000555, 0.1999999999999999833 ) ) ;
#2851 = PLANE ( 'NONE',  #8741 ) ;
#2852 = PLANE ( 'NONE',  #2917 ) ;
#2853 = UNCERTAINTY_MEASURE_WITH_UNIT (LENGTH_MEASURE( 1.000000000000000082E-05 ), #7469, 'distance_accuracy_value', 'NONE');
#2854 = DIRECTION ( 'NONE',  ( -0.000000000000000000, 1.000000000000000000, -0.000000000000000000 ) ) ;
#2855 = LINE ( 'NONE', #10849, #4893 ) ;
#2856 = EDGE_CURVE ( 'NONE', #6270, #11700, #12100, .T. ) ;
#2857 = PLANE ( 'NONE',  #1424 ) ;
#2858 = CARTESIAN_POINT ( 'NONE',  ( 0.000000000000000000, 0.2150000000000000244, 0.000000000000000000 ) ) ;
#2859 = ORIENTED_EDGE ( 'NONE', *, *, #11954, .F. ) ;
#2860 = ORIENTED_EDGE ( 'NONE', *, *, #11316, .F. ) ;
#2861 = DIRECTION ( 'NONE',  ( -0.9153150324227631307, 0.000000000000000000, -0.4027386142660223656 ) ) ;
#2862 = CARTESIAN_POINT ( 'NONE',  ( 0.07000000000000002054, 0.02737258300203046849, -0.1700000000000002343 ) ) ;
#2863 = ORIENTED_EDGE ( 'NONE', *, *, #8827, .T. ) ;
#2864 = DIRECTION ( 'NONE',  ( 0.000000000000000000, 0.000000000000000000, -1.000000000000000000 ) ) ;
#2865 = VERTEX_POINT ( 'NONE', #4021 ) ;
#2866 = PLANE ( 'NONE',  #5766 ) ;
#2867 = LINE ( 'NONE', #1810, #11991 ) ;
#2868 = ORIENTED_EDGE ( 'NONE', *, *, #11552, .F. ) ;
#2869 =( NAMED_UNIT ( * ) SI_UNIT ( $, .STERADIAN. ) SOLID_ANGLE_UNIT ( ) );
#2870 = FACE_OUTER_BOUND ( 'NONE', #12424, .T. ) ;
#2871 = MECHANICAL_DESIGN_GEOMETRIC_PRESENTATION_REPRESENTATION (  '', ( #9205 ), #10894 ) ;
#2872 = CARTESIAN_POINT ( 'NONE',  ( -0.06250000000000005551, 0.03750000000000001249, 0.1874999999999999167 ) ) ;
#2873 = ORIENTED_EDGE ( 'NONE', *, *, #11550, .F. ) ;
#2874 = CYLINDRICAL_SURFACE ( 'NONE', #3641, 0.007999999999999989758 ) ;
#2875 = SURFACE_STYLE_FILL_AREA ( #1819 ) ;
#2876 = VECTOR ( 'NONE', #12134, 39.37007874015748143 ) ;
#2877 = CARTESIAN_POINT ( 'NONE',  ( 0.07000000000000000666, 0.1419999999999999873, 0.07799999999999970846 ) ) ;
#2878 = ORIENTED_EDGE ( 'NONE', *, *, #5727, .F. ) ;
#2879 = DIRECTION ( 'NONE',  ( 0.000000000000000000, 0.000000000000000000, -1.000000000000000000 ) ) ;
#2880 = CARTESIAN_POINT ( 'NONE',  ( 0.1449999999999999623, -0.03750000000000000555, 0.4000000000000000222 ) ) ;
#2881 = DIRECTION ( 'NONE',  ( 0.000000000000000000, 1.000000000000000000, 0.000000000000000000 ) ) ;
#2882 = CARTESIAN_POINT ( 'NONE',  ( -0.05988182395616164361, 0.3715713323165082960, -0.2098818239561617838 ) ) ;
#2883 = AXIS2_PLACEMENT_3D ( 'NONE', #10102, #13004, #2104 ) ;
#2884 = CARTESIAN_POINT ( 'NONE',  ( -0.06250000000000001388, 0.2150000000000000244, -0.1125000000000001138 ) ) ;
#2885 = VERTEX_POINT ( 'NONE', #8072 ) ;
#2886 = CARTESIAN_POINT ( 'NONE',  ( 0.06249999999999996531, 0.03750000000000001249, 0.1874999999999999167 ) ) ;
#2887 = VECTOR ( 'NONE', #10781, 39.37007874015748143 ) ;
#2888 = LENGTH_MEASURE_WITH_UNIT ( LENGTH_MEASURE( 0.02539999999999999897 ), #11940 );
#2889 = AXIS2_PLACEMENT_3D ( 'NONE', #2314, #8317, #10372 ) ;
#2890 = ADVANCED_FACE ( 'NONE', ( #5084 ), #8472, .F. ) ;
#2891 = SURFACE_STYLE_USAGE ( .BOTH. , #8903 ) ;
#2892 = EDGE_LOOP ( 'NONE', ( #4277, #879, #8665, #6790 ) ) ;
#2893 = CARTESIAN_POINT ( 'NONE',  ( -0.07000000000000017319, 0.1419999999999999873, -0.04700000000000009032 ) ) ;
#2894 = CARTESIAN_POINT ( 'NONE',  ( 0.03749999999999999861, 0.2150000000000000244, 0.08749999999999988343 ) ) ;
#2895 = ORIENTED_EDGE ( 'NONE', *, *, #3397, .F. ) ;
#2896 = CIRCLE ( 'NONE', #2061, 0.007999999999999998432 ) ;
#2897 = FACE_OUTER_BOUND ( 'NONE', #5792, .T. ) ;
#2898 = CARTESIAN_POINT ( 'NONE',  ( 0.06250000000000005551, 0.03750000000000001249, -0.01250000000000010651 ) ) ;
#2899 = DIRECTION ( 'NONE',  ( 3.045457963692998845E-16, 1.000000000000000000, 0.000000000000000000 ) ) ;
#2900 = LINE ( 'NONE', #7861, #9802 ) ;
#2901 = VECTOR ( 'NONE', #7926, 39.37007874015748143 ) ;
#2902 = EDGE_CURVE ( 'NONE', #3715, #2022, #8346, .T. ) ;
#2903 = VECTOR ( 'NONE', #9537, 39.37007874015748143 ) ;
#2904 = SURFACE_SIDE_STYLE ('',( #4872 ) ) ;
#2905 = ADVANCED_FACE ( 'NONE', ( #7539 ), #11568, .F. ) ;
#2906 = PRESENTATION_STYLE_ASSIGNMENT (( #6124 ) ) ;
#2907 = ORIENTED_EDGE ( 'NONE', *, *, #1846, .T. ) ;
#2908 = ORIENTED_EDGE ( 'NONE', *, *, #10614, .T. ) ;
#2909 = FILL_AREA_STYLE_COLOUR ( '', #3862 ) ;
#2910 = VERTEX_POINT ( 'NONE', #10580 ) ;
#2911 = DIRECTION ( 'NONE',  ( -0.000000000000000000, -0.000000000000000000, 1.000000000000000000 ) ) ;
#2912 = EDGE_CURVE ( 'NONE', #6584, #10601, #403, .T. ) ;
#2913 = AXIS2_PLACEMENT_3D ( 'NONE', #5932, #7205, #4950 ) ;
#2914 = PLANE ( 'NONE',  #12594 ) ;
#2915 = DIRECTION ( 'NONE',  ( 0.000000000000000000, 0.000000000000000000, -1.000000000000000000 ) ) ;
#2916 = DIRECTION ( 'NONE',  ( 0.000000000000000000, 0.000000000000000000, 1.000000000000000000 ) ) ;
#2917 = AXIS2_PLACEMENT_3D ( 'NONE', #12964, #669, #4633 ) ;
#2918 = EDGE_CURVE ( 'NONE', #3356, #1220, #8535, .T. ) ;
#2919 = DIRECTION ( 'NONE',  ( -0.000000000000000000, 0.000000000000000000, -1.000000000000000000 ) ) ;
#2920 = VECTOR ( 'NONE', #742, 39.37007874015748143 ) ;
#2921 = CARTESIAN_POINT ( 'NONE',  ( 0.07000000000000017319, 0.05799999999999997519, 0.04700000000000003481 ) ) ;
#2922 = FILL_AREA_STYLE ('',( #12096 ) ) ;
#2923 = EDGE_CURVE ( 'NONE', #1215, #1052, #2531, .T. ) ;
#2924 = ADVANCED_FACE ( 'NONE', ( #5541 ), #12565, .F. ) ;
#2925 = FACE_OUTER_BOUND ( 'NONE', #2558, .T. ) ;
#2926 = EDGE_CURVE ( 'NONE', #7236, #7901, #9328, .T. ) ;
#2927 = STYLED_ITEM ( 'NONE', ( #2047 ), #10840 ) ;
#2928 = EDGE_LOOP ( 'NONE', ( #12080, #900 ) ) ;
#2929 = ORIENTED_EDGE ( 'NONE', *, *, #759, .T. ) ;
#2930 = FACE_OUTER_BOUND ( 'NONE', #9637, .T. ) ;
#2931 = VECTOR ( 'NONE', #7950, 39.37007874015748143 ) ;
#2932 = EDGE_CURVE ( 'NONE', #5198, #4595, #1384, .T. ) ;
#2933 = FACE_OUTER_BOUND ( 'NONE', #2583, .T. ) ;
#2934 = FILL_AREA_STYLE ('',( #5881 ) ) ;
#2935 = DIRECTION ( 'NONE',  ( 0.000000000000000000, 0.000000000000000000, 1.000000000000000000 ) ) ;
#2936 = DIRECTION ( 'NONE',  ( -1.000000000000000000, -0.000000000000000000, -0.000000000000000000 ) ) ;
#2937 = VERTEX_POINT ( 'NONE', #1264 ) ;
#2938 = PRESENTATION_STYLE_ASSIGNMENT (( #12047 ) ) ;
#2939 = LINE ( 'NONE', #5819, #10725 ) ;
#2940 = EDGE_CURVE ( 'NONE', #7227, #5559, #9526, .T. ) ;
#2941 = VECTOR ( 'NONE', #7718, 39.37007874015748143 ) ;
#2942 = ORIENTED_EDGE ( 'NONE', *, *, #318, .F. ) ;
#2943 =( CONVERSION_BASED_UNIT ( 'INCH', #6830 ) LENGTH_UNIT ( ) NAMED_UNIT ( #6365 ) );
#2944 = CARTESIAN_POINT ( 'NONE',  ( 0.03749999999999999861, 0.05799999999999996825, 0.01249999999999990008 ) ) ;
#2945 = CARTESIAN_POINT ( 'NONE',  ( -0.06250000000000001388, 0.3643779527559052878, 0.1874999999999999167 ) ) ;
#2946 = EDGE_CURVE ( 'NONE', #2036, #5094, #465, .T. ) ;
#2947 = VECTOR ( 'NONE', #4741, 39.37007874015747433 ) ;
#2948 = VERTEX_POINT ( 'NONE', #2336 ) ;
#2949 = CARTESIAN_POINT ( 'NONE',  ( 0.03749999999999999861, 0.3880000000000000115, -0.01250000000000010651 ) ) ;
#2950 =( CONVERSION_BASED_UNIT ( 'INCH', #3140 ) LENGTH_UNIT ( ) NAMED_UNIT ( #1131 ) );
#2951 = LINE ( 'NONE', #10020, #6317 ) ;
#2952 = ORIENTED_EDGE ( 'NONE', *, *, #9367, .F. ) ;
#2953 = DIRECTION ( 'NONE',  ( -0.000000000000000000, 1.000000000000000000, 0.000000000000000000 ) ) ;
#2954 = DIRECTION ( 'NONE',  ( 0.000000000000000000, 0.000000000000000000, 1.000000000000000000 ) ) ;
#2955 = PLANE ( 'NONE',  #11040 ) ;
#2956 = LINE ( 'NONE', #2882, #7526 ) ;
#2957 = STYLED_ITEM ( 'NONE', ( #12665 ), #7196 ) ;
#2958 = CARTESIAN_POINT ( 'NONE',  ( -0.06999999999999999278, 0.1419999999999999873, 0.2219999999999998086 ) ) ;
#2959 = EDGE_LOOP ( 'NONE', ( #5019, #8601, #12496, #1900 ) ) ;
#2960 = DIRECTION ( 'NONE',  ( 0.000000000000000000, 0.000000000000000000, -1.000000000000000000 ) ) ;
#2961 = CARTESIAN_POINT ( 'NONE',  ( -0.03749999999999999861, 0.2150000000000000244, -0.1875000000000001110 ) ) ;
#2962 = VERTEX_POINT ( 'NONE', #6339 ) ;
#2963 = PLANE ( 'NONE',  #2883 ) ;
#2964 = LINE ( 'NONE', #6858, #9704 ) ;
#2965 = ORIENTED_EDGE ( 'NONE', *, *, #12662, .T. ) ;
#2966 = DIRECTION ( 'NONE',  ( 7.854062981784756704E-15, 0.000000000000000000, -1.000000000000000000 ) ) ;
#2967 = DIRECTION ( 'NONE',  ( 1.000000000000000000, 0.000000000000000000, -0.000000000000000000 ) ) ;
#2968 = ORIENTED_EDGE ( 'NONE', *, *, #10376, .F. ) ;
#2969 = DIRECTION ( 'NONE',  ( -1.000000000000000000, -0.000000000000000000, -0.000000000000000000 ) ) ;
#2970 = CARTESIAN_POINT ( 'NONE',  ( 0.06250000000000001388, 0.3643779527559052878, 0.08749999999999988343 ) ) ;
#2971 = VERTEX_POINT ( 'NONE', #5859 ) ;
#2972 = EDGE_LOOP ( 'NONE', ( #1224, #6355, #12919, #3207 ) ) ;
#2973 = CARTESIAN_POINT ( 'NONE',  ( 0.06250000000000001388, 0.2150000000000000244, 0.1874999999999999167 ) ) ;
#2974 = ORIENTED_EDGE ( 'NONE', *, *, #11739, .T. ) ;
#2975 = CARTESIAN_POINT ( 'NONE',  ( 0.09499999999999998723, 0.05799999999999997519, 0.1640000000000000069 ) ) ;
#2976 = EDGE_CURVE ( 'NONE', #12904, #9222, #4628, .T. ) ;
#2977 = DIRECTION ( 'NONE',  ( -0.3236155771181825069, 0.8891264907159898145, -0.3236155771181825069 ) ) ;
#2978 = CARTESIAN_POINT ( 'NONE',  ( -0.03749999999999999861, 0.3880000000000000115, -0.1875000000000001110 ) ) ;
#2979 = CARTESIAN_POINT ( 'NONE',  ( 0.03749999999999999861, 0.3880000000000000115, 0.1874999999999999167 ) ) ;
#2980 = UNCERTAINTY_MEASURE_WITH_UNIT (LENGTH_MEASURE( 1.000000000000000082E-05 ), #9283, 'distance_accuracy_value', 'NONE');
#2981 = LINE ( 'NONE', #1188, #6278 ) ;
#2982 = DIRECTION ( 'NONE',  ( 7.854062981784755126E-15, -0.000000000000000000, -1.000000000000000000 ) ) ;
#2983 = CYLINDRICAL_SURFACE ( 'NONE', #11990, 0.007999999999999989758 ) ;
#2984 = CARTESIAN_POINT ( 'NONE',  ( -0.04011817604383836194, 0.3715713323165082960, -0.009881823956161751854 ) ) ;
#2985 = ORIENTED_EDGE ( 'NONE', *, *, #9713, .F. ) ;
#2986 = ORIENTED_EDGE ( 'NONE', *, *, #12509, .F. ) ;
#2987 = CARTESIAN_POINT ( 'NONE',  ( 0.09499999999999998723, 0.05799999999999997519, 0.06400000000000001521 ) ) ;
#2988 = ADVANCED_FACE ( 'NONE', ( #12820 ), #2657, .T. ) ;
#2989 = DIRECTION ( 'NONE',  ( -1.000000000000000000, 0.000000000000000000, 0.000000000000000000 ) ) ;
#2990 = CARTESIAN_POINT ( 'NONE',  ( -0.06999999999999999278, 0.1419999999999999873, 0.2299999999999997879 ) ) ;
#2991 = LINE ( 'NONE', #8022, #1717 ) ;
#2992 = EDGE_CURVE ( 'NONE', #12741, #10903, #7934, .T. ) ;
#2993 = DIRECTION ( 'NONE',  ( 0.3236155771181825069, 0.8891264907159898145, -0.3236155771181825069 ) ) ;
#2994 = ORIENTED_EDGE ( 'NONE', *, *, #2029, .T. ) ;
#2995 = PLANE ( 'NONE',  #12337 ) ;
#2996 = UNCERTAINTY_MEASURE_WITH_UNIT (LENGTH_MEASURE( 1.000000000000000082E-05 ), #321, 'distance_accuracy_value', 'NONE');
#2997 = EDGE_LOOP ( 'NONE', ( #2334, #12099, #639, #6373 ) ) ;
#2998 = SURFACE_STYLE_USAGE ( .BOTH. , #4844 ) ;
#2999 = DIRECTION ( 'NONE',  ( 0.000000000000000000, 1.000000000000000000, 0.000000000000000000 ) ) ;
#3000 = SURFACE_STYLE_USAGE ( .BOTH. , #4966 ) ;
#3001 = FACE_OUTER_BOUND ( 'NONE', #8477, .T. ) ;
#3002 = ADVANCED_FACE ( 'NONE', ( #6668 ), #12753, .T. ) ;
#3003 = COLOUR_RGB ( '',0.7921568627450980005, 0.8196078431372548767, 0.9333333333333333481 ) ;
#3004 = EDGE_CURVE ( 'NONE', #646, #3038, #9851, .T. ) ;
#3005 = ORIENTED_EDGE ( 'NONE', *, *, #2848, .F. ) ;
#3006 = DIRECTION ( 'NONE',  ( 0.000000000000000000, -0.000000000000000000, 1.000000000000000000 ) ) ;
#3007 = DIRECTION ( 'NONE',  ( -1.000000000000000000, 0.000000000000000000, 0.000000000000000000 ) ) ;
#3008 = ORIENTED_EDGE ( 'NONE', *, *, #4204, .T. ) ;
#3009 = FILL_AREA_STYLE ('',( #8637 ) ) ;
#3010 = ADVANCED_FACE ( 'NONE', ( #6870 ), #11769, .T. ) ;
#3011 = LINE ( 'NONE', #1084, #3658 ) ;
#3012 = DIRECTION ( 'NONE',  ( 0.000000000000000000, 1.000000000000000000, 0.000000000000000000 ) ) ;
#3013 = CARTESIAN_POINT ( 'NONE',  ( 0.07500000000000005274, 0.000000000000000000, -0.1875000000000001110 ) ) ;
#3014 = VERTEX_POINT ( 'NONE', #4006 ) ;
#3015 = DIRECTION ( 'NONE',  ( 1.000000000000000000, 0.000000000000000000, -0.000000000000000000 ) ) ;
#3016 = VECTOR ( 'NONE', #12277, 39.37007874015748143 ) ;
#3017 = CLOSED_SHELL ( 'NONE', ( #11337, #740, #1472, #6484, #5644, #2287, #7756, #7284, #4509, #12391, #8264, #1537, #11085, #7607, #4773, #12538, #10850, #4136 ) ) ;
#3018 = FACE_BOUND ( 'NONE', #10967, .T. ) ;
#3019 = PRESENTATION_LAYER_ASSIGNMENT (  '', '', ( #9771 ) ) ;
#3020 = EDGE_CURVE ( 'NONE', #3718, #8143, #9256, .T. ) ;
#3021 = CARTESIAN_POINT ( 'NONE',  ( -0.07500000000000003886, 0.03750000000000000555, 0.08749999999999988343 ) ) ;
#3022 = ORIENTED_EDGE ( 'NONE', *, *, #13030, .F. ) ;
#3023 = PRESENTATION_LAYER_ASSIGNMENT (  '', '', ( #72 ) ) ;
#3024 = DIRECTION ( 'NONE',  ( 1.000000000000000000, -0.000000000000000000, -0.000000000000000000 ) ) ;
#3025 = DIRECTION ( 'NONE',  ( 1.000000000000000000, 0.000000000000000000, 0.000000000000000000 ) ) ;
#3026 = VERTEX_POINT ( 'NONE', #984 ) ;
#3027 = CARTESIAN_POINT ( 'NONE',  ( -0.03749999999999999861, 0.2150000000000000244, 0.08749999999999988343 ) ) ;
#3028 = MECHANICAL_DESIGN_GEOMETRIC_PRESENTATION_REPRESENTATION (  '', ( #9993 ), #8519 ) ;
#3029 = CARTESIAN_POINT ( 'NONE',  ( -0.04011817604383836194, 0.3715713323165082960, 0.09011817604383823288 ) ) ;
#3030 = ORIENTED_EDGE ( 'NONE', *, *, #6699, .F. ) ;
#3031 = EDGE_CURVE ( 'NONE', #7077, #443, #202, .T. ) ;
#3032 = CARTESIAN_POINT ( 'NONE',  ( 0.07500000000000005274, 0.02500000000000001180, 0.2124999999999999112 ) ) ;
#3033 = AXIS2_PLACEMENT_3D ( 'NONE', #5137, #9182, #12025 ) ;
#3034 = FILL_AREA_STYLE_COLOUR ( '', #2518 ) ;
#3035 =( GEOMETRIC_REPRESENTATION_CONTEXT ( 3 ) GLOBAL_UNCERTAINTY_ASSIGNED_CONTEXT ( ( #609 ) ) GLOBAL_UNIT_ASSIGNED_CONTEXT ( ( #8884, #6696, #7770 ) ) REPRESENTATION_CONTEXT ( 'NONE', 'WORKASPACE' ) );
#3036 = AXIS2_PLACEMENT_3D ( 'NONE', #10155, #1024, #4044 ) ;
#3037 = EDGE_LOOP ( 'NONE', ( #9166, #7995, #9982, #843 ) ) ;
#3038 = VERTEX_POINT ( 'NONE', #4938 ) ;
#3039 = AXIS2_PLACEMENT_3D ( 'NONE', #4581, #5750, #10862 ) ;
#3040 = LINE ( 'NONE', #4143, #12530 ) ;
#3041 = LENGTH_MEASURE_WITH_UNIT ( LENGTH_MEASURE( 0.02539999999999999897 ), #3708 );
#3042 = VERTEX_POINT ( 'NONE', #8058 ) ;
#3043 = CARTESIAN_POINT ( 'NONE',  ( -0.06249999999999980571, 0.05799999999999996825, 0.1124999999999998779 ) ) ;
#3044 = CARTESIAN_POINT ( 'NONE',  ( -0.07500000000000005274, 0.02500000000000001180, -0.01250000000000010651 ) ) ;
#3045 = CARTESIAN_POINT ( 'NONE',  ( 0.07000000000000000666, 0.1419999999999999873, 0.1619999999999998108 ) ) ;
#3046 = COLOUR_RGB ( '',1.000000000000000000, 0.8117647058823529438, 0.5019607843137254832 ) ;
#3047 = CARTESIAN_POINT ( 'NONE',  ( 0.07000000000000002054, 0.05799999999999997519, 0.1379999999999997617 ) ) ;
#3048 = LINE ( 'NONE', #3181, #2085 ) ;
#3049 = DIRECTION ( 'NONE',  ( -6.097874985857737794E-17, 1.000000000000000000, 0.000000000000000000 ) ) ;
#3050 =( GEOMETRIC_REPRESENTATION_CONTEXT ( 3 ) GLOBAL_UNCERTAINTY_ASSIGNED_CONTEXT ( ( #8542 ) ) GLOBAL_UNIT_ASSIGNED_CONTEXT ( ( #4079, #7132, #4354 ) ) REPRESENTATION_CONTEXT ( 'NONE', 'WORKASPACE' ) );
#3051 = SURFACE_SIDE_STYLE ('',( #8068 ) ) ;
#3052 = CARTESIAN_POINT ( 'NONE',  ( -0.07500000000000005274, -8.110173731190781122E-17, -0.01250000000000010651 ) ) ;
#3053 = EDGE_CURVE ( 'NONE', #12023, #1268, #3040, .T. ) ;
#3054 = VECTOR ( 'NONE', #2044, 39.37007874015748143 ) ;
#3055 = EDGE_LOOP ( 'NONE', ( #7798, #4109, #8536, #11159 ) ) ;
#3056 = EDGE_LOOP ( 'NONE', ( #2446, #7010, #4340, #5134 ) ) ;
#3057 = CARTESIAN_POINT ( 'NONE',  ( 0.09499999999999998723, 0.1420000000000000151, 0.2500000000000000555 ) ) ;
#3058 = ORIENTED_EDGE ( 'NONE', *, *, #7707, .F. ) ;
#3059 = CARTESIAN_POINT ( 'NONE',  ( 0.07500000000000002498, 0.000000000000000000, 0.2124999999999999112 ) ) ;
#3060 = DIRECTION ( 'NONE',  ( -1.000000000000000000, 0.000000000000000000, 0.000000000000000000 ) ) ;
#3061 = AXIS2_PLACEMENT_3D ( 'NONE', #8570, #4337, #8380 ) ;
#3062 = DIRECTION ( 'NONE',  ( -1.000000000000000000, 0.000000000000000000, 6.829619984160656074E-16 ) ) ;
#3063 = VERTEX_POINT ( 'NONE', #2973 ) ;
#3064 = CARTESIAN_POINT ( 'NONE',  ( 0.07000000000000017319, 0.1419999999999999873, 0.1470000000000000195 ) ) ;
#3065 = VERTEX_POINT ( 'NONE', #67 ) ;
#3066 = LINE ( 'NONE', #8356, #8443 ) ;
#3067 = LINE ( 'NONE', #12117, #6052 ) ;
#3068 = EDGE_CURVE ( 'NONE', #9782, #7162, #2123, .T. ) ;
#3069 = VECTOR ( 'NONE', #5272, 39.37007874015748143 ) ;
#3070 = ADVANCED_FACE ( 'NONE', ( #12083 ), #1050, .F. ) ;
#3071 = ORIENTED_EDGE ( 'NONE', *, *, #8670, .T. ) ;
#3072 = DIRECTION ( 'NONE',  ( -1.000000000000000000, -0.000000000000000000, -0.000000000000000000 ) ) ;
#3073 = CARTESIAN_POINT ( 'NONE',  ( -0.05390227793071963869, 0.3880000000000000115, 0.4000000000000000222 ) ) ;
#3074 = VERTEX_POINT ( 'NONE', #5068 ) ;
#3075 = FACE_OUTER_BOUND ( 'NONE', #636, .T. ) ;
#3077 = DIRECTION ( 'NONE',  ( -0.000000000000000000, 0.000000000000000000, 1.000000000000000000 ) ) ;
#3076 = PRESENTATION_LAYER_ASSIGNMENT (  '', '', ( #2249 ) ) ;
#3078 = DIRECTION ( 'NONE',  ( 1.000000000000000000, 0.000000000000000000, 0.000000000000000000 ) ) ;
#3079 = EDGE_CURVE ( 'NONE', #7546, #9152, #9983, .T. ) ;
#3080 = DIRECTION ( 'NONE',  ( -1.000000000000000000, 0.000000000000000000, 0.000000000000000000 ) ) ;
#3081 = ORIENTED_EDGE ( 'NONE', *, *, #6387, .F. ) ;
#3082 = SURFACE_STYLE_FILL_AREA ( #11401 ) ;
#3083 = LINE ( 'NONE', #115, #10447 ) ;
#3084 = DIMENSIONAL_EXPONENTS ( 1.000000000000000000, 0.000000000000000000, 0.000000000000000000, 0.000000000000000000, 0.000000000000000000, 0.000000000000000000, 0.000000000000000000 ) ;
#3085 = EDGE_CURVE ( 'NONE', #4225, #749, #6060, .T. ) ;
#3086 = FACE_BOUND ( 'NONE', #10960, .T. ) ;
#3087 = EDGE_CURVE ( 'NONE', #8961, #4595, #10251, .T. ) ;
#3088 = VECTOR ( 'NONE', #1172, 39.37007874015748143 ) ;
#3089 = CIRCLE ( 'NONE', #2258, 0.007999999999999972411 ) ;
#3090 = ORIENTED_EDGE ( 'NONE', *, *, #6627, .T. ) ;
#3091 = CARTESIAN_POINT ( 'NONE',  ( -0.07500000000000005274, 0.02500000000000001180, -0.01250000000000010651 ) ) ;
#3092 = CARTESIAN_POINT ( 'NONE',  ( -0.1449999999999999623, -0.03750000000000000555, 0.003902277930719528359 ) ) ;
#3093 = ORIENTED_EDGE ( 'NONE', *, *, #4682, .F. ) ;
#3094 = PLANE ( 'NONE',  #4155 ) ;
#3095 = EDGE_CURVE ( 'NONE', #7276, #2709, #8122, .T. ) ;
#3096 = PLANE ( 'NONE',  #782 ) ;
#3097 = LINE ( 'NONE', #59, #10264 ) ;
#3098 = ORIENTED_EDGE ( 'NONE', *, *, #7126, .T. ) ;
#3099 = CARTESIAN_POINT ( 'NONE',  ( -0.03749999999999999861, 0.3880000000000000115, 0.2124999999999999112 ) ) ;
#3100 = ADVANCED_FACE ( 'NONE', ( #1916 ), #4072, .T. ) ;
#3101 = STYLED_ITEM ( 'NONE', ( #9237 ), #3578 ) ;
#3102 = DIRECTION ( 'NONE',  ( 1.000000000000000000, 0.000000000000000000, 0.000000000000000000 ) ) ;
#3103 = ORIENTED_EDGE ( 'NONE', *, *, #9550, .T. ) ;
#3104 = EDGE_LOOP ( 'NONE', ( #10316, #9017, #8606, #378 ) ) ;
#3105 = DIRECTION ( 'NONE',  ( -0.000000000000000000, 0.000000000000000000, -1.000000000000000000 ) ) ;
#3106 = DIRECTION ( 'NONE',  ( 1.000000000000000000, -0.000000000000000000, -0.000000000000000000 ) ) ;
#3107 = ORIENTED_EDGE ( 'NONE', *, *, #8592, .F. ) ;
#3108 = DIRECTION ( 'NONE',  ( 1.000000000000000000, -2.435670465107224942E-16, -0.000000000000000000 ) ) ;
#3109 = PLANE ( 'NONE',  #8155 ) ;
#3110 = DIRECTION ( 'NONE',  ( 0.000000000000000000, 0.000000000000000000, -1.000000000000000000 ) ) ;
#3111 = AXIS2_PLACEMENT_3D ( 'NONE', #6502, #5444, #11527 ) ;
#3112 = LINE ( 'NONE', #9063, #4605 ) ;
#3113 = PRESENTATION_STYLE_ASSIGNMENT (( #11098 ) ) ;
#3114 =( NAMED_UNIT ( * ) PLANE_ANGLE_UNIT ( ) SI_UNIT ( $, .RADIAN. ) );
#3115 = LINE ( 'NONE', #13032, #5662 ) ;
#3116 = VECTOR ( 'NONE', #4991, 39.37007874015748143 ) ;
#3117 = ORIENTED_EDGE ( 'NONE', *, *, #10972, .T. ) ;
#3118 = EDGE_LOOP ( 'NONE', ( #9615, #5760, #2206, #2895 ) ) ;
#3119 = CARTESIAN_POINT ( 'NONE',  ( 0.1213779527559052523, 2.925482699725639421E-18, -0.01250000000000010651 ) ) ;
#3120 = STYLED_ITEM ( 'NONE', ( #4883 ), #10648 ) ;
#3121 = ORIENTED_EDGE ( 'NONE', *, *, #2768, .T. ) ;
#3122 = FACE_OUTER_BOUND ( 'NONE', #11160, .T. ) ;
#3123 = AXIS2_PLACEMENT_3D ( 'NONE', #9668, #12827, #7677 ) ;
#3124 = FILL_AREA_STYLE ('',( #5942 ) ) ;
#3125 = AXIS2_PLACEMENT_3D ( 'NONE', #5076, #12092, #6070 ) ;
#3126 = PLANE ( 'NONE',  #4916 ) ;
#3127 = ORIENTED_EDGE ( 'NONE', *, *, #5800, .T. ) ;
#3128 = DIRECTION ( 'NONE',  ( 1.000000000000000000, -2.435670465107224942E-16, -0.000000000000000000 ) ) ;
#3129 = UNCERTAINTY_MEASURE_WITH_UNIT (LENGTH_MEASURE( 1.000000000000000082E-05 ), #652, 'distance_accuracy_value', 'NONE');
#3130 = ORIENTED_EDGE ( 'NONE', *, *, #9146, .T. ) ;
#3131 = LINE ( 'NONE', #3196, #7591 ) ;
#3132 = DIRECTION ( 'NONE',  ( 0.000000000000000000, 0.000000000000000000, 1.000000000000000000 ) ) ;
#3133 = CARTESIAN_POINT ( 'NONE',  ( -0.03749999999999995698, 0.03750000000000001249, 0.2124999999999999112 ) ) ;
#3134 = LINE ( 'NONE', #226, #10113 ) ;
#3135 = VECTOR ( 'NONE', #4149, 39.37007874015748143 ) ;
#3136 = VECTOR ( 'NONE', #11529, 39.37007874015748143 ) ;
#3137 = DIMENSIONAL_EXPONENTS ( 1.000000000000000000, 0.000000000000000000, 0.000000000000000000, 0.000000000000000000, 0.000000000000000000, 0.000000000000000000, 0.000000000000000000 ) ;
#3138 = ORIENTED_EDGE ( 'NONE', *, *, #2825, .F. ) ;
#3139 = DIRECTION ( 'NONE',  ( 0.000000000000000000, -1.000000000000000000, 0.000000000000000000 ) ) ;
#3140 = LENGTH_MEASURE_WITH_UNIT ( LENGTH_MEASURE( 0.02539999999999999897 ), #9954 );
#3141 = FILL_AREA_STYLE_COLOUR ( '', #11386 ) ;
#3142 = ORIENTED_EDGE ( 'NONE', *, *, #6520, .F. ) ;
#3143 = VECTOR ( 'NONE', #6784, 39.37007874015748143 ) ;
#3144 = CARTESIAN_POINT ( 'NONE',  ( 0.06250000000000001388, 0.2150000000000000244, -0.08750000000000010547 ) ) ;
#3145 = ORIENTED_EDGE ( 'NONE', *, *, #3466, .T. ) ;
#3146 = ADVANCED_FACE ( 'NONE', ( #7127 ), #1989, .T. ) ;
#3147 = CARTESIAN_POINT ( 'NONE',  ( 0.06250000000000001388, 0.3880000000000000115, 0.2124999999999999112 ) ) ;
#3148 = EDGE_LOOP ( 'NONE', ( #9192, #10561, #9127, #7521 ) ) ;
#3149 =( NAMED_UNIT ( * ) PLANE_ANGLE_UNIT ( ) SI_UNIT ( $, .RADIAN. ) );
#3150 = PRESENTATION_LAYER_ASSIGNMENT (  '', '', ( #6304 ) ) ;
#3151 = DIRECTION ( 'NONE',  ( -1.000000000000000000, 0.000000000000000000, 0.000000000000000000 ) ) ;
#3152 = CARTESIAN_POINT ( 'NONE',  ( 0.000000000000000000, 0.04999999999999998196, 0.000000000000000000 ) ) ;
#3153 =( LENGTH_UNIT ( ) NAMED_UNIT ( * ) SI_UNIT ( $, .METRE. ) );
#3154 = EDGE_LOOP ( 'NONE', ( #7960, #7627, #1179, #6475 ) ) ;
#3155 = LINE ( 'NONE', #11010, #10909 ) ;
#3156 = STYLED_ITEM ( 'NONE', ( #9944 ), #2117 ) ;
#3157 = FACE_OUTER_BOUND ( 'NONE', #5041, .T. ) ;
#3158 = ORIENTED_EDGE ( 'NONE', *, *, #3878, .F. ) ;
#3159 = EDGE_CURVE ( 'NONE', #9608, #8056, #6127, .T. ) ;
#3160 = STYLED_ITEM ( 'NONE', ( #3340 ), #7382 ) ;
#3161 = CARTESIAN_POINT ( 'NONE',  ( 0.1213779527559052385, 0.02500000000000000486, 0.1124999999999998918 ) ) ;
#3162 = DIRECTION ( 'NONE',  ( -0.000000000000000000, 0.000000000000000000, -1.000000000000000000 ) ) ;
#3163 = EDGE_CURVE ( 'NONE', #1618, #4840, #1107, .T. ) ;
#3164 = CARTESIAN_POINT ( 'NONE',  ( 0.1449999999999999623, -0.03750000000000000555, -0.003902277930719733490 ) ) ;
#3165 = ORIENTED_EDGE ( 'NONE', *, *, #7917, .F. ) ;
#3166 = CARTESIAN_POINT ( 'NONE',  ( 0.07999999999999991840, 0.6848831648126535443, -0.2499999999999998335 ) ) ;
#3167 = EDGE_CURVE ( 'NONE', #7901, #6009, #6189, .T. ) ;
#3168 = VECTOR ( 'NONE', #3522, 39.37007874015748143 ) ;
#3169 = EDGE_CURVE ( 'NONE', #4308, #10815, #4716, .T. ) ;
#3170 = ORIENTED_EDGE ( 'NONE', *, *, #961, .T. ) ;
#3171 = ORIENTED_EDGE ( 'NONE', *, *, #4983, .T. ) ;
#3172 = DIRECTION ( 'NONE',  ( 0.000000000000000000, 0.000000000000000000, 1.000000000000000000 ) ) ;
#3173 = ADVANCED_FACE ( 'NONE', ( #7194 ), #4485, .T. ) ;
#3174 = SURFACE_SIDE_STYLE ('',( #4703 ) ) ;
#3175 = ORIENTED_EDGE ( 'NONE', *, *, #3231, .F. ) ;
#3176 = DIRECTION ( 'NONE',  ( -0.9063077870366512689, 0.000000000000000000, -0.4226182617406965547 ) ) ;
#3177 = PRESENTATION_LAYER_ASSIGNMENT (  '', '', ( #8873 ) ) ;
#3178 = DIRECTION ( 'NONE',  ( 0.000000000000000000, 0.000000000000000000, 1.000000000000000000 ) ) ;
#3179 = EDGE_CURVE ( 'NONE', #222, #6536, #7896, .T. ) ;
#3180 = LINE ( 'NONE', #12165, #10524 ) ;
#3181 = CARTESIAN_POINT ( 'NONE',  ( -0.03749999999999980432, 0.05799999999999996825, 0.1874999999999999167 ) ) ;
#3182 = FACE_OUTER_BOUND ( 'NONE', #7289, .T. ) ;
#3183 = FACE_OUTER_BOUND ( 'NONE', #786, .T. ) ;
#3184 = ADVANCED_FACE ( 'NONE', ( #11489 ), #8521, .T. ) ;
#3185 = DIRECTION ( 'NONE',  ( 1.000000000000000000, 0.000000000000000000, 0.000000000000000000 ) ) ;
#3186 = ORIENTED_EDGE ( 'NONE', *, *, #8982, .T. ) ;
#3187 = EDGE_LOOP ( 'NONE', ( #9723, #5296, #2248, #12793 ) ) ;
#3188 = LINE ( 'NONE', #1196, #9902 ) ;
#3189 = EDGE_LOOP ( 'NONE', ( #5240, #5714, #1, #6291 ) ) ;
#3190 = DIRECTION ( 'NONE',  ( -0.3420201433256656598, -1.041607969234569323E-16, 0.9396926207859095381 ) ) ;
#3191 = DIRECTION ( 'NONE',  ( 2.435670465107224942E-16, -1.000000000000000000, 0.000000000000000000 ) ) ;
#3192 = DIRECTION ( 'NONE',  ( -0.3236155771181825069, 0.8891264907159898145, -0.3236155771181825069 ) ) ;
#3193 = ORIENTED_EDGE ( 'NONE', *, *, #4862, .T. ) ;
#3194 = LINE ( 'NONE', #10141, #7348 ) ;
#3195 = VERTEX_POINT ( 'NONE', #12553 ) ;
#3196 = CARTESIAN_POINT ( 'NONE',  ( -0.06250000000000001388, 0.2150000000000000244, 0.1124999999999998918 ) ) ;
#3197 = CARTESIAN_POINT ( 'NONE',  ( 0.07000000000000017319, 0.1419999999999999873, -0.04700000000000009032 ) ) ;
#3198 = DIRECTION ( 'NONE',  ( 1.000000000000000000, 3.414809992080306836E-16, 0.000000000000000000 ) ) ;
#3199 = DIRECTION ( 'NONE',  ( 0.000000000000000000, 0.000000000000000000, 1.000000000000000000 ) ) ;
#3200 = EDGE_LOOP ( 'NONE', ( #7924, #12112, #234, #576 ) ) ;
#3201 =( LENGTH_UNIT ( ) NAMED_UNIT ( * ) SI_UNIT ( $, .METRE. ) );
#3202 = DIRECTION ( 'NONE',  ( 0.000000000000000000, 0.000000000000000000, 1.000000000000000000 ) ) ;
#3203 = CARTESIAN_POINT ( 'NONE',  ( -0.06250000000000001388, 0.3643779527559052878, 0.08749999999999988343 ) ) ;
#3204 = VERTEX_POINT ( 'NONE', #5398 ) ;
#3205 = DIRECTION ( 'NONE',  ( 0.000000000000000000, 0.000000000000000000, 1.000000000000000000 ) ) ;
#3206 = PRESENTATION_STYLE_ASSIGNMENT (( #11395 ) ) ;
#3207 = ORIENTED_EDGE ( 'NONE', *, *, #2367, .F. ) ;
#3208 =( NAMED_UNIT ( * ) SI_UNIT ( $, .STERADIAN. ) SOLID_ANGLE_UNIT ( ) );
#3209 = DIRECTION ( 'NONE',  ( 1.000000000000000000, 0.000000000000000000, 0.000000000000000000 ) ) ;
#3210 = LENGTH_MEASURE_WITH_UNIT ( LENGTH_MEASURE( 0.02539999999999999897 ), #10026 );
#3211 = VERTEX_POINT ( 'NONE', #10381 ) ;
#3212 = DIRECTION ( 'NONE',  ( 0.000000000000000000, 0.000000000000000000, 1.000000000000000000 ) ) ;
#3213 = PLANE ( 'NONE',  #11338 ) ;
#3214 = STYLED_ITEM ( 'NONE', ( #9836 ), #6212 ) ;
#3215 = CARTESIAN_POINT ( 'NONE',  ( -0.03749999999999999861, 0.2150000000000000244, 0.2124999999999999112 ) ) ;
#3216 = EDGE_CURVE ( 'NONE', #4453, #12103, #7522, .T. ) ;
#3217 = FACE_OUTER_BOUND ( 'NONE', #6075, .T. ) ;
#3218 = ORIENTED_EDGE ( 'NONE', *, *, #8887, .T. ) ;
#3219 = DIRECTION ( 'NONE',  ( 1.000000000000000000, 0.000000000000000000, 0.000000000000000000 ) ) ;
#3220 = DIRECTION ( 'NONE',  ( 1.000000000000000000, 0.000000000000000000, 0.000000000000000000 ) ) ;
#3221 = ORIENTED_EDGE ( 'NONE', *, *, #6476, .F. ) ;
#3222 = CIRCLE ( 'NONE', #10185, 0.007999999999999998432 ) ;
#3223 = FACE_OUTER_BOUND ( 'NONE', #2997, .T. ) ;
#3224 = CLOSED_SHELL ( 'NONE', ( #2988, #2595, #381, #10927, #3714, #180, #3578, #9378, #9721, #12385 ) ) ;
#3225 = CARTESIAN_POINT ( 'NONE',  ( 0.06249999999999996531, 0.03750000000000001249, 0.08749999999999988343 ) ) ;
#3226 = LINE ( 'NONE', #12074, #11520 ) ;
#3227 = ORIENTED_EDGE ( 'NONE', *, *, #10130, .F. ) ;
#3228 = CARTESIAN_POINT ( 'NONE',  ( 0.06250000000000001388, 0.05799999999999996825, 0.01249999999999990008 ) ) ;
#3229 = PRESENTATION_LAYER_ASSIGNMENT (  '', '', ( #1534 ) ) ;
#3230 = PLANE ( 'NONE',  #7791 ) ;
#3231 = EDGE_CURVE ( 'NONE', #3074, #4700, #11548, .T. ) ;
#3232 = MECHANICAL_DESIGN_GEOMETRIC_PRESENTATION_REPRESENTATION (  '', ( #9341 ), #4888 ) ;
#3233 = ADVANCED_FACE ( 'NONE', ( #8462 ), #9451, .T. ) ;
#3234 = PRESENTATION_STYLE_ASSIGNMENT (( #6326 ) ) ;
#3235 = ORIENTED_EDGE ( 'NONE', *, *, #12033, .F. ) ;
#3236 = CIRCLE ( 'NONE', #10834, 0.007999999999999972411 ) ;
#3237 = ORIENTED_EDGE ( 'NONE', *, *, #3297, .T. ) ;
#3238 = CARTESIAN_POINT ( 'NONE',  ( 0.1605095817734711605, 0.01075725181925857310, 0.09825725181925845653 ) ) ;
#3239 = DIRECTION ( 'NONE',  ( -0.9396926207859094271, -0.3420201433256662704, -0.000000000000000000 ) ) ;
#3240 = PLANE ( 'NONE',  #5603 ) ;
#3241 = CARTESIAN_POINT ( 'NONE',  ( 0.03750000000000004718, 0.03750000000000001249, -0.01250000000000010651 ) ) ;
#3242 = VECTOR ( 'NONE', #1854, 39.37007874015748854 ) ;
#3243 = ADVANCED_FACE ( 'NONE', ( #2514 ), #3431, .T. ) ;
#3244 = VECTOR ( 'NONE', #4958, 39.37007874015748143 ) ;
#3246 = VERTEX_POINT ( 'NONE', #5528 ) ;
#3245 = EDGE_CURVE ( 'NONE', #11912, #12008, #7462, .T. ) ;
#3247 = ORIENTED_EDGE ( 'NONE', *, *, #11966, .F. ) ;
#3248 = DIRECTION ( 'NONE',  ( -1.000000000000000000, 0.000000000000000000, 0.000000000000000000 ) ) ;
#3249 = AXIS2_PLACEMENT_3D ( 'NONE', #3689, #5794, #11897 ) ;
#3250 = STYLED_ITEM ( 'NONE', ( #2346 ), #9721 ) ;
#3251 = ORIENTED_EDGE ( 'NONE', *, *, #2264, .T. ) ;
#3252 =( GEOMETRIC_REPRESENTATION_CONTEXT ( 3 ) GLOBAL_UNCERTAINTY_ASSIGNED_CONTEXT ( ( #2343 ) ) GLOBAL_UNIT_ASSIGNED_CONTEXT ( ( #11518, #10546, #684 ) ) REPRESENTATION_CONTEXT ( 'NONE', 'WORKASPACE' ) );
#3253 =( NAMED_UNIT ( * ) SI_UNIT ( $, .STERADIAN. ) SOLID_ANGLE_UNIT ( ) );
#3254 = LINE ( 'NONE', #5716, #10480 ) ;
#3255 = DIMENSIONAL_EXPONENTS ( 1.000000000000000000, 0.000000000000000000, 0.000000000000000000, 0.000000000000000000, 0.000000000000000000, 0.000000000000000000, 0.000000000000000000 ) ;
#3256 = FACE_OUTER_BOUND ( 'NONE', #2409, .T. ) ;
#3258 = ORIENTED_EDGE ( 'NONE', *, *, #3885, .F. ) ;
#3257 = ADVANCED_FACE ( 'NONE', ( #5332 ), #457, .T. ) ;
#3259 = VECTOR ( 'NONE', #9531, 39.37007874015748143 ) ;
#3260 = UNCERTAINTY_MEASURE_WITH_UNIT (LENGTH_MEASURE( 1.000000000000000082E-05 ), #432, 'distance_accuracy_value', 'NONE');
#3261 = ORIENTED_EDGE ( 'NONE', *, *, #8578, .T. ) ;
#3262 = LINE ( 'NONE', #4234, #9680 ) ;
#3263 = FACE_OUTER_BOUND ( 'NONE', #9943, .T. ) ;
#3264 = DIRECTION ( 'NONE',  ( -0.000000000000000000, -0.000000000000000000, -1.000000000000000000 ) ) ;
#3265 = COLOUR_RGB ( '',1.000000000000000000, 0.8117647058823529438, 0.5019607843137254832 ) ;
#3266 = CARTESIAN_POINT ( 'NONE',  ( 0.000000000000000000, 0.3880000000000000115, 0.1000000000000000056 ) ) ;
#3267 = AXIS2_PLACEMENT_3D ( 'NONE', #10543, #4386, #5369 ) ;
#3268 = EDGE_LOOP ( 'NONE', ( #8060, #13065, #3158, #6839 ) ) ;
#3269 = DIRECTION ( 'NONE',  ( -0.000000000000000000, 1.000000000000000000, 0.000000000000000000 ) ) ;
#3270 = DIRECTION ( 'NONE',  ( 1.000000000000000000, 1.138269997360106963E-16, 0.000000000000000000 ) ) ;
#3271 = ORIENTED_EDGE ( 'NONE', *, *, #10533, .T. ) ;
#3272 = DIRECTION ( 'NONE',  ( 1.000000000000000000, -6.097874985857736561E-17, 0.000000000000000000 ) ) ;
#3273 = MECHANICAL_DESIGN_GEOMETRIC_PRESENTATION_REPRESENTATION (  '', ( #11285 ), #8752 ) ;
#3274 = DIRECTION ( 'NONE',  ( 0.000000000000000000, 0.000000000000000000, -1.000000000000000000 ) ) ;
#3275 = ORIENTED_EDGE ( 'NONE', *, *, #2946, .T. ) ;
#3276 = CARTESIAN_POINT ( 'NONE',  ( 0.09499999999999998723, 0.1419999999999999873, 0.1640000000000000069 ) ) ;
#3277 =( NAMED_UNIT ( * ) PLANE_ANGLE_UNIT ( ) SI_UNIT ( $, .RADIAN. ) );
#3278 = ORIENTED_EDGE ( 'NONE', *, *, #10918, .F. ) ;
#3279 = SURFACE_SIDE_STYLE ('',( #3082 ) ) ;
#3280 = PRESENTATION_STYLE_ASSIGNMENT (( #8441 ) ) ;
#3281 = AXIS2_PLACEMENT_3D ( 'NONE', #8841, #4661, #8694 ) ;
#3282 = VECTOR ( 'NONE', #6008, 39.37007874015748143 ) ;
#3283 = FACE_OUTER_BOUND ( 'NONE', #10388, .T. ) ;
#3284 = CARTESIAN_POINT ( 'NONE',  ( -0.06999999999999999278, 0.1419999999999999873, -0.1780000000000002136 ) ) ;
#3285 = VERTEX_POINT ( 'NONE', #12360 ) ;
#3286 = COLOUR_RGB ( '',0.7921568627450980005, 0.8196078431372548767, 0.9333333333333333481 ) ;
#3287 = LENGTH_MEASURE_WITH_UNIT ( LENGTH_MEASURE( 0.02539999999999999897 ), #10489 );
#3288 = SURFACE_STYLE_FILL_AREA ( #8314 ) ;
#3289 = VERTEX_POINT ( 'NONE', #3303 ) ;
#3290 = ADVANCED_FACE ( 'NONE', ( #12806 ), #9712, .F. ) ;
#3291 = CARTESIAN_POINT ( 'NONE',  ( 0.06250000000000001388, 0.2150000000000000244, -0.1125000000000001138 ) ) ;
#3292 = FACE_OUTER_BOUND ( 'NONE', #4482, .T. ) ;
#3293 = FACE_BOUND ( 'NONE', #814, .T. ) ;
#3294 = VERTEX_POINT ( 'NONE', #8648 ) ;
#3295 = DIRECTION ( 'NONE',  ( 6.097874985857737794E-17, 1.000000000000000000, -0.000000000000000000 ) ) ;
#3296 = PRODUCT_DEFINITION_CONTEXT ( 'detailed design', #3485, 'design' ) ;
#3297 = EDGE_CURVE ( 'NONE', #6964, #7763, #6586, .T. ) ;
#3298 = VECTOR ( 'NONE', #12557, 39.37007874015748143 ) ;
#3299 = DIRECTION ( 'NONE',  ( -0.000000000000000000, -0.000000000000000000, -1.000000000000000000 ) ) ;
#3300 = CARTESIAN_POINT ( 'NONE',  ( 0.03749999999999999861, 0.2150000000000000244, 0.1124999999999998918 ) ) ;
#3301 = EDGE_LOOP ( 'NONE', ( #9296, #3867, #12540, #7628 ) ) ;
#3302 = EDGE_LOOP ( 'NONE', ( #2147, #8788, #4820, #982 ) ) ;
#3303 = CARTESIAN_POINT ( 'NONE',  ( -0.03749999999999999861, 0.2150000000000000244, -0.2125000000000001332 ) ) ;
#3304 = CARTESIAN_POINT ( 'NONE',  ( 0.06250000000000001388, 0.3880000000000000115, 0.1874999999999999167 ) ) ;
#3305 = VECTOR ( 'NONE', #6913, 39.37007874015748143 ) ;
#3306 = CARTESIAN_POINT ( 'NONE',  ( -0.05390227793071963869, 0.3880000000000000115, 0.1960977220692802780 ) ) ;
#3307 = DIRECTION ( 'NONE',  ( 0.000000000000000000, 0.000000000000000000, 1.000000000000000000 ) ) ;
#3308 = CARTESIAN_POINT ( 'NONE',  ( 0.07000000000000002054, 0.04999999999999998196, -0.07000000000000022871 ) ) ;
#3309 = LINE ( 'NONE', #2455, #12840 ) ;
#3310 = EDGE_CURVE ( 'NONE', #5514, #6174, #8772, .T. ) ;
#3311 = DIMENSIONAL_EXPONENTS ( 1.000000000000000000, 0.000000000000000000, 0.000000000000000000, 0.000000000000000000, 0.000000000000000000, 0.000000000000000000, 0.000000000000000000 ) ;
#3312 = AXIS2_PLACEMENT_3D ( 'NONE', #9, #9057, #6131 ) ;
#3313 = FILL_AREA_STYLE_COLOUR ( '', #1644 ) ;
#3314 = AXIS2_PLACEMENT_3D ( 'NONE', #12871, #955, #5837 ) ;
#3315 = ORIENTED_EDGE ( 'NONE', *, *, #3804, .F. ) ;
#3316 = ORIENTED_EDGE ( 'NONE', *, *, #6616, .F. ) ;
#3317 = EDGE_CURVE ( 'NONE', #1974, #146, #6788, .T. ) ;
#3318 = VECTOR ( 'NONE', #6159, 39.37007874015748854 ) ;
#3319 = ORIENTED_EDGE ( 'NONE', *, *, #11826, .F. ) ;
#3320 = SURFACE_SIDE_STYLE ('',( #10267 ) ) ;
#3321 = VECTOR ( 'NONE', #12917, 39.37007874015748143 ) ;
#3322 = EDGE_CURVE ( 'NONE', #4626, #5171, #7041, .T. ) ;
#3323 = CARTESIAN_POINT ( 'NONE',  ( 0.03749999999999999861, 0.05799999999999996825, 0.01249999999999990008 ) ) ;
#3324 = EDGE_LOOP ( 'NONE', ( #8985, #6903, #1748, #6014 ) ) ;
#3325 = CARTESIAN_POINT ( 'NONE',  ( -0.09499999999999998723, 0.1420000000000000151, 0.2500000000000000555 ) ) ;
#3326 = ADVANCED_FACE ( 'NONE', ( #9905 ), #12616, .T. ) ;
#3327 = ORIENTED_EDGE ( 'NONE', *, *, #3586, .F. ) ;
#3328 = CARTESIAN_POINT ( 'NONE',  ( 0.07000000000000002054, 0.02737258300203046849, -0.06200000000000022854 ) ) ;
#3329 = DIRECTION ( 'NONE',  ( -0.000000000000000000, 1.000000000000000000, -0.000000000000000000 ) ) ;
#3330 = EDGE_CURVE ( 'NONE', #4854, #3042, #5713, .T. ) ;
#3331 = EDGE_CURVE ( 'NONE', #5990, #5828, #9838, .T. ) ;
#3332 = VECTOR ( 'NONE', #5335, 39.37007874015748143 ) ;
#3333 = DIRECTION ( 'NONE',  ( -2.435670465107224942E-16, -1.000000000000000000, 0.000000000000000000 ) ) ;
#3334 = EDGE_CURVE ( 'NONE', #12306, #2596, #298, .T. ) ;
#3335 = EDGE_CURVE ( 'NONE', #4667, #7754, #3558, .T. ) ;
#3336 = ORIENTED_EDGE ( 'NONE', *, *, #404, .F. ) ;
#3337 =( NAMED_UNIT ( * ) PLANE_ANGLE_UNIT ( ) SI_UNIT ( $, .RADIAN. ) );
#3338 = DIRECTION ( 'NONE',  ( 0.000000000000000000, 1.000000000000000000, 0.000000000000000000 ) ) ;
#3339 = EDGE_CURVE ( 'NONE', #10178, #5463, #3807, .T. ) ;
#3340 = PRESENTATION_STYLE_ASSIGNMENT (( #8297 ) ) ;
#3341 = EDGE_LOOP ( 'NONE', ( #3593, #3093, #7976, #4295 ) ) ;
#3342 = CARTESIAN_POINT ( 'NONE',  ( 0.03749999999999999861, 0.05799999999999996825, 0.08749999999999986955 ) ) ;
#3343 = DIRECTION ( 'NONE',  ( 7.854062981784756704E-15, 0.000000000000000000, -1.000000000000000000 ) ) ;
#3344 = ORIENTED_EDGE ( 'NONE', *, *, #5161, .T. ) ;
#3345 = FACE_OUTER_BOUND ( 'NONE', #1599, .T. ) ;
#3346 = DIRECTION ( 'NONE',  ( -0.000000000000000000, 1.000000000000000000, -0.000000000000000000 ) ) ;
#3347 = ORIENTED_EDGE ( 'NONE', *, *, #5895, .F. ) ;
#3348 = CARTESIAN_POINT ( 'NONE',  ( 0.07000000000000002054, 0.02737258300203046849, 0.2219999999999998086 ) ) ;
#3349 = LENGTH_MEASURE_WITH_UNIT ( LENGTH_MEASURE( 0.02539999999999999897 ), #12403 );
#3350 = ADVANCED_FACE ( 'NONE', ( #7795 ), #7728, .F. ) ;
#3351 = MECHANICAL_DESIGN_GEOMETRIC_PRESENTATION_REPRESENTATION (  '', ( #10103 ), #11560 ) ;
#3352 = DIMENSIONAL_EXPONENTS ( 1.000000000000000000, 0.000000000000000000, 0.000000000000000000, 0.000000000000000000, 0.000000000000000000, 0.000000000000000000, 0.000000000000000000 ) ;
#3353 = CARTESIAN_POINT ( 'NONE',  ( 0.03749999999999999861, 0.3880000000000000115, 0.2124999999999999112 ) ) ;
#3354 = PRESENTATION_LAYER_ASSIGNMENT (  '', '', ( #7557 ) ) ;
#3355 = DIRECTION ( 'NONE',  ( 0.000000000000000000, 0.000000000000000000, -1.000000000000000000 ) ) ;
#3356 = VERTEX_POINT ( 'NONE', #7980 ) ;
#3357 =( NAMED_UNIT ( * ) PLANE_ANGLE_UNIT ( ) SI_UNIT ( $, .RADIAN. ) );
#3358 = CARTESIAN_POINT ( 'NONE',  ( 0.03749999999999999861, 0.05799999999999996825, -0.08750000000000010547 ) ) ;
#3359 = EDGE_LOOP ( 'NONE', ( #2240, #4531, #8675, #2846 ) ) ;
#3360 = DIRECTION ( 'NONE',  ( 0.9153150324227631307, 0.000000000000000000, -0.4027386142660223656 ) ) ;
#3361 = LINE ( 'NONE', #8184, #10485 ) ;
#3362 = MECHANICAL_DESIGN_GEOMETRIC_PRESENTATION_REPRESENTATION (  '', ( #834 ), #1251 ) ;
#3363 = FACE_BOUND ( 'NONE', #5560, .T. ) ;
#3364 = ORIENTED_EDGE ( 'NONE', *, *, #250, .T. ) ;
#3365 = DIRECTION ( 'NONE',  ( 0.9063077870366512689, -0.000000000000000000, 0.4226182617406965547 ) ) ;
#3366 = CARTESIAN_POINT ( 'NONE',  ( 0.09499999999999997335, 0.1419999999999999873, 0.03599999999999995565 ) ) ;
#3367 = COLOUR_RGB ( '',1.000000000000000000, 0.8117647058823529438, 0.5019607843137254832 ) ;
#3368 = VECTOR ( 'NONE', #8179, 39.37007874015748143 ) ;
#3369 = DIRECTION ( 'NONE',  ( -0.000000000000000000, 1.000000000000000000, -0.000000000000000000 ) ) ;
#3370 = ORIENTED_EDGE ( 'NONE', *, *, #7523, .T. ) ;
#3371 = ORIENTED_EDGE ( 'NONE', *, *, #8522, .F. ) ;
#3372 = DIRECTION ( 'NONE',  ( 1.000000000000000000, -6.097874985857736561E-17, 0.000000000000000000 ) ) ;
#3373 =( NAMED_UNIT ( * ) SI_UNIT ( $, .STERADIAN. ) SOLID_ANGLE_UNIT ( ) );
#3374 = DIRECTION ( 'NONE',  ( 0.000000000000000000, 0.000000000000000000, -1.000000000000000000 ) ) ;
#3375 = FILL_AREA_STYLE ('',( #1311 ) ) ;
#3376 = FACE_OUTER_BOUND ( 'NONE', #11275, .T. ) ;
#3377 = DIRECTION ( 'NONE',  ( 0.000000000000000000, 0.000000000000000000, 1.000000000000000000 ) ) ;
#3378 =( NAMED_UNIT ( * ) PLANE_ANGLE_UNIT ( ) SI_UNIT ( $, .RADIAN. ) );
#3379 = VECTOR ( 'NONE', #9504, 39.37007874015748143 ) ;
#3380 = VERTEX_POINT ( 'NONE', #8905 ) ;
#3381 = ORIENTED_EDGE ( 'NONE', *, *, #8586, .T. ) ;
#3382 = CARTESIAN_POINT ( 'NONE',  ( 0.1317360635310592387, 0.003770044005388028304, 0.1087299559946118405 ) ) ;
#3383 = EDGE_CURVE ( 'NONE', #4756, #7220, #120, .T. ) ;
#3384 = ORIENTED_EDGE ( 'NONE', *, *, #1917, .T. ) ;
#3385 = AXIS2_PLACEMENT_3D ( 'NONE', #11724, #9487, #552 ) ;
#3386 = CARTESIAN_POINT ( 'NONE',  ( 0.07000000000000000666, 0.1499999999999999944, 0.06999999999999972911 ) ) ;
#3387 = LINE ( 'NONE', #4303, #12325 ) ;
#3388 = ORIENTED_EDGE ( 'NONE', *, *, #4602, .T. ) ;
#3389 = DIRECTION ( 'NONE',  ( -3.045457963692998845E-16, -1.000000000000000000, -0.000000000000000000 ) ) ;
#3390 = UNCERTAINTY_MEASURE_WITH_UNIT (LENGTH_MEASURE( 1.000000000000000082E-05 ), #7594, 'distance_accuracy_value', 'NONE');
#3391 = ORIENTED_EDGE ( 'NONE', *, *, #11385, .F. ) ;
#3392 = CARTESIAN_POINT ( 'NONE',  ( 0.000000000000000000, 0.2150000000000000244, 0.2999999999999999889 ) ) ;
#3393 = LINE ( 'NONE', #5297, #12333 ) ;
#3394 =( CONVERSION_BASED_UNIT ( 'INCH', #10591 ) LENGTH_UNIT ( ) NAMED_UNIT ( #12168 ) );
#3395 = DIRECTION ( 'NONE',  ( 1.000000000000000000, 0.000000000000000000, 0.000000000000000000 ) ) ;
#3396 = ADVANCED_FACE ( 'NONE', ( #12938 ), #2963, .T. ) ;
#3398 = VERTEX_POINT ( 'NONE', #11076 ) ;
#3397 = EDGE_CURVE ( 'NONE', #2601, #7638, #3155, .T. ) ;
#3399 = DIRECTION ( 'NONE',  ( 0.000000000000000000, -0.000000000000000000, 1.000000000000000000 ) ) ;
#3400 = DIRECTION ( 'NONE',  ( 0.000000000000000000, 0.000000000000000000, -1.000000000000000000 ) ) ;
#3401 = CARTESIAN_POINT ( 'NONE',  ( -0.03749999999999999861, 0.05799999999999996825, -0.08750000000000010547 ) ) ;
#3402 = ORIENTED_EDGE ( 'NONE', *, *, #11875, .F. ) ;
#3403 = CARTESIAN_POINT ( 'NONE',  ( -0.06249999999999980571, 0.05799999999999996825, 0.01249999999999990008 ) ) ;
#3404 = CARTESIAN_POINT ( 'NONE',  ( -0.03749999999999999861, 0.05799999999999996825, 0.01249999999999990008 ) ) ;
#3405 = ORIENTED_EDGE ( 'NONE', *, *, #89, .T. ) ;
#3406 = LINE ( 'NONE', #7302, #7899 ) ;
#3407 = LINE ( 'NONE', #8494, #3830 ) ;
#3408 = CARTESIAN_POINT ( 'NONE',  ( -0.03750000000000004718, 0.03750000000000001249, 0.08749999999999988343 ) ) ;
#3409 = VERTEX_POINT ( 'NONE', #10165 ) ;
#3410 = DIRECTION ( 'NONE',  ( 0.000000000000000000, -1.000000000000000000, 0.000000000000000000 ) ) ;
#3411 =( LENGTH_UNIT ( ) NAMED_UNIT ( * ) SI_UNIT ( $, .METRE. ) );
#3412 = DIRECTION ( 'NONE',  ( -0.9396926207859094271, -0.3420201433256662704, 0.000000000000000000 ) ) ;
#3413 = EDGE_CURVE ( 'NONE', #11539, #3999, #12212, .T. ) ;
#3414 = DIRECTION ( 'NONE',  ( 1.000000000000000000, 0.000000000000000000, 0.000000000000000000 ) ) ;
#3415 =( CONVERSION_BASED_UNIT ( 'INCH', #12473 ) LENGTH_UNIT ( ) NAMED_UNIT ( #5443 ) );
#3417 = ORIENTED_EDGE ( 'NONE', *, *, #13007, .F. ) ;
#3416 = EDGE_CURVE ( 'NONE', #2290, #11149, #8108, .T. ) ;
#3418 = PLANE ( 'NONE',  #3720 ) ;
#3419 = PLANE ( 'NONE',  #12873 ) ;
#3420 = VERTEX_POINT ( 'NONE', #1092 ) ;
#3421 = CARTESIAN_POINT ( 'NONE',  ( -0.06249999999999981959, 0.05799999999999996825, -0.1125000000000001138 ) ) ;
#3422 = LINE ( 'NONE', #3546, #6882 ) ;
#3423 = ORIENTED_EDGE ( 'NONE', *, *, #1274, .T. ) ;
#3424 = CARTESIAN_POINT ( 'NONE',  ( -0.03749999999999999861, 0.2150000000000000244, 0.1124999999999998918 ) ) ;
#3425 = EDGE_CURVE ( 'NONE', #10454, #830, #5121, .T. ) ;
#3426 = CARTESIAN_POINT ( 'NONE',  ( 0.09499999999999998723, 0.04999999999999998196, 0.06400000000000001521 ) ) ;
#3427 = DIMENSIONAL_EXPONENTS ( 1.000000000000000000, 0.000000000000000000, 0.000000000000000000, 0.000000000000000000, 0.000000000000000000, 0.000000000000000000, 0.000000000000000000 ) ;
#3428 = ORIENTED_EDGE ( 'NONE', *, *, #1289, .F. ) ;
#3429 = VERTEX_POINT ( 'NONE', #4128 ) ;
#3430 =( GEOMETRIC_REPRESENTATION_CONTEXT ( 3 ) GLOBAL_UNCERTAINTY_ASSIGNED_CONTEXT ( ( #3390 ) ) GLOBAL_UNIT_ASSIGNED_CONTEXT ( ( #7594, #8770, #12677 ) ) REPRESENTATION_CONTEXT ( 'NONE', 'WORKASPACE' ) );
#3431 = PLANE ( 'NONE',  #10854 ) ;
#3432 = CARTESIAN_POINT ( 'NONE',  ( 0.06250000000000001388, 0.2150000000000000244, 0.2124999999999999112 ) ) ;
#3433 = DIRECTION ( 'NONE',  ( -0.000000000000000000, -1.000000000000000000, -0.000000000000000000 ) ) ;
#3434 = FACE_OUTER_BOUND ( 'NONE', #4504, .T. ) ;
#3435 = DIRECTION ( 'NONE',  ( -0.000000000000000000, -0.000000000000000000, -1.000000000000000000 ) ) ;
#3436 = SURFACE_SIDE_STYLE ('',( #1506 ) ) ;
#3437 = DIRECTION ( 'NONE',  ( -0.3420201433256658263, -1.041607969234569816E-16, -0.9396926207859095381 ) ) ;
#3438 = AXIS2_PLACEMENT_3D ( 'NONE', #4663, #1431, #380 ) ;
#3439 = ORIENTED_EDGE ( 'NONE', *, *, #2091, .F. ) ;
#3440 = ORIENTED_EDGE ( 'NONE', *, *, #9530, .T. ) ;
#3441 = ORIENTED_EDGE ( 'NONE', *, *, #4898, .F. ) ;
#3442 = AXIS2_PLACEMENT_3D ( 'NONE', #7556, #9679, #6420 ) ;
#3443 = FILL_AREA_STYLE_COLOUR ( '', #12881 ) ;
#3444 = DIRECTION ( 'NONE',  ( -0.8891264907159903697, -0.3236155771181813412, -0.3236155771181821739 ) ) ;
#3445 = VECTOR ( 'NONE', #1992, 39.37007874015748143 ) ;
#3446 = ORIENTED_EDGE ( 'NONE', *, *, #1693, .T. ) ;
#3447 = FACE_OUTER_BOUND ( 'NONE', #12108, .T. ) ;
#3448 = ORIENTED_EDGE ( 'NONE', *, *, #12305, .T. ) ;
#3449 =( NAMED_UNIT ( * ) PLANE_ANGLE_UNIT ( ) SI_UNIT ( $, .RADIAN. ) );
#3450 = DIRECTION ( 'NONE',  ( -0.000000000000000000, 0.000000000000000000, -1.000000000000000000 ) ) ;
#3451 = EDGE_CURVE ( 'NONE', #11717, #607, #7951, .T. ) ;
#3452 =( GEOMETRIC_REPRESENTATION_CONTEXT ( 3 ) GLOBAL_UNCERTAINTY_ASSIGNED_CONTEXT ( ( #4029 ) ) GLOBAL_UNIT_ASSIGNED_CONTEXT ( ( #10778, #5725, #4755 ) ) REPRESENTATION_CONTEXT ( 'NONE', 'WORKASPACE' ) );
#3453 = AXIS2_PLACEMENT_3D ( 'NONE', #9083, #10211, #3132 ) ;
#3454 = CIRCLE ( 'NONE', #1984, 0.007999999999999989758 ) ;
#3455 = VERTEX_POINT ( 'NONE', #7179 ) ;
#3456 =( NAMED_UNIT ( * ) PLANE_ANGLE_UNIT ( ) SI_UNIT ( $, .RADIAN. ) );
#3457 = CARTESIAN_POINT ( 'NONE',  ( -0.07500000000000005274, 0.02499999999999992506, -0.01250000000000010651 ) ) ;
#3458 = DIRECTION ( 'NONE',  ( 1.000000000000000000, -0.000000000000000000, -0.000000000000000000 ) ) ;
#3459 = ORIENTED_EDGE ( 'NONE', *, *, #581, .F. ) ;
#3460 = CARTESIAN_POINT ( 'NONE',  ( 0.07000000000000002054, 0.05799999999999997519, 0.1299999999999997824 ) ) ;
#3461 = CARTESIAN_POINT ( 'NONE',  ( 0.03749999999999999861, 0.2150000000000000244, 0.1124999999999998918 ) ) ;
#3462 = ORIENTED_EDGE ( 'NONE', *, *, #1640, .T. ) ;
#3463 = LINE ( 'NONE', #9616, #1128 ) ;
#3464 = PLANE ( 'NONE',  #2175 ) ;
#3465 = STYLED_ITEM ( 'NONE', ( #6456 ), #3257 ) ;
#3466 = EDGE_CURVE ( 'NONE', #12416, #2538, #4356, .T. ) ;
#3467 = EDGE_LOOP ( 'NONE', ( #852, #6817, #9351, #8301 ) ) ;
#3468 = CARTESIAN_POINT ( 'NONE',  ( -0.07000000000000017319, 0.05799999999999997519, 0.04700000000000003481 ) ) ;
#3469 =( NAMED_UNIT ( * ) SI_UNIT ( $, .STERADIAN. ) SOLID_ANGLE_UNIT ( ) );
#3470 = FACE_BOUND ( 'NONE', #2011, .T. ) ;
#3471 = EDGE_CURVE ( 'NONE', #906, #892, #11213, .T. ) ;
#3472 = LENGTH_MEASURE_WITH_UNIT ( LENGTH_MEASURE( 0.02539999999999999897 ), #11530 );
#3473 = VECTOR ( 'NONE', #10172, 39.37007874015748143 ) ;
#3474 = ORIENTED_EDGE ( 'NONE', *, *, #5185, .T. ) ;
#3475 = DIRECTION ( 'NONE',  ( 0.000000000000000000, 0.000000000000000000, 1.000000000000000000 ) ) ;
#3476 = EDGE_LOOP ( 'NONE', ( #12211, #5345, #10937, #5427 ) ) ;
#3477 = ADVANCED_FACE ( 'NONE', ( #9103 ), #1972, .T. ) ;
#3478 = CARTESIAN_POINT ( 'NONE',  ( -0.06250000000000001388, 0.3880000000000000115, -0.2125000000000001332 ) ) ;
#3479 = LINE ( 'NONE', #6443, #12803 ) ;
#3480 = AXIS2_PLACEMENT_3D ( 'NONE', #9760, #3664, #5834 ) ;
#3481 = EDGE_CURVE ( 'NONE', #7227, #9893, #1167, .T. ) ;
#3482 = LINE ( 'NONE', #6444, #11941 ) ;
#3483 = ORIENTED_EDGE ( 'NONE', *, *, #12864, .F. ) ;
#3484 = PLANE ( 'NONE',  #4530 ) ;
#3485 = APPLICATION_CONTEXT ( 'automotive_design' ) ;
#3486 = FACE_OUTER_BOUND ( 'NONE', #5900, .T. ) ;
#3487 = EDGE_CURVE ( 'NONE', #849, #9051, #3993, .T. ) ;
#3488 = PRESENTATION_STYLE_ASSIGNMENT (( #12420 ) ) ;
#3489 = CARTESIAN_POINT ( 'NONE',  ( -0.03749999999999999861, 0.2150000000000000244, 0.1874999999999999167 ) ) ;
#3490 = ORIENTED_EDGE ( 'NONE', *, *, #5968, .T. ) ;
#3491 = ORIENTED_EDGE ( 'NONE', *, *, #2609, .T. ) ;
#3492 = EDGE_CURVE ( 'NONE', #10877, #6600, #9968, .T. ) ;
#3493 = DIRECTION ( 'NONE',  ( 0.000000000000000000, 1.000000000000000000, 0.000000000000000000 ) ) ;
#3494 = FACE_OUTER_BOUND ( 'NONE', #9739, .T. ) ;
#3495 = CARTESIAN_POINT ( 'NONE',  ( 0.06250000000000001388, 0.3880000000000000115, -0.1125000000000001138 ) ) ;
#3496 = LINE ( 'NONE', #7525, #7305 ) ;
#3497 = ADVANCED_FACE ( 'NONE', ( #52 ), #8969, .T. ) ;
#3498 = FACE_OUTER_BOUND ( 'NONE', #9069, .T. ) ;
#3499 = LINE ( 'NONE', #530, #5564 ) ;
#3500 =( NAMED_UNIT ( * ) SI_UNIT ( $, .STERADIAN. ) SOLID_ANGLE_UNIT ( ) );
#3501 = ORIENTED_EDGE ( 'NONE', *, *, #12864, .T. ) ;
#3502 = ORIENTED_EDGE ( 'NONE', *, *, #10753, .T. ) ;
#3503 = CARTESIAN_POINT ( 'NONE',  ( -0.06250000000000001388, 0.2150000000000000244, -0.1875000000000001110 ) ) ;
#3504 = AXIS2_PLACEMENT_3D ( 'NONE', #11425, #1576, #3307 ) ;
#3505 = ORIENTED_EDGE ( 'NONE', *, *, #10809, .F. ) ;
#3506 = SURFACE_STYLE_FILL_AREA ( #4434 ) ;
#3507 =( GEOMETRIC_REPRESENTATION_CONTEXT ( 3 ) GLOBAL_UNCERTAINTY_ASSIGNED_CONTEXT ( ( #4569 ) ) GLOBAL_UNIT_ASSIGNED_CONTEXT ( ( #6570, #11862, #9565 ) ) REPRESENTATION_CONTEXT ( 'NONE', 'WORKASPACE' ) );
#3508 = CARTESIAN_POINT ( 'NONE',  ( 0.1213779527559052523, 0.02500000000000000486, -0.1125000000000001138 ) ) ;
#3509 = ORIENTED_EDGE ( 'NONE', *, *, #4366, .T. ) ;
#3510 = CARTESIAN_POINT ( 'NONE',  ( -0.06249999999999980571, 0.05799999999999996825, 0.2124999999999999112 ) ) ;
#3511 = VECTOR ( 'NONE', #10844, 39.37007874015748143 ) ;
#3512 = UNCERTAINTY_MEASURE_WITH_UNIT (LENGTH_MEASURE( 1.000000000000000082E-05 ), #981, 'distance_accuracy_value', 'NONE');
#3513 = ORIENTED_EDGE ( 'NONE', *, *, #9348, .T. ) ;
#3514 = AXIS2_PLACEMENT_3D ( 'NONE', #10881, #4976, #1827 ) ;
#3515 = DIRECTION ( 'NONE',  ( 1.000000000000000000, 2.435670465107224942E-16, 0.000000000000000000 ) ) ;
#3516 = ORIENTED_EDGE ( 'NONE', *, *, #10025, .F. ) ;
#3517 = ORIENTED_EDGE ( 'NONE', *, *, #2183, .T. ) ;
#3518 = VECTOR ( 'NONE', #12066, 39.37007874015748143 ) ;
#3519 = ORIENTED_EDGE ( 'NONE', *, *, #12, .F. ) ;
#3520 =( NAMED_UNIT ( * ) SI_UNIT ( $, .STERADIAN. ) SOLID_ANGLE_UNIT ( ) );
#3521 =( LENGTH_UNIT ( ) NAMED_UNIT ( * ) SI_UNIT ( $, .METRE. ) );
#3522 = DIRECTION ( 'NONE',  ( 7.854062981784755126E-15, -0.000000000000000000, -1.000000000000000000 ) ) ;
#3523 = ORIENTED_EDGE ( 'NONE', *, *, #7456, .F. ) ;
#3524 = CARTESIAN_POINT ( 'NONE',  ( -0.07000000000000017319, 0.04999999999999998196, 0.1470000000000000195 ) ) ;
#3525 = VERTEX_POINT ( 'NONE', #2893 ) ;
#3526 = CARTESIAN_POINT ( 'NONE',  ( -0.03749999999999999861, 0.3643779527559052878, 0.08749999999999988343 ) ) ;
#3527 = DIRECTION ( 'NONE',  ( -0.000000000000000000, 1.000000000000000000, -0.000000000000000000 ) ) ;
#3528 = VECTOR ( 'NONE', #10409, 39.37007874015748143 ) ;
#3529 = APPLICATION_PROTOCOL_DEFINITION ( 'draft international standard', 'automotive_design', 1998, #7964 ) ;
#3530 = VERTEX_POINT ( 'NONE', #10957 ) ;
#3531 = FILL_AREA_STYLE ('',( #12590 ) ) ;
#3532 = CARTESIAN_POINT ( 'NONE',  ( -0.07500000000000005274, 0.02500000000000001180, -0.1875000000000001110 ) ) ;
#3533 = AXIS2_PLACEMENT_3D ( 'NONE', #3133, #4173, #8225 ) ;
#3534 = DIMENSIONAL_EXPONENTS ( 1.000000000000000000, 0.000000000000000000, 0.000000000000000000, 0.000000000000000000, 0.000000000000000000, 0.000000000000000000, 0.000000000000000000 ) ;
#3535 = DIRECTION ( 'NONE',  ( 0.000000000000000000, 0.000000000000000000, 1.000000000000000000 ) ) ;
#3536 = VERTEX_POINT ( 'NONE', #13066 ) ;
#3537 = SURFACE_STYLE_FILL_AREA ( #12664 ) ;
#3538 = CARTESIAN_POINT ( 'NONE',  ( -0.06250000000000005551, 0.03750000000000001249, -0.08750000000000010547 ) ) ;
#3539 = VERTEX_POINT ( 'NONE', #5913 ) ;
#3540 =( GEOMETRIC_REPRESENTATION_CONTEXT ( 3 ) GLOBAL_UNCERTAINTY_ASSIGNED_CONTEXT ( ( #2853 ) ) GLOBAL_UNIT_ASSIGNED_CONTEXT ( ( #7469, #11427, #12304 ) ) REPRESENTATION_CONTEXT ( 'NONE', 'WORKASPACE' ) );
#3541 = EDGE_CURVE ( 'NONE', #6419, #12505, #908, .T. ) ;
#3542 = LINE ( 'NONE', #1489, #592 ) ;
#3543 = LINE ( 'NONE', #11750, #12653 ) ;
#3544 = CARTESIAN_POINT ( 'NONE',  ( 0.03749999999999999861, 0.05799999999999996825, 0.1124999999999998779 ) ) ;
#3545 = AXIS2_PLACEMENT_3D ( 'NONE', #9201, #7078, #30 ) ;
#3546 = CARTESIAN_POINT ( 'NONE',  ( 0.04011817604383836194, 0.3715713323165082960, -0.1098818239561617643 ) ) ;
#3547 = EDGE_LOOP ( 'NONE', ( #11091, #568 ) ) ;
#3548 = DIRECTION ( 'NONE',  ( -0.000000000000000000, 1.000000000000000000, -0.000000000000000000 ) ) ;
#3549 = DIRECTION ( 'NONE',  ( 0.000000000000000000, -0.000000000000000000, 1.000000000000000000 ) ) ;
#3550 = CIRCLE ( 'NONE', #602, 0.01250000000000008049 ) ;
#3551 = SURFACE_STYLE_USAGE ( .BOTH. , #4546 ) ;
#3552 = COLOUR_RGB ( '',1.000000000000000000, 0.8117647058823529438, 0.5019607843137254832 ) ;
#3553 = ADVANCED_FACE ( 'NONE', ( #7046 ), #3418, .T. ) ;
#3554 = DIRECTION ( 'NONE',  ( -0.3236155771181825069, 0.8891264907159898145, -0.3236155771181825069 ) ) ;
#3555 = VECTOR ( 'NONE', #10791, 39.37007874015748143 ) ;
#3556 = ORIENTED_EDGE ( 'NONE', *, *, #10935, .F. ) ;
#3557 = ORIENTED_EDGE ( 'NONE', *, *, #256, .F. ) ;
#3558 = LINE ( 'NONE', #9647, #1991 ) ;
#3559 = FACE_OUTER_BOUND ( 'NONE', #1908, .T. ) ;
#3560 = EDGE_CURVE ( 'NONE', #2803, #8658, #9503, .T. ) ;
#3561 = EDGE_CURVE ( 'NONE', #10005, #9138, #5383, .T. ) ;
#3562 = CARTESIAN_POINT ( 'NONE',  ( 0.07000000000000000666, 0.1499999999999999944, -0.03000000000000025910 ) ) ;
#3563 = AXIS2_PLACEMENT_3D ( 'NONE', #4018, #5016, #9066 ) ;
#3564 = DIRECTION ( 'NONE',  ( -1.000000000000000000, -2.435670465107224942E-16, 0.000000000000000000 ) ) ;
#3565 = DIRECTION ( 'NONE',  ( 0.000000000000000000, 0.000000000000000000, 1.000000000000000000 ) ) ;
#3566 = FACE_OUTER_BOUND ( 'NONE', #5683, .T. ) ;
#3567 = VECTOR ( 'NONE', #9719, 39.37007874015748143 ) ;
#3568 = EDGE_CURVE ( 'NONE', #2885, #9116, #444, .T. ) ;
#3569 = ADVANCED_FACE ( 'NONE', ( #7386 ), #5190, .T. ) ;
#3570 =( CONVERSION_BASED_UNIT ( 'INCH', #8598 ) LENGTH_UNIT ( ) NAMED_UNIT ( #11828 ) );
#3571 = AXIS2_PLACEMENT_3D ( 'NONE', #12680, #716, #11687 ) ;
#3572 = EDGE_CURVE ( 'NONE', #11871, #2137, #7505, .T. ) ;
#3573 = MECHANICAL_DESIGN_GEOMETRIC_PRESENTATION_REPRESENTATION (  '', ( #9708 ), #6891 ) ;
#3574 = FACE_OUTER_BOUND ( 'NONE', #10549, .T. ) ;
#3575 = VERTEX_POINT ( 'NONE', #5315 ) ;
#3576 = ORIENTED_EDGE ( 'NONE', *, *, #100, .F. ) ;
#3577 = ORIENTED_EDGE ( 'NONE', *, *, #2359, .F. ) ;
#3578 = ADVANCED_FACE ( 'NONE', ( #11409 ), #6249, .F. ) ;
#3579 = CARTESIAN_POINT ( 'NONE',  ( -0.1213779527559052385, -2.828069580055263522E-18, -0.1875000000000001110 ) ) ;
#3580 = FILL_AREA_STYLE ('',( #12638 ) ) ;
#3581 = ORIENTED_EDGE ( 'NONE', *, *, #12028, .F. ) ;
#3582 = DIRECTION ( 'NONE',  ( 0.000000000000000000, -0.000000000000000000, 1.000000000000000000 ) ) ;
#3583 = ORIENTED_EDGE ( 'NONE', *, *, #101, .T. ) ;
#3584 = PLANE ( 'NONE',  #3956 ) ;
#3585 = DIRECTION ( 'NONE',  ( -0.000000000000000000, 1.000000000000000000, -0.000000000000000000 ) ) ;
#3586 = EDGE_CURVE ( 'NONE', #1370, #10723, #12726, .T. ) ;
#3587 = CARTESIAN_POINT ( 'NONE',  ( -0.06999999999999999278, 0.02737258300203046849, 0.06199999999999973588 ) ) ;
#3588 = VECTOR ( 'NONE', #8215, 39.37007874015748143 ) ;
#3589 = ORIENTED_EDGE ( 'NONE', *, *, #8503, .F. ) ;
#3590 = ORIENTED_EDGE ( 'NONE', *, *, #12429, .F. ) ;
#3591 = LINE ( 'NONE', #1601, #9575 ) ;
#3592 = FILL_AREA_STYLE ('',( #9743 ) ) ;
#3593 = ORIENTED_EDGE ( 'NONE', *, *, #144, .T. ) ;
#3594 = LINE ( 'NONE', #11793, #6399 ) ;
#3595 = EDGE_LOOP ( 'NONE', ( #1199, #1564, #6897, #12923 ) ) ;
#3596 = SURFACE_STYLE_FILL_AREA ( #8558 ) ;
#3597 = CARTESIAN_POINT ( 'NONE',  ( 0.05390227793071963869, 0.3880000000000000115, -0.1960977220692805001 ) ) ;
#3598 = ORIENTED_EDGE ( 'NONE', *, *, #11372, .F. ) ;
#3599 = FACE_OUTER_BOUND ( 'NONE', #3659, .T. ) ;
#3600 = PRESENTATION_STYLE_ASSIGNMENT (( #1744 ) ) ;
#3601 = DIRECTION ( 'NONE',  ( -0.000000000000000000, -0.000000000000000000, -1.000000000000000000 ) ) ;
#3602 = ORIENTED_EDGE ( 'NONE', *, *, #1450, .T. ) ;
#3603 = VERTEX_POINT ( 'NONE', #6772 ) ;
#3604 = PLANE ( 'NONE',  #11069 ) ;
#3605 = CARTESIAN_POINT ( 'NONE',  ( 0.09499999999999998723, 0.04999999999999998196, -0.06400000000000007072 ) ) ;
#3606 = LINE ( 'NONE', #2388, #8307 ) ;
#3607 = LINE ( 'NONE', #777, #10064 ) ;
#3608 = ORIENTED_EDGE ( 'NONE', *, *, #12217, .F. ) ;
#3609 = DIRECTION ( 'NONE',  ( 0.000000000000000000, -1.000000000000000000, 0.000000000000000000 ) ) ;
#3610 = DIRECTION ( 'NONE',  ( 0.000000000000000000, 0.000000000000000000, 1.000000000000000000 ) ) ;
#3611 = ADVANCED_FACE ( 'NONE', ( #1553 ), #8757, .T. ) ;
#3612 = ORIENTED_EDGE ( 'NONE', *, *, #6930, .T. ) ;
#3613 = CARTESIAN_POINT ( 'NONE',  ( -0.09499999999999998723, 0.1419999999999999873, 0.03599999999999993483 ) ) ;
#3614 = CARTESIAN_POINT ( 'NONE',  ( 0.000000000000000000, 0.3880000000000000115, 0.000000000000000000 ) ) ;
#3615 = DIRECTION ( 'NONE',  ( -0.000000000000000000, 0.000000000000000000, 1.000000000000000000 ) ) ;
#3616 =( NAMED_UNIT ( * ) SI_UNIT ( $, .STERADIAN. ) SOLID_ANGLE_UNIT ( ) );
#3617 = FACE_OUTER_BOUND ( 'NONE', #5936, .T. ) ;
#3618 = EDGE_CURVE ( 'NONE', #10027, #3901, #4594, .T. ) ;
#3619 =( NAMED_UNIT ( * ) PLANE_ANGLE_UNIT ( ) SI_UNIT ( $, .RADIAN. ) );
#3620 = ADVANCED_FACE ( 'NONE', ( #11743 ), #12866, .F. ) ;
#3621 = MECHANICAL_DESIGN_GEOMETRIC_PRESENTATION_REPRESENTATION (  '', ( #2177 ), #891 ) ;
#3622 = ORIENTED_EDGE ( 'NONE', *, *, #8174, .F. ) ;
#3623 = ORIENTED_EDGE ( 'NONE', *, *, #5510, .F. ) ;
#3624 = ORIENTED_EDGE ( 'NONE', *, *, #6930, .F. ) ;
#3625 = CIRCLE ( 'NONE', #8290, 0.03750000000000008882 ) ;
#3626 = CARTESIAN_POINT ( 'NONE',  ( 0.07500000000000005274, 0.000000000000000000, -0.2125000000000001332 ) ) ;
#3627 = ORIENTED_EDGE ( 'NONE', *, *, #8398, .F. ) ;
#3628 = STYLED_ITEM ( 'NONE', ( #9361 ), #6316 ) ;
#3629 = DIRECTION ( 'NONE',  ( -1.000000000000000000, 0.000000000000000000, -0.000000000000000000 ) ) ;
#3630 = CLOSED_SHELL ( 'NONE', ( #11487, #2780, #8636, #9049, #10042, #658, #11293, #3243, #12296, #9754, #346, #3100, #1944, #6531, #1777, #1626, #438, #9314 ) ) ;
#3631 = ADVANCED_FACE ( 'NONE', ( #5763 ), #2692, .T. ) ;
#3632 = ORIENTED_EDGE ( 'NONE', *, *, #9472, .F. ) ;
#3633 =( LENGTH_UNIT ( ) NAMED_UNIT ( * ) SI_UNIT ( $, .METRE. ) );
#3634 = DIRECTION ( 'NONE',  ( 0.000000000000000000, 0.000000000000000000, -1.000000000000000000 ) ) ;
#3635 = AXIS2_PLACEMENT_3D ( 'NONE', #10563, #9265, #4411 ) ;
#3636 = CARTESIAN_POINT ( 'NONE',  ( 0.1449999999999999623, 0.01640227793071964008, 0.2999999999999999889 ) ) ;
#3637 = ADVANCED_FACE ( 'NONE', ( #3791 ), #7778, .T. ) ;
#3638 = DIRECTION ( 'NONE',  ( 0.000000000000000000, 1.000000000000000000, 0.000000000000000000 ) ) ;
#3639 = ORIENTED_EDGE ( 'NONE', *, *, #11402, .F. ) ;
#3640 = VERTEX_POINT ( 'NONE', #9696 ) ;
#3641 = AXIS2_PLACEMENT_3D ( 'NONE', #11259, #2087, #5107 ) ;
#3642 = ORIENTED_EDGE ( 'NONE', *, *, #5581, .F. ) ;
#3643 = CIRCLE ( 'NONE', #8715, 0.007999999999999998432 ) ;
#3644 = ADVANCED_FACE ( 'NONE', ( #10744 ), #8688, .T. ) ;
#3645 = DIRECTION ( 'NONE',  ( 1.000000000000000000, -0.000000000000000000, -0.000000000000000000 ) ) ;
#3646 = DIRECTION ( 'NONE',  ( 3.045457963692998845E-16, -1.000000000000000000, -0.000000000000000000 ) ) ;
#3647 = DIRECTION ( 'NONE',  ( 0.000000000000000000, 1.000000000000000000, 0.000000000000000000 ) ) ;
#3648 = DIRECTION ( 'NONE',  ( -0.000000000000000000, 0.000000000000000000, -1.000000000000000000 ) ) ;
#3649 = ORIENTED_EDGE ( 'NONE', *, *, #594, .F. ) ;
#3650 = FACE_OUTER_BOUND ( 'NONE', #6868, .T. ) ;
#3651 = DIRECTION ( 'NONE',  ( 1.000000000000000000, 6.097874985857737794E-17, 0.000000000000000000 ) ) ;
#3652 = DIRECTION ( 'NONE',  ( 1.000000000000000000, 0.000000000000000000, 1.734723475976806324E-18 ) ) ;
#3653 = VERTEX_POINT ( 'NONE', #3728 ) ;
#3654 = PLANE ( 'NONE',  #5256 ) ;
#3655 = DIRECTION ( 'NONE',  ( 0.000000000000000000, -1.000000000000000000, 0.000000000000000000 ) ) ;
#3656 = VECTOR ( 'NONE', #9465, 39.37007874015748143 ) ;
#3657 = VECTOR ( 'NONE', #5442, 39.37007874015748143 ) ;
#3658 = VECTOR ( 'NONE', #3920, 39.37007874015748854 ) ;
#3659 = EDGE_LOOP ( 'NONE', ( #8674, #2721, #12982, #4020 ) ) ;
#3660 = DIRECTION ( 'NONE',  ( 0.000000000000000000, -0.000000000000000000, 1.000000000000000000 ) ) ;
#3661 = STYLED_ITEM ( 'NONE', ( #2772 ), #3350 ) ;
#3662 =( CONVERSION_BASED_UNIT ( 'INCH', #1555 ) LENGTH_UNIT ( ) NAMED_UNIT ( #10554 ) );
#3663 = EDGE_LOOP ( 'NONE', ( #8561, #1751 ) ) ;
#3664 = DIRECTION ( 'NONE',  ( -0.000000000000000000, -1.000000000000000000, -0.000000000000000000 ) ) ;
#3665 = AXIS2_PLACEMENT_3D ( 'NONE', #5919, #6795, #10045 ) ;
#3666 = LINE ( 'NONE', #3605, #2326 ) ;
#3667 = CARTESIAN_POINT ( 'NONE',  ( -0.06999999999999999278, 0.05799999999999997519, -0.2300000000000002875 ) ) ;
#3668 = CARTESIAN_POINT ( 'NONE',  ( 0.04011817604383836194, 0.3715713323165082960, -0.009881823956161751854 ) ) ;
#3669 = ORIENTED_EDGE ( 'NONE', *, *, #8325, .T. ) ;
#3670 = CARTESIAN_POINT ( 'NONE',  ( 0.09499999999999998723, 0.1420000000000000151, -0.2430053851276748611 ) ) ;
#3671 =( LENGTH_UNIT ( ) NAMED_UNIT ( * ) SI_UNIT ( $, .METRE. ) );
#3672 =( CONVERSION_BASED_UNIT ( 'INCH', #7653 ) LENGTH_UNIT ( ) NAMED_UNIT ( #12349 ) );
#3673 = AXIS2_PLACEMENT_3D ( 'NONE', #11540, #3548, #12608 ) ;
#3674 = VERTEX_POINT ( 'NONE', #11808 ) ;
#3675 = CARTESIAN_POINT ( 'NONE',  ( -0.06999999999999999278, 0.05799999999999997519, 0.1699999999999997624 ) ) ;
#3677 = VECTOR ( 'NONE', #4454, 39.37007874015748143 ) ;
#3676 = PLANE ( 'NONE',  #7146 ) ;
#3678 = CARTESIAN_POINT ( 'NONE',  ( 0.06250000000000001388, 0.2150000000000000244, 0.08749999999999988343 ) ) ;
#3679 = LINE ( 'NONE', #11689, #10056 ) ;
#3680 = EDGE_CURVE ( 'NONE', #9891, #6496, #6096, .T. ) ;
#3681 =( NAMED_UNIT ( * ) PLANE_ANGLE_UNIT ( ) SI_UNIT ( $, .RADIAN. ) );
#3683 = FILL_AREA_STYLE_COLOUR ( '', #3046 ) ;
#3682 = VECTOR ( 'NONE', #8481, 39.37007874015748143 ) ;
#3684 = LINE ( 'NONE', #9655, #7144 ) ;
#3685 = CIRCLE ( 'NONE', #7312, 0.007999999999999972411 ) ;
#3686 = CARTESIAN_POINT ( 'NONE',  ( 0.1449999999999999623, -4.268512490100412049E-18, 0.2039022779307195499 ) ) ;
#3687 = ORIENTED_EDGE ( 'NONE', *, *, #6199, .F. ) ;
#3688 = VERTEX_POINT ( 'NONE', #13052 ) ;
#3689 = CARTESIAN_POINT ( 'NONE',  ( 0.06249999999999996531, 0.03750000000000001249, -0.1125000000000001138 ) ) ;
#3690 = ORIENTED_EDGE ( 'NONE', *, *, #3958, .T. ) ;
#3691 = CARTESIAN_POINT ( 'NONE',  ( -0.03750000000000004718, 0.03750000000000001249, -0.08750000000000010547 ) ) ;
#3692 = ADVANCED_FACE ( 'NONE', ( #9149 ), #841, .T. ) ;
#3693 = CARTESIAN_POINT ( 'NONE',  ( -0.09499999999999998723, 0.6848831648126535443, -0.2500000000000000555 ) ) ;
#3694 = LINE ( 'NONE', #7742, #290 ) ;
#3695 = ORIENTED_EDGE ( 'NONE', *, *, #2231, .F. ) ;
#3696 = CARTESIAN_POINT ( 'NONE',  ( -0.04609772206928037380, 0.3880000000000000115, 0.2000000000000000111 ) ) ;
#3697 = EDGE_LOOP ( 'NONE', ( #4640, #4550, #7070, #8555 ) ) ;
#3698 = CYLINDRICAL_SURFACE ( 'NONE', #1235, 0.007999999999999989758 ) ;
#3699 = CARTESIAN_POINT ( 'NONE',  ( 0.03749999999999999861, 0.2150000000000000244, -0.1875000000000001110 ) ) ;
#3700 = DIRECTION ( 'NONE',  ( 0.000000000000000000, 1.000000000000000000, 0.000000000000000000 ) ) ;
#3701 = VECTOR ( 'NONE', #12558, 39.37007874015748143 ) ;
#3702 = EDGE_CURVE ( 'NONE', #8143, #8089, #4107, .T. ) ;
#3703 = AXIS2_PLACEMENT_3D ( 'NONE', #8910, #12073, #11013 ) ;
#3704 = ORIENTED_EDGE ( 'NONE', *, *, #5343, .F. ) ;
#3705 = ORIENTED_EDGE ( 'NONE', *, *, #4846, .T. ) ;
#3706 = ORIENTED_EDGE ( 'NONE', *, *, #5878, .F. ) ;
#3707 = ADVANCED_FACE ( 'NONE', ( #7967 ), #5831, .F. ) ;
#3708 =( LENGTH_UNIT ( ) NAMED_UNIT ( * ) SI_UNIT ( $, .METRE. ) );
#3709 = CARTESIAN_POINT ( 'NONE',  ( -0.06999999999999999278, 0.05799999999999997519, -0.2300000000000002875 ) ) ;
#3710 = SURFACE_STYLE_FILL_AREA ( #3592 ) ;
#3711 = EDGE_LOOP ( 'NONE', ( #12822, #5154, #2086, #11015 ) ) ;
#3712 = EDGE_CURVE ( 'NONE', #1357, #10785, #4969, .T. ) ;
#3713 = CARTESIAN_POINT ( 'NONE',  ( -0.06999999999999999278, 0.04999999999999998196, -0.1380000000000002613 ) ) ;
#3714 = ADVANCED_FACE ( 'NONE', ( #12921 ), #6023, .T. ) ;
#3715 = VERTEX_POINT ( 'NONE', #39 ) ;
#3716 = DIRECTION ( 'NONE',  ( 1.000000000000000000, 0.000000000000000000, 0.000000000000000000 ) ) ;
#3717 = DIRECTION ( 'NONE',  ( -1.000000000000000000, 0.000000000000000000, 0.000000000000000000 ) ) ;
#3718 = VERTEX_POINT ( 'NONE', #10999 ) ;
#3719 = CARTESIAN_POINT ( 'NONE',  ( -0.06999999999999999278, 0.02737258300203046849, -0.2300000000000002875 ) ) ;
#3720 = AXIS2_PLACEMENT_3D ( 'NONE', #11532, #8376, #3219 ) ;
#3721 = CARTESIAN_POINT ( 'NONE',  ( 0.03749999999999999861, 0.05799999999999996825, 0.08749999999999986955 ) ) ;
#3722 = EDGE_CURVE ( 'NONE', #220, #4874, #9015, .T. ) ;
#3723 = EDGE_CURVE ( 'NONE', #1722, #2051, #7903, .T. ) ;
#3724 = AXIS2_PLACEMENT_3D ( 'NONE', #4685, #12961, #12758 ) ;
#3725 = EDGE_CURVE ( 'NONE', #5907, #4206, #6905, .T. ) ;
#3726 = PLANE ( 'NONE',  #9132 ) ;
#3727 = ORIENTED_EDGE ( 'NONE', *, *, #6699, .T. ) ;
#3728 = CARTESIAN_POINT ( 'NONE',  ( 0.1449999999999999623, 0.008597722069280349169, 0.003902277930719528359 ) ) ;
#3729 =( NAMED_UNIT ( * ) SI_UNIT ( $, .STERADIAN. ) SOLID_ANGLE_UNIT ( ) );
#3730 = EDGE_LOOP ( 'NONE', ( #6598, #3598, #7148, #11444 ) ) ;
#3731 = PLANE ( 'NONE',  #5781 ) ;
#3732 = EDGE_CURVE ( 'NONE', #3674, #5832, #5898, .T. ) ;
#3733 = DIRECTION ( 'NONE',  ( 7.854062981784755126E-15, -0.000000000000000000, -1.000000000000000000 ) ) ;
#3734 = PLANE ( 'NONE',  #11257 ) ;
#3735 = PLANE ( 'NONE',  #55 ) ;
#3736 = EDGE_LOOP ( 'NONE', ( #12646, #6949, #9425, #9997 ) ) ;
#3737 = LINE ( 'NONE', #7846, #12755 ) ;
#3738 = VECTOR ( 'NONE', #3935, 39.37007874015748143 ) ;
#3739 = DIRECTION ( 'NONE',  ( 1.000000000000000000, 0.000000000000000000, 7.854062981784756704E-15 ) ) ;
#3740 = VECTOR ( 'NONE', #8800, 39.37007874015748143 ) ;
#3741 = CARTESIAN_POINT ( 'NONE',  ( 0.07000000000000002054, 0.05799999999999997519, 0.03799999999999978395 ) ) ;
#3742 = ORIENTED_EDGE ( 'NONE', *, *, #12918, .T. ) ;
#3743 = CARTESIAN_POINT ( 'NONE',  ( -0.06250000000000001388, 0.2150000000000000244, 0.01249999999999990008 ) ) ;
#3744 = VECTOR ( 'NONE', #12250, 39.37007874015748143 ) ;
#3745 = DIRECTION ( 'NONE',  ( 1.000000000000000000, 0.000000000000000000, -0.000000000000000000 ) ) ;
#3746 = EDGE_LOOP ( 'NONE', ( #7187, #8233, #414, #9770 ) ) ;
#3747 = VECTOR ( 'NONE', #1523, 39.37007874015748143 ) ;
#3748 = DIRECTION ( 'NONE',  ( 3.045457963692998352E-16, 1.000000000000000000, 0.000000000000000000 ) ) ;
#3749 = CARTESIAN_POINT ( 'NONE',  ( 0.07000000000000017319, 0.05799999999999997519, 0.000000000000000000 ) ) ;
#3750 = DIRECTION ( 'NONE',  ( -1.000000000000000000, 0.000000000000000000, -0.000000000000000000 ) ) ;
#3751 = VECTOR ( 'NONE', #4944, 39.37007874015748143 ) ;
#3752 = DIRECTION ( 'NONE',  ( 0.000000000000000000, 0.000000000000000000, 1.000000000000000000 ) ) ;
#3753 = VECTOR ( 'NONE', #3894, 39.37007874015748143 ) ;
#3754 = ORIENTED_EDGE ( 'NONE', *, *, #6449, .F. ) ;
#3755 = ORIENTED_EDGE ( 'NONE', *, *, #8823, .T. ) ;
#3756 = VECTOR ( 'NONE', #11819, 39.37007874015748143 ) ;
#3757 = EDGE_LOOP ( 'NONE', ( #2140, #2341, #6455, #2502 ) ) ;
#3758 = DIRECTION ( 'NONE',  ( -0.000000000000000000, 1.000000000000000000, -0.000000000000000000 ) ) ;
#3759 = LINE ( 'NONE', #2482, #11322 ) ;
#3760 = DIRECTION ( 'NONE',  ( 0.000000000000000000, -1.000000000000000000, 0.000000000000000000 ) ) ;
#3761 = DIRECTION ( 'NONE',  ( -1.000000000000000000, 0.000000000000000000, 6.829619984160656074E-16 ) ) ;
#3762 = PRESENTATION_LAYER_ASSIGNMENT (  '', '', ( #7796 ) ) ;
#3763 = UNCERTAINTY_MEASURE_WITH_UNIT (LENGTH_MEASURE( 1.000000000000000082E-05 ), #1399, 'distance_accuracy_value', 'NONE');
#3764 = ORIENTED_EDGE ( 'NONE', *, *, #1597, .T. ) ;
#3765 = STYLED_ITEM ( 'NONE', ( #11490 ), #6804 ) ;
#3766 = LINE ( 'NONE', #7815, #597 ) ;
#3767 = VECTOR ( 'NONE', #2135, 39.37007874015748143 ) ;
#3768 =( NAMED_UNIT ( * ) PLANE_ANGLE_UNIT ( ) SI_UNIT ( $, .RADIAN. ) );
#3769 = CYLINDRICAL_SURFACE ( 'NONE', #12230, 0.007999999999999972411 ) ;
#3770 = ADVANCED_FACE ( 'NONE', ( #4903 ), #8950, .F. ) ;
#3771 = ORIENTED_EDGE ( 'NONE', *, *, #3020, .T. ) ;
#3772 = ORIENTED_EDGE ( 'NONE', *, *, #2759, .F. ) ;
#3773 = CARTESIAN_POINT ( 'NONE',  ( 0.02867962466487991580, 0.05799999999999997519, -0.06518096514745329306 ) ) ;
#3774 = DIRECTION ( 'NONE',  ( 2.435670465107224942E-16, 1.000000000000000000, 0.000000000000000000 ) ) ;
#3775 = DIRECTION ( 'NONE',  ( -0.000000000000000000, 1.000000000000000000, -0.000000000000000000 ) ) ;
#3776 = DIRECTION ( 'NONE',  ( -1.000000000000000000, 0.000000000000000000, 0.000000000000000000 ) ) ;
#3777 = ORIENTED_EDGE ( 'NONE', *, *, #9294, .F. ) ;
#3778 = DIRECTION ( 'NONE',  ( -1.000000000000000000, -6.097874985857736561E-17, 0.000000000000000000 ) ) ;
#3779 = ORIENTED_EDGE ( 'NONE', *, *, #5968, .F. ) ;
#3780 = CARTESIAN_POINT ( 'NONE',  ( -0.03749999999999980432, 0.1419999999999999873, -0.2125000000000001332 ) ) ;
#3781 = ORIENTED_EDGE ( 'NONE', *, *, #1058, .F. ) ;
#3782 = DIRECTION ( 'NONE',  ( 0.000000000000000000, 0.000000000000000000, -1.000000000000000000 ) ) ;
#3783 = PRESENTATION_STYLE_ASSIGNMENT (( #5891 ) ) ;
#3784 = EDGE_CURVE ( 'NONE', #2971, #2270, #9216, .T. ) ;
#3785 = VECTOR ( 'NONE', #7387, 39.37007874015748143 ) ;
#3786 = EDGE_CURVE ( 'NONE', #6437, #830, #6421, .T. ) ;
#3787 = PRODUCT_RELATED_PRODUCT_CATEGORY ( 'part', '', ( #1181 ) ) ;
#3788 = DIMENSIONAL_EXPONENTS ( 1.000000000000000000, 0.000000000000000000, 0.000000000000000000, 0.000000000000000000, 0.000000000000000000, 0.000000000000000000, 0.000000000000000000 ) ;
#3789 = VERTEX_POINT ( 'NONE', #9420 ) ;
#3790 = ORIENTED_EDGE ( 'NONE', *, *, #1928, .F. ) ;
#3791 = FACE_OUTER_BOUND ( 'NONE', #5808, .T. ) ;
#3792 = LINE ( 'NONE', #7968, #11172 ) ;
#3793 = ORIENTED_EDGE ( 'NONE', *, *, #9622, .T. ) ;
#3794 =( GEOMETRIC_REPRESENTATION_CONTEXT ( 3 ) GLOBAL_UNCERTAINTY_ASSIGNED_CONTEXT ( ( #12251 ) ) GLOBAL_UNIT_ASSIGNED_CONTEXT ( ( #4774, #9809, #11915 ) ) REPRESENTATION_CONTEXT ( 'NONE', 'WORKASPACE' ) );
#3795 = CARTESIAN_POINT ( 'NONE',  ( 0.06250000000000001388, 0.2150000000000000244, 0.1124999999999998918 ) ) ;
#3796 = CARTESIAN_POINT ( 'NONE',  ( -0.06999999999999999278, 0.02737258300203046849, -0.2300000000000002875 ) ) ;
#3797 = CARTESIAN_POINT ( 'NONE',  ( 0.06250000000000005551, 0.03750000000000001249, 0.2124999999999999112 ) ) ;
#3798 = DIRECTION ( 'NONE',  ( -0.3236155771181825069, -0.8891264907159898145, -0.3236155771181825069 ) ) ;
#3799 = ADVANCED_FACE ( 'NONE', ( #5300 ), #6292, .T. ) ;
#3800 = LINE ( 'NONE', #3668, #9000 ) ;
#3801 = ORIENTED_EDGE ( 'NONE', *, *, #3031, .T. ) ;
#3802 = EDGE_CURVE ( 'NONE', #1727, #7366, #6474, .T. ) ;
#3803 = SURFACE_STYLE_FILL_AREA ( #5840 ) ;
#3804 = EDGE_CURVE ( 'NONE', #10924, #1664, #165, .T. ) ;
#3805 = CARTESIAN_POINT ( 'NONE',  ( -0.06999999999999999278, 0.1726274169979694906, -0.06200000000000022854 ) ) ;
#3806 = ORIENTED_EDGE ( 'NONE', *, *, #6061, .T. ) ;
#3807 = LINE ( 'NONE', #3743, #6403 ) ;
#3808 = FILL_AREA_STYLE ('',( #7657 ) ) ;
#3809 = ORIENTED_EDGE ( 'NONE', *, *, #3561, .T. ) ;
#3810 = LINE ( 'NONE', #2176, #13033 ) ;
#3811 = EDGE_CURVE ( 'NONE', #6600, #1781, #7326, .T. ) ;
#3812 = DIRECTION ( 'NONE',  ( 0.9153150324227631307, 0.000000000000000000, 0.4027386142660223656 ) ) ;
#3813 = CARTESIAN_POINT ( 'NONE',  ( 0.1449999999999999623, 0.02500000000000000139, -0.003902277930719733490 ) ) ;
#3814 = DIRECTION ( 'NONE',  ( 1.000000000000000000, 3.414809992080306836E-16, 0.000000000000000000 ) ) ;
#3815 = CARTESIAN_POINT ( 'NONE',  ( 0.1449999999999999623, 0.008597722069280350904, 0.000000000000000000 ) ) ;
#3816 = PRESENTATION_STYLE_ASSIGNMENT (( #6735 ) ) ;
#3817 = ORIENTED_EDGE ( 'NONE', *, *, #7695, .T. ) ;
#3818 = EDGE_LOOP ( 'NONE', ( #3483, #54, #2125, #11451 ) ) ;
#3819 = ORIENTED_EDGE ( 'NONE', *, *, #6424, .F. ) ;
#3820 = DIRECTION ( 'NONE',  ( -0.000000000000000000, -0.000000000000000000, -1.000000000000000000 ) ) ;
#3821 = LINE ( 'NONE', #3889, #2887 ) ;
#3822 = CARTESIAN_POINT ( 'NONE',  ( -0.06250000000000001388, 0.3643779527559052878, -0.2125000000000001332 ) ) ;
#3823 = PLANE ( 'NONE',  #3123 ) ;
#3824 = FACE_OUTER_BOUND ( 'NONE', #94, .T. ) ;
#3825 = SURFACE_STYLE_FILL_AREA ( #1593 ) ;
#3826 = DIRECTION ( 'NONE',  ( 0.000000000000000000, 0.000000000000000000, -1.000000000000000000 ) ) ;
#3827 = ORIENTED_EDGE ( 'NONE', *, *, #2215, .T. ) ;
#3828 = ORIENTED_EDGE ( 'NONE', *, *, #9622, .F. ) ;
#3829 = CARTESIAN_POINT ( 'NONE',  ( -0.06999999999999999278, 0.1499999999999999944, 0.2299999999999997879 ) ) ;
#3830 = VECTOR ( 'NONE', #3527, 39.37007874015748143 ) ;
#3831 = AXIS2_PLACEMENT_3D ( 'NONE', #13017, #5133, #3943 ) ;
#3832 = DIRECTION ( 'NONE',  ( 0.000000000000000000, 0.000000000000000000, 1.000000000000000000 ) ) ;
#3833 = CARTESIAN_POINT ( 'NONE',  ( 0.06250000000000001388, 0.1419999999999999873, 0.1124999999999998779 ) ) ;
#3834 = ORIENTED_EDGE ( 'NONE', *, *, #12821, .F. ) ;
#3835 = CARTESIAN_POINT ( 'NONE',  ( -0.06250000000000001388, 0.2150000000000000244, -0.1875000000000001110 ) ) ;
#3836 = ORIENTED_EDGE ( 'NONE', *, *, #2215, .F. ) ;
#3837 = LINE ( 'NONE', #7890, #11483 ) ;
#3838 = FACE_OUTER_BOUND ( 'NONE', #5357, .T. ) ;
#3839 = EDGE_CURVE ( 'NONE', #1052, #7513, #10220, .T. ) ;
#3840 = ORIENTED_EDGE ( 'NONE', *, *, #13063, .T. ) ;
#3841 = SURFACE_STYLE_FILL_AREA ( #12915 ) ;
#3842 = DIRECTION ( 'NONE',  ( 0.000000000000000000, -0.000000000000000000, 1.000000000000000000 ) ) ;
#3843 = LINE ( 'NONE', #2809, #789 ) ;
#3844 = PRESENTATION_LAYER_ASSIGNMENT (  '', '', ( #9341 ) ) ;
#3845 =( GEOMETRIC_REPRESENTATION_CONTEXT ( 3 ) GLOBAL_UNCERTAINTY_ASSIGNED_CONTEXT ( ( #11968 ) ) GLOBAL_UNIT_ASSIGNED_CONTEXT ( ( #8901, #5909, #12932 ) ) REPRESENTATION_CONTEXT ( 'NONE', 'WORKASPACE' ) );
#3846 = EDGE_LOOP ( 'NONE', ( #1702, #549, #8842, #12024 ) ) ;
#3847 = CARTESIAN_POINT ( 'NONE',  ( 0.000000000000000000, 0.04999999999999998196, 0.000000000000000000 ) ) ;
#3848 = SURFACE_SIDE_STYLE ('',( #6024 ) ) ;
#3849 = EDGE_LOOP ( 'NONE', ( #2985, #10883, #8750, #12883 ) ) ;
#3850 = EDGE_CURVE ( 'NONE', #4098, #2036, #6036, .T. ) ;
#3851 = CARTESIAN_POINT ( 'NONE',  ( -0.06250000000000001388, 0.2150000000000000244, -0.08750000000000010547 ) ) ;
#3852 = MECHANICAL_DESIGN_GEOMETRIC_PRESENTATION_REPRESENTATION (  '', ( #10628 ), #10832 ) ;
#3853 = PLANE ( 'NONE',  #8795 ) ;
#3854 = CARTESIAN_POINT ( 'NONE',  ( 0.03749999999999999861, 0.1419999999999999873, 0.1124999999999998779 ) ) ;
#3855 = LINE ( 'NONE', #4859, #5200 ) ;
#3856 = ADVANCED_FACE ( 'NONE', ( #5366 ), #1278, .F. ) ;
#3857 = DIRECTION ( 'NONE',  ( -0.000000000000000000, 1.000000000000000000, -0.000000000000000000 ) ) ;
#3858 = VERTEX_POINT ( 'NONE', #11391 ) ;
#3859 = CARTESIAN_POINT ( 'NONE',  ( -0.06999999999999999278, 0.1419999999999999873, 0.1219999999999997892 ) ) ;
#3860 = VECTOR ( 'NONE', #8762, 39.37007874015748143 ) ;
#3861 = FILL_AREA_STYLE_COLOUR ( '', #12944 ) ;
#3862 = COLOUR_RGB ( '',1.000000000000000000, 0.8117647058823529438, 0.5019607843137254832 ) ;
#3863 = EDGE_CURVE ( 'NONE', #12886, #4867, #1845, .T. ) ;
#3864 = COLOUR_RGB ( '',1.000000000000000000, 0.8117647058823529438, 0.5019607843137254832 ) ;
#3865 = DIRECTION ( 'NONE',  ( 0.9396926207859094271, -0.3420201433256662704, 0.000000000000000000 ) ) ;
#3866 = AXIS2_PLACEMENT_3D ( 'NONE', #10023, #2881, #12925 ) ;
#3867 = ORIENTED_EDGE ( 'NONE', *, *, #12757, .F. ) ;
#3868 = CARTESIAN_POINT ( 'NONE',  ( 0.07000000000000000666, 0.1419999999999999873, -0.2300000000000002875 ) ) ;
#3869 = DIRECTION ( 'NONE',  ( -1.000000000000000000, 0.000000000000000000, 0.000000000000000000 ) ) ;
#3870 = EDGE_LOOP ( 'NONE', ( #12278, #2309, #2475, #9114 ) ) ;
#3871 = ADVANCED_FACE ( 'NONE', ( #11261 ), #8428, .T. ) ;
#3872 =( CONVERSION_BASED_UNIT ( 'INCH', #6658 ) LENGTH_UNIT ( ) NAMED_UNIT ( #7310 ) );
#3873 = COLOUR_RGB ( '',1.000000000000000000, 0.8117647058823529438, 0.5019607843137254832 ) ;
#3874 = EDGE_CURVE ( 'NONE', #7638, #12008, #12260, .T. ) ;
#3875 = SURFACE_STYLE_USAGE ( .BOTH. , #6794 ) ;
#3876 = FACE_OUTER_BOUND ( 'NONE', #4449, .T. ) ;
#3877 = ADVANCED_FACE ( 'NONE', ( #12326 ), #9345, .T. ) ;
#3878 = EDGE_CURVE ( 'NONE', #9933, #3901, #8488, .T. ) ;
#3879 = MECHANICAL_DESIGN_GEOMETRIC_PRESENTATION_REPRESENTATION (  '', ( #7908 ), #9596 ) ;
#3880 =( NAMED_UNIT ( * ) SI_UNIT ( $, .STERADIAN. ) SOLID_ANGLE_UNIT ( ) );
#3881 = EDGE_CURVE ( 'NONE', #12103, #10601, #8231, .T. ) ;
#3882 = VECTOR ( 'NONE', #232, 39.37007874015748143 ) ;
#3883 = EDGE_LOOP ( 'NONE', ( #6523, #7388, #5540, #12454 ) ) ;
#3884 = ORIENTED_EDGE ( 'NONE', *, *, #7856, .T. ) ;
#3885 = EDGE_CURVE ( 'NONE', #6563, #7649, #6353, .T. ) ;
#3886 = EDGE_LOOP ( 'NONE', ( #616, #6987, #3022, #5723 ) ) ;
#3887 = VECTOR ( 'NONE', #12673, 39.37007874015748143 ) ;
#3888 = DIRECTION ( 'NONE',  ( 1.000000000000000000, 3.414809992080306836E-16, 0.000000000000000000 ) ) ;
#3889 = CARTESIAN_POINT ( 'NONE',  ( 0.06250000000000001388, 0.2150000000000000244, 0.1874999999999999167 ) ) ;
#3890 = PLANE ( 'NONE',  #10851 ) ;
#3891 = EDGE_CURVE ( 'NONE', #1511, #9967, #8296, .T. ) ;
#3892 = DIRECTION ( 'NONE',  ( 6.097874985857737794E-17, 1.000000000000000000, -0.000000000000000000 ) ) ;
#3893 = VECTOR ( 'NONE', #2553, 39.37007874015748143 ) ;
#3894 = DIRECTION ( 'NONE',  ( 6.829619984160656074E-16, 0.000000000000000000, 1.000000000000000000 ) ) ;
#3895 = PLANE ( 'NONE',  #2598 ) ;
#3896 = FACE_OUTER_BOUND ( 'NONE', #3301, .T. ) ;
#3897 = ORIENTED_EDGE ( 'NONE', *, *, #8473, .F. ) ;
#3898 = VERTEX_POINT ( 'NONE', #1338 ) ;
#3899 = DIRECTION ( 'NONE',  ( -0.000000000000000000, -1.000000000000000000, -0.000000000000000000 ) ) ;
#3900 = DIRECTION ( 'NONE',  ( 0.000000000000000000, 1.000000000000000000, 0.000000000000000000 ) ) ;
#3901 = VERTEX_POINT ( 'NONE', #9742 ) ;
#3902 = DIRECTION ( 'NONE',  ( 0.000000000000000000, -0.000000000000000000, 1.000000000000000000 ) ) ;
#3903 = EDGE_LOOP ( 'NONE', ( #12502, #12495, #11130, #9599 ) ) ;
#3904 =( NAMED_UNIT ( * ) PLANE_ANGLE_UNIT ( ) SI_UNIT ( $, .RADIAN. ) );
#3905 = LINE ( 'NONE', #3780, #5719 ) ;
#3906 = UNCERTAINTY_MEASURE_WITH_UNIT (LENGTH_MEASURE( 1.000000000000000082E-05 ), #2214, 'distance_accuracy_value', 'NONE');
#3907 = VERTEX_POINT ( 'NONE', #1670 ) ;
#3908 = SURFACE_STYLE_FILL_AREA ( #5755 ) ;
#3909 = DIRECTION ( 'NONE',  ( 0.000000000000000000, 0.000000000000000000, 1.000000000000000000 ) ) ;
#3910 = AXIS2_PLACEMENT_3D ( 'NONE', #5850, #858, #656 ) ;
#3911 = AXIS2_PLACEMENT_3D ( 'NONE', #969, #3936, #7986 ) ;
#3912 =( NAMED_UNIT ( * ) SI_UNIT ( $, .STERADIAN. ) SOLID_ANGLE_UNIT ( ) );
#3913 = ORIENTED_EDGE ( 'NONE', *, *, #8580, .T. ) ;
#3914 =( LENGTH_UNIT ( ) NAMED_UNIT ( * ) SI_UNIT ( $, .METRE. ) );
#3915 = CARTESIAN_POINT ( 'NONE',  ( 0.06250000000000001388, 0.3643779527559052878, 0.1124999999999998918 ) ) ;
#3916 = VECTOR ( 'NONE', #10548, 39.37007874015748143 ) ;
#3917 = CARTESIAN_POINT ( 'NONE',  ( -0.06249999999999981959, 0.1419999999999999873, 0.1874999999999999167 ) ) ;
#3918 = ORIENTED_EDGE ( 'NONE', *, *, #7843, .T. ) ;
#3919 = CARTESIAN_POINT ( 'NONE',  ( -0.07500000000000003886, 0.03750000000000000555, -3.414809992080329023E-17 ) ) ;
#3920 = DIRECTION ( 'NONE',  ( -0.9153150324227631307, 0.000000000000000000, 0.4027386142660223656 ) ) ;
#3921 = FACE_OUTER_BOUND ( 'NONE', #5731, .T. ) ;
#3922 = CARTESIAN_POINT ( 'NONE',  ( -0.06249999999999980571, 0.05799999999999996825, -0.1875000000000001110 ) ) ;
#3923 = EDGE_LOOP ( 'NONE', ( #2261, #411, #8600, #7479 ) ) ;
#3924 = AXIS2_PLACEMENT_3D ( 'NONE', #2296, #6297, #8920 ) ;
#3925 = DIRECTION ( 'NONE',  ( -0.000000000000000000, -0.000000000000000000, -1.000000000000000000 ) ) ;
#3926 = AXIS2_PLACEMENT_3D ( 'NONE', #10751, #8897, #8763 ) ;
#3927 = AXIS2_PLACEMENT_3D ( 'NONE', #10472, #4383, #3270 ) ;
#3928 = ADVANCED_FACE ( 'NONE', ( #10729 ), #5565, .T. ) ;
#3929 = LENGTH_MEASURE_WITH_UNIT ( LENGTH_MEASURE( 0.02539999999999999897 ), #6975 );
#3930 = EDGE_LOOP ( 'NONE', ( #2679, #8549, #6002, #2773 ) ) ;
#3931 = CARTESIAN_POINT ( 'NONE',  ( 0.06250000000000001388, 0.2150000000000000244, -0.2125000000000001332 ) ) ;
#3932 = FACE_OUTER_BOUND ( 'NONE', #540, .T. ) ;
#3933 = ORIENTED_EDGE ( 'NONE', *, *, #6461, .F. ) ;
#3934 = AXIS2_PLACEMENT_3D ( 'NONE', #5312, #11663, #7378 ) ;
#3935 = DIRECTION ( 'NONE',  ( 0.000000000000000000, -1.000000000000000000, 0.000000000000000000 ) ) ;
#3936 = DIRECTION ( 'NONE',  ( -0.000000000000000000, 1.000000000000000000, -0.000000000000000000 ) ) ;
#3937 = DIRECTION ( 'NONE',  ( 1.000000000000000000, -0.000000000000000000, -0.000000000000000000 ) ) ;
#3938 = ORIENTED_EDGE ( 'NONE', *, *, #2581, .F. ) ;
#3939 = LENGTH_MEASURE_WITH_UNIT ( LENGTH_MEASURE( 0.02539999999999999897 ), #8978 );
#3940 = VECTOR ( 'NONE', #5803, 39.37007874015748143 ) ;
#3941 = EDGE_CURVE ( 'NONE', #5410, #11534, #5747, .T. ) ;
#3942 = ADVANCED_FACE ( 'NONE', ( #7694 ), #1734, .T. ) ;
#3943 = DIRECTION ( 'NONE',  ( 0.000000000000000000, 0.000000000000000000, 1.000000000000000000 ) ) ;
#3944 = VERTEX_POINT ( 'NONE', #680 ) ;
#3945 = VERTEX_POINT ( 'NONE', #6556 ) ;
#3946 = DIRECTION ( 'NONE',  ( -0.000000000000000000, 0.000000000000000000, -1.000000000000000000 ) ) ;
#3947 = VERTEX_POINT ( 'NONE', #551 ) ;
#3948 = CARTESIAN_POINT ( 'NONE',  ( -0.1449999999999999623, 0.01640227793071964008, 0.2124999999999999112 ) ) ;
#3949 = VECTOR ( 'NONE', #10062, 39.37007874015748143 ) ;
#3950 = CARTESIAN_POINT ( 'NONE',  ( 0.1449999999999999623, 0.01640227793071964008, 0.1039022779307195166 ) ) ;
#3951 = DIRECTION ( 'NONE',  ( 0.000000000000000000, -0.3420201433256662704, -0.9396926207859094271 ) ) ;
#3952 = CARTESIAN_POINT ( 'NONE',  ( -0.06999999999999999278, 0.1726274169979694906, -0.1700000000000002343 ) ) ;
#3953 = VECTOR ( 'NONE', #3582, 39.37007874015748143 ) ;
#3954 = EDGE_CURVE ( 'NONE', #274, #11816, #10666, .T. ) ;
#3955 = LINE ( 'NONE', #10257, #11992 ) ;
#3956 = AXIS2_PLACEMENT_3D ( 'NONE', #4635, #8669, #5551 ) ;
#3957 = CARTESIAN_POINT ( 'NONE',  ( -0.1213779527559052385, -2.828069580055263137E-18, -0.1125000000000001138 ) ) ;
#3958 = EDGE_CURVE ( 'NONE', #5512, #2205, #753, .T. ) ;
#3959 = CARTESIAN_POINT ( 'NONE',  ( -0.03749999999999999861, 0.3643779527559052878, -0.08750000000000010547 ) ) ;
#3960 = DIRECTION ( 'NONE',  ( 0.000000000000000000, -1.000000000000000000, 0.000000000000000000 ) ) ;
#3961 = MECHANICAL_DESIGN_GEOMETRIC_PRESENTATION_REPRESENTATION (  '', ( #6929 ), #10534 ) ;
#3963 = ORIENTED_EDGE ( 'NONE', *, *, #974, .T. ) ;
#3962 = EDGE_CURVE ( 'NONE', #10340, #323, #8742, .T. ) ;
#3964 = ORIENTED_EDGE ( 'NONE', *, *, #5893, .T. ) ;
#3965 = DIRECTION ( 'NONE',  ( 1.000000000000000000, 0.000000000000000000, -0.000000000000000000 ) ) ;
#3966 = DIRECTION ( 'NONE',  ( -0.9153150324227631307, -0.000000000000000000, -0.4027386142660223656 ) ) ;
#3967 = CARTESIAN_POINT ( 'NONE',  ( -0.06250000000000001388, 0.2150000000000000244, -0.1125000000000001138 ) ) ;
#3968 = CARTESIAN_POINT ( 'NONE',  ( 0.03749999999999999861, 0.3643779527559052878, -0.01250000000000010651 ) ) ;
#3969 = CARTESIAN_POINT ( 'NONE',  ( -0.2036698591370891265, 0.02995180444377151113, 0.2174518044437714626 ) ) ;
#3971 = VERTEX_POINT ( 'NONE', #12775 ) ;
#3970 = EDGE_CURVE ( 'NONE', #9347, #20, #4982, .T. ) ;
#3972 = CARTESIAN_POINT ( 'NONE',  ( 0.06250000000000001388, 0.3643779527559052878, -0.08750000000000010547 ) ) ;
#3973 = FACE_OUTER_BOUND ( 'NONE', #3923, .T. ) ;
#3974 = VECTOR ( 'NONE', #3395, 39.37007874015748143 ) ;
#3975 = ORIENTED_EDGE ( 'NONE', *, *, #10595, .F. ) ;
#3976 = LINE ( 'NONE', #7153, #2014 ) ;
#3977 = AXIS2_PLACEMENT_3D ( 'NONE', #2684, #1415, #4394 ) ;
#3978 = VECTOR ( 'NONE', #445, 39.37007874015748143 ) ;
#3979 = VECTOR ( 'NONE', #12602, 39.37007874015748143 ) ;
#3980 = ORIENTED_EDGE ( 'NONE', *, *, #5262, .F. ) ;
#3981 =( NAMED_UNIT ( * ) SI_UNIT ( $, .STERADIAN. ) SOLID_ANGLE_UNIT ( ) );
#3982 =( NAMED_UNIT ( * ) PLANE_ANGLE_UNIT ( ) SI_UNIT ( $, .RADIAN. ) );
#3983 = VERTEX_POINT ( 'NONE', #5625 ) ;
#3984 = CARTESIAN_POINT ( 'NONE',  ( 0.1449999999999999623, 0.008597722069280350904, 0.2000000000000000111 ) ) ;
#3985 = CYLINDRICAL_SURFACE ( 'NONE', #11760, 0.007999999999999989758 ) ;
#3986 = DIRECTION ( 'NONE',  ( -0.000000000000000000, 1.000000000000000000, -0.000000000000000000 ) ) ;
#3987 = DIRECTION ( 'NONE',  ( -0.9063077870366512689, -0.000000000000000000, 0.4226182617406968323 ) ) ;
#3988 = LINE ( 'NONE', #1026, #8372 ) ;
#3989 = ORIENTED_EDGE ( 'NONE', *, *, #580, .F. ) ;
#3990 = FACE_OUTER_BOUND ( 'NONE', #509, .T. ) ;
#3991 = CIRCLE ( 'NONE', #6325, 0.007999999999999989758 ) ;
#3992 = ORIENTED_EDGE ( 'NONE', *, *, #421, .F. ) ;
#3993 = LINE ( 'NONE', #12069, #10897 ) ;
#3994 =( LENGTH_UNIT ( ) NAMED_UNIT ( * ) SI_UNIT ( $, .METRE. ) );
#3995 = VERTEX_POINT ( 'NONE', #11790 ) ;
#3996 = CARTESIAN_POINT ( 'NONE',  ( -0.03749999999999999861, 0.2150000000000000244, -0.2125000000000001332 ) ) ;
#3997 = CARTESIAN_POINT ( 'NONE',  ( 0.1213779527559052385, -2.828069580055263522E-18, -0.08750000000000010547 ) ) ;
#3998 = LINE ( 'NONE', #3029, #8581 ) ;
#3999 = VERTEX_POINT ( 'NONE', #3457 ) ;
#4000 = DIRECTION ( 'NONE',  ( -5.850480457187554951E-16, 1.000000000000000000, 0.000000000000000000 ) ) ;
#4001 = EDGE_CURVE ( 'NONE', #6280, #4788, #6758, .T. ) ;
#4002 =( NAMED_UNIT ( * ) PLANE_ANGLE_UNIT ( ) SI_UNIT ( $, .RADIAN. ) );
#4003 = CARTESIAN_POINT ( 'NONE',  ( 0.000000000000000000, 0.1499999999999999944, 0.000000000000000000 ) ) ;
#4004 = EDGE_LOOP ( 'NONE', ( #9840, #2702, #11958, #11981 ) ) ;
#4005 = ORIENTED_EDGE ( 'NONE', *, *, #4924, .T. ) ;
#4006 = CARTESIAN_POINT ( 'NONE',  ( 0.07999999999999991840, 0.1420000000000000151, -0.2499999999999998335 ) ) ;
#4007 = FILL_AREA_STYLE ('',( #2799 ) ) ;
#4008 = ORIENTED_EDGE ( 'NONE', *, *, #2672, .F. ) ;
#4009 = CARTESIAN_POINT ( 'NONE',  ( 0.09499999999999998723, 0.6848831648126535443, 0.2500000000000000555 ) ) ;
#4010 = EDGE_CURVE ( 'NONE', #3195, #19, #8677, .T. ) ;
#4011 = DIRECTION ( 'NONE',  ( 0.3420201433256656598, -1.041607969234569323E-16, 0.9396926207859095381 ) ) ;
#4012 = CARTESIAN_POINT ( 'NONE',  ( -0.09499999999999998723, 0.04999999999999998196, 0.06400000000000001521 ) ) ;
#4013 = DIRECTION ( 'NONE',  ( 0.000000000000000000, 0.000000000000000000, -1.000000000000000000 ) ) ;
#4014 = ADVANCED_FACE ( 'NONE', ( #7492 ), #2479, .T. ) ;
#4015 = LINE ( 'NONE', #73, #12208 ) ;
#4016 = CARTESIAN_POINT ( 'NONE',  ( 0.07500000000000005274, 0.02500000000000001180, -0.08750000000000010547 ) ) ;
#4017 = EDGE_CURVE ( 'NONE', #1007, #6496, #6005, .T. ) ;
#4018 = CARTESIAN_POINT ( 'NONE',  ( 0.07500000000000002498, 0.000000000000000000, -0.2125000000000001332 ) ) ;
#4019 = EDGE_LOOP ( 'NONE', ( #6379, #3439, #10180, #1556 ) ) ;
#4020 = ORIENTED_EDGE ( 'NONE', *, *, #8844, .F. ) ;
#4021 = CARTESIAN_POINT ( 'NONE',  ( 0.05390227793071963869, 0.3880000000000000115, -0.09609772206928048066 ) ) ;
#4022 = EDGE_LOOP ( 'NONE', ( #1685, #2694, #4005, #6428 ) ) ;
#4023 = DIRECTION ( 'NONE',  ( 0.000000000000000000, 0.000000000000000000, -1.000000000000000000 ) ) ;
#4024 = PLANE ( 'NONE',  #5053 ) ;
#4025 = DIRECTION ( 'NONE',  ( -3.045457963692998352E-16, 1.000000000000000000, 0.000000000000000000 ) ) ;
#4026 = CARTESIAN_POINT ( 'NONE',  ( -0.06250000000000001388, 0.2150000000000000244, -0.2125000000000001332 ) ) ;
#4027 = ORIENTED_EDGE ( 'NONE', *, *, #8485, .F. ) ;
#4028 = LINE ( 'NONE', #8220, #3744 ) ;
#4029 = UNCERTAINTY_MEASURE_WITH_UNIT (LENGTH_MEASURE( 1.000000000000000082E-05 ), #10778, 'distance_accuracy_value', 'NONE');
#4030 = EDGE_LOOP ( 'NONE', ( #5989, #7208, #5175, #10932 ) ) ;
#4031 = CARTESIAN_POINT ( 'NONE',  ( 0.06250000000000001388, 0.3880000000000000115, 0.08749999999999988343 ) ) ;
#4032 = LINE ( 'NONE', #8085, #12102 ) ;
#4033 = ADVANCED_FACE ( 'NONE', ( #6888 ), #11041, .F. ) ;
#4034 = DIRECTION ( 'NONE',  ( 0.9153150324227631307, 0.000000000000000000, -0.4027386142660223656 ) ) ;
#4035 = FACE_OUTER_BOUND ( 'NONE', #11188, .T. ) ;
#4036 = EDGE_CURVE ( 'NONE', #3063, #5, #933, .T. ) ;
#4037 = ORIENTED_EDGE ( 'NONE', *, *, #6879, .F. ) ;
#4038 = CARTESIAN_POINT ( 'NONE',  ( 0.03749999999999999861, 0.2150000000000000244, 0.1874999999999999167 ) ) ;
#4039 = ADVANCED_FACE ( 'NONE', ( #9937 ), #1003, .T. ) ;
#4040 = DIRECTION ( 'NONE',  ( 3.045457963692998845E-16, 1.000000000000000000, 0.000000000000000000 ) ) ;
#4041 = EDGE_LOOP ( 'NONE', ( #10997, #11122, #1889, #3975 ) ) ;
#4042 = CARTESIAN_POINT ( 'NONE',  ( -0.03749999999999980432, 0.05799999999999996825, -0.2125000000000001332 ) ) ;
#4043 = PRESENTATION_STYLE_ASSIGNMENT (( #11062 ) ) ;
#4044 = DIRECTION ( 'NONE',  ( 0.000000000000000000, 0.000000000000000000, 1.000000000000000000 ) ) ;
#4045 =( CONVERSION_BASED_UNIT ( 'INCH', #1157 ) LENGTH_UNIT ( ) NAMED_UNIT ( #11526 ) );
#4046 = CARTESIAN_POINT ( 'NONE',  ( 0.06250000000000001388, 0.05799999999999996825, 0.08749999999999986955 ) ) ;
#4047 = EDGE_LOOP ( 'NONE', ( #41, #11288, #4116, #7727 ) ) ;
#4048 = FILL_AREA_STYLE ('',( #9160 ) ) ;
#4049 = CARTESIAN_POINT ( 'NONE',  ( 0.03749999999999999861, 0.05799999999999997519, -0.1125000000000001138 ) ) ;
#4050 =( GEOMETRIC_REPRESENTATION_CONTEXT ( 3 ) GLOBAL_UNCERTAINTY_ASSIGNED_CONTEXT ( ( #13044 ) ) GLOBAL_UNIT_ASSIGNED_CONTEXT ( ( #10033, #10886, #8846 ) ) REPRESENTATION_CONTEXT ( 'NONE', 'WORKASPACE' ) );
#4051 = SURFACE_STYLE_USAGE ( .BOTH. , #1090 ) ;
#4052 = AXIS2_PLACEMENT_3D ( 'NONE', #5930, #9064, #4882 ) ;
#4053 = VERTEX_POINT ( 'NONE', #9005 ) ;
#4054 = AXIS2_PLACEMENT_3D ( 'NONE', #2606, #4578, #3399 ) ;
#4055 = DIRECTION ( 'NONE',  ( 0.8891264907159903697, -0.3236155771181813412, -0.3236155771181821739 ) ) ;
#4056 = DIRECTION ( 'NONE',  ( 0.000000000000000000, 0.000000000000000000, 1.000000000000000000 ) ) ;
#4057 = VERTEX_POINT ( 'NONE', #9072 ) ;
#4058 = PLANE ( 'NONE',  #2065 ) ;
#4059 = COLOUR_RGB ( '',1.000000000000000000, 0.8117647058823529438, 0.5019607843137254832 ) ;
#4060 = LINE ( 'NONE', #10306, #12794 ) ;
#4061 = CARTESIAN_POINT ( 'NONE',  ( 0.07000000000000000666, 0.1499999999999999944, 0.1699999999999997624 ) ) ;
#4062 = VERTEX_POINT ( 'NONE', #12105 ) ;
#4063 = CYLINDRICAL_SURFACE ( 'NONE', #6405, 0.01250000000000008049 ) ;
#4064 = STYLED_ITEM ( 'NONE', ( #7344 ), #2924 ) ;
#4065 = AXIS2_PLACEMENT_3D ( 'NONE', #1681, #5696, #3842 ) ;
#4066 = VECTOR ( 'NONE', #11205, 39.37007874015748143 ) ;
#4067 = DIMENSIONAL_EXPONENTS ( 1.000000000000000000, 0.000000000000000000, 0.000000000000000000, 0.000000000000000000, 0.000000000000000000, 0.000000000000000000, 0.000000000000000000 ) ;
#4068 = DIRECTION ( 'NONE',  ( 0.000000000000000000, 0.000000000000000000, -1.000000000000000000 ) ) ;
#4069 = VERTEX_POINT ( 'NONE', #10138 ) ;
#4070 = ORIENTED_EDGE ( 'NONE', *, *, #6311, .F. ) ;
#4071 = AXIS2_PLACEMENT_3D ( 'NONE', #7147, #7888, #12180 ) ;
#4072 = PLANE ( 'NONE',  #6832 ) ;
#4073 = LINE ( 'NONE', #5811, #12950 ) ;
#4074 = ADVANCED_FACE ( 'NONE', ( #6952 ), #8934, .F. ) ;
#4075 = ORIENTED_EDGE ( 'NONE', *, *, #9215, .F. ) ;
#4076 = AXIS2_PLACEMENT_3D ( 'NONE', #7597, #5597, #9769 ) ;
#4077 = LINE ( 'NONE', #6130, #8087 ) ;
#4078 = DIRECTION ( 'NONE',  ( -0.8891264907159903697, -0.3236155771181813412, -0.3236155771181821739 ) ) ;
#4079 =( CONVERSION_BASED_UNIT ( 'INCH', #1378 ) LENGTH_UNIT ( ) NAMED_UNIT ( #12376 ) );
#4080 = CIRCLE ( 'NONE', #1774, 0.03750000000000008882 ) ;
#4081 = DIRECTION ( 'NONE',  ( 0.000000000000000000, 1.000000000000000000, 0.000000000000000000 ) ) ;
#4082 = DIRECTION ( 'NONE',  ( 1.000000000000000000, 6.097874985857737794E-17, 0.000000000000000000 ) ) ;
#4083 = MECHANICAL_DESIGN_GEOMETRIC_PRESENTATION_REPRESENTATION (  '', ( #8113 ), #1778 ) ;
#4084 = DIRECTION ( 'NONE',  ( -0.000000000000000000, 1.000000000000000000, -0.000000000000000000 ) ) ;
#4085 = AXIS2_PLACEMENT_3D ( 'NONE', #10375, #3609, #2378 ) ;
#4086 = ORIENTED_EDGE ( 'NONE', *, *, #1125, .F. ) ;
#4087 = ORIENTED_EDGE ( 'NONE', *, *, #4366, .F. ) ;
#4088 = CARTESIAN_POINT ( 'NONE',  ( 0.1213779527559052523, 0.02500000000000000486, 0.1874999999999999167 ) ) ;
#4089 = EDGE_CURVE ( 'NONE', #6620, #11656, #10983, .T. ) ;
#4090 = EDGE_LOOP ( 'NONE', ( #2873, #9970, #3275, #431 ) ) ;
#4091 = LINE ( 'NONE', #10634, #4996 ) ;
#4092 = DIRECTION ( 'NONE',  ( 1.000000000000000000, 0.000000000000000000, 0.000000000000000000 ) ) ;
#4093 = CARTESIAN_POINT ( 'NONE',  ( -0.09499999999999998723, 0.05799999999999996825, -0.1360000000000000098 ) ) ;
#4094 = CIRCLE ( 'NONE', #11497, 0.007999999999999998432 ) ;
#4095 = LINE ( 'NONE', #8937, #1580 ) ;
#4096 = VERTEX_POINT ( 'NONE', #10069 ) ;
#4097 = PRESENTATION_STYLE_ASSIGNMENT (( #11110 ) ) ;
#4098 = VERTEX_POINT ( 'NONE', #10859 ) ;
#4099 = PLANE ( 'NONE',  #12142 ) ;
#4100 = PRESENTATION_LAYER_ASSIGNMENT (  '', '', ( #7062 ) ) ;
#4101 = CARTESIAN_POINT ( 'NONE',  ( -0.07500000000000003886, 0.03750000000000000555, 0.08749999999999988343 ) ) ;
#4102 = LINE ( 'NONE', #12188, #3974 ) ;
#4103 = EDGE_CURVE ( 'NONE', #1720, #7638, #1873, .T. ) ;
#4105 = VERTEX_POINT ( 'NONE', #1067 ) ;
#4104 = ADVANCED_FACE ( 'NONE', ( #821 ), #4889, .T. ) ;
#4106 = ADVANCED_FACE ( 'NONE', ( #2801 ), #12844, .F. ) ;
#4107 = LINE ( 'NONE', #3073, #6672 ) ;
#4108 = DIRECTION ( 'NONE',  ( 0.000000000000000000, -0.000000000000000000, 1.000000000000000000 ) ) ;
#4109 = ORIENTED_EDGE ( 'NONE', *, *, #6681, .F. ) ;
#4110 = PLANE ( 'NONE',  #6859 ) ;
#4111 = DIRECTION ( 'NONE',  ( 0.3236155771181825069, 0.8891264907159898145, -0.3236155771181825069 ) ) ;
#4112 = ORIENTED_EDGE ( 'NONE', *, *, #7296, .F. ) ;
#4113 = CARTESIAN_POINT ( 'NONE',  ( 0.05988182395616164361, 0.3715713323165082960, -0.1098818239561617643 ) ) ;
#4114 =( CONVERSION_BASED_UNIT ( 'INCH', #10226 ) LENGTH_UNIT ( ) NAMED_UNIT ( #10359 ) );
#4115 = PLANE ( 'NONE',  #2017 ) ;
#4116 = ORIENTED_EDGE ( 'NONE', *, *, #11726, .F. ) ;
#4117 = CARTESIAN_POINT ( 'NONE',  ( 0.03749999999999999861, 0.3643779527559052878, 0.08749999999999988343 ) ) ;
#4118 = CARTESIAN_POINT ( 'NONE',  ( 0.06250000000000001388, 0.05799999999999996825, 0.2124999999999999112 ) ) ;
#4119 = EDGE_CURVE ( 'NONE', #6676, #3285, #13038, .T. ) ;
#4120 = EDGE_CURVE ( 'NONE', #9812, #7513, #4836, .T. ) ;
#4121 = LENGTH_MEASURE_WITH_UNIT ( LENGTH_MEASURE( 0.02539999999999999897 ), #10233 );
#4122 = EDGE_CURVE ( 'NONE', #4145, #6363, #10299, .T. ) ;
#4123 = VECTOR ( 'NONE', #7402, 39.37007874015748143 ) ;
#4124 = AXIS2_PLACEMENT_3D ( 'NONE', #9652, #4616, #11624 ) ;
#4125 = DIRECTION ( 'NONE',  ( -1.000000000000000000, -0.000000000000000000, -0.000000000000000000 ) ) ;
#4127 = ORIENTED_EDGE ( 'NONE', *, *, #5561, .T. ) ;
#4126 = EDGE_CURVE ( 'NONE', #3380, #9548, #8020, .T. ) ;
#4128 = CARTESIAN_POINT ( 'NONE',  ( 0.03749999999999999861, 0.2150000000000000244, -0.1875000000000001110 ) ) ;
#4129 = ORIENTED_EDGE ( 'NONE', *, *, #2091, .T. ) ;
#4130 = PLANE ( 'NONE',  #8611 ) ;
#4131 = FACE_OUTER_BOUND ( 'NONE', #10379, .T. ) ;
#4132 = VECTOR ( 'NONE', #6941, 39.37007874015748143 ) ;
#4133 = FACE_OUTER_BOUND ( 'NONE', #2628, .T. ) ;
#4134 = ORIENTED_EDGE ( 'NONE', *, *, #5072, .T. ) ;
#4135 = PLANE ( 'NONE',  #725 ) ;
#4136 = ADVANCED_FACE ( 'NONE', ( #2933 ), #1933, .T. ) ;
#4137 = VECTOR ( 'NONE', #12670, 39.37007874015748143 ) ;
#4138 = AXIS2_PLACEMENT_3D ( 'NONE', #310, #12529, #3475 ) ;
#4139 = SURFACE_STYLE_FILL_AREA ( #10114 ) ;
#4140 = CIRCLE ( 'NONE', #9448, 0.03750000000000008882 ) ;
#4141 = ORIENTED_EDGE ( 'NONE', *, *, #9388, .F. ) ;
#4142 = ORIENTED_EDGE ( 'NONE', *, *, #4527, .T. ) ;
#4143 = CARTESIAN_POINT ( 'NONE',  ( -0.06250000000000005551, 0.03750000000000001249, 0.1124999999999998918 ) ) ;
#4144 = CARTESIAN_POINT ( 'NONE',  ( -0.06250000000000001388, 0.2150000000000000244, -0.1875000000000001110 ) ) ;
#4145 = VERTEX_POINT ( 'NONE', #2451 ) ;
#4146 = DIRECTION ( 'NONE',  ( -0.000000000000000000, 1.000000000000000000, -0.000000000000000000 ) ) ;
#4147 = AXIS2_PLACEMENT_3D ( 'NONE', #12392, #3338, #10348 ) ;
#4148 = CARTESIAN_POINT ( 'NONE',  ( 0.000000000000000000, 0.04999999999999998196, 0.000000000000000000 ) ) ;
#4149 = DIRECTION ( 'NONE',  ( -0.000000000000000000, 1.000000000000000000, -0.000000000000000000 ) ) ;
#4150 = STYLED_ITEM ( 'NONE', ( #141 ), #10650 ) ;
#4151 = DIRECTION ( 'NONE',  ( -0.000000000000000000, -1.000000000000000000, -0.000000000000000000 ) ) ;
#4152 = CARTESIAN_POINT ( 'NONE',  ( -0.09499999999999998723, 0.04999999999999998196, -0.06400000000000007072 ) ) ;
#4153 = LINE ( 'NONE', #10191, #8404 ) ;
#4154 = DIRECTION ( 'NONE',  ( 0.3236155771181825069, -0.8891264907159898145, -0.3236155771181825069 ) ) ;
#4155 = AXIS2_PLACEMENT_3D ( 'NONE', #2038, #7111, #5978 ) ;
#4156 = EDGE_LOOP ( 'NONE', ( #6219, #3669, #8081, #6283 ) ) ;
#4157 = ORIENTED_EDGE ( 'NONE', *, *, #1198, .F. ) ;
#4158 = LINE ( 'NONE', #3057, #7992 ) ;
#4159 = VECTOR ( 'NONE', #10576, 39.37007874015748143 ) ;
#4160 = ORIENTED_EDGE ( 'NONE', *, *, #5711, .T. ) ;
#4161 = CARTESIAN_POINT ( 'NONE',  ( -0.06999999999999999278, 0.02737258300203046849, 0.07799999999999972233 ) ) ;
#4162 = SURFACE_STYLE_FILL_AREA ( #3124 ) ;
#4163 = DIMENSIONAL_EXPONENTS ( 1.000000000000000000, 0.000000000000000000, 0.000000000000000000, 0.000000000000000000, 0.000000000000000000, 0.000000000000000000, 0.000000000000000000 ) ;
#4164 = PRESENTATION_LAYER_ASSIGNMENT (  '', '', ( #386 ) ) ;
#4165 = CARTESIAN_POINT ( 'NONE',  ( 0.03749999999999999861, 0.2150000000000000244, 0.1874999999999999167 ) ) ;
#4166 = ORIENTED_EDGE ( 'NONE', *, *, #8019, .T. ) ;
#4167 = CARTESIAN_POINT ( 'NONE',  ( -0.06250000000000005551, 0.03750000000000001249, 0.1124999999999998918 ) ) ;
#4168 = UNCERTAINTY_MEASURE_WITH_UNIT (LENGTH_MEASURE( 1.000000000000000082E-05 ), #3415, 'distance_accuracy_value', 'NONE');
#4169 = ORIENTED_EDGE ( 'NONE', *, *, #1946, .F. ) ;
#4170 = FACE_OUTER_BOUND ( 'NONE', #8543, .T. ) ;
#4171 = FILL_AREA_STYLE ('',( #5167 ) ) ;
#4172 = STYLED_ITEM ( 'NONE', ( #3816 ), #10760 ) ;
#4173 = DIRECTION ( 'NONE',  ( 0.000000000000000000, 0.000000000000000000, 1.000000000000000000 ) ) ;
#4174 = ADVANCED_FACE ( 'NONE', ( #3122 ), #11424, .T. ) ;
#4175 = DIRECTION ( 'NONE',  ( -1.000000000000000000, 0.000000000000000000, -0.000000000000000000 ) ) ;
#4176 = AXIS2_PLACEMENT_3D ( 'NONE', #12032, #7201, #7133 ) ;
#4177 = VECTOR ( 'NONE', #8276, 39.37007874015748143 ) ;
#4178 = ORIENTED_EDGE ( 'NONE', *, *, #6225, .F. ) ;
#4179 = CARTESIAN_POINT ( 'NONE',  ( 0.1449999999999999623, 0.008597722069280349169, 0.09609772206928025862 ) ) ;
#4180 = CARTESIAN_POINT ( 'NONE',  ( 0.09499999999999998723, 0.1420000000000000151, 0.2500000000000000555 ) ) ;
#4181 = ORIENTED_EDGE ( 'NONE', *, *, #8959, .T. ) ;
#4182 = VECTOR ( 'NONE', #1302, 39.37007874015748143 ) ;
#4183 = CARTESIAN_POINT ( 'NONE',  ( -0.06999999999999999278, 0.1419999999999999873, -0.07000000000000022871 ) ) ;
#4184 = ORIENTED_EDGE ( 'NONE', *, *, #12689, .F. ) ;
#4185 = DIRECTION ( 'NONE',  ( 1.000000000000000000, 1.138269997360106963E-16, 0.000000000000000000 ) ) ;
#4186 = ADVANCED_FACE ( 'NONE', ( #7400 ), #7599, .T. ) ;
#4187 = LINE ( 'NONE', #435, #6669 ) ;
#4188 = ORIENTED_EDGE ( 'NONE', *, *, #10835, .T. ) ;
#4189 = DIRECTION ( 'NONE',  ( -0.000000000000000000, 1.000000000000000000, -0.000000000000000000 ) ) ;
#4190 = VECTOR ( 'NONE', #5377, 39.37007874015748143 ) ;
#4191 = FACE_BOUND ( 'NONE', #6774, .T. ) ;
#4192 = EDGE_CURVE ( 'NONE', #3042, #8568, #6460, .T. ) ;
#4193 = VECTOR ( 'NONE', #9648, 39.37007874015748143 ) ;
#4194 = VECTOR ( 'NONE', #11910, 39.37007874015748854 ) ;
#4195 = CARTESIAN_POINT ( 'NONE',  ( -0.06554289544236020781, 0.05799999999999997519, 0.1489611260053616548 ) ) ;
#4196 = EDGE_LOOP ( 'NONE', ( #4294, #1742, #9482, #3405 ) ) ;
#4197 = VECTOR ( 'NONE', #13046, 39.37007874015748143 ) ;
#4198 = DIRECTION ( 'NONE',  ( 0.000000000000000000, -0.000000000000000000, -1.000000000000000000 ) ) ;
#4199 = EDGE_LOOP ( 'NONE', ( #2552, #5192, #11349, #10470 ) ) ;
#4200 = EDGE_CURVE ( 'NONE', #5526, #5832, #2387, .T. ) ;
#4201 = VECTOR ( 'NONE', #6571, 39.37007874015748143 ) ;
#4202 = FACE_OUTER_BOUND ( 'NONE', #9876, .T. ) ;
#4203 = CARTESIAN_POINT ( 'NONE',  ( 0.06250000000000001388, 0.2150000000000000244, -0.1125000000000001138 ) ) ;
#4204 = EDGE_CURVE ( 'NONE', #6280, #5762, #5400, .T. ) ;
#4205 = CARTESIAN_POINT ( 'NONE',  ( -0.03749999999999999861, 0.1419999999999999873, -0.1875000000000001110 ) ) ;
#4206 = VERTEX_POINT ( 'NONE', #2576 ) ;
#4207 = DIRECTION ( 'NONE',  ( -0.8891264907159901476, 0.3236155771181820628, -0.3236155771181822849 ) ) ;
#4208 = UNCERTAINTY_MEASURE_WITH_UNIT (LENGTH_MEASURE( 1.000000000000000082E-05 ), #9354, 'distance_accuracy_value', 'NONE');
#4209 = EDGE_CURVE ( 'NONE', #6328, #12378, #5530, .T. ) ;
#4210 = CARTESIAN_POINT ( 'NONE',  ( -0.06250000000000001388, 0.2150000000000000244, 0.08749999999999988343 ) ) ;
#4211 = AXIS2_PLACEMENT_3D ( 'NONE', #5941, #3776, #7826 ) ;
#4212 = VECTOR ( 'NONE', #5223, 39.37007874015748854 ) ;
#4213 = FILL_AREA_STYLE ('',( #199 ) ) ;
#4214 = EDGE_LOOP ( 'NONE', ( #3806, #4775, #8967, #2486 ) ) ;
#4215 = VERTEX_POINT ( 'NONE', #459 ) ;
#4216 = EDGE_CURVE ( 'NONE', #11856, #8329, #391, .T. ) ;
#4217 = CARTESIAN_POINT ( 'NONE',  ( -0.03749999999999980432, 0.1419999999999999873, 0.1874999999999999167 ) ) ;
#4218 = CARTESIAN_POINT ( 'NONE',  ( -0.1449999999999999623, 0.008597722069280349169, 0.2039022779307195499 ) ) ;
#4219 = DIRECTION ( 'NONE',  ( 0.000000000000000000, 0.000000000000000000, 1.000000000000000000 ) ) ;
#4220 = CARTESIAN_POINT ( 'NONE',  ( 0.07000000000000000666, 0.1419999999999999873, -0.1300000000000002820 ) ) ;
#4221 = CARTESIAN_POINT ( 'NONE',  ( 0.09499999999999998723, 0.05799999999999996825, -0.1360000000000000098 ) ) ;
#4222 = CARTESIAN_POINT ( 'NONE',  ( -0.03749999999999999861, 0.05799999999999996825, 0.1124999999999998779 ) ) ;
#4223 = CARTESIAN_POINT ( 'NONE',  ( -0.03749999999999980432, 0.1419999999999999873, 0.08749999999999986955 ) ) ;
#4224 = PRESENTATION_STYLE_ASSIGNMENT (( #4359 ) ) ;
#4225 = VERTEX_POINT ( 'NONE', #4351 ) ;
#4226 = EDGE_LOOP ( 'NONE', ( #4239, #2590, #7715, #10669 ) ) ;
#4227 = DIRECTION ( 'NONE',  ( 0.000000000000000000, 0.000000000000000000, 1.000000000000000000 ) ) ;
#4228 = ORIENTED_EDGE ( 'NONE', *, *, #7273, .F. ) ;
#4229 = LINE ( 'NONE', #150, #11195 ) ;
#4230 = PLANE ( 'NONE',  #8104 ) ;
#4231 = ORIENTED_EDGE ( 'NONE', *, *, #11550, .T. ) ;
#4232 = LENGTH_MEASURE_WITH_UNIT ( LENGTH_MEASURE( 0.02539999999999999897 ), #1205 );
#4233 = ORIENTED_EDGE ( 'NONE', *, *, #10106, .T. ) ;
#4234 = CARTESIAN_POINT ( 'NONE',  ( 0.07500000000000005274, 0.000000000000000000, 0.1124999999999998918 ) ) ;
#4235 = CLOSED_SHELL ( 'NONE', ( #5979, #4104, #8973, #1969, #12263, #6377, #6050, #9212, #1249, #3497, #10527, #10254, #11721, #5170, #3611, #8429, #8386, #3184 ) ) ;
#4236 = LINE ( 'NONE', #6414, #8324 ) ;
#4237 = FILL_AREA_STYLE ('',( #225 ) ) ;
#4238 = CARTESIAN_POINT ( 'NONE',  ( 0.06250000000000001388, 0.3643779527559052878, -0.1125000000000001138 ) ) ;
#4239 = ORIENTED_EDGE ( 'NONE', *, *, #4846, .F. ) ;
#4240 = DIRECTION ( 'NONE',  ( 0.000000000000000000, -0.000000000000000000, 1.000000000000000000 ) ) ;
#4241 = DIRECTION ( 'NONE',  ( 0.000000000000000000, 0.000000000000000000, 1.000000000000000000 ) ) ;
#4242 = CARTESIAN_POINT ( 'NONE',  ( -0.09499999999999998723, 0.1419999999999999873, -0.1640000000000000902 ) ) ;
#4243 = ORIENTED_EDGE ( 'NONE', *, *, #6855, .F. ) ;
#4244 = EDGE_CURVE ( 'NONE', #4215, #6745, #4091, .T. ) ;
#4245 = DIRECTION ( 'NONE',  ( 1.000000000000000000, 2.435670465107224942E-16, 0.000000000000000000 ) ) ;
#4246 = EDGE_LOOP ( 'NONE', ( #6935, #1629, #12196, #1460 ) ) ;
#4247 = FILL_AREA_STYLE ('',( #1225 ) ) ;
#4248 = DIRECTION ( 'NONE',  ( -0.000000000000000000, -0.000000000000000000, -1.000000000000000000 ) ) ;
#4249 = CARTESIAN_POINT ( 'NONE',  ( 0.09499999999999998723, 0.1419999999999999873, 0.06400000000000001521 ) ) ;
#4250 = ORIENTED_EDGE ( 'NONE', *, *, #4200, .F. ) ;
#4251 =( NAMED_UNIT ( * ) SI_UNIT ( $, .STERADIAN. ) SOLID_ANGLE_UNIT ( ) );
#4252 = FILL_AREA_STYLE ('',( #240 ) ) ;
#4253 = DIMENSIONAL_EXPONENTS ( 1.000000000000000000, 0.000000000000000000, 0.000000000000000000, 0.000000000000000000, 0.000000000000000000, 0.000000000000000000, 0.000000000000000000 ) ;
#4254 = AXIS2_PLACEMENT_3D ( 'NONE', #2970, #6934, #4873 ) ;
#4255 = DIRECTION ( 'NONE',  ( -0.000000000000000000, -0.000000000000000000, 1.000000000000000000 ) ) ;
#4256 = EDGE_CURVE ( 'NONE', #11584, #4379, #1574, .T. ) ;
#4257 = SURFACE_SIDE_STYLE ('',( #8447 ) ) ;
#4258 = EDGE_LOOP ( 'NONE', ( #4533, #11720, #7520, #7632 ) ) ;
#4259 = CARTESIAN_POINT ( 'NONE',  ( -0.06250000000000001388, 0.3643779527559052878, -0.1875000000000001110 ) ) ;
#4260 = VERTEX_POINT ( 'NONE', #7464 ) ;
#4261 = AXIS2_PLACEMENT_3D ( 'NONE', #4584, #10671, #2419 ) ;
#4262 = EDGE_CURVE ( 'NONE', #11149, #5514, #8139, .T. ) ;
#4263 = PRESENTATION_STYLE_ASSIGNMENT (( #7444 ) ) ;
#4264 = PRESENTATION_LAYER_ASSIGNMENT (  '', '', ( #3628 ) ) ;
#4265 = CLOSED_SHELL ( 'NONE', ( #2040, #3637, #9396, #6864, #11820, #13001, #2366, #587, #10361, #6804 ) ) ;
#4266 = LINE ( 'NONE', #7184, #12595 ) ;
#4267 = CARTESIAN_POINT ( 'NONE',  ( -0.07000000000000017319, 0.04999999999999998196, 0.04700000000000003481 ) ) ;
#4268 = ORIENTED_EDGE ( 'NONE', *, *, #5395, .F. ) ;
#4269 = PLANE ( 'NONE',  #7706 ) ;
#4270 = EDGE_CURVE ( 'NONE', #3530, #7722, #12555, .T. ) ;
#4271 = DIRECTION ( 'NONE',  ( -1.000000000000000000, 0.000000000000000000, -0.000000000000000000 ) ) ;
#4272 = AXIS2_PLACEMENT_3D ( 'NONE', #1732, #11090, #3774 ) ;
#4273 = ADVANCED_FACE ( 'NONE', ( #2897 ), #4615, .T. ) ;
#4274 = SURFACE_SIDE_STYLE ('',( #9252 ) ) ;
#4275 = ORIENTED_EDGE ( 'NONE', *, *, #3297, .F. ) ;
#4276 = PRESENTATION_LAYER_ASSIGNMENT (  '', '', ( #9993 ) ) ;
#4277 = ORIENTED_EDGE ( 'NONE', *, *, #12101, .T. ) ;
#4278 = DIRECTION ( 'NONE',  ( -1.000000000000000000, 0.000000000000000000, 0.000000000000000000 ) ) ;
#4279 = FILL_AREA_STYLE_COLOUR ( '', #11157 ) ;
#4280 = EDGE_CURVE ( 'NONE', #7932, #10566, #10962, .T. ) ;
#4281 = EDGE_CURVE ( 'NONE', #12378, #2512, #10828, .T. ) ;
#4282 = EDGE_CURVE ( 'NONE', #6301, #1370, #8651, .T. ) ;
#4283 = CARTESIAN_POINT ( 'NONE',  ( -0.05390227793071963869, 0.3880000000000000115, 0.2039022779307195499 ) ) ;
#4284 = CARTESIAN_POINT ( 'NONE',  ( 0.000000000000000000, 0.1499999999999999944, 0.000000000000000000 ) ) ;
#4285 = DIRECTION ( 'NONE',  ( -0.4027386142660223656, 0.000000000000000000, 0.9153150324227632417 ) ) ;
#4286 =( GEOMETRIC_REPRESENTATION_CONTEXT ( 3 ) GLOBAL_UNCERTAINTY_ASSIGNED_CONTEXT ( ( #1521 ) ) GLOBAL_UNIT_ASSIGNED_CONTEXT ( ( #1051, #5069, #9387 ) ) REPRESENTATION_CONTEXT ( 'NONE', 'WORKASPACE' ) );
#4287 = SURFACE_STYLE_FILL_AREA ( #266 ) ;
#4288 =( GEOMETRIC_REPRESENTATION_CONTEXT ( 3 ) GLOBAL_UNCERTAINTY_ASSIGNED_CONTEXT ( ( #7355 ) ) GLOBAL_UNIT_ASSIGNED_CONTEXT ( ( #6739, #12957, #10647 ) ) REPRESENTATION_CONTEXT ( 'NONE', 'WORKASPACE' ) );
#4289 = VECTOR ( 'NONE', #11795, 39.37007874015748143 ) ;
#4290 = EDGE_CURVE ( 'NONE', #840, #10196, #11761, .T. ) ;
#4291 = FACE_OUTER_BOUND ( 'NONE', #201, .T. ) ;
#4292 = AXIS2_PLACEMENT_3D ( 'NONE', #4760, #1654, #539 ) ;
#4293 = EDGE_CURVE ( 'NONE', #2712, #7839, #9841, .T. ) ;
#4294 = ORIENTED_EDGE ( 'NONE', *, *, #12452, .T. ) ;
#4295 = ORIENTED_EDGE ( 'NONE', *, *, #4001, .T. ) ;
#4296 = DIRECTION ( 'NONE',  ( -1.000000000000000000, 0.000000000000000000, 0.000000000000000000 ) ) ;
#4297 = MECHANICAL_DESIGN_GEOMETRIC_PRESENTATION_REPRESENTATION (  '', ( #5339 ), #3452 ) ;
#4298 = AXIS2_PLACEMENT_3D ( 'NONE', #1329, #2666, #810 ) ;
#4299 = EDGE_LOOP ( 'NONE', ( #7621, #10631 ) ) ;
#4300 = PRESENTATION_LAYER_ASSIGNMENT (  '', '', ( #99 ) ) ;
#4301 = EDGE_CURVE ( 'NONE', #9805, #8248, #9650, .T. ) ;
#4302 = CARTESIAN_POINT ( 'NONE',  ( 0.06250000000000001388, 0.3880000000000000115, -0.08750000000000010547 ) ) ;
#4303 = CARTESIAN_POINT ( 'NONE',  ( 0.1213779527559052523, 0.02500000000000000486, 0.1874999999999999167 ) ) ;
#4304 = EDGE_LOOP ( 'NONE', ( #9867, #6919, #11734, #10567 ) ) ;
#4305 = DIRECTION ( 'NONE',  ( 0.000000000000000000, 0.000000000000000000, -1.000000000000000000 ) ) ;
#4306 = VECTOR ( 'NONE', #805, 39.37007874015748143 ) ;
#4307 = UNCERTAINTY_MEASURE_WITH_UNIT (LENGTH_MEASURE( 1.000000000000000082E-05 ), #8552, 'distance_accuracy_value', 'NONE');
#4308 = VERTEX_POINT ( 'NONE', #12943 ) ;
#4309 = DIRECTION ( 'NONE',  ( 0.000000000000000000, 0.000000000000000000, -1.000000000000000000 ) ) ;
#4310 =( LENGTH_UNIT ( ) NAMED_UNIT ( * ) SI_UNIT ( $, .METRE. ) );
#4311 = PRESENTATION_STYLE_ASSIGNMENT (( #1330 ) ) ;
#4312 = VECTOR ( 'NONE', #10028, 39.37007874015748143 ) ;
#4313 = CARTESIAN_POINT ( 'NONE',  ( -0.06250000000000001388, 0.2150000000000000244, 0.01249999999999990008 ) ) ;
#4314 = AXIS2_PLACEMENT_3D ( 'NONE', #3984, #8039, #7027 ) ;
#4315 = ORIENTED_EDGE ( 'NONE', *, *, #2830, .T. ) ;
#4316 = DIRECTION ( 'NONE',  ( -1.000000000000000000, 0.000000000000000000, -0.000000000000000000 ) ) ;
#4317 = CARTESIAN_POINT ( 'NONE',  ( 0.1449999999999999623, 0.01640227793071964008, 0.1960977220692802780 ) ) ;
#4318 = VERTEX_POINT ( 'NONE', #9909 ) ;
#4319 = DIRECTION ( 'NONE',  ( 0.000000000000000000, 0.000000000000000000, 1.000000000000000000 ) ) ;
#4320 = AXIS2_PLACEMENT_3D ( 'NONE', #8685, #10803, #10739 ) ;
#4321 = DIRECTION ( 'NONE',  ( 1.000000000000000000, 0.000000000000000000, -0.000000000000000000 ) ) ;
#4322 = ORIENTED_EDGE ( 'NONE', *, *, #8811, .T. ) ;
#4323 = CARTESIAN_POINT ( 'NONE',  ( 0.03749999999999999861, 0.2150000000000000244, -0.1125000000000001138 ) ) ;
#4324 =( NAMED_UNIT ( * ) SI_UNIT ( $, .STERADIAN. ) SOLID_ANGLE_UNIT ( ) );
#4325 = EDGE_CURVE ( 'NONE', #6979, #10178, #11688, .T. ) ;
#4326 = PRESENTATION_STYLE_ASSIGNMENT (( #299 ) ) ;
#4327 = ORIENTED_EDGE ( 'NONE', *, *, #12617, .F. ) ;
#4328 = CARTESIAN_POINT ( 'NONE',  ( -0.03749999999999999861, 0.2150000000000000244, 0.01249999999999990008 ) ) ;
#4329 = DIRECTION ( 'NONE',  ( 6.097874985857737794E-17, -1.000000000000000000, 0.000000000000000000 ) ) ;
#4330 = AXIS2_PLACEMENT_3D ( 'NONE', #1694, #5706, #10094 ) ;
#4331 = FILL_AREA_STYLE_COLOUR ( '', #10297 ) ;
#4332 = APPLICATION_CONTEXT ( 'automotive_design' ) ;
#4333 = LINE ( 'NONE', #12408, #6585 ) ;
#4334 = ORIENTED_EDGE ( 'NONE', *, *, #9639, .T. ) ;
#4335 = DIRECTION ( 'NONE',  ( -0.3236155771181825069, 0.8891264907159898145, -0.3236155771181825069 ) ) ;
#4336 = VERTEX_POINT ( 'NONE', #1639 ) ;
#4337 = DIRECTION ( 'NONE',  ( 0.000000000000000000, -0.3420201433256662704, 0.9396926207859094271 ) ) ;
#4338 = CYLINDRICAL_SURFACE ( 'NONE', #2889, 0.007999999999999989758 ) ;
#4339 = DIRECTION ( 'NONE',  ( 7.854062981784756704E-15, 0.000000000000000000, -1.000000000000000000 ) ) ;
#4340 = ORIENTED_EDGE ( 'NONE', *, *, #5017, .T. ) ;
#4341 = CARTESIAN_POINT ( 'NONE',  ( -0.07000000000000017319, 0.04999999999999998196, 0.04700000000000003481 ) ) ;
#4342 = UNCERTAINTY_MEASURE_WITH_UNIT (LENGTH_MEASURE( 1.000000000000000082E-05 ), #7548, 'distance_accuracy_value', 'NONE');
#4343 = VECTOR ( 'NONE', #7660, 39.37007874015748143 ) ;
#4344 =( LENGTH_UNIT ( ) NAMED_UNIT ( * ) SI_UNIT ( $, .METRE. ) );
#4345 = ADVANCED_FACE ( 'NONE', ( #11946 ), #4744, .T. ) ;
#4346 = DIMENSIONAL_EXPONENTS ( 1.000000000000000000, 0.000000000000000000, 0.000000000000000000, 0.000000000000000000, 0.000000000000000000, 0.000000000000000000, 0.000000000000000000 ) ;
#4347 = PRESENTATION_STYLE_ASSIGNMENT (( #7259 ) ) ;
#4348 = EDGE_LOOP ( 'NONE', ( #11446, #7252 ) ) ;
#4349 = VERTEX_POINT ( 'NONE', #5599 ) ;
#4350 = DIRECTION ( 'NONE',  ( 0.000000000000000000, 0.000000000000000000, 1.000000000000000000 ) ) ;
#4351 = CARTESIAN_POINT ( 'NONE',  ( 0.03749999999999999861, 0.3643779527559052878, -0.1875000000000001110 ) ) ;
#4352 = DIRECTION ( 'NONE',  ( -1.000000000000000000, 0.000000000000000000, 0.000000000000000000 ) ) ;
#4353 = CARTESIAN_POINT ( 'NONE',  ( 0.03749999999999999861, 0.2150000000000000244, -0.2125000000000001332 ) ) ;
#4354 =( NAMED_UNIT ( * ) SI_UNIT ( $, .STERADIAN. ) SOLID_ANGLE_UNIT ( ) );
#4355 = FACE_OUTER_BOUND ( 'NONE', #11993, .T. ) ;
#4356 = CIRCLE ( 'NONE', #8166, 0.007999999999999955064 ) ;
#4357 = EDGE_CURVE ( 'NONE', #7307, #3246, #5659, .T. ) ;
#4358 = CIRCLE ( 'NONE', #3724, 0.007999999999999989758 ) ;
#4359 = SURFACE_STYLE_USAGE ( .BOTH. , #10451 ) ;
#4360 = EDGE_CURVE ( 'NONE', #7668, #3380, #7799, .T. ) ;
#4361 = ORIENTED_EDGE ( 'NONE', *, *, #11650, .F. ) ;
#4362 = EDGE_LOOP ( 'NONE', ( #3523, #11083, #1243, #1509 ) ) ;
#4363 = AXIS2_PLACEMENT_3D ( 'NONE', #5088, #3899, #5022 ) ;
#4364 = ORIENTED_EDGE ( 'NONE', *, *, #11728, .T. ) ;
#4365 = CARTESIAN_POINT ( 'NONE',  ( 0.000000000000000000, 0.1499999999999999944, 0.000000000000000000 ) ) ;
#4366 = EDGE_CURVE ( 'NONE', #6948, #11633, #3810, .T. ) ;
#4367 = DIRECTION ( 'NONE',  ( -1.000000000000000000, -0.000000000000000000, -0.000000000000000000 ) ) ;
#4368 = ORIENTED_EDGE ( 'NONE', *, *, #1888, .T. ) ;
#4369 = DIRECTION ( 'NONE',  ( 0.000000000000000000, 0.000000000000000000, 1.000000000000000000 ) ) ;
#4370 = ADVANCED_FACE ( 'NONE', ( #1975 ), #3094, .F. ) ;
#4371 = ORIENTED_EDGE ( 'NONE', *, *, #5790, .F. ) ;
#4372 = DIRECTION ( 'NONE',  ( -0.000000000000000000, 1.000000000000000000, 0.000000000000000000 ) ) ;
#4373 = CARTESIAN_POINT ( 'NONE',  ( 0.03749999999999999861, 0.05799999999999996825, -0.01250000000000010651 ) ) ;
#4374 = CIRCLE ( 'NONE', #7766, 0.01250000000000008049 ) ;
#4375 = FILL_AREA_STYLE ('',( #285 ) ) ;
#4376 = EDGE_CURVE ( 'NONE', #6979, #4215, #10241, .T. ) ;
#4377 = DIRECTION ( 'NONE',  ( -0.000000000000000000, -1.000000000000000000, -0.000000000000000000 ) ) ;
#4378 =( GEOMETRIC_REPRESENTATION_CONTEXT ( 3 ) GLOBAL_UNCERTAINTY_ASSIGNED_CONTEXT ( ( #5275 ) ) GLOBAL_UNIT_ASSIGNED_CONTEXT ( ( #3394, #3768, #7878 ) ) REPRESENTATION_CONTEXT ( 'NONE', 'WORKASPACE' ) );
#4379 = VERTEX_POINT ( 'NONE', #7985 ) ;
#4380 = EDGE_LOOP ( 'NONE', ( #2605, #6210, #8275, #7496 ) ) ;
#4381 = LINE ( 'NONE', #5430, #5120 ) ;
#4382 = EDGE_CURVE ( 'NONE', #7544, #3289, #12215, .T. ) ;
#4383 = DIRECTION ( 'NONE',  ( -0.000000000000000000, -0.000000000000000000, -1.000000000000000000 ) ) ;
#4384 = LENGTH_MEASURE_WITH_UNIT ( LENGTH_MEASURE( 0.02539999999999999897 ), #9218 );
#4385 = VERTEX_POINT ( 'NONE', #6044 ) ;
#4386 = DIRECTION ( 'NONE',  ( 0.000000000000000000, 0.000000000000000000, 1.000000000000000000 ) ) ;
#4387 = CARTESIAN_POINT ( 'NONE',  ( 0.06250000000000001388, 0.3643779527559052878, -0.2125000000000001332 ) ) ;
#4388 = ORIENTED_EDGE ( 'NONE', *, *, #11571, .T. ) ;
#4389 = CARTESIAN_POINT ( 'NONE',  ( 0.03749999999999999861, 0.3643779527559052878, -0.2125000000000001332 ) ) ;
#4390 = CARTESIAN_POINT ( 'NONE',  ( -0.07500000000000005274, -8.110173731190781122E-17, 0.1874999999999999167 ) ) ;
#4391 = PRESENTATION_LAYER_ASSIGNMENT (  '', '', ( #1855 ) ) ;
#4392 = DIRECTION ( 'NONE',  ( 0.000000000000000000, 1.000000000000000000, 0.000000000000000000 ) ) ;
#4393 = ORIENTED_EDGE ( 'NONE', *, *, #2212, .T. ) ;
#4394 = DIRECTION ( 'NONE',  ( 0.000000000000000000, 0.000000000000000000, 1.000000000000000000 ) ) ;
#4395 = FACE_OUTER_BOUND ( 'NONE', #10217, .T. ) ;
#4396 = AXIS2_PLACEMENT_3D ( 'NONE', #9079, #8082, #9010 ) ;
#4397 = STYLED_ITEM ( 'NONE', ( #13029 ), #2366 ) ;
#4398 = VECTOR ( 'NONE', #10215, 39.37007874015748143 ) ;
#4399 = LENGTH_MEASURE_WITH_UNIT ( LENGTH_MEASURE( 0.02539999999999999897 ), #1290 );
#4400 = CARTESIAN_POINT ( 'NONE',  ( 0.06250000000000001388, 0.2150000000000000244, -0.01250000000000010651 ) ) ;
#4401 = VERTEX_POINT ( 'NONE', #1039 ) ;
#4402 = DIRECTION ( 'NONE',  ( 0.000000000000000000, 0.000000000000000000, 1.000000000000000000 ) ) ;
#4403 = ORIENTED_EDGE ( 'NONE', *, *, #6877, .F. ) ;
#4404 = DIRECTION ( 'NONE',  ( -0.000000000000000000, 0.000000000000000000, -1.000000000000000000 ) ) ;
#4405 = DIRECTION ( 'NONE',  ( -3.045457963692998352E-16, -1.000000000000000000, 0.000000000000000000 ) ) ;
#4406 = VECTOR ( 'NONE', #2559, 39.37007874015748143 ) ;
#4407 = DIRECTION ( 'NONE',  ( 0.000000000000000000, 0.000000000000000000, -1.000000000000000000 ) ) ;
#4408 = VERTEX_POINT ( 'NONE', #3027 ) ;
#4409 = FACE_OUTER_BOUND ( 'NONE', #4988, .T. ) ;
#4410 = AXIS2_PLACEMENT_3D ( 'NONE', #11117, #2083, #10147 ) ;
#4411 = DIRECTION ( 'NONE',  ( 0.000000000000000000, -0.000000000000000000, 1.000000000000000000 ) ) ;
#4412 =( NAMED_UNIT ( * ) SI_UNIT ( $, .STERADIAN. ) SOLID_ANGLE_UNIT ( ) );
#4413 = AXIS2_PLACEMENT_3D ( 'NONE', #9816, #9881, #8820 ) ;
#4414 = AXIS2_PLACEMENT_3D ( 'NONE', #5466, #6388, #10252 ) ;
#4415 = CARTESIAN_POINT ( 'NONE',  ( -0.07500000000000005274, 0.02500000000000001180, -0.2125000000000001332 ) ) ;
#4416 = ORIENTED_EDGE ( 'NONE', *, *, #9790, .T. ) ;
#4417 = ORIENTED_EDGE ( 'NONE', *, *, #8959, .F. ) ;
#4418 = CARTESIAN_POINT ( 'NONE',  ( -0.06250000000000001388, 0.2150000000000000244, -0.08750000000000010547 ) ) ;
#4419 = CARTESIAN_POINT ( 'NONE',  ( 0.07000000000000017319, 0.05799999999999997519, 0.1529999999999999138 ) ) ;
#4420 = CARTESIAN_POINT ( 'NONE',  ( -0.06999999999999999278, 0.1726274169979694906, -0.1620000000000002549 ) ) ;
#4421 = PRESENTATION_STYLE_ASSIGNMENT (( #9392 ) ) ;
#4422 = EDGE_CURVE ( 'NONE', #830, #6837, #11144, .T. ) ;
#4423 = DIRECTION ( 'NONE',  ( 0.000000000000000000, 0.000000000000000000, -1.000000000000000000 ) ) ;
#4424 = LINE ( 'NONE', #12491, #7262 ) ;
#4425 = CARTESIAN_POINT ( 'NONE',  ( -0.06999999999999999278, 0.04999999999999998196, -0.03800000000000025580 ) ) ;
#4426 = VECTOR ( 'NONE', #10221, 39.37007874015748854 ) ;
#4427 = CARTESIAN_POINT ( 'NONE',  ( -0.06999999999999999278, 0.02737258300203046849, 0.1699999999999997624 ) ) ;
#4428 = ORIENTED_EDGE ( 'NONE', *, *, #10599, .T. ) ;
#4429 = ORIENTED_EDGE ( 'NONE', *, *, #5423, .F. ) ;
#4430 = DIRECTION ( 'NONE',  ( -0.000000000000000000, 1.000000000000000000, -0.000000000000000000 ) ) ;
#4432 = EDGE_CURVE ( 'NONE', #6816, #11770, #8182, .T. ) ;
#4431 = ORIENTED_EDGE ( 'NONE', *, *, #1388, .F. ) ;
#4433 = PRESENTATION_LAYER_ASSIGNMENT (  '', '', ( #7395 ) ) ;
#4434 = FILL_AREA_STYLE ('',( #3443 ) ) ;
#4435 = DIMENSIONAL_EXPONENTS ( 1.000000000000000000, 0.000000000000000000, 0.000000000000000000, 0.000000000000000000, 0.000000000000000000, 0.000000000000000000, 0.000000000000000000 ) ;
#4436 = EDGE_CURVE ( 'NONE', #9449, #476, #4374, .T. ) ;
#4437 = DIRECTION ( 'NONE',  ( 2.435670465107224942E-16, -1.000000000000000000, 0.000000000000000000 ) ) ;
#4438 = EDGE_LOOP ( 'NONE', ( #9525, #10038 ) ) ;
#4439 = CARTESIAN_POINT ( 'NONE',  ( 0.07000000000000017319, 0.1419999999999999873, -0.1470000000000001028 ) ) ;
#4440 = UNCERTAINTY_MEASURE_WITH_UNIT (LENGTH_MEASURE( 1.000000000000000082E-05 ), #4114, 'distance_accuracy_value', 'NONE');
#4441 = ORIENTED_EDGE ( 'NONE', *, *, #9964, .T. ) ;
#4442 = DIRECTION ( 'NONE',  ( 1.000000000000000000, -6.097874985857736561E-17, 0.000000000000000000 ) ) ;
#4443 = CARTESIAN_POINT ( 'NONE',  ( -0.07500000000000005274, 0.000000000000000000, -0.2125000000000001332 ) ) ;
#4444 =( NAMED_UNIT ( * ) PLANE_ANGLE_UNIT ( ) SI_UNIT ( $, .RADIAN. ) );
#4445 = CARTESIAN_POINT ( 'NONE',  ( -0.06250000000000005551, 0.03750000000000001249, 0.2124999999999999112 ) ) ;
#4446 = ADVANCED_FACE ( 'NONE', ( #4202 ), #4058, .F. ) ;
#4447 = EDGE_LOOP ( 'NONE', ( #5610, #9225, #2282, #3474 ) ) ;
#4448 = EDGE_CURVE ( 'NONE', #8375, #12741, #12282, .T. ) ;
#4449 = EDGE_LOOP ( 'NONE', ( #1531, #9366, #4169, #8862 ) ) ;
#4450 = CARTESIAN_POINT ( 'NONE',  ( 0.06250000000000001388, 0.05799999999999996825, -0.08750000000000010547 ) ) ;
#4451 = DIRECTION ( 'NONE',  ( -0.3420201433256656598, 0.9396926207859095381, 0.000000000000000000 ) ) ;
#4452 = DIRECTION ( 'NONE',  ( 0.000000000000000000, -1.000000000000000000, 0.000000000000000000 ) ) ;
#4453 = VERTEX_POINT ( 'NONE', #3161 ) ;
#4454 = DIRECTION ( 'NONE',  ( -1.000000000000000000, 0.000000000000000000, 0.000000000000000000 ) ) ;
#4455 = ADVANCED_FACE ( 'NONE', ( #3223 ), #9971, .F. ) ;
#4456 = PLANE ( 'NONE',  #9441 ) ;
#4457 = VERTEX_POINT ( 'NONE', #8974 ) ;
#4458 =( NAMED_UNIT ( * ) PLANE_ANGLE_UNIT ( ) SI_UNIT ( $, .RADIAN. ) );
#4459 = CARTESIAN_POINT ( 'NONE',  ( 0.1449999999999999623, 0.008597722069280350904, 0.1000000000000000056 ) ) ;
#4460 = CARTESIAN_POINT ( 'NONE',  ( 0.000000000000000000, 0.2150000000000000244, 0.4000000000000000222 ) ) ;
#4461 = ORIENTED_EDGE ( 'NONE', *, *, #2825, .T. ) ;
#4462 =( NAMED_UNIT ( * ) PLANE_ANGLE_UNIT ( ) SI_UNIT ( $, .RADIAN. ) );
#4463 = LINE ( 'NONE', #1350, #745 ) ;
#4464 = FACE_OUTER_BOUND ( 'NONE', #7408, .T. ) ;
#4465 = ADVANCED_FACE ( 'NONE', ( #11012 ), #1909, .T. ) ;
#4466 = EDGE_CURVE ( 'NONE', #4939, #2447, #911, .T. ) ;
#4467 = DIMENSIONAL_EXPONENTS ( 1.000000000000000000, 0.000000000000000000, 0.000000000000000000, 0.000000000000000000, 0.000000000000000000, 0.000000000000000000, 0.000000000000000000 ) ;
#4468 = SURFACE_STYLE_USAGE ( .BOTH. , #11465 ) ;
#4469 = ORIENTED_EDGE ( 'NONE', *, *, #3702, .T. ) ;
#4470 = SURFACE_STYLE_USAGE ( .BOTH. , #6313 ) ;
#4471 = LINE ( 'NONE', #5700, #7157 ) ;
#4472 = ORIENTED_EDGE ( 'NONE', *, *, #12543, .F. ) ;
#4473 = FILL_AREA_STYLE ('',( #447 ) ) ;
#4474 = DIRECTION ( 'NONE',  ( 6.829619984160656074E-16, 0.000000000000000000, 1.000000000000000000 ) ) ;
#4475 = DIRECTION ( 'NONE',  ( 0.000000000000000000, 0.000000000000000000, -1.000000000000000000 ) ) ;
#4476 = ORIENTED_EDGE ( 'NONE', *, *, #5080, .F. ) ;
#4477 = DIRECTION ( 'NONE',  ( -0.000000000000000000, 1.000000000000000000, -0.000000000000000000 ) ) ;
#4478 = DIRECTION ( 'NONE',  ( 0.000000000000000000, 0.000000000000000000, 1.000000000000000000 ) ) ;
#4479 = CARTESIAN_POINT ( 'NONE',  ( 0.03749999999999999861, 0.2150000000000000244, 0.2124999999999999112 ) ) ;
#4480 = VECTOR ( 'NONE', #6101, 39.37007874015748854 ) ;
#4481 = SURFACE_STYLE_USAGE ( .BOTH. , #12549 ) ;
#4482 = EDGE_LOOP ( 'NONE', ( #239, #3632, #9312, #11598 ) ) ;
#4483 = VERTEX_POINT ( 'NONE', #2110 ) ;
#4484 = STYLED_ITEM ( 'NONE', ( #4347 ), #6134 ) ;
#4485 = CYLINDRICAL_SURFACE ( 'NONE', #2208, 0.007999999999999989758 ) ;
#4486 = CARTESIAN_POINT ( 'NONE',  ( -0.07000000000000017319, 0.1419999999999999873, 0.04700000000000003481 ) ) ;
#4487 = CARTESIAN_POINT ( 'NONE',  ( 0.06250000000000001388, 0.2150000000000000244, -0.1875000000000001110 ) ) ;
#4488 = DIRECTION ( 'NONE',  ( 0.3420201433256656598, 0.9396926207859095381, 0.000000000000000000 ) ) ;
#4489 = DIRECTION ( 'NONE',  ( 1.000000000000000000, -6.097874985857736561E-17, 0.000000000000000000 ) ) ;
#4490 = CARTESIAN_POINT ( 'NONE',  ( 0.03749999999999999861, 0.05799999999999996825, -0.2125000000000001332 ) ) ;
#4491 = CIRCLE ( 'NONE', #12303, 0.01250000000000008049 ) ;
#4492 =( LENGTH_UNIT ( ) NAMED_UNIT ( * ) SI_UNIT ( $, .METRE. ) );
#4493 = MECHANICAL_DESIGN_GEOMETRIC_PRESENTATION_REPRESENTATION (  '', ( #9771 ), #3845 ) ;
#4494 = ORIENTED_EDGE ( 'NONE', *, *, #12028, .T. ) ;
#4495 = ORIENTED_EDGE ( 'NONE', *, *, #10919, .T. ) ;
#4496 = CARTESIAN_POINT ( 'NONE',  ( -0.09499999999999998723, 0.6848831648126535443, 0.2430053851276750276 ) ) ;
#4497 = VERTEX_POINT ( 'NONE', #12149 ) ;
#4498 = VECTOR ( 'NONE', #3106, 39.37007874015748143 ) ;
#4499 = DIRECTION ( 'NONE',  ( 0.000000000000000000, 0.000000000000000000, -1.000000000000000000 ) ) ;
#4500 = LINE ( 'NONE', #3508, #11909 ) ;
#4501 = VECTOR ( 'NONE', #9258, 39.37007874015748143 ) ;
#4502 = ORIENTED_EDGE ( 'NONE', *, *, #6520, .T. ) ;
#4503 = LINE ( 'NONE', #8541, #13050 ) ;
#4504 = EDGE_LOOP ( 'NONE', ( #3218, #7371, #8177, #9738 ) ) ;
#4505 = VECTOR ( 'NONE', #2678, 39.37007874015748143 ) ;
#4506 = CARTESIAN_POINT ( 'NONE',  ( 0.06250000000000001388, 0.2150000000000000244, 0.2124999999999999112 ) ) ;
#4507 = LINE ( 'NONE', #419, #1661 ) ;
#4508 = VECTOR ( 'NONE', #6937, 39.37007874015748143 ) ;
#4509 = ADVANCED_FACE ( 'NONE', ( #9042 ), #8050, .T. ) ;
#4510 = VECTOR ( 'NONE', #3450, 39.37007874015748143 ) ;
#4511 = COLOUR_RGB ( '',1.000000000000000000, 0.8117647058823529438, 0.5019607843137254832 ) ;
#4512 = ORIENTED_EDGE ( 'NONE', *, *, #2705, .F. ) ;
#4513 = ORIENTED_EDGE ( 'NONE', *, *, #408, .F. ) ;
#4514 = ORIENTED_EDGE ( 'NONE', *, *, #7604, .T. ) ;
#4515 = SURFACE_STYLE_FILL_AREA ( #10598 ) ;
#4516 = DIRECTION ( 'NONE',  ( 0.000000000000000000, 0.000000000000000000, 1.000000000000000000 ) ) ;
#4517 = ORIENTED_EDGE ( 'NONE', *, *, #647, .F. ) ;
#4518 = CARTESIAN_POINT ( 'NONE',  ( -0.1213779527559052385, -2.828069580055263137E-18, 0.2124999999999999112 ) ) ;
#4519 = ORIENTED_EDGE ( 'NONE', *, *, #11580, .F. ) ;
#4520 = CARTESIAN_POINT ( 'NONE',  ( 0.06250000000000001388, 0.1419999999999999873, -0.1125000000000001138 ) ) ;
#4521 =( LENGTH_UNIT ( ) NAMED_UNIT ( * ) SI_UNIT ( $, .METRE. ) );
#4522 = ORIENTED_EDGE ( 'NONE', *, *, #320, .T. ) ;
#4523 = DIRECTION ( 'NONE',  ( -0.3236155771181825069, -0.8891264907159898145, -0.3236155771181825069 ) ) ;
#4524 = CIRCLE ( 'NONE', #5575, 0.01250000000000008049 ) ;
#4525 = CARTESIAN_POINT ( 'NONE',  ( 0.06250000000000001388, 0.3643779527559052878, 0.2124999999999999112 ) ) ;
#4526 = EDGE_CURVE ( 'NONE', #8938, #10178, #8111, .T. ) ;
#4527 = EDGE_CURVE ( 'NONE', #7129, #3246, #1096, .T. ) ;
#4528 = ADVANCED_FACE ( 'NONE', ( #9170 ), #4130, .T. ) ;
#4529 = CARTESIAN_POINT ( 'NONE',  ( -0.1213779527559052385, 0.02500000000000001180, 0.2124999999999999112 ) ) ;
#4530 = AXIS2_PLACEMENT_3D ( 'NONE', #7586, #8576, #9510 ) ;
#4531 = ORIENTED_EDGE ( 'NONE', *, *, #11974, .T. ) ;
#4532 =( NAMED_UNIT ( * ) PLANE_ANGLE_UNIT ( ) SI_UNIT ( $, .RADIAN. ) );
#4533 = ORIENTED_EDGE ( 'NONE', *, *, #7086, .F. ) ;
#4534 = PLANE ( 'NONE',  #3061 ) ;
#4536 = DIRECTION ( 'NONE',  ( -0.000000000000000000, 1.000000000000000000, -0.000000000000000000 ) ) ;
#4535 = CIRCLE ( 'NONE', #11926, 0.007999999999999972411 ) ;
#4537 = CARTESIAN_POINT ( 'NONE',  ( -0.03749999999999999861, 0.3643779527559052878, 0.2124999999999999112 ) ) ;
#4538 = EDGE_CURVE ( 'NONE', #3539, #5645, #3542, .T. ) ;
#4539 = VECTOR ( 'NONE', #12924, 39.37007874015748143 ) ;
#4540 = EDGE_CURVE ( 'NONE', #892, #8784, #5269, .T. ) ;
#4541 = CYLINDRICAL_SURFACE ( 'NONE', #10054, 0.007999999999999998432 ) ;
#4542 = ORIENTED_EDGE ( 'NONE', *, *, #7776, .T. ) ;
#4543 = CARTESIAN_POINT ( 'NONE',  ( -0.07000000000000017319, 0.05799999999999996825, -0.1470000000000001028 ) ) ;
#4544 = EDGE_CURVE ( 'NONE', #5741, #7722, #2252, .T. ) ;
#4545 = PLANE ( 'NONE',  #6381 ) ;
#4546 = SURFACE_SIDE_STYLE ('',( #5522 ) ) ;
#4547 = EDGE_CURVE ( 'NONE', #12252, #749, #7390, .T. ) ;
#4548 = MECHANICAL_DESIGN_GEOMETRIC_PRESENTATION_REPRESENTATION (  '', ( #2249 ), #6003 ) ;
#4549 = LINE ( 'NONE', #12613, #7217 ) ;
#4550 = ORIENTED_EDGE ( 'NONE', *, *, #11221, .F. ) ;
#4551 = ORIENTED_EDGE ( 'NONE', *, *, #5635, .T. ) ;
#4552 = LENGTH_MEASURE_WITH_UNIT ( LENGTH_MEASURE( 0.02539999999999999897 ), #5465 );
#4553 = ADVANCED_FACE ( 'NONE', ( #11346 ), #7319, .F. ) ;
#4554 = CARTESIAN_POINT ( 'NONE',  ( 0.03749999999999999861, 0.05799999999999996825, 0.1124999999999998779 ) ) ;
#4555 = DIMENSIONAL_EXPONENTS ( 1.000000000000000000, 0.000000000000000000, 0.000000000000000000, 0.000000000000000000, 0.000000000000000000, 0.000000000000000000, 0.000000000000000000 ) ;
#4556 = CARTESIAN_POINT ( 'NONE',  ( -0.07500000000000005274, 0.02500000000000001180, 0.01249999999999990008 ) ) ;
#4557 = PLANE ( 'NONE',  #12750 ) ;
#4558 = CYLINDRICAL_SURFACE ( 'NONE', #7569, 0.007999999999999972411 ) ;
#4559 = AXIS2_PLACEMENT_3D ( 'NONE', #10560, #2439, #6256 ) ;
#4560 = CARTESIAN_POINT ( 'NONE',  ( 0.07500000000000005274, -8.110173731190781122E-17, 0.01249999999999990008 ) ) ;
#4561 = PRESENTATION_STYLE_ASSIGNMENT (( #9591 ) ) ;
#4562 = EDGE_LOOP ( 'NONE', ( #3801, #9515, #10017, #6213 ) ) ;
#4563 = ORIENTED_EDGE ( 'NONE', *, *, #7003, .T. ) ;
#4564 = ORIENTED_EDGE ( 'NONE', *, *, #4010, .T. ) ;
#4565 = COLOUR_RGB ( '',1.000000000000000000, 0.8117647058823529438, 0.5019607843137254832 ) ;
#4566 = PLANE ( 'NONE',  #10016 ) ;
#4567 = EDGE_LOOP ( 'NONE', ( #1469, #8034, #2942, #11060 ) ) ;
#4568 = CARTESIAN_POINT ( 'NONE',  ( 0.2036698591370891265, 0.02995180444377151113, 0.2174518044437714626 ) ) ;
#4569 = UNCERTAINTY_MEASURE_WITH_UNIT (LENGTH_MEASURE( 1.000000000000000082E-05 ), #6570, 'distance_accuracy_value', 'NONE');
#4570 = ORIENTED_EDGE ( 'NONE', *, *, #9920, .T. ) ;
#4571 = LINE ( 'NONE', #2470, #3747 ) ;
#4572 = AXIS2_PLACEMENT_3D ( 'NONE', #8381, #249, #11280 ) ;
#4573 = PLANE ( 'NONE',  #11163 ) ;
#4574 = VECTOR ( 'NONE', #3645, 39.37007874015748143 ) ;
#4575 = VERTEX_POINT ( 'NONE', #1294 ) ;
#4576 = VECTOR ( 'NONE', #9753, 39.37007874015748854 ) ;
#4577 = ORIENTED_EDGE ( 'NONE', *, *, #2212, .F. ) ;
#4578 = DIRECTION ( 'NONE',  ( -0.000000000000000000, 1.000000000000000000, 0.000000000000000000 ) ) ;
#4579 = FACE_OUTER_BOUND ( 'NONE', #5569, .T. ) ;
#4580 = ORIENTED_EDGE ( 'NONE', *, *, #11691, .T. ) ;
#4581 = CARTESIAN_POINT ( 'NONE',  ( 0.07500000000000003886, 0.03750000000000000555, -0.08750000000000010547 ) ) ;
#4582 = EDGE_LOOP ( 'NONE', ( #923, #5627, #3781, #6597 ) ) ;
#4583 = CARTESIAN_POINT ( 'NONE',  ( 0.09499999999999998723, 0.1419999999999999873, 0.06400000000000001521 ) ) ;
#4584 = CARTESIAN_POINT ( 'NONE',  ( -0.03749999999999999861, 0.2150000000000000244, 0.2124999999999999112 ) ) ;
#4585 = MECHANICAL_DESIGN_GEOMETRIC_PRESENTATION_REPRESENTATION (  '', ( #9248 ), #10936 ) ;
#4586 = ADVANCED_FACE ( 'NONE', ( #5386 ), #12601, .T. ) ;
#4587 = ORIENTED_EDGE ( 'NONE', *, *, #9309, .F. ) ;
#4588 = LINE ( 'NONE', #10673, #4406 ) ;
#4589 = AXIS2_PLACEMENT_3D ( 'NONE', #2599, #5738, #9800 ) ;
#4590 =( LENGTH_UNIT ( ) NAMED_UNIT ( * ) SI_UNIT ( $, .METRE. ) );
#4591 = STYLED_ITEM ( 'NONE', ( #4263 ), #4553 ) ;
#4592 = DIRECTION ( 'NONE',  ( 0.3236155771181825069, -0.8891264907159898145, -0.3236155771181825069 ) ) ;
#4593 = ORIENTED_EDGE ( 'NONE', *, *, #1116, .F. ) ;
#4594 = LINE ( 'NONE', #11607, #6252 ) ;
#4595 = VERTEX_POINT ( 'NONE', #1359 ) ;
#4596 = MECHANICAL_DESIGN_GEOMETRIC_PRESENTATION_REPRESENTATION (  '', ( #1855 ), #1012 ) ;
#4597 = ADVANCED_FACE ( 'NONE', ( #10370 ), #4534, .F. ) ;
#4598 = PLANE ( 'NONE',  #5363 ) ;
#4599 = DIRECTION ( 'NONE',  ( 0.000000000000000000, -1.000000000000000000, 0.000000000000000000 ) ) ;
#4600 = CARTESIAN_POINT ( 'NONE',  ( -0.07500000000000005274, 0.02500000000000001180, 0.2124999999999999112 ) ) ;
#4601 = VECTOR ( 'NONE', #4960, 39.37007874015748143 ) ;
#4602 = EDGE_CURVE ( 'NONE', #175, #4401, #11279, .T. ) ;
#4603 = PLANE ( 'NONE',  #4330 ) ;
#4604 = ORIENTED_EDGE ( 'NONE', *, *, #8886, .T. ) ;
#4605 = VECTOR ( 'NONE', #8204, 39.37007874015748143 ) ;
#4606 = CARTESIAN_POINT ( 'NONE',  ( -0.03749999999999980432, 0.1419999999999999873, -0.01250000000000010651 ) ) ;
#4607 = CARTESIAN_POINT ( 'NONE',  ( -0.02867962466487991580, 0.05799999999999997519, -0.06518096514745329306 ) ) ;
#4608 = DIRECTION ( 'NONE',  ( -0.000000000000000000, 0.000000000000000000, -1.000000000000000000 ) ) ;
#4609 = PRESENTATION_LAYER_ASSIGNMENT (  '', '', ( #2509 ) ) ;
#4610 =( GEOMETRIC_REPRESENTATION_CONTEXT ( 3 ) GLOBAL_UNCERTAINTY_ASSIGNED_CONTEXT ( ( #10530 ) ) GLOBAL_UNIT_ASSIGNED_CONTEXT ( ( #5743, #11604, #1869 ) ) REPRESENTATION_CONTEXT ( 'NONE', 'WORKASPACE' ) );
#4611 = ORIENTED_EDGE ( 'NONE', *, *, #9964, .F. ) ;
#4612 = SURFACE_STYLE_FILL_AREA ( #853 ) ;
#4613 = EDGE_CURVE ( 'NONE', #7754, #3674, #6253, .T. ) ;
#4614 = DIRECTION ( 'NONE',  ( 0.9063077870366512689, -0.000000000000000000, -0.4226182617406968323 ) ) ;
#4615 = PLANE ( 'NONE',  #7117 ) ;
#4616 = DIRECTION ( 'NONE',  ( 1.000000000000000000, -2.435670465107224942E-16, -0.000000000000000000 ) ) ;
#4617 = VECTOR ( 'NONE', #3733, 39.37007874015748143 ) ;
#4618 = FACE_OUTER_BOUND ( 'NONE', #5771, .T. ) ;
#4619 = ADVANCED_FACE ( 'NONE', ( #6442 ), #10305, .F. ) ;
#4620 = CARTESIAN_POINT ( 'NONE',  ( 0.03749999999999999861, 0.3880000000000000115, -0.2125000000000001332 ) ) ;
#4621 = VECTOR ( 'NONE', #9774, 39.37007874015748143 ) ;
#4622 = PLANE ( 'NONE',  #2506 ) ;
#4623 = PRESENTATION_LAYER_ASSIGNMENT (  '', '', ( #7804 ) ) ;
#4624 = EDGE_CURVE ( 'NONE', #730, #10519, #11810, .T. ) ;
#4625 = VECTOR ( 'NONE', #7972, 39.37007874015748143 ) ;
#4626 = VERTEX_POINT ( 'NONE', #11671 ) ;
#4627 = VERTEX_POINT ( 'NONE', #1622 ) ;
#4628 = LINE ( 'NONE', #12692, #2626 ) ;
#4629 = ORIENTED_EDGE ( 'NONE', *, *, #6799, .T. ) ;
#4630 = DIRECTION ( 'NONE',  ( -0.000000000000000000, -1.000000000000000000, -0.000000000000000000 ) ) ;
#4631 = SURFACE_STYLE_FILL_AREA ( #3580 ) ;
#4632 = EDGE_LOOP ( 'NONE', ( #12398, #9002, #5291, #1455 ) ) ;
#4633 = DIRECTION ( 'NONE',  ( -1.000000000000000000, 6.097874985857737794E-17, 0.000000000000000000 ) ) ;
#4634 = ORIENTED_EDGE ( 'NONE', *, *, #5788, .F. ) ;
#4635 = CARTESIAN_POINT ( 'NONE',  ( 0.03749999999999995698, 0.03750000000000001249, 0.01249999999999990008 ) ) ;
#4636 =( CONVERSION_BASED_UNIT ( 'INCH', #743 ) LENGTH_UNIT ( ) NAMED_UNIT ( #11643 ) );
#4637 = FACE_OUTER_BOUND ( 'NONE', #6312, .T. ) ;
#4638 = AXIS2_PLACEMENT_3D ( 'NONE', #8076, #1875, #8021 ) ;
#4639 = EDGE_LOOP ( 'NONE', ( #9303, #9480, #11659, #3706 ) ) ;
#4640 = ORIENTED_EDGE ( 'NONE', *, *, #11739, .F. ) ;
#4641 = DIRECTION ( 'NONE',  ( 0.3236155771181825069, -0.8891264907159898145, -0.3236155771181825069 ) ) ;
#4642 = VECTOR ( 'NONE', #4025, 39.37007874015748143 ) ;
#4643 = EDGE_LOOP ( 'NONE', ( #2401, #2662, #3918, #10414 ) ) ;
#4644 = LINE ( 'NONE', #9745, #3893 ) ;
#4645 = ORIENTED_EDGE ( 'NONE', *, *, #5251, .T. ) ;
#4646 = FACE_OUTER_BOUND ( 'NONE', #10941, .T. ) ;
#4647 = CARTESIAN_POINT ( 'NONE',  ( -0.1449999999999999623, 0.008597722069280349169, -0.2039022779307197442 ) ) ;
#4648 = EDGE_LOOP ( 'NONE', ( #6756, #6547, #6454, #11104 ) ) ;
#4649 = DIRECTION ( 'NONE',  ( 0.000000000000000000, 1.000000000000000000, 0.000000000000000000 ) ) ;
#4650 = PLANE ( 'NONE',  #4320 ) ;
#4651 = FACE_OUTER_BOUND ( 'NONE', #4849, .T. ) ;
#4652 = EDGE_CURVE ( 'NONE', #5108, #6194, #2645, .T. ) ;
#4653 = FILL_AREA_STYLE_COLOUR ( '', #1314 ) ;
#4654 = EDGE_LOOP ( 'NONE', ( #3127, #11011, #9918, #4952 ) ) ;
#4655 = DIRECTION ( 'NONE',  ( 1.000000000000000000, 0.000000000000000000, 0.000000000000000000 ) ) ;
#4656 = LINE ( 'NONE', #10745, #4201 ) ;
#4657 = ORIENTED_EDGE ( 'NONE', *, *, #8423, .T. ) ;
#4658 = CYLINDRICAL_SURFACE ( 'NONE', #624, 0.007999999999999989758 ) ;
#4659 = FACE_OUTER_BOUND ( 'NONE', #6125, .T. ) ;
#4660 = FACE_OUTER_BOUND ( 'NONE', #2533, .T. ) ;
#4661 = DIRECTION ( 'NONE',  ( 0.000000000000000000, 1.000000000000000000, 0.000000000000000000 ) ) ;
#4662 = ORIENTED_EDGE ( 'NONE', *, *, #1239, .F. ) ;
#4663 = CARTESIAN_POINT ( 'NONE',  ( 0.07500000000000003886, 0.03750000000000000555, -0.2000000000000000389 ) ) ;
#4664 = CARTESIAN_POINT ( 'NONE',  ( -0.06250000000000001388, 0.2150000000000000244, -0.2125000000000001332 ) ) ;
#4665 = ADVANCED_FACE ( 'NONE', ( #7644 ), #4794, .T. ) ;
#4666 = PRESENTATION_STYLE_ASSIGNMENT (( #9767 ) ) ;
#4667 = VERTEX_POINT ( 'NONE', #11748 ) ;
#4668 = FACE_OUTER_BOUND ( 'NONE', #11701, .T. ) ;
#4669 = ADVANCED_FACE ( 'NONE', ( #7579 ), #3731, .F. ) ;
#4670 = DIRECTION ( 'NONE',  ( 0.000000000000000000, -1.000000000000000000, 0.000000000000000000 ) ) ;
#4671 = CARTESIAN_POINT ( 'NONE',  ( 0.03749999999999999861, 0.2150000000000000244, 0.01249999999999990008 ) ) ;
#4672 = DIRECTION ( 'NONE',  ( 1.000000000000000000, 0.000000000000000000, 0.000000000000000000 ) ) ;
#4673 = DIRECTION ( 'NONE',  ( 1.000000000000000000, 0.000000000000000000, 0.000000000000000000 ) ) ;
#4674 = ADVANCED_FACE ( 'NONE', ( #2815 ), #3604, .T. ) ;
#4675 = CARTESIAN_POINT ( 'NONE',  ( 0.03749999999999999861, 0.3643779527559052878, 0.08749999999999988343 ) ) ;
#4676 = ADVANCED_FACE ( 'NONE', ( #641 ), #573, .F. ) ;
#4677 = STYLED_ITEM ( 'NONE', ( #4666 ), #6179 ) ;
#4678 = EDGE_CURVE ( 'NONE', #2001, #2290, #8759, .T. ) ;
#4680 = ORIENTED_EDGE ( 'NONE', *, *, #2532, .F. ) ;
#4679 = EDGE_CURVE ( 'NONE', #6762, #9893, #9827, .T. ) ;
#4681 = ORIENTED_EDGE ( 'NONE', *, *, #4695, .T. ) ;
#4682 = EDGE_CURVE ( 'NONE', #5762, #3211, #4856, .T. ) ;
#4683 = ORIENTED_EDGE ( 'NONE', *, *, #1688, .F. ) ;
#4684 = PLANE ( 'NONE',  #11032 ) ;
#4685 = CARTESIAN_POINT ( 'NONE',  ( 0.07000000000000002054, 0.05799999999999997519, 0.2299999999999997879 ) ) ;
#4686 = DIRECTION ( 'NONE',  ( -0.3236155771181825069, 0.8891264907159898145, -0.3236155771181825069 ) ) ;
#4688 = ORIENTED_EDGE ( 'NONE', *, *, #10290, .T. ) ;
#4687 = ADVANCED_FACE ( 'NONE', ( #9631 ), #4598, .T. ) ;
#4689 = DIRECTION ( 'NONE',  ( -0.000000000000000000, 1.000000000000000000, -0.000000000000000000 ) ) ;
#4690 = EDGE_CURVE ( 'NONE', #11411, #3715, #11998, .T. ) ;
#4691 = UNCERTAINTY_MEASURE_WITH_UNIT (LENGTH_MEASURE( 1.000000000000000082E-05 ), #12021, 'distance_accuracy_value', 'NONE');
#4692 = ORIENTED_EDGE ( 'NONE', *, *, #11111, .T. ) ;
#4693 = CARTESIAN_POINT ( 'NONE',  ( 0.1449999999999999623, 0.01640227793071964008, 0.09609772206928025862 ) ) ;
#4694 = VECTOR ( 'NONE', #8577, 39.37007874015748854 ) ;
#4695 = EDGE_CURVE ( 'NONE', #6164, #3995, #6967, .T. ) ;
#4696 = LENGTH_MEASURE_WITH_UNIT ( LENGTH_MEASURE( 0.02539999999999999897 ), #8671 );
#4697 = DIRECTION ( 'NONE',  ( -0.000000000000000000, 1.000000000000000000, -0.000000000000000000 ) ) ;
#4699 = ORIENTED_EDGE ( 'NONE', *, *, #1951, .F. ) ;
#4698 = EDGE_CURVE ( 'NONE', #6754, #486, #5959, .T. ) ;
#4700 = VERTEX_POINT ( 'NONE', #3851 ) ;
#4701 = AXIS2_PLACEMENT_3D ( 'NONE', #5686, #8427, #6554 ) ;
#4702 = VERTEX_POINT ( 'NONE', #12059 ) ;
#4703 = SURFACE_STYLE_FILL_AREA ( #4007 ) ;
#4704 = CIRCLE ( 'NONE', #12093, 0.007999999999999972411 ) ;
#4705 = CIRCLE ( 'NONE', #11463, 0.007999999999999989758 ) ;
#4706 =( NAMED_UNIT ( * ) SI_UNIT ( $, .STERADIAN. ) SOLID_ANGLE_UNIT ( ) );
#4707 = LENGTH_MEASURE_WITH_UNIT ( LENGTH_MEASURE( 0.02539999999999999897 ), #490 );
#4708 = CARTESIAN_POINT ( 'NONE',  ( -0.03749999999999999861, 0.3880000000000000115, -0.01250000000000010651 ) ) ;
#4709 = CARTESIAN_POINT ( 'NONE',  ( -0.06999999999999999278, 0.1499999999999999944, 0.2299999999999997879 ) ) ;
#4710 = ORIENTED_EDGE ( 'NONE', *, *, #1296, .T. ) ;
#4711 = DIRECTION ( 'NONE',  ( 7.854062981784755126E-15, -0.000000000000000000, -1.000000000000000000 ) ) ;
#4712 = SHAPE_DEFINITION_REPRESENTATION ( #2150, #10061 ) ;
#4713 = VERTEX_POINT ( 'NONE', #4974 ) ;
#4714 = CARTESIAN_POINT ( 'NONE',  ( -0.07500000000000002498, 0.000000000000000000, -0.01250000000000010651 ) ) ;
#4715 = DIRECTION ( 'NONE',  ( 0.000000000000000000, -0.000000000000000000, 1.000000000000000000 ) ) ;
#4716 = CIRCLE ( 'NONE', #507, 0.03750000000000008882 ) ;
#4717 = FILL_AREA_STYLE ('',( #833 ) ) ;
#4718 =( GEOMETRIC_REPRESENTATION_CONTEXT ( 3 ) GLOBAL_UNCERTAINTY_ASSIGNED_CONTEXT ( ( #11709 ) ) GLOBAL_UNIT_ASSIGNED_CONTEXT ( ( #10993, #157, #7013 ) ) REPRESENTATION_CONTEXT ( 'NONE', 'WORKASPACE' ) );
#4719 = CIRCLE ( 'NONE', #3036, 0.007999999999999989758 ) ;
#4720 = AXIS2_PLACEMENT_3D ( 'NONE', #3323, #7478, #10460 ) ;
#4721 = DIMENSIONAL_EXPONENTS ( 1.000000000000000000, 0.000000000000000000, 0.000000000000000000, 0.000000000000000000, 0.000000000000000000, 0.000000000000000000, 0.000000000000000000 ) ;
#4722 = SURFACE_STYLE_FILL_AREA ( #7711 ) ;
#4723 = VERTEX_POINT ( 'NONE', #9092 ) ;
#4724 = DIRECTION ( 'NONE',  ( -1.000000000000000000, 0.000000000000000000, 0.000000000000000000 ) ) ;
#4725 = VECTOR ( 'NONE', #8848, 39.37007874015748854 ) ;
#4726 = ORIENTED_EDGE ( 'NONE', *, *, #6147, .F. ) ;
#4727 = DIRECTION ( 'NONE',  ( 1.000000000000000000, 0.000000000000000000, -0.000000000000000000 ) ) ;
#4728 = STYLED_ITEM ( 'NONE', ( #4561 ), #8749 ) ;
#4729 = PLANE ( 'NONE',  #9276 ) ;
#4730 = CARTESIAN_POINT ( 'NONE',  ( 0.1213779527559052385, -2.828069580055263522E-18, 0.1124999999999998918 ) ) ;
#4731 = DIRECTION ( 'NONE',  ( 0.000000000000000000, 0.000000000000000000, -1.000000000000000000 ) ) ;
#4732 = CARTESIAN_POINT ( 'NONE',  ( -0.06250000000000001388, 0.2150000000000000244, 0.2124999999999999112 ) ) ;
#4733 = ORIENTED_EDGE ( 'NONE', *, *, #5161, .F. ) ;
#4734 = DIRECTION ( 'NONE',  ( 1.000000000000000000, 0.000000000000000000, -0.000000000000000000 ) ) ;
#4735 = AXIS2_PLACEMENT_3D ( 'NONE', #10573, #1505, #9586 ) ;
#4736 = CARTESIAN_POINT ( 'NONE',  ( -0.03749999999999980432, 0.05799999999999996825, -0.01250000000000010651 ) ) ;
#4737 = CARTESIAN_POINT ( 'NONE',  ( 0.09499999999999998723, 0.04999999999999998196, 0.1359999999999999265 ) ) ;
#4738 = VECTOR ( 'NONE', #379, 39.37007874015748143 ) ;
#4739 = ORIENTED_EDGE ( 'NONE', *, *, #6308, .F. ) ;
#4740 = DIRECTION ( 'NONE',  ( 0.000000000000000000, 0.000000000000000000, 1.000000000000000000 ) ) ;
#4742 = VECTOR ( 'NONE', #1956, 39.37007874015748854 ) ;
#4741 = DIRECTION ( 'NONE',  ( -0.9063077870366504918, -0.000000000000000000, 0.4226182617406984421 ) ) ;
#4743 = ORIENTED_EDGE ( 'NONE', *, *, #1149, .T. ) ;
#4744 = PLANE ( 'NONE',  #2284 ) ;
#4745 = FACE_OUTER_BOUND ( 'NONE', #6990, .T. ) ;
#4746 = LENGTH_MEASURE_WITH_UNIT ( LENGTH_MEASURE( 0.02539999999999999897 ), #6661 );
#4747 = FACE_OUTER_BOUND ( 'NONE', #6263, .T. ) ;
#4748 = PLANE ( 'NONE',  #11155 ) ;
#4749 = EDGE_CURVE ( 'NONE', #1081, #6248, #7164, .T. ) ;
#4750 = EDGE_CURVE ( 'NONE', #3789, #2673, #4535, .T. ) ;
#4751 = FACE_OUTER_BOUND ( 'NONE', #3324, .T. ) ;
#4752 = FACE_OUTER_BOUND ( 'NONE', #10346, .T. ) ;
#4753 = ORIENTED_EDGE ( 'NONE', *, *, #5821, .F. ) ;
#4754 = EDGE_LOOP ( 'NONE', ( #7786, #4587, #12309, #5048 ) ) ;
#4755 =( NAMED_UNIT ( * ) SI_UNIT ( $, .STERADIAN. ) SOLID_ANGLE_UNIT ( ) );
#4756 = VERTEX_POINT ( 'NONE', #4042 ) ;
#4757 = LINE ( 'NONE', #924, #2199 ) ;
#4758 = EDGE_CURVE ( 'NONE', #12148, #6979, #1023, .T. ) ;
#4759 = CARTESIAN_POINT ( 'NONE',  ( -0.1605095817734711605, 0.01075725181925857310, -0.1982572518192586841 ) ) ;
#4760 = CARTESIAN_POINT ( 'NONE',  ( 0.1449999999999999623, -0.03750000000000000555, 0.09609772206928025862 ) ) ;
#4761 = LINE ( 'NONE', #8794, #376 ) ;
#4762 = EDGE_CURVE ( 'NONE', #1268, #3858, #8753, .T. ) ;
#4763 = ORIENTED_EDGE ( 'NONE', *, *, #5727, .T. ) ;
#4764 = CARTESIAN_POINT ( 'NONE',  ( 0.06250000000000001388, 0.2150000000000000244, 0.2124999999999999112 ) ) ;
#4765 =( NAMED_UNIT ( * ) SI_UNIT ( $, .STERADIAN. ) SOLID_ANGLE_UNIT ( ) );
#4766 = FACE_OUTER_BOUND ( 'NONE', #11637, .T. ) ;
#4767 = CARTESIAN_POINT ( 'NONE',  ( -0.03749999999999999861, 0.2150000000000000244, -0.1125000000000001138 ) ) ;
#4768 = AXIS2_PLACEMENT_3D ( 'NONE', #4353, #3564, #1377 ) ;
#4769 = ORIENTED_EDGE ( 'NONE', *, *, #11303, .F. ) ;
#4770 = ORIENTED_EDGE ( 'NONE', *, *, #12375, .T. ) ;
#4771 = LINE ( 'NONE', #7573, #1437 ) ;
#4772 = DIRECTION ( 'NONE',  ( 1.000000000000000000, 3.414809992080306836E-16, 0.000000000000000000 ) ) ;
#4773 = ADVANCED_FACE ( 'NONE', ( #13054 ), #12129, .T. ) ;
#4774 =( CONVERSION_BASED_UNIT ( 'INCH', #9873 ) LENGTH_UNIT ( ) NAMED_UNIT ( #8525 ) );
#4775 = ORIENTED_EDGE ( 'NONE', *, *, #11887, .F. ) ;
#4776 = VECTOR ( 'NONE', #10974, 39.37007874015748854 ) ;
#4777 = CARTESIAN_POINT ( 'NONE',  ( 0.06250000000000005551, 0.03750000000000001249, -0.08750000000000010547 ) ) ;
#4778 = ORIENTED_EDGE ( 'NONE', *, *, #2359, .T. ) ;
#4779 = DIRECTION ( 'NONE',  ( 0.000000000000000000, 1.000000000000000000, 0.000000000000000000 ) ) ;
#4780 = CARTESIAN_POINT ( 'NONE',  ( -0.03749999999999999861, 0.2150000000000000244, -0.01250000000000010651 ) ) ;
#4781 = COLOUR_RGB ( '',1.000000000000000000, 0.8117647058823529438, 0.5019607843137254832 ) ;
#4782 = ORIENTED_EDGE ( 'NONE', *, *, #6940, .F. ) ;
#4783 = ADVANCED_FACE ( 'NONE', ( #3075 ), #4110, .T. ) ;
#4784 = PRESENTATION_LAYER_ASSIGNMENT (  '', '', ( #10068 ) ) ;
#4785 = DIRECTION ( 'NONE',  ( 0.000000000000000000, -1.000000000000000000, 0.000000000000000000 ) ) ;
#4786 = VECTOR ( 'NONE', #8000, 39.37007874015748143 ) ;
#4787 = ADVANCED_FACE ( 'NONE', ( #1152 ), #5901, .F. ) ;
#4788 = VERTEX_POINT ( 'NONE', #6909 ) ;
#4789 = CARTESIAN_POINT ( 'NONE',  ( -0.06250000000000005551, 0.03750000000000001249, 0.08749999999999988343 ) ) ;
#4790 = VERTEX_POINT ( 'NONE', #2092 ) ;
#4791 = CARTESIAN_POINT ( 'NONE',  ( -0.09499999999999998723, 0.04999999999999998196, 0.03599999999999993483 ) ) ;
#4792 = FACE_OUTER_BOUND ( 'NONE', #4299, .T. ) ;
#4793 = ORIENTED_EDGE ( 'NONE', *, *, #12629, .F. ) ;
#4794 = CYLINDRICAL_SURFACE ( 'NONE', #3480, 0.007999999999999998432 ) ;
#4795 = FACE_OUTER_BOUND ( 'NONE', #7286, .T. ) ;
#4796 = FACE_OUTER_BOUND ( 'NONE', #11421, .T. ) ;
#4797 = CARTESIAN_POINT ( 'NONE',  ( -0.04011817604383836194, 0.3715713323165082960, -0.1098818239561617643 ) ) ;
#4798 = ORIENTED_EDGE ( 'NONE', *, *, #912, .T. ) ;
#4799 =( NAMED_UNIT ( * ) SI_UNIT ( $, .STERADIAN. ) SOLID_ANGLE_UNIT ( ) );
#4800 = AXIS2_PLACEMENT_3D ( 'NONE', #12072, #11079, #10108 ) ;
#4801 = CARTESIAN_POINT ( 'NONE',  ( 0.04609772206928037380, 0.3880000000000000115, 0.1039022779307195166 ) ) ;
#4802 = PRESENTATION_LAYER_ASSIGNMENT (  '', '', ( #3120 ) ) ;
#4803 = ORIENTED_EDGE ( 'NONE', *, *, #10516, .F. ) ;
#4804 = CARTESIAN_POINT ( 'NONE',  ( -0.1449999999999999623, -0.03750000000000000555, 0.1039022779307195166 ) ) ;
#4805 = AXIS2_PLACEMENT_3D ( 'NONE', #10784, #3761, #9732 ) ;
#4806 = ORIENTED_EDGE ( 'NONE', *, *, #9122, .F. ) ;
#4807 = CARTESIAN_POINT ( 'NONE',  ( 0.03749999999999999861, 0.05799999999999996825, -0.2125000000000001332 ) ) ;
#4808 = CARTESIAN_POINT ( 'NONE',  ( 0.09499999999999998723, 0.05799999999999996825, -0.1360000000000000098 ) ) ;
#4809 = DIRECTION ( 'NONE',  ( 1.000000000000000000, 0.000000000000000000, 0.000000000000000000 ) ) ;
#4810 = PRESENTATION_LAYER_ASSIGNMENT (  '', '', ( #4172 ) ) ;
#4811 = VECTOR ( 'NONE', #2195, 39.37007874015748143 ) ;
#4812 = CARTESIAN_POINT ( 'NONE',  ( 0.03749999999999999861, 0.1419999999999999873, -0.01250000000000010651 ) ) ;
#4813 = VECTOR ( 'NONE', #13036, 39.37007874015748143 ) ;
#4814 = CARTESIAN_POINT ( 'NONE',  ( -0.06250000000000001388, 0.3643779527559052878, 0.1124999999999998918 ) ) ;
#4815 = ORIENTED_EDGE ( 'NONE', *, *, #4126, .F. ) ;
#4816 = ORIENTED_EDGE ( 'NONE', *, *, #1799, .T. ) ;
#4817 = PRESENTATION_STYLE_ASSIGNMENT (( #8660 ) ) ;
#4818 =( GEOMETRIC_REPRESENTATION_CONTEXT ( 3 ) GLOBAL_UNCERTAINTY_ASSIGNED_CONTEXT ( ( #4691 ) ) GLOBAL_UNIT_ASSIGNED_CONTEXT ( ( #12021, #4002, #3880 ) ) REPRESENTATION_CONTEXT ( 'NONE', 'WORKASPACE' ) );
#4819 = ADVANCED_FACE ( 'NONE', ( #7368 ), #10289, .F. ) ;
#4820 = ORIENTED_EDGE ( 'NONE', *, *, #2025, .F. ) ;
#4821 = FACE_OUTER_BOUND ( 'NONE', #3268, .T. ) ;
#4822 = DIRECTION ( 'NONE',  ( 0.000000000000000000, -1.000000000000000000, 0.000000000000000000 ) ) ;
#4823 = DIRECTION ( 'NONE',  ( 1.000000000000000000, 0.000000000000000000, 0.000000000000000000 ) ) ;
#4824 = CARTESIAN_POINT ( 'NONE',  ( -0.05390227793071963869, 0.3880000000000000115, 0.2999999999999999889 ) ) ;
#4825 = DIRECTION ( 'NONE',  ( 0.000000000000000000, 0.000000000000000000, 1.000000000000000000 ) ) ;
#4826 = VECTOR ( 'NONE', #3826, 39.37007874015748143 ) ;
#4827 = FACE_OUTER_BOUND ( 'NONE', #2222, .T. ) ;
#4828 = CARTESIAN_POINT ( 'NONE',  ( -0.03750000000000004718, 0.03750000000000001249, -0.1875000000000001110 ) ) ;
#4829 = EDGE_CURVE ( 'NONE', #3065, #1637, #533, .T. ) ;
#4830 = ORIENTED_EDGE ( 'NONE', *, *, #9936, .F. ) ;
#4831 = ORIENTED_EDGE ( 'NONE', *, *, #9623, .T. ) ;
#4832 = DIRECTION ( 'NONE',  ( 0.000000000000000000, 0.000000000000000000, -1.000000000000000000 ) ) ;
#4833 =( GEOMETRIC_REPRESENTATION_CONTEXT ( 3 ) GLOBAL_UNCERTAINTY_ASSIGNED_CONTEXT ( ( #9473 ) ) GLOBAL_UNIT_ASSIGNED_CONTEXT ( ( #2943, #12784, #2869 ) ) REPRESENTATION_CONTEXT ( 'NONE', 'WORKASPACE' ) );
#4834 = ADVANCED_FACE ( 'NONE', ( #5303 ), #6236, .T. ) ;
#4835 = MECHANICAL_DESIGN_GEOMETRIC_PRESENTATION_REPRESENTATION (  '', ( #3160 ), #6521 ) ;
#4836 = LINE ( 'NONE', #881, #1221 ) ;
#4837 = DIRECTION ( 'NONE',  ( 0.000000000000000000, 0.000000000000000000, 1.000000000000000000 ) ) ;
#4838 = PLANE ( 'NONE',  #7850 ) ;
#4839 = CARTESIAN_POINT ( 'NONE',  ( -0.1213779527559052523, 0.02500000000000000486, -0.2125000000000001332 ) ) ;
#4840 = VERTEX_POINT ( 'NONE', #6296 ) ;
#4841 = LINE ( 'NONE', #12980, #6618 ) ;
#4842 = CARTESIAN_POINT ( 'NONE',  ( -0.03749999999999980432, 0.05799999999999996825, -0.1125000000000001138 ) ) ;
#4843 = EDGE_LOOP ( 'NONE', ( #4416, #1652, #2431, #9306 ) ) ;
#4844 = SURFACE_SIDE_STYLE ('',( #3908 ) ) ;
#4845 = LINE ( 'NONE', #7895, #9157 ) ;
#4846 = EDGE_CURVE ( 'NONE', #8435, #6740, #8234, .T. ) ;
#4847 = CIRCLE ( 'NONE', #9923, 0.007999999999999998432 ) ;
#4848 = EDGE_CURVE ( 'NONE', #9449, #12929, #2294, .T. ) ;
#4849 = EDGE_LOOP ( 'NONE', ( #149, #6104, #11975, #2758 ) ) ;
#4851 = ORIENTED_EDGE ( 'NONE', *, *, #6204, .F. ) ;
#4850 = ADVANCED_FACE ( 'NONE', ( #6425 ), #9490, .F. ) ;
#4852 = ADVANCED_FACE ( 'NONE', ( #6494 ), #1342, .T. ) ;
#4853 = LINE ( 'NONE', #6097, #10761 ) ;
#4854 = VERTEX_POINT ( 'NONE', #1476 ) ;
#4855 = MECHANICAL_DESIGN_GEOMETRIC_PRESENTATION_REPRESENTATION (  '', ( #8873 ), #9932 ) ;
#4856 = LINE ( 'NONE', #5703, #10654 ) ;
#4857 = SURFACE_SIDE_STYLE ('',( #5835 ) ) ;
#4858 = CARTESIAN_POINT ( 'NONE',  ( 0.03749999999999999861, 0.3643779527559052878, 0.1124999999999998918 ) ) ;
#4859 = CARTESIAN_POINT ( 'NONE',  ( 0.03750000000000004718, 0.03750000000000001249, 0.1874999999999999167 ) ) ;
#4860 = ORIENTED_EDGE ( 'NONE', *, *, #426, .T. ) ;
#4861 = SURFACE_STYLE_FILL_AREA ( #7723 ) ;
#4862 = EDGE_CURVE ( 'NONE', #8347, #3603, #8299, .T. ) ;
#4863 = EDGE_CURVE ( 'NONE', #3945, #1728, #1408, .T. ) ;
#4864 = ORIENTED_EDGE ( 'NONE', *, *, #8823, .F. ) ;
#4865 =( LENGTH_UNIT ( ) NAMED_UNIT ( * ) SI_UNIT ( $, .METRE. ) );
#4866 = LINE ( 'NONE', #10104, #13070 ) ;
#4867 = VERTEX_POINT ( 'NONE', #429 ) ;
#4868 = PRESENTATION_STYLE_ASSIGNMENT (( #2646 ) ) ;
#4869 = DIRECTION ( 'NONE',  ( 0.000000000000000000, 0.000000000000000000, 1.000000000000000000 ) ) ;
#4870 = DIRECTION ( 'NONE',  ( -0.000000000000000000, -0.000000000000000000, -1.000000000000000000 ) ) ;
#4871 = DIRECTION ( 'NONE',  ( 7.854062981784755126E-15, -0.000000000000000000, -1.000000000000000000 ) ) ;
#4872 = SURFACE_STYLE_FILL_AREA ( #1848 ) ;
#4873 = DIRECTION ( 'NONE',  ( 1.000000000000000000, 0.000000000000000000, 0.000000000000000000 ) ) ;
#4874 = VERTEX_POINT ( 'NONE', #12328 ) ;
#4875 = VERTEX_POINT ( 'NONE', #1280 ) ;
#4876 = LENGTH_MEASURE_WITH_UNIT ( LENGTH_MEASURE( 0.02539999999999999897 ), #11834 );
#4877 = ORIENTED_EDGE ( 'NONE', *, *, #2604, .F. ) ;
#4878 = CARTESIAN_POINT ( 'NONE',  ( -0.07500000000000005274, -8.110173731190781122E-17, -0.1125000000000001138 ) ) ;
#4879 = DIRECTION ( 'NONE',  ( 0.000000000000000000, 0.000000000000000000, -1.000000000000000000 ) ) ;
#4880 = DIRECTION ( 'NONE',  ( 0.000000000000000000, 0.000000000000000000, -1.000000000000000000 ) ) ;
#4881 = CARTESIAN_POINT ( 'NONE',  ( 0.07500000000000005274, 0.02500000000000001180, 0.01249999999999990008 ) ) ;
#4882 = DIRECTION ( 'NONE',  ( 0.000000000000000000, 0.000000000000000000, -1.000000000000000000 ) ) ;
#4883 = PRESENTATION_STYLE_ASSIGNMENT (( #875 ) ) ;
#4884 = CARTESIAN_POINT ( 'NONE',  ( 0.07000000000000000666, 0.1726274169979694906, -0.1300000000000002820 ) ) ;
#4885 = ORIENTED_EDGE ( 'NONE', *, *, #11462, .T. ) ;
#4886 = VERTEX_POINT ( 'NONE', #6356 ) ;
#4887 = LINE ( 'NONE', #10925, #10953 ) ;
#4888 =( GEOMETRIC_REPRESENTATION_CONTEXT ( 3 ) GLOBAL_UNCERTAINTY_ASSIGNED_CONTEXT ( ( #6546 ) ) GLOBAL_UNIT_ASSIGNED_CONTEXT ( ( #6856, #4984, #13064 ) ) REPRESENTATION_CONTEXT ( 'NONE', 'WORKASPACE' ) );
#4889 = PLANE ( 'NONE',  #11973 ) ;
#4890 = CARTESIAN_POINT ( 'NONE',  ( 0.03749999999999999861, 0.3643779527559052878, 0.1124999999999998918 ) ) ;
#4891 = ORIENTED_EDGE ( 'NONE', *, *, #4931, .F. ) ;
#4892 = CARTESIAN_POINT ( 'NONE',  ( 0.03749999999999999861, 0.2150000000000000244, -0.01250000000000010651 ) ) ;
#4893 = VECTOR ( 'NONE', #6813, 39.37007874015748143 ) ;
#4894 = ORIENTED_EDGE ( 'NONE', *, *, #12310, .T. ) ;
#4895 = CARTESIAN_POINT ( 'NONE',  ( -0.03749999999999999861, 0.3880000000000000115, 0.01249999999999990008 ) ) ;
#4896 = ORIENTED_EDGE ( 'NONE', *, *, #3811, .F. ) ;
#4897 = DIRECTION ( 'NONE',  ( 0.000000000000000000, 0.000000000000000000, 1.000000000000000000 ) ) ;
#4898 = EDGE_CURVE ( 'NONE', #7868, #2765, #8433, .T. ) ;
#4899 = AXIS2_PLACEMENT_3D ( 'NONE', #10407, #6158, #11198 ) ;
#4900 = CIRCLE ( 'NONE', #2607, 0.01250000000000008049 ) ;
#4901 = ORIENTED_EDGE ( 'NONE', *, *, #3159, .T. ) ;
#4902 = CARTESIAN_POINT ( 'NONE',  ( 0.06250000000000001388, 0.3880000000000000115, -0.1875000000000001110 ) ) ;
#4903 = FACE_OUTER_BOUND ( 'NONE', #7315, .T. ) ;
#4904 = FILL_AREA_STYLE_COLOUR ( '', #634 ) ;
#4905 = ORIENTED_EDGE ( 'NONE', *, *, #6601, .T. ) ;
#4906 = VECTOR ( 'NONE', #10218, 39.37007874015748143 ) ;
#4907 =( CONVERSION_BASED_UNIT ( 'INCH', #1825 ) LENGTH_UNIT ( ) NAMED_UNIT ( #270 ) );
#4908 = CARTESIAN_POINT ( 'NONE',  ( -0.06250000000000001388, 0.3643779527559052878, 0.2124999999999999112 ) ) ;
#4909 = PLANE ( 'NONE',  #3314 ) ;
#4910 = EDGE_CURVE ( 'NONE', #450, #11996, #294, .T. ) ;
#4911 = DIRECTION ( 'NONE',  ( 0.000000000000000000, 1.000000000000000000, 0.000000000000000000 ) ) ;
#4912 = ORIENTED_EDGE ( 'NONE', *, *, #3383, .T. ) ;
#4913 = PLANE ( 'NONE',  #6854 ) ;
#4914 = AXIS2_PLACEMENT_3D ( 'NONE', #4389, #2161, #11266 ) ;
#4915 = ADVANCED_FACE ( 'NONE', ( #8491 ), #12515, .F. ) ;
#4916 = AXIS2_PLACEMENT_3D ( 'NONE', #3835, #11187, #5816 ) ;
#4917 = PRESENTATION_LAYER_ASSIGNMENT (  '', '', ( #11468 ) ) ;
#4918 = MECHANICAL_DESIGN_GEOMETRIC_PRESENTATION_REPRESENTATION (  '', ( #3250 ), #10014 ) ;
#4919 = VECTOR ( 'NONE', #5836, 39.37007874015748143 ) ;
#4920 = ORIENTED_EDGE ( 'NONE', *, *, #970, .F. ) ;
#4921 = CARTESIAN_POINT ( 'NONE',  ( 0.07500000000000003886, 0.03750000000000000555, 0.08749999999999988343 ) ) ;
#4922 = EDGE_CURVE ( 'NONE', #9630, #10924, #9423, .T. ) ;
#4923 = ORIENTED_EDGE ( 'NONE', *, *, #2785, .F. ) ;
#4924 = EDGE_CURVE ( 'NONE', #7443, #755, #4094, .T. ) ;
#4925 = CARTESIAN_POINT ( 'NONE',  ( 0.07500000000000002498, 0.000000000000000000, -0.08750000000000010547 ) ) ;
#4926 = CYLINDRICAL_SURFACE ( 'NONE', #3911, 0.007999999999999989758 ) ;
#4927 = AXIS2_PLACEMENT_3D ( 'NONE', #10975, #9858, #2915 ) ;
#4928 = EDGE_CURVE ( 'NONE', #5983, #6193, #8363, .T. ) ;
#4929 = CARTESIAN_POINT ( 'NONE',  ( 0.07000000000000000666, 0.1419999999999999873, -0.1220000000000003026 ) ) ;
#4930 = ORIENTED_EDGE ( 'NONE', *, *, #6638, .T. ) ;
#4931 = EDGE_CURVE ( 'NONE', #274, #2447, #12460, .T. ) ;
#4932 = CARTESIAN_POINT ( 'NONE',  ( 0.07000000000000002054, 0.04999999999999998196, -0.1700000000000002343 ) ) ;
#4933 = VECTOR ( 'NONE', #4404, 39.37007874015748143 ) ;
#4934 =( NAMED_UNIT ( * ) SI_UNIT ( $, .STERADIAN. ) SOLID_ANGLE_UNIT ( ) );
#4935 = ORIENTED_EDGE ( 'NONE', *, *, #2581, .T. ) ;
#4936 = ORIENTED_EDGE ( 'NONE', *, *, #2457, .T. ) ;
#4937 = EDGE_CURVE ( 'NONE', #7301, #11539, #8680, .T. ) ;
#4938 = CARTESIAN_POINT ( 'NONE',  ( 0.06250000000000001388, 0.05799999999999996825, 0.1124999999999998779 ) ) ;
#4939 = VERTEX_POINT ( 'NONE', #6559 ) ;
#4940 = CIRCLE ( 'NONE', #8547, 0.03750000000000008882 ) ;
#4941 = LINE ( 'NONE', #3948, #1324 ) ;
#4942 = LINE ( 'NONE', #3461, #9848 ) ;
#4943 = CARTESIAN_POINT ( 'NONE',  ( -0.03749999999999999861, 0.2150000000000000244, 0.08749999999999988343 ) ) ;
#4944 = DIRECTION ( 'NONE',  ( -1.000000000000000000, 0.000000000000000000, -0.000000000000000000 ) ) ;
#4945 = VECTOR ( 'NONE', #7169, 39.37007874015748143 ) ;
#4946 = VECTOR ( 'NONE', #219, 39.37007874015748854 ) ;
#4947 = UNCERTAINTY_MEASURE_WITH_UNIT (LENGTH_MEASURE( 1.000000000000000082E-05 ), #11318, 'distance_accuracy_value', 'NONE');
#4948 = PLANE ( 'NONE',  #7787 ) ;
#4949 = FACE_OUTER_BOUND ( 'NONE', #6626, .T. ) ;
#4950 = DIRECTION ( 'NONE',  ( 0.000000000000000000, 0.000000000000000000, -1.000000000000000000 ) ) ;
#4951 = CARTESIAN_POINT ( 'NONE',  ( 0.09499999999999998723, 0.1419999999999999873, -0.1640000000000000902 ) ) ;
#4952 = ORIENTED_EDGE ( 'NONE', *, *, #3004, .T. ) ;
#4953 = ORIENTED_EDGE ( 'NONE', *, *, #247, .T. ) ;
#4954 = DIRECTION ( 'NONE',  ( -3.045457963692998352E-16, -1.000000000000000000, 0.000000000000000000 ) ) ;
#4955 = DIRECTION ( 'NONE',  ( -1.000000000000000000, 0.000000000000000000, 0.000000000000000000 ) ) ;
#4956 =( LENGTH_UNIT ( ) NAMED_UNIT ( * ) SI_UNIT ( $, .METRE. ) );
#4957 = DIRECTION ( 'NONE',  ( 5.850480457187554951E-16, -1.000000000000000000, -0.000000000000000000 ) ) ;
#4958 = DIRECTION ( 'NONE',  ( -0.000000000000000000, 0.000000000000000000, -1.000000000000000000 ) ) ;
#4959 = ORIENTED_EDGE ( 'NONE', *, *, #8011, .F. ) ;
#4960 = DIRECTION ( 'NONE',  ( -0.8891264907159901476, -0.3236155771181821184, -0.3236155771181821739 ) ) ;
#4961 = UNCERTAINTY_MEASURE_WITH_UNIT (LENGTH_MEASURE( 1.000000000000000082E-05 ), #1200, 'distance_accuracy_value', 'NONE');
#4962 = ORIENTED_EDGE ( 'NONE', *, *, #3874, .T. ) ;
#4963 = FACE_OUTER_BOUND ( 'NONE', #9081, .T. ) ;
#4964 = AXIS2_PLACEMENT_3D ( 'NONE', #8052, #8253, #2967 ) ;
#4965 = VECTOR ( 'NONE', #11185, 39.37007874015748143 ) ;
#4966 = SURFACE_SIDE_STYLE ('',( #10994 ) ) ;
#4967 = VERTEX_POINT ( 'NONE', #8622 ) ;
#4968 = CARTESIAN_POINT ( 'NONE',  ( 0.03749999999999999861, 0.2150000000000000244, 0.1874999999999999167 ) ) ;
#4969 = LINE ( 'NONE', #4038, #8379 ) ;
#4970 = VECTOR ( 'NONE', #9961, 39.37007874015748143 ) ;
#4971 = LENGTH_MEASURE_WITH_UNIT ( LENGTH_MEASURE( 0.02539999999999999897 ), #6842 );
#4972 = VERTEX_POINT ( 'NONE', #4777 ) ;
#4973 = EDGE_CURVE ( 'NONE', #7073, #1588, #3594, .T. ) ;
#4974 = CARTESIAN_POINT ( 'NONE',  ( -0.06999999999999999278, 0.1419999999999999873, 0.02199999999999978362 ) ) ;
#4975 = FACE_OUTER_BOUND ( 'NONE', #10143, .T. ) ;
#4976 = DIRECTION ( 'NONE',  ( -0.000000000000000000, 0.000000000000000000, 1.000000000000000000 ) ) ;
#4977 = VECTOR ( 'NONE', #6113, 39.37007874015748143 ) ;
#4978 = CARTESIAN_POINT ( 'NONE',  ( 0.07500000000000005274, 0.000000000000000000, -0.08750000000000010547 ) ) ;
#4979 = ORIENTED_EDGE ( 'NONE', *, *, #889, .F. ) ;
#4980 = CARTESIAN_POINT ( 'NONE',  ( -0.06999999999999999278, 0.1499999999999999944, -0.06200000000000022854 ) ) ;
#4981 = AXIS2_PLACEMENT_3D ( 'NONE', #1894, #2954, #9024 ) ;
#4982 = CIRCLE ( 'NONE', #6680, 0.007999999999999989758 ) ;
#4983 = EDGE_CURVE ( 'NONE', #4886, #1722, #8745, .T. ) ;
#4984 =( NAMED_UNIT ( * ) PLANE_ANGLE_UNIT ( ) SI_UNIT ( $, .RADIAN. ) );
#4985 = ORIENTED_EDGE ( 'NONE', *, *, #7547, .T. ) ;
#4986 = CARTESIAN_POINT ( 'NONE',  ( 0.05390227793071963869, 0.3880000000000000115, 0.000000000000000000 ) ) ;
#4987 = CARTESIAN_POINT ( 'NONE',  ( -0.06250000000000001388, 0.3643779527559052878, -0.01250000000000010651 ) ) ;
#4988 = EDGE_LOOP ( 'NONE', ( #12976, #11846, #12760, #5858 ) ) ;
#4989 = VECTOR ( 'NONE', #7173, 39.37007874015748854 ) ;
#4990 = EDGE_CURVE ( 'NONE', #12498, #4886, #492, .T. ) ;
#4991 = DIRECTION ( 'NONE',  ( 6.829619984160656074E-16, 0.000000000000000000, 1.000000000000000000 ) ) ;
#4992 = CARTESIAN_POINT ( 'NONE',  ( 0.07000000000000002054, 0.04999999999999998196, -0.1620000000000002549 ) ) ;
#4993 = CARTESIAN_POINT ( 'NONE',  ( 0.03750000000000004718, 0.03750000000000001249, 0.08749999999999988343 ) ) ;
#4994 = ORIENTED_EDGE ( 'NONE', *, *, #7625, .T. ) ;
#4995 = CARTESIAN_POINT ( 'NONE',  ( 0.07500000000000003886, 0.03750000000000000555, -0.1000000000000000472 ) ) ;
#4996 = VECTOR ( 'NONE', #9389, 39.37007874015748854 ) ;
#4997 = VECTOR ( 'NONE', #8288, 39.37007874015748143 ) ;
#4998 = DIRECTION ( 'NONE',  ( 0.000000000000000000, 1.000000000000000000, 0.000000000000000000 ) ) ;
#4999 = EDGE_CURVE ( 'NONE', #1655, #7166, #12779, .T. ) ;
#5000 = CYLINDRICAL_SURFACE ( 'NONE', #3831, 0.007999999999999989758 ) ;
#5001 = EDGE_LOOP ( 'NONE', ( #4577, #3175, #2739, #3576 ) ) ;
#5002 = ORIENTED_EDGE ( 'NONE', *, *, #12366, .F. ) ;
#5003 = DIRECTION ( 'NONE',  ( -1.000000000000000000, 1.138269997360106963E-16, 0.000000000000000000 ) ) ;
#5004 = ORIENTED_EDGE ( 'NONE', *, *, #2289, .F. ) ;
#5005 = EDGE_CURVE ( 'NONE', #5057, #2323, #625, .T. ) ;
#5006 = CARTESIAN_POINT ( 'NONE',  ( -0.03749999999999999861, 0.3643779527559052878, -0.08750000000000010547 ) ) ;
#5007 = AXIS2_PLACEMENT_3D ( 'NONE', #4675, #5789, #12627 ) ;
#5008 = DIRECTION ( 'NONE',  ( 0.000000000000000000, 0.000000000000000000, -1.000000000000000000 ) ) ;
#5009 = LINE ( 'NONE', #9058, #12121 ) ;
#5010 = DIRECTION ( 'NONE',  ( -0.000000000000000000, -1.000000000000000000, -0.000000000000000000 ) ) ;
#5011 = VECTOR ( 'NONE', #9471, 39.37007874015748143 ) ;
#5012 = LINE ( 'NONE', #8007, #10315 ) ;
#5013 = COLOUR_RGB ( '',1.000000000000000000, 0.8117647058823529438, 0.5019607843137254832 ) ;
#5014 = EDGE_CURVE ( 'NONE', #11656, #9980, #4644, .T. ) ;
#5015 = PLANE ( 'NONE',  #2913 ) ;
#5016 = DIRECTION ( 'NONE',  ( -6.097874985857737794E-17, -1.000000000000000000, 0.000000000000000000 ) ) ;
#5017 = EDGE_CURVE ( 'NONE', #6384, #9675, #7698, .T. ) ;
#5018 = COLOUR_RGB ( '',1.000000000000000000, 0.8117647058823529438, 0.5019607843137254832 ) ;
#5019 = ORIENTED_EDGE ( 'NONE', *, *, #2025, .T. ) ;
#5020 = ORIENTED_EDGE ( 'NONE', *, *, #12049, .T. ) ;
#5021 = CARTESIAN_POINT ( 'NONE',  ( 0.07000000000000000666, 0.1726274169979694906, -0.1380000000000002336 ) ) ;
#5022 = DIRECTION ( 'NONE',  ( 0.000000000000000000, 0.000000000000000000, -1.000000000000000000 ) ) ;
#5023 = VECTOR ( 'NONE', #8654, 39.37007874015748143 ) ;
#5024 = DIRECTION ( 'NONE',  ( -1.000000000000000000, 0.000000000000000000, 0.000000000000000000 ) ) ;
#5025 = PRESENTATION_STYLE_ASSIGNMENT (( #9006 ) ) ;
#5026 = LINE ( 'NONE', #3969, #10636 ) ;
#5027 = EDGE_LOOP ( 'NONE', ( #244, #8222, #13075, #9432 ) ) ;
#5028 = LINE ( 'NONE', #11919, #1994 ) ;
#5029 = DIRECTION ( 'NONE',  ( 3.045457963692998352E-16, 1.000000000000000000, 0.000000000000000000 ) ) ;
#5030 = COLOUR_RGB ( '',1.000000000000000000, 0.8117647058823529438, 0.5019607843137254832 ) ;
#5031 = ORIENTED_EDGE ( 'NONE', *, *, #10448, .T. ) ;
#5032 = LINE ( 'NONE', #10210, #5035 ) ;
#5033 = DIRECTION ( 'NONE',  ( -0.000000000000000000, 0.000000000000000000, -1.000000000000000000 ) ) ;
#5034 = DIRECTION ( 'NONE',  ( 0.8891264907159901476, 0.3236155771181820628, -0.3236155771181822849 ) ) ;
#5035 = VECTOR ( 'NONE', #2283, 39.37007874015748143 ) ;
#5036 = COLOUR_RGB ( '',1.000000000000000000, 0.8117647058823529438, 0.5019607843137254832 ) ;
#5037 = EDGE_LOOP ( 'NONE', ( #3440, #2369, #12183, #1151 ) ) ;
#5038 = CARTESIAN_POINT ( 'NONE',  ( 0.07000000000000017319, 0.04999999999999998196, 0.04700000000000003481 ) ) ;
#5039 = DIRECTION ( 'NONE',  ( 0.000000000000000000, 0.000000000000000000, -1.000000000000000000 ) ) ;
#5040 = PRESENTATION_STYLE_ASSIGNMENT (( #2021 ) ) ;
#5041 = EDGE_LOOP ( 'NONE', ( #4798, #5782, #3142, #5294 ) ) ;
#5042 = DIRECTION ( 'NONE',  ( -0.000000000000000000, -1.000000000000000000, -0.000000000000000000 ) ) ;
#5043 = CYLINDRICAL_SURFACE ( 'NONE', #6033, 0.03750000000000008882 ) ;
#5044 = DIRECTION ( 'NONE',  ( 0.000000000000000000, 0.000000000000000000, 1.000000000000000000 ) ) ;
#5045 = LINE ( 'NONE', #8236, #4480 ) ;
#5046 = COLOUR_RGB ( '',1.000000000000000000, 0.8117647058823529438, 0.5019607843137254832 ) ;
#5047 = CARTESIAN_POINT ( 'NONE',  ( -0.06999999999999999278, 0.1499999999999999944, 0.1219999999999997892 ) ) ;
#5048 = ORIENTED_EDGE ( 'NONE', *, *, #9635, .T. ) ;
#5049 = CARTESIAN_POINT ( 'NONE',  ( -0.07000000000000017319, 0.05799999999999996825, -0.1529999999999999694 ) ) ;
#5050 = CARTESIAN_POINT ( 'NONE',  ( -0.03749999999999999861, 0.3880000000000000115, -0.2125000000000001332 ) ) ;
#5051 = FACE_BOUND ( 'NONE', #7385, .T. ) ;
#5052 = EDGE_CURVE ( 'NONE', #7638, #1618, #5690, .T. ) ;
#5053 = AXIS2_PLACEMENT_3D ( 'NONE', #4890, #1934, #2004 ) ;
#5054 = DIRECTION ( 'NONE',  ( -0.000000000000000000, -1.000000000000000000, -0.000000000000000000 ) ) ;
#5055 = EDGE_LOOP ( 'NONE', ( #9534, #11024, #7829, #10505 ) ) ;
#5056 = DIRECTION ( 'NONE',  ( 0.000000000000000000, -1.000000000000000000, 0.000000000000000000 ) ) ;
#5057 = VERTEX_POINT ( 'NONE', #3713 ) ;
#5058 = DIRECTION ( 'NONE',  ( -0.4027386142660223656, 0.000000000000000000, -0.9153150324227632417 ) ) ;
#5059 = PLANE ( 'NONE',  #985 ) ;
#5060 = LINE ( 'NONE', #9974, #6448 ) ;
#5061 = EDGE_LOOP ( 'NONE', ( #9102, #4923, #12728, #7734 ) ) ;
#5062 = DIRECTION ( 'NONE',  ( 0.9063077870366512689, -0.000000000000000000, 0.4226182617406968323 ) ) ;
#5063 = LENGTH_MEASURE_WITH_UNIT ( LENGTH_MEASURE( 0.02539999999999999897 ), #9976 );
#5064 = EDGE_CURVE ( 'NONE', #11282, #11359, #1337, .T. ) ;
#5065 = LINE ( 'NONE', #12079, #5720 ) ;
#5066 = ORIENTED_EDGE ( 'NONE', *, *, #6879, .T. ) ;
#5067 = ORIENTED_EDGE ( 'NONE', *, *, #8700, .T. ) ;
#5068 = CARTESIAN_POINT ( 'NONE',  ( -0.06250000000000001388, 0.2150000000000000244, -0.1125000000000001138 ) ) ;
#5069 =( NAMED_UNIT ( * ) PLANE_ANGLE_UNIT ( ) SI_UNIT ( $, .RADIAN. ) );
#5070 = VERTEX_POINT ( 'NONE', #11852 ) ;
#5071 = LINE ( 'NONE', #3043, #5547 ) ;
#5072 = EDGE_CURVE ( 'NONE', #7409, #4057, #682, .T. ) ;
#5073 = FACE_OUTER_BOUND ( 'NONE', #252, .T. ) ;
#5074 = DIRECTION ( 'NONE',  ( 0.4027386142660224211, 0.000000000000000000, 0.9153150324227632417 ) ) ;
#5075 = EDGE_CURVE ( 'NONE', #5098, #145, #9811, .T. ) ;
#5076 = CARTESIAN_POINT ( 'NONE',  ( 0.1449999999999999623, -0.03750000000000000555, -0.1039022779307197386 ) ) ;
#5077 = DIRECTION ( 'NONE',  ( 0.000000000000000000, 0.000000000000000000, 1.000000000000000000 ) ) ;
#5078 = DIRECTION ( 'NONE',  ( 0.000000000000000000, -0.3420201433256662704, -0.9396926207859094271 ) ) ;
#5079 = EDGE_CURVE ( 'NONE', #10411, #8681, #7633, .T. ) ;
#5080 = EDGE_CURVE ( 'NONE', #8765, #4336, #2804, .T. ) ;
#5081 = DIRECTION ( 'NONE',  ( 0.000000000000000000, 0.000000000000000000, 1.000000000000000000 ) ) ;
#5082 = ORIENTED_EDGE ( 'NONE', *, *, #3722, .T. ) ;
#5083 = ORIENTED_EDGE ( 'NONE', *, *, #6799, .F. ) ;
#5084 = FACE_OUTER_BOUND ( 'NONE', #2671, .T. ) ;
#5085 = VECTOR ( 'NONE', #2677, 39.37007874015748143 ) ;
#5086 = ORIENTED_EDGE ( 'NONE', *, *, #10502, .F. ) ;
#5087 = EDGE_CURVE ( 'NONE', #4972, #12446, #8731, .T. ) ;
#5088 = CARTESIAN_POINT ( 'NONE',  ( 0.07000000000000000666, 0.1726274169979694906, -0.2300000000000002875 ) ) ;
#5089 =( LENGTH_UNIT ( ) NAMED_UNIT ( * ) SI_UNIT ( $, .METRE. ) );
#5090 = LINE ( 'NONE', #7007, #10895 ) ;
#5091 = ADVANCED_FACE ( 'NONE', ( #1806 ), #2612, .F. ) ;
#5092 = DIMENSIONAL_EXPONENTS ( 1.000000000000000000, 0.000000000000000000, 0.000000000000000000, 0.000000000000000000, 0.000000000000000000, 0.000000000000000000, 0.000000000000000000 ) ;
#5093 = CARTESIAN_POINT ( 'NONE',  ( 0.03749999999999999861, 0.2150000000000000244, -0.08750000000000010547 ) ) ;
#5094 = VERTEX_POINT ( 'NONE', #4518 ) ;
#5095 = CARTESIAN_POINT ( 'NONE',  ( 0.000000000000000000, 0.3880000000000000115, -0.09609772206928048066 ) ) ;
#5096 = EDGE_CURVE ( 'NONE', #3858, #7754, #1737, .T. ) ;
#5097 = UNCERTAINTY_MEASURE_WITH_UNIT (LENGTH_MEASURE( 1.000000000000000082E-05 ), #12789, 'distance_accuracy_value', 'NONE');
#5098 = VERTEX_POINT ( 'NONE', #11593 ) ;
#5099 = CARTESIAN_POINT ( 'NONE',  ( -0.03749999999999999861, 0.2150000000000000244, 0.1874999999999999167 ) ) ;
#5100 = DIRECTION ( 'NONE',  ( 0.000000000000000000, 0.000000000000000000, 1.000000000000000000 ) ) ;
#5101 = CARTESIAN_POINT ( 'NONE',  ( 0.07000000000000000666, 0.1499999999999999944, -0.1300000000000002820 ) ) ;
#5102 = EDGE_CURVE ( 'NONE', #1766, #9193, #8556, .T. ) ;
#5103 = LINE ( 'NONE', #161, #12851 ) ;
#5104 = STYLED_ITEM ( 'NONE', ( #10156 ), #803 ) ;
#5105 = PRESENTATION_LAYER_ASSIGNMENT (  '', '', ( #2177 ) ) ;
#5106 = ORIENTED_EDGE ( 'NONE', *, *, #1358, .F. ) ;
#5107 = DIRECTION ( 'NONE',  ( 0.000000000000000000, 0.000000000000000000, 1.000000000000000000 ) ) ;
#5108 = VERTEX_POINT ( 'NONE', #9683 ) ;
#5109 = SURFACE_STYLE_FILL_AREA ( #3009 ) ;
#5110 = CARTESIAN_POINT ( 'NONE',  ( 0.1213779527559052523, 0.02500000000000000486, -0.1125000000000001138 ) ) ;
#5111 = CARTESIAN_POINT ( 'NONE',  ( 0.07500000000000003886, 0.03750000000000000555, 0.01249999999999990008 ) ) ;
#5112 =( NAMED_UNIT ( * ) PLANE_ANGLE_UNIT ( ) SI_UNIT ( $, .RADIAN. ) );
#5113 = DIRECTION ( 'NONE',  ( -0.000000000000000000, 1.000000000000000000, -0.000000000000000000 ) ) ;
#5114 = ORIENTED_EDGE ( 'NONE', *, *, #11552, .T. ) ;
#5115 = DIRECTION ( 'NONE',  ( -0.8891264907159903697, 0.3236155771181813967, -0.3236155771181821184 ) ) ;
#5116 = AXIS2_PLACEMENT_3D ( 'NONE', #9501, #9563, #1684 ) ;
#5117 =( CONVERSION_BASED_UNIT ( 'INCH', #4121 ) LENGTH_UNIT ( ) NAMED_UNIT ( #8114 ) );
#5118 = DIRECTION ( 'NONE',  ( -0.000000000000000000, 1.000000000000000000, -0.000000000000000000 ) ) ;
#5119 = ORIENTED_EDGE ( 'NONE', *, *, #7978, .F. ) ;
#5120 = VECTOR ( 'NONE', #8676, 39.37007874015748143 ) ;
#5121 = LINE ( 'NONE', #12009, #2474 ) ;
#5122 = VERTEX_POINT ( 'NONE', #4892 ) ;
#5123 = CARTESIAN_POINT ( 'NONE',  ( 0.07500000000000005274, 0.02500000000000001180, 0.01249999999999990008 ) ) ;
#5124 = VECTOR ( 'NONE', #11961, 39.37007874015748854 ) ;
#5125 = CYLINDRICAL_SURFACE ( 'NONE', #4572, 0.03750000000000008882 ) ;
#5126 = FACE_BOUND ( 'NONE', #4348, .T. ) ;
#5127 = ORIENTED_EDGE ( 'NONE', *, *, #3471, .T. ) ;
#5128 = DIRECTION ( 'NONE',  ( 0.000000000000000000, -0.000000000000000000, 1.000000000000000000 ) ) ;
#5129 = PRESENTATION_LAYER_ASSIGNMENT (  '', '', ( #4064 ) ) ;
#5130 = DIRECTION ( 'NONE',  ( 0.000000000000000000, -0.000000000000000000, 1.000000000000000000 ) ) ;
#5131 = STYLED_ITEM ( 'NONE', ( #12184 ), #9539 ) ;
#5132 = VECTOR ( 'NONE', #3078, 39.37007874015748143 ) ;
#5133 = DIRECTION ( 'NONE',  ( -0.000000000000000000, 1.000000000000000000, -0.000000000000000000 ) ) ;
#5134 = ORIENTED_EDGE ( 'NONE', *, *, #272, .F. ) ;
#5135 = ORIENTED_EDGE ( 'NONE', *, *, #11135, .T. ) ;
#5136 = AXIS2_PLACEMENT_3D ( 'NONE', #1313, #7403, #10323 ) ;
#5137 = CARTESIAN_POINT ( 'NONE',  ( -0.07500000000000003886, 0.03750000000000000555, -0.08750000000000010547 ) ) ;
#5138 = CARTESIAN_POINT ( 'NONE',  ( -0.03750000000000004718, 0.03750000000000001249, 0.1124999999999998918 ) ) ;
#5139 = ORIENTED_EDGE ( 'NONE', *, *, #8791, .F. ) ;
#5140 = AXIS2_PLACEMENT_3D ( 'NONE', #260, #4278, #8332 ) ;
#5141 = DIRECTION ( 'NONE',  ( -1.000000000000000000, 3.414809992080306836E-16, 0.000000000000000000 ) ) ;
#5142 = ADVANCED_FACE ( 'NONE', ( #10139 ), #8142, .F. ) ;
#5143 = DIRECTION ( 'NONE',  ( -3.045457963692998352E-16, -1.000000000000000000, 0.000000000000000000 ) ) ;
#5144 = LINE ( 'NONE', #9187, #2427 ) ;
#5145 = AXIS2_PLACEMENT_3D ( 'NONE', #1706, #11829, #2778 ) ;
#5146 = CARTESIAN_POINT ( 'NONE',  ( 0.03750000000000004718, 0.03750000000000001249, -0.1125000000000001138 ) ) ;
#5147 = PLANE ( 'NONE',  #3125 ) ;
#5148 = CARTESIAN_POINT ( 'NONE',  ( -0.06249999999999981959, 0.05799999999999997519, -0.1125000000000001138 ) ) ;
#5149 = VECTOR ( 'NONE', #1164, 39.37007874015748143 ) ;
#5150 = DIMENSIONAL_EXPONENTS ( 1.000000000000000000, 0.000000000000000000, 0.000000000000000000, 0.000000000000000000, 0.000000000000000000, 0.000000000000000000, 0.000000000000000000 ) ;
#5151 =( LENGTH_UNIT ( ) NAMED_UNIT ( * ) SI_UNIT ( $, .METRE. ) );
#5152 = CARTESIAN_POINT ( 'NONE',  ( 0.09499999999999998723, 0.04999999999999998196, -0.03599999999999999034 ) ) ;
#5153 = CIRCLE ( 'NONE', #4085, 0.007999999999999998432 ) ;
#5154 = ORIENTED_EDGE ( 'NONE', *, *, #6632, .T. ) ;
#5155 = VERTEX_POINT ( 'NONE', #11108 ) ;
#5156 = DIRECTION ( 'NONE',  ( 0.000000000000000000, 0.000000000000000000, 1.000000000000000000 ) ) ;
#5158 = EDGE_CURVE ( 'NONE', #9036, #9174, #6650, .T. ) ;
#5157 = VERTEX_POINT ( 'NONE', #9939 ) ;
#5159 = DIRECTION ( 'NONE',  ( -3.045457963692998845E-16, 1.000000000000000000, 0.000000000000000000 ) ) ;
#5160 = VECTOR ( 'NONE', #5042, 39.37007874015748143 ) ;
#5161 = EDGE_CURVE ( 'NONE', #11742, #2573, #12107, .T. ) ;
#5162 = DIRECTION ( 'NONE',  ( 3.045457963692998845E-16, -1.000000000000000000, 0.000000000000000000 ) ) ;
#5163 = ORIENTED_EDGE ( 'NONE', *, *, #2776, .T. ) ;
#5164 = DIRECTION ( 'NONE',  ( 1.000000000000000000, 0.000000000000000000, 0.000000000000000000 ) ) ;
#5165 = ORIENTED_EDGE ( 'NONE', *, *, #5080, .T. ) ;
#5166 = CARTESIAN_POINT ( 'NONE',  ( -0.03750000000000004718, 0.03750000000000001249, 0.1874999999999999167 ) ) ;
#5167 = FILL_AREA_STYLE_COLOUR ( '', #10228 ) ;
#5168 = CARTESIAN_POINT ( 'NONE',  ( -0.06999999999999999278, 0.1499999999999999944, -0.1700000000000002343 ) ) ;
#5169 = CARTESIAN_POINT ( 'NONE',  ( -0.03749999999999999861, 0.2150000000000000244, 0.1874999999999999167 ) ) ;
#5170 = ADVANCED_FACE ( 'NONE', ( #1006 ), #2075, .T. ) ;
#5171 = VERTEX_POINT ( 'NONE', #9875 ) ;
#5172 = LINE ( 'NONE', #8295, #8712 ) ;
#5173 = CARTESIAN_POINT ( 'NONE',  ( -0.06999999999999999278, 0.1726274169979694906, -0.07000000000000022871 ) ) ;
#5174 = SURFACE_SIDE_STYLE ('',( #1150 ) ) ;
#5175 = ORIENTED_EDGE ( 'NONE', *, *, #4466, .F. ) ;
#5176 = CARTESIAN_POINT ( 'NONE',  ( 0.09499999999999998723, 0.6848831648126535443, 0.2500000000000000555 ) ) ;
#5177 = EDGE_CURVE ( 'NONE', #5645, #3074, #4095, .T. ) ;
#5178 = CARTESIAN_POINT ( 'NONE',  ( 0.07000000000000017319, 0.05799999999999996825, -0.1529999999999999694 ) ) ;
#5179 = EDGE_LOOP ( 'NONE', ( #12315, #5616, #5992, #963 ) ) ;
#5180 = CARTESIAN_POINT ( 'NONE',  ( -0.03750000000000004718, 0.03750000000000001249, 0.08749999999999988343 ) ) ;
#5181 = FACE_OUTER_BOUND ( 'NONE', #12772, .T. ) ;
#5182 = CARTESIAN_POINT ( 'NONE',  ( 0.03749999999999999861, 0.3880000000000000115, -0.1875000000000001110 ) ) ;
#5183 = VERTEX_POINT ( 'NONE', #8879 ) ;
#5184 = FACE_BOUND ( 'NONE', #2928, .T. ) ;
#5185 = EDGE_CURVE ( 'NONE', #9116, #2971, #8023, .T. ) ;
#5186 = VECTOR ( 'NONE', #7928, 39.37007874015748143 ) ;
#5187 =( NAMED_UNIT ( * ) SI_UNIT ( $, .STERADIAN. ) SOLID_ANGLE_UNIT ( ) );
#5188 = CARTESIAN_POINT ( 'NONE',  ( 0.09499999999999998723, 0.1419999999999999873, -0.1640000000000000902 ) ) ;
#5189 = ORIENTED_EDGE ( 'NONE', *, *, #12120, .T. ) ;
#5190 = PLANE ( 'NONE',  #4138 ) ;
#5191 = DIRECTION ( 'NONE',  ( 0.000000000000000000, 0.000000000000000000, -1.000000000000000000 ) ) ;
#5192 = ORIENTED_EDGE ( 'NONE', *, *, #1560, .F. ) ;
#5193 = AXIS2_PLACEMENT_3D ( 'NONE', #1906, #11138, #964 ) ;
#5194 = DIRECTION ( 'NONE',  ( -0.000000000000000000, -0.000000000000000000, 1.000000000000000000 ) ) ;
#5195 = FACE_OUTER_BOUND ( 'NONE', #9128, .T. ) ;
#5196 = AXIS2_PLACEMENT_3D ( 'NONE', #5371, #4321, #12397 ) ;
#5197 = DIRECTION ( 'NONE',  ( -3.045457963692998845E-16, -1.000000000000000000, 0.000000000000000000 ) ) ;
#5198 = VERTEX_POINT ( 'NONE', #4026 ) ;
#5199 = LINE ( 'NONE', #9313, #12118 ) ;
#5200 = VECTOR ( 'NONE', #4731, 39.37007874015748143 ) ;
#5201 = AXIS2_PLACEMENT_3D ( 'NONE', #5431, #11324, #3202 ) ;
#5202 = CARTESIAN_POINT ( 'NONE',  ( 0.03749999999999999861, 0.05799999999999996825, -0.1125000000000001138 ) ) ;
#5203 = VECTOR ( 'NONE', #8371, 39.37007874015748143 ) ;
#5204 = ORIENTED_EDGE ( 'NONE', *, *, #4990, .T. ) ;
#5205 = ORIENTED_EDGE ( 'NONE', *, *, #9781, .T. ) ;
#5206 = DIRECTION ( 'NONE',  ( -3.045457963692998845E-16, -1.000000000000000000, -0.000000000000000000 ) ) ;
#5207 = DIRECTION ( 'NONE',  ( -0.9396926207859094271, -0.3420201433256662704, -0.000000000000000000 ) ) ;
#5208 = DIRECTION ( 'NONE',  ( 0.3236155771181825069, -0.8891264907159898145, -0.3236155771181825069 ) ) ;
#5209 = VECTOR ( 'NONE', #12650, 39.37007874015748143 ) ;
#5210 = DIRECTION ( 'NONE',  ( 2.435670465107224942E-16, 1.000000000000000000, 0.000000000000000000 ) ) ;
#5211 = LINE ( 'NONE', #10256, #8331 ) ;
#5212 = DIRECTION ( 'NONE',  ( -0.000000000000000000, -0.000000000000000000, -1.000000000000000000 ) ) ;
#5213 = CARTESIAN_POINT ( 'NONE',  ( 0.07000000000000017319, 0.1419999999999999873, 0.1470000000000000195 ) ) ;
#5214 = SURFACE_STYLE_USAGE ( .BOTH. , #3051 ) ;
#5215 = VECTOR ( 'NONE', #3433, 39.37007874015748143 ) ;
#5216 = ADVANCED_FACE ( 'NONE', ( #5884 ), #1069, .F. ) ;
#5217 = ORIENTED_EDGE ( 'NONE', *, *, #2454, .F. ) ;
#5218 = ORIENTED_EDGE ( 'NONE', *, *, #404, .T. ) ;
#5219 = CARTESIAN_POINT ( 'NONE',  ( -0.06250000000000001388, 0.2150000000000000244, -0.1125000000000001138 ) ) ;
#5220 = ORIENTED_EDGE ( 'NONE', *, *, #7690, .F. ) ;
#5221 = AXIS2_PLACEMENT_3D ( 'NONE', #10462, #10653, #7545 ) ;
#5222 = DIRECTION ( 'NONE',  ( -0.000000000000000000, -0.000000000000000000, -1.000000000000000000 ) ) ;
#5223 = DIRECTION ( 'NONE',  ( 0.9153150324227631307, -0.000000000000000000, 0.4027386142660223656 ) ) ;
#5224 = VECTOR ( 'NONE', #10464, 39.37007874015748143 ) ;
#5225 = DIRECTION ( 'NONE',  ( 0.000000000000000000, -1.000000000000000000, 0.000000000000000000 ) ) ;
#5226 = EDGE_LOOP ( 'NONE', ( #4075, #7142, #1194, #1571 ) ) ;
#5227 = PLANE ( 'NONE',  #5844 ) ;
#5228 = UNCERTAINTY_MEASURE_WITH_UNIT (LENGTH_MEASURE( 1.000000000000000082E-05 ), #2643, 'distance_accuracy_value', 'NONE');
#5229 = ORIENTED_EDGE ( 'NONE', *, *, #5951, .F. ) ;
#5230 = DIRECTION ( 'NONE',  ( 1.000000000000000000, -0.000000000000000000, -0.000000000000000000 ) ) ;
#5231 = DIRECTION ( 'NONE',  ( -0.000000000000000000, 1.000000000000000000, -0.000000000000000000 ) ) ;
#5232 = PRESENTATION_LAYER_ASSIGNMENT (  '', '', ( #2927 ) ) ;
#5233 = FACE_OUTER_BOUND ( 'NONE', #3663, .T. ) ;
#5234 = ADVANCED_FACE ( 'NONE', ( #9007 ), #10004, .T. ) ;
#5235 = DIRECTION ( 'NONE',  ( 1.000000000000000000, 0.000000000000000000, 0.000000000000000000 ) ) ;
#5236 = VECTOR ( 'NONE', #11558, 39.37007874015748143 ) ;
#5237 = EDGE_CURVE ( 'NONE', #12382, #11742, #2007, .T. ) ;
#5238 = CIRCLE ( 'NONE', #7135, 0.01250000000000008049 ) ;
#5239 = DIMENSIONAL_EXPONENTS ( 1.000000000000000000, 0.000000000000000000, 0.000000000000000000, 0.000000000000000000, 0.000000000000000000, 0.000000000000000000, 0.000000000000000000 ) ;
#5240 = ORIENTED_EDGE ( 'NONE', *, *, #408, .T. ) ;
#5241 = CARTESIAN_POINT ( 'NONE',  ( 0.1213779527559052385, -2.828069580055263522E-18, 0.01249999999999990008 ) ) ;
#5242 = DIRECTION ( 'NONE',  ( -0.000000000000000000, -1.000000000000000000, -0.000000000000000000 ) ) ;
#5243 = DIRECTION ( 'NONE',  ( -0.000000000000000000, 1.000000000000000000, -0.000000000000000000 ) ) ;
#5244 = ORIENTED_EDGE ( 'NONE', *, *, #8309, .T. ) ;
#5245 = VECTOR ( 'NONE', #3185, 39.37007874015748143 ) ;
#5246 = DIRECTION ( 'NONE',  ( 1.000000000000000000, 0.000000000000000000, 0.000000000000000000 ) ) ;
#5247 = LINE ( 'NONE', #5178, #10072 ) ;
#5248 = VERTEX_POINT ( 'NONE', #10931 ) ;
#5249 = DIRECTION ( 'NONE',  ( 1.000000000000000000, 0.000000000000000000, 0.000000000000000000 ) ) ;
#5250 =( NAMED_UNIT ( * ) SI_UNIT ( $, .STERADIAN. ) SOLID_ANGLE_UNIT ( ) );
#5251 = EDGE_CURVE ( 'NONE', #8240, #3536, #6892, .T. ) ;
#5252 =( NAMED_UNIT ( * ) SI_UNIT ( $, .STERADIAN. ) SOLID_ANGLE_UNIT ( ) );
#5253 = EDGE_LOOP ( 'NONE', ( #10616, #8461, #10708, #8728 ) ) ;
#5254 = SURFACE_STYLE_USAGE ( .BOTH. , #3279 ) ;
#5255 = PLANE ( 'NONE',  #2430 ) ;
#5256 = AXIS2_PLACEMENT_3D ( 'NONE', #12520, #12468, #5573 ) ;
#5257 = EDGE_CURVE ( 'NONE', #9152, #6193, #936, .T. ) ;
#5258 = VECTOR ( 'NONE', #10239, 39.37007874015748143 ) ;
#5259 = VECTOR ( 'NONE', #8761, 39.37007874015748143 ) ;
#5260 = ADVANCED_FACE ( 'NONE', ( #12910 ), #9135, .T. ) ;
#5261 = EDGE_CURVE ( 'NONE', #13010, #3285, #90, .T. ) ;
#5262 = EDGE_CURVE ( 'NONE', #8046, #8311, #5026, .T. ) ;
#5263 = CARTESIAN_POINT ( 'NONE',  ( -0.06250000000000001388, 0.3880000000000000115, -0.1125000000000001138 ) ) ;
#5264 = SURFACE_STYLE_FILL_AREA ( #2247 ) ;
#5265 = ORIENTED_EDGE ( 'NONE', *, *, #11535, .T. ) ;
#5266 = LINE ( 'NONE', #12410, #9062 ) ;
#5267 = ORIENTED_EDGE ( 'NONE', *, *, #7380, .F. ) ;
#5268 = AXIS2_PLACEMENT_3D ( 'NONE', #5301, #166, #2353 ) ;
#5269 = LINE ( 'NONE', #12346, #7977 ) ;
#5270 = ADVANCED_FACE ( 'NONE', ( #8079 ), #3126, .T. ) ;
#5271 = CARTESIAN_POINT ( 'NONE',  ( 0.04609772206928037380, 0.3880000000000000115, 0.003902277930719528359 ) ) ;
#5272 = DIRECTION ( 'NONE',  ( 0.000000000000000000, 0.000000000000000000, 1.000000000000000000 ) ) ;
#5273 = ORIENTED_EDGE ( 'NONE', *, *, #12786, .T. ) ;
#5274 = PLANE ( 'NONE',  #8106 ) ;
#5275 = UNCERTAINTY_MEASURE_WITH_UNIT (LENGTH_MEASURE( 1.000000000000000082E-05 ), #3394, 'distance_accuracy_value', 'NONE');
#5276 = ADVANCED_FACE ( 'NONE', ( #11247 ), #12377, .T. ) ;
#5277 = DIRECTION ( 'NONE',  ( -0.000000000000000000, 0.000000000000000000, 1.000000000000000000 ) ) ;
#5278 = EDGE_CURVE ( 'NONE', #11201, #2765, #3387, .T. ) ;
#5279 = DIMENSIONAL_EXPONENTS ( 1.000000000000000000, 0.000000000000000000, 0.000000000000000000, 0.000000000000000000, 0.000000000000000000, 0.000000000000000000, 0.000000000000000000 ) ;
#5280 =( NAMED_UNIT ( * ) PLANE_ANGLE_UNIT ( ) SI_UNIT ( $, .RADIAN. ) );
#5281 = ORIENTED_EDGE ( 'NONE', *, *, #6188, .T. ) ;
#5282 = ORIENTED_EDGE ( 'NONE', *, *, #5557, .T. ) ;
#5283 = SURFACE_SIDE_STYLE ('',( #325 ) ) ;
#5284 = DIRECTION ( 'NONE',  ( -0.000000000000000000, -0.000000000000000000, -1.000000000000000000 ) ) ;
#5285 = DIRECTION ( 'NONE',  ( 0.000000000000000000, -0.000000000000000000, 1.000000000000000000 ) ) ;
#5286 = PLANE ( 'NONE',  #10441 ) ;
#5287 = LINE ( 'NONE', #9399, #12836 ) ;
#5288 = ORIENTED_EDGE ( 'NONE', *, *, #11239, .F. ) ;
#5289 = EDGE_LOOP ( 'NONE', ( #2625, #11224, #8814, #2395 ) ) ;
#5290 = SURFACE_STYLE_USAGE ( .BOTH. , #1319 ) ;
#5291 = ORIENTED_EDGE ( 'NONE', *, *, #6638, .F. ) ;
#5292 = DIRECTION ( 'NONE',  ( -0.000000000000000000, 1.000000000000000000, -0.000000000000000000 ) ) ;
#5293 = DIRECTION ( 'NONE',  ( 1.000000000000000000, -6.097874985857736561E-17, 0.000000000000000000 ) ) ;
#5294 = ORIENTED_EDGE ( 'NONE', *, *, #8586, .F. ) ;
#5295 = PLANE ( 'NONE',  #6921 ) ;
#5296 = ORIENTED_EDGE ( 'NONE', *, *, #11892, .T. ) ;
#5297 = CARTESIAN_POINT ( 'NONE',  ( -0.07000000000000017319, 0.05799999999999996825, -0.1529999999999999694 ) ) ;
#5298 = ORIENTED_EDGE ( 'NONE', *, *, #4422, .F. ) ;
#5299 = FILL_AREA_STYLE_COLOUR ( '', #11255 ) ;
#5300 = FACE_OUTER_BOUND ( 'NONE', #1166, .T. ) ;
#5301 = CARTESIAN_POINT ( 'NONE',  ( -0.06250000000000001388, 0.3643779527559052878, 0.01249999999999990008 ) ) ;
#5302 = ORIENTED_EDGE ( 'NONE', *, *, #4209, .T. ) ;
#5303 = FACE_OUTER_BOUND ( 'NONE', #1818, .T. ) ;
#5304 = FACE_OUTER_BOUND ( 'NONE', #12800, .T. ) ;
#5305 = VERTEX_POINT ( 'NONE', #1267 ) ;
#5306 = SURFACE_STYLE_FILL_AREA ( #4247 ) ;
#5307 =( LENGTH_UNIT ( ) NAMED_UNIT ( * ) SI_UNIT ( $, .METRE. ) );
#5308 = EDGE_CURVE ( 'NONE', #12754, #12437, #11308, .T. ) ;
#5309 = SURFACE_SIDE_STYLE ('',( #1285 ) ) ;
#5310 = EDGE_LOOP ( 'NONE', ( #3315, #12896, #8659, #6938 ) ) ;
#5311 = DIRECTION ( 'NONE',  ( -1.000000000000000000, -6.097874985857737794E-17, 0.000000000000000000 ) ) ;
#5312 = CARTESIAN_POINT ( 'NONE',  ( -0.09499999999999998723, 0.04999999999999998196, -0.03599999999999999034 ) ) ;
#5313 = DIRECTION ( 'NONE',  ( -2.435670465107224942E-16, -1.000000000000000000, 0.000000000000000000 ) ) ;
#5314 = ORIENTED_EDGE ( 'NONE', *, *, #8714, .F. ) ;
#5315 = CARTESIAN_POINT ( 'NONE',  ( -0.06999999999999999278, 0.05799999999999997519, 0.06199999999999973588 ) ) ;
#5316 = CARTESIAN_POINT ( 'NONE',  ( -0.07000000000000017319, 0.1419999999999999873, 0.1470000000000000195 ) ) ;
#5317 = EDGE_LOOP ( 'NONE', ( #8474, #9532, #1665, #13059 ) ) ;
#5318 = AXIS2_PLACEMENT_3D ( 'NONE', #4459, #8682, #10416 ) ;
#5319 = ADVANCED_FACE ( 'NONE', ( #1203 ), #6342, .F. ) ;
#5320 = CIRCLE ( 'NONE', #9977, 0.03750000000000008882 ) ;
#5321 = CLOSED_SHELL ( 'NONE', ( #10193, #4465, #3477, #11564, #518, #7189, #8900, #3002, #8501, #2763, #4852, #1885, #4850, #11169, #940, #2537, #12139, #12281 ) ) ;
#5322 = PLANE ( 'NONE',  #10905 ) ;
#5323 = EDGE_CURVE ( 'NONE', #7612, #5828, #2279, .T. ) ;
#5324 = FACE_OUTER_BOUND ( 'NONE', #5591, .T. ) ;
#5325 = ORIENTED_EDGE ( 'NONE', *, *, #2856, .F. ) ;
#5326 = CARTESIAN_POINT ( 'NONE',  ( -0.03749999999999999861, 0.05799999999999996825, -0.1875000000000001110 ) ) ;
#5327 = CARTESIAN_POINT ( 'NONE',  ( -0.09499999999999998723, 0.1420000000000000151, 0.2500000000000000555 ) ) ;
#5328 = EDGE_CURVE ( 'NONE', #7115, #1357, #9199, .T. ) ;
#5329 = EDGE_LOOP ( 'NONE', ( #9355, #10726, #11020, #6241 ) ) ;
#5330 = AXIS2_PLACEMENT_3D ( 'NONE', #12161, #3108, #11166 ) ;
#5331 = ORIENTED_EDGE ( 'NONE', *, *, #6382, .F. ) ;
#5332 = FACE_OUTER_BOUND ( 'NONE', #4226, .T. ) ;
#5333 = EDGE_CURVE ( 'NONE', #4062, #4453, #9469, .T. ) ;
#5334 =( LENGTH_UNIT ( ) NAMED_UNIT ( * ) SI_UNIT ( $, .METRE. ) );
#5335 = DIRECTION ( 'NONE',  ( 0.000000000000000000, 0.000000000000000000, 1.000000000000000000 ) ) ;
#5336 = CARTESIAN_POINT ( 'NONE',  ( -0.09500000000000001499, 0.1419999999999999873, -0.03599999999999992789 ) ) ;
#5337 = CARTESIAN_POINT ( 'NONE',  ( 0.07500000000000003886, 0.03750000000000000555, 0.1999999999999999833 ) ) ;
#5338 = ADVANCED_FACE ( 'NONE', ( #9409 ), #4230, .F. ) ;
#5339 = STYLED_ITEM ( 'NONE', ( #4817 ), #3010 ) ;
#5340 = MECHANICAL_DESIGN_GEOMETRIC_PRESENTATION_REPRESENTATION (  '', ( #11039 ), #3035 ) ;
#5341 = VECTOR ( 'NONE', #7973, 39.37007874015748143 ) ;
#5342 = DIRECTION ( 'NONE',  ( 3.045457963692998845E-16, -1.000000000000000000, 0.000000000000000000 ) ) ;
#5343 = EDGE_CURVE ( 'NONE', #12437, #9403, #410, .T. ) ;
#5344 = VECTOR ( 'NONE', #1674, 39.37007874015748143 ) ;
#5345 = ORIENTED_EDGE ( 'NONE', *, *, #7037, .F. ) ;
#5346 = ORIENTED_EDGE ( 'NONE', *, *, #5407, .F. ) ;
#5347 = LENGTH_MEASURE_WITH_UNIT ( LENGTH_MEASURE( 0.02539999999999999897 ), #8402 );
#5348 = MECHANICAL_DESIGN_GEOMETRIC_PRESENTATION_REPRESENTATION (  '', ( #3661 ), #784 ) ;
#5349 = ORIENTED_EDGE ( 'NONE', *, *, #5380, .T. ) ;
#5350 = CARTESIAN_POINT ( 'NONE',  ( -0.03749999999999999861, 0.1419999999999999873, 0.2124999999999999112 ) ) ;
#5351 = DIMENSIONAL_EXPONENTS ( 1.000000000000000000, 0.000000000000000000, 0.000000000000000000, 0.000000000000000000, 0.000000000000000000, 0.000000000000000000, 0.000000000000000000 ) ;
#5352 = CARTESIAN_POINT ( 'NONE',  ( -0.06250000000000001388, 0.2150000000000000244, 0.01249999999999990008 ) ) ;
#5353 = ORIENTED_EDGE ( 'NONE', *, *, #8807, .T. ) ;
#5354 = DIRECTION ( 'NONE',  ( -0.8891264907159903697, -0.3236155771181813412, -0.3236155771181821739 ) ) ;
#5355 = AXIS2_PLACEMENT_3D ( 'NONE', #4012, #5074, #11838 ) ;
#5356 = UNCERTAINTY_MEASURE_WITH_UNIT (LENGTH_MEASURE( 1.000000000000000082E-05 ), #1809, 'distance_accuracy_value', 'NONE');
#5357 = EDGE_LOOP ( 'NONE', ( #10262, #4141, #7052, #11278 ) ) ;
#5358 = CARTESIAN_POINT ( 'NONE',  ( 0.09499999999999998723, 0.05799999999999997519, 0.03599999999999993483 ) ) ;
#5359 = LENGTH_MEASURE_WITH_UNIT ( LENGTH_MEASURE( 0.02539999999999999897 ), #10343 );
#5360 = VECTOR ( 'NONE', #3365, 39.37007874015748143 ) ;
#5361 = CARTESIAN_POINT ( 'NONE',  ( 0.06250000000000001388, 0.3880000000000000115, -0.2125000000000001332 ) ) ;
#5362 = ORIENTED_EDGE ( 'NONE', *, *, #7420, .F. ) ;
#5363 = AXIS2_PLACEMENT_3D ( 'NONE', #10947, #2953, #8161 ) ;
#5364 = EDGE_LOOP ( 'NONE', ( #2635, #1528 ) ) ;
#5365 = FACE_OUTER_BOUND ( 'NONE', #4196, .T. ) ;
#5366 = FACE_OUTER_BOUND ( 'NONE', #11006, .T. ) ;
#5367 = DIRECTION ( 'NONE',  ( -1.000000000000000000, 0.000000000000000000, 0.000000000000000000 ) ) ;
#5368 = ORIENTED_EDGE ( 'NONE', *, *, #2543, .T. ) ;
#5369 = DIRECTION ( 'NONE',  ( 1.000000000000000000, 0.000000000000000000, -0.000000000000000000 ) ) ;
#5370 = AXIS2_PLACEMENT_3D ( 'NONE', #6831, #689, #12659 ) ;
#5371 = CARTESIAN_POINT ( 'NONE',  ( -0.07000000000000017319, 0.05799999999999996825, -0.1529999999999999694 ) ) ;
#5372 = EDGE_LOOP ( 'NONE', ( #2560, #6115 ) ) ;
#5373 = FACE_OUTER_BOUND ( 'NONE', #12189, .T. ) ;
#5374 = CARTESIAN_POINT ( 'NONE',  ( 0.1213779527559052523, 2.925482699725639421E-18, -0.2125000000000001332 ) ) ;
#5375 = FILL_AREA_STYLE_COLOUR ( '', #3286 ) ;
#5376 = EDGE_LOOP ( 'NONE', ( #4129, #3819, #7125, #2000 ) ) ;
#5377 = DIRECTION ( 'NONE',  ( -0.000000000000000000, -1.000000000000000000, -0.000000000000000000 ) ) ;
#5378 = AXIS2_PLACEMENT_3D ( 'NONE', #8898, #10814, #645 ) ;
#5379 = FILL_AREA_STYLE ('',( #2169 ) ) ;
#5380 = EDGE_CURVE ( 'NONE', #11378, #7020, #279, .T. ) ;
#5381 = LINE ( 'NONE', #6310, #11878 ) ;
#5382 = ORIENTED_EDGE ( 'NONE', *, *, #6728, .F. ) ;
#5383 = LINE ( 'NONE', #1241, #10281 ) ;
#5384 = DIRECTION ( 'NONE',  ( -3.045457963692998845E-16, 1.000000000000000000, 0.000000000000000000 ) ) ;
#5385 = ORIENTED_EDGE ( 'NONE', *, *, #1871, .T. ) ;
#5386 = FACE_OUTER_BOUND ( 'NONE', #919, .T. ) ;
#5387 = DIRECTION ( 'NONE',  ( 0.000000000000000000, -0.3420201433256662704, -0.9396926207859094271 ) ) ;
#5388 = FACE_OUTER_BOUND ( 'NONE', #4380, .T. ) ;
#5389 = ORIENTED_EDGE ( 'NONE', *, *, #10513, .T. ) ;
#5390 = DIRECTION ( 'NONE',  ( 0.000000000000000000, 0.000000000000000000, 1.000000000000000000 ) ) ;
#5391 = AXIS2_PLACEMENT_3D ( 'NONE', #9322, #10385, #9585 ) ;
#5392 = VECTOR ( 'NONE', #5784, 39.37007874015748143 ) ;
#5393 = CARTESIAN_POINT ( 'NONE',  ( -0.03749999999999999861, 0.2150000000000000244, 0.2124999999999999112 ) ) ;
#5394 = EDGE_CURVE ( 'NONE', #1585, #8156, #10663, .T. ) ;
#5395 = EDGE_CURVE ( 'NONE', #10541, #10389, #10271, .T. ) ;
#5396 = ORIENTED_EDGE ( 'NONE', *, *, #1964, .T. ) ;
#5397 = VERTEX_POINT ( 'NONE', #10337 ) ;
#5398 = CARTESIAN_POINT ( 'NONE',  ( -0.05390227793071963869, 0.3880000000000000115, 0.09609772206928025862 ) ) ;
#5399 =( NAMED_UNIT ( * ) PLANE_ANGLE_UNIT ( ) SI_UNIT ( $, .RADIAN. ) );
#5400 = LINE ( 'NONE', #8464, #10509 ) ;
#5401 = CIRCLE ( 'NONE', #10701, 0.007999999999999998432 ) ;
#5402 =( CONVERSION_BASED_UNIT ( 'INCH', #392 ) LENGTH_UNIT ( ) NAMED_UNIT ( #12489 ) );
#5403 = LINE ( 'NONE', #9456, #12160 ) ;
#5404 = CARTESIAN_POINT ( 'NONE',  ( 0.06250000000000001388, 0.2150000000000000244, -0.1125000000000001138 ) ) ;
#5405 = AXIS2_PLACEMENT_3D ( 'NONE', #9757, #637, #3660 ) ;
#5406 = CIRCLE ( 'NONE', #5615, 0.007999999999999955064 ) ;
#5407 = EDGE_CURVE ( 'NONE', #300, #5155, #7352, .T. ) ;
#5409 = EDGE_LOOP ( 'NONE', ( #126, #5751, #12694, #1800 ) ) ;
#5408 = EDGE_CURVE ( 'NONE', #5094, #6805, #1323, .T. ) ;
#5410 = VERTEX_POINT ( 'NONE', #8280 ) ;
#5411 = FILL_AREA_STYLE ('',( #9594 ) ) ;
#5412 =( GEOMETRIC_REPRESENTATION_CONTEXT ( 3 ) GLOBAL_UNCERTAINTY_ASSIGNED_CONTEXT ( ( #1941 ) ) GLOBAL_UNIT_ASSIGNED_CONTEXT ( ( #10540, #11590, #4706 ) ) REPRESENTATION_CONTEXT ( 'NONE', 'WORKASPACE' ) );
#5413 = ORIENTED_EDGE ( 'NONE', *, *, #5577, .T. ) ;
#5414 =( LENGTH_UNIT ( ) NAMED_UNIT ( * ) SI_UNIT ( $, .METRE. ) );
#5415 = AXIS2_PLACEMENT_3D ( 'NONE', #1546, #3601, #7640 ) ;
#5416 = DIRECTION ( 'NONE',  ( 0.000000000000000000, 0.000000000000000000, 1.000000000000000000 ) ) ;
#5418 = ORIENTED_EDGE ( 'NONE', *, *, #10046, .F. ) ;
#5417 = ADVANCED_FACE ( 'NONE', ( #3256 ), #8476, .T. ) ;
#5419 = DIRECTION ( 'NONE',  ( 0.000000000000000000, 1.000000000000000000, 0.000000000000000000 ) ) ;
#5420 = ORIENTED_EDGE ( 'NONE', *, *, #2289, .T. ) ;
#5421 = SURFACE_STYLE_FILL_AREA ( #5617 ) ;
#5422 = SURFACE_STYLE_FILL_AREA ( #1397 ) ;
#5423 = EDGE_CURVE ( 'NONE', #2312, #10733, #7411, .T. ) ;
#5424 = MECHANICAL_DESIGN_GEOMETRIC_PRESENTATION_REPRESENTATION (  '', ( #6917 ), #998 ) ;
#5425 = FILL_AREA_STYLE_COLOUR ( '', #10093 ) ;
#5426 = AXIS2_PLACEMENT_3D ( 'NONE', #6613, #12834, #10720 ) ;
#5427 = ORIENTED_EDGE ( 'NONE', *, *, #5893, .F. ) ;
#5428 = VECTOR ( 'NONE', #11776, 39.37007874015748143 ) ;
#5429 = EDGE_LOOP ( 'NONE', ( #5608, #10559, #5389, #10428 ) ) ;
#5430 = CARTESIAN_POINT ( 'NONE',  ( 0.1213779527559052523, 0.02500000000000000486, -0.01250000000000010651 ) ) ;
#5431 = CARTESIAN_POINT ( 'NONE',  ( 0.07000000000000000666, 0.1499999999999999944, -0.03000000000000025910 ) ) ;
#5432 = LINE ( 'NONE', #8489, #6532 ) ;
#5433 = EDGE_LOOP ( 'NONE', ( #78, #3221, #4429, #8193 ) ) ;
#5434 = CARTESIAN_POINT ( 'NONE',  ( 0.07000000000000002054, 0.02737258300203046849, 0.02199999999999978362 ) ) ;
#5435 = CARTESIAN_POINT ( 'NONE',  ( -0.06250000000000001388, 0.2150000000000000244, 0.1874999999999999167 ) ) ;
#5436 = ORIENTED_EDGE ( 'NONE', *, *, #4749, .T. ) ;
#5437 = DIRECTION ( 'NONE',  ( 1.000000000000000000, -2.435670465107224942E-16, -0.000000000000000000 ) ) ;
#5438 = DIRECTION ( 'NONE',  ( 5.850480457187554951E-16, 1.000000000000000000, 0.000000000000000000 ) ) ;
#5439 = MECHANICAL_DESIGN_GEOMETRIC_PRESENTATION_REPRESENTATION (  '', ( #10522 ), #3540 ) ;
#5440 = ORIENTED_EDGE ( 'NONE', *, *, #13007, .T. ) ;
#5441 = LINE ( 'NONE', #11599, #12647 ) ;
#5442 = DIRECTION ( 'NONE',  ( 0.000000000000000000, 0.000000000000000000, 1.000000000000000000 ) ) ;
#5443 = DIMENSIONAL_EXPONENTS ( 1.000000000000000000, 0.000000000000000000, 0.000000000000000000, 0.000000000000000000, 0.000000000000000000, 0.000000000000000000, 0.000000000000000000 ) ;
#5444 = DIRECTION ( 'NONE',  ( 0.000000000000000000, 1.000000000000000000, 0.000000000000000000 ) ) ;
#5445 = AXIS2_PLACEMENT_3D ( 'NONE', #503, #12906, #4832 ) ;
#5446 = VECTOR ( 'NONE', #11319, 39.37007874015748143 ) ;
#5447 = LINE ( 'NONE', #441, #6852 ) ;
#5448 = ORIENTED_EDGE ( 'NONE', *, *, #8409, .T. ) ;
#5449 =( NAMED_UNIT ( * ) SI_UNIT ( $, .STERADIAN. ) SOLID_ANGLE_UNIT ( ) );
#5450 = FACE_OUTER_BOUND ( 'NONE', #1011, .T. ) ;
#5451 = ORIENTED_EDGE ( 'NONE', *, *, #6639, .F. ) ;
#5452 =( CONVERSION_BASED_UNIT ( 'INCH', #7509 ) LENGTH_UNIT ( ) NAMED_UNIT ( #4253 ) );
#5453 =( GEOMETRIC_REPRESENTATION_CONTEXT ( 3 ) GLOBAL_UNCERTAINTY_ASSIGNED_CONTEXT ( ( #9080 ) ) GLOBAL_UNIT_ASSIGNED_CONTEXT ( ( #7404, #2779, #794 ) ) REPRESENTATION_CONTEXT ( 'NONE', 'WORKASPACE' ) );
#5454 =( GEOMETRIC_REPRESENTATION_CONTEXT ( 3 ) GLOBAL_UNCERTAINTY_ASSIGNED_CONTEXT ( ( #3129 ) ) GLOBAL_UNIT_ASSIGNED_CONTEXT ( ( #652, #7729, #1701 ) ) REPRESENTATION_CONTEXT ( 'NONE', 'WORKASPACE' ) );
#5455 = CARTESIAN_POINT ( 'NONE',  ( 0.000000000000000000, 0.05799999999999997519, 0.000000000000000000 ) ) ;
#5456 = ORIENTED_EDGE ( 'NONE', *, *, #9300, .T. ) ;
#5457 = CARTESIAN_POINT ( 'NONE',  ( 0.07000000000000002054, 0.02737258300203046849, 0.03799999999999978395 ) ) ;
#5458 = STYLED_ITEM ( 'NONE', ( #1275 ), #11151 ) ;
#5459 = CARTESIAN_POINT ( 'NONE',  ( -0.06249999999999981959, 0.05799999999999996825, 0.1874999999999999167 ) ) ;
#5460 = FACE_OUTER_BOUND ( 'NONE', #8315, .T. ) ;
#5461 = VECTOR ( 'NONE', #2012, 39.37007874015748143 ) ;
#5462 = AXIS2_PLACEMENT_3D ( 'NONE', #11410, #8247, #3220 ) ;
#5463 = VERTEX_POINT ( 'NONE', #5352 ) ;
#5464 = EDGE_LOOP ( 'NONE', ( #8146, #3581, #11265, #7000 ) ) ;
#5465 =( LENGTH_UNIT ( ) NAMED_UNIT ( * ) SI_UNIT ( $, .METRE. ) );
#5466 = CARTESIAN_POINT ( 'NONE',  ( 0.000000000000000000, 0.2150000000000000244, 0.000000000000000000 ) ) ;
#5467 = CARTESIAN_POINT ( 'NONE',  ( -0.03749999999999999861, 0.3880000000000000115, -0.1125000000000001138 ) ) ;
#5468 = FACE_OUTER_BOUND ( 'NONE', #37, .T. ) ;
#5469 = DIMENSIONAL_EXPONENTS ( 1.000000000000000000, 0.000000000000000000, 0.000000000000000000, 0.000000000000000000, 0.000000000000000000, 0.000000000000000000, 0.000000000000000000 ) ;
#5470 = CARTESIAN_POINT ( 'NONE',  ( 0.06250000000000001388, 0.2150000000000000244, 0.08749999999999988343 ) ) ;
#5471 = LINE ( 'NONE', #2453, #727 ) ;
#5472 = PRESENTATION_STYLE_ASSIGNMENT (( #7339 ) ) ;
#5473 = EDGE_CURVE ( 'NONE', #5122, #4145, #8411, .T. ) ;
#5474 = PRESENTATION_LAYER_ASSIGNMENT (  '', '', ( #2957 ) ) ;
#5475 = LINE ( 'NONE', #2332, #2299 ) ;
#5476 = EDGE_LOOP ( 'NONE', ( #1327, #2187, #10649, #2122 ) ) ;
#5477 = ORIENTED_EDGE ( 'NONE', *, *, #4280, .F. ) ;
#5478 = DIRECTION ( 'NONE',  ( 0.000000000000000000, 0.000000000000000000, 1.000000000000000000 ) ) ;
#5479 = ORIENTED_EDGE ( 'NONE', *, *, #10186, .T. ) ;
#5480 = AXIS2_PLACEMENT_3D ( 'NONE', #4365, #665, #6603 ) ;
#5481 = CARTESIAN_POINT ( 'NONE',  ( 0.07000000000000002054, 0.05799999999999997519, 0.1299999999999997824 ) ) ;
#5482 = ADVANCED_FACE ( 'NONE', ( #6407 ), #10584, .F. ) ;
#5483 = FACE_OUTER_BOUND ( 'NONE', #4156, .T. ) ;
#5484 = VERTEX_POINT ( 'NONE', #9598 ) ;
#5485 = CARTESIAN_POINT ( 'NONE',  ( -0.1449999999999999623, 0.008597722069280349169, -0.2125000000000001332 ) ) ;
#5486 = UNCERTAINTY_MEASURE_WITH_UNIT (LENGTH_MEASURE( 1.000000000000000082E-05 ), #10684, 'distance_accuracy_value', 'NONE');
#5487 = ADVANCED_FACE ( 'NONE', ( #8724 ), #667, .T. ) ;
#5488 = ORIENTED_EDGE ( 'NONE', *, *, #11875, .T. ) ;
#5489 = LINE ( 'NONE', #4373, #6617 ) ;
#5490 = EDGE_CURVE ( 'NONE', #1478, #7612, #8793, .T. ) ;
#5491 = LENGTH_MEASURE_WITH_UNIT ( LENGTH_MEASURE( 0.02539999999999999897 ), #11052 );
#5492 = LINE ( 'NONE', #10468, #7587 ) ;
#5493 = EDGE_LOOP ( 'NONE', ( #6343, #10672, #9577, #1731 ) ) ;
#5494 = EDGE_CURVE ( 'NONE', #9254, #12012, #6479, .T. ) ;
#5495 = ORIENTED_EDGE ( 'NONE', *, *, #4209, .F. ) ;
#5496 = ADVANCED_FACE ( 'NONE', ( #5483 ), #735, .T. ) ;
#5497 = LINE ( 'NONE', #1406, #1903 ) ;
#5498 = ORIENTED_EDGE ( 'NONE', *, *, #1462, .F. ) ;
#5499 = DIRECTION ( 'NONE',  ( 0.000000000000000000, 0.000000000000000000, -1.000000000000000000 ) ) ;
#5500 = LINE ( 'NONE', #804, #3511 ) ;
#5501 = ORIENTED_EDGE ( 'NONE', *, *, #8074, .T. ) ;
#5502 = DIRECTION ( 'NONE',  ( 0.000000000000000000, 0.000000000000000000, 1.000000000000000000 ) ) ;
#5503 = CARTESIAN_POINT ( 'NONE',  ( -0.06999999999999999278, 0.1726274169979694906, -0.07800000000000022193 ) ) ;
#5504 = DIRECTION ( 'NONE',  ( 0.000000000000000000, 0.000000000000000000, 1.000000000000000000 ) ) ;
#5505 = VERTEX_POINT ( 'NONE', #606 ) ;
#5506 = DIRECTION ( 'NONE',  ( 1.000000000000000000, 0.000000000000000000, 0.000000000000000000 ) ) ;
#5507 =( NAMED_UNIT ( * ) SI_UNIT ( $, .STERADIAN. ) SOLID_ANGLE_UNIT ( ) );
#5508 = ADVANCED_FACE ( 'NONE', ( #5612 ), #7616, .T. ) ;
#5509 = DIRECTION ( 'NONE',  ( 0.000000000000000000, -1.000000000000000000, 0.000000000000000000 ) ) ;
#5510 = EDGE_CURVE ( 'NONE', #175, #13010, #8605, .T. ) ;
#5511 = DIRECTION ( 'NONE',  ( 0.000000000000000000, 0.000000000000000000, 1.000000000000000000 ) ) ;
#5512 = VERTEX_POINT ( 'NONE', #10651 ) ;
#5513 =( LENGTH_UNIT ( ) NAMED_UNIT ( * ) SI_UNIT ( $, .METRE. ) );
#5514 = VERTEX_POINT ( 'NONE', #8539 ) ;
#5515 = DIRECTION ( 'NONE',  ( 0.000000000000000000, 0.000000000000000000, 1.000000000000000000 ) ) ;
#5516 = CARTESIAN_POINT ( 'NONE',  ( -0.07500000000000002498, 0.000000000000000000, 0.1874999999999999167 ) ) ;
#5517 = DIRECTION ( 'NONE',  ( 1.000000000000000000, 0.000000000000000000, 0.000000000000000000 ) ) ;
#5518 = DIRECTION ( 'NONE',  ( 0.000000000000000000, 1.000000000000000000, 0.000000000000000000 ) ) ;
#5519 = EDGE_LOOP ( 'NONE', ( #9759, #8673, #11212, #8214 ) ) ;
#5520 = PLANE ( 'NONE',  #9176 ) ;
#5521 = DIRECTION ( 'NONE',  ( -0.000000000000000000, -1.000000000000000000, -0.000000000000000000 ) ) ;
#5522 = SURFACE_STYLE_FILL_AREA ( #12611 ) ;
#5523 =( GEOMETRIC_REPRESENTATION_CONTEXT ( 3 ) GLOBAL_UNCERTAINTY_ASSIGNED_CONTEXT ( ( #1394 ) ) GLOBAL_UNIT_ASSIGNED_CONTEXT ( ( #4045, #11064, #4324 ) ) REPRESENTATION_CONTEXT ( 'NONE', 'WORKASPACE' ) );
#5524 = CARTESIAN_POINT ( 'NONE',  ( 0.03749999999999999861, 0.1419999999999999873, 0.08749999999999986955 ) ) ;
#5525 = ORIENTED_EDGE ( 'NONE', *, *, #12617, .T. ) ;
#5526 = VERTEX_POINT ( 'NONE', #12759 ) ;
#5527 = VECTOR ( 'NONE', #12422, 39.37007874015748143 ) ;
#5528 = CARTESIAN_POINT ( 'NONE',  ( 0.1213779527559052385, 0.02500000000000000486, 0.01249999999999990008 ) ) ;
#5529 = LINE ( 'NONE', #10569, #8217 ) ;
#5530 = LINE ( 'NONE', #9453, #5841 ) ;
#5531 = CARTESIAN_POINT ( 'NONE',  ( -0.1449999999999999623, 0.008597722069280349169, -0.003902277930719733490 ) ) ;
#5532 = CARTESIAN_POINT ( 'NONE',  ( -0.06999999999999999278, 0.05799999999999997519, 0.1779999999999997418 ) ) ;
#5533 = CARTESIAN_POINT ( 'NONE',  ( -0.1213779527559052385, -2.828069580055263137E-18, 0.08749999999999988343 ) ) ;
#5534 = LENGTH_MEASURE_WITH_UNIT ( LENGTH_MEASURE( 0.02539999999999999897 ), #2330 );
#5535 = PRESENTATION_LAYER_ASSIGNMENT (  '', '', ( #7446 ) ) ;
#5536 = DIRECTION ( 'NONE',  ( 0.000000000000000000, 0.000000000000000000, -1.000000000000000000 ) ) ;
#5537 = AXIS2_PLACEMENT_3D ( 'NONE', #1832, #8767, #9834 ) ;
#5538 = LINE ( 'NONE', #5669, #1142 ) ;
#5539 = ORIENTED_EDGE ( 'NONE', *, *, #4624, .T. ) ;
#5540 = ORIENTED_EDGE ( 'NONE', *, *, #4270, .T. ) ;
#5541 = FACE_OUTER_BOUND ( 'NONE', #8121, .T. ) ;
#5542 = EDGE_CURVE ( 'NONE', #1511, #2937, #470, .T. ) ;
#5543 = ORIENTED_EDGE ( 'NONE', *, *, #9554, .T. ) ;
#5544 = VECTOR ( 'NONE', #3139, 39.37007874015748143 ) ;
#5545 = FACE_OUTER_BOUND ( 'NONE', #12369, .T. ) ;
#5546 = CARTESIAN_POINT ( 'NONE',  ( 0.03749999999999999861, 0.3643779527559052878, -0.08750000000000010547 ) ) ;
#5547 = VECTOR ( 'NONE', #4146, 39.37007874015748143 ) ;
#5548 = ORIENTED_EDGE ( 'NONE', *, *, #2918, .F. ) ;
#5549 = CARTESIAN_POINT ( 'NONE',  ( 0.03749999999999999861, 0.2150000000000000244, 0.1874999999999999167 ) ) ;
#5550 = ORIENTED_EDGE ( 'NONE', *, *, #100, .T. ) ;
#5551 = DIRECTION ( 'NONE',  ( 1.000000000000000000, 0.000000000000000000, -0.000000000000000000 ) ) ;
#5552 = DIRECTION ( 'NONE',  ( -0.000000000000000000, 1.000000000000000000, -0.000000000000000000 ) ) ;
#5553 = VECTOR ( 'NONE', #6628, 39.37007874015748854 ) ;
#5554 = DIMENSIONAL_EXPONENTS ( 1.000000000000000000, 0.000000000000000000, 0.000000000000000000, 0.000000000000000000, 0.000000000000000000, 0.000000000000000000, 0.000000000000000000 ) ;
#5555 = LINE ( 'NONE', #4313, #10542 ) ;
#5556 = VECTOR ( 'NONE', #3634, 39.37007874015748143 ) ;
#5557 = EDGE_CURVE ( 'NONE', #3455, #3653, #3694, .T. ) ;
#5558 = CIRCLE ( 'NONE', #3866, 0.007999999999999989758 ) ;
#5559 = VERTEX_POINT ( 'NONE', #2728 ) ;
#5560 = EDGE_LOOP ( 'NONE', ( #11258, #3237, #1343, #9542 ) ) ;
#5562 = ORIENTED_EDGE ( 'NONE', *, *, #1515, .F. ) ;
#5561 = EDGE_CURVE ( 'NONE', #373, #8490, #12826, .T. ) ;
#5563 = FILL_AREA_STYLE_COLOUR ( '', #9143 ) ;
#5565 = PLANE ( 'NONE',  #10922 ) ;
#5564 = VECTOR ( 'NONE', #6464, 39.37007874015748143 ) ;
#5566 = LINE ( 'NONE', #6625, #3168 ) ;
#5567 = ORIENTED_EDGE ( 'NONE', *, *, #3560, .F. ) ;
#5568 = CARTESIAN_POINT ( 'NONE',  ( -0.06249999999999981959, 0.05799999999999996825, 0.1874999999999999167 ) ) ;
#5569 = EDGE_LOOP ( 'NONE', ( #6642, #10074, #11300, #6025 ) ) ;
#5570 = CARTESIAN_POINT ( 'NONE',  ( 0.1449999999999999623, 0.008597722069280349169, -0.09609772206928048066 ) ) ;
#5571 = DIRECTION ( 'NONE',  ( 0.000000000000000000, 0.000000000000000000, 1.000000000000000000 ) ) ;
#5572 = EDGE_LOOP ( 'NONE', ( #5135, #11517, #5740, #1178 ) ) ;
#5573 = DIRECTION ( 'NONE',  ( -1.000000000000000000, 0.000000000000000000, -0.000000000000000000 ) ) ;
#5574 = DIRECTION ( 'NONE',  ( -0.000000000000000000, -0.3420201433256662704, -0.9396926207859094271 ) ) ;
#5575 = AXIS2_PLACEMENT_3D ( 'NONE', #5851, #9913, #3814 ) ;
#5576 = PLANE ( 'NONE',  #3111 ) ;
#5577 = EDGE_CURVE ( 'NONE', #1497, #8490, #519, .T. ) ;
#5578 = AXIS2_PLACEMENT_3D ( 'NONE', #248, #511, #2435 ) ;
#5579 = DIRECTION ( 'NONE',  ( 1.000000000000000000, 0.000000000000000000, -0.000000000000000000 ) ) ;
#5580 = VECTOR ( 'NONE', #8641, 39.37007874015748143 ) ;
#5582 = VERTEX_POINT ( 'NONE', #6542 ) ;
#5581 = EDGE_CURVE ( 'NONE', #6178, #4385, #7674, .T. ) ;
#5583 = SURFACE_STYLE_USAGE ( .BOTH. , #6703 ) ;
#5584 = ORIENTED_EDGE ( 'NONE', *, *, #9246, .T. ) ;
#5585 = DIRECTION ( 'NONE',  ( 0.000000000000000000, 0.000000000000000000, -1.000000000000000000 ) ) ;
#5587 = LINE ( 'NONE', #9632, #3979 ) ;
#5586 = AXIS2_PLACEMENT_3D ( 'NONE', #2376, #5518, #9442 ) ;
#5588 = LINE ( 'NONE', #9702, #4137 ) ;
#5589 = AXIS2_PLACEMENT_3D ( 'NONE', #7955, #3062, #6083 ) ;
#5590 = CARTESIAN_POINT ( 'NONE',  ( 0.07000000000000000666, 0.1499999999999999944, -0.1300000000000002820 ) ) ;
#5591 = EDGE_LOOP ( 'NONE', ( #757, #1121, #9613, #5165 ) ) ;
#5592 = PLANE ( 'NONE',  #12130 ) ;
#5593 = EDGE_CURVE ( 'NONE', #662, #11767, #4500, .T. ) ;
#5594 = CARTESIAN_POINT ( 'NONE',  ( 0.07500000000000005274, -8.110173731190781122E-17, -0.1125000000000001138 ) ) ;
#5595 = FACE_OUTER_BOUND ( 'NONE', #10545, .T. ) ;
#5596 = ORIENTED_EDGE ( 'NONE', *, *, #9300, .F. ) ;
#5597 = DIRECTION ( 'NONE',  ( 0.000000000000000000, 0.000000000000000000, 1.000000000000000000 ) ) ;
#5598 = CARTESIAN_POINT ( 'NONE',  ( -0.1100440510024104090, 0.1419999999999999873, -0.2359902289355766403 ) ) ;
#5599 = CARTESIAN_POINT ( 'NONE',  ( 0.06250000000000005551, 0.03750000000000001249, 0.1874999999999999167 ) ) ;
#5600 = DIRECTION ( 'NONE',  ( -6.097874985857737794E-17, 1.000000000000000000, 0.000000000000000000 ) ) ;
#5601 = CARTESIAN_POINT ( 'NONE',  ( -0.09499999999999998723, 0.05799999999999996825, -0.1360000000000000098 ) ) ;
#5602 = LINE ( 'NONE', #722, #2099 ) ;
#5603 = AXIS2_PLACEMENT_3D ( 'NONE', #4148, #8200, #5285 ) ;
#5604 = VECTOR ( 'NONE', #3812, 39.37007874015748854 ) ;
#5605 = DIRECTION ( 'NONE',  ( -3.045457963692998845E-16, -1.000000000000000000, -0.000000000000000000 ) ) ;
#5606 =( CONVERSION_BASED_UNIT ( 'INCH', #11630 ) LENGTH_UNIT ( ) NAMED_UNIT ( #11464 ) );
#5607 = VERTEX_POINT ( 'NONE', #12569 ) ;
#5608 = ORIENTED_EDGE ( 'NONE', *, *, #10770, .F. ) ;
#5609 = VECTOR ( 'NONE', #1246, 39.37007874015748143 ) ;
#5610 = ORIENTED_EDGE ( 'NONE', *, *, #12020, .F. ) ;
#5611 = PLANE ( 'NONE',  #1480 ) ;
#5612 = FACE_OUTER_BOUND ( 'NONE', #455, .T. ) ;
#5613 = ORIENTED_EDGE ( 'NONE', *, *, #339, .F. ) ;
#5614 = CARTESIAN_POINT ( 'NONE',  ( -0.06999999999999999278, 0.05799999999999997519, 0.1699999999999997624 ) ) ;
#5615 = AXIS2_PLACEMENT_3D ( 'NONE', #12030, #7199, #3178 ) ;
#5616 = ORIENTED_EDGE ( 'NONE', *, *, #10213, .T. ) ;
#5617 = FILL_AREA_STYLE ('',( #344 ) ) ;
#5618 = AXIS2_PLACEMENT_3D ( 'NONE', #6911, #11813, #11936 ) ;
#5619 = DIRECTION ( 'NONE',  ( 0.000000000000000000, -1.000000000000000000, 0.000000000000000000 ) ) ;
#5620 = ADVANCED_FACE ( 'NONE', ( #1587 ), #4566, .F. ) ;
#5621 = FACE_OUTER_BOUND ( 'NONE', #10288, .T. ) ;
#5622 = ORIENTED_EDGE ( 'NONE', *, *, #6550, .F. ) ;
#5623 = ORIENTED_EDGE ( 'NONE', *, *, #7273, .T. ) ;
#5624 = VERTEX_POINT ( 'NONE', #3822 ) ;
#5625 = CARTESIAN_POINT ( 'NONE',  ( -0.04609772206928037380, 0.3880000000000000115, -0.1960977220692805001 ) ) ;
#5626 =( NAMED_UNIT ( * ) PLANE_ANGLE_UNIT ( ) SI_UNIT ( $, .RADIAN. ) );
#5627 = ORIENTED_EDGE ( 'NONE', *, *, #3339, .T. ) ;
#5628 = CARTESIAN_POINT ( 'NONE',  ( 0.09499999999999998723, 0.6848831648126535443, -0.2430053851276748611 ) ) ;
#5629 = ORIENTED_EDGE ( 'NONE', *, *, #12928, .F. ) ;
#5630 = SURFACE_SIDE_STYLE ('',( #3596 ) ) ;
#5631 = LINE ( 'NONE', #4520, #1730 ) ;
#5632 = VECTOR ( 'NONE', #8851, 39.37007874015748143 ) ;
#5633 = VERTEX_POINT ( 'NONE', #4943 ) ;
#5634 = CARTESIAN_POINT ( 'NONE',  ( 0.07000000000000017319, 0.04999999999999998196, -0.05299999999999997075 ) ) ;
#5635 = EDGE_CURVE ( 'NONE', #2584, #12306, #8993, .T. ) ;
#5636 =( NAMED_UNIT ( * ) PLANE_ANGLE_UNIT ( ) SI_UNIT ( $, .RADIAN. ) );
#5637 = VERTEX_POINT ( 'NONE', #3045 ) ;
#5638 = DIRECTION ( 'NONE',  ( 0.000000000000000000, 0.000000000000000000, -1.000000000000000000 ) ) ;
#5639 = ORIENTED_EDGE ( 'NONE', *, *, #7624, .F. ) ;
#5640 = ADVANCED_FACE ( 'NONE', ( #9925 ), #12899, .T. ) ;
#5641 = DIRECTION ( 'NONE',  ( 0.000000000000000000, 0.000000000000000000, 1.000000000000000000 ) ) ;
#5642 = CARTESIAN_POINT ( 'NONE',  ( 0.03749999999999999861, 0.05799999999999997519, -0.01250000000000010651 ) ) ;
#5643 = PRESENTATION_LAYER_ASSIGNMENT (  '', '', ( #10103 ) ) ;
#5644 = ADVANCED_FACE ( 'NONE', ( #7065 ), #1921, .T. ) ;
#5645 = VERTEX_POINT ( 'NONE', #10058 ) ;
#5646 = CIRCLE ( 'NONE', #10728, 0.007999999999999989758 ) ;
#5647 = FACE_OUTER_BOUND ( 'NONE', #12135, .T. ) ;
#5648 = FACE_OUTER_BOUND ( 'NONE', #4438, .T. ) ;
#5649 = EDGE_CURVE ( 'NONE', #11511, #9193, #991, .T. ) ;
#5650 = ADVANCED_FACE ( 'NONE', ( #6066 ), #12031, .T. ) ;
#5651 = ADVANCED_FACE ( 'NONE', ( #10124 ), #1056, .T. ) ;
#5652 = CARTESIAN_POINT ( 'NONE',  ( -0.03749999999999980432, 0.05799999999999996825, 0.1874999999999999167 ) ) ;
#5653 = PRESENTATION_STYLE_ASSIGNMENT (( #4481 ) ) ;
#5654 = ORIENTED_EDGE ( 'NONE', *, *, #2522, .F. ) ;
#5655 = EDGE_CURVE ( 'NONE', #7901, #4318, #5009, .T. ) ;
#5656 = DIRECTION ( 'NONE',  ( 0.000000000000000000, 0.000000000000000000, 1.000000000000000000 ) ) ;
#5657 = PLANE ( 'NONE',  #10336 ) ;
#5658 = ADVANCED_FACE ( 'NONE', ( #10845 ), #10, .F. ) ;
#5659 = LINE ( 'NONE', #12810, #9662 ) ;
#5660 = FACE_OUTER_BOUND ( 'NONE', #6857, .T. ) ;
#5661 = ADVANCED_FACE ( 'NONE', ( #2789 ), #3890, .F. ) ;
#5662 = VECTOR ( 'NONE', #6000, 39.37007874015748143 ) ;
#5663 = FILL_AREA_STYLE_COLOUR ( '', #7732 ) ;
#5664 = CARTESIAN_POINT ( 'NONE',  ( 0.03749999999999999861, 0.2150000000000000244, 0.08749999999999988343 ) ) ;
#5665 = ADVANCED_FACE ( 'NONE', ( #8866 ), #2851, .T. ) ;
#5666 = VECTOR ( 'NONE', #12746, 39.37007874015748143 ) ;
#5667 = VECTOR ( 'NONE', #4402, 39.37007874015748143 ) ;
#5668 = VECTOR ( 'NONE', #6647, 39.37007874015748143 ) ;
#5669 = CARTESIAN_POINT ( 'NONE',  ( -0.03749999999999999861, 0.05799999999999996825, -0.1875000000000001110 ) ) ;
#5670 = VERTEX_POINT ( 'NONE', #10386 ) ;
#5671 = ORIENTED_EDGE ( 'NONE', *, *, #10031, .F. ) ;
#5672 = ORIENTED_EDGE ( 'NONE', *, *, #3317, .T. ) ;
#5673 = DIRECTION ( 'NONE',  ( 0.000000000000000000, -0.000000000000000000, -1.000000000000000000 ) ) ;
#5674 = DIRECTION ( 'NONE',  ( 0.000000000000000000, 0.000000000000000000, -1.000000000000000000 ) ) ;
#5675 = ORIENTED_EDGE ( 'NONE', *, *, #5005, .T. ) ;
#5676 = DIRECTION ( 'NONE',  ( 0.000000000000000000, 0.000000000000000000, -1.000000000000000000 ) ) ;
#5677 = ORIENTED_EDGE ( 'NONE', *, *, #11639, .T. ) ;
#5678 = DIRECTION ( 'NONE',  ( -0.000000000000000000, -1.000000000000000000, -0.000000000000000000 ) ) ;
#5679 = CARTESIAN_POINT ( 'NONE',  ( 0.07000000000000002054, 0.02737258300203046849, 0.1299999999999997824 ) ) ;
#5680 = PLANE ( 'NONE',  #8181 ) ;
#5681 = DIRECTION ( 'NONE',  ( 0.000000000000000000, 0.000000000000000000, -1.000000000000000000 ) ) ;
#5682 = AXIS2_PLACEMENT_3D ( 'NONE', #3386, #2586, #11634 ) ;
#5683 = EDGE_LOOP ( 'NONE', ( #11408, #2860, #7209, #10403 ) ) ;
#5684 = ORIENTED_EDGE ( 'NONE', *, *, #5394, .F. ) ;
#5685 = ORIENTED_EDGE ( 'NONE', *, *, #9458, .F. ) ;
#5686 = CARTESIAN_POINT ( 'NONE',  ( 0.09499999999999998723, 0.6848831648126535443, 0.2500000000000000555 ) ) ;
#5687 = DIRECTION ( 'NONE',  ( 0.000000000000000000, 0.000000000000000000, -1.000000000000000000 ) ) ;
#5688 = DIRECTION ( 'NONE',  ( 0.000000000000000000, 0.000000000000000000, 1.000000000000000000 ) ) ;
#5689 = FACE_OUTER_BOUND ( 'NONE', #1048, .T. ) ;
#5690 = LINE ( 'NONE', #9614, #1549 ) ;
#5691 = ORIENTED_EDGE ( 'NONE', *, *, #12788, .T. ) ;
#5692 = PLANE ( 'NONE',  #10643 ) ;
#5693 = CARTESIAN_POINT ( 'NONE',  ( -0.06250000000000001388, 0.3880000000000000115, 0.01249999999999990008 ) ) ;
#5694 = EDGE_LOOP ( 'NONE', ( #676, #135, #9567, #2458 ) ) ;
#5695 = CARTESIAN_POINT ( 'NONE',  ( -0.06250000000000001388, 0.2150000000000000244, 0.08749999999999988343 ) ) ;
#5696 = DIRECTION ( 'NONE',  ( 0.000000000000000000, 1.000000000000000000, 0.000000000000000000 ) ) ;
#5697 = PRESENTATION_STYLE_ASSIGNMENT (( #10556 ) ) ;
#5698 = ORIENTED_EDGE ( 'NONE', *, *, #6662, .F. ) ;
#5699 = CARTESIAN_POINT ( 'NONE',  ( -0.07500000000000002498, 0.000000000000000000, 0.1124999999999998918 ) ) ;
#5700 = CARTESIAN_POINT ( 'NONE',  ( 0.03749999999999999861, 0.3643779527559052878, -0.08750000000000010547 ) ) ;
#5701 = ORIENTED_EDGE ( 'NONE', *, *, #851, .T. ) ;
#5702 = EDGE_CURVE ( 'NONE', #7366, #1727, #1771, .T. ) ;
#5703 = CARTESIAN_POINT ( 'NONE',  ( 0.06250000000000005551, 0.03750000000000001249, 0.01249999999999990008 ) ) ;
#5704 = DIRECTION ( 'NONE',  ( -1.000000000000000000, -6.097874985857736561E-17, 0.000000000000000000 ) ) ;
#5705 = DIRECTION ( 'NONE',  ( 0.000000000000000000, 0.000000000000000000, -1.000000000000000000 ) ) ;
#5706 = DIRECTION ( 'NONE',  ( -0.3420201433256658263, -1.041607969234569816E-16, -0.9396926207859095381 ) ) ;
#5707 = ORIENTED_EDGE ( 'NONE', *, *, #8425, .T. ) ;
#5708 = FACE_OUTER_BOUND ( 'NONE', #11089, .T. ) ;
#5709 = LINE ( 'NONE', #7518, #11997 ) ;
#5710 = AXIS2_PLACEMENT_3D ( 'NONE', #6760, #10796, #9272 ) ;
#5711 = EDGE_CURVE ( 'NONE', #4385, #3999, #6195, .T. ) ;
#5712 = ORIENTED_EDGE ( 'NONE', *, *, #2434, .T. ) ;
#5713 = LINE ( 'NONE', #11621, #5972 ) ;
#5714 = ORIENTED_EDGE ( 'NONE', *, *, #12704, .T. ) ;
#5715 = ADVANCED_FACE ( 'NONE', ( #11426 ), #2390, .T. ) ;
#5716 = CARTESIAN_POINT ( 'NONE',  ( 0.03749999999999999861, 0.1419999999999999873, -0.1875000000000001110 ) ) ;
#5717 = LINE ( 'NONE', #2777, #6663 ) ;
#5718 = DIRECTION ( 'NONE',  ( 0.000000000000000000, 0.000000000000000000, 1.000000000000000000 ) ) ;
#5719 = VECTOR ( 'NONE', #11796, 39.37007874015748143 ) ;
#5720 = VECTOR ( 'NONE', #4068, 39.37007874015748143 ) ;
#5721 = ADVANCED_FACE ( 'NONE', ( #8201 ), #5286, .F. ) ;
#5722 = DIRECTION ( 'NONE',  ( -1.000000000000000000, 0.000000000000000000, 0.000000000000000000 ) ) ;
#5723 = ORIENTED_EDGE ( 'NONE', *, *, #1457, .T. ) ;
#5724 = ORIENTED_EDGE ( 'NONE', *, *, #8953, .F. ) ;
#5725 =( NAMED_UNIT ( * ) PLANE_ANGLE_UNIT ( ) SI_UNIT ( $, .RADIAN. ) );
#5726 = EDGE_LOOP ( 'NONE', ( #3884, #8049, #8359, #5362 ) ) ;
#5727 = EDGE_CURVE ( 'NONE', #486, #6600, #11230, .T. ) ;
#5728 = CARTESIAN_POINT ( 'NONE',  ( -0.1605095817734711605, 0.01075725181925857310, -0.001742748180741536881 ) ) ;
#5729 = CARTESIAN_POINT ( 'NONE',  ( 0.04609772206928037380, 0.3880000000000000115, -0.003902277930719733490 ) ) ;
#5730 = CARTESIAN_POINT ( 'NONE',  ( 0.05988182395616164361, 0.3715713323165082960, 0.009881823956161547157 ) ) ;
#5731 = EDGE_LOOP ( 'NONE', ( #11486, #8390, #9571, #8384 ) ) ;
#5732 = VECTOR ( 'NONE', #6173, 39.37007874015748143 ) ;
#5733 = DIRECTION ( 'NONE',  ( -0.000000000000000000, -1.000000000000000000, -0.000000000000000000 ) ) ;
#5734 = EDGE_LOOP ( 'NONE', ( #91, #6885, #5436, #7667 ) ) ;
#5735 = LINE ( 'NONE', #4764, #7351 ) ;
#5736 =( GEOMETRIC_REPRESENTATION_CONTEXT ( 3 ) GLOBAL_UNCERTAINTY_ASSIGNED_CONTEXT ( ( #1175 ) ) GLOBAL_UNIT_ASSIGNED_CONTEXT ( ( #4636, #1795, #4765 ) ) REPRESENTATION_CONTEXT ( 'NONE', 'WORKASPACE' ) );
#5737 = ADVANCED_FACE ( 'NONE', ( #7200 ), #9457, .T. ) ;
#5738 = DIRECTION ( 'NONE',  ( -0.3420201433256649937, -0.9396926207859097602, 0.000000000000000000 ) ) ;
#5739 = DIRECTION ( 'NONE',  ( -1.000000000000000000, -6.097874985857736561E-17, 0.000000000000000000 ) ) ;
#5740 = ORIENTED_EDGE ( 'NONE', *, *, #8807, .F. ) ;
#5741 = VERTEX_POINT ( 'NONE', #2130 ) ;
#5742 = VECTOR ( 'NONE', #2124, 39.37007874015748143 ) ;
#5743 =( CONVERSION_BASED_UNIT ( 'INCH', #5937 ) LENGTH_UNIT ( ) NAMED_UNIT ( #11355 ) );
#5744 = EDGE_LOOP ( 'NONE', ( #3695, #3005 ) ) ;
#5745 = CARTESIAN_POINT ( 'NONE',  ( -0.07000000000000017319, 0.1419999999999999873, -0.05299999999999997075 ) ) ;
#5746 = CIRCLE ( 'NONE', #1547, 0.01250000000000008049 ) ;
#5747 = LINE ( 'NONE', #2675, #5209 ) ;
#5748 = LINE ( 'NONE', #7349, #216 ) ;
#5749 = ORIENTED_EDGE ( 'NONE', *, *, #8415, .T. ) ;
#5750 = DIRECTION ( 'NONE',  ( 0.000000000000000000, 0.000000000000000000, 1.000000000000000000 ) ) ;
#5751 = ORIENTED_EDGE ( 'NONE', *, *, #4922, .T. ) ;
#5752 = CARTESIAN_POINT ( 'NONE',  ( -0.06250000000000001388, 0.2150000000000000244, 0.1124999999999998918 ) ) ;
#5753 = CARTESIAN_POINT ( 'NONE',  ( 0.03750000000000004718, 0.03750000000000001249, -0.1875000000000001110 ) ) ;
#5754 = ORIENTED_EDGE ( 'NONE', *, *, #1871, .F. ) ;
#5755 = FILL_AREA_STYLE ('',( #1883 ) ) ;
#5756 = CARTESIAN_POINT ( 'NONE',  ( 0.1449999999999999623, 0.02500000000000000139, 0.1960977220692802780 ) ) ;
#5757 = PRESENTATION_LAYER_ASSIGNMENT (  '', '', ( #11039 ) ) ;
#5758 = AXIS2_PLACEMENT_3D ( 'NONE', #7497, #6692, #10734 ) ;
#5759 = AXIS2_PLACEMENT_3D ( 'NONE', #2978, #7940, #11027 ) ;
#5760 = ORIENTED_EDGE ( 'NONE', *, *, #3163, .F. ) ;
#5761 = LINE ( 'NONE', #5955, #11244 ) ;
#5762 = VERTEX_POINT ( 'NONE', #2193 ) ;
#5763 = FACE_OUTER_BOUND ( 'NONE', #9527, .T. ) ;
#5764 = COLOUR_RGB ( '',1.000000000000000000, 0.8117647058823529438, 0.5019607843137254832 ) ;
#5765 = EDGE_LOOP ( 'NONE', ( #1254, #6682, #9850, #4178 ) ) ;
#5766 = AXIS2_PLACEMENT_3D ( 'NONE', #9780, #2720, #10577 ) ;
#5767 = CARTESIAN_POINT ( 'NONE',  ( 0.03749999999999999861, 0.3643779527559052878, 0.2124999999999999112 ) ) ;
#5768 = DIRECTION ( 'NONE',  ( 0.000000000000000000, 0.000000000000000000, -1.000000000000000000 ) ) ;
#5769 = SURFACE_STYLE_USAGE ( .BOTH. , #1754 ) ;
#5770 = CARTESIAN_POINT ( 'NONE',  ( -0.1213779527559052385, 0.02500000000000001180, -0.1875000000000001110 ) ) ;
#5771 = EDGE_LOOP ( 'NONE', ( #5712, #9727, #2076, #1658 ) ) ;
#5772 = FILL_AREA_STYLE ('',( #1758 ) ) ;
#5773 = FILL_AREA_STYLE ('',( #3861 ) ) ;
#5774 = DIRECTION ( 'NONE',  ( 0.000000000000000000, -0.000000000000000000, 1.000000000000000000 ) ) ;
#5775 = EDGE_CURVE ( 'NONE', #12936, #9152, #5144, .T. ) ;
#5776 = AXIS2_PLACEMENT_3D ( 'NONE', #127, #9175, #12220 ) ;
#5777 = SURFACE_STYLE_USAGE ( .BOTH. , #11136 ) ;
#5778 = ORIENTED_EDGE ( 'NONE', *, *, #1381, .F. ) ;
#5779 = LENGTH_MEASURE_WITH_UNIT ( LENGTH_MEASURE( 0.02539999999999999897 ), #4865 );
#5781 = AXIS2_PLACEMENT_3D ( 'NONE', #8691, #8835, #773 ) ;
#5780 = DIRECTION ( 'NONE',  ( 0.000000000000000000, 0.000000000000000000, 1.000000000000000000 ) ) ;
#5782 = ORIENTED_EDGE ( 'NONE', *, *, #6645, .T. ) ;
#5783 =( LENGTH_UNIT ( ) NAMED_UNIT ( * ) SI_UNIT ( $, .METRE. ) );
#5784 = DIRECTION ( 'NONE',  ( 2.435670465107224942E-16, -1.000000000000000000, 0.000000000000000000 ) ) ;
#5785 = CARTESIAN_POINT ( 'NONE',  ( 0.06250000000000001388, 0.1419999999999999873, -0.2125000000000001332 ) ) ;
#5786 = PLANE ( 'NONE',  #5145 ) ;
#5787 = DIRECTION ( 'NONE',  ( 0.000000000000000000, 0.000000000000000000, -1.000000000000000000 ) ) ;
#5788 = EDGE_CURVE ( 'NONE', #7612, #11912, #5211, .T. ) ;
#5789 = DIRECTION ( 'NONE',  ( 0.9396926207859094271, -0.3420201433256662704, 0.000000000000000000 ) ) ;
#5790 = EDGE_CURVE ( 'NONE', #4308, #4145, #11295, .T. ) ;
#5791 = EDGE_CURVE ( 'NONE', #6536, #222, #928, .T. ) ;
#5792 = EDGE_LOOP ( 'NONE', ( #2567, #12342, #2483, #2236 ) ) ;
#5793 = ORIENTED_EDGE ( 'NONE', *, *, #1274, .F. ) ;
#5794 = DIRECTION ( 'NONE',  ( -0.000000000000000000, 0.000000000000000000, -1.000000000000000000 ) ) ;
#5795 = ORIENTED_EDGE ( 'NONE', *, *, #10740, .F. ) ;
#5796 = CARTESIAN_POINT ( 'NONE',  ( 0.09499999999999998723, 0.1419999999999999873, -0.03599999999999999034 ) ) ;
#5797 = EDGE_CURVE ( 'NONE', #12439, #11109, #7266, .T. ) ;
#5798 = DIRECTION ( 'NONE',  ( 1.000000000000000000, 0.000000000000000000, 1.437814733507507040E-15 ) ) ;
#5799 = PLANE ( 'NONE',  #2717 ) ;
#5800 = EDGE_CURVE ( 'NONE', #3038, #12936, #8527, .T. ) ;
#5801 = ORIENTED_EDGE ( 'NONE', *, *, #8134, .T. ) ;
#5802 = FILL_AREA_STYLE ('',( #8924 ) ) ;
#5803 = DIRECTION ( 'NONE',  ( -0.000000000000000000, 1.000000000000000000, -0.000000000000000000 ) ) ;
#5804 = ADVANCED_FACE ( 'NONE', ( #12623 ), #11494, .T. ) ;
#5805 = CARTESIAN_POINT ( 'NONE',  ( 0.000000000000000000, 0.04999999999999998196, 0.000000000000000000 ) ) ;
#5806 = AXIS2_PLACEMENT_3D ( 'NONE', #5455, #8511, #377 ) ;
#5807 = VECTOR ( 'NONE', #4869, 39.37007874015748143 ) ;
#5808 = EDGE_LOOP ( 'NONE', ( #9659, #9159, #405, #11207 ) ) ;
#5809 = ORIENTED_EDGE ( 'NONE', *, *, #4910, .F. ) ;
#5810 = LINE ( 'NONE', #750, #9264 ) ;
#5811 = CARTESIAN_POINT ( 'NONE',  ( 0.03749999999999999861, 0.2150000000000000244, 0.1124999999999998918 ) ) ;
#5812 = EDGE_CURVE ( 'NONE', #1478, #2601, #9522, .T. ) ;
#5813 = CARTESIAN_POINT ( 'NONE',  ( -0.09499999999999998723, 0.1419999999999999873, -0.06400000000000007072 ) ) ;
#5814 = CARTESIAN_POINT ( 'NONE',  ( -0.1213779527559052523, 0.02500000000000000486, -0.1125000000000001138 ) ) ;
#5815 = VECTOR ( 'NONE', #9221, 39.37007874015748143 ) ;
#5816 = DIRECTION ( 'NONE',  ( 2.435670465107224942E-16, 1.000000000000000000, 0.000000000000000000 ) ) ;
#5817 = ORIENTED_EDGE ( 'NONE', *, *, #823, .F. ) ;
#5818 = DIRECTION ( 'NONE',  ( -3.045457963692998845E-16, 1.000000000000000000, 0.000000000000000000 ) ) ;
#5819 = CARTESIAN_POINT ( 'NONE',  ( -0.07500000000000005274, 0.000000000000000000, -0.08750000000000010547 ) ) ;
#5820 = VECTOR ( 'NONE', #4405, 39.37007874015748143 ) ;
#5821 = EDGE_CURVE ( 'NONE', #2137, #662, #5471, .T. ) ;
#5822 = ORIENTED_EDGE ( 'NONE', *, *, #5577, .F. ) ;
#5823 = LINE ( 'NONE', #9204, #5877 ) ;
#5824 = LENGTH_MEASURE_WITH_UNIT ( LENGTH_MEASURE( 0.02539999999999999897 ), #632 );
#5825 =( GEOMETRIC_REPRESENTATION_CONTEXT ( 3 ) GLOBAL_UNCERTAINTY_ASSIGNED_CONTEXT ( ( #11310 ) ) GLOBAL_UNIT_ASSIGNED_CONTEXT ( ( #10367, #1355, #12791 ) ) REPRESENTATION_CONTEXT ( 'NONE', 'WORKASPACE' ) );
#5826 = DIRECTION ( 'NONE',  ( -0.000000000000000000, 0.000000000000000000, -1.000000000000000000 ) ) ;
#5827 = AXIS2_PLACEMENT_3D ( 'NONE', #1815, #1886, #5826 ) ;
#5828 = VERTEX_POINT ( 'NONE', #7528 ) ;
#5829 = DIRECTION ( 'NONE',  ( 0.000000000000000000, -1.000000000000000000, 0.000000000000000000 ) ) ;
#5830 = ORIENTED_EDGE ( 'NONE', *, *, #11481, .T. ) ;
#5831 = PLANE ( 'NONE',  #10695 ) ;
#5832 = VERTEX_POINT ( 'NONE', #5533 ) ;
#5833 = VECTOR ( 'NONE', #7160, 39.37007874015748143 ) ;
#5834 = DIRECTION ( 'NONE',  ( 0.000000000000000000, 0.000000000000000000, -1.000000000000000000 ) ) ;
#5835 = SURFACE_STYLE_FILL_AREA ( #10022 ) ;
#5836 = DIRECTION ( 'NONE',  ( 0.000000000000000000, 0.000000000000000000, -1.000000000000000000 ) ) ;
#5837 = DIRECTION ( 'NONE',  ( 6.829619984160656074E-16, 0.000000000000000000, 1.000000000000000000 ) ) ;
#5838 = VECTOR ( 'NONE', #4034, 39.37007874015748854 ) ;
#5839 = ORIENTED_EDGE ( 'NONE', *, *, #8269, .T. ) ;
#5840 = FILL_AREA_STYLE ('',( #11874 ) ) ;
#5841 = VECTOR ( 'NONE', #1441, 39.37007874015748143 ) ;
#5842 = AXIS2_PLACEMENT_3D ( 'NONE', #4932, #4998, #9047 ) ;
#5843 = EDGE_LOOP ( 'NONE', ( #5613, #7181, #4551, #10766 ) ) ;
#5844 = AXIS2_PLACEMENT_3D ( 'NONE', #11046, #2010, #12503 ) ;
#5845 = LINE ( 'NONE', #121, #3978 ) ;
#5846 = ORIENTED_EDGE ( 'NONE', *, *, #485, .T. ) ;
#5847 = AXIS2_PLACEMENT_3D ( 'NONE', #7622, #1396, #2345 ) ;
#5848 = DIRECTION ( 'NONE',  ( 1.000000000000000000, 0.000000000000000000, 0.000000000000000000 ) ) ;
#5849 = CARTESIAN_POINT ( 'NONE',  ( -0.02867962466487989845, 0.05799999999999997519, 0.06518096514745325143 ) ) ;
#5850 = CARTESIAN_POINT ( 'NONE',  ( 0.03749999999999999861, 0.3643779527559052878, -0.01250000000000010651 ) ) ;
#5851 = CARTESIAN_POINT ( 'NONE',  ( -0.07500000000000003886, 0.03750000000000000555, 0.2124999999999999112 ) ) ;
#5852 = CARTESIAN_POINT ( 'NONE',  ( 0.07000000000000017319, 0.04999999999999998196, 0.1470000000000000195 ) ) ;
#5853 = MECHANICAL_DESIGN_GEOMETRIC_PRESENTATION_REPRESENTATION (  '', ( #6504 ), #8210 ) ;
#5854 = MECHANICAL_DESIGN_GEOMETRIC_PRESENTATION_REPRESENTATION (  '', ( #1435 ), #12635 ) ;
#5855 = CIRCLE ( 'NONE', #2407, 0.007999999999999989758 ) ;
#5856 = LENGTH_MEASURE_WITH_UNIT ( LENGTH_MEASURE( 0.02539999999999999897 ), #7057 );
#5857 = ORIENTED_EDGE ( 'NONE', *, *, #7818, .T. ) ;
#5858 = ORIENTED_EDGE ( 'NONE', *, *, #5788, .T. ) ;
#5859 = CARTESIAN_POINT ( 'NONE',  ( -0.1213779527559052523, 0.02500000000000000486, -0.2125000000000001332 ) ) ;
#5860 = VECTOR ( 'NONE', #453, 39.37007874015748143 ) ;
#5861 = VERTEX_POINT ( 'NONE', #11626 ) ;
#5862 = LINE ( 'NONE', #9854, #5124 ) ;
#5863 = ADVANCED_FACE ( 'NONE', ( #10511 ), #6592, .F. ) ;
#5864 = DIRECTION ( 'NONE',  ( -0.4027386142660224211, 0.000000000000000000, -0.9153150324227632417 ) ) ;
#5865 =( LENGTH_UNIT ( ) NAMED_UNIT ( * ) SI_UNIT ( $, .METRE. ) );
#5866 = FACE_OUTER_BOUND ( 'NONE', #1529, .T. ) ;
#5867 =( GEOMETRIC_REPRESENTATION_CONTEXT ( 3 ) GLOBAL_UNCERTAINTY_ASSIGNED_CONTEXT ( ( #11577 ) ) GLOBAL_UNIT_ASSIGNED_CONTEXT ( ( #6302, #10295, #4251 ) ) REPRESENTATION_CONTEXT ( 'NONE', 'WORKASPACE' ) );
#5868 = VECTOR ( 'NONE', #7797, 39.37007874015748143 ) ;
#5869 = DIRECTION ( 'NONE',  ( 0.000000000000000000, 0.000000000000000000, 1.000000000000000000 ) ) ;
#5870 = CARTESIAN_POINT ( 'NONE',  ( 0.06250000000000001388, 0.05799999999999996825, -0.1875000000000001110 ) ) ;
#5871 = VECTOR ( 'NONE', #8209, 39.37007874015748143 ) ;
#5872 = SURFACE_SIDE_STYLE ('',( #3825 ) ) ;
#5873 = CARTESIAN_POINT ( 'NONE',  ( -0.1317360635310592387, 0.003770044005388028304, -0.09127004400538817064 ) ) ;
#5874 = ORIENTED_EDGE ( 'NONE', *, *, #4216, .T. ) ;
#5875 = EDGE_LOOP ( 'NONE', ( #4959, #12838, #2477, #2174 ) ) ;
#5876 = LINE ( 'NONE', #8564, #4813 ) ;
#5877 = VECTOR ( 'NONE', #9338, 39.37007874015748854 ) ;
#5878 = EDGE_CURVE ( 'NONE', #10737, #5637, #3499, .T. ) ;
#5879 = VECTOR ( 'NONE', #1821, 39.37007874015748143 ) ;
#5880 = CARTESIAN_POINT ( 'NONE',  ( 0.07500000000000005274, 0.02500000000000001180, -0.1875000000000001110 ) ) ;
#5881 = FILL_AREA_STYLE_COLOUR ( '', #7176 ) ;
#5882 = EDGE_LOOP ( 'NONE', ( #2547, #8942, #11614, #7233 ) ) ;
#5883 = ADVANCED_FACE ( 'NONE', ( #11557 ), #4557, .T. ) ;
#5884 = FACE_OUTER_BOUND ( 'NONE', #153, .T. ) ;
#5885 = EDGE_CURVE ( 'NONE', #7061, #4967, #1445, .T. ) ;
#5886 = ORIENTED_EDGE ( 'NONE', *, *, #12525, .F. ) ;
#5887 = SURFACE_STYLE_FILL_AREA ( #1879 ) ;
#5888 = DIRECTION ( 'NONE',  ( -2.435670465107224942E-16, -1.000000000000000000, 0.000000000000000000 ) ) ;
#5889 = ORIENTED_EDGE ( 'NONE', *, *, #1462, .T. ) ;
#5890 = SURFACE_STYLE_USAGE ( .BOTH. , #11922 ) ;
#5891 = SURFACE_STYLE_USAGE ( .BOTH. , #12857 ) ;
#5892 = VECTOR ( 'NONE', #5024, 39.37007874015748143 ) ;
#5893 = EDGE_CURVE ( 'NONE', #3536, #6754, #4424, .T. ) ;
#5894 = EDGE_CURVE ( 'NONE', #6112, #4098, #12275, .T. ) ;
#5895 = EDGE_CURVE ( 'NONE', #11400, #1655, #1238, .T. ) ;
#5896 = ORIENTED_EDGE ( 'NONE', *, *, #9607, .T. ) ;
#5897 = CARTESIAN_POINT ( 'NONE',  ( 0.07500000000000005274, 0.02500000000000001180, -0.1125000000000001138 ) ) ;
#5898 = LINE ( 'NONE', #10085, #8175 ) ;
#5899 = PLANE ( 'NONE',  #12453 ) ;
#5900 = EDGE_LOOP ( 'NONE', ( #2160, #257 ) ) ;
#5901 = PLANE ( 'NONE',  #11708 ) ;
#5902 = ADVANCED_FACE ( 'NONE', ( #10423 ), #10300, .T. ) ;
#5903 = CARTESIAN_POINT ( 'NONE',  ( -0.03749999999999999861, 0.2150000000000000244, 0.08749999999999988343 ) ) ;
#5904 = CARTESIAN_POINT ( 'NONE',  ( -0.06250000000000001388, 0.2150000000000000244, 0.2124999999999999112 ) ) ;
#5905 = FACE_OUTER_BOUND ( 'NONE', #358, .T. ) ;
#5906 = DIRECTION ( 'NONE',  ( -0.000000000000000000, 0.000000000000000000, 1.000000000000000000 ) ) ;
#5907 = VERTEX_POINT ( 'NONE', #7439 ) ;
#5908 = SURFACE_STYLE_FILL_AREA ( #5772 ) ;
#5909 =( NAMED_UNIT ( * ) PLANE_ANGLE_UNIT ( ) SI_UNIT ( $, .RADIAN. ) );
#5910 = EDGE_CURVE ( 'NONE', #146, #3674, #2428, .T. ) ;
#5911 = LINE ( 'NONE', #9035, #5732 ) ;
#5912 = ORIENTED_EDGE ( 'NONE', *, *, #10827, .F. ) ;
#5913 = CARTESIAN_POINT ( 'NONE',  ( -0.05390227793071963869, 0.3880000000000000115, -0.1039022779307197386 ) ) ;
#5914 = CARTESIAN_POINT ( 'NONE',  ( 0.09499999999999998723, 0.05799999999999996825, -0.1360000000000000098 ) ) ;
#5915 = ORIENTED_EDGE ( 'NONE', *, *, #6681, .T. ) ;
#5916 = DIRECTION ( 'NONE',  ( 1.000000000000000000, 0.000000000000000000, 0.000000000000000000 ) ) ;
#5917 = FACE_OUTER_BOUND ( 'NONE', #1793, .T. ) ;
#5918 = DIRECTION ( 'NONE',  ( -5.850480457187554951E-16, -1.000000000000000000, -0.000000000000000000 ) ) ;
#5919 = CARTESIAN_POINT ( 'NONE',  ( -0.06250000000000001388, 0.2150000000000000244, 0.2124999999999999112 ) ) ;
#5920 = CARTESIAN_POINT ( 'NONE',  ( 0.07000000000000002054, 0.05799999999999997519, 0.2299999999999997879 ) ) ;
#5921 = CARTESIAN_POINT ( 'NONE',  ( 0.06250000000000001388, 0.2150000000000000244, 0.01249999999999990008 ) ) ;
#5922 = ORIENTED_EDGE ( 'NONE', *, *, #8546, .T. ) ;
#5923 = ORIENTED_EDGE ( 'NONE', *, *, #9472, .T. ) ;
#5924 = DIRECTION ( 'NONE',  ( -0.8891264907159901476, 0.3236155771181820628, -0.3236155771181822849 ) ) ;
#5925 = EDGE_LOOP ( 'NONE', ( #12615, #8186, #293, #10177 ) ) ;
#5926 = LINE ( 'NONE', #7739, #1759 ) ;
#5927 = LINE ( 'NONE', #7939, #4132 ) ;
#5928 =( LENGTH_UNIT ( ) NAMED_UNIT ( * ) SI_UNIT ( $, .METRE. ) );
#5929 = FACE_OUTER_BOUND ( 'NONE', #7504, .T. ) ;
#5930 = CARTESIAN_POINT ( 'NONE',  ( -0.1449999999999999623, 0.01640227793071964008, 0.2000000000000000111 ) ) ;
#5931 = STYLED_ITEM ( 'NONE', ( #5653 ), #6155 ) ;
#5932 = CARTESIAN_POINT ( 'NONE',  ( -0.09499999999999998723, 0.6848831648126535443, 0.2500000000000000555 ) ) ;
#5933 = LINE ( 'NONE', #12037, #9266 ) ;
#5934 = ADVANCED_FACE ( 'NONE', ( #6435 ), #11274, .F. ) ;
#5935 = ORIENTED_EDGE ( 'NONE', *, *, #5655, .T. ) ;
#5936 = EDGE_LOOP ( 'NONE', ( #2859, #9746, #1649, #2986 ) ) ;
#5937 = LENGTH_MEASURE_WITH_UNIT ( LENGTH_MEASURE( 0.02539999999999999897 ), #2740 );
#5938 = AXIS2_PLACEMENT_3D ( 'NONE', #11920, #3717, #9942 ) ;
#5939 = AXIS2_PLACEMENT_3D ( 'NONE', #2032, #12067, #9101 ) ;
#5940 = CARTESIAN_POINT ( 'NONE',  ( 0.1449999999999999623, 0.01640227793071964008, 0.2000000000000000111 ) ) ;
#5941 = CARTESIAN_POINT ( 'NONE',  ( 0.07000000000000017319, 0.04999999999999998196, 0.1470000000000000195 ) ) ;
#5942 = FILL_AREA_STYLE_COLOUR ( '', #1823 ) ;
#5943 = DIRECTION ( 'NONE',  ( 0.4027386142660224211, 0.000000000000000000, -0.9153150324227632417 ) ) ;
#5944 = AXIS2_PLACEMENT_3D ( 'NONE', #11842, #9863, #4825 ) ;
#5945 = ORIENTED_EDGE ( 'NONE', *, *, #12380, .F. ) ;
#5946 = FILL_AREA_STYLE ('',( #7957 ) ) ;
#5947 = DIRECTION ( 'NONE',  ( 0.000000000000000000, 0.000000000000000000, -1.000000000000000000 ) ) ;
#5948 = EDGE_LOOP ( 'NONE', ( #3058, #10678, #9524, #4985 ) ) ;
#5949 = DIRECTION ( 'NONE',  ( 1.000000000000000000, 0.000000000000000000, 0.000000000000000000 ) ) ;
#5950 = CARTESIAN_POINT ( 'NONE',  ( 0.06250000000000001388, 0.3643779527559052878, 0.1874999999999999167 ) ) ;
#5951 = EDGE_CURVE ( 'NONE', #11389, #7166, #5447, .T. ) ;
#5952 = ADVANCED_FACE ( 'NONE', ( #3283 ), #2246, .F. ) ;
#5953 = VECTOR ( 'NONE', #9985, 39.37007874015748143 ) ;
#5954 = ORIENTED_EDGE ( 'NONE', *, *, #9856, .F. ) ;
#5955 = CARTESIAN_POINT ( 'NONE',  ( -0.1449999999999999623, 0.008597722069280349169, 0.1874999999999999167 ) ) ;
#5956 = DIRECTION ( 'NONE',  ( 0.000000000000000000, -0.000000000000000000, 1.000000000000000000 ) ) ;
#5957 = PLANE ( 'NONE',  #1898 ) ;
#5958 = ORIENTED_EDGE ( 'NONE', *, *, #9777, .T. ) ;
#5959 = LINE ( 'NONE', #953, #7056 ) ;
#5960 = VECTOR ( 'NONE', #6406, 39.37007874015748143 ) ;
#5961 = FACE_OUTER_BOUND ( 'NONE', #7193, .T. ) ;
#5962 = CARTESIAN_POINT ( 'NONE',  ( -0.1213779527559052385, -2.828069580055263137E-18, 0.1874999999999999167 ) ) ;
#5963 = CARTESIAN_POINT ( 'NONE',  ( -0.06999999999999999278, 0.1419999999999999873, -0.07800000000000022193 ) ) ;
#5964 = AXIS2_PLACEMENT_3D ( 'NONE', #133, #3946, #11226 ) ;
#5965 = LINE ( 'NONE', #4978, #2876 ) ;
#5966 = ORIENTED_EDGE ( 'NONE', *, *, #11222, .T. ) ;
#5967 = AXIS2_PLACEMENT_3D ( 'NONE', #827, #13043, #12912 ) ;
#5968 = EDGE_CURVE ( 'NONE', #10389, #2465, #6246, .T. ) ;
#5969 = PRESENTATION_STYLE_ASSIGNMENT (( #6974 ) ) ;
#5970 = VECTOR ( 'NONE', #4686, 39.37007874015748854 ) ;
#5971 = EDGE_CURVE ( 'NONE', #1317, #3995, #12339, .T. ) ;
#5972 = VECTOR ( 'NONE', #2710, 39.37007874015748143 ) ;
#5973 = MECHANICAL_DESIGN_GEOMETRIC_PRESENTATION_REPRESENTATION (  '', ( #99 ), #12749 ) ;
#5974 = VERTEX_POINT ( 'NONE', #185 ) ;
#5975 = CARTESIAN_POINT ( 'NONE',  ( -0.2036698591370891265, 0.02995180444377151113, -0.08254819555622855409 ) ) ;
#5976 = DIRECTION ( 'NONE',  ( -0.000000000000000000, 0.000000000000000000, -1.000000000000000000 ) ) ;
#5977 = ORIENTED_EDGE ( 'NONE', *, *, #5096, .F. ) ;
#5978 = DIRECTION ( 'NONE',  ( 0.000000000000000000, 0.000000000000000000, -1.000000000000000000 ) ) ;
#5979 = ADVANCED_FACE ( 'NONE', ( #8308 ), #12407, .T. ) ;
#5980 = DIRECTION ( 'NONE',  ( -0.000000000000000000, 0.000000000000000000, -1.000000000000000000 ) ) ;
#5981 = AXIS2_PLACEMENT_3D ( 'NONE', #12559, #8594, #7466 ) ;
#5982 = CARTESIAN_POINT ( 'NONE',  ( 0.06250000000000001388, 0.2150000000000000244, -0.2125000000000001332 ) ) ;
#5983 = VERTEX_POINT ( 'NONE', #6368 ) ;
#5984 =( CONVERSION_BASED_UNIT ( 'INCH', #3939 ) LENGTH_UNIT ( ) NAMED_UNIT ( #6567 ) );
#5985 = CIRCLE ( 'NONE', #308, 0.007999999999999989758 ) ;
#5986 = DIRECTION ( 'NONE',  ( 0.000000000000000000, -1.000000000000000000, 0.000000000000000000 ) ) ;
#5987 = VECTOR ( 'NONE', #3360, 39.37007874015748854 ) ;
#5988 = CARTESIAN_POINT ( 'NONE',  ( 0.07500000000000003886, 0.03750000000000000555, 0.1999999999999999833 ) ) ;
#5989 = ORIENTED_EDGE ( 'NONE', *, *, #9150, .F. ) ;
#5990 = VERTEX_POINT ( 'NONE', #8130 ) ;
#5991 = CARTESIAN_POINT ( 'NONE',  ( 0.1449999999999999623, -4.268512490100412049E-18, -0.1960977220692805001 ) ) ;
#5992 = ORIENTED_EDGE ( 'NONE', *, *, #12879, .F. ) ;
#5993 = VECTOR ( 'NONE', #5033, 39.37007874015748143 ) ;
#5994 = DIRECTION ( 'NONE',  ( 0.000000000000000000, 0.000000000000000000, 1.000000000000000000 ) ) ;
#5995 = FACE_OUTER_BOUND ( 'NONE', #12655, .T. ) ;
#5996 = MECHANICAL_DESIGN_GEOMETRIC_PRESENTATION_REPRESENTATION (  '', ( #2243 ), #1609 ) ;
#5997 = CARTESIAN_POINT ( 'NONE',  ( 0.06250000000000005551, 0.03750000000000001249, -0.1875000000000001110 ) ) ;
#5998 =( NAMED_UNIT ( * ) PLANE_ANGLE_UNIT ( ) SI_UNIT ( $, .RADIAN. ) );
#5999 =( LENGTH_UNIT ( ) NAMED_UNIT ( * ) SI_UNIT ( $, .METRE. ) );
#6000 = DIRECTION ( 'NONE',  ( -1.000000000000000000, 0.000000000000000000, 0.000000000000000000 ) ) ;
#6001 = ORIENTED_EDGE ( 'NONE', *, *, #12295, .F. ) ;
#6002 = ORIENTED_EDGE ( 'NONE', *, *, #1365, .F. ) ;
#6003 =( GEOMETRIC_REPRESENTATION_CONTEXT ( 3 ) GLOBAL_UNCERTAINTY_ASSIGNED_CONTEXT ( ( #10655 ) ) GLOBAL_UNIT_ASSIGNED_CONTEXT ( ( #7767, #10800, #12715 ) ) REPRESENTATION_CONTEXT ( 'NONE', 'WORKASPACE' ) );
#6004 = DIRECTION ( 'NONE',  ( 2.435670465107224942E-16, -1.000000000000000000, 0.000000000000000000 ) ) ;
#6005 = LINE ( 'NONE', #9871, #10079 ) ;
#6006 = LINE ( 'NONE', #2744, #434 ) ;
#6007 = LINE ( 'NONE', #13040, #7419 ) ;
#6008 = DIRECTION ( 'NONE',  ( 0.000000000000000000, 0.000000000000000000, 1.000000000000000000 ) ) ;
#6009 = VERTEX_POINT ( 'NONE', #9179 ) ;
#6010 = CARTESIAN_POINT ( 'NONE',  ( -0.06249999999999980571, 0.05799999999999996825, 0.2124999999999999112 ) ) ;
#6011 = CARTESIAN_POINT ( 'NONE',  ( -0.03749999999999980432, 0.05799999999999996825, -0.1125000000000001138 ) ) ;
#6012 = UNCERTAINTY_MEASURE_WITH_UNIT (LENGTH_MEASURE( 1.000000000000000082E-05 ), #7333, 'distance_accuracy_value', 'NONE');
#6013 = EDGE_CURVE ( 'NONE', #10588, #9933, #11019, .T. ) ;
#6014 = ORIENTED_EDGE ( 'NONE', *, *, #7014, .F. ) ;
#6015 = CARTESIAN_POINT ( 'NONE',  ( -0.06999999999999999278, 0.1419999999999999873, 0.03799999999999978395 ) ) ;
#6016 = LINE ( 'NONE', #6959, #5993 ) ;
#6017 = AXIS2_PLACEMENT_3D ( 'NONE', #6528, #10638, #10572 ) ;
#6018 = VECTOR ( 'NONE', #11413, 39.37007874015748143 ) ;
#6019 = FACE_OUTER_BOUND ( 'NONE', #4754, .T. ) ;
#6020 =( NAMED_UNIT ( * ) SI_UNIT ( $, .STERADIAN. ) SOLID_ANGLE_UNIT ( ) );
#6021 = ORIENTED_EDGE ( 'NONE', *, *, #1799, .F. ) ;
#6022 =( NAMED_UNIT ( * ) PLANE_ANGLE_UNIT ( ) SI_UNIT ( $, .RADIAN. ) );
#6023 = PLANE ( 'NONE',  #12599 ) ;
#6024 = SURFACE_STYLE_FILL_AREA ( #11863 ) ;
#6025 = ORIENTED_EDGE ( 'NONE', *, *, #7191, .F. ) ;
#6026 = SURFACE_SIDE_STYLE ('',( #5109 ) ) ;
#6027 = FACE_OUTER_BOUND ( 'NONE', #9826, .T. ) ;
#6028 = PRESENTATION_STYLE_ASSIGNMENT (( #2162 ) ) ;
#6029 = EDGE_CURVE ( 'NONE', #7839, #7852, #5065, .T. ) ;
#6030 = LINE ( 'NONE', #3922, #11317 ) ;
#6031 = ORIENTED_EDGE ( 'NONE', *, *, #2992, .F. ) ;
#6032 = DIRECTION ( 'NONE',  ( -0.000000000000000000, -0.3420201433256662704, -0.9396926207859094271 ) ) ;
#6033 = AXIS2_PLACEMENT_3D ( 'NONE', #3919, #11003, #8162 ) ;
#6034 = CARTESIAN_POINT ( 'NONE',  ( 0.1317360635310592387, 0.003770044005388028304, -0.09127004400538817064 ) ) ;
#6035 = ADVANCED_FACE ( 'NONE', ( #1913 ), #9916, .F. ) ;
#6036 = CIRCLE ( 'NONE', #3927, 0.03750000000000008882 ) ;
#6037 = SURFACE_STYLE_FILL_AREA ( #7042 ) ;
#6038 = ORIENTED_EDGE ( 'NONE', *, *, #4678, .T. ) ;
#6039 = CARTESIAN_POINT ( 'NONE',  ( -0.03749999999999980432, 0.05799999999999996825, -0.2125000000000001332 ) ) ;
#6040 = CARTESIAN_POINT ( 'NONE',  ( -0.07500000000000002498, 0.000000000000000000, 0.01249999999999990008 ) ) ;
#6041 = ORIENTED_EDGE ( 'NONE', *, *, #12992, .T. ) ;
#6042 =( GEOMETRIC_REPRESENTATION_CONTEXT ( 3 ) GLOBAL_UNCERTAINTY_ASSIGNED_CONTEXT ( ( #6943 ) ) GLOBAL_UNIT_ASSIGNED_CONTEXT ( ( #9434, #367, #2426 ) ) REPRESENTATION_CONTEXT ( 'NONE', 'WORKASPACE' ) );
#6043 = EDGE_CURVE ( 'NONE', #4096, #7124, #9050, .T. ) ;
#6044 = CARTESIAN_POINT ( 'NONE',  ( -0.06250000000000005551, 0.03750000000000001249, -0.01250000000000010651 ) ) ;
#6045 = CARTESIAN_POINT ( 'NONE',  ( 0.03749999999999999861, 0.2150000000000000244, -0.1125000000000001138 ) ) ;
#6046 = ADVANCED_FACE ( 'NONE', ( #12022 ), #7931, .F. ) ;
#6047 = FACE_BOUND ( 'NONE', #11035, .T. ) ;
#6048 = ORIENTED_EDGE ( 'NONE', *, *, #6534, .F. ) ;
#6049 = CARTESIAN_POINT ( 'NONE',  ( -0.06249999999999981959, 0.05799999999999996825, -0.2125000000000001332 ) ) ;
#6050 = ADVANCED_FACE ( 'NONE', ( #11955 ), #6985, .F. ) ;
#6051 = VECTOR ( 'NONE', #4670, 39.37007874015748143 ) ;
#6052 = VECTOR ( 'NONE', #7223, 39.37007874015748143 ) ;
#6053 = FACE_OUTER_BOUND ( 'NONE', #7777, .T. ) ;
#6054 = ADVANCED_FACE ( 'NONE', ( #6866 ), #12952, .T. ) ;
#6055 = VECTOR ( 'NONE', #2916, 39.37007874015748143 ) ;
#6056 = EDGE_CURVE ( 'NONE', #2712, #8518, #9979, .T. ) ;
#6057 = FILL_AREA_STYLE ('',( #10966 ) ) ;
#6058 = VERTEX_POINT ( 'NONE', #11158 ) ;
#6059 = EDGE_LOOP ( 'NONE', ( #10698, #13053, #1878, #6670 ) ) ;
#6060 = LINE ( 'NONE', #10118, #9364 ) ;
#6061 = EDGE_CURVE ( 'NONE', #8298, #6178, #10048, .T. ) ;
#6062 = CARTESIAN_POINT ( 'NONE',  ( -0.05390227793071963869, 0.3880000000000000115, 0.003902277930719528359 ) ) ;
#6063 = ORIENTED_EDGE ( 'NONE', *, *, #9936, .T. ) ;
#6064 = FACE_OUTER_BOUND ( 'NONE', #7109, .T. ) ;
#6065 = CARTESIAN_POINT ( 'NONE',  ( 0.2036698591370891265, 0.02995180444377151113, -0.08254819555622855409 ) ) ;
#6066 = FACE_OUTER_BOUND ( 'NONE', #11305, .T. ) ;
#6067 = ADVANCED_FACE ( 'NONE', ( #1103 ), #5000, .T. ) ;
#6068 = LINE ( 'NONE', #4222, #3135 ) ;
#6069 = AXIS2_PLACEMENT_3D ( 'NONE', #154, #9275, #1072 ) ;
#6070 = DIRECTION ( 'NONE',  ( -3.045457963692998845E-16, -1.000000000000000000, 0.000000000000000000 ) ) ;
#6071 = AXIS2_PLACEMENT_3D ( 'NONE', #6152, #7358, #9278 ) ;
#6072 = DIRECTION ( 'NONE',  ( 0.000000000000000000, 0.000000000000000000, -1.000000000000000000 ) ) ;
#6073 = CARTESIAN_POINT ( 'NONE',  ( -0.1449999999999999623, -0.03750000000000000555, 0.4000000000000000222 ) ) ;
#6074 = AXIS2_PLACEMENT_3D ( 'NONE', #9208, #7155, #3199 ) ;
#6075 = EDGE_LOOP ( 'NONE', ( #6537, #2354, #1470, #3513 ) ) ;
#6076 = ORIENTED_EDGE ( 'NONE', *, *, #10213, .F. ) ;
#6077 = CARTESIAN_POINT ( 'NONE',  ( -0.03749999999999999861, 0.2150000000000000244, 0.2124999999999999112 ) ) ;
#6078 = ORIENTED_EDGE ( 'NONE', *, *, #724, .T. ) ;
#6079 = DIRECTION ( 'NONE',  ( 1.000000000000000000, 0.000000000000000000, 0.000000000000000000 ) ) ;
#6080 = CIRCLE ( 'NONE', #10115, 0.007999999999999989758 ) ;
#6081 = CARTESIAN_POINT ( 'NONE',  ( 0.07000000000000002054, 0.05799999999999997519, 0.2379999999999997951 ) ) ;
#6082 = CARTESIAN_POINT ( 'NONE',  ( 0.09499999999999998723, 0.1419999999999999873, -0.1360000000000000098 ) ) ;
#6083 = DIRECTION ( 'NONE',  ( 6.829619984160656074E-16, 0.000000000000000000, 1.000000000000000000 ) ) ;
#6084 = ORIENTED_EDGE ( 'NONE', *, *, #12125, .F. ) ;
#6085 = LINE ( 'NONE', #10207, #10514 ) ;
#6086 = STYLED_ITEM ( 'NONE', ( #10402 ), #11235 ) ;
#6087 = ORIENTED_EDGE ( 'NONE', *, *, #2365, .T. ) ;
#6088 = DIRECTION ( 'NONE',  ( 0.000000000000000000, 0.000000000000000000, -1.000000000000000000 ) ) ;
#6089 = CARTESIAN_POINT ( 'NONE',  ( -0.07500000000000003886, 0.03750000000000000555, -0.1875000000000001110 ) ) ;
#6090 = LINE ( 'NONE', #36, #9477 ) ;
#6091 = PRESENTATION_LAYER_ASSIGNMENT (  '', '', ( #1456 ) ) ;
#6092 = MANIFOLD_SOLID_BREP ( 'LPattern4[5]', #5321 ) ;
#6093 = CIRCLE ( 'NONE', #3571, 0.007999999999999989758 ) ;
#6094 = ORIENTED_EDGE ( 'NONE', *, *, #2912, .T. ) ;
#6095 = DIRECTION ( 'NONE',  ( 0.000000000000000000, 0.000000000000000000, -1.000000000000000000 ) ) ;
#6096 = LINE ( 'NONE', #7023, #1613 ) ;
#6097 = CARTESIAN_POINT ( 'NONE',  ( -0.06250000000000001388, 0.2150000000000000244, 0.1124999999999998918 ) ) ;
#6098 = EDGE_LOOP ( 'NONE', ( #2337, #10603, #4815, #5701 ) ) ;
#6099 = LINE ( 'NONE', #13055, #1831 ) ;
#6100 = LINE ( 'NONE', #8040, #6192 ) ;
#6101 = DIRECTION ( 'NONE',  ( -0.9153150324227631307, 0.000000000000000000, 0.4027386142660223656 ) ) ;
#6102 = VECTOR ( 'NONE', #4040, 39.37007874015748143 ) ;
#6103 = LINE ( 'NONE', #3013, #3305 ) ;
#6104 = ORIENTED_EDGE ( 'NONE', *, *, #4928, .F. ) ;
#6105 = DIRECTION ( 'NONE',  ( 0.000000000000000000, 1.000000000000000000, 0.000000000000000000 ) ) ;
#6106 = LINE ( 'NONE', #10159, #731 ) ;
#6107 = DIMENSIONAL_EXPONENTS ( 1.000000000000000000, 0.000000000000000000, 0.000000000000000000, 0.000000000000000000, 0.000000000000000000, 0.000000000000000000, 0.000000000000000000 ) ;
#6108 = FACE_BOUND ( 'NONE', #4030, .T. ) ;
#6109 = ADVANCED_FACE ( 'NONE', ( #7458 ), #11484, .T. ) ;
#6110 = AXIS2_PLACEMENT_3D ( 'NONE', #2802, #12043, #1004 ) ;
#6111 = CARTESIAN_POINT ( 'NONE',  ( 0.09499999999999998723, 0.05799999999999996825, -0.1640000000000000902 ) ) ;
#6112 = VERTEX_POINT ( 'NONE', #10248 ) ;
#6113 = DIRECTION ( 'NONE',  ( -5.850480457187554951E-16, 1.000000000000000000, 0.000000000000000000 ) ) ;
#6114 = FACE_OUTER_BOUND ( 'NONE', #9866, .T. ) ;
#6115 = ORIENTED_EDGE ( 'NONE', *, *, #3722, .F. ) ;
#6116 = CARTESIAN_POINT ( 'NONE',  ( -0.06250000000000001388, 0.2150000000000000244, -0.01250000000000010651 ) ) ;
#6117 = DIRECTION ( 'NONE',  ( 0.000000000000000000, 0.000000000000000000, -1.000000000000000000 ) ) ;
#6118 = FACE_BOUND ( 'NONE', #8683, .T. ) ;
#6119 = ORIENTED_EDGE ( 'NONE', *, *, #1380, .T. ) ;
#6120 = FACE_OUTER_BOUND ( 'NONE', #12335, .T. ) ;
#6121 = CARTESIAN_POINT ( 'NONE',  ( 0.07500000000000005274, -8.110173731190781122E-17, 0.1124999999999998918 ) ) ;
#6122 = EDGE_CURVE ( 'NONE', #12038, #131, #11223, .T. ) ;
#6123 = EDGE_CURVE ( 'NONE', #476, #2971, #8328, .T. ) ;
#6124 = SURFACE_STYLE_USAGE ( .BOTH. , #2120 ) ;
#6125 = EDGE_LOOP ( 'NONE', ( #13042, #2784, #8718, #1286 ) ) ;
#6126 = ORIENTED_EDGE ( 'NONE', *, *, #5075, .F. ) ;
#6127 = LINE ( 'NONE', #13020, #12738 ) ;
#6128 = FACE_OUTER_BOUND ( 'NONE', #5027, .T. ) ;
#6129 = ORIENTED_EDGE ( 'NONE', *, *, #7925, .T. ) ;
#6130 = CARTESIAN_POINT ( 'NONE',  ( 0.1100440510024098956, 0.1419999999999999873, -0.2359902289355767790 ) ) ;
#6131 = DIRECTION ( 'NONE',  ( -1.000000000000000000, 1.138269997360106963E-16, 0.000000000000000000 ) ) ;
#6132 = SURFACE_STYLE_FILL_AREA ( #926 ) ;
#6133 = DIRECTION ( 'NONE',  ( -1.000000000000000000, 0.000000000000000000, 0.000000000000000000 ) ) ;
#6134 = MANIFOLD_SOLID_BREP ( 'LPattern4[3]', #8292 ) ;
#6135 = CARTESIAN_POINT ( 'NONE',  ( 0.07000000000000000666, 0.1419999999999999873, -0.2380000000000002391 ) ) ;
#6136 = DIRECTION ( 'NONE',  ( 0.000000000000000000, 0.000000000000000000, 1.000000000000000000 ) ) ;
#6137 = EDGE_CURVE ( 'NONE', #6328, #4497, #12357, .T. ) ;
#6138 = DIRECTION ( 'NONE',  ( 0.000000000000000000, 0.000000000000000000, 1.000000000000000000 ) ) ;
#6139 = CARTESIAN_POINT ( 'NONE',  ( 0.03749999999999999861, 0.2150000000000000244, 0.01249999999999990008 ) ) ;
#6141 = ORIENTED_EDGE ( 'NONE', *, *, #9398, .F. ) ;
#6140 = EDGE_CURVE ( 'NONE', #4854, #11984, #11356, .T. ) ;
#6142 = ORIENTED_EDGE ( 'NONE', *, *, #12776, .F. ) ;
#6143 = CARTESIAN_POINT ( 'NONE',  ( 0.03749999999999999861, 0.2150000000000000244, -0.08750000000000010547 ) ) ;
#6144 = VERTEX_POINT ( 'NONE', #7397 ) ;
#6145 = DIRECTION ( 'NONE',  ( -0.000000000000000000, -0.000000000000000000, 1.000000000000000000 ) ) ;
#6146 = CARTESIAN_POINT ( 'NONE',  ( 0.06250000000000001388, 0.2150000000000000244, -0.2125000000000001332 ) ) ;
#6148 = VERTEX_POINT ( 'NONE', #3741 ) ;
#6147 = EDGE_CURVE ( 'NONE', #2051, #5484, #10438, .T. ) ;
#6149 = CARTESIAN_POINT ( 'NONE',  ( -0.09499999999999998723, 0.1419999999999999873, 0.06400000000000001521 ) ) ;
#6150 = UNCERTAINTY_MEASURE_WITH_UNIT (LENGTH_MEASURE( 1.000000000000000082E-05 ), #2950, 'distance_accuracy_value', 'NONE');
#6151 = VERTEX_POINT ( 'NONE', #3489 ) ;
#6152 = CARTESIAN_POINT ( 'NONE',  ( -0.07000000000000017319, 0.04999999999999998196, 0.1470000000000000195 ) ) ;
#6153 = PLANE ( 'NONE',  #6269 ) ;
#6154 = AXIS2_PLACEMENT_3D ( 'NONE', #111, #7303, #11331 ) ;
#6155 = MANIFOLD_SOLID_BREP ( 'Mirror1[1]', #9978 ) ;
#6156 = VECTOR ( 'NONE', #12845, 39.37007874015748143 ) ;
#6157 = ORIENTED_EDGE ( 'NONE', *, *, #6229, .T. ) ;
#6158 = DIRECTION ( 'NONE',  ( 6.097874985857737794E-17, -1.000000000000000000, 0.000000000000000000 ) ) ;
#6159 = DIRECTION ( 'NONE',  ( 0.3236155771181825069, -0.8891264907159898145, -0.3236155771181825069 ) ) ;
#6160 = DIRECTION ( 'NONE',  ( 1.000000000000000000, 0.000000000000000000, -0.000000000000000000 ) ) ;
#6161 = ORIENTED_EDGE ( 'NONE', *, *, #8152, .F. ) ;
#6162 = DIRECTION ( 'NONE',  ( -0.000000000000000000, -0.000000000000000000, 1.000000000000000000 ) ) ;
#6163 = LINE ( 'NONE', #10351, #5815 ) ;
#6164 = VERTEX_POINT ( 'NONE', #2708 ) ;
#6165 = LINE ( 'NONE', #9223, #8530 ) ;
#6166 = LINE ( 'NONE', #9224, #7279 ) ;
#6167 = ORIENTED_EDGE ( 'NONE', *, *, #8813, .F. ) ;
#6168 = DIRECTION ( 'NONE',  ( 3.045457963692998352E-16, -1.000000000000000000, 0.000000000000000000 ) ) ;
#6169 = CARTESIAN_POINT ( 'NONE',  ( 0.03749999999999999861, 0.05799999999999996825, -0.01250000000000010651 ) ) ;
#6170 = COLOUR_RGB ( '',1.000000000000000000, 0.8117647058823529438, 0.5019607843137254832 ) ;
#6171 = FACE_OUTER_BOUND ( 'NONE', #9698, .T. ) ;
#6172 = DIRECTION ( 'NONE',  ( 0.9153150324227631307, 0.000000000000000000, 0.4027386142660223656 ) ) ;
#6173 = DIRECTION ( 'NONE',  ( -0.000000000000000000, 0.000000000000000000, -1.000000000000000000 ) ) ;
#6174 = VERTEX_POINT ( 'NONE', #6522 ) ;
#6175 = VECTOR ( 'NONE', #7089, 39.37007874015748143 ) ;
#6176 = DIRECTION ( 'NONE',  ( -1.000000000000000000, 6.097874985857737794E-17, 0.000000000000000000 ) ) ;
#6177 = CARTESIAN_POINT ( 'NONE',  ( 0.06250000000000001388, 0.05799999999999996825, -0.01250000000000010651 ) ) ;
#6178 = VERTEX_POINT ( 'NONE', #7519 ) ;
#6179 = MANIFOLD_SOLID_BREP ( 'LPattern3[8]', #4265 ) ;
#6180 = DIRECTION ( 'NONE',  ( 0.000000000000000000, 0.000000000000000000, 1.000000000000000000 ) ) ;
#6181 = VECTOR ( 'NONE', #9454, 39.37007874015748143 ) ;
#6182 = DIRECTION ( 'NONE',  ( 0.000000000000000000, 0.000000000000000000, -1.000000000000000000 ) ) ;
#6183 = DIRECTION ( 'NONE',  ( -0.9153150324227631307, 0.000000000000000000, 0.4027386142660223656 ) ) ;
#6184 = ORIENTED_EDGE ( 'NONE', *, *, #8844, .T. ) ;
#6185 = CARTESIAN_POINT ( 'NONE',  ( 0.000000000000000000, 0.3880000000000000115, 0.000000000000000000 ) ) ;
#6186 = VECTOR ( 'NONE', #4367, 39.37007874015748143 ) ;
#6187 = UNCERTAINTY_MEASURE_WITH_UNIT (LENGTH_MEASURE( 1.000000000000000082E-05 ), #3570, 'distance_accuracy_value', 'NONE');
#6188 = EDGE_CURVE ( 'NONE', #3971, #1766, #712, .T. ) ;
#6189 = CIRCLE ( 'NONE', #3033, 0.03750000000000008882 ) ;
#6190 = CARTESIAN_POINT ( 'NONE',  ( -0.1449999999999999623, 0.01640227793071964008, 0.4000000000000000222 ) ) ;
#6191 = AXIS2_PLACEMENT_3D ( 'NONE', #3699, #1592, #11780 ) ;
#6192 = VECTOR ( 'NONE', #9897, 39.37007874015748143 ) ;
#6193 = VERTEX_POINT ( 'NONE', #5524 ) ;
#6194 = VERTEX_POINT ( 'NONE', #523 ) ;
#6195 = CIRCLE ( 'NONE', #5136, 0.01250000000000008049 ) ;
#6196 = CARTESIAN_POINT ( 'NONE',  ( -0.06250000000000001388, 0.3880000000000000115, -0.1875000000000001110 ) ) ;
#6197 = CARTESIAN_POINT ( 'NONE',  ( -0.03749999999999995698, 0.03750000000000001249, -0.08750000000000010547 ) ) ;
#6198 = CARTESIAN_POINT ( 'NONE',  ( -0.1449999999999999623, 0.008597722069280349169, 0.1960977220692802780 ) ) ;
#6199 = EDGE_CURVE ( 'NONE', #11633, #5633, #4549, .T. ) ;
#6200 = LINE ( 'NONE', #206, #13016 ) ;
#6201 = DIRECTION ( 'NONE',  ( -0.000000000000000000, 1.000000000000000000, -0.000000000000000000 ) ) ;
#6202 = MECHANICAL_DESIGN_GEOMETRIC_PRESENTATION_REPRESENTATION (  '', ( #9380 ), #7687 ) ;
#6203 = CARTESIAN_POINT ( 'NONE',  ( 0.1213779527559052385, -2.828069580055263137E-18, 0.08749999999999988343 ) ) ;
#6204 = EDGE_CURVE ( 'NONE', #4790, #6979, #2572, .T. ) ;
#6205 = DIRECTION ( 'NONE',  ( 0.000000000000000000, 0.000000000000000000, -1.000000000000000000 ) ) ;
#6206 = DIRECTION ( 'NONE',  ( -0.000000000000000000, 1.000000000000000000, -0.000000000000000000 ) ) ;
#6207 = DIRECTION ( 'NONE',  ( -1.000000000000000000, 1.138269997360106963E-16, 0.000000000000000000 ) ) ;
#6208 = CARTESIAN_POINT ( 'NONE',  ( -0.1449999999999999623, 0.008597722069280349169, -0.09609772206928048066 ) ) ;
#6209 = ORIENTED_EDGE ( 'NONE', *, *, #10995, .F. ) ;
#6210 = ORIENTED_EDGE ( 'NONE', *, *, #12946, .F. ) ;
#6211 = DIRECTION ( 'NONE',  ( 0.000000000000000000, 0.000000000000000000, 1.000000000000000000 ) ) ;
#6212 = ADVANCED_FACE ( 'NONE', ( #5595 ), #9645, .F. ) ;
#6213 = ORIENTED_EDGE ( 'NONE', *, *, #6713, .T. ) ;
#6214 = FILL_AREA_STYLE ('',( #2213 ) ) ;
#6215 = LINE ( 'NONE', #1005, #9846 ) ;
#6216 =( GEOMETRIC_REPRESENTATION_CONTEXT ( 3 ) GLOBAL_UNCERTAINTY_ASSIGNED_CONTEXT ( ( #342 ) ) GLOBAL_UNIT_ASSIGNED_CONTEXT ( ( #2158, #1893, #7971 ) ) REPRESENTATION_CONTEXT ( 'NONE', 'WORKASPACE' ) );
#6217 = EDGE_CURVE ( 'NONE', #9236, #7443, #1835, .T. ) ;
#6218 = DIRECTION ( 'NONE',  ( 1.000000000000000000, -6.097874985857736561E-17, 0.000000000000000000 ) ) ;
#6219 = ORIENTED_EDGE ( 'NONE', *, *, #8327, .F. ) ;
#6220 = DIRECTION ( 'NONE',  ( 0.000000000000000000, -0.000000000000000000, -1.000000000000000000 ) ) ;
#6221 = ADVANCED_FACE ( 'NONE', ( #11073 ), #7851, .T. ) ;
#6222 = EDGE_LOOP ( 'NONE', ( #2755, #12082, #4127, #6958 ) ) ;
#6223 = CARTESIAN_POINT ( 'NONE',  ( 0.06250000000000001388, 0.05799999999999996825, 0.1874999999999999167 ) ) ;
#6224 = CARTESIAN_POINT ( 'NONE',  ( 0.07000000000000002054, 0.04999999999999998196, -0.1700000000000002343 ) ) ;
#6225 = EDGE_CURVE ( 'NONE', #11845, #1618, #12007, .T. ) ;
#6226 = EDGE_CURVE ( 'NONE', #8565, #1974, #5320, .T. ) ;
#6227 = CARTESIAN_POINT ( 'NONE',  ( -0.09499999999999998723, 0.1419999999999999873, -0.03599999999999999034 ) ) ;
#6228 = MANIFOLD_SOLID_BREP ( 'LPattern4[2]', #1520 ) ;
#6229 = EDGE_CURVE ( 'NONE', #2036, #972, #5911, .T. ) ;
#6230 = ORIENTED_EDGE ( 'NONE', *, *, #12207, .F. ) ;
#6231 = CARTESIAN_POINT ( 'NONE',  ( 0.000000000000000000, 0.2150000000000000244, 0.000000000000000000 ) ) ;
#6232 = DIRECTION ( 'NONE',  ( -1.000000000000000000, 0.000000000000000000, 0.000000000000000000 ) ) ;
#6233 = EDGE_CURVE ( 'NONE', #3211, #4308, #1904, .T. ) ;
#6234 = LINE ( 'NONE', #10287, #1260 ) ;
#6235 = ORIENTED_EDGE ( 'NONE', *, *, #2543, .F. ) ;
#6236 = PLANE ( 'NONE',  #9397 ) ;
#6237 = CARTESIAN_POINT ( 'NONE',  ( 0.000000000000000000, 0.3880000000000000115, 0.4000000000000000222 ) ) ;
#6238 = EDGE_LOOP ( 'NONE', ( #4830, #2423, #937, #8369 ) ) ;
#6239 = DIRECTION ( 'NONE',  ( -2.435670465107224942E-16, -1.000000000000000000, 0.000000000000000000 ) ) ;
#6240 = VECTOR ( 'NONE', #7512, 39.37007874015748143 ) ;
#6241 = ORIENTED_EDGE ( 'NONE', *, *, #26, .T. ) ;
#6242 = CARTESIAN_POINT ( 'NONE',  ( 0.09499999999999998723, 0.04999999999999998196, 0.06400000000000001521 ) ) ;
#6243 = EDGE_CURVE ( 'NONE', #5762, #5098, #4491, .T. ) ;
#6244 = PRODUCT_DEFINITION_SHAPE ( 'NONE', 'NONE',  #13079 ) ;
#6245 = AXIS2_PLACEMENT_3D ( 'NONE', #4460, #4392, #1347 ) ;
#6246 = LINE ( 'NONE', #8373, #5149 ) ;
#6247 = DIRECTION ( 'NONE',  ( -0.9153150324227631307, 0.000000000000000000, 0.4027386142660223656 ) ) ;
#6248 = VERTEX_POINT ( 'NONE', #3284 ) ;
#6249 = PLANE ( 'NONE',  #5405 ) ;
#6250 = DIRECTION ( 'NONE',  ( -0.000000000000000000, -1.000000000000000000, -0.000000000000000000 ) ) ;
#6251 = ORIENTED_EDGE ( 'NONE', *, *, #4120, .F. ) ;
#6252 = VECTOR ( 'NONE', #9825, 39.37007874015748143 ) ;
#6253 = LINE ( 'NONE', #11412, #4933 ) ;
#6254 = PLANE ( 'NONE',  #1386 ) ;
#6255 = VECTOR ( 'NONE', #7131, 39.37007874015748143 ) ;
#6256 = DIRECTION ( 'NONE',  ( 0.000000000000000000, 0.000000000000000000, -1.000000000000000000 ) ) ;
#6257 = ORIENTED_EDGE ( 'NONE', *, *, #11417, .T. ) ;
#6258 = LINE ( 'NONE', #8117, #12984 ) ;
#6259 = VECTOR ( 'NONE', #7581, 39.37007874015748143 ) ;
#6260 = VECTOR ( 'NONE', #7630, 39.37007874015748143 ) ;
#6261 = CARTESIAN_POINT ( 'NONE',  ( 0.03750000000000004718, 0.03750000000000001249, 0.2124999999999999112 ) ) ;
#6262 = VECTOR ( 'NONE', #9207, 39.37007874015748143 ) ;
#6263 = EDGE_LOOP ( 'NONE', ( #10171, #1318, #10579, #363 ) ) ;
#6264 = VERTEX_POINT ( 'NONE', #9435 ) ;
#6265 = CARTESIAN_POINT ( 'NONE',  ( -0.03749999999999999861, 0.2150000000000000244, 0.1124999999999998918 ) ) ;
#6266 = FACE_OUTER_BOUND ( 'NONE', #2540, .T. ) ;
#6267 = VECTOR ( 'NONE', #10768, 39.37007874015748143 ) ;
#6268 = LINE ( 'NONE', #10322, #2460 ) ;
#6269 = AXIS2_PLACEMENT_3D ( 'NONE', #1013, #10212, #945 ) ;
#6270 = VERTEX_POINT ( 'NONE', #12210 ) ;
#6271 = ORIENTED_EDGE ( 'NONE', *, *, #3786, .T. ) ;
#6272 = DIRECTION ( 'NONE',  ( 5.850480457187554951E-16, -1.000000000000000000, -0.000000000000000000 ) ) ;
#6273 = EDGE_CURVE ( 'NONE', #6837, #5861, #4333, .T. ) ;
#6274 = ORIENTED_EDGE ( 'NONE', *, *, #10986, .T. ) ;
#6275 = DIRECTION ( 'NONE',  ( 0.000000000000000000, 0.000000000000000000, -1.000000000000000000 ) ) ;
#6276 = PLANE ( 'NONE',  #13000 ) ;
#6277 = DIMENSIONAL_EXPONENTS ( 1.000000000000000000, 0.000000000000000000, 0.000000000000000000, 0.000000000000000000, 0.000000000000000000, 0.000000000000000000, 0.000000000000000000 ) ;
#6278 = VECTOR ( 'NONE', #13, 39.37007874015748143 ) ;
#6279 = CARTESIAN_POINT ( 'NONE',  ( 0.2036698591370891265, 0.02995180444377151113, 0.01745180444377145146 ) ) ;
#6280 = VERTEX_POINT ( 'NONE', #4400 ) ;
#6281 = LINE ( 'NONE', #6149, #12626 ) ;
#6282 = UNCERTAINTY_MEASURE_WITH_UNIT (LENGTH_MEASURE( 1.000000000000000082E-05 ), #1698, 'distance_accuracy_value', 'NONE');
#6283 = ORIENTED_EDGE ( 'NONE', *, *, #12, .T. ) ;
#6284 = FACE_OUTER_BOUND ( 'NONE', #7807, .T. ) ;
#6285 = AXIS2_PLACEMENT_3D ( 'NONE', #708, #3739, #6519 ) ;
#6286 = SURFACE_SIDE_STYLE ('',( #9478 ) ) ;
#6287 = SURFACE_STYLE_FILL_AREA ( #8226 ) ;
#6288 = ADVANCED_FACE ( 'NONE', ( #7242 ), #6369, .T. ) ;
#6289 = AXIS2_PLACEMENT_3D ( 'NONE', #6143, #6211, #3965 ) ;
#6291 = ORIENTED_EDGE ( 'NONE', *, *, #974, .F. ) ;
#6290 = ADVANCED_FACE ( 'NONE', ( #118 ), #10163, .F. ) ;
#6292 = CYLINDRICAL_SURFACE ( 'NONE', #12400, 0.007999999999999989758 ) ;
#6293 =( NAMED_UNIT ( * ) SI_UNIT ( $, .STERADIAN. ) SOLID_ANGLE_UNIT ( ) );
#6294 = EDGE_LOOP ( 'NONE', ( #11632, #11861, #10682, #9543 ) ) ;
#6295 = VECTOR ( 'NONE', #5081, 39.37007874015748143 ) ;
#6296 = CARTESIAN_POINT ( 'NONE',  ( 0.1449999999999999623, 0.008597722069280349169, -0.1960977220692805001 ) ) ;
#6297 = DIRECTION ( 'NONE',  ( 0.000000000000000000, 1.000000000000000000, 0.000000000000000000 ) ) ;
#6298 = EDGE_LOOP ( 'NONE', ( #5629, #1078 ) ) ;
#6299 = DIRECTION ( 'NONE',  ( 0.8891264907159903697, 0.3236155771181813967, -0.3236155771181821184 ) ) ;
#6300 = CARTESIAN_POINT ( 'NONE',  ( 0.06250000000000001388, 0.2150000000000000244, 0.1874999999999999167 ) ) ;
#6301 = VERTEX_POINT ( 'NONE', #9234 ) ;
#6302 =( CONVERSION_BASED_UNIT ( 'INCH', #8370 ) LENGTH_UNIT ( ) NAMED_UNIT ( #4163 ) );
#6303 =( CONVERSION_BASED_UNIT ( 'INCH', #3349 ) LENGTH_UNIT ( ) NAMED_UNIT ( #11555 ) );
#6304 = STYLED_ITEM ( 'NONE', ( #11208 ), #1931 ) ;
#6305 = EDGE_CURVE ( 'NONE', #11511, #10596, #8310, .T. ) ;
#6306 = FACE_BOUND ( 'NONE', #8668, .T. ) ;
#6307 = VECTOR ( 'NONE', #9320, 39.37007874015748143 ) ;
#6308 = EDGE_CURVE ( 'NONE', #8915, #5157, #5381, .T. ) ;
#6309 = VECTOR ( 'NONE', #12869, 39.37007874015748854 ) ;
#6310 = CARTESIAN_POINT ( 'NONE',  ( 0.06250000000000001388, 0.05799999999999996825, 0.01249999999999990008 ) ) ;
#6312 = EDGE_LOOP ( 'NONE', ( #4743, #9663, #12409, #683 ) ) ;
#6311 = EDGE_CURVE ( 'NONE', #8640, #11466, #307, .T. ) ;
#6313 = SURFACE_SIDE_STYLE ('',( #11467 ) ) ;
#6314 = CARTESIAN_POINT ( 'NONE',  ( -0.06250000000000001388, 0.2150000000000000244, -0.2125000000000001332 ) ) ;
#6315 = ORIENTED_EDGE ( 'NONE', *, *, #3231, .T. ) ;
#6316 = MANIFOLD_SOLID_BREP ( 'LPattern3[2]', #3224 ) ;
#6317 = VECTOR ( 'NONE', #951, 39.37007874015748143 ) ;
#6318 = CARTESIAN_POINT ( 'NONE',  ( -0.06250000000000001388, 0.3643779527559052878, 0.08749999999999988343 ) ) ;
#6319 = CARTESIAN_POINT ( 'NONE',  ( 0.1449999999999999623, -0.03750000000000000555, -0.1960977220692805001 ) ) ;
#6320 = DIRECTION ( 'NONE',  ( -0.3236155771181825069, -0.8891264907159898145, -0.3236155771181825069 ) ) ;
#6321 = ORIENTED_EDGE ( 'NONE', *, *, #3878, .T. ) ;
#6322 = DIRECTION ( 'NONE',  ( 0.000000000000000000, -1.000000000000000000, 0.000000000000000000 ) ) ;
#6323 = EDGE_CURVE ( 'NONE', #3971, #6811, #11406, .T. ) ;
#6324 = PLANE ( 'NONE',  #11581 ) ;
#6325 = AXIS2_PLACEMENT_3D ( 'NONE', #2990, #3900, #4837 ) ;
#6326 = SURFACE_STYLE_USAGE ( .BOTH. , #4274 ) ;
#6327 = EDGE_LOOP ( 'NONE', ( #9901, #7676, #1851, #8615 ) ) ;
#6328 = VERTEX_POINT ( 'NONE', #2170 ) ;
#6329 = SURFACE_SIDE_STYLE ('',( #324 ) ) ;
#6330 = FILL_AREA_STYLE ('',( #4279 ) ) ;
#6331 = DIRECTION ( 'NONE',  ( 1.000000000000000000, 0.000000000000000000, -0.000000000000000000 ) ) ;
#6332 = CARTESIAN_POINT ( 'NONE',  ( -0.07500000000000003886, 0.03750000000000000555, -0.1000000000000000472 ) ) ;
#6333 = DIRECTION ( 'NONE',  ( 0.000000000000000000, 1.000000000000000000, 0.000000000000000000 ) ) ;
#6334 = PRESENTATION_STYLE_ASSIGNMENT (( #12365 ) ) ;
#6335 = MANIFOLD_SOLID_BREP ( 'LPattern3[1]', #11873 ) ;
#6336 =( CONVERSION_BASED_UNIT ( 'INCH', #12434 ) LENGTH_UNIT ( ) NAMED_UNIT ( #8207 ) );
#6337 = ORIENTED_EDGE ( 'NONE', *, *, #1503, .F. ) ;
#6338 = ORIENTED_EDGE ( 'NONE', *, *, #11826, .T. ) ;
#6339 = CARTESIAN_POINT ( 'NONE',  ( -0.05390227793071963869, 0.3880000000000000115, -0.09609772206928048066 ) ) ;
#6340 = EDGE_LOOP ( 'NONE', ( #213, #10237, #11204, #1291 ) ) ;
#6341 = DIRECTION ( 'NONE',  ( -0.000000000000000000, -1.000000000000000000, -0.000000000000000000 ) ) ;
#6342 = PLANE ( 'NONE',  #4720 ) ;
#6343 = ORIENTED_EDGE ( 'NONE', *, *, #7380, .T. ) ;
#6344 = CARTESIAN_POINT ( 'NONE',  ( -0.06250000000000001388, 0.3880000000000000115, -0.08750000000000010547 ) ) ;
#6345 = ORIENTED_EDGE ( 'NONE', *, *, #1948, .F. ) ;
#6346 = FACE_OUTER_BOUND ( 'NONE', #10440, .T. ) ;
#6347 = LINE ( 'NONE', #11383, #3682 ) ;
#6348 = CARTESIAN_POINT ( 'NONE',  ( 0.06250000000000001388, 0.2150000000000000244, -0.2125000000000001332 ) ) ;
#6349 = ADVANCED_FACE ( 'NONE', ( #3217 ), #3726, .F. ) ;
#6350 = FILL_AREA_STYLE ('',( #12576 ) ) ;
#6351 = ORIENTED_EDGE ( 'NONE', *, *, #7855, .F. ) ;
#6352 = CARTESIAN_POINT ( 'NONE',  ( -0.1213779527559052385, 0.02500000000000000486, -0.08750000000000010547 ) ) ;
#6353 = LINE ( 'NONE', #229, #11332 ) ;
#6354 = FACE_OUTER_BOUND ( 'NONE', #9492, .T. ) ;
#6355 = ORIENTED_EDGE ( 'NONE', *, *, #1289, .T. ) ;
#6356 = CARTESIAN_POINT ( 'NONE',  ( 0.03749999999999999861, 0.3643779527559052878, 0.08749999999999988343 ) ) ;
#6357 = LENGTH_MEASURE_WITH_UNIT ( LENGTH_MEASURE( 0.02539999999999999897 ), #10291 );
#6358 = VERTEX_POINT ( 'NONE', #11666 ) ;
#6359 = DIRECTION ( 'NONE',  ( 0.000000000000000000, 0.000000000000000000, 1.000000000000000000 ) ) ;
#6360 = CARTESIAN_POINT ( 'NONE',  ( -0.03749999999999995698, 0.03750000000000001249, 0.01249999999999990008 ) ) ;
#6361 = ADVANCED_FACE ( 'NONE', ( #12724 ), #635, .F. ) ;
#6362 = LINE ( 'NONE', #3408, #2682 ) ;
#6363 = VERTEX_POINT ( 'NONE', #6640 ) ;
#6364 = DIRECTION ( 'NONE',  ( 0.000000000000000000, 0.000000000000000000, 1.000000000000000000 ) ) ;
#6365 = DIMENSIONAL_EXPONENTS ( 1.000000000000000000, 0.000000000000000000, 0.000000000000000000, 0.000000000000000000, 0.000000000000000000, 0.000000000000000000, 0.000000000000000000 ) ;
#6366 = ADVANCED_FACE ( 'NONE', ( #2624 ), #11605, .T. ) ;
#6367 = PRESENTATION_LAYER_ASSIGNMENT (  '', '', ( #5931 ) ) ;
#6368 = CARTESIAN_POINT ( 'NONE',  ( 0.03749999999999999861, 0.05799999999999997519, 0.08749999999999986955 ) ) ;
#6369 = PLANE ( 'NONE',  #12078 ) ;
#6370 = ORIENTED_EDGE ( 'NONE', *, *, #9699, .T. ) ;
#6371 = FILL_AREA_STYLE_COLOUR ( '', #4565 ) ;
#6372 = PLANE ( 'NONE',  #5462 ) ;
#6373 = ORIENTED_EDGE ( 'NONE', *, *, #11372, .T. ) ;
#6374 =( NAMED_UNIT ( * ) SI_UNIT ( $, .STERADIAN. ) SOLID_ANGLE_UNIT ( ) );
#6375 = AXIS2_PLACEMENT_3D ( 'NONE', #10615, #1551, #5579 ) ;
#6376 = FACE_OUTER_BOUND ( 'NONE', #11470, .T. ) ;
#6377 = ADVANCED_FACE ( 'NONE', ( #6568 ), #504, .T. ) ;
#6378 = DIRECTION ( 'NONE',  ( 0.000000000000000000, 0.000000000000000000, 1.000000000000000000 ) ) ;
#6379 = ORIENTED_EDGE ( 'NONE', *, *, #8027, .F. ) ;
#6380 = CARTESIAN_POINT ( 'NONE',  ( -0.03749999999999980432, 0.1419999999999999873, -0.1125000000000001138 ) ) ;
#6381 = AXIS2_PLACEMENT_3D ( 'NONE', #2198, #12609, #3549 ) ;
#6382 = EDGE_CURVE ( 'NONE', #1962, #10454, #9625, .T. ) ;
#6383 = AXIS2_PLACEMENT_3D ( 'NONE', #8196, #134, #4772 ) ;
#6384 = VERTEX_POINT ( 'NONE', #6965 ) ;
#6385 = CIRCLE ( 'NONE', #705, 0.007999999999999955064 ) ;
#6386 = ORIENTED_EDGE ( 'NONE', *, *, #5821, .T. ) ;
#6387 = EDGE_CURVE ( 'NONE', #11359, #12998, #6904, .T. ) ;
#6388 = DIRECTION ( 'NONE',  ( -0.000000000000000000, 1.000000000000000000, 0.000000000000000000 ) ) ;
#6389 = SURFACE_SIDE_STYLE ('',( #12427 ) ) ;
#6390 = EDGE_CURVE ( 'NONE', #6805, #8046, #5761, .T. ) ;
#6391 = LINE ( 'NONE', #11812, #12735 ) ;
#6392 = DIMENSIONAL_EXPONENTS ( 1.000000000000000000, 0.000000000000000000, 0.000000000000000000, 0.000000000000000000, 0.000000000000000000, 0.000000000000000000, 0.000000000000000000 ) ;
#6393 = DIRECTION ( 'NONE',  ( 0.000000000000000000, 0.000000000000000000, 1.000000000000000000 ) ) ;
#6394 = SURFACE_SIDE_STYLE ('',( #6132 ) ) ;
#6395 = DIRECTION ( 'NONE',  ( 0.000000000000000000, 0.000000000000000000, -1.000000000000000000 ) ) ;
#6396 = VECTOR ( 'NONE', #6538, 39.37007874015748143 ) ;
#6397 = VECTOR ( 'NONE', #5231, 39.37007874015748143 ) ;
#6398 = VECTOR ( 'NONE', #13056, 39.37007874015748143 ) ;
#6399 = VECTOR ( 'NONE', #7828, 39.37007874015748143 ) ;
#6400 = EDGE_LOOP ( 'NONE', ( #6038, #9105, #2805, #8391 ) ) ;
#6401 = ORIENTED_EDGE ( 'NONE', *, *, #4122, .F. ) ;
#6402 =( NAMED_UNIT ( * ) SI_UNIT ( $, .STERADIAN. ) SOLID_ANGLE_UNIT ( ) );
#6403 = VECTOR ( 'NONE', #5656, 39.37007874015748143 ) ;
#6404 = ORIENTED_EDGE ( 'NONE', *, *, #1457, .F. ) ;
#6405 = AXIS2_PLACEMENT_3D ( 'NONE', #4995, #8320, #10112 ) ;
#6406 = DIRECTION ( 'NONE',  ( 7.854062981784755126E-15, -0.000000000000000000, -1.000000000000000000 ) ) ;
#6407 = FACE_OUTER_BOUND ( 'NONE', #12818, .T. ) ;
#6408 = ORIENTED_EDGE ( 'NONE', *, *, #3492, .T. ) ;
#6409 = LINE ( 'NONE', #12379, #7981 ) ;
#6410 = VECTOR ( 'NONE', #12364, 39.37007874015748143 ) ;
#6411 = UNCERTAINTY_MEASURE_WITH_UNIT (LENGTH_MEASURE( 1.000000000000000082E-05 ), #12619, 'distance_accuracy_value', 'NONE');
#6412 = VERTEX_POINT ( 'NONE', #12054 ) ;
#6413 = DIRECTION ( 'NONE',  ( -1.000000000000000000, -6.097874985857736561E-17, 0.000000000000000000 ) ) ;
#6414 = CARTESIAN_POINT ( 'NONE',  ( 0.06250000000000001388, 0.3880000000000000115, -0.08750000000000010547 ) ) ;
#6415 = PRESENTATION_STYLE_ASSIGNMENT (( #12450 ) ) ;
#6416 = FACE_OUTER_BOUND ( 'NONE', #3697, .T. ) ;
#6417 = ORIENTED_EDGE ( 'NONE', *, *, #7014, .T. ) ;
#6418 =( GEOMETRIC_REPRESENTATION_CONTEXT ( 3 ) GLOBAL_UNCERTAINTY_ASSIGNED_CONTEXT ( ( #2221 ) ) GLOBAL_UNIT_ASSIGNED_CONTEXT ( ( #5452, #2372, #6374 ) ) REPRESENTATION_CONTEXT ( 'NONE', 'WORKASPACE' ) );
#6419 = VERTEX_POINT ( 'NONE', #7775 ) ;
#6420 = DIRECTION ( 'NONE',  ( -1.000000000000000000, 0.000000000000000000, 0.000000000000000000 ) ) ;
#6421 = LINE ( 'NONE', #12512, #10500 ) ;
#6422 = PLANE ( 'NONE',  #3385 ) ;
#6423 = ORIENTED_EDGE ( 'NONE', *, *, #5102, .F. ) ;
#6424 = EDGE_CURVE ( 'NONE', #4318, #7932, #12937, .T. ) ;
#6425 = FACE_OUTER_BOUND ( 'NONE', #1438, .T. ) ;
#6426 = VECTOR ( 'NONE', #7705, 39.37007874015748143 ) ;
#6427 = CARTESIAN_POINT ( 'NONE',  ( -0.1449999999999999623, 0.01640227793071964008, 0.09609772206928025862 ) ) ;
#6428 = ORIENTED_EDGE ( 'NONE', *, *, #956, .F. ) ;
#6429 = PRESENTATION_STYLE_ASSIGNMENT (( #2418 ) ) ;
#6430 = PLANE ( 'NONE',  #1095 ) ;
#6431 = DIRECTION ( 'NONE',  ( 0.000000000000000000, 0.000000000000000000, 1.000000000000000000 ) ) ;
#6432 = ORIENTED_EDGE ( 'NONE', *, *, #8902, .F. ) ;
#6433 = SURFACE_SIDE_STYLE ('',( #2424 ) ) ;
#6434 = DIRECTION ( 'NONE',  ( -1.000000000000000000, 0.000000000000000000, 0.000000000000000000 ) ) ;
#6435 = FACE_OUTER_BOUND ( 'NONE', #5409, .T. ) ;
#6436 = CARTESIAN_POINT ( 'NONE',  ( 0.09499999999999998723, 0.04999999999999998196, -0.03599999999999999034 ) ) ;
#6437 = VERTEX_POINT ( 'NONE', #4968 ) ;
#6438 = FILL_AREA_STYLE_COLOUR ( '', #8583 ) ;
#6439 = LINE ( 'NONE', #4259, #3379 ) ;
#6440 = ORIENTED_EDGE ( 'NONE', *, *, #1888, .F. ) ;
#6441 = ADVANCED_FACE ( 'NONE', ( #9822 ), #949, .T. ) ;
#6442 = FACE_OUTER_BOUND ( 'NONE', #9711, .T. ) ;
#6443 = CARTESIAN_POINT ( 'NONE',  ( -0.03749999999999999861, 0.1419999999999999873, 0.01249999999999990008 ) ) ;
#6444 = CARTESIAN_POINT ( 'NONE',  ( 0.1213779527559052385, -2.828069580055263522E-18, -0.1875000000000001110 ) ) ;
#6445 = ORIENTED_EDGE ( 'NONE', *, *, #2126, .T. ) ;
#6446 = DIRECTION ( 'NONE',  ( 0.000000000000000000, 0.000000000000000000, -1.000000000000000000 ) ) ;
#6447 = PLANE ( 'NONE',  #3635 ) ;
#6448 = VECTOR ( 'NONE', #5918, 39.37007874015748143 ) ;
#6449 = EDGE_CURVE ( 'NONE', #1781, #11767, #1890, .T. ) ;
#6450 = MECHANICAL_DESIGN_GEOMETRIC_PRESENTATION_REPRESENTATION (  '', ( #10683 ), #11304 ) ;
#6451 = LINE ( 'NONE', #5327, #1443 ) ;
#6452 = EDGE_CURVE ( 'NONE', #8565, #12023, #1817, .T. ) ;
#6453 = SURFACE_STYLE_FILL_AREA ( #2445 ) ;
#6454 = ORIENTED_EDGE ( 'NONE', *, *, #5878, .T. ) ;
#6455 = ORIENTED_EDGE ( 'NONE', *, *, #4325, .F. ) ;
#6456 = PRESENTATION_STYLE_ASSIGNMENT (( #9580 ) ) ;
#6457 = FACE_OUTER_BOUND ( 'NONE', #1598, .T. ) ;
#6458 = VECTOR ( 'NONE', #6992, 39.37007874015748143 ) ;
#6459 = ADVANCED_FACE ( 'NONE', ( #1749 ), #7966, .T. ) ;
#6460 = LINE ( 'NONE', #2516, #1852 ) ;
#6461 = EDGE_CURVE ( 'NONE', #46, #4457, #1018, .T. ) ;
#6462 = AXIS2_PLACEMENT_3D ( 'NONE', #4537, #5387, #5517 ) ;
#6463 = CARTESIAN_POINT ( 'NONE',  ( -0.04609772206928037380, 0.3880000000000000115, 0.09609772206928025862 ) ) ;
#6464 = DIRECTION ( 'NONE',  ( -0.000000000000000000, -1.000000000000000000, -0.000000000000000000 ) ) ;
#6465 = AXIS2_PLACEMENT_3D ( 'NONE', #12679, #1638, #9037 ) ;
#6466 = EDGE_CURVE ( 'NONE', #9804, #8277, #8889, .T. ) ;
#6467 = ADVANCED_FACE ( 'NONE', ( #839 ), #12920, .T. ) ;
#6468 = CIRCLE ( 'NONE', #7963, 0.007999999999999972411 ) ;
#6469 = DIRECTION ( 'NONE',  ( -0.000000000000000000, 1.000000000000000000, -0.000000000000000000 ) ) ;
#6470 = ADVANCED_FACE ( 'NONE', ( #11929 ), #2874, .T. ) ;
#6471 = ORIENTED_EDGE ( 'NONE', *, *, #8012, .F. ) ;
#6472 = ORIENTED_EDGE ( 'NONE', *, *, #3451, .T. ) ;
#6473 = DIRECTION ( 'NONE',  ( 0.000000000000000000, 0.000000000000000000, 1.000000000000000000 ) ) ;
#6474 = CIRCLE ( 'NONE', #4147, 0.007999999999999998432 ) ;
#6475 = ORIENTED_EDGE ( 'NONE', *, *, #11456, .F. ) ;
#6476 = EDGE_CURVE ( 'NONE', #10733, #7307, #12390, .T. ) ;
#6477 = CARTESIAN_POINT ( 'NONE',  ( 0.07000000000000002054, 0.05799999999999997519, 0.02999999999999978378 ) ) ;
#6478 = STYLED_ITEM ( 'NONE', ( #2363 ), #10219 ) ;
#6479 = LINE ( 'NONE', #5546, #7254 ) ;
#6480 = EDGE_LOOP ( 'NONE', ( #11370, #7441, #878, #10783 ) ) ;
#6481 = CARTESIAN_POINT ( 'NONE',  ( -0.1605095817734711605, 0.01075725181925857310, -0.2017427481807415601 ) ) ;
#6482 = ORIENTED_EDGE ( 'NONE', *, *, #4010, .F. ) ;
#6483 = FILL_AREA_STYLE_COLOUR ( '', #3864 ) ;
#6484 = ADVANCED_FACE ( 'NONE', ( #103 ), #8157, .T. ) ;
#6485 = VECTOR ( 'NONE', #123, 39.37007874015748143 ) ;
#6486 =( CONVERSION_BASED_UNIT ( 'INCH', #8548 ) LENGTH_UNIT ( ) NAMED_UNIT ( #3311 ) );
#6487 = VERTEX_POINT ( 'NONE', #7159 ) ;
#6488 = AXIS2_PLACEMENT_3D ( 'NONE', #11505, #6607, #7413 ) ;
#6489 = EDGE_LOOP ( 'NONE', ( #630, #9618 ) ) ;
#6490 = LINE ( 'NONE', #4450, #10214 ) ;
#6491 = AXIS2_PLACEMENT_3D ( 'NONE', #8271, #4081, #10060 ) ;
#6492 = CARTESIAN_POINT ( 'NONE',  ( -0.06250000000000001388, 0.3880000000000000115, -0.01250000000000010651 ) ) ;
#6493 = ORIENTED_EDGE ( 'NONE', *, *, #6953, .F. ) ;
#6494 = FACE_OUTER_BOUND ( 'NONE', #8319, .T. ) ;
#6495 = CARTESIAN_POINT ( 'NONE',  ( -0.06999999999999999278, 0.05799999999999997519, 0.06999999999999972911 ) ) ;
#6496 = VERTEX_POINT ( 'NONE', #9419 ) ;
#6497 =( LENGTH_UNIT ( ) NAMED_UNIT ( * ) SI_UNIT ( $, .METRE. ) );
#6498 = CARTESIAN_POINT ( 'NONE',  ( -0.06249999999999980571, 0.05799999999999996825, -0.1875000000000001110 ) ) ;
#6499 = VECTOR ( 'NONE', #10898, 39.37007874015748143 ) ;
#6500 = EDGE_LOOP ( 'NONE', ( #3809, #7363, #6705, #10265 ) ) ;
#6501 = DIRECTION ( 'NONE',  ( 0.000000000000000000, 0.000000000000000000, 1.000000000000000000 ) ) ;
#6502 = CARTESIAN_POINT ( 'NONE',  ( 0.000000000000000000, 0.1419999999999999873, 0.000000000000000000 ) ) ;
#6503 = AXIS2_PLACEMENT_3D ( 'NONE', #214, #5156, #9003 ) ;
#6504 = STYLED_ITEM ( 'NONE', ( #862 ), #10871 ) ;
#6505 = LINE ( 'NONE', #2490, #8630 ) ;
#6506 = ORIENTED_EDGE ( 'NONE', *, *, #10208, .F. ) ;
#6507 = SURFACE_STYLE_USAGE ( .BOTH. , #10618 ) ;
#6508 = ORIENTED_EDGE ( 'NONE', *, *, #7991, .F. ) ;
#6509 = MANIFOLD_SOLID_BREP ( 'LPattern3[3]', #12722 ) ;
#6510 = DIRECTION ( 'NONE',  ( 1.000000000000000000, -0.000000000000000000, -0.000000000000000000 ) ) ;
#6511 = LINE ( 'NONE', #12732, #566 ) ;
#6512 = VECTOR ( 'NONE', #11335, 39.37007874015748143 ) ;
#6513 = STYLED_ITEM ( 'NONE', ( #11622 ), #6864 ) ;
#6514 = FACE_BOUND ( 'NONE', #3200, .T. ) ;
#6515 = ORIENTED_EDGE ( 'NONE', *, *, #12494, .T. ) ;
#6516 = FACE_OUTER_BOUND ( 'NONE', #2770, .T. ) ;
#6517 = AXIS2_PLACEMENT_3D ( 'NONE', #876, #812, #10853 ) ;
#6518 = LINE ( 'NONE', #11234, #12511 ) ;
#6519 = DIRECTION ( 'NONE',  ( 7.854062981784756704E-15, 0.000000000000000000, -1.000000000000000000 ) ) ;
#6520 = EDGE_CURVE ( 'NONE', #11378, #9109, #1079, .T. ) ;
#6521 =( GEOMETRIC_REPRESENTATION_CONTEXT ( 3 ) GLOBAL_UNCERTAINTY_ASSIGNED_CONTEXT ( ( #9601 ) ) GLOBAL_UNIT_ASSIGNED_CONTEXT ( ( #8159, #11392, #6293 ) ) REPRESENTATION_CONTEXT ( 'NONE', 'WORKASPACE' ) );
#6522 = CARTESIAN_POINT ( 'NONE',  ( -0.09499999999999998723, 0.1419999999999999873, 0.03599999999999993483 ) ) ;
#6523 = ORIENTED_EDGE ( 'NONE', *, *, #11326, .F. ) ;
#6524 = VERTEX_POINT ( 'NONE', #6352 ) ;
#6525 = DIRECTION ( 'NONE',  ( 0.000000000000000000, 0.000000000000000000, 1.000000000000000000 ) ) ;
#6526 = CARTESIAN_POINT ( 'NONE',  ( -0.03749999999999999861, 0.3880000000000000115, 0.1874999999999999167 ) ) ;
#6527 = DIRECTION ( 'NONE',  ( 0.000000000000000000, -1.000000000000000000, 0.000000000000000000 ) ) ;
#6528 = CARTESIAN_POINT ( 'NONE',  ( 0.07500000000000003886, 0.03750000000000000555, 0.1124999999999998918 ) ) ;
#6529 = CARTESIAN_POINT ( 'NONE',  ( 0.06250000000000001388, 0.05799999999999996825, 0.08749999999999986955 ) ) ;
#6530 = LINE ( 'NONE', #10574, #5236 ) ;
#6531 = ADVANCED_FACE ( 'NONE', ( #7364 ), #9286, .T. ) ;
#6532 = VECTOR ( 'NONE', #12580, 39.37007874015748143 ) ;
#6533 = CARTESIAN_POINT ( 'NONE',  ( -0.06250000000000001388, 0.2150000000000000244, -0.01250000000000010651 ) ) ;
#6534 = EDGE_CURVE ( 'NONE', #3409, #11178, #11390, .T. ) ;
#6535 = LINE ( 'NONE', #534, #2630 ) ;
#6536 = VERTEX_POINT ( 'NONE', #12259 ) ;
#6537 = ORIENTED_EDGE ( 'NONE', *, *, #2814, .F. ) ;
#6538 = DIRECTION ( 'NONE',  ( 0.000000000000000000, 1.000000000000000000, 0.000000000000000000 ) ) ;
#6539 = ORIENTED_EDGE ( 'NONE', *, *, #3941, .F. ) ;
#6540 = VECTOR ( 'NONE', #2660, 39.37007874015748143 ) ;
#6541 =( NAMED_UNIT ( * ) PLANE_ANGLE_UNIT ( ) SI_UNIT ( $, .RADIAN. ) );
#6542 = CARTESIAN_POINT ( 'NONE',  ( 0.07000000000000000666, 0.1499999999999999944, 0.1779999999999997140 ) ) ;
#6543 = EDGE_LOOP ( 'NONE', ( #7034, #9667, #8107, #8212 ) ) ;
#6544 = DIRECTION ( 'NONE',  ( -3.045457963692998352E-16, 1.000000000000000000, 0.000000000000000000 ) ) ;
#6545 = ADVANCED_FACE ( 'NONE', ( #1216 ), #1147, .T. ) ;
#6546 = UNCERTAINTY_MEASURE_WITH_UNIT (LENGTH_MEASURE( 1.000000000000000082E-05 ), #6856, 'distance_accuracy_value', 'NONE');
#6547 = ORIENTED_EDGE ( 'NONE', *, *, #12494, .F. ) ;
#6548 = LINE ( 'NONE', #11507, #6716 ) ;
#6549 = CARTESIAN_POINT ( 'NONE',  ( -0.03749999999999999861, 0.2150000000000000244, 0.1874999999999999167 ) ) ;
#6550 = EDGE_CURVE ( 'NONE', #456, #2937, #2154, .T. ) ;
#6551 = DIRECTION ( 'NONE',  ( 1.000000000000000000, -0.000000000000000000, 0.000000000000000000 ) ) ;
#6552 = ORIENTED_EDGE ( 'NONE', *, *, #5237, .F. ) ;
#6553 = ORIENTED_EDGE ( 'NONE', *, *, #6883, .F. ) ;
#6554 = DIRECTION ( 'NONE',  ( 0.000000000000000000, 0.000000000000000000, 1.000000000000000000 ) ) ;
#6555 = EDGE_CURVE ( 'NONE', #11396, #7236, #5172, .T. ) ;
#6556 = CARTESIAN_POINT ( 'NONE',  ( 0.07000000000000002054, 0.04999999999999998196, 0.02199999999999978362 ) ) ;
#6557 = FACE_OUTER_BOUND ( 'NONE', #1914, .T. ) ;
#6558 = ORIENTED_EDGE ( 'NONE', *, *, #8740, .T. ) ;
#6559 = CARTESIAN_POINT ( 'NONE',  ( -0.06249999999999981959, 0.1419999999999999873, -0.01250000000000010651 ) ) ;
#6560 = ORIENTED_EDGE ( 'NONE', *, *, #6390, .F. ) ;
#6561 = CARTESIAN_POINT ( 'NONE',  ( -0.06250000000000001388, 0.3880000000000000115, 0.1124999999999998918 ) ) ;
#6562 = SHAPE_DEFINITION_REPRESENTATION ( #10162, #2544 ) ;
#6563 = VERTEX_POINT ( 'NONE', #9214 ) ;
#6564 = PLANE ( 'NONE',  #4413 ) ;
#6565 = LENGTH_MEASURE_WITH_UNIT ( LENGTH_MEASURE( 0.02539999999999999897 ), #3411 );
#6566 = FACE_OUTER_BOUND ( 'NONE', #6098, .T. ) ;
#6567 = DIMENSIONAL_EXPONENTS ( 1.000000000000000000, 0.000000000000000000, 0.000000000000000000, 0.000000000000000000, 0.000000000000000000, 0.000000000000000000, 0.000000000000000000 ) ;
#6568 = FACE_OUTER_BOUND ( 'NONE', #482, .T. ) ;
#6569 = VERTEX_POINT ( 'NONE', #4179 ) ;
#6570 =( CONVERSION_BASED_UNIT ( 'INCH', #11668 ) LENGTH_UNIT ( ) NAMED_UNIT ( #2259 ) );
#6571 = DIRECTION ( 'NONE',  ( 0.000000000000000000, 0.000000000000000000, 1.000000000000000000 ) ) ;
#6572 = ORIENTED_EDGE ( 'NONE', *, *, #3492, .F. ) ;
#6573 = SURFACE_SIDE_STYLE ('',( #2629 ) ) ;
#6574 = CARTESIAN_POINT ( 'NONE',  ( 0.07000000000000002054, 0.05799999999999997519, 0.02999999999999978378 ) ) ;
#6575 =( NAMED_UNIT ( * ) SI_UNIT ( $, .STERADIAN. ) SOLID_ANGLE_UNIT ( ) );
#6576 = DIRECTION ( 'NONE',  ( 1.000000000000000000, 0.000000000000000000, 0.000000000000000000 ) ) ;
#6577 = EDGE_LOOP ( 'NONE', ( #12480, #7412, #10358, #1325 ) ) ;
#6578 = CARTESIAN_POINT ( 'NONE',  ( 0.07500000000000003886, 0.03750000000000000555, 0.1124999999999998918 ) ) ;
#6579 = PRESENTATION_LAYER_ASSIGNMENT (  '', '', ( #9334 ) ) ;
#6580 = LINE ( 'NONE', #7454, #692 ) ;
#6581 = PRESENTATION_STYLE_ASSIGNMENT (( #3551 ) ) ;
#6582 = PRESENTATION_LAYER_ASSIGNMENT (  '', '', ( #1960 ) ) ;
#6583 = CARTESIAN_POINT ( 'NONE',  ( -0.05988182395616164361, 0.3715713323165082960, -0.009881823956161751854 ) ) ;
#6584 = VERTEX_POINT ( 'NONE', #12324 ) ;
#6585 = VECTOR ( 'NONE', #4125, 39.37007874015748143 ) ;
#6586 = LINE ( 'NONE', #588, #97 ) ;
#6587 = CARTESIAN_POINT ( 'NONE',  ( 0.1100440510024100205, 0.1419999999999999873, 0.2359902289355768901 ) ) ;
#6588 = VECTOR ( 'NONE', #5077, 39.37007874015748143 ) ;
#6589 = DIRECTION ( 'NONE',  ( -0.000000000000000000, 1.000000000000000000, 0.000000000000000000 ) ) ;
#6590 = ADVANCED_FACE ( 'NONE', ( #5365 ), #7295, .F. ) ;
#6591 = CARTESIAN_POINT ( 'NONE',  ( -0.1449999999999999623, 0.008597722069280349169, 0.1039022779307195166 ) ) ;
#6592 = PLANE ( 'NONE',  #5981 ) ;
#6593 = PLANE ( 'NONE',  #8424 ) ;
#6594 = VECTOR ( 'NONE', #12456, 39.37007874015748143 ) ;
#6595 =( NAMED_UNIT ( * ) PLANE_ANGLE_UNIT ( ) SI_UNIT ( $, .RADIAN. ) );
#6596 =( NAMED_UNIT ( * ) PLANE_ANGLE_UNIT ( ) SI_UNIT ( $, .RADIAN. ) );
#6597 = ORIENTED_EDGE ( 'NONE', *, *, #4376, .F. ) ;
#6598 = ORIENTED_EDGE ( 'NONE', *, *, #571, .T. ) ;
#6599 = CARTESIAN_POINT ( 'NONE',  ( -0.06250000000000001388, 0.3643779527559052878, -0.08750000000000010547 ) ) ;
#6601 = EDGE_CURVE ( 'NONE', #3653, #2312, #3591, .T. ) ;
#6600 = VERTEX_POINT ( 'NONE', #12649 ) ;
#6602 = STYLED_ITEM ( 'NONE', ( #12774 ), #6780 ) ;
#6603 = DIRECTION ( 'NONE',  ( 0.000000000000000000, -0.000000000000000000, 1.000000000000000000 ) ) ;
#6604 = EDGE_CURVE ( 'NONE', #450, #7493, #9484, .T. ) ;
#6605 = DIRECTION ( 'NONE',  ( -3.045457963692998845E-16, -1.000000000000000000, -0.000000000000000000 ) ) ;
#6606 = ORIENTED_EDGE ( 'NONE', *, *, #3245, .F. ) ;
#6607 = DIRECTION ( 'NONE',  ( 0.000000000000000000, 0.000000000000000000, 1.000000000000000000 ) ) ;
#6608 = ADVANCED_FACE ( 'NONE', ( #7491 ), #10727, .T. ) ;
#6609 = ORIENTED_EDGE ( 'NONE', *, *, #10132, .T. ) ;
#6610 = FACE_OUTER_BOUND ( 'NONE', #12517, .T. ) ;
#6611 = DIRECTION ( 'NONE',  ( 0.000000000000000000, -1.000000000000000000, 0.000000000000000000 ) ) ;
#6612 = AXIS2_PLACEMENT_3D ( 'NONE', #4709, #12712, #11727 ) ;
#6613 = CARTESIAN_POINT ( 'NONE',  ( 0.07000000000000002054, 0.02737258300203046849, -0.07000000000000022871 ) ) ;
#6614 = CARTESIAN_POINT ( 'NONE',  ( -0.09499999999999998723, 0.6848831648126535443, 0.2500000000000000555 ) ) ;
#6615 = COLOUR_RGB ( '',1.000000000000000000, 0.8117647058823529438, 0.5019607843137254832 ) ;
#6616 = EDGE_CURVE ( 'NONE', #12752, #6676, #11589, .T. ) ;
#6617 = VECTOR ( 'NONE', #284, 39.37007874015748143 ) ;
#6618 = VECTOR ( 'NONE', #5818, 39.37007874015748143 ) ;
#6619 = ORIENTED_EDGE ( 'NONE', *, *, #12141, .T. ) ;
#6620 = VERTEX_POINT ( 'NONE', #11512 ) ;
#6621 = ORIENTED_EDGE ( 'NONE', *, *, #6243, .F. ) ;
#6622 = EDGE_CURVE ( 'NONE', #7061, #6144, #6490, .T. ) ;
#6624 = DIRECTION ( 'NONE',  ( 0.000000000000000000, -1.000000000000000000, 0.000000000000000000 ) ) ;
#6623 = AXIS2_PLACEMENT_3D ( 'NONE', #10911, #7812, #1858 ) ;
#6625 = CARTESIAN_POINT ( 'NONE',  ( -0.03749999999999980432, 0.05799999999999996825, -0.2125000000000001332 ) ) ;
#6626 = EDGE_LOOP ( 'NONE', ( #3130, #10152, #7294, #7880 ) ) ;
#6627 = EDGE_CURVE ( 'NONE', #3246, #145, #4381, .T. ) ;
#6628 = DIRECTION ( 'NONE',  ( -0.3236155771181825069, -0.8891264907159898145, -0.3236155771181825069 ) ) ;
#6629 = ADVANCED_FACE ( 'NONE', ( #12707 ), #6686, .F. ) ;
#6630 = ORIENTED_EDGE ( 'NONE', *, *, #7529, .T. ) ;
#6631 = CARTESIAN_POINT ( 'NONE',  ( 0.000000000000000000, 0.1499999999999999944, 0.000000000000000000 ) ) ;
#6632 = EDGE_CURVE ( 'NONE', #10777, #1073, #2410, .T. ) ;
#6633 = DIRECTION ( 'NONE',  ( 1.000000000000000000, 0.000000000000000000, 0.000000000000000000 ) ) ;
#6634 = EDGE_LOOP ( 'NONE', ( #1930, #12039, #483, #6907 ) ) ;
#6635 = LINE ( 'NONE', #11923, #6426 ) ;
#6636 = VECTOR ( 'NONE', #12948, 39.37007874015748854 ) ;
#6637 = CARTESIAN_POINT ( 'NONE',  ( -0.06999999999999999278, 0.02737258300203046849, -0.02200000000000026240 ) ) ;
#6638 = EDGE_CURVE ( 'NONE', #11048, #1588, #1404, .T. ) ;
#6639 = EDGE_CURVE ( 'NONE', #7832, #2962, #10597, .T. ) ;
#6640 = CARTESIAN_POINT ( 'NONE',  ( 0.07500000000000005274, -8.110173731190781122E-17, -0.01250000000000010651 ) ) ;
#6641 = PRESENTATION_LAYER_ASSIGNMENT (  '', '', ( #11285 ) ) ;
#6642 = ORIENTED_EDGE ( 'NONE', *, *, #1307, .T. ) ;
#6643 = FACE_OUTER_BOUND ( 'NONE', #6634, .T. ) ;
#6644 = VERTEX_POINT ( 'NONE', #10539 ) ;
#6645 = EDGE_CURVE ( 'NONE', #8918, #9109, #9545, .T. ) ;
#6647 = DIRECTION ( 'NONE',  ( 0.000000000000000000, 0.000000000000000000, -1.000000000000000000 ) ) ;
#6646 = PRESENTATION_LAYER_ASSIGNMENT (  '', '', ( #1367 ) ) ;
#6648 = DIRECTION ( 'NONE',  ( -0.8891264907159903697, 0.3236155771181813967, -0.3236155771181821184 ) ) ;
#6649 = LINE ( 'NONE', #1562, #1617 ) ;
#6650 = CIRCLE ( 'NONE', #4071, 0.007999999999999972411 ) ;
#6651 = DIRECTION ( 'NONE',  ( -0.000000000000000000, 0.000000000000000000, -1.000000000000000000 ) ) ;
#6652 = ORIENTED_EDGE ( 'NONE', *, *, #9965, .T. ) ;
#6653 = LENGTH_MEASURE_WITH_UNIT ( LENGTH_MEASURE( 0.02539999999999999897 ), #850 );
#6654 = DIRECTION ( 'NONE',  ( 1.000000000000000000, 0.000000000000000000, 0.000000000000000000 ) ) ;
#6655 = FACE_OUTER_BOUND ( 'NONE', #4199, .T. ) ;
#6656 = ORIENTED_EDGE ( 'NONE', *, *, #2604, .T. ) ;
#6657 = DIRECTION ( 'NONE',  ( 0.000000000000000000, 1.000000000000000000, 0.000000000000000000 ) ) ;
#6658 = LENGTH_MEASURE_WITH_UNIT ( LENGTH_MEASURE( 0.02539999999999999897 ), #5783 );
#6659 = DIRECTION ( 'NONE',  ( 1.000000000000000000, 0.000000000000000000, 0.000000000000000000 ) ) ;
#6660 = DIMENSIONAL_EXPONENTS ( 1.000000000000000000, 0.000000000000000000, 0.000000000000000000, 0.000000000000000000, 0.000000000000000000, 0.000000000000000000, 0.000000000000000000 ) ;
#6661 =( LENGTH_UNIT ( ) NAMED_UNIT ( * ) SI_UNIT ( $, .METRE. ) );
#6662 = EDGE_CURVE ( 'NONE', #730, #6328, #4073, .T. ) ;
#6663 = VECTOR ( 'NONE', #8653, 39.37007874015748143 ) ;
#6664 = MECHANICAL_DESIGN_GEOMETRIC_PRESENTATION_REPRESENTATION (  '', ( #1596 ), #962 ) ;
#6665 = SURFACE_STYLE_USAGE ( .BOTH. , #10833 ) ;
#6666 = ORIENTED_EDGE ( 'NONE', *, *, #1928, .T. ) ;
#6667 = ORIENTED_EDGE ( 'NONE', *, *, #3169, .T. ) ;
#6668 = FACE_OUTER_BOUND ( 'NONE', #7421, .T. ) ;
#6669 = VECTOR ( 'NONE', #5504, 39.37007874015748143 ) ;
#6670 = ORIENTED_EDGE ( 'NONE', *, *, #902, .F. ) ;
#6671 = LINE ( 'NONE', #11432, #12255 ) ;
#6672 = VECTOR ( 'NONE', #5039, 39.37007874015748143 ) ;
#6673 = ORIENTED_EDGE ( 'NONE', *, *, #12841, .F. ) ;
#6674 = FACE_OUTER_BOUND ( 'NONE', #5179, .T. ) ;
#6675 = AXIS2_PLACEMENT_3D ( 'NONE', #3693, #2727, #5798 ) ;
#6676 = VERTEX_POINT ( 'NONE', #5745 ) ;
#6677 = CARTESIAN_POINT ( 'NONE',  ( 0.03749999999999999861, 0.2150000000000000244, 0.01249999999999990008 ) ) ;
#6678 = DIRECTION ( 'NONE',  ( 0.000000000000000000, 0.000000000000000000, -1.000000000000000000 ) ) ;
#6679 = PLANE ( 'NONE',  #9693 ) ;
#6680 = AXIS2_PLACEMENT_3D ( 'NONE', #3709, #6624, #7759 ) ;
#6681 = EDGE_CURVE ( 'NONE', #1268, #8810, #12231, .T. ) ;
#6682 = ORIENTED_EDGE ( 'NONE', *, *, #3874, .F. ) ;
#6683 = ORIENTED_EDGE ( 'NONE', *, *, #3680, .T. ) ;
#6684 = STYLED_ITEM ( 'NONE', ( #13061 ), #10161 ) ;
#6685 = EDGE_LOOP ( 'NONE', ( #7261, #215, #9417, #8163 ) ) ;
#6686 = PLANE ( 'NONE',  #4701 ) ;
#6687 = CARTESIAN_POINT ( 'NONE',  ( 0.03749999999999999861, 0.3643779527559052878, 0.1874999999999999167 ) ) ;
#6688 = LINE ( 'NONE', #9547, #7168 ) ;
#6689 = LINE ( 'NONE', #1672, #11858 ) ;
#6690 = CARTESIAN_POINT ( 'NONE',  ( 0.07500000000000005274, 0.02500000000000001180, -0.01250000000000010651 ) ) ;
#6691 = EDGE_LOOP ( 'NONE', ( #8439, #1853, #5754, #7919 ) ) ;
#6692 = DIRECTION ( 'NONE',  ( -0.000000000000000000, 0.000000000000000000, -1.000000000000000000 ) ) ;
#6693 = CARTESIAN_POINT ( 'NONE',  ( -0.03749999999999999861, 0.2150000000000000244, -0.1875000000000001110 ) ) ;
#6694 = VECTOR ( 'NONE', #8523, 39.37007874015748143 ) ;
#6695 = ORIENTED_EDGE ( 'NONE', *, *, #10452, .F. ) ;
#6696 =( NAMED_UNIT ( * ) PLANE_ANGLE_UNIT ( ) SI_UNIT ( $, .RADIAN. ) );
#6697 = STYLED_ITEM ( 'NONE', ( #13049 ), #10518 ) ;
#6698 = LINE ( 'NONE', #11925, #1417 ) ;
#6699 = EDGE_CURVE ( 'NONE', #10596, #1305, #9183, .T. ) ;
#6700 = ADVANCED_FACE ( 'NONE', ( #6128 ), #6757, .T. ) ;
#6701 = LENGTH_MEASURE_WITH_UNIT ( LENGTH_MEASURE( 0.02539999999999999897 ), #11741 );
#6702 = VERTEX_POINT ( 'NONE', #10857 ) ;
#6703 = SURFACE_SIDE_STYLE ('',( #3537 ) ) ;
#6704 = DIRECTION ( 'NONE',  ( -1.000000000000000000, 0.000000000000000000, 0.000000000000000000 ) ) ;
#6705 = ORIENTED_EDGE ( 'NONE', *, *, #3572, .F. ) ;
#6706 = AXIS2_PLACEMENT_3D ( 'NONE', #7664, #2718, #596 ) ;
#6707 = DIRECTION ( 'NONE',  ( 0.000000000000000000, 0.000000000000000000, 1.000000000000000000 ) ) ;
#6708 = DIRECTION ( 'NONE',  ( -2.435670465107224942E-16, -1.000000000000000000, 0.000000000000000000 ) ) ;
#6709 = CARTESIAN_POINT ( 'NONE',  ( 0.000000000000000000, 0.2150000000000000244, 0.2000000000000000111 ) ) ;
#6710 =( LENGTH_UNIT ( ) NAMED_UNIT ( * ) SI_UNIT ( $, .METRE. ) );
#6711 = VECTOR ( 'NONE', #4369, 39.37007874015748143 ) ;
#6712 = EDGE_CURVE ( 'NONE', #6412, #2584, #277, .T. ) ;
#6713 = EDGE_CURVE ( 'NONE', #3398, #7077, #10119, .T. ) ;
#6714 = DIRECTION ( 'NONE',  ( -0.3236155771181825069, -0.8891264907159898145, -0.3236155771181825069 ) ) ;
#6715 = ORIENTED_EDGE ( 'NONE', *, *, #3811, .T. ) ;
#6716 = VECTOR ( 'NONE', #1464, 39.37007874015748854 ) ;
#6717 = PLANE ( 'NONE',  #2847 ) ;
#6718 = ADVANCED_FACE ( 'NONE', ( #10793 ), #7758, .T. ) ;
#6719 = DIRECTION ( 'NONE',  ( -1.000000000000000000, 0.000000000000000000, 0.000000000000000000 ) ) ;
#6720 = VECTOR ( 'NONE', #4271, 39.37007874015748143 ) ;
#6721 =( NAMED_UNIT ( * ) PLANE_ANGLE_UNIT ( ) SI_UNIT ( $, .RADIAN. ) );
#6722 = EDGE_CURVE ( 'NONE', #7649, #4336, #9741, .T. ) ;
#6723 = CARTESIAN_POINT ( 'NONE',  ( 0.09499999999999998723, 0.05799999999999997519, 0.2500000000000000555 ) ) ;
#6724 = ORIENTED_EDGE ( 'NONE', *, *, #7347, .F. ) ;
#6725 = FILL_AREA_STYLE_COLOUR ( '', #9377 ) ;
#6726 = ORIENTED_EDGE ( 'NONE', *, *, #3561, .F. ) ;
#6727 = CARTESIAN_POINT ( 'NONE',  ( 0.09499999999999998723, 0.6848831648126535443, 0.2430053851276750276 ) ) ;
#6728 = EDGE_CURVE ( 'NONE', #10308, #1604, #1321, .T. ) ;
#6729 = DIRECTION ( 'NONE',  ( 1.000000000000000000, 6.097874985857737794E-17, 0.000000000000000000 ) ) ;
#6730 = AXIS2_PLACEMENT_3D ( 'NONE', #2858, #3638, #1865 ) ;
#6731 = LINE ( 'NONE', #5785, #960 ) ;
#6732 = DIRECTION ( 'NONE',  ( 0.000000000000000000, 0.000000000000000000, 1.000000000000000000 ) ) ;
#6733 = CYLINDRICAL_SURFACE ( 'NONE', #10536, 0.007999999999999955064 ) ;
#6734 = VECTOR ( 'NONE', #2751, 39.37007874015748143 ) ;
#6735 = SURFACE_STYLE_USAGE ( .BOTH. , #1775 ) ;
#6736 = DIRECTION ( 'NONE',  ( -1.000000000000000000, -6.097874985857736561E-17, 0.000000000000000000 ) ) ;
#6737 = ORIENTED_EDGE ( 'NONE', *, *, #12942, .T. ) ;
#6738 = EDGE_LOOP ( 'NONE', ( #6770, #10789, #3964, #10776 ) ) ;
#6739 =( CONVERSION_BASED_UNIT ( 'INCH', #4876 ) LENGTH_UNIT ( ) NAMED_UNIT ( #11271 ) );
#6740 = VERTEX_POINT ( 'NONE', #2743 ) ;
#6741 = LINE ( 'NONE', #8919, #500 ) ;
#6742 = PRESENTATION_LAYER_ASSIGNMENT (  '', '', ( #2535 ) ) ;
#6743 = DIRECTION ( 'NONE',  ( -0.000000000000000000, 1.000000000000000000, -0.000000000000000000 ) ) ;
#6744 = DIRECTION ( 'NONE',  ( 0.4226182617406968323, 0.000000000000000000, -0.9063077870366511579 ) ) ;
#6745 = VERTEX_POINT ( 'NONE', #6062 ) ;
#6746 = CARTESIAN_POINT ( 'NONE',  ( -0.06999999999999999278, 0.04999999999999998196, 0.06999999999999972911 ) ) ;
#6747 = ORIENTED_EDGE ( 'NONE', *, *, #5800, .F. ) ;
#6748 = CARTESIAN_POINT ( 'NONE',  ( -0.06999999999999999278, 0.02737258300203046849, -0.1300000000000002820 ) ) ;
#6749 = LINE ( 'NONE', #8730, #1525 ) ;
#6750 = FACE_OUTER_BOUND ( 'NONE', #687, .T. ) ;
#6751 = CARTESIAN_POINT ( 'NONE',  ( 0.03749999999999999861, 0.3880000000000000115, -0.1125000000000001138 ) ) ;
#6752 = VECTOR ( 'NONE', #754, 39.37007874015748854 ) ;
#6753 = ORIENTED_EDGE ( 'NONE', *, *, #7182, .F. ) ;
#6754 = VERTEX_POINT ( 'NONE', #1108 ) ;
#6755 = LINE ( 'NONE', #4529, #3555 ) ;
#6756 = ORIENTED_EDGE ( 'NONE', *, *, #9111, .F. ) ;
#6757 = PLANE ( 'NONE',  #11889 ) ;
#6758 = LINE ( 'NONE', #9681, #2695 ) ;
#6759 = SURFACE_SIDE_STYLE ('',( #11850 ) ) ;
#6760 = CARTESIAN_POINT ( 'NONE',  ( -0.07500000000000005274, 0.02500000000000001180, 0.2124999999999999112 ) ) ;
#6761 = DIRECTION ( 'NONE',  ( -1.000000000000000000, 0.000000000000000000, 0.000000000000000000 ) ) ;
#6762 = VERTEX_POINT ( 'NONE', #678 ) ;
#6763 = LINE ( 'NONE', #5752, #4289 ) ;
#6764 = DIRECTION ( 'NONE',  ( 0.000000000000000000, -0.000000000000000000, -1.000000000000000000 ) ) ;
#6765 = EDGE_CURVE ( 'NONE', #300, #1938, #8808, .T. ) ;
#6766 = EDGE_LOOP ( 'NONE', ( #1463, #9196 ) ) ;
#6767 = LINE ( 'NONE', #1743, #11171 ) ;
#6768 = SURFACE_SIDE_STYLE ('',( #762 ) ) ;
#6769 = DIRECTION ( 'NONE',  ( 0.000000000000000000, 1.000000000000000000, 0.000000000000000000 ) ) ;
#6770 = ORIENTED_EDGE ( 'NONE', *, *, #1640, .F. ) ;
#6771 = ORIENTED_EDGE ( 'NONE', *, *, #7574, .T. ) ;
#6772 = CARTESIAN_POINT ( 'NONE',  ( 0.03749999999999999861, 0.2150000000000000244, -0.1875000000000001110 ) ) ;
#6773 = CARTESIAN_POINT ( 'NONE',  ( -0.1449999999999999623, 0.008597722069280349169, -0.1039022779307197386 ) ) ;
#6774 = EDGE_LOOP ( 'NONE', ( #1037, #3327, #10557, #12566 ) ) ;
#6775 = EDGE_CURVE ( 'NONE', #5070, #12929, #7128, .T. ) ;
#6776 = LENGTH_MEASURE_WITH_UNIT ( LENGTH_MEASURE( 0.02539999999999999897 ), #10748 );
#6777 = LINE ( 'NONE', #5516, #10327 ) ;
#6778 = DIRECTION ( 'NONE',  ( 1.000000000000000000, 2.435670465107224942E-16, 0.000000000000000000 ) ) ;
#6779 = SURFACE_STYLE_FILL_AREA ( #2762 ) ;
#6780 = ADVANCED_FACE ( 'NONE', ( #8059 ), #7824, .T. ) ;
#6781 = LINE ( 'NONE', #4797, #11075 ) ;
#6782 = ORIENTED_EDGE ( 'NONE', *, *, #818, .F. ) ;
#6783 = DIRECTION ( 'NONE',  ( -0.000000000000000000, 0.000000000000000000, 1.000000000000000000 ) ) ;
#6784 = DIRECTION ( 'NONE',  ( -1.000000000000000000, 0.000000000000000000, 0.000000000000000000 ) ) ;
#6785 = ADVANCED_FACE ( 'NONE', ( #6457 ), #8463, .T. ) ;
#6786 = LENGTH_MEASURE_WITH_UNIT ( LENGTH_MEASURE( 0.02539999999999999897 ), #1570 );
#6787 = ORIENTED_EDGE ( 'NONE', *, *, #10513, .F. ) ;
#6788 = LINE ( 'NONE', #10824, #12545 ) ;
#6789 = CARTESIAN_POINT ( 'NONE',  ( -0.06249999999999996531, 0.03750000000000001249, -0.1125000000000001138 ) ) ;
#6790 = ORIENTED_EDGE ( 'NONE', *, *, #12629, .T. ) ;
#6791 = ADVANCED_FACE ( 'NONE', ( #11423 ), #1310, .T. ) ;
#6792 = CARTESIAN_POINT ( 'NONE',  ( 0.06250000000000001388, 0.05799999999999996825, -0.1875000000000001110 ) ) ;
#6793 = DIRECTION ( 'NONE',  ( -1.000000000000000000, 0.000000000000000000, 0.000000000000000000 ) ) ;
#6794 = SURFACE_SIDE_STYLE ('',( #1842 ) ) ;
#6795 = DIRECTION ( 'NONE',  ( -1.000000000000000000, 2.435670465107224942E-16, 0.000000000000000000 ) ) ;
#6796 = ADVANCED_FACE ( 'NONE', ( #3494 ), #11549, .F. ) ;
#6797 = CARTESIAN_POINT ( 'NONE',  ( 0.07500000000000005274, 0.02499999999999992506, -0.1125000000000001138 ) ) ;
#6798 = FILL_AREA_STYLE ('',( #8782 ) ) ;
#6799 = EDGE_CURVE ( 'NONE', #11633, #8810, #10319, .T. ) ;
#6800 = COLOUR_RGB ( '',1.000000000000000000, 0.8117647058823529438, 0.5019607843137254832 ) ;
#6801 = VERTEX_POINT ( 'NONE', #10507 ) ;
#6802 = EDGE_LOOP ( 'NONE', ( #10756, #8758, #11677, #1868 ) ) ;
#6803 = CARTESIAN_POINT ( 'NONE',  ( 0.03749999999999999861, 0.3880000000000000115, 0.01249999999999990008 ) ) ;
#6804 = ADVANCED_FACE ( 'NONE', ( #8333 ), #204, .F. ) ;
#6805 = VERTEX_POINT ( 'NONE', #4218 ) ;
#6806 = LINE ( 'NONE', #9786, #8933 ) ;
#6807 = FACE_OUTER_BOUND ( 'NONE', #11250, .T. ) ;
#6808 = CARTESIAN_POINT ( 'NONE',  ( -0.09499999999999998723, 0.6848831648126535443, 0.2500000000000000555 ) ) ;
#6809 = STYLED_ITEM ( 'NONE', ( #5697 ), #6366 ) ;
#6810 = CARTESIAN_POINT ( 'NONE',  ( 0.03749999999999999861, 0.1419999999999999873, -0.08750000000000010547 ) ) ;
#6811 = VERTEX_POINT ( 'NONE', #9452 ) ;
#6812 = SURFACE_STYLE_USAGE ( .BOTH. , #2792 ) ;
#6813 = DIRECTION ( 'NONE',  ( 6.829619984160656074E-16, 0.000000000000000000, 1.000000000000000000 ) ) ;
#6814 = CARTESIAN_POINT ( 'NONE',  ( 0.07000000000000017319, 0.1419999999999999873, -0.1529999999999999694 ) ) ;
#6815 = DIRECTION ( 'NONE',  ( -1.000000000000000000, 0.000000000000000000, 0.000000000000000000 ) ) ;
#6816 = VERTEX_POINT ( 'NONE', #4419 ) ;
#6817 = ORIENTED_EDGE ( 'NONE', *, *, #339, .T. ) ;
#6818 = VECTOR ( 'NONE', #766, 39.37007874015748143 ) ;
#6819 = CARTESIAN_POINT ( 'NONE',  ( 0.09499999999999998723, 0.1420000000000000151, 0.2430053851276750276 ) ) ;
#6820 = SURFACE_STYLE_USAGE ( .BOTH. , #3174 ) ;
#6821 = VECTOR ( 'NONE', #8721, 39.37007874015748143 ) ;
#6822 = DIRECTION ( 'NONE',  ( 0.000000000000000000, 1.000000000000000000, 0.000000000000000000 ) ) ;
#6823 = LINE ( 'NONE', #10860, #6752 ) ;
#6824 = ORIENTED_EDGE ( 'NONE', *, *, #2690, .F. ) ;
#6825 = DIRECTION ( 'NONE',  ( 0.8891264907159901476, -0.3236155771181821184, -0.3236155771181821739 ) ) ;
#6826 = EDGE_LOOP ( 'NONE', ( #7949, #10284, #2655, #12698 ) ) ;
#6827 = CARTESIAN_POINT ( 'NONE',  ( -0.09499999999999998723, 0.1420000000000000151, -0.2500000000000000555 ) ) ;
#6828 = CARTESIAN_POINT ( 'NONE',  ( 0.000000000000000000, 0.000000000000000000, 0.000000000000000000 ) ) ;
#6829 = ORIENTED_EDGE ( 'NONE', *, *, #2814, .T. ) ;
#6830 = LENGTH_MEASURE_WITH_UNIT ( LENGTH_MEASURE( 0.02539999999999999897 ), #11988 );
#6831 = CARTESIAN_POINT ( 'NONE',  ( 0.000000000000000000, 0.04999999999999998196, 0.000000000000000000 ) ) ;
#6832 = AXIS2_PLACEMENT_3D ( 'NONE', #12293, #12156, #12229 ) ;
#6833 = DIRECTION ( 'NONE',  ( 0.3236155771181825069, 0.8891264907159898145, -0.3236155771181825069 ) ) ;
#6834 = AXIS2_PLACEMENT_3D ( 'NONE', #11525, #497, #11336 ) ;
#6835 = AXIS2_PLACEMENT_3D ( 'NONE', #1541, #4779, #5502 ) ;
#6836 = PRESENTATION_LAYER_ASSIGNMENT (  '', '', ( #2219 ) ) ;
#6837 = VERTEX_POINT ( 'NONE', #3432 ) ;
#6838 = CARTESIAN_POINT ( 'NONE',  ( 0.000000000000000000, 0.1499999999999999944, 0.000000000000000000 ) ) ;
#6839 = ORIENTED_EDGE ( 'NONE', *, *, #7347, .T. ) ;
#6840 = DIRECTION ( 'NONE',  ( -0.9153150324227631307, 0.000000000000000000, -0.4027386142660223656 ) ) ;
#6841 = VECTOR ( 'NONE', #3372, 39.37007874015748143 ) ;
#6842 =( LENGTH_UNIT ( ) NAMED_UNIT ( * ) SI_UNIT ( $, .METRE. ) );
#6843 = ORIENTED_EDGE ( 'NONE', *, *, #3053, .T. ) ;
#6844 =( NAMED_UNIT ( * ) SI_UNIT ( $, .STERADIAN. ) SOLID_ANGLE_UNIT ( ) );
#6845 = PRESENTATION_LAYER_ASSIGNMENT (  '', '', ( #7908 ) ) ;
#6846 = LINE ( 'NONE', #12730, #5259 ) ;
#6847 = DIRECTION ( 'NONE',  ( 0.3236155771181825069, -0.8891264907159898145, -0.3236155771181825069 ) ) ;
#6848 = PLANE ( 'NONE',  #5618 ) ;
#6849 =( NAMED_UNIT ( * ) SI_UNIT ( $, .STERADIAN. ) SOLID_ANGLE_UNIT ( ) );
#6850 = EDGE_LOOP ( 'NONE', ( #1987, #11864, #12862, #599 ) ) ;
#6851 =( LENGTH_UNIT ( ) NAMED_UNIT ( * ) SI_UNIT ( $, .METRE. ) );
#6852 = VECTOR ( 'NONE', #8243, 39.37007874015748143 ) ;
#6853 = PLANE ( 'NONE',  #5537 ) ;
#6854 = AXIS2_PLACEMENT_3D ( 'NONE', #1630, #12930, #6915 ) ;
#6855 = EDGE_CURVE ( 'NONE', #7071, #5070, #8265, .T. ) ;
#6856 =( CONVERSION_BASED_UNIT ( 'INCH', #905 ) LENGTH_UNIT ( ) NAMED_UNIT ( #8408 ) );
#6857 = EDGE_LOOP ( 'NONE', ( #677, #8647, #7679, #4692 ) ) ;
#6859 = AXIS2_PLACEMENT_3D ( 'NONE', #11124, #2879, #10223 ) ;
#6858 = CARTESIAN_POINT ( 'NONE',  ( -0.06250000000000005551, 0.03750000000000001249, -0.08750000000000010547 ) ) ;
#6860 = EDGE_LOOP ( 'NONE', ( #280, #4472, #12463, #12706 ) ) ;
#6861 = FILL_AREA_STYLE ('',( #1769 ) ) ;
#6862 = DIRECTION ( 'NONE',  ( 6.097874985857737794E-17, -1.000000000000000000, 0.000000000000000000 ) ) ;
#6863 = LINE ( 'NONE', #10893, #5666 ) ;
#6864 = ADVANCED_FACE ( 'NONE', ( #11361 ), #12554, .T. ) ;
#6865 = EDGE_CURVE ( 'NONE', #6248, #4379, #6093, .T. ) ;
#6866 = FACE_OUTER_BOUND ( 'NONE', #3547, .T. ) ;
#6868 = EDGE_LOOP ( 'NONE', ( #1106, #4962, #6606, #8849 ) ) ;
#6867 = EDGE_CURVE ( 'NONE', #19, #2712, #2575, .T. ) ;
#6869 = EDGE_LOOP ( 'NONE', ( #8635, #12614, #6078, #5217, #7483, #1582, #7691, #12631, #3347, #3992, #7836, #670, #4513, #7827, #316, #4803, #7814, #3623, #3388, #5385, #4681, #1134, #8738, #10968, #1109, #8460, #12589, #11369, #2820, #6787, #122, #12700, #4008, #5685, #9383, #11757, #5567, #2008, #12564, #10906 ) ) ;
#6870 = FACE_OUTER_BOUND ( 'NONE', #3883, .T. ) ;
#6871 = ORIENTED_EDGE ( 'NONE', *, *, #12085, .F. ) ;
#6872 = CARTESIAN_POINT ( 'NONE',  ( -0.03749999999999999861, 0.3643779527559052878, -0.2125000000000001332 ) ) ;
#6873 = DIRECTION ( 'NONE',  ( 0.000000000000000000, 0.000000000000000000, 1.000000000000000000 ) ) ;
#6874 =( CONVERSION_BASED_UNIT ( 'INCH', #12089 ) LENGTH_UNIT ( ) NAMED_UNIT ( #9331 ) );
#6875 = DIRECTION ( 'NONE',  ( 1.000000000000000000, 0.000000000000000000, 0.000000000000000000 ) ) ;
#6876 = ADVANCED_FACE ( 'NONE', ( #4668 ), #3676, .T. ) ;
#6877 = EDGE_CURVE ( 'NONE', #13006, #10411, #12618, .T. ) ;
#6878 = DIRECTION ( 'NONE',  ( 0.000000000000000000, 0.000000000000000000, 1.000000000000000000 ) ) ;
#6879 = EDGE_CURVE ( 'NONE', #4057, #5305, #2711, .T. ) ;
#6880 = FILL_AREA_STYLE_COLOUR ( '', #8821 ) ;
#6881 = DIRECTION ( 'NONE',  ( 1.000000000000000000, -6.097874985857737794E-17, 0.000000000000000000 ) ) ;
#6882 = VECTOR ( 'NONE', #6320, 39.37007874015748854 ) ;
#6884 = ORIENTED_EDGE ( 'NONE', *, *, #13015, .T. ) ;
#6883 = EDGE_CURVE ( 'NONE', #6811, #10596, #12807, .T. ) ;
#6885 = ORIENTED_EDGE ( 'NONE', *, *, #10443, .F. ) ;
#6886 = CARTESIAN_POINT ( 'NONE',  ( 0.07000000000000000666, 0.1419999999999999873, -0.03800000000000023498 ) ) ;
#6887 = AXIS2_PLACEMENT_3D ( 'NONE', #6920, #2172, #6176 ) ;
#6888 = FACE_OUTER_BOUND ( 'NONE', #5037, .T. ) ;
#6889 = DIRECTION ( 'NONE',  ( 0.000000000000000000, 0.000000000000000000, 1.000000000000000000 ) ) ;
#6890 = CARTESIAN_POINT ( 'NONE',  ( 0.06250000000000001388, 0.2150000000000000244, 0.2124999999999999112 ) ) ;
#6891 =( GEOMETRIC_REPRESENTATION_CONTEXT ( 3 ) GLOBAL_UNCERTAINTY_ASSIGNED_CONTEXT ( ( #7746 ) ) GLOBAL_UNIT_ASSIGNED_CONTEXT ( ( #4907, #8093, #11999 ) ) REPRESENTATION_CONTEXT ( 'NONE', 'WORKASPACE' ) );
#6892 = LINE ( 'NONE', #5093, #10436 ) ;
#6894 = ORIENTED_EDGE ( 'NONE', *, *, #84, .T. ) ;
#6893 = ADVANCED_FACE ( 'NONE', ( #7853 ), #5657, .T. ) ;
#6895 = CARTESIAN_POINT ( 'NONE',  ( 0.07000000000000017319, 0.05799999999999997519, 0.05299999999999992217 ) ) ;
#6896 = CARTESIAN_POINT ( 'NONE',  ( -0.03749999999999980432, 0.1419999999999999873, 0.08749999999999986955 ) ) ;
#6897 = ORIENTED_EDGE ( 'NONE', *, *, #5812, .F. ) ;
#6898 = CARTESIAN_POINT ( 'NONE',  ( -0.07500000000000005274, 0.000000000000000000, -0.1125000000000001138 ) ) ;
#6899 = PLANE ( 'NONE',  #9823 ) ;
#6900 = PRESENTATION_LAYER_ASSIGNMENT (  '', '', ( #9445 ) ) ;
#6901 = FACE_OUTER_BOUND ( 'NONE', #2067, .T. ) ;
#6902 = MECHANICAL_DESIGN_GEOMETRIC_PRESENTATION_REPRESENTATION (  '', ( #10082 ), #1840 ) ;
#6903 = ORIENTED_EDGE ( 'NONE', *, *, #11221, .T. ) ;
#6904 = LINE ( 'NONE', #9018, #10200 ) ;
#6905 = LINE ( 'NONE', #10943, #989 ) ;
#6906 = FACE_OUTER_BOUND ( 'NONE', #11859, .T. ) ;
#6907 = ORIENTED_EDGE ( 'NONE', *, *, #11407, .T. ) ;
#6908 = PRESENTATION_LAYER_ASSIGNMENT (  '', '', ( #6917 ) ) ;
#6909 = CARTESIAN_POINT ( 'NONE',  ( 0.06250000000000001388, 0.2150000000000000244, 0.01249999999999990008 ) ) ;
#6910 = LINE ( 'NONE', #954, #5341 ) ;
#6911 = CARTESIAN_POINT ( 'NONE',  ( 0.03749999999999995698, 0.03750000000000001249, -0.1875000000000001110 ) ) ;
#6912 = AXIS2_PLACEMENT_3D ( 'NONE', #5168, #34, #8086 ) ;
#6913 = DIRECTION ( 'NONE',  ( -5.850480457187554951E-16, -1.000000000000000000, -0.000000000000000000 ) ) ;
#6914 = EDGE_LOOP ( 'NONE', ( #7643, #10352, #7869, #8771 ) ) ;
#6915 = DIRECTION ( 'NONE',  ( 1.000000000000000000, -6.097874985857737794E-17, 0.000000000000000000 ) ) ;
#6916 =( NAMED_UNIT ( * ) PLANE_ANGLE_UNIT ( ) SI_UNIT ( $, .RADIAN. ) );
#6917 = STYLED_ITEM ( 'NONE', ( #4868 ), #4273 ) ;
#6918 = MECHANICAL_DESIGN_GEOMETRIC_PRESENTATION_REPRESENTATION (  '', ( #4172 ), #13048 ) ;
#6919 = ORIENTED_EDGE ( 'NONE', *, *, #6225, .T. ) ;
#6920 = CARTESIAN_POINT ( 'NONE',  ( 0.07500000000000005274, 0.02500000000000001180, -0.08750000000000010547 ) ) ;
#6921 = AXIS2_PLACEMENT_3D ( 'NONE', #1461, #9600, #473 ) ;
#6922 = DIRECTION ( 'NONE',  ( -0.000000000000000000, 1.000000000000000000, -0.000000000000000000 ) ) ;
#6923 = EDGE_LOOP ( 'NONE', ( #467, #3622 ) ) ;
#6924 = PRESENTATION_LAYER_ASSIGNMENT (  '', '', ( #4397 ) ) ;
#6925 = DIRECTION ( 'NONE',  ( -1.000000000000000000, -6.097874985857737794E-17, 0.000000000000000000 ) ) ;
#6926 = CARTESIAN_POINT ( 'NONE',  ( 0.03749999999999999861, 0.2150000000000000244, 0.08749999999999988343 ) ) ;
#6927 = LINE ( 'NONE', #5601, #8149 ) ;
#6928 = SURFACE_STYLE_FILL_AREA ( #10772 ) ;
#6929 = STYLED_ITEM ( 'NONE', ( #6581 ), #11068 ) ;
#6930 = EDGE_CURVE ( 'NONE', #646, #8400, #1573, .T. ) ;
#6931 = COLOUR_RGB ( '',0.7921568627450980005, 0.8196078431372548767, 0.9333333333333333481 ) ;
#6932 = CARTESIAN_POINT ( 'NONE',  ( -0.09499999999999998723, 0.04999999999999998196, 0.1640000000000000069 ) ) ;
#6933 = CIRCLE ( 'NONE', #10324, 0.007999999999999972411 ) ;
#6934 = DIRECTION ( 'NONE',  ( 0.000000000000000000, -0.3420201433256662704, 0.9396926207859094271 ) ) ;
#6935 = ORIENTED_EDGE ( 'NONE', *, *, #5895, .T. ) ;
#6936 = ORIENTED_EDGE ( 'NONE', *, *, #2588, .T. ) ;
#6937 = DIRECTION ( 'NONE',  ( 7.854062981784755126E-15, -0.000000000000000000, -1.000000000000000000 ) ) ;
#6938 = ORIENTED_EDGE ( 'NONE', *, *, #11456, .T. ) ;
#6939 = DIRECTION ( 'NONE',  ( -0.9153150324227631307, 0.000000000000000000, 0.4027386142660223656 ) ) ;
#6940 = EDGE_CURVE ( 'NONE', #6358, #4939, #5529, .T. ) ;
#6941 = DIRECTION ( 'NONE',  ( 5.850480457187554951E-16, -1.000000000000000000, -0.000000000000000000 ) ) ;
#6942 = PLANE ( 'NONE',  #12205 ) ;
#6943 = UNCERTAINTY_MEASURE_WITH_UNIT (LENGTH_MEASURE( 1.000000000000000082E-05 ), #9434, 'distance_accuracy_value', 'NONE');
#6944 = ADVANCED_FACE ( 'NONE', ( #3559 ), #12885, .T. ) ;
#6945 = FACE_OUTER_BOUND ( 'NONE', #10520, .T. ) ;
#6946 = CIRCLE ( 'NONE', #12016, 0.007999999999999998432 ) ;
#6947 = DIRECTION ( 'NONE',  ( 0.000000000000000000, -1.000000000000000000, 0.000000000000000000 ) ) ;
#6948 = VERTEX_POINT ( 'NONE', #9104 ) ;
#6949 = ORIENTED_EDGE ( 'NONE', *, *, #8269, .F. ) ;
#6950 = PRESENTATION_STYLE_ASSIGNMENT (( #9868 ) ) ;
#6951 = VECTOR ( 'NONE', #5367, 39.37007874015748143 ) ;
#6952 = FACE_OUTER_BOUND ( 'NONE', #12467, .T. ) ;
#6953 = EDGE_CURVE ( 'NONE', #12448, #10117, #11140, .T. ) ;
#6954 = CARTESIAN_POINT ( 'NONE',  ( -0.05988182395616164361, 0.3715713323165082960, 0.1098818239561615423 ) ) ;
#6955 = ORIENTED_EDGE ( 'NONE', *, *, #9215, .T. ) ;
#6956 = FACE_OUTER_BOUND ( 'NONE', #5429, .T. ) ;
#6957 = UNCERTAINTY_MEASURE_WITH_UNIT (LENGTH_MEASURE( 1.000000000000000082E-05 ), #8743, 'distance_accuracy_value', 'NONE');
#6958 = ORIENTED_EDGE ( 'NONE', *, *, #9134, .T. ) ;
#6959 = CARTESIAN_POINT ( 'NONE',  ( -0.1213779527559052523, 0.02500000000000000486, -0.01250000000000010651 ) ) ;
#6960 = ADVANCED_FACE ( 'NONE', ( #2106 ), #8970, .T. ) ;
#6961 = DIRECTION ( 'NONE',  ( 0.000000000000000000, -0.3420201433256662704, 0.9396926207859094271 ) ) ;
#6962 = AXIS2_PLACEMENT_3D ( 'NONE', #9073, #10984, #8935 ) ;
#6963 = EDGE_CURVE ( 'NONE', #9804, #9630, #4866, .T. ) ;
#6964 = VERTEX_POINT ( 'NONE', #854 ) ;
#6965 = CARTESIAN_POINT ( 'NONE',  ( 0.06250000000000001388, 0.3643779527559052878, -0.1875000000000001110 ) ) ;
#6966 = EDGE_LOOP ( 'NONE', ( #5205, #12725, #7738, #7432 ) ) ;
#6967 = LINE ( 'NONE', #11001, #4742 ) ;
#6968 = LINE ( 'NONE', #5903, #13073 ) ;
#6969 = DIRECTION ( 'NONE',  ( -3.045457963692998845E-16, -1.000000000000000000, 0.000000000000000000 ) ) ;
#6970 = CARTESIAN_POINT ( 'NONE',  ( 0.06250000000000001388, 0.2150000000000000244, 0.1124999999999998918 ) ) ;
#6971 = PRESENTATION_STYLE_ASSIGNMENT (( #12997 ) ) ;
#6972 = ORIENTED_EDGE ( 'NONE', *, *, #5910, .T. ) ;
#6973 = DIRECTION ( 'NONE',  ( -1.000000000000000000, 0.000000000000000000, 0.000000000000000000 ) ) ;
#6974 = SURFACE_STYLE_USAGE ( .BOTH. , #12736 ) ;
#6975 =( LENGTH_UNIT ( ) NAMED_UNIT ( * ) SI_UNIT ( $, .METRE. ) );
#6976 = ORIENTED_EDGE ( 'NONE', *, *, #12949, .T. ) ;
#6977 = DIRECTION ( 'NONE',  ( -1.000000000000000000, 3.414809992080306836E-16, 0.000000000000000000 ) ) ;
#6978 = PLANE ( 'NONE',  #12224 ) ;
#6979 = VERTEX_POINT ( 'NONE', #4987 ) ;
#6980 = DIRECTION ( 'NONE',  ( 1.000000000000000000, 3.414809992080306836E-16, 0.000000000000000000 ) ) ;
#6981 = FACE_OUTER_BOUND ( 'NONE', #8378, .T. ) ;
#6982 = EDGE_LOOP ( 'NONE', ( #12249, #7822, #1279, #9555 ) ) ;
#6983 = CARTESIAN_POINT ( 'NONE',  ( -0.03749999999999980432, 0.1419999999999999873, 0.08749999999999986955 ) ) ;
#6984 =( NAMED_UNIT ( * ) PLANE_ANGLE_UNIT ( ) SI_UNIT ( $, .RADIAN. ) );
#6985 = CYLINDRICAL_SURFACE ( 'NONE', #259, 0.01250000000000008049 ) ;
#6986 = ORIENTED_EDGE ( 'NONE', *, *, #13015, .F. ) ;
#6987 = ORIENTED_EDGE ( 'NONE', *, *, #6713, .F. ) ;
#6988 = DIRECTION ( 'NONE',  ( 0.000000000000000000, -1.000000000000000000, 0.000000000000000000 ) ) ;
#6989 = EDGE_CURVE ( 'NONE', #6740, #343, #13005, .T. ) ;
#6990 = EDGE_LOOP ( 'NONE', ( #5977, #748, #6972, #12634 ) ) ;
#6991 = DIRECTION ( 'NONE',  ( 6.829619984160656074E-16, 0.000000000000000000, 1.000000000000000000 ) ) ;
#6992 = DIRECTION ( 'NONE',  ( 5.850480457187554951E-16, 1.000000000000000000, 0.000000000000000000 ) ) ;
#6993 = CARTESIAN_POINT ( 'NONE',  ( -0.03749999999999999861, 0.3643779527559052878, 0.01249999999999990008 ) ) ;
#6994 = FILL_AREA_STYLE_COLOUR ( '', #3552 ) ;
#6995 = CARTESIAN_POINT ( 'NONE',  ( -0.1213779527559052385, -2.828069580055263522E-18, 0.01249999999999990008 ) ) ;
#6996 = LINE ( 'NONE', #11031, #12081 ) ;
#6997 = PRESENTATION_STYLE_ASSIGNMENT (( #13031 ) ) ;
#6998 = CARTESIAN_POINT ( 'NONE',  ( 0.03749999999999999861, 0.05799999999999996825, -0.1875000000000001110 ) ) ;
#6999 = ORIENTED_EDGE ( 'NONE', *, *, #7991, .T. ) ;
#7000 = ORIENTED_EDGE ( 'NONE', *, *, #9607, .F. ) ;
#7001 = DIRECTION ( 'NONE',  ( 1.000000000000000000, 0.000000000000000000, 0.000000000000000000 ) ) ;
#7002 = VECTOR ( 'NONE', #6764, 39.37007874015748143 ) ;
#7003 = EDGE_CURVE ( 'NONE', #11101, #7236, #2964, .T. ) ;
#7004 = MECHANICAL_DESIGN_GEOMETRIC_PRESENTATION_REPRESENTATION (  '', ( #3628 ), #11664 ) ;
#7005 = DIRECTION ( 'NONE',  ( 0.000000000000000000, 0.000000000000000000, -1.000000000000000000 ) ) ;
#7006 = FACE_OUTER_BOUND ( 'NONE', #12641, .T. ) ;
#7007 = CARTESIAN_POINT ( 'NONE',  ( 0.06250000000000001388, 0.2150000000000000244, 0.01249999999999990008 ) ) ;
#7008 = CARTESIAN_POINT ( 'NONE',  ( -0.09499999999999998723, 0.04999999999999998196, 0.1359999999999999265 ) ) ;
#7009 = CIRCLE ( 'NONE', #10205, 0.007999999999999955064 ) ;
#7010 = ORIENTED_EDGE ( 'NONE', *, *, #11072, .T. ) ;
#7011 = ORIENTED_EDGE ( 'NONE', *, *, #11002, .T. ) ;
#7012 = CARTESIAN_POINT ( 'NONE',  ( 0.06250000000000001388, 0.3643779527559052878, 0.1124999999999998918 ) ) ;
#7013 =( NAMED_UNIT ( * ) SI_UNIT ( $, .STERADIAN. ) SOLID_ANGLE_UNIT ( ) );
#7014 = EDGE_CURVE ( 'NONE', #132, #11389, #965, .T. ) ;
#7015 = CARTESIAN_POINT ( 'NONE',  ( -0.06999999999999999278, 0.02737258300203046849, -0.1220000000000002749 ) ) ;
#7016 = STYLED_ITEM ( 'NONE', ( #7228 ), #6509 ) ;
#7017 = EDGE_CURVE ( 'NONE', #10981, #5484, #8109, .T. ) ;
#7018 = VECTOR ( 'NONE', #802, 39.37007874015748854 ) ;
#7020 = VERTEX_POINT ( 'NONE', #12011 ) ;
#7019 = ADVANCED_FACE ( 'NONE', ( #3932 ), #9969, .F. ) ;
#7021 = DIRECTION ( 'NONE',  ( 1.000000000000000000, 0.000000000000000000, 0.000000000000000000 ) ) ;
#7022 = ADVANCED_FACE ( 'NONE', ( #12940 ), #6978, .T. ) ;
#7023 = CARTESIAN_POINT ( 'NONE',  ( 0.03749999999999999861, 0.2150000000000000244, -0.2125000000000001332 ) ) ;
#7024 = EDGE_CURVE ( 'NONE', #9181, #1305, #7047, .T. ) ;
#7025 = CARTESIAN_POINT ( 'NONE',  ( -0.07500000000000005274, -8.110173731190781122E-17, 0.01249999999999990008 ) ) ;
#7026 = ORIENTED_EDGE ( 'NONE', *, *, #7835, .T. ) ;
#7027 = DIRECTION ( 'NONE',  ( 0.000000000000000000, 0.000000000000000000, 1.000000000000000000 ) ) ;
#7028 = DIRECTION ( 'NONE',  ( 0.000000000000000000, 0.000000000000000000, 1.000000000000000000 ) ) ;
#7029 = CARTESIAN_POINT ( 'NONE',  ( 0.06250000000000001388, 0.2150000000000000244, -0.1875000000000001110 ) ) ;
#7030 = SURFACE_SIDE_STYLE ('',( #12268 ) ) ;
#7031 = AXIS2_PLACEMENT_3D ( 'NONE', #11161, #10052, #8986 ) ;
#7032 = STYLED_ITEM ( 'NONE', ( #301 ), #9378 ) ;
#7033 = FACE_OUTER_BOUND ( 'NONE', #10856, .T. ) ;
#7034 = ORIENTED_EDGE ( 'NONE', *, *, #2688, .T. ) ;
#7035 = CARTESIAN_POINT ( 'NONE',  ( -0.06999999999999999278, 0.05799999999999997519, -0.1300000000000002820 ) ) ;
#7036 = ADVANCED_FACE ( 'NONE', ( #6114 ), #1093, .F. ) ;
#7037 = EDGE_CURVE ( 'NONE', #486, #8240, #5845, .T. ) ;
#7038 = FACE_BOUND ( 'NONE', #6923, .T. ) ;
#7039 = VECTOR ( 'NONE', #12582, 39.37007874015748143 ) ;
#7040 = EDGE_CURVE ( 'NONE', #8915, #7703, #11214, .T. ) ;
#7041 = CIRCLE ( 'NONE', #1140, 0.007999999999999989758 ) ;
#7042 = FILL_AREA_STYLE ('',( #12935 ) ) ;
#7043 = VECTOR ( 'NONE', #8054, 39.37007874015748143 ) ;
#7045 = ORIENTED_EDGE ( 'NONE', *, *, #4749, .F. ) ;
#7044 = EDGE_CURVE ( 'NONE', #1655, #132, #2250, .T. ) ;
#7046 = FACE_OUTER_BOUND ( 'NONE', #5289, .T. ) ;
#7047 = LINE ( 'NONE', #11077, #2526 ) ;
#7048 = EDGE_LOOP ( 'NONE', ( #68, #2683, #10619, #2750 ) ) ;
#7049 = DIRECTION ( 'NONE',  ( 0.000000000000000000, -0.000000000000000000, -1.000000000000000000 ) ) ;
#7050 =( GEOMETRIC_REPRESENTATION_CONTEXT ( 3 ) GLOBAL_UNCERTAINTY_ASSIGNED_CONTEXT ( ( #475 ) ) GLOBAL_UNIT_ASSIGNED_CONTEXT ( ( #6874, #13026, #12962 ) ) REPRESENTATION_CONTEXT ( 'NONE', 'WORKASPACE' ) );
#7051 = LINE ( 'NONE', #7114, #3088 ) ;
#7052 = ORIENTED_EDGE ( 'NONE', *, *, #6123, .T. ) ;
#7053 = CARTESIAN_POINT ( 'NONE',  ( 0.1605095817734711605, 0.01075725181925857310, -0.09825725181925867857 ) ) ;
#7054 = AXIS2_PLACEMENT_3D ( 'NONE', #5050, #3015, #3212 ) ;
#7055 = SURFACE_SIDE_STYLE ('',( #4139 ) ) ;
#7056 = VECTOR ( 'NONE', #7093, 39.37007874015748143 ) ;
#7057 =( LENGTH_UNIT ( ) NAMED_UNIT ( * ) SI_UNIT ( $, .METRE. ) );
#7058 = ORIENTED_EDGE ( 'NONE', *, *, #6867, .T. ) ;
#7059 = ORIENTED_EDGE ( 'NONE', *, *, #12461, .T. ) ;
#7060 = DIRECTION ( 'NONE',  ( -1.000000000000000000, 0.000000000000000000, 0.000000000000000000 ) ) ;
#7061 = VERTEX_POINT ( 'NONE', #7442 ) ;
#7062 = STYLED_ITEM ( 'NONE', ( #3280 ), #9396 ) ;
#7063 = CARTESIAN_POINT ( 'NONE',  ( -0.03749999999999999861, 0.2150000000000000244, 0.1124999999999998918 ) ) ;
#7064 = DIRECTION ( 'NONE',  ( 0.000000000000000000, 0.000000000000000000, -1.000000000000000000 ) ) ;
#7065 = FACE_OUTER_BOUND ( 'NONE', #12351, .T. ) ;
#7066 = AXIS2_PLACEMENT_3D ( 'NONE', #5182, #5906, #112 ) ;
#7067 = LINE ( 'NONE', #12034, #11357 ) ;
#7068 = DIRECTION ( 'NONE',  ( -1.000000000000000000, 0.000000000000000000, -0.000000000000000000 ) ) ;
#7069 = LINE ( 'NONE', #7781, #2941 ) ;
#7070 = ORIENTED_EDGE ( 'NONE', *, *, #4690, .T. ) ;
#7071 = VERTEX_POINT ( 'NONE', #6314 ) ;
#7072 = CARTESIAN_POINT ( 'NONE',  ( 0.07000000000000000666, 0.1419999999999999873, -0.03000000000000025910 ) ) ;
#7073 = VERTEX_POINT ( 'NONE', #3358 ) ;
#7074 = DIRECTION ( 'NONE',  ( 0.000000000000000000, 0.000000000000000000, 1.000000000000000000 ) ) ;
#7075 = LINE ( 'NONE', #1266, #1689 ) ;
#7076 = DIRECTION ( 'NONE',  ( -0.000000000000000000, 1.000000000000000000, -0.000000000000000000 ) ) ;
#7077 = VERTEX_POINT ( 'NONE', #311 ) ;
#7078 = DIRECTION ( 'NONE',  ( 0.000000000000000000, 1.000000000000000000, 0.000000000000000000 ) ) ;
#7079 = UNCERTAINTY_MEASURE_WITH_UNIT (LENGTH_MEASURE( 1.000000000000000082E-05 ), #371, 'distance_accuracy_value', 'NONE');
#7080 = ORIENTED_EDGE ( 'NONE', *, *, #2491, .T. ) ;
#7081 = PLANE ( 'NONE',  #1897 ) ;
#7082 = DIRECTION ( 'NONE',  ( -1.000000000000000000, -0.000000000000000000, -1.437814733507507040E-15 ) ) ;
#7083 = VECTOR ( 'NONE', #2834, 39.37007874015748143 ) ;
#7084 = VECTOR ( 'NONE', #7600, 39.37007874015748143 ) ;
#7085 = DIRECTION ( 'NONE',  ( -0.000000000000000000, 1.000000000000000000, -0.000000000000000000 ) ) ;
#7086 = EDGE_CURVE ( 'NONE', #300, #7832, #9365, .T. ) ;
#7087 = DIMENSIONAL_EXPONENTS ( 1.000000000000000000, 0.000000000000000000, 0.000000000000000000, 0.000000000000000000, 0.000000000000000000, 0.000000000000000000, 0.000000000000000000 ) ;
#7088 = VERTEX_POINT ( 'NONE', #7317 ) ;
#7089 = DIRECTION ( 'NONE',  ( 0.000000000000000000, 0.000000000000000000, 1.000000000000000000 ) ) ;
#7090 = DIRECTION ( 'NONE',  ( 0.000000000000000000, 0.000000000000000000, -1.000000000000000000 ) ) ;
#7091 = VECTOR ( 'NONE', #514, 39.37007874015748143 ) ;
#7092 = EDGE_LOOP ( 'NONE', ( #7615, #4514, #7139, #1173 ) ) ;
#7093 = DIRECTION ( 'NONE',  ( 1.000000000000000000, 0.000000000000000000, 0.000000000000000000 ) ) ;
#7094 =( LENGTH_UNIT ( ) NAMED_UNIT ( * ) SI_UNIT ( $, .METRE. ) );
#7095 = DIRECTION ( 'NONE',  ( 0.3420201433256656598, -1.041607969234569323E-16, 0.9396926207859095381 ) ) ;
#7096 = DIRECTION ( 'NONE',  ( 0.000000000000000000, 0.000000000000000000, 1.000000000000000000 ) ) ;
#7097 = AXIS2_PLACEMENT_3D ( 'NONE', #950, #9019, #7090 ) ;
#7098 = ADVANCED_FACE ( 'NONE', ( #372 ), #1168, .T. ) ;
#7099 = FILL_AREA_STYLE ('',( #11129 ) ) ;
#7100 = ORIENTED_EDGE ( 'NONE', *, *, #3159, .F. ) ;
#7101 = CARTESIAN_POINT ( 'NONE',  ( 0.07000000000000000666, 0.1726274169979694906, -0.2380000000000002391 ) ) ;
#7102 = AXIS2_PLACEMENT_3D ( 'NONE', #10255, #1184, #2129 ) ;
#7103 = FACE_BOUND ( 'NONE', #1738, .T. ) ;
#7104 = EDGE_CURVE ( 'NONE', #7073, #7061, #12279, .T. ) ;
#7105 = AXIS2_PLACEMENT_3D ( 'NONE', #2862, #3775, #7074 ) ;
#7106 = FILL_AREA_STYLE_COLOUR ( '', #691 ) ;
#7107 = ORIENTED_EDGE ( 'NONE', *, *, #12141, .F. ) ;
#7108 = DIRECTION ( 'NONE',  ( 1.000000000000000000, -0.000000000000000000, -0.000000000000000000 ) ) ;
#7109 = EDGE_LOOP ( 'NONE', ( #3840, #1320, #3687, #4629 ) ) ;
#7110 =( GEOMETRIC_REPRESENTATION_CONTEXT ( 3 ) GLOBAL_UNCERTAINTY_ASSIGNED_CONTEXT ( ( #2257 ) ) GLOBAL_UNIT_ASSIGNED_CONTEXT ( ( #12802, #6916, #4799 ) ) REPRESENTATION_CONTEXT ( 'NONE', 'WORKASPACE' ) );
#7111 = DIRECTION ( 'NONE',  ( 1.000000000000000000, -0.000000000000000000, 0.000000000000000000 ) ) ;
#7112 = DIRECTION ( 'NONE',  ( -0.000000000000000000, 1.000000000000000000, -0.000000000000000000 ) ) ;
#7113 = EDGE_CURVE ( 'NONE', #11197, #9551, #1356, .T. ) ;
#7114 = CARTESIAN_POINT ( 'NONE',  ( 0.06250000000000001388, 0.2150000000000000244, -0.01250000000000010651 ) ) ;
#7115 = VERTEX_POINT ( 'NONE', #9238 ) ;
#7116 = DIRECTION ( 'NONE',  ( -0.000000000000000000, 1.000000000000000000, 0.000000000000000000 ) ) ;
#7117 = AXIS2_PLACEMENT_3D ( 'NONE', #9715, #654, #10890 ) ;
#7118 = EDGE_CURVE ( 'NONE', #9109, #4408, #5266, .T. ) ;
#7119 = VECTOR ( 'NONE', #12186, 39.37007874015748143 ) ;
#7120 = VECTOR ( 'NONE', #6875, 39.37007874015748143 ) ;
#7121 = DIMENSIONAL_EXPONENTS ( 1.000000000000000000, 0.000000000000000000, 0.000000000000000000, 0.000000000000000000, 0.000000000000000000, 0.000000000000000000, 0.000000000000000000 ) ;
#7122 = DIRECTION ( 'NONE',  ( 0.000000000000000000, -0.000000000000000000, 1.000000000000000000 ) ) ;
#7123 = AXIS2_PLACEMENT_3D ( 'NONE', #8609, #1591, #8544 ) ;
#7124 = VERTEX_POINT ( 'NONE', #11469 ) ;
#7125 = ORIENTED_EDGE ( 'NONE', *, *, #5655, .F. ) ;
#7126 = EDGE_CURVE ( 'NONE', #8400, #7546, #10490, .T. ) ;
#7127 = FACE_OUTER_BOUND ( 'NONE', #10120, .T. ) ;
#7128 = LINE ( 'NONE', #4144, #8312 ) ;
#7129 = VERTEX_POINT ( 'NONE', #12213 ) ;
#7130 = PLANE ( 'NONE',  #7665 ) ;
#7131 = DIRECTION ( 'NONE',  ( -1.000000000000000000, 0.000000000000000000, 0.000000000000000000 ) ) ;
#7132 =( NAMED_UNIT ( * ) PLANE_ANGLE_UNIT ( ) SI_UNIT ( $, .RADIAN. ) );
#7133 = DIRECTION ( 'NONE',  ( -3.045457963692998845E-16, -1.000000000000000000, 0.000000000000000000 ) ) ;
#7134 = LINE ( 'NONE', #6995, #7984 ) ;
#7135 = AXIS2_PLACEMENT_3D ( 'NONE', #1729, #5511, #9562 ) ;
#7136 = PLANE ( 'NONE',  #8916 ) ;
#7137 = CARTESIAN_POINT ( 'NONE',  ( 0.000000000000000000, 0.3880000000000000115, -0.1039022779307197386 ) ) ;
#7138 = PRESENTATION_LAYER_ASSIGNMENT (  '', '', ( #1237 ) ) ;
#7139 = ORIENTED_EDGE ( 'NONE', *, *, #5177, .F. ) ;
#7140 = ORIENTED_EDGE ( 'NONE', *, *, #8872, .T. ) ;
#7141 = LINE ( 'NONE', #12308, #820 ) ;
#7142 = ORIENTED_EDGE ( 'NONE', *, *, #6632, .F. ) ;
#7143 =( NAMED_UNIT ( * ) SI_UNIT ( $, .STERADIAN. ) SOLID_ANGLE_UNIT ( ) );
#7144 = VECTOR ( 'NONE', #5787, 39.37007874015748143 ) ;
#7145 = CARTESIAN_POINT ( 'NONE',  ( -0.07500000000000005274, 0.02499999999999992506, 0.08749999999999988343 ) ) ;
#7146 = AXIS2_PLACEMENT_3D ( 'NONE', #3614, #6657, #2515 ) ;
#7147 = CARTESIAN_POINT ( 'NONE',  ( 0.07000000000000000666, 0.1499999999999999944, 0.06999999999999972911 ) ) ;
#7148 = ORIENTED_EDGE ( 'NONE', *, *, #3954, .F. ) ;
#7149 = DIRECTION ( 'NONE',  ( -2.435670465107224942E-16, -1.000000000000000000, 0.000000000000000000 ) ) ;
#7150 = PRESENTATION_LAYER_ASSIGNMENT (  '', '', ( #6086 ) ) ;
#7151 = ORIENTED_EDGE ( 'NONE', *, *, #7790, .F. ) ;
#7152 = CARTESIAN_POINT ( 'NONE',  ( 0.03749999999999999861, 0.3643779527559052878, 0.1874999999999999167 ) ) ;
#7153 = CARTESIAN_POINT ( 'NONE',  ( 0.04011817604383836194, 0.3715713323165082960, -0.2098818239561617838 ) ) ;
#7154 = CARTESIAN_POINT ( 'NONE',  ( 0.03750000000000004718, 0.03750000000000001249, -0.08750000000000010547 ) ) ;
#7155 = DIRECTION ( 'NONE',  ( -1.000000000000000000, 3.045457963692998845E-16, 0.000000000000000000 ) ) ;
#7156 = VECTOR ( 'NONE', #1813, 39.37007874015748143 ) ;
#7157 = VECTOR ( 'NONE', #638, 39.37007874015748143 ) ;
#7158 = ORIENTED_EDGE ( 'NONE', *, *, #3331, .T. ) ;
#7159 = CARTESIAN_POINT ( 'NONE',  ( -0.06250000000000001388, 0.3643779527559052878, -0.08750000000000010547 ) ) ;
#7160 = DIRECTION ( 'NONE',  ( -1.000000000000000000, 0.000000000000000000, 0.000000000000000000 ) ) ;
#7161 = CARTESIAN_POINT ( 'NONE',  ( 0.09499999999999998723, 0.04999999999999998196, 0.1640000000000000069 ) ) ;
#7162 = VERTEX_POINT ( 'NONE', #245 ) ;
#7163 = ADVANCED_FACE ( 'NONE', ( #2370 ), #6372, .T. ) ;
#7164 = LINE ( 'NONE', #9023, #5160 ) ;
#7165 = DIRECTION ( 'NONE',  ( 0.000000000000000000, 0.000000000000000000, -1.000000000000000000 ) ) ;
#7166 = VERTEX_POINT ( 'NONE', #5316 ) ;
#7167 = FACE_OUTER_BOUND ( 'NONE', #6738, .T. ) ;
#7168 = VECTOR ( 'NONE', #10730, 39.37007874015748143 ) ;
#7169 = DIRECTION ( 'NONE',  ( 0.000000000000000000, -1.000000000000000000, 0.000000000000000000 ) ) ;
#7170 = ORIENTED_EDGE ( 'NONE', *, *, #9726, .F. ) ;
#7171 = CARTESIAN_POINT ( 'NONE',  ( -0.06999999999999999278, 0.1499999999999999944, 0.1299999999999997824 ) ) ;
#7172 = LINE ( 'NONE', #6242, #9818 ) ;
#7173 = DIRECTION ( 'NONE',  ( 0.8891264907159903697, 0.3236155771181813967, -0.3236155771181821184 ) ) ;
#7174 = CARTESIAN_POINT ( 'NONE',  ( -0.07500000000000005274, 0.02500000000000001180, 0.08749999999999988343 ) ) ;
#7175 = ADVANCED_FACE ( 'NONE', ( #5450 ), #1242, .T. ) ;
#7176 = COLOUR_RGB ( '',1.000000000000000000, 0.8117647058823529438, 0.5019607843137254832 ) ;
#7177 = DIRECTION ( 'NONE',  ( -1.000000000000000000, 0.000000000000000000, -0.000000000000000000 ) ) ;
#7178 = ORIENTED_EDGE ( 'NONE', *, *, #8152, .T. ) ;
#7179 = CARTESIAN_POINT ( 'NONE',  ( 0.1449999999999999623, 0.01640227793071964008, 0.003902277930719528359 ) ) ;
#7180 = FILL_AREA_STYLE_COLOUR ( '', #5046 ) ;
#7181 = ORIENTED_EDGE ( 'NONE', *, *, #6712, .T. ) ;
#7182 = EDGE_CURVE ( 'NONE', #3038, #7546, #9438, .T. ) ;
#7183 = DIRECTION ( 'NONE',  ( 1.000000000000000000, 0.000000000000000000, 0.000000000000000000 ) ) ;
#7184 = CARTESIAN_POINT ( 'NONE',  ( 0.03749999999999999861, 0.05799999999999996825, 0.08749999999999986955 ) ) ;
#7185 = DIMENSIONAL_EXPONENTS ( 1.000000000000000000, 0.000000000000000000, 0.000000000000000000, 0.000000000000000000, 0.000000000000000000, 0.000000000000000000, 0.000000000000000000 ) ;
#7186 = CARTESIAN_POINT ( 'NONE',  ( -0.07500000000000005274, -8.110173731190781122E-17, -0.2125000000000001332 ) ) ;
#7187 = ORIENTED_EDGE ( 'NONE', *, *, #5797, .T. ) ;
#7188 = FACE_OUTER_BOUND ( 'NONE', #10593, .T. ) ;
#7189 = ADVANCED_FACE ( 'NONE', ( #8449 ), #3419, .T. ) ;
#7190 = DIRECTION ( 'NONE',  ( 0.3420201433256656598, -1.041607969234569323E-16, 0.9396926207859095381 ) ) ;
#7191 = EDGE_CURVE ( 'NONE', #5624, #8961, #6439, .T. ) ;
#7192 = ORIENTED_EDGE ( 'NONE', *, *, #9639, .F. ) ;
#7193 = EDGE_LOOP ( 'NONE', ( #11506, #3402, #5451, #12485 ) ) ;
#7194 = FACE_OUTER_BOUND ( 'NONE', #8860, .T. ) ;
#7195 = ORIENTED_EDGE ( 'NONE', *, *, #6140, .F. ) ;
#7196 = ADVANCED_FACE ( 'NONE', ( #3157 ), #12344, .T. ) ;
#7197 = EDGE_CURVE ( 'NONE', #7488, #9254, #4471, .T. ) ;
#7198 = LINE ( 'NONE', #9321, #9778 ) ;
#7199 = DIRECTION ( 'NONE',  ( 0.000000000000000000, 1.000000000000000000, 0.000000000000000000 ) ) ;
#7200 = FACE_OUTER_BOUND ( 'NONE', #586, .T. ) ;
#7201 = DIRECTION ( 'NONE',  ( 0.3420201433256658263, -1.041607969234569816E-16, -0.9396926207859095381 ) ) ;
#7202 = CARTESIAN_POINT ( 'NONE',  ( 0.06250000000000001388, 0.2150000000000000244, 0.08749999999999988343 ) ) ;
#7203 = DIRECTION ( 'NONE',  ( -1.000000000000000000, -6.097874985857736561E-17, 0.000000000000000000 ) ) ;
#7204 = EDGE_CURVE ( 'NONE', #8056, #10863, #4656, .T. ) ;
#7205 = DIRECTION ( 'NONE',  ( 1.000000000000000000, -0.000000000000000000, 0.000000000000000000 ) ) ;
#7206 = LINE ( 'NONE', #11238, #7572 ) ;
#7207 = ADVANCED_FACE ( 'NONE', ( #6643 ), #12597, .T. ) ;
#7208 = ORIENTED_EDGE ( 'NONE', *, *, #571, .F. ) ;
#7209 = ORIENTED_EDGE ( 'NONE', *, *, #8484, .T. ) ;
#7210 = LINE ( 'NONE', #11242, #11573 ) ;
#7211 = ORIENTED_EDGE ( 'NONE', *, *, #8352, .T. ) ;
#7212 = DIRECTION ( 'NONE',  ( 0.9063077870366504918, -0.000000000000000000, -0.4226182617406984421 ) ) ;
#7213 = CARTESIAN_POINT ( 'NONE',  ( -0.1213779527559052385, 0.02500000000000001180, -0.08750000000000010547 ) ) ;
#7214 = DIMENSIONAL_EXPONENTS ( 1.000000000000000000, 0.000000000000000000, 0.000000000000000000, 0.000000000000000000, 0.000000000000000000, 0.000000000000000000, 0.000000000000000000 ) ;
#7215 = DIRECTION ( 'NONE',  ( 0.000000000000000000, 0.000000000000000000, 1.000000000000000000 ) ) ;
#7216 = EDGE_LOOP ( 'NONE', ( #10848, #8136, #5413, #2616 ) ) ;
#7217 = VECTOR ( 'NONE', #11619, 39.37007874015748143 ) ;
#7218 = FILL_AREA_STYLE ('',( #10339 ) ) ;
#7219 = UNCERTAINTY_MEASURE_WITH_UNIT (LENGTH_MEASURE( 1.000000000000000082E-05 ), #1272, 'distance_accuracy_value', 'NONE');
#7220 = VERTEX_POINT ( 'NONE', #508 ) ;
#7221 = LINE ( 'NONE', #5166, #5461 ) ;
#7222 =( LENGTH_UNIT ( ) NAMED_UNIT ( * ) SI_UNIT ( $, .METRE. ) );
#7223 = DIRECTION ( 'NONE',  ( -1.000000000000000000, 0.000000000000000000, 0.000000000000000000 ) ) ;
#7224 = LENGTH_MEASURE_WITH_UNIT ( LENGTH_MEASURE( 0.02539999999999999897 ), #12256 );
#7225 = VECTOR ( 'NONE', #685, 39.37007874015748143 ) ;
#7226 = CLOSED_SHELL ( 'NONE', ( #9209, #12846, #1466, #9883, #709, #182, #2053, #481, #6221, #4674, #6288, #564, #6290, #9479, #2421, #5508, #1548, #10587 ) ) ;
#7227 = VERTEX_POINT ( 'NONE', #6773 ) ;
#7228 = PRESENTATION_STYLE_ASSIGNMENT (( #12190 ) ) ;
#7229 = AXIS2_PLACEMENT_3D ( 'NONE', #10692, #5521, #2638 ) ;
#7230 = CARTESIAN_POINT ( 'NONE',  ( 0.1449999999999999623, -4.268512490100412049E-18, 0.1039022779307195166 ) ) ;
#7231 = ORIENTED_EDGE ( 'NONE', *, *, #6476, .T. ) ;
#7232 = DIRECTION ( 'NONE',  ( 0.000000000000000000, 1.000000000000000000, 0.000000000000000000 ) ) ;
#7233 = ORIENTED_EDGE ( 'NONE', *, *, #2658, .F. ) ;
#7234 = DIRECTION ( 'NONE',  ( -1.000000000000000000, -2.435670465107224942E-16, 0.000000000000000000 ) ) ;
#7235 = LINE ( 'NONE', #7306, #976 ) ;
#7236 = VERTEX_POINT ( 'NONE', #3538 ) ;
#7237 = FACE_OUTER_BOUND ( 'NONE', #5765, .T. ) ;
#7238 = AXIS2_PLACEMENT_3D ( 'NONE', #10942, #10998, #12988 ) ;
#7239 = FILL_AREA_STYLE ('',( #10097 ) ) ;
#7240 = VECTOR ( 'NONE', #6719, 39.37007874015748143 ) ;
#7241 = DIRECTION ( 'NONE',  ( 0.000000000000000000, -0.000000000000000000, 1.000000000000000000 ) ) ;
#7242 = FACE_OUTER_BOUND ( 'NONE', #600, .T. ) ;
#7243 = EDGE_LOOP ( 'NONE', ( #8110, #7318, #8984, #1146 ) ) ;
#7244 = VECTOR ( 'NONE', #8487, 39.37007874015748143 ) ;
#7245 = CARTESIAN_POINT ( 'NONE',  ( -0.07500000000000005274, 0.02500000000000001180, -0.1875000000000001110 ) ) ;
#7246 = DIRECTION ( 'NONE',  ( -0.3420201433256656598, -1.041607969234569323E-16, 0.9396926207859095381 ) ) ;
#7247 = EDGE_LOOP ( 'NONE', ( #3371, #2725, #200, #2360 ) ) ;
#7248 = CARTESIAN_POINT ( 'NONE',  ( -0.03749999999999980432, 0.05799999999999996825, -0.01250000000000010651 ) ) ;
#7249 = VECTOR ( 'NONE', #5208, 39.37007874015748854 ) ;
#7250 = DIRECTION ( 'NONE',  ( 0.000000000000000000, 0.000000000000000000, 1.000000000000000000 ) ) ;
#7251 = DIRECTION ( 'NONE',  ( 0.000000000000000000, 0.000000000000000000, -1.000000000000000000 ) ) ;
#7252 = ORIENTED_EDGE ( 'NONE', *, *, #1968, .F. ) ;
#7253 = LINE ( 'NONE', #2317, #1785 ) ;
#7254 = VECTOR ( 'NONE', #8664, 39.37007874015748854 ) ;
#7255 = CARTESIAN_POINT ( 'NONE',  ( 0.03749999999999999861, 0.3880000000000000115, -0.01250000000000010651 ) ) ;
#7256 = ADVANCED_FACE ( 'NONE', ( #9758 ), #12727, .F. ) ;
#7257 = VECTOR ( 'NONE', #1208, 39.37007874015748854 ) ;
#7258 = MECHANICAL_DESIGN_GEOMETRIC_PRESENTATION_REPRESENTATION (  '', ( #9588 ), #2826 ) ;
#7259 = SURFACE_STYLE_USAGE ( .BOTH. , #10504 ) ;
#7260 = ORIENTED_EDGE ( 'NONE', *, *, #7930, .T. ) ;
#7261 = ORIENTED_EDGE ( 'NONE', *, *, #6122, .T. ) ;
#7262 = VECTOR ( 'NONE', #3355, 39.37007874015748143 ) ;
#7263 = CARTESIAN_POINT ( 'NONE',  ( 0.06249999999999996531, 0.03750000000000001249, -0.2125000000000001332 ) ) ;
#7264 = CARTESIAN_POINT ( 'NONE',  ( 0.07500000000000003886, 0.03750000000000000555, 0.1874999999999999167 ) ) ;
#7265 = CARTESIAN_POINT ( 'NONE',  ( 0.1449999999999999623, -0.03750000000000000555, -0.09609772206928048066 ) ) ;
#7266 = LINE ( 'NONE', #12299, #1566 ) ;
#7267 = VECTOR ( 'NONE', #2969, 39.37007874015748143 ) ;
#7268 = CARTESIAN_POINT ( 'NONE',  ( -0.09499999999999998723, 0.1419999999999999873, 0.1359999999999999265 ) ) ;
#7269 = EDGE_CURVE ( 'NONE', #323, #6620, #11745, .T. ) ;
#7270 = STYLED_ITEM ( 'NONE', ( #1558 ), #4676 ) ;
#7271 = DIMENSIONAL_EXPONENTS ( 1.000000000000000000, 0.000000000000000000, 0.000000000000000000, 0.000000000000000000, 0.000000000000000000, 0.000000000000000000, 0.000000000000000000 ) ;
#7272 = CARTESIAN_POINT ( 'NONE',  ( 0.06250000000000001388, 0.1419999999999999873, 0.1874999999999999167 ) ) ;
#7273 = EDGE_CURVE ( 'NONE', #2066, #6948, #4853, .T. ) ;
#7274 = VECTOR ( 'NONE', #4000, 39.37007874015748143 ) ;
#7275 = ORIENTED_EDGE ( 'NONE', *, *, #8740, .F. ) ;
#7276 = VERTEX_POINT ( 'NONE', #3917 ) ;
#7277 = PLANE ( 'NONE',  #6289 ) ;
#7278 = ORIENTED_EDGE ( 'NONE', *, *, #10443, .T. ) ;
#7279 = VECTOR ( 'NONE', #3857, 39.37007874015748143 ) ;
#7280 = ADVANCED_FACE ( 'NONE', ( #4792 ), #12057, .F. ) ;
#7281 = DIRECTION ( 'NONE',  ( -2.435670465107224942E-16, -1.000000000000000000, 0.000000000000000000 ) ) ;
#7282 = CARTESIAN_POINT ( 'NONE',  ( 0.000000000000000000, 0.2150000000000000244, 0.2000000000000000111 ) ) ;
#7283 = VECTOR ( 'NONE', #10602, 39.37007874015748143 ) ;
#7284 = ADVANCED_FACE ( 'NONE', ( #8892 ), #5957, .T. ) ;
#7285 = DIRECTION ( 'NONE',  ( -0.000000000000000000, 1.000000000000000000, -0.000000000000000000 ) ) ;
#7286 = EDGE_LOOP ( 'NONE', ( #2554, #6619, #6726, #11241 ) ) ;
#7287 =( NAMED_UNIT ( * ) PLANE_ANGLE_UNIT ( ) SI_UNIT ( $, .RADIAN. ) );
#7288 = EDGE_CURVE ( 'NONE', #343, #12292, #9020, .T. ) ;
#7289 = EDGE_LOOP ( 'NONE', ( #9541, #778, #10798, #12658 ) ) ;
#7290 = SURFACE_STYLE_USAGE ( .BOTH. , #10342 ) ;
#7291 = EDGE_CURVE ( 'NONE', #1492, #10340, #3792, .T. ) ;
#7292 =( GEOMETRIC_REPRESENTATION_CONTEXT ( 3 ) GLOBAL_UNCERTAINTY_ASSIGNED_CONTEXT ( ( #10437 ) ) GLOBAL_UNIT_ASSIGNED_CONTEXT ( ( #686, #12852, #495 ) ) REPRESENTATION_CONTEXT ( 'NONE', 'WORKASPACE' ) );
#7293 = CARTESIAN_POINT ( 'NONE',  ( 0.1605095817734711605, 0.01075725181925857310, -0.001742748180741536881 ) ) ;
#7294 = ORIENTED_EDGE ( 'NONE', *, *, #4119, .T. ) ;
#7295 = PLANE ( 'NONE',  #4054 ) ;
#7296 = EDGE_CURVE ( 'NONE', #5990, #11845, #1954, .T. ) ;
#7297 = CARTESIAN_POINT ( 'NONE',  ( 0.03749999999999999861, 0.3643779527559052878, 0.01249999999999990008 ) ) ;
#7298 = FILL_AREA_STYLE ('',( #3141 ) ) ;
#7299 = ORIENTED_EDGE ( 'NONE', *, *, #9390, .F. ) ;
#7300 = DIRECTION ( 'NONE',  ( 0.000000000000000000, 0.000000000000000000, -1.000000000000000000 ) ) ;
#7301 = VERTEX_POINT ( 'NONE', #7025 ) ;
#7302 = CARTESIAN_POINT ( 'NONE',  ( -0.03749999999999980432, 0.1419999999999999873, 0.1874999999999999167 ) ) ;
#7303 = DIRECTION ( 'NONE',  ( -1.000000000000000000, 0.000000000000000000, 0.000000000000000000 ) ) ;
#7304 = VECTOR ( 'NONE', #7251, 39.37007874015748143 ) ;
#7305 = VECTOR ( 'NONE', #10571, 39.37007874015748143 ) ;
#7306 = CARTESIAN_POINT ( 'NONE',  ( -0.03749999999999999861, 0.05799999999999996825, 0.2124999999999999112 ) ) ;
#7307 = VERTEX_POINT ( 'NONE', #12922 ) ;
#7308 = CARTESIAN_POINT ( 'NONE',  ( 0.1449999999999999623, -0.03750000000000000555, 0.000000000000000000 ) ) ;
#7309 = PLANE ( 'NONE',  #6834 ) ;
#7310 = DIMENSIONAL_EXPONENTS ( 1.000000000000000000, 0.000000000000000000, 0.000000000000000000, 0.000000000000000000, 0.000000000000000000, 0.000000000000000000, 0.000000000000000000 ) ;
#7311 = PLANE ( 'NONE',  #7328 ) ;
#7312 = AXIS2_PLACEMENT_3D ( 'NONE', #5590, #9831, #12799 ) ;
#7313 = CARTESIAN_POINT ( 'NONE',  ( 0.07500000000000002498, 0.000000000000000000, 0.1874999999999999167 ) ) ;
#7314 = DIRECTION ( 'NONE',  ( -1.000000000000000000, 3.045457963692998845E-16, 0.000000000000000000 ) ) ;
#7315 = EDGE_LOOP ( 'NONE', ( #322, #11567, #12911, #8211 ) ) ;
#7316 = LENGTH_MEASURE_WITH_UNIT ( LENGTH_MEASURE( 0.02539999999999999897 ), #10302 );
#7317 = CARTESIAN_POINT ( 'NONE',  ( -0.03749999999999999861, 0.1419999999999999873, 0.01249999999999990008 ) ) ;
#7318 = ORIENTED_EDGE ( 'NONE', *, *, #84, .F. ) ;
#7319 = PLANE ( 'NONE',  #2227 ) ;
#7320 = PLANE ( 'NONE',  #8591 ) ;
#7321 = AXIS2_PLACEMENT_3D ( 'NONE', #12298, #11026, #5210 ) ;
#7322 = DIRECTION ( 'NONE',  ( -0.000000000000000000, 1.000000000000000000, -0.000000000000000000 ) ) ;
#7323 = ORIENTED_EDGE ( 'NONE', *, *, #11535, .F. ) ;
#7324 = CARTESIAN_POINT ( 'NONE',  ( -0.06250000000000001388, 0.2150000000000000244, 0.1124999999999998918 ) ) ;
#7325 = STYLED_ITEM ( 'NONE', ( #9633 ), #587 ) ;
#7326 = CIRCLE ( 'NONE', #795, 0.01250000000000008049 ) ;
#7327 = DIRECTION ( 'NONE',  ( 1.000000000000000000, 3.414809992080306836E-16, 0.000000000000000000 ) ) ;
#7328 = AXIS2_PLACEMENT_3D ( 'NONE', #49, #11339, #12140 ) ;
#7329 = CARTESIAN_POINT ( 'NONE',  ( -0.07500000000000005274, 0.02500000000000001180, 0.1874999999999999167 ) ) ;
#7330 = ORIENTED_EDGE ( 'NONE', *, *, #272, .T. ) ;
#7331 = ORIENTED_EDGE ( 'NONE', *, *, #3053, .F. ) ;
#7332 = DIRECTION ( 'NONE',  ( -0.000000000000000000, 1.000000000000000000, -0.000000000000000000 ) ) ;
#7333 =( CONVERSION_BASED_UNIT ( 'INCH', #1373 ) LENGTH_UNIT ( ) NAMED_UNIT ( #8612 ) );
#7334 = CARTESIAN_POINT ( 'NONE',  ( 0.1213779527559052385, -2.828069580055263522E-18, 0.2124999999999999112 ) ) ;
#7335 = VECTOR ( 'NONE', #5194, 39.37007874015748143 ) ;
#7336 = EDGE_CURVE ( 'NONE', #10455, #66, #11059, .T. ) ;
#7337 = DIRECTION ( 'NONE',  ( -0.3420201433256658263, -1.041607969234569816E-16, -0.9396926207859095381 ) ) ;
#7338 = DIRECTION ( 'NONE',  ( 0.000000000000000000, 1.000000000000000000, 0.000000000000000000 ) ) ;
#7339 = SURFACE_STYLE_USAGE ( .BOTH. , #3436 ) ;
#7340 = CIRCLE ( 'NONE', #6912, 0.007999999999999989758 ) ;
#7341 = FILL_AREA_STYLE ('',( #3313 ) ) ;
#7342 = EDGE_LOOP ( 'NONE', ( #5830, #4739, #9579, #10482 ) ) ;
#7343 = EDGE_LOOP ( 'NONE', ( #5288, #7595, #7393, #8512 ) ) ;
#7344 = PRESENTATION_STYLE_ASSIGNMENT (( #5290 ) ) ;
#7345 = AXIS2_PLACEMENT_3D ( 'NONE', #11175, #6138, #6207 ) ;
#7347 = EDGE_CURVE ( 'NONE', #9933, #3983, #2951, .T. ) ;
#7346 = ORIENTED_EDGE ( 'NONE', *, *, #9246, .F. ) ;
#7348 = VECTOR ( 'NONE', #6220, 39.37007874015748143 ) ;
#7349 = CARTESIAN_POINT ( 'NONE',  ( 0.05988182395616164361, 0.3715713323165082960, -0.1901181760438384605 ) ) ;
#7350 = ADVANCED_FACE ( 'NONE', ( #7838 ), #2088, .F. ) ;
#7351 = VECTOR ( 'NONE', #8798, 39.37007874015748143 ) ;
#7352 = LINE ( 'NONE', #10393, #12986 ) ;
#7353 = VERTEX_POINT ( 'NONE', #2877 ) ;
#7354 = DIRECTION ( 'NONE',  ( -0.000000000000000000, 1.000000000000000000, -0.000000000000000000 ) ) ;
#7355 = UNCERTAINTY_MEASURE_WITH_UNIT (LENGTH_MEASURE( 1.000000000000000082E-05 ), #6739, 'distance_accuracy_value', 'NONE');
#7356 = ADVANCED_FACE ( 'NONE', ( #6906 ), #5899, .F. ) ;
#7357 = ORIENTED_EDGE ( 'NONE', *, *, #959, .T. ) ;
#7358 = DIRECTION ( 'NONE',  ( 1.000000000000000000, 0.000000000000000000, -0.000000000000000000 ) ) ;
#7359 = AXIS2_PLACEMENT_3D ( 'NONE', #2571, #10819, #5774 ) ;
#7360 = DIRECTION ( 'NONE',  ( -2.435670465107224942E-16, 1.000000000000000000, 0.000000000000000000 ) ) ;
#7361 = DIRECTION ( 'NONE',  ( 0.000000000000000000, -1.000000000000000000, 0.000000000000000000 ) ) ;
#7362 = ADVANCED_FACE ( 'NONE', ( #6354 ), #10151, .F. ) ;
#7363 = ORIENTED_EDGE ( 'NONE', *, *, #331, .T. ) ;
#7364 = FACE_OUTER_BOUND ( 'NONE', #1757, .T. ) ;
#7365 = DIRECTION ( 'NONE',  ( 0.000000000000000000, 0.000000000000000000, -1.000000000000000000 ) ) ;
#7366 = VERTEX_POINT ( 'NONE', #11262 ) ;
#7367 = AXIS2_PLACEMENT_3D ( 'NONE', #1752, #8837, #9701 ) ;
#7368 = FACE_OUTER_BOUND ( 'NONE', #12075, .T. ) ;
#7369 = ADVANCED_FACE ( 'NONE', ( #12458 ), #104, .T. ) ;
#7370 = FACE_OUTER_BOUND ( 'NONE', #8701, .T. ) ;
#7371 = ORIENTED_EDGE ( 'NONE', *, *, #5593, .F. ) ;
#7372 = PLANE ( 'NONE',  #4914 ) ;
#7373 = DIRECTION ( 'NONE',  ( -0.000000000000000000, -1.000000000000000000, -0.000000000000000000 ) ) ;
#7374 = EDGE_LOOP ( 'NONE', ( #212, #6084, #5002, #5498 ) ) ;
#7375 = CARTESIAN_POINT ( 'NONE',  ( -0.03749999999999999861, 0.2150000000000000244, 0.1874999999999999167 ) ) ;
#7376 =( NAMED_UNIT ( * ) PLANE_ANGLE_UNIT ( ) SI_UNIT ( $, .RADIAN. ) );
#7377 = VECTOR ( 'NONE', #7603, 39.37007874015748143 ) ;
#7378 = DIRECTION ( 'NONE',  ( 0.9153150324227631307, 0.000000000000000000, -0.4027386142660223656 ) ) ;
#7379 = AXIS2_PLACEMENT_3D ( 'NONE', #10368, #6250, #5191 ) ;
#7380 = EDGE_CURVE ( 'NONE', #66, #401, #230, .T. ) ;
#7381 = VECTOR ( 'NONE', #8571, 39.37007874015748854 ) ;
#7382 = ADVANCED_FACE ( 'NONE', ( #12394 ), #8232, .F. ) ;
#7383 = DIRECTION ( 'NONE',  ( -6.097874985857737794E-17, -1.000000000000000000, 0.000000000000000000 ) ) ;
#7384 =( NAMED_UNIT ( * ) SI_UNIT ( $, .STERADIAN. ) SOLID_ANGLE_UNIT ( ) );
#7385 = EDGE_LOOP ( 'NONE', ( #32, #9853 ) ) ;
#7386 = FACE_OUTER_BOUND ( 'NONE', #1667, .T. ) ;
#7387 = DIRECTION ( 'NONE',  ( -0.000000000000000000, 1.000000000000000000, -0.000000000000000000 ) ) ;
#7388 = ORIENTED_EDGE ( 'NONE', *, *, #11128, .T. ) ;
#7389 = AXIS2_PLACEMENT_3D ( 'NONE', #11200, #1219, #2233 ) ;
#7390 = LINE ( 'NONE', #8508, #9672 ) ;
#7391 = CARTESIAN_POINT ( 'NONE',  ( 0.05390227793071963869, 0.3880000000000000115, -0.003902277930719733490 ) ) ;
#7392 = CARTESIAN_POINT ( 'NONE',  ( 0.07000000000000017319, 0.1419999999999999873, 0.05299999999999992217 ) ) ;
#7393 = ORIENTED_EDGE ( 'NONE', *, *, #10758, .T. ) ;
#7394 = DIRECTION ( 'NONE',  ( -1.000000000000000000, 1.138269997360106963E-16, 0.000000000000000000 ) ) ;
#7395 = STYLED_ITEM ( 'NONE', ( #12177 ), #7642 ) ;
#7396 = DIMENSIONAL_EXPONENTS ( 1.000000000000000000, 0.000000000000000000, 0.000000000000000000, 0.000000000000000000, 0.000000000000000000, 0.000000000000000000, 0.000000000000000000 ) ;
#7397 = CARTESIAN_POINT ( 'NONE',  ( 0.06250000000000001388, 0.1419999999999999873, -0.08750000000000010547 ) ) ;
#7398 = ORIENTED_EDGE ( 'NONE', *, *, #4192, .F. ) ;
#7399 = ORIENTED_EDGE ( 'NONE', *, *, #8134, .F. ) ;
#7400 = FACE_OUTER_BOUND ( 'NONE', #4022, .T. ) ;
#7401 = DIRECTION ( 'NONE',  ( -0.000000000000000000, 1.000000000000000000, -0.000000000000000000 ) ) ;
#7402 = DIRECTION ( 'NONE',  ( -1.000000000000000000, 0.000000000000000000, 0.000000000000000000 ) ) ;
#7403 = DIRECTION ( 'NONE',  ( -0.000000000000000000, -0.000000000000000000, -1.000000000000000000 ) ) ;
#7404 =( CONVERSION_BASED_UNIT ( 'INCH', #12432 ) LENGTH_UNIT ( ) NAMED_UNIT ( #6107 ) );
#7405 = LENGTH_MEASURE_WITH_UNIT ( LENGTH_MEASURE( 0.02539999999999999897 ), #5999 );
#7406 = ADVANCED_FACE ( 'NONE', ( #1339 ), #12261, .F. ) ;
#7407 = ORIENTED_EDGE ( 'NONE', *, *, #3095, .T. ) ;
#7408 = EDGE_LOOP ( 'NONE', ( #11345, #10488, #10902, #8294 ) ) ;
#7409 = VERTEX_POINT ( 'NONE', #292 ) ;
#7410 = CARTESIAN_POINT ( 'NONE',  ( 0.03749999999999999861, 0.05799999999999997519, 0.1874999999999999167 ) ) ;
#7411 = LINE ( 'NONE', #6279, #9584 ) ;
#7412 = ORIENTED_EDGE ( 'NONE', *, *, #2136, .F. ) ;
#7413 = DIRECTION ( 'NONE',  ( -1.000000000000000000, 3.414809992080306836E-16, 0.000000000000000000 ) ) ;
#7414 = ORIENTED_EDGE ( 'NONE', *, *, #10186, .F. ) ;
#7415 = CARTESIAN_POINT ( 'NONE',  ( 0.07000000000000000666, 0.1499999999999999944, -0.2380000000000002391 ) ) ;
#7416 = LINE ( 'NONE', #4443, #4510 ) ;
#7417 = DIMENSIONAL_EXPONENTS ( 1.000000000000000000, 0.000000000000000000, 0.000000000000000000, 0.000000000000000000, 0.000000000000000000, 0.000000000000000000, 0.000000000000000000 ) ;
#7418 = CYLINDRICAL_SURFACE ( 'NONE', #2318, 0.007999999999999998432 ) ;
#7419 = VECTOR ( 'NONE', #4957, 39.37007874015748143 ) ;
#7420 = EDGE_CURVE ( 'NONE', #8362, #12382, #9421, .T. ) ;
#7421 = EDGE_LOOP ( 'NONE', ( #6715, #4979, #1064, #6408 ) ) ;
#7422 = DIRECTION ( 'NONE',  ( 1.000000000000000000, -0.000000000000000000, -0.000000000000000000 ) ) ;
#7423 = FACE_OUTER_BOUND ( 'NONE', #5948, .T. ) ;
#7424 = ORIENTED_EDGE ( 'NONE', *, *, #4990, .F. ) ;
#7425 = DIRECTION ( 'NONE',  ( -0.000000000000000000, 1.000000000000000000, -0.000000000000000000 ) ) ;
#7426 = FACE_OUTER_BOUND ( 'NONE', #6691, .T. ) ;
#7427 = VERTEX_POINT ( 'NONE', #4317 ) ;
#7428 = LINE ( 'NONE', #1411, #12322 ) ;
#7429 = LINE ( 'NONE', #10547, #2798 ) ;
#7430 = ADVANCED_FACE ( 'NONE', ( #8430 ), #354, .F. ) ;
#7431 = DIRECTION ( 'NONE',  ( 0.000000000000000000, 1.000000000000000000, 0.000000000000000000 ) ) ;
#7432 = ORIENTED_EDGE ( 'NONE', *, *, #4973, .T. ) ;
#7433 = LINE ( 'NONE', #12717, #11802 ) ;
#7434 = MECHANICAL_DESIGN_GEOMETRIC_PRESENTATION_REPRESENTATION (  '', ( #1960 ), #5523 ) ;
#7435 = SURFACE_SIDE_STYLE ('',( #12660 ) ) ;
#7436 = EDGE_CURVE ( 'NONE', #1306, #9347, #6234, .T. ) ;
#7437 = ADVANCED_FACE ( 'NONE', ( #7423 ), #11450, .T. ) ;
#7438 = EDGE_CURVE ( 'NONE', #11477, #6419, #12513, .T. ) ;
#7439 = CARTESIAN_POINT ( 'NONE',  ( -0.03749999999999999861, 0.2150000000000000244, -0.08750000000000010547 ) ) ;
#7440 = FILL_AREA_STYLE ('',( #10235 ) ) ;
#7441 = ORIENTED_EDGE ( 'NONE', *, *, #12536, .F. ) ;
#7442 = CARTESIAN_POINT ( 'NONE',  ( 0.06250000000000001388, 0.05799999999999996825, -0.08750000000000010547 ) ) ;
#7443 = VERTEX_POINT ( 'NONE', #8620 ) ;
#7444 = SURFACE_STYLE_USAGE ( .BOTH. , #12477 ) ;
#7445 = EDGE_CURVE ( 'NONE', #9051, #4756, #5566, .T. ) ;
#7446 = STYLED_ITEM ( 'NONE', ( #12527 ), #6335 ) ;
#7447 = DIRECTION ( 'NONE',  ( -1.000000000000000000, -6.097874985857736561E-17, 0.000000000000000000 ) ) ;
#7448 = EDGE_CURVE ( 'NONE', #1485, #3898, #6688, .T. ) ;
#7449 = LINE ( 'NONE', #12415, #13012 ) ;
#7450 = ORIENTED_EDGE ( 'NONE', *, *, #3085, .T. ) ;
#7451 = DIRECTION ( 'NONE',  ( 7.854062981784755126E-15, -0.000000000000000000, -1.000000000000000000 ) ) ;
#7452 = AXIS2_PLACEMENT_3D ( 'NONE', #12167, #11970, #6072 ) ;
#7453 = EDGE_CURVE ( 'NONE', #8405, #3945, #4847, .T. ) ;
#7454 = CARTESIAN_POINT ( 'NONE',  ( 0.2036698591370891265, 0.02995180444377151113, 0.1174518044437714431 ) ) ;
#7455 = CARTESIAN_POINT ( 'NONE',  ( 0.1213779527559052523, 2.925482699725639421E-18, 0.08749999999999988343 ) ) ;
#7456 = EDGE_CURVE ( 'NONE', #4595, #7544, #9612, .T. ) ;
#7457 = VECTOR ( 'NONE', #8829, 39.37007874015748143 ) ;
#7458 = FACE_OUTER_BOUND ( 'NONE', #10792, .T. ) ;
#7459 = ORIENTED_EDGE ( 'NONE', *, *, #4624, .F. ) ;
#7460 = VECTOR ( 'NONE', #2911, 39.37007874015748143 ) ;
#7461 = ORIENTED_EDGE ( 'NONE', *, *, #8645, .F. ) ;
#7462 = LINE ( 'NONE', #1440, #6841 ) ;
#7463 = DIRECTION ( 'NONE',  ( 0.000000000000000000, 0.000000000000000000, 1.000000000000000000 ) ) ;
#7464 = CARTESIAN_POINT ( 'NONE',  ( -0.03749999999999980432, 0.1419999999999999873, -0.01250000000000010651 ) ) ;
#7465 = CARTESIAN_POINT ( 'NONE',  ( 0.1449999999999999623, 0.01640227793071964008, 0.1000000000000000056 ) ) ;
#7466 = DIRECTION ( 'NONE',  ( -0.9153150324227631307, 0.000000000000000000, -0.4027386142660223101 ) ) ;
#7467 = VECTOR ( 'NONE', #4430, 39.37007874015748143 ) ;
#7468 =( GEOMETRIC_REPRESENTATION_CONTEXT ( 3 ) GLOBAL_UNCERTAINTY_ASSIGNED_CONTEXT ( ( #7620 ) ) GLOBAL_UNIT_ASSIGNED_CONTEXT ( ( #6303, #7376, #5507 ) ) REPRESENTATION_CONTEXT ( 'NONE', 'WORKASPACE' ) );
#7469 =( CONVERSION_BASED_UNIT ( 'INCH', #7405 ) LENGTH_UNIT ( ) NAMED_UNIT ( #5150 ) );
#7470 = AXIS2_PLACEMENT_3D ( 'NONE', #3308, #7338, #11365 ) ;
#7471 = EDGE_LOOP ( 'NONE', ( #9184, #10646 ) ) ;
#7472 = EDGE_LOOP ( 'NONE', ( #11429, #7331, #5031, #8345 ) ) ;
#7473 = DIRECTION ( 'NONE',  ( 0.9396926207859094271, -0.3420201433256662704, 0.000000000000000000 ) ) ;
#7474 = AXIS2_PLACEMENT_3D ( 'NONE', #4804, #2574, #11758 ) ;
#7475 = ORIENTED_EDGE ( 'NONE', *, *, #3712, .F. ) ;
#7476 = PRESENTATION_LAYER_ASSIGNMENT (  '', '', ( #4728 ) ) ;
#7477 = CARTESIAN_POINT ( 'NONE',  ( 0.09499999999999998723, 0.05799999999999997519, 0.2430053851276750276 ) ) ;
#7478 = DIRECTION ( 'NONE',  ( -0.000000000000000000, 0.000000000000000000, 1.000000000000000000 ) ) ;
#7479 = ORIENTED_EDGE ( 'NONE', *, *, #3712, .T. ) ;
#7480 = PLANE ( 'NONE',  #11787 ) ;
#7481 = AXIS2_PLACEMENT_3D ( 'NONE', #7313, #7383, #11405 ) ;
#7482 = UNCERTAINTY_MEASURE_WITH_UNIT (LENGTH_MEASURE( 1.000000000000000082E-05 ), #631, 'distance_accuracy_value', 'NONE');
#7483 = ORIENTED_EDGE ( 'NONE', *, *, #8592, .T. ) ;
#7484 = DIRECTION ( 'NONE',  ( 1.000000000000000000, 1.138269997360106963E-16, 0.000000000000000000 ) ) ;
#7485 = LINE ( 'NONE', #2405, #7257 ) ;
#7486 = AXIS2_PLACEMENT_3D ( 'NONE', #10624, #1493, #6446 ) ;
#7487 = DIRECTION ( 'NONE',  ( 0.000000000000000000, 0.000000000000000000, -1.000000000000000000 ) ) ;
#7488 = VERTEX_POINT ( 'NONE', #1671 ) ;
#7489 = VECTOR ( 'NONE', #7425, 39.37007874015748143 ) ;
#7490 = ORIENTED_EDGE ( 'NONE', *, *, #11142, .T. ) ;
#7491 = FACE_OUTER_BOUND ( 'NONE', #11191, .T. ) ;
#7492 = FACE_OUTER_BOUND ( 'NONE', #10497, .T. ) ;
#7493 = VERTEX_POINT ( 'NONE', #1603 ) ;
#7494 = DIRECTION ( 'NONE',  ( -1.000000000000000000, 3.045457963692998845E-16, 0.000000000000000000 ) ) ;
#7495 = CARTESIAN_POINT ( 'NONE',  ( 0.07000000000000002054, 0.05799999999999997519, -0.06200000000000022854 ) ) ;
#7496 = ORIENTED_EDGE ( 'NONE', *, *, #1861, .T. ) ;
#7497 = CARTESIAN_POINT ( 'NONE',  ( -0.03749999999999980432, 0.05799999999999996825, -0.1125000000000001138 ) ) ;
#7498 = DIRECTION ( 'NONE',  ( 0.000000000000000000, 1.000000000000000000, 0.000000000000000000 ) ) ;
#7499 = ADVANCED_FACE ( 'NONE', ( #4579 ), #6422, .T. ) ;
#7500 = ORIENTED_EDGE ( 'NONE', *, *, #5797, .F. ) ;
#7501 = DIMENSIONAL_EXPONENTS ( 1.000000000000000000, 0.000000000000000000, 0.000000000000000000, 0.000000000000000000, 0.000000000000000000, 0.000000000000000000, 0.000000000000000000 ) ;
#7502 = CARTESIAN_POINT ( 'NONE',  ( 0.03749999999999999861, 0.05799999999999996825, -0.1125000000000001138 ) ) ;
#7503 = DIRECTION ( 'NONE',  ( 0.9153150324227631307, 0.000000000000000000, 0.4027386142660223656 ) ) ;
#7504 = EDGE_LOOP ( 'NONE', ( #4181, #2344, #246, #4469 ) ) ;
#7505 = LINE ( 'NONE', #2494, #9644 ) ;
#7506 = SURFACE_STYLE_USAGE ( .BOTH. , #11344 ) ;
#7507 = EDGE_LOOP ( 'NONE', ( #9646, #8261, #2121, #4860 ) ) ;
#7508 = ADVANCED_FACE ( 'NONE', ( #10473 ), #2551, .T. ) ;
#7509 = LENGTH_MEASURE_WITH_UNIT ( LENGTH_MEASURE( 0.02539999999999999897 ), #12534 );
#7510 = LINE ( 'NONE', #644, #7091 ) ;
#7511 = EDGE_CURVE ( 'NONE', #8603, #6805, #8678, .T. ) ;
#7512 = DIRECTION ( 'NONE',  ( 1.000000000000000000, 0.000000000000000000, 0.000000000000000000 ) ) ;
#7513 = VERTEX_POINT ( 'NONE', #7760 ) ;
#7514 = CYLINDRICAL_SURFACE ( 'NONE', #3673, 0.007999999999999998432 ) ;
#7515 = CYLINDRICAL_SURFACE ( 'NONE', #7229, 0.007999999999999955064 ) ;
#7516 = PRESENTATION_LAYER_ASSIGNMENT (  '', '', ( #9205 ) ) ;
#7517 = VECTOR ( 'NONE', #857, 39.37007874015748143 ) ;
#7518 = CARTESIAN_POINT ( 'NONE',  ( 0.000000000000000000, 0.3880000000000000115, -0.003902277930719733490 ) ) ;
#7519 = CARTESIAN_POINT ( 'NONE',  ( -0.03750000000000004718, 0.03750000000000001249, -0.01250000000000010651 ) ) ;
#7520 = ORIENTED_EDGE ( 'NONE', *, *, #12786, .F. ) ;
#7521 = ORIENTED_EDGE ( 'NONE', *, *, #320, .F. ) ;
#7522 = LINE ( 'NONE', #3238, #9164 ) ;
#7523 = EDGE_CURVE ( 'NONE', #5645, #6487, #5497, .T. ) ;
#7524 = VECTOR ( 'NONE', #3077, 39.37007874015748143 ) ;
#7525 = CARTESIAN_POINT ( 'NONE',  ( 0.06250000000000001388, 0.2150000000000000244, 0.1874999999999999167 ) ) ;
#7526 = VECTOR ( 'NONE', #3798, 39.37007874015748854 ) ;
#7527 = DIRECTION ( 'NONE',  ( 3.045457963692998845E-16, -1.000000000000000000, 0.000000000000000000 ) ) ;
#7528 = CARTESIAN_POINT ( 'NONE',  ( 0.1213779527559052385, -2.828069580055263137E-18, -0.2125000000000001332 ) ) ;
#7529 = EDGE_CURVE ( 'NONE', #6644, #10308, #5432, .T. ) ;
#7530 = DIRECTION ( 'NONE',  ( 0.000000000000000000, 0.000000000000000000, -1.000000000000000000 ) ) ;
#7531 = AXIS2_PLACEMENT_3D ( 'NONE', #1486, #768, #1686 ) ;
#7532 = COLOUR_RGB ( '',1.000000000000000000, 0.8117647058823529438, 0.5019607843137254832 ) ;
#7533 = PLANE ( 'NONE',  #11353 ) ;
#7534 = APPLICATION_CONTEXT ( 'automotive_design' ) ;
#7535 = ADVANCED_FACE ( 'NONE', ( #6557 ), #10600, .T. ) ;
#7536 = CARTESIAN_POINT ( 'NONE',  ( -0.03749999999999999861, 0.05799999999999996825, -0.08750000000000010547 ) ) ;
#7537 = EDGE_LOOP ( 'NONE', ( #1620, #2297, #10195, #2377 ) ) ;
#7538 = EDGE_LOOP ( 'NONE', ( #12411, #6782, #10391, #3742 ) ) ;
#7539 = FACE_OUTER_BOUND ( 'NONE', #388, .T. ) ;
#7540 = VECTOR ( 'NONE', #2352, 39.37007874015748143 ) ;
#7541 = ORIENTED_EDGE ( 'NONE', *, *, #12524, .F. ) ;
#7542 = DIRECTION ( 'NONE',  ( 0.000000000000000000, 0.000000000000000000, 1.000000000000000000 ) ) ;
#7543 = DIRECTION ( 'NONE',  ( 0.000000000000000000, -1.000000000000000000, 0.000000000000000000 ) ) ;
#7544 = VERTEX_POINT ( 'NONE', #10929 ) ;
#7545 = DIRECTION ( 'NONE',  ( -1.000000000000000000, 1.138269997360106963E-16, 0.000000000000000000 ) ) ;
#7546 = VERTEX_POINT ( 'NONE', #3833 ) ;
#7547 = EDGE_CURVE ( 'NONE', #12998, #8486, #3991, .T. ) ;
#7548 =( CONVERSION_BASED_UNIT ( 'INCH', #8357 ) LENGTH_UNIT ( ) NAMED_UNIT ( #10637 ) );
#7549 = AXIS2_PLACEMENT_3D ( 'NONE', #5467, #6331, #2141 ) ;
#7550 = FILL_AREA_STYLE ('',( #5425 ) ) ;
#7551 = PRESENTATION_LAYER_ASSIGNMENT (  '', '', ( #4150 ) ) ;
#7552 = EDGE_LOOP ( 'NONE', ( #10398, #12455 ) ) ;
#7553 = EDGE_LOOP ( 'NONE', ( #10095, #7178, #2335, #195 ) ) ;
#7554 = VECTOR ( 'NONE', #7354, 39.37007874015748143 ) ;
#7555 = ORIENTED_EDGE ( 'NONE', *, *, #8027, .T. ) ;
#7556 = CARTESIAN_POINT ( 'NONE',  ( -0.07500000000000002498, 0.000000000000000000, -0.08750000000000010547 ) ) ;
#7557 = STYLED_ITEM ( 'NONE', ( #6950 ), #2595 ) ;
#7558 = LENGTH_MEASURE_WITH_UNIT ( LENGTH_MEASURE( 0.02539999999999999897 ), #3521 );
#7559 = ORIENTED_EDGE ( 'NONE', *, *, #8092, .T. ) ;
#7560 = CARTESIAN_POINT ( 'NONE',  ( -0.06999999999999999278, 0.02737258300203046849, -0.1380000000000002613 ) ) ;
#7561 = ORIENTED_EDGE ( 'NONE', *, *, #2364, .T. ) ;
#7562 = DIRECTION ( 'NONE',  ( -0.9396926207859094271, -0.3420201433256662704, -0.000000000000000000 ) ) ;
#7563 = FACE_OUTER_BOUND ( 'NONE', #5519, .T. ) ;
#7564 = COLOUR_RGB ( '',1.000000000000000000, 0.8117647058823529438, 0.5019607843137254832 ) ;
#7565 = APPLICATION_PROTOCOL_DEFINITION ( 'draft international standard', 'automotive_design', 1998, #3485 ) ;
#7566 = EDGE_LOOP ( 'NONE', ( #7278, #12436 ) ) ;
#7567 = CARTESIAN_POINT ( 'NONE',  ( -0.07500000000000005274, -8.110173731190781122E-17, 0.2124999999999999112 ) ) ;
#7568 = LINE ( 'NONE', #365, #82 ) ;
#7569 = AXIS2_PLACEMENT_3D ( 'NONE', #329, #8595, #2266 ) ;
#7570 = LINE ( 'NONE', #8499, #5203 ) ;
#7571 = AXIS2_PLACEMENT_3D ( 'NONE', #3829, #11977, #9998 ) ;
#7572 = VECTOR ( 'NONE', #2204, 39.37007874015748143 ) ;
#7573 = CARTESIAN_POINT ( 'NONE',  ( 0.03749999999999999861, 0.3880000000000000115, 0.1874999999999999167 ) ) ;
#7574 = EDGE_CURVE ( 'NONE', #7353, #2813, #11831, .T. ) ;
#7575 = ORIENTED_EDGE ( 'NONE', *, *, #2351, .F. ) ;
#7576 = DIRECTION ( 'NONE',  ( -1.000000000000000000, 0.000000000000000000, 0.000000000000000000 ) ) ;
#7577 =( CONVERSION_BASED_UNIT ( 'INCH', #11533 ) LENGTH_UNIT ( ) NAMED_UNIT ( #6392 ) );
#7578 = ORIENTED_EDGE ( 'NONE', *, *, #8650, .T. ) ;
#7579 = FACE_OUTER_BOUND ( 'NONE', #6577, .T. ) ;
#7580 = CARTESIAN_POINT ( 'NONE',  ( -0.03749999999999999861, 0.2150000000000000244, 0.01249999999999990008 ) ) ;
#7581 = DIRECTION ( 'NONE',  ( 0.000000000000000000, 0.000000000000000000, 1.000000000000000000 ) ) ;
#7582 = VECTOR ( 'NONE', #1287, 39.37007874015748143 ) ;
#7583 = AXIS2_PLACEMENT_3D ( 'NONE', #11879, #9168, #1838 ) ;
#7584 = CARTESIAN_POINT ( 'NONE',  ( 0.07500000000000003886, 0.03750000000000000555, -0.1875000000000001110 ) ) ;
#7585 = ORIENTED_EDGE ( 'NONE', *, *, #1434, .T. ) ;
#7586 = CARTESIAN_POINT ( 'NONE',  ( -0.1449999999999999623, 0.008597722069280350904, 0.1000000000000000056 ) ) ;
#7587 = VECTOR ( 'NONE', #12386, 39.37007874015748143 ) ;
#7588 = FACE_OUTER_BOUND ( 'NONE', #8401, .T. ) ;
#7589 = DIRECTION ( 'NONE',  ( 7.854062981784756704E-15, 0.000000000000000000, -1.000000000000000000 ) ) ;
#7590 = EDGE_CURVE ( 'NONE', #7307, #3653, #6823, .T. ) ;
#7591 = VECTOR ( 'NONE', #2079, 39.37007874015748143 ) ;
#7592 = EDGE_CURVE ( 'NONE', #10454, #12439, #10795, .T. ) ;
#7593 = AXIS2_PLACEMENT_3D ( 'NONE', #770, #11931, #842 ) ;
#7594 =( CONVERSION_BASED_UNIT ( 'INCH', #6786 ) LENGTH_UNIT ( ) NAMED_UNIT ( #1390 ) );
#7595 = ORIENTED_EDGE ( 'NONE', *, *, #9955, .F. ) ;
#7596 = ORIENTED_EDGE ( 'NONE', *, *, #11618, .F. ) ;
#7597 = CARTESIAN_POINT ( 'NONE',  ( -0.07500000000000003886, 0.03750000000000000555, -3.414809992080329023E-17 ) ) ;
#7598 = SURFACE_SIDE_STYLE ('',( #1500 ) ) ;
#7599 = CYLINDRICAL_SURFACE ( 'NONE', #9022, 0.007999999999999989758 ) ;
#7600 = DIRECTION ( 'NONE',  ( -0.000000000000000000, -0.000000000000000000, -1.000000000000000000 ) ) ;
#7601 = CARTESIAN_POINT ( 'NONE',  ( 0.06250000000000001388, 0.3880000000000000115, 0.01249999999999990008 ) ) ;
#7602 = CARTESIAN_POINT ( 'NONE',  ( 0.07500000000000002498, 0.000000000000000000, -0.1875000000000001110 ) ) ;
#7603 = DIRECTION ( 'NONE',  ( -0.000000000000000000, 1.000000000000000000, -0.000000000000000000 ) ) ;
#7604 = EDGE_CURVE ( 'NONE', #11240, #3074, #13039, .T. ) ;
#7605 = COLOUR_RGB ( '',1.000000000000000000, 0.8117647058823529438, 0.5019607843137254832 ) ;
#7606 = LINE ( 'NONE', #4812, #9249 ) ;
#7607 = ADVANCED_FACE ( 'NONE', ( #7006 ), #7953, .T. ) ;
#7608 = EDGE_CURVE ( 'NONE', #10196, #9222, #10356, .T. ) ;
#7609 = SURFACE_SIDE_STYLE ('',( #8783 ) ) ;
#7611 = ORIENTED_EDGE ( 'NONE', *, *, #5380, .F. ) ;
#7610 = ADVANCED_FACE ( 'NONE', ( #7886 ), #4024, .F. ) ;
#7612 = VERTEX_POINT ( 'NONE', #12975 ) ;
#7614 = ADVANCED_FACE ( 'NONE', ( #10002 ), #934, .F. ) ;
#7613 = DIRECTION ( 'NONE',  ( -0.9153150324227631307, 0.000000000000000000, 0.4027386142660223656 ) ) ;
#7615 = ORIENTED_EDGE ( 'NONE', *, *, #10328, .T. ) ;
#7616 = PLANE ( 'NONE',  #4292 ) ;
#7618 = ORIENTED_EDGE ( 'NONE', *, *, #11315, .F. ) ;
#7617 = EDGE_CURVE ( 'NONE', #10116, #11327, #6006, .T. ) ;
#7619 = CARTESIAN_POINT ( 'NONE',  ( 0.03749999999999999861, 0.1419999999999999873, 0.2124999999999999112 ) ) ;
#7620 = UNCERTAINTY_MEASURE_WITH_UNIT (LENGTH_MEASURE( 1.000000000000000082E-05 ), #6303, 'distance_accuracy_value', 'NONE');
#7621 = ORIENTED_EDGE ( 'NONE', *, *, #5702, .F. ) ;
#7622 = CARTESIAN_POINT ( 'NONE',  ( -0.07000000000000017319, 0.04999999999999998196, -0.05299999999999997075 ) ) ;
#7623 = SURFACE_STYLE_FILL_AREA ( #1524 ) ;
#7624 = EDGE_CURVE ( 'NONE', #6384, #906, #5748, .T. ) ;
#7626 = ORIENTED_EDGE ( 'NONE', *, *, #10896, .F. ) ;
#7625 = EDGE_CURVE ( 'NONE', #5907, #7901, #4229, .T. ) ;
#7627 = ORIENTED_EDGE ( 'NONE', *, *, #7113, .T. ) ;
#7628 = ORIENTED_EDGE ( 'NONE', *, *, #12187, .T. ) ;
#7629 =( LENGTH_UNIT ( ) NAMED_UNIT ( * ) SI_UNIT ( $, .METRE. ) );
#7630 = DIRECTION ( 'NONE',  ( 0.000000000000000000, 0.000000000000000000, -1.000000000000000000 ) ) ;
#7631 = CARTESIAN_POINT ( 'NONE',  ( 0.03749999999999999861, 0.3880000000000000115, -0.2125000000000001332 ) ) ;
#7632 = ORIENTED_EDGE ( 'NONE', *, *, #2375, .T. ) ;
#7633 = LINE ( 'NONE', #5568, #8971 ) ;
#7634 = VERTEX_POINT ( 'NONE', #6081 ) ;
#7635 = CARTESIAN_POINT ( 'NONE',  ( 0.07500000000000005274, 0.02500000000000001180, -0.1875000000000001110 ) ) ;
#7636 = PLANE ( 'NONE',  #5318 ) ;
#7637 = CONTEXT_DEPENDENT_SHAPE_REPRESENTATION ( #706, #6244 ) ;
#7638 = VERTEX_POINT ( 'NONE', #9271 ) ;
#7639 = LINE ( 'NONE', #12855, #8755 ) ;
#7640 = DIRECTION ( 'NONE',  ( 1.000000000000000000, 1.138269997360106963E-16, 0.000000000000000000 ) ) ;
#7641 = ORIENTED_EDGE ( 'NONE', *, *, #9034, .F. ) ;
#7642 = ADVANCED_FACE ( 'NONE', ( #11245 ), #2142, .T. ) ;
#7643 = ORIENTED_EDGE ( 'NONE', *, *, #4270, .F. ) ;
#7644 = FACE_OUTER_BOUND ( 'NONE', #3818, .T. ) ;
#7645 = PLANE ( 'NONE',  #7367 ) ;
#7646 = DIRECTION ( 'NONE',  ( 0.000000000000000000, 0.000000000000000000, 1.000000000000000000 ) ) ;
#7647 = LENGTH_MEASURE_WITH_UNIT ( LENGTH_MEASURE( 0.02539999999999999897 ), #6710 );
#7648 = CARTESIAN_POINT ( 'NONE',  ( -0.03749999999999999861, 0.2150000000000000244, -0.2125000000000001332 ) ) ;
#7649 = VERTEX_POINT ( 'NONE', #278 ) ;
#7650 = CARTESIAN_POINT ( 'NONE',  ( 0.06250000000000001388, 0.1419999999999999873, 0.08749999999999986955 ) ) ;
#7651 =( GEOMETRIC_REPRESENTATION_CONTEXT ( 3 ) GLOBAL_UNCERTAINTY_ASSIGNED_CONTEXT ( ( #12381 ) ) GLOBAL_UNIT_ASSIGNED_CONTEXT ( ( #1252, #1436, #130 ) ) REPRESENTATION_CONTEXT ( 'NONE', 'WORKASPACE' ) );
#7652 = LINE ( 'NONE', #11541, #1967 ) ;
#7653 = LENGTH_MEASURE_WITH_UNIT ( LENGTH_MEASURE( 0.02539999999999999897 ), #583 );
#7654 =( GEOMETRIC_REPRESENTATION_CONTEXT ( 3 ) GLOBAL_UNCERTAINTY_ASSIGNED_CONTEXT ( ( #4440 ) ) GLOBAL_UNIT_ASSIGNED_CONTEXT ( ( #4114, #5112, #5250 ) ) REPRESENTATION_CONTEXT ( 'NONE', 'WORKASPACE' ) );
#7655 = FILL_AREA_STYLE_COLOUR ( '', #6800 ) ;
#7656 = ORIENTED_EDGE ( 'NONE', *, *, #4758, .T. ) ;
#7657 = FILL_AREA_STYLE_COLOUR ( '', #409 ) ;
#7658 = CARTESIAN_POINT ( 'NONE',  ( 0.03749999999999999861, 0.1419999999999999873, 0.1874999999999999167 ) ) ;
#7659 = AXIS2_PLACEMENT_3D ( 'NONE', #5679, #5552, #12701 ) ;
#7660 = DIRECTION ( 'NONE',  ( 3.045457963692998845E-16, 1.000000000000000000, 0.000000000000000000 ) ) ;
#7661 = CARTESIAN_POINT ( 'NONE',  ( 0.06250000000000001388, 0.3643779527559052878, 0.2124999999999999112 ) ) ;
#7662 = DIRECTION ( 'NONE',  ( -1.000000000000000000, 0.000000000000000000, 0.000000000000000000 ) ) ;
#7663 = EDGE_CURVE ( 'NONE', #9805, #7668, #87, .T. ) ;
#7664 = CARTESIAN_POINT ( 'NONE',  ( -0.06999999999999999278, 0.1419999999999999873, -0.07000000000000022871 ) ) ;
#7665 = AXIS2_PLACEMENT_3D ( 'NONE', #7063, #12362, #9117 ) ;
#7666 =( NAMED_UNIT ( * ) SI_UNIT ( $, .STERADIAN. ) SOLID_ANGLE_UNIT ( ) );
#7667 = ORIENTED_EDGE ( 'NONE', *, *, #6865, .T. ) ;
#7668 = VERTEX_POINT ( 'NONE', #10334 ) ;
#7669 = ORIENTED_EDGE ( 'NONE', *, *, #1214, .F. ) ;
#7670 = VECTOR ( 'NONE', #7060, 39.37007874015748143 ) ;
#7671 =( CONVERSION_BASED_UNIT ( 'INCH', #12442 ) LENGTH_UNIT ( ) NAMED_UNIT ( #7683 ) );
#7672 = MECHANICAL_DESIGN_GEOMETRIC_PRESENTATION_REPRESENTATION (  '', ( #7032 ), #7468 ) ;
#7673 = EDGE_CURVE ( 'NONE', #1317, #7409, #7075, .T. ) ;
#7674 = LINE ( 'NONE', #11574, #3259 ) ;
#7675 = VECTOR ( 'NONE', #11867, 39.37007874015748143 ) ;
#7676 = ORIENTED_EDGE ( 'NONE', *, *, #4290, .T. ) ;
#7677 = DIRECTION ( 'NONE',  ( 3.045457963692998845E-16, 1.000000000000000000, 0.000000000000000000 ) ) ;
#7678 = ADVANCED_FACE ( 'NONE', ( #10392 ), #8349, .T. ) ;
#7679 = ORIENTED_EDGE ( 'NONE', *, *, #12310, .F. ) ;
#7680 = DIRECTION ( 'NONE',  ( 0.9396926207859094271, -0.3420201433256662704, 0.000000000000000000 ) ) ;
#7681 = LINE ( 'NONE', #12767, #9587 ) ;
#7682 = VECTOR ( 'NONE', #10668, 39.37007874015748143 ) ;
#7683 = DIMENSIONAL_EXPONENTS ( 1.000000000000000000, 0.000000000000000000, 0.000000000000000000, 0.000000000000000000, 0.000000000000000000, 0.000000000000000000, 0.000000000000000000 ) ;
#7684 = LINE ( 'NONE', #10852, #9665 ) ;
#7685 = CARTESIAN_POINT ( 'NONE',  ( -0.03749999999999999861, 0.05799999999999996825, 0.01249999999999990008 ) ) ;
#7686 = AXIS2_PLACEMENT_3D ( 'NONE', #3675, #12884, #1767 ) ;
#7687 =( GEOMETRIC_REPRESENTATION_CONTEXT ( 3 ) GLOBAL_UNCERTAINTY_ASSIGNED_CONTEXT ( ( #5356 ) ) GLOBAL_UNIT_ASSIGNED_CONTEXT ( ( #1809, #3904, #2009 ) ) REPRESENTATION_CONTEXT ( 'NONE', 'WORKASPACE' ) );
#7688 = EDGE_LOOP ( 'NONE', ( #6506, #3690, #6656, #3938 ) ) ;
#7689 = EDGE_LOOP ( 'NONE', ( #10338, #12358, #760, #5086 ) ) ;
#7690 = EDGE_CURVE ( 'NONE', #5171, #10528, #9197, .T. ) ;
#7691 = ORIENTED_EDGE ( 'NONE', *, *, #8403, .F. ) ;
#7692 = DIRECTION ( 'NONE',  ( 0.000000000000000000, 0.000000000000000000, -1.000000000000000000 ) ) ;
#7694 = FACE_OUTER_BOUND ( 'NONE', #3757, .T. ) ;
#7693 = AXIS2_PLACEMENT_3D ( 'NONE', #10183, #8268, #11168 ) ;
#7695 = EDGE_CURVE ( 'NONE', #8658, #12678, #12246, .T. ) ;
#7696 = CARTESIAN_POINT ( 'NONE',  ( 0.07000000000000002054, 0.04999999999999998196, 0.02999999999999978378 ) ) ;
#7697 = EDGE_LOOP ( 'NONE', ( #8617, #1429 ) ) ;
#7698 = LINE ( 'NONE', #2746, #7283 ) ;
#7699 = EDGE_LOOP ( 'NONE', ( #5749, #9200, #4327, #12598 ) ) ;
#7700 = DIRECTION ( 'NONE',  ( 6.097874985857737794E-17, 1.000000000000000000, -0.000000000000000000 ) ) ;
#7701 = LINE ( 'NONE', #4895, #9557 ) ;
#7702 = LENGTH_MEASURE_WITH_UNIT ( LENGTH_MEASURE( 0.02539999999999999897 ), #4521 );
#7703 = VERTEX_POINT ( 'NONE', #2338 ) ;
#7704 = LENGTH_MEASURE_WITH_UNIT ( LENGTH_MEASURE( 0.02539999999999999897 ), #176 );
#7705 = DIRECTION ( 'NONE',  ( 1.000000000000000000, 0.000000000000000000, 0.000000000000000000 ) ) ;
#7706 = AXIS2_PLACEMENT_3D ( 'NONE', #12352, #12153, #2256 ) ;
#7707 = EDGE_CURVE ( 'NONE', #11282, #8486, #11106, .T. ) ;
#7708 = CARTESIAN_POINT ( 'NONE',  ( 0.07000000000000002054, 0.04999999999999998196, 0.1299999999999997824 ) ) ;
#7709 = COLOUR_RGB ( '',1.000000000000000000, 0.8117647058823529438, 0.5019607843137254832 ) ;
#7710 = EDGE_CURVE ( 'NONE', #2709, #7077, #1322, .T. ) ;
#7711 = FILL_AREA_STYLE ('',( #4653 ) ) ;
#7712 = AXIS2_PLACEMENT_3D ( 'NONE', #12983, #2080, #5100 ) ;
#7713 = ORIENTED_EDGE ( 'NONE', *, *, #1874, .F. ) ;
#7714 = DIRECTION ( 'NONE',  ( 1.000000000000000000, 0.000000000000000000, 0.000000000000000000 ) ) ;
#7715 = ORIENTED_EDGE ( 'NONE', *, *, #11402, .T. ) ;
#7716 = CARTESIAN_POINT ( 'NONE',  ( -0.03749999999999999861, 0.3643779527559052878, -0.01250000000000010651 ) ) ;
#7718 = DIRECTION ( 'NONE',  ( -3.045457963692998845E-16, 1.000000000000000000, 0.000000000000000000 ) ) ;
#7717 = VECTOR ( 'NONE', #10951, 39.37007874015748143 ) ;
#7719 = PLANE ( 'NONE',  #10625 ) ;
#7720 = LINE ( 'NONE', #2699, #5820 ) ;
#7721 = PLANE ( 'NONE',  #10278 ) ;
#7722 = VERTEX_POINT ( 'NONE', #12106 ) ;
#7723 = FILL_AREA_STYLE ('',( #9707 ) ) ;
#7724 = CARTESIAN_POINT ( 'NONE',  ( 0.06250000000000001388, 0.05799999999999996825, -0.01250000000000010651 ) ) ;
#7725 = AXIS2_PLACEMENT_3D ( 'NONE', #9295, #9495, #2485 ) ;
#7726 =( NAMED_UNIT ( * ) PLANE_ANGLE_UNIT ( ) SI_UNIT ( $, .RADIAN. ) );
#7727 = ORIENTED_EDGE ( 'NONE', *, *, #5257, .F. ) ;
#7728 = PLANE ( 'NONE',  #6465 ) ;
#7729 =( NAMED_UNIT ( * ) PLANE_ANGLE_UNIT ( ) SI_UNIT ( $, .RADIAN. ) );
#7730 = DIRECTION ( 'NONE',  ( 0.000000000000000000, 0.000000000000000000, 1.000000000000000000 ) ) ;
#7731 = DIRECTION ( 'NONE',  ( -0.000000000000000000, 0.000000000000000000, -1.000000000000000000 ) ) ;
#7732 = COLOUR_RGB ( '',1.000000000000000000, 0.8117647058823529438, 0.5019607843137254832 ) ;
#7733 = ADVANCED_FACE ( 'NONE', ( #337 ), #2073, .T. ) ;
#7734 = ORIENTED_EDGE ( 'NONE', *, *, #1434, .F. ) ;
#7735 = ORIENTED_EDGE ( 'NONE', *, *, #9461, .F. ) ;
#7736 = CARTESIAN_POINT ( 'NONE',  ( 0.03749999999999999861, 0.05799999999999996825, 0.1124999999999998779 ) ) ;
#7737 = EDGE_CURVE ( 'NONE', #9174, #9036, #12892, .T. ) ;
#7738 = ORIENTED_EDGE ( 'NONE', *, *, #7104, .F. ) ;
#7739 = CARTESIAN_POINT ( 'NONE',  ( 0.06250000000000001388, 0.05799999999999996825, -0.2125000000000001332 ) ) ;
#7740 = STYLED_ITEM ( 'NONE', ( #10558 ), #3553 ) ;
#7741 = DIRECTION ( 'NONE',  ( 0.000000000000000000, 0.000000000000000000, -1.000000000000000000 ) ) ;
#7742 = CARTESIAN_POINT ( 'NONE',  ( 0.1449999999999999623, -4.268512490100412049E-18, 0.003902277930719528359 ) ) ;
#7743 = ORIENTED_EDGE ( 'NONE', *, *, #1450, .F. ) ;
#7744 = DIRECTION ( 'NONE',  ( -1.000000000000000000, 6.097874985857737794E-17, 0.000000000000000000 ) ) ;
#7745 = VECTOR ( 'NONE', #3274, 39.37007874015748143 ) ;
#7746 = UNCERTAINTY_MEASURE_WITH_UNIT (LENGTH_MEASURE( 1.000000000000000082E-05 ), #4907, 'distance_accuracy_value', 'NONE');
#7747 = ORIENTED_EDGE ( 'NONE', *, *, #5971, .T. ) ;
#7748 = LINE ( 'NONE', #2733, #2920 ) ;
#7749 = DIRECTION ( 'NONE',  ( 1.000000000000000000, 0.000000000000000000, 0.000000000000000000 ) ) ;
#7750 = CARTESIAN_POINT ( 'NONE',  ( 0.1213779527559052385, -2.828069580055263137E-18, 0.1874999999999999167 ) ) ;
#7751 = VECTOR ( 'NONE', #8075, 39.37007874015748143 ) ;
#7752 = EDGE_CURVE ( 'NONE', #2270, #10724, #9664, .T. ) ;
#7753 = ORIENTED_EDGE ( 'NONE', *, *, #8503, .T. ) ;
#7754 = VERTEX_POINT ( 'NONE', #12568 ) ;
#7755 = AXIS2_PLACEMENT_3D ( 'NONE', #4525, #3412, #12593 ) ;
#7757 = ORIENTED_EDGE ( 'NONE', *, *, #12821, .T. ) ;
#7756 = ADVANCED_FACE ( 'NONE', ( #8407 ), #12499, .F. ) ;
#7758 = PLANE ( 'NONE',  #4272 ) ;
#7759 = DIRECTION ( 'NONE',  ( 0.000000000000000000, 0.000000000000000000, -1.000000000000000000 ) ) ;
#7760 = CARTESIAN_POINT ( 'NONE',  ( -0.06249999999999981959, 0.1419999999999999873, -0.1125000000000001138 ) ) ;
#7761 = DIRECTION ( 'NONE',  ( 0.000000000000000000, 0.000000000000000000, -1.000000000000000000 ) ) ;
#7762 = DIRECTION ( 'NONE',  ( -0.000000000000000000, 1.000000000000000000, -0.000000000000000000 ) ) ;
#7763 = VERTEX_POINT ( 'NONE', #7410 ) ;
#7764 = DIRECTION ( 'NONE',  ( -0.9063077870366512689, -0.000000000000000000, -0.4226182617406968323 ) ) ;
#7765 = LINE ( 'NONE', #2281, #9886 ) ;
#7766 = AXIS2_PLACEMENT_3D ( 'NONE', #10040, #9241, #6980 ) ;
#7767 =( CONVERSION_BASED_UNIT ( 'INCH', #11733 ) LENGTH_UNIT ( ) NAMED_UNIT ( #10325 ) );
#7768 = ORIENTED_EDGE ( 'NONE', *, *, #10759, .F. ) ;
#7769 = DIRECTION ( 'NONE',  ( 0.000000000000000000, 0.000000000000000000, 1.000000000000000000 ) ) ;
#7770 =( NAMED_UNIT ( * ) SI_UNIT ( $, .STERADIAN. ) SOLID_ANGLE_UNIT ( ) );
#7771 = ADVANCED_FACE ( 'NONE', ( #5545 ), #5611, .F. ) ;
#7772 = CIRCLE ( 'NONE', #12824, 0.007999999999999998432 ) ;
#7773 =( CONVERSION_BASED_UNIT ( 'INCH', #2687 ) LENGTH_UNIT ( ) NAMED_UNIT ( #2041 ) );
#7774 = VECTOR ( 'NONE', #1589, 39.37007874015748854 ) ;
#7775 = CARTESIAN_POINT ( 'NONE',  ( 0.03749999999999999861, 0.2150000000000000244, -0.2125000000000001332 ) ) ;
#7777 = EDGE_LOOP ( 'NONE', ( #9289, #603, #9564, #10111 ) ) ;
#7776 = EDGE_CURVE ( 'NONE', #6058, #12416, #6671, .T. ) ;
#7778 = PLANE ( 'NONE',  #12592 ) ;
#7779 = EDGE_LOOP ( 'NONE', ( #1033, #10366, #13019, #1955 ) ) ;
#7780 = VECTOR ( 'NONE', #11298, 39.37007874015748143 ) ;
#7781 = CARTESIAN_POINT ( 'NONE',  ( -0.1449999999999999623, 0.02500000000000000139, -0.2039022779307197442 ) ) ;
#7782 = CARTESIAN_POINT ( 'NONE',  ( 0.06250000000000001388, 0.2150000000000000244, 0.01249999999999990008 ) ) ;
#7783 = FILL_AREA_STYLE_COLOUR ( '', #10813 ) ;
#7784 =( GEOMETRIC_REPRESENTATION_CONTEXT ( 3 ) GLOBAL_UNCERTAINTY_ASSIGNED_CONTEXT ( ( #10397 ) ) GLOBAL_UNIT_ASSIGNED_CONTEXT ( ( #9523, #3378, #3500 ) ) REPRESENTATION_CONTEXT ( 'NONE', 'WORKASPACE' ) );
#7785 =( LENGTH_UNIT ( ) NAMED_UNIT ( * ) SI_UNIT ( $, .METRE. ) );
#7786 = ORIENTED_EDGE ( 'NONE', *, *, #3850, .F. ) ;
#7787 = AXIS2_PLACEMENT_3D ( 'NONE', #10977, #7680, #1659 ) ;
#7788 = CARTESIAN_POINT ( 'NONE',  ( 0.07000000000000002054, 0.02737258300203046849, 0.2299999999999997879 ) ) ;
#7789 = EDGE_CURVE ( 'NONE', #11912, #1720, #10459, .T. ) ;
#7790 = EDGE_CURVE ( 'NONE', #10815, #6363, #10712, .T. ) ;
#7791 = AXIS2_PLACEMENT_3D ( 'NONE', #7255, #1366, #9315 ) ;
#7792 = CARTESIAN_POINT ( 'NONE',  ( -0.06249999999999980571, 0.1419999999999999873, -0.1875000000000001110 ) ) ;
#7793 = LENGTH_MEASURE_WITH_UNIT ( LENGTH_MEASURE( 0.02539999999999999897 ), #9576 );
#7794 = ORIENTED_EDGE ( 'NONE', *, *, #6883, .T. ) ;
#7795 = FACE_OUTER_BOUND ( 'NONE', #4258, .T. ) ;
#7796 = STYLED_ITEM ( 'NONE', ( #10483 ), #2040 ) ;
#7797 = DIRECTION ( 'NONE',  ( -0.000000000000000000, 1.000000000000000000, -0.000000000000000000 ) ) ;
#7798 = ORIENTED_EDGE ( 'NONE', *, *, #10106, .F. ) ;
#7799 = LINE ( 'NONE', #4807, #5632 ) ;
#7800 = LINE ( 'NONE', #3997, #5807 ) ;
#7801 = CARTESIAN_POINT ( 'NONE',  ( 0.07500000000000003886, 0.03750000000000000555, 0.08749999999999988343 ) ) ;
#7802 = LINE ( 'NONE', #11830, #11374 ) ;
#7803 = LENGTH_MEASURE_WITH_UNIT ( LENGTH_MEASURE( 0.02539999999999999897 ), #12685 );
#7804 = STYLED_ITEM ( 'NONE', ( #589 ), #6944 ) ;
#7805 = PLANE ( 'NONE',  #12970 ) ;
#7806 = ORIENTED_EDGE ( 'NONE', *, *, #13023, .T. ) ;
#7807 = EDGE_LOOP ( 'NONE', ( #3502, #10537, #542, #6129 ) ) ;
#7808 = FILL_AREA_STYLE ('',( #2909 ) ) ;
#7809 = ORIENTED_EDGE ( 'NONE', *, *, #8522, .T. ) ;
#7810 = CARTESIAN_POINT ( 'NONE',  ( 0.008183646112600383160, 0.05799999999999997519, 0.01859919571045511380 ) ) ;
#7811 = DIRECTION ( 'NONE',  ( -2.435670465107224942E-16, -1.000000000000000000, 0.000000000000000000 ) ) ;
#7812 = DIRECTION ( 'NONE',  ( 0.000000000000000000, 0.000000000000000000, 1.000000000000000000 ) ) ;
#7813 = CARTESIAN_POINT ( 'NONE',  ( 0.06250000000000001388, 0.05799999999999996825, -0.01250000000000010651 ) ) ;
#7814 = ORIENTED_EDGE ( 'NONE', *, *, #9146, .F. ) ;
#7815 = CARTESIAN_POINT ( 'NONE',  ( -0.1449999999999999623, -4.268512490100412049E-18, 0.1039022779307195166 ) ) ;
#7816 = PLANE ( 'NONE',  #5944 ) ;
#7817 = CARTESIAN_POINT ( 'NONE',  ( -0.03749999999999999861, 0.2150000000000000244, -0.01250000000000010651 ) ) ;
#7818 = EDGE_CURVE ( 'NONE', #11816, #11786, #9728, .T. ) ;
#7819 = FACE_OUTER_BOUND ( 'NONE', #10689, .T. ) ;
#7820 = MECHANICAL_DESIGN_GEOMETRIC_PRESENTATION_REPRESENTATION (  '', ( #7395 ), #8655 ) ;
#7821 = ORIENTED_EDGE ( 'NONE', *, *, #4422, .T. ) ;
#7822 = ORIENTED_EDGE ( 'NONE', *, *, #3891, .T. ) ;
#7823 = CARTESIAN_POINT ( 'NONE',  ( 0.06250000000000001388, 0.3880000000000000115, -0.2125000000000001332 ) ) ;
#7824 = PLANE ( 'NONE',  #11682 ) ;
#7825 = DIRECTION ( 'NONE',  ( 0.8891264907159901476, 0.3236155771181820628, -0.3236155771181822849 ) ) ;
#7826 = DIRECTION ( 'NONE',  ( 0.000000000000000000, 0.000000000000000000, 1.000000000000000000 ) ) ;
#7827 = ORIENTED_EDGE ( 'NONE', *, *, #7999, .F. ) ;
#7828 = DIRECTION ( 'NONE',  ( -0.000000000000000000, 1.000000000000000000, -0.000000000000000000 ) ) ;
#7829 = ORIENTED_EDGE ( 'NONE', *, *, #5494, .F. ) ;
#7830 = FACE_OUTER_BOUND ( 'NONE', #1808, .T. ) ;
#7831 = CARTESIAN_POINT ( 'NONE',  ( 0.06250000000000005551, 0.03750000000000001249, 0.1874999999999999167 ) ) ;
#7832 = VERTEX_POINT ( 'NONE', #1389 ) ;
#7833 = CARTESIAN_POINT ( 'NONE',  ( 0.09499999999999998723, 0.05799999999999996825, -0.1360000000000000098 ) ) ;
#7834 = DIRECTION ( 'NONE',  ( 0.000000000000000000, 0.000000000000000000, 1.000000000000000000 ) ) ;
#7835 = EDGE_CURVE ( 'NONE', #1637, #3065, #4705, .T. ) ;
#7836 = ORIENTED_EDGE ( 'NONE', *, *, #7870, .F. ) ;
#7837 = VERTEX_POINT ( 'NONE', #8475 ) ;
#7838 = FACE_OUTER_BOUND ( 'NONE', #6826, .T. ) ;
#7839 = VERTEX_POINT ( 'NONE', #7477 ) ;
#7840 = LINE ( 'NONE', #5767, #7381 ) ;
#7841 = CARTESIAN_POINT ( 'NONE',  ( 0.06250000000000001388, 0.1419999999999999873, -0.1875000000000001110 ) ) ;
#7842 = DIRECTION ( 'NONE',  ( -0.000000000000000000, -1.000000000000000000, -0.000000000000000000 ) ) ;
#7843 = EDGE_CURVE ( 'NONE', #1728, #6148, #3643, .T. ) ;
#7844 = FACE_OUTER_BOUND ( 'NONE', #5694, .T. ) ;
#7845 = ORIENTED_EDGE ( 'NONE', *, *, #12222, .T. ) ;
#7846 = CARTESIAN_POINT ( 'NONE',  ( -0.09499999999999998723, 0.1420000000000000151, 0.2500000000000000555 ) ) ;
#7847 = CARTESIAN_POINT ( 'NONE',  ( 0.000000000000000000, 0.3880000000000000115, -0.1960977220692805001 ) ) ;
#7848 = EDGE_CURVE ( 'NONE', #4206, #4318, #8538, .T. ) ;
#7849 = EDGE_CURVE ( 'NONE', #10027, #7544, #6806, .T. ) ;
#7850 = AXIS2_PLACEMENT_3D ( 'NONE', #8878, #3647, #1876 ) ;
#7851 = PLANE ( 'NONE',  #5939 ) ;
#7852 = VERTEX_POINT ( 'NONE', #2975 ) ;
#7853 = FACE_OUTER_BOUND ( 'NONE', #7247, .T. ) ;
#7854 = ORIENTED_EDGE ( 'NONE', *, *, #5649, .T. ) ;
#7855 = EDGE_CURVE ( 'NONE', #9551, #1664, #10971, .T. ) ;
#7856 = EDGE_CURVE ( 'NONE', #8362, #4408, #7872, .T. ) ;
#7857 = CARTESIAN_POINT ( 'NONE',  ( -0.06999999999999999278, 0.1726274169979694906, 0.1379999999999997617 ) ) ;
#7858 = CARTESIAN_POINT ( 'NONE',  ( -0.06999999999999999278, 0.02737258300203046849, 0.1619999999999997553 ) ) ;
#7859 = EDGE_CURVE ( 'NONE', #7488, #2865, #5862, .T. ) ;
#7860 = CARTESIAN_POINT ( 'NONE',  ( 0.03749999999999999861, 0.2150000000000000244, -0.08750000000000010547 ) ) ;
#7861 = CARTESIAN_POINT ( 'NONE',  ( -0.03750000000000004718, 0.03750000000000001249, -0.1875000000000001110 ) ) ;
#7862 = DIRECTION ( 'NONE',  ( 0.000000000000000000, 0.000000000000000000, 1.000000000000000000 ) ) ;
#7863 = EDGE_CURVE ( 'NONE', #7236, #10585, #5746, .T. ) ;
#7864 = VECTOR ( 'NONE', #12585, 39.37007874015748143 ) ;
#7865 = LINE ( 'NONE', #11890, #382 ) ;
#7866 = MECHANICAL_DESIGN_GEOMETRIC_PRESENTATION_REPRESENTATION (  '', ( #4484 ), #1947 ) ;
#7867 = VECTOR ( 'NONE', #10667, 39.37007874015748143 ) ;
#7868 = VERTEX_POINT ( 'NONE', #13024 ) ;
#7869 = ORIENTED_EDGE ( 'NONE', *, *, #9713, .T. ) ;
#7870 = EDGE_CURVE ( 'NONE', #2290, #10777, #868, .T. ) ;
#7871 = ORIENTED_EDGE ( 'NONE', *, *, #12859, .T. ) ;
#7872 = LINE ( 'NONE', #12756, #6821 ) ;
#7873 = DIRECTION ( 'NONE',  ( 0.000000000000000000, 0.000000000000000000, 1.000000000000000000 ) ) ;
#7874 = CARTESIAN_POINT ( 'NONE',  ( -0.06999999999999999278, 0.02737258300203046849, 0.1779999999999997418 ) ) ;
#7875 = CARTESIAN_POINT ( 'NONE',  ( -0.09499999999999998723, 0.1419999999999999873, 0.1359999999999999265 ) ) ;
#7876 =( NAMED_UNIT ( * ) SI_UNIT ( $, .STERADIAN. ) SOLID_ANGLE_UNIT ( ) );
#7877 = DIRECTION ( 'NONE',  ( 0.000000000000000000, 0.000000000000000000, 1.000000000000000000 ) ) ;
#7878 =( NAMED_UNIT ( * ) SI_UNIT ( $, .STERADIAN. ) SOLID_ANGLE_UNIT ( ) );
#7879 = LINE ( 'NONE', #5873, #4194 ) ;
#7880 = ORIENTED_EDGE ( 'NONE', *, *, #5261, .F. ) ;
#7881 = VERTEX_POINT ( 'NONE', #12823 ) ;
#7882 =( GEOMETRIC_REPRESENTATION_CONTEXT ( 3 ) GLOBAL_UNCERTAINTY_ASSIGNED_CONTEXT ( ( #4307 ) ) GLOBAL_UNIT_ASSIGNED_CONTEXT ( ( #8552, #3456, #3520 ) ) REPRESENTATION_CONTEXT ( 'NONE', 'WORKASPACE' ) );
#7883 = DIRECTION ( 'NONE',  ( 0.000000000000000000, -1.000000000000000000, 0.000000000000000000 ) ) ;
#7884 = VECTOR ( 'NONE', #6648, 39.37007874015748854 ) ;
#7885 = DIRECTION ( 'NONE',  ( -1.000000000000000000, 1.138269997360106963E-16, 0.000000000000000000 ) ) ;
#7886 = FACE_OUTER_BOUND ( 'NONE', #11439, .T. ) ;
#7887 = ORIENTED_EDGE ( 'NONE', *, *, #9953, .T. ) ;
#7888 = DIRECTION ( 'NONE',  ( 0.000000000000000000, 1.000000000000000000, 0.000000000000000000 ) ) ;
#7889 = ORIENTED_EDGE ( 'NONE', *, *, #2449, .T. ) ;
#7890 = CARTESIAN_POINT ( 'NONE',  ( -0.09499999999999998723, 0.1420000000000000151, 0.2500000000000000555 ) ) ;
#7891 = CARTESIAN_POINT ( 'NONE',  ( -0.03749999999999999861, 0.2150000000000000244, -0.2125000000000001332 ) ) ;
#7892 = AXIS2_PLACEMENT_3D ( 'NONE', #11774, #6744, #7543 ) ;
#7893 = ORIENTED_EDGE ( 'NONE', *, *, #7617, .F. ) ;
#7894 = FACE_OUTER_BOUND ( 'NONE', #4004, .T. ) ;
#7895 = CARTESIAN_POINT ( 'NONE',  ( 0.03749999999999999861, 0.3880000000000000115, -0.1875000000000001110 ) ) ;
#7896 = CIRCLE ( 'NONE', #2837, 0.007999999999999998432 ) ;
#7897 = DIRECTION ( 'NONE',  ( 2.435670465107224942E-16, -1.000000000000000000, 0.000000000000000000 ) ) ;
#7898 = VECTOR ( 'NONE', #9279, 39.37007874015748143 ) ;
#7899 = VECTOR ( 'NONE', #2237, 39.37007874015748143 ) ;
#7900 = VECTOR ( 'NONE', #1185, 39.37007874015748143 ) ;
#7901 = VERTEX_POINT ( 'NONE', #3691 ) ;
#7902 = DIRECTION ( 'NONE',  ( 0.000000000000000000, 0.000000000000000000, -1.000000000000000000 ) ) ;
#7903 = LINE ( 'NONE', #3915, #2273 ) ;
#7904 =( NAMED_UNIT ( * ) SI_UNIT ( $, .STERADIAN. ) SOLID_ANGLE_UNIT ( ) );
#7905 = ORIENTED_EDGE ( 'NONE', *, *, #12877, .T. ) ;
#7906 = EDGE_CURVE ( 'NONE', #7668, #12754, #5926, .T. ) ;
#7907 = CARTESIAN_POINT ( 'NONE',  ( -0.07500000000000003886, 0.03750000000000000555, 0.1124999999999998918 ) ) ;
#7908 = STYLED_ITEM ( 'NONE', ( #12630 ), #8711 ) ;
#7909 = CARTESIAN_POINT ( 'NONE',  ( -0.09499999999999998723, 0.1420000000000000151, 0.2500000000000000555 ) ) ;
#7910 = CARTESIAN_POINT ( 'NONE',  ( 0.1449999999999999623, -0.03750000000000000555, 0.1960977220692802780 ) ) ;
#7911 = CYLINDRICAL_SURFACE ( 'NONE', #9653, 0.03750000000000008882 ) ;
#7912 = DIRECTION ( 'NONE',  ( 1.000000000000000000, -6.097874985857736561E-17, 0.000000000000000000 ) ) ;
#7913 = ORIENTED_EDGE ( 'NONE', *, *, #10986, .F. ) ;
#7914 = MECHANICAL_DESIGN_GEOMETRIC_PRESENTATION_REPRESENTATION (  '', ( #7270 ), #738 ) ;
#7915 = PRESENTATION_STYLE_ASSIGNMENT (( #11755 ) ) ;
#7916 = VECTOR ( 'NONE', #8385, 39.37007874015748854 ) ;
#7917 = EDGE_CURVE ( 'NONE', #5607, #8603, #4941, .T. ) ;
#7918 = FILL_AREA_STYLE ('',( #7106 ) ) ;
#7919 = ORIENTED_EDGE ( 'NONE', *, *, #9034, .T. ) ;
#7920 = CIRCLE ( 'NONE', #5586, 0.007999999999999989758 ) ;
#7921 = CARTESIAN_POINT ( 'NONE',  ( 0.06250000000000005551, 0.03750000000000001249, -0.1125000000000001138 ) ) ;
#7923 = VECTOR ( 'NONE', #11328, 39.37007874015748143 ) ;
#7922 =( NAMED_UNIT ( * ) PLANE_ANGLE_UNIT ( ) SI_UNIT ( $, .RADIAN. ) );
#7924 = ORIENTED_EDGE ( 'NONE', *, *, #2510, .T. ) ;
#7925 = EDGE_CURVE ( 'NONE', #9337, #10723, #12027, .T. ) ;
#7926 = DIRECTION ( 'NONE',  ( -0.000000000000000000, -1.000000000000000000, -0.000000000000000000 ) ) ;
#7927 = PLANE ( 'NONE',  #8991 ) ;
#7928 = DIRECTION ( 'NONE',  ( -1.000000000000000000, -0.000000000000000000, -0.000000000000000000 ) ) ;
#7929 = DIRECTION ( 'NONE',  ( 0.4027386142660224211, 0.000000000000000000, 0.9153150324227632417 ) ) ;
#7930 = EDGE_CURVE ( 'NONE', #2812, #11396, #2726, .T. ) ;
#7931 = PLANE ( 'NONE',  #4254 ) ;
#7932 = VERTEX_POINT ( 'NONE', #4878 ) ;
#7933 = ORIENTED_EDGE ( 'NONE', *, *, #2457, .F. ) ;
#7934 = LINE ( 'NONE', #1783, #8944 ) ;
#7935 = ORIENTED_EDGE ( 'NONE', *, *, #3413, .T. ) ;
#7936 = EDGE_CURVE ( 'NONE', #7513, #7649, #6741, .T. ) ;
#7937 = CIRCLE ( 'NONE', #8367, 0.007999999999999955064 ) ;
#7938 = DIRECTION ( 'NONE',  ( -0.000000000000000000, -1.000000000000000000, -0.000000000000000000 ) ) ;
#7939 = CARTESIAN_POINT ( 'NONE',  ( -0.07500000000000005274, 0.000000000000000000, 0.1124999999999998918 ) ) ;
#7940 = DIRECTION ( 'NONE',  ( 0.000000000000000000, 0.000000000000000000, 1.000000000000000000 ) ) ;
#7941 = CARTESIAN_POINT ( 'NONE',  ( 0.07500000000000005274, -8.110173731190781122E-17, 0.2124999999999999112 ) ) ;
#7942 = CARTESIAN_POINT ( 'NONE',  ( -0.06999999999999999278, 0.1726274169979694906, 0.1299999999999997824 ) ) ;
#7943 = CARTESIAN_POINT ( 'NONE',  ( -0.03749999999999999861, 0.2150000000000000244, 0.01249999999999990008 ) ) ;
#7944 = EDGE_CURVE ( 'NONE', #5183, #9236, #9145, .T. ) ;
#7945 = DIRECTION ( 'NONE',  ( 1.000000000000000000, 0.000000000000000000, 0.000000000000000000 ) ) ;
#7946 = LINE ( 'NONE', #8871, #2101 ) ;
#7947 = CIRCLE ( 'NONE', #3281, 0.007999999999999989758 ) ;
#7948 = ORIENTED_EDGE ( 'NONE', *, *, #4547, .T. ) ;
#7949 = ORIENTED_EDGE ( 'NONE', *, *, #6645, .F. ) ;
#7950 = DIRECTION ( 'NONE',  ( 0.000000000000000000, 0.000000000000000000, 1.000000000000000000 ) ) ;
#7951 = CIRCLE ( 'NONE', #2267, 0.01250000000000008049 ) ;
#7952 = DIRECTION ( 'NONE',  ( 0.000000000000000000, 0.000000000000000000, 1.000000000000000000 ) ) ;
#7953 = PLANE ( 'NONE',  #6962 ) ;
#7954 = EDGE_LOOP ( 'NONE', ( #5479, #771, #10076, #4753 ) ) ;
#7955 = CARTESIAN_POINT ( 'NONE',  ( -0.06249999999999981959, 0.05799999999999996825, 0.1874999999999999167 ) ) ;
#7956 = ORIENTED_EDGE ( 'NONE', *, *, #10282, .F. ) ;
#7957 = FILL_AREA_STYLE_COLOUR ( '', #3265 ) ;
#7958 = LINE ( 'NONE', #6896, #10611 ) ;
#7959 = AXIS2_PLACEMENT_3D ( 'NONE', #3225, #2111, #313 ) ;
#7960 = ORIENTED_EDGE ( 'NONE', *, *, #2672, .T. ) ;
#7961 = CARTESIAN_POINT ( 'NONE',  ( -0.09499999999999998723, 0.05799999999999996825, -0.1360000000000000098 ) ) ;
#7962 = MECHANICAL_DESIGN_GEOMETRIC_PRESENTATION_REPRESENTATION (  '', ( #11115 ), #9865 ) ;
#7963 = AXIS2_PLACEMENT_3D ( 'NONE', #5101, #2224, #2151 ) ;
#7964 = APPLICATION_CONTEXT ( 'automotive_design' ) ;
#7965 = ORIENTED_EDGE ( 'NONE', *, *, #8343, .F. ) ;
#7966 = PLANE ( 'NONE',  #698 ) ;
#7967 = FACE_OUTER_BOUND ( 'NONE', #948, .T. ) ;
#7968 = CARTESIAN_POINT ( 'NONE',  ( -0.1449999999999999623, -4.268512490100412049E-18, 0.003902277930719528359 ) ) ;
#7969 = ORIENTED_EDGE ( 'NONE', *, *, #2438, .F. ) ;
#7970 = VECTOR ( 'NONE', #8589, 39.37007874015748854 ) ;
#7971 =( NAMED_UNIT ( * ) SI_UNIT ( $, .STERADIAN. ) SOLID_ANGLE_UNIT ( ) );
#7972 = DIRECTION ( 'NONE',  ( 0.000000000000000000, 0.000000000000000000, 1.000000000000000000 ) ) ;
#7973 = DIRECTION ( 'NONE',  ( 0.000000000000000000, 0.000000000000000000, -1.000000000000000000 ) ) ;
#7974 = CARTESIAN_POINT ( 'NONE',  ( -0.07000000000000017319, 0.1419999999999999873, -0.05299999999999997075 ) ) ;
#7975 = CARTESIAN_POINT ( 'NONE',  ( -0.06999999999999999278, 0.04999999999999998196, 0.1699999999999997624 ) ) ;
#7976 = ORIENTED_EDGE ( 'NONE', *, *, #4204, .F. ) ;
#7977 = VECTOR ( 'NONE', #9307, 39.37007874015748854 ) ;
#7978 = EDGE_CURVE ( 'NONE', #2910, #1492, #1716, .T. ) ;
#7979 = ORIENTED_EDGE ( 'NONE', *, *, #485, .F. ) ;
#7980 = CARTESIAN_POINT ( 'NONE',  ( 0.09499999999999998723, 0.1419999999999999873, 0.1359999999999999265 ) ) ;
#7981 = VECTOR ( 'NONE', #541, 39.37007874015748143 ) ;
#7982 = DIRECTION ( 'NONE',  ( 0.000000000000000000, 0.000000000000000000, 1.000000000000000000 ) ) ;
#7983 = ORIENTED_EDGE ( 'NONE', *, *, #12776, .T. ) ;
#7984 = VECTOR ( 'NONE', #11097, 39.37007874015748143 ) ;
#7985 = CARTESIAN_POINT ( 'NONE',  ( -0.06999999999999999278, 0.1419999999999999873, -0.1620000000000002549 ) ) ;
#7986 = DIRECTION ( 'NONE',  ( 0.000000000000000000, 0.000000000000000000, 1.000000000000000000 ) ) ;
#7987 = CARTESIAN_POINT ( 'NONE',  ( 0.03749999999999999861, 0.2150000000000000244, 0.01249999999999990008 ) ) ;
#7988 = ORIENTED_EDGE ( 'NONE', *, *, #12116, .F. ) ;
#7989 = CARTESIAN_POINT ( 'NONE',  ( -0.03750000000000004718, 0.03750000000000001249, 0.1124999999999998918 ) ) ;
#7990 = VECTOR ( 'NONE', #9574, 39.37007874015748143 ) ;
#7991 = EDGE_CURVE ( 'NONE', #9036, #2813, #4757, .T. ) ;
#7992 = VECTOR ( 'NONE', #9269, 39.37007874015748143 ) ;
#7993 = CARTESIAN_POINT ( 'NONE',  ( 0.03749999999999999861, 0.05799999999999996825, -0.1875000000000001110 ) ) ;
#7994 = ORIENTED_EDGE ( 'NONE', *, *, #1125, .T. ) ;
#7995 = ORIENTED_EDGE ( 'NONE', *, *, #8343, .T. ) ;
#7996 = DIRECTION ( 'NONE',  ( -1.000000000000000000, 0.000000000000000000, 0.000000000000000000 ) ) ;
#7997 = ORIENTED_EDGE ( 'NONE', *, *, #2923, .T. ) ;
#7998 = DIRECTION ( 'NONE',  ( 0.000000000000000000, 0.000000000000000000, 1.000000000000000000 ) ) ;
#7999 = EDGE_CURVE ( 'NONE', #3640, #1071, #11025, .T. ) ;
#8000 = DIRECTION ( 'NONE',  ( 0.000000000000000000, 0.000000000000000000, 1.000000000000000000 ) ) ;
#8001 = DIRECTION ( 'NONE',  ( 0.000000000000000000, 0.000000000000000000, 1.000000000000000000 ) ) ;
#8002 = PLANE ( 'NONE',  #4176 ) ;
#8003 = MECHANICAL_DESIGN_GEOMETRIC_PRESENTATION_REPRESENTATION (  '', ( #10752 ), #5453 ) ;
#8004 = UNCERTAINTY_MEASURE_WITH_UNIT (LENGTH_MEASURE( 1.000000000000000082E-05 ), #9112, 'distance_accuracy_value', 'NONE');
#8005 = EDGE_CURVE ( 'NONE', #10463, #8116, #8990, .T. ) ;
#8006 = VECTOR ( 'NONE', #4614, 39.37007874015748143 ) ;
#8007 = CARTESIAN_POINT ( 'NONE',  ( -0.09499999999999998723, 0.05799999999999997519, 0.2500000000000000555 ) ) ;
#8008 = CARTESIAN_POINT ( 'NONE',  ( 0.1449999999999999623, 0.01640227793071964008, 0.2039022779307195499 ) ) ;
#8009 = VECTOR ( 'NONE', #10621, 39.37007874015748854 ) ;
#8010 = DIRECTION ( 'NONE',  ( -0.000000000000000000, 1.000000000000000000, -0.000000000000000000 ) ) ;
#8011 = EDGE_CURVE ( 'NONE', #1727, #6194, #1919, .T. ) ;
#8012 = EDGE_CURVE ( 'NONE', #2280, #6058, #6385, .T. ) ;
#8013 = CARTESIAN_POINT ( 'NONE',  ( 0.03749999999999999861, 0.3643779527559052878, -0.2125000000000001332 ) ) ;
#8014 = ADVANCED_FACE ( 'NONE', ( #4821 ), #4684, .F. ) ;
#8015 = ORIENTED_EDGE ( 'NONE', *, *, #4679, .T. ) ;
#8016 = ORIENTED_EDGE ( 'NONE', *, *, #7044, .T. ) ;
#8017 = CARTESIAN_POINT ( 'NONE',  ( -0.06249999999999981959, 0.1419999999999999873, -0.2125000000000001332 ) ) ;
#8018 = STYLED_ITEM ( 'NONE', ( #5040 ), #7350 ) ;
#8019 = EDGE_CURVE ( 'NONE', #3042, #2274, #5071, .T. ) ;
#8020 = LINE ( 'NONE', #11914, #11554 ) ;
#8021 = DIRECTION ( 'NONE',  ( 0.000000000000000000, 0.000000000000000000, 1.000000000000000000 ) ) ;
#8022 = CARTESIAN_POINT ( 'NONE',  ( 0.06250000000000001388, 0.2150000000000000244, -0.08750000000000010547 ) ) ;
#8023 = LINE ( 'NONE', #4839, #3244 ) ;
#8024 = EDGE_LOOP ( 'NONE', ( #7596, #8412, #12632, #10167 ) ) ;
#8025 = DIRECTION ( 'NONE',  ( -0.000000000000000000, 0.000000000000000000, 1.000000000000000000 ) ) ;
#8026 =( NAMED_UNIT ( * ) SI_UNIT ( $, .STERADIAN. ) SOLID_ANGLE_UNIT ( ) );
#8027 = EDGE_CURVE ( 'NONE', #7932, #9893, #10253, .T. ) ;
#8028 = UNCERTAINTY_MEASURE_WITH_UNIT (LENGTH_MEASURE( 1.000000000000000082E-05 ), #5402, 'distance_accuracy_value', 'NONE');
#8029 = ORIENTED_EDGE ( 'NONE', *, *, #9367, .T. ) ;
#8030 = CARTESIAN_POINT ( 'NONE',  ( 0.07000000000000017319, 0.05799999999999997519, 0.000000000000000000 ) ) ;
#8031 = STYLED_ITEM ( 'NONE', ( #12908 ), #7610 ) ;
#8032 = ADVANCED_FACE ( 'NONE', ( #11292 ), #2127, .T. ) ;
#8033 = CARTESIAN_POINT ( 'NONE',  ( 0.05390227793071963869, 0.3880000000000000115, 0.2039022779307195499 ) ) ;
#8034 = ORIENTED_EDGE ( 'NONE', *, *, #4036, .F. ) ;
#8035 = FILL_AREA_STYLE ('',( #11806 ) ) ;
#8036 = DIRECTION ( 'NONE',  ( 0.000000000000000000, 1.000000000000000000, 0.000000000000000000 ) ) ;
#8037 = DIRECTION ( 'NONE',  ( 0.000000000000000000, -0.000000000000000000, 1.000000000000000000 ) ) ;
#8038 = EDGE_LOOP ( 'NONE', ( #5418, #5954 ) ) ;
#8039 = DIRECTION ( 'NONE',  ( 0.3420201433256649937, -0.9396926207859097602, 0.000000000000000000 ) ) ;
#8040 = CARTESIAN_POINT ( 'NONE',  ( -0.1605095817734711605, 0.01075725181925857310, -0.09825725181925867857 ) ) ;
#8041 = DIRECTION ( 'NONE',  ( -0.000000000000000000, -0.000000000000000000, -1.000000000000000000 ) ) ;
#8042 = LINE ( 'NONE', #11937, #10662 ) ;
#8043 = ORIENTED_EDGE ( 'NONE', *, *, #959, .F. ) ;
#8044 = DIRECTION ( 'NONE',  ( -1.000000000000000000, 0.000000000000000000, -0.000000000000000000 ) ) ;
#8045 = SURFACE_STYLE_FILL_AREA ( #7918 ) ;
#8046 = VERTEX_POINT ( 'NONE', #6198 ) ;
#8047 = DIRECTION ( 'NONE',  ( -1.000000000000000000, 0.000000000000000000, 0.000000000000000000 ) ) ;
#8048 = DIRECTION ( 'NONE',  ( -3.045457963692998845E-16, 1.000000000000000000, 0.000000000000000000 ) ) ;
#8049 = ORIENTED_EDGE ( 'NONE', *, *, #579, .T. ) ;
#8050 = PLANE ( 'NONE',  #4800 ) ;
#8051 = CARTESIAN_POINT ( 'NONE',  ( 0.06250000000000001388, 0.3880000000000000115, -0.01250000000000010651 ) ) ;
#8052 = CARTESIAN_POINT ( 'NONE',  ( -0.03749999999999999861, 0.05799999999999996825, 0.01249999999999990008 ) ) ;
#8053 = ORIENTED_EDGE ( 'NONE', *, *, #3169, .F. ) ;
#8054 = DIRECTION ( 'NONE',  ( 6.829619984160656074E-16, 0.000000000000000000, 1.000000000000000000 ) ) ;
#8055 = CARTESIAN_POINT ( 'NONE',  ( -0.07500000000000005274, -8.110173731190781122E-17, 0.1124999999999998918 ) ) ;
#8056 = VERTEX_POINT ( 'NONE', #8198 ) ;
#8057 = ORIENTED_EDGE ( 'NONE', *, *, #9718, .F. ) ;
#8058 = CARTESIAN_POINT ( 'NONE',  ( -0.06249999999999980571, 0.05799999999999996825, 0.1124999999999998779 ) ) ;
#8059 = FACE_OUTER_BOUND ( 'NONE', #11880, .T. ) ;
#8060 = ORIENTED_EDGE ( 'NONE', *, *, #12222, .F. ) ;
#8061 = DIRECTION ( 'NONE',  ( 1.000000000000000000, 0.000000000000000000, 0.000000000000000000 ) ) ;
#8062 = EDGE_CURVE ( 'NONE', #4349, #7868, #4900, .T. ) ;
#8063 = CARTESIAN_POINT ( 'NONE',  ( 0.1213779527559052523, 2.925482699725639421E-18, -0.1125000000000001138 ) ) ;
#8064 = DIRECTION ( 'NONE',  ( 1.000000000000000000, -0.000000000000000000, -0.000000000000000000 ) ) ;
#8065 = SURFACE_STYLE_FILL_AREA ( #1117 ) ;
#8066 = LENGTH_MEASURE_WITH_UNIT ( LENGTH_MEASURE( 0.02539999999999999897 ), #12966 );
#8067 = MECHANICAL_DESIGN_GEOMETRIC_PRESENTATION_REPRESENTATION (  '', ( #9334 ), #7651 ) ;
#8068 = SURFACE_STYLE_FILL_AREA ( #2922 ) ;
#8069 = CARTESIAN_POINT ( 'NONE',  ( -0.03750000000000004718, 0.03750000000000001249, -0.2125000000000001332 ) ) ;
#8070 = ORIENTED_EDGE ( 'NONE', *, *, #4120, .T. ) ;
#8071 = ORIENTED_EDGE ( 'NONE', *, *, #1527, .T. ) ;
#8072 = CARTESIAN_POINT ( 'NONE',  ( -0.07500000000000005274, 0.02499999999999992506, -0.1875000000000001110 ) ) ;
#8074 = EDGE_CURVE ( 'NONE', #10731, #1722, #2191, .T. ) ;
#8073 = ORIENTED_EDGE ( 'NONE', *, *, #101, .F. ) ;
#8075 = DIRECTION ( 'NONE',  ( 0.000000000000000000, -0.000000000000000000, 1.000000000000000000 ) ) ;
#8076 = CARTESIAN_POINT ( 'NONE',  ( -0.06999999999999999278, 0.1419999999999999873, 0.1299999999999997824 ) ) ;
#8077 = LINE ( 'NONE', #6082, #4212 ) ;
#8078 = EDGE_CURVE ( 'NONE', #9193, #3014, #4077, .T. ) ;
#8079 = FACE_OUTER_BOUND ( 'NONE', #855, .T. ) ;
#8080 = VECTOR ( 'NONE', #2982, 39.37007874015748143 ) ;
#8081 = ORIENTED_EDGE ( 'NONE', *, *, #8700, .F. ) ;
#8082 = DIRECTION ( 'NONE',  ( 0.000000000000000000, 0.000000000000000000, -1.000000000000000000 ) ) ;
#8083 = VERTEX_POINT ( 'NONE', #2263 ) ;
#8084 = CARTESIAN_POINT ( 'NONE',  ( -0.06249999999999980571, 0.1419999999999999873, 0.1124999999999998779 ) ) ;
#8085 = CARTESIAN_POINT ( 'NONE',  ( 0.000000000000000000, 0.3880000000000000115, 0.2039022779307195499 ) ) ;
#8086 = DIRECTION ( 'NONE',  ( 0.000000000000000000, 0.000000000000000000, 1.000000000000000000 ) ) ;
#8087 = VECTOR ( 'NONE', #3176, 39.37007874015748143 ) ;
#8088 = ADVANCED_FACE ( 'NONE', ( #6266 ), #7130, .T. ) ;
#8089 = VERTEX_POINT ( 'NONE', #3306 ) ;
#8090 = EDGE_LOOP ( 'NONE', ( #3589, #1049, #12053, #9277 ) ) ;
#8091 = CARTESIAN_POINT ( 'NONE',  ( -0.09499999999999998723, 0.05799999999999997519, 0.2500000000000000555 ) ) ;
#8092 = EDGE_CURVE ( 'NONE', #6487, #300, #10320, .T. ) ;
#8093 =( NAMED_UNIT ( * ) PLANE_ANGLE_UNIT ( ) SI_UNIT ( $, .RADIAN. ) );
#8094 = FACE_OUTER_BOUND ( 'NONE', #6802, .T. ) ;
#8095 = CARTESIAN_POINT ( 'NONE',  ( -0.06999999999999999278, 0.1499999999999999944, 0.1379999999999997617 ) ) ;
#8096 = VECTOR ( 'NONE', #11023, 39.37007874015748143 ) ;
#8097 = AXIS2_PLACEMENT_3D ( 'NONE', #2362, #5574, #6434 ) ;
#8098 = CARTESIAN_POINT ( 'NONE',  ( 0.07000000000000000666, 0.1499999999999999944, -0.02200000000000028669 ) ) ;
#8099 = ORIENTED_EDGE ( 'NONE', *, *, #2669, .T. ) ;
#8100 = DIRECTION ( 'NONE',  ( -0.000000000000000000, 1.000000000000000000, -0.000000000000000000 ) ) ;
#8101 = AXIS2_PLACEMENT_3D ( 'NONE', #12061, #3986, #110 ) ;
#8102 = FACE_BOUND ( 'NONE', #7779, .T. ) ;
#8103 = EDGE_CURVE ( 'NONE', #2417, #4457, #1257, .T. ) ;
#8104 = AXIS2_PLACEMENT_3D ( 'NONE', #2340, #12248, #8218 ) ;
#8105 = PRESENTATION_LAYER_ASSIGNMENT (  '', '', ( #3465 ) ) ;
#8106 = AXIS2_PLACEMENT_3D ( 'NONE', #6185, #7116, #5128 ) ;
#8107 = ORIENTED_EDGE ( 'NONE', *, *, #11716, .T. ) ;
#8108 = LINE ( 'NONE', #1034, #12387 ) ;
#8109 = LINE ( 'NONE', #9039, #8639 ) ;
#8110 = ORIENTED_EDGE ( 'NONE', *, *, #1714, .F. ) ;
#8111 = LINE ( 'NONE', #6116, #12194 ) ;
#8112 = DIRECTION ( 'NONE',  ( 1.000000000000000000, 0.000000000000000000, 0.000000000000000000 ) ) ;
#8113 = STYLED_ITEM ( 'NONE', ( #9360 ), #5902 ) ;
#8114 = DIMENSIONAL_EXPONENTS ( 1.000000000000000000, 0.000000000000000000, 0.000000000000000000, 0.000000000000000000, 0.000000000000000000, 0.000000000000000000, 0.000000000000000000 ) ;
#8115 = DIRECTION ( 'NONE',  ( 0.8891264907159901476, -0.3236155771181821184, -0.3236155771181821739 ) ) ;
#8116 = VERTEX_POINT ( 'NONE', #9185 ) ;
#8117 = CARTESIAN_POINT ( 'NONE',  ( -0.05988182395616164361, 0.3715713323165082960, 0.1901181760438382662 ) ) ;
#8118 = AXIS2_PLACEMENT_3D ( 'NONE', #12065, #48, #2028 ) ;
#8119 = VECTOR ( 'NONE', #6162, 39.37007874015748143 ) ;
#8120 = ORIENTED_EDGE ( 'NONE', *, *, #7944, .F. ) ;
#8121 = EDGE_LOOP ( 'NONE', ( #10034, #3370, #8797, #5488 ) ) ;
#8122 = LINE ( 'NONE', #922, #8096 ) ;
#8123 = DIRECTION ( 'NONE',  ( 0.000000000000000000, 0.000000000000000000, 1.000000000000000000 ) ) ;
#8124 = ORIENTED_EDGE ( 'NONE', *, *, #3885, .T. ) ;
#8125 = VECTOR ( 'NONE', #3909, 39.37007874015748143 ) ;
#8126 = DIRECTION ( 'NONE',  ( 0.000000000000000000, 0.000000000000000000, 1.000000000000000000 ) ) ;
#8127 = CARTESIAN_POINT ( 'NONE',  ( -0.06250000000000001388, 0.2150000000000000244, -0.01250000000000010651 ) ) ;
#8128 =( LENGTH_UNIT ( ) NAMED_UNIT ( * ) SI_UNIT ( $, .METRE. ) );
#8129 = SURFACE_SIDE_STYLE ('',( #8270 ) ) ;
#8130 = CARTESIAN_POINT ( 'NONE',  ( 0.1449999999999999623, 0.008597722069280349169, -0.2039022779307197442 ) ) ;
#8131 = FACE_OUTER_BOUND ( 'NONE', #9131, .T. ) ;
#8132 =( NAMED_UNIT ( * ) PLANE_ANGLE_UNIT ( ) SI_UNIT ( $, .RADIAN. ) );
#8133 = PLANE ( 'NONE',  #1031 ) ;
#8134 = EDGE_CURVE ( 'NONE', #12691, #3065, #7198, .T. ) ;
#8135 = ORIENTED_EDGE ( 'NONE', *, *, #8902, .T. ) ;
#8136 = ORIENTED_EDGE ( 'NONE', *, *, #8183, .T. ) ;
#8137 = LINE ( 'NONE', #12174, #605 ) ;
#8138 = ORIENTED_EDGE ( 'NONE', *, *, #8982, .F. ) ;
#8139 = LINE ( 'NONE', #4486, #6694 ) ;
#8140 = DIRECTION ( 'NONE',  ( -0.3236155771181825069, 0.8891264907159898145, -0.3236155771181825069 ) ) ;
#8141 = LINE ( 'NONE', #9198, #9540 ) ;
#8142 = PLANE ( 'NONE',  #11287 ) ;
#8143 = VERTEX_POINT ( 'NONE', #4283 ) ;
#8144 = PLANE ( 'NONE',  #4396 ) ;
#8145 = UNCERTAINTY_MEASURE_WITH_UNIT (LENGTH_MEASURE( 1.000000000000000082E-05 ), #437, 'distance_accuracy_value', 'NONE');
#8146 = ORIENTED_EDGE ( 'NONE', *, *, #12228, .F. ) ;
#8147 = DIRECTION ( 'NONE',  ( -1.000000000000000000, 0.000000000000000000, 0.000000000000000000 ) ) ;
#8148 = DIRECTION ( 'NONE',  ( 0.4027386142660223656, 0.000000000000000000, 0.9153150324227632417 ) ) ;
#8149 = VECTOR ( 'NONE', #9108, 39.37007874015748143 ) ;
#8150 = VECTOR ( 'NONE', #8775, 39.37007874015748143 ) ;
#8151 = PLANE ( 'NONE',  #3533 ) ;
#8152 = EDGE_CURVE ( 'NONE', #11387, #3898, #8334, .T. ) ;
#8153 = SURFACE_SIDE_STYLE ('',( #6287 ) ) ;
#8154 = ADVANCED_FACE ( 'NONE', ( #69 ), #11362, .F. ) ;
#8155 = AXIS2_PLACEMENT_3D ( 'NONE', #3044, #7064, #11095 ) ;
#8156 = VERTEX_POINT ( 'NONE', #988 ) ;
#8157 = PLANE ( 'NONE',  #12729 ) ;
#8158 = VECTOR ( 'NONE', #7447, 39.37007874015748143 ) ;
#8159 =( CONVERSION_BASED_UNIT ( 'INCH', #4384 ) LENGTH_UNIT ( ) NAMED_UNIT ( #7501 ) );
#8160 = ORIENTED_EDGE ( 'NONE', *, *, #9777, .F. ) ;
#8161 = DIRECTION ( 'NONE',  ( 0.000000000000000000, -0.000000000000000000, 1.000000000000000000 ) ) ;
#8162 = DIRECTION ( 'NONE',  ( -1.000000000000000000, 0.000000000000000000, 0.000000000000000000 ) ) ;
#8163 = ORIENTED_EDGE ( 'NONE', *, *, #9400, .F. ) ;
#8164 = DIRECTION ( 'NONE',  ( -1.000000000000000000, 3.414809992080306836E-16, 0.000000000000000000 ) ) ;
#8165 = ADVANCED_FACE ( 'NONE', ( #2057 ), #9056, .T. ) ;
#8166 = AXIS2_PLACEMENT_3D ( 'NONE', #3868, #9167, #8178 ) ;
#8167 = CARTESIAN_POINT ( 'NONE',  ( -0.06250000000000001388, 0.3643779527559052878, -0.2125000000000001332 ) ) ;
#8168 = VERTEX_POINT ( 'NONE', #12087 ) ;
#8169 = SURFACE_STYLE_FILL_AREA ( #4048 ) ;
#8170 = LINE ( 'NONE', #9099, #1353 ) ;
#8171 =( GEOMETRIC_REPRESENTATION_CONTEXT ( 3 ) GLOBAL_UNCERTAINTY_ASSIGNED_CONTEXT ( ( #9247 ) ) GLOBAL_UNIT_ASSIGNED_CONTEXT ( ( #5117, #9163, #1234 ) ) REPRESENTATION_CONTEXT ( 'NONE', 'WORKASPACE' ) );
#8172 = ADVANCED_FACE ( 'NONE', ( #6064 ), #10122, .T. ) ;
#8173 = CARTESIAN_POINT ( 'NONE',  ( 0.03749999999999999861, 0.1419999999999999873, 0.1874999999999999167 ) ) ;
#8174 = EDGE_CURVE ( 'NONE', #12570, #11700, #3236, .T. ) ;
#8175 = VECTOR ( 'NONE', #893, 39.37007874015748143 ) ;
#8176 = CARTESIAN_POINT ( 'NONE',  ( 0.1449999999999999623, -0.03750000000000000555, 0.2999999999999999889 ) ) ;
#8177 = ORIENTED_EDGE ( 'NONE', *, *, #1635, .T. ) ;
#8178 = DIRECTION ( 'NONE',  ( 0.000000000000000000, 0.000000000000000000, 1.000000000000000000 ) ) ;
#8179 = DIRECTION ( 'NONE',  ( 1.000000000000000000, 0.000000000000000000, 0.000000000000000000 ) ) ;
#8180 = ORIENTED_EDGE ( 'NONE', *, *, #6627, .F. ) ;
#8181 = AXIS2_PLACEMENT_3D ( 'NONE', #3959, #5078, #7945 ) ;
#8182 = LINE ( 'NONE', #13008, #1633 ) ;
#8183 = EDGE_CURVE ( 'NONE', #1715, #1497, #6391, .T. ) ;
#8184 = CARTESIAN_POINT ( 'NONE',  ( 0.03749999999999999861, 0.3643779527559052878, -0.01250000000000010651 ) ) ;
#8185 = FACE_BOUND ( 'NONE', #11510, .T. ) ;
#8186 = ORIENTED_EDGE ( 'NONE', *, *, #2830, .F. ) ;
#8187 = LINE ( 'NONE', #3099, #1351 ) ;
#8188 = ADVANCED_FACE ( 'NONE', ( #8693 ), #11751, .T. ) ;
#8189 = AXIS2_PLACEMENT_3D ( 'NONE', #12974, #3832, #7885 ) ;
#8190 = SURFACE_STYLE_USAGE ( .BOTH. , #7055 ) ;
#8191 = VECTOR ( 'NONE', #4711, 39.37007874015748143 ) ;
#8192 = AXIS2_PLACEMENT_3D ( 'NONE', #3392, #4372, #9475 ) ;
#8193 = ORIENTED_EDGE ( 'NONE', *, *, #6601, .F. ) ;
#8194 = ORIENTED_EDGE ( 'NONE', *, *, #10362, .F. ) ;
#8195 = CARTESIAN_POINT ( 'NONE',  ( 0.07500000000000003886, 0.03750000000000000555, 0.01249999999999990008 ) ) ;
#8196 = CARTESIAN_POINT ( 'NONE',  ( -0.07500000000000003886, 0.03750000000000000555, 0.1874999999999999167 ) ) ;
#8197 = EDGE_LOOP ( 'NONE', ( #10021, #7011, #10206, #5325 ) ) ;
#8198 = CARTESIAN_POINT ( 'NONE',  ( 0.1449999999999999623, 0.01640227793071964008, -0.1039022779307197386 ) ) ;
#8199 = MECHANICAL_DESIGN_GEOMETRIC_PRESENTATION_REPRESENTATION (  '', ( #813 ), #1432 ) ;
#8200 = DIRECTION ( 'NONE',  ( 0.000000000000000000, 1.000000000000000000, 0.000000000000000000 ) ) ;
#8201 = FACE_OUTER_BOUND ( 'NONE', #79, .T. ) ;
#8202 = SURFACE_STYLE_USAGE ( .BOTH. , #8129 ) ;
#8203 = AXIS2_PLACEMENT_3D ( 'NONE', #4490, #7530, #10512 ) ;
#8204 = DIRECTION ( 'NONE',  ( 0.000000000000000000, 0.000000000000000000, -1.000000000000000000 ) ) ;
#8205 = AXIS2_PLACEMENT_3D ( 'NONE', #11301, #2272, #147 ) ;
#8206 = DIRECTION ( 'NONE',  ( 0.4027386142660224211, 0.000000000000000000, -0.9153150324227632417 ) ) ;
#8207 = DIMENSIONAL_EXPONENTS ( 1.000000000000000000, 0.000000000000000000, 0.000000000000000000, 0.000000000000000000, 0.000000000000000000, 0.000000000000000000, 0.000000000000000000 ) ;
#8208 = FACE_OUTER_BOUND ( 'NONE', #10244, .T. ) ;
#8209 = DIRECTION ( 'NONE',  ( -0.000000000000000000, 1.000000000000000000, -0.000000000000000000 ) ) ;
#8210 =( GEOMETRIC_REPRESENTATION_CONTEXT ( 3 ) GLOBAL_UNCERTAINTY_ASSIGNED_CONTEXT ( ( #8004 ) ) GLOBAL_UNIT_ASSIGNED_CONTEXT ( ( #9112, #6984, #1983 ) ) REPRESENTATION_CONTEXT ( 'NONE', 'WORKASPACE' ) );
#8211 = ORIENTED_EDGE ( 'NONE', *, *, #1560, .T. ) ;
#8212 = ORIENTED_EDGE ( 'NONE', *, *, #11974, .F. ) ;
#8213 = LINE ( 'NONE', #3119, #9692 ) ;
#8214 = ORIENTED_EDGE ( 'NONE', *, *, #2785, .T. ) ;
#8215 = DIRECTION ( 'NONE',  ( -0.000000000000000000, 1.000000000000000000, -0.000000000000000000 ) ) ;
#8216 = LINE ( 'NONE', #1130, #4965 ) ;
#8217 = VECTOR ( 'NONE', #12743, 39.37007874015748143 ) ;
#8218 = DIRECTION ( 'NONE',  ( 0.000000000000000000, 0.000000000000000000, 1.000000000000000000 ) ) ;
#8219 = VERTEX_POINT ( 'NONE', #5336 ) ;
#8220 = CARTESIAN_POINT ( 'NONE',  ( 0.07500000000000002498, 0.000000000000000000, 0.08749999999999988343 ) ) ;
#8221 = VECTOR ( 'NONE', #12969, 39.37007874015748143 ) ;
#8222 = ORIENTED_EDGE ( 'NONE', *, *, #2037, .F. ) ;
#8223 = PLANE ( 'NONE',  #6071 ) ;
#8224 = SURFACE_STYLE_USAGE ( .BOTH. , #2013 ) ;
#8225 = DIRECTION ( 'NONE',  ( -1.000000000000000000, 0.000000000000000000, 0.000000000000000000 ) ) ;
#8226 = FILL_AREA_STYLE ('',( #12119 ) ) ;
#8227 =( GEOMETRIC_REPRESENTATION_CONTEXT ( 3 ) GLOBAL_UNCERTAINTY_ASSIGNED_CONTEXT ( ( #7219 ) ) GLOBAL_UNIT_ASSIGNED_CONTEXT ( ( #1272, #10341, #2223 ) ) REPRESENTATION_CONTEXT ( 'NONE', 'WORKASPACE' ) );
#8228 =( GEOMETRIC_REPRESENTATION_CONTEXT ( 3 ) GLOBAL_UNCERTAINTY_ASSIGNED_CONTEXT ( ( #10009 ) ) GLOBAL_UNIT_ASSIGNED_CONTEXT ( ( #7577, #4532, #3729 ) ) REPRESENTATION_CONTEXT ( 'NONE', 'WORKASPACE' ) );
#8229 = ORIENTED_EDGE ( 'NONE', *, *, #5014, .T. ) ;
#8230 = CARTESIAN_POINT ( 'NONE',  ( 0.03749999999999999861, 0.1419999999999999873, -0.01250000000000010651 ) ) ;
#8231 = LINE ( 'NONE', #7230, #9233 ) ;
#8232 = PLANE ( 'NONE',  #5268 ) ;
#8233 = ORIENTED_EDGE ( 'NONE', *, *, #9544, .F. ) ;
#8234 = LINE ( 'NONE', #12264, #7923 ) ;
#8235 = ORIENTED_EDGE ( 'NONE', *, *, #2491, .F. ) ;
#8236 = CARTESIAN_POINT ( 'NONE',  ( 0.09499999999999998723, 0.1419999999999999873, 0.03599999999999993483 ) ) ;
#8237 = ADVANCED_FACE ( 'NONE', ( #4659 ), #7719, .F. ) ;
#8238 = PRESENTATION_LAYER_ASSIGNMENT (  '', '', ( #8031 ) ) ;
#8239 = CARTESIAN_POINT ( 'NONE',  ( 0.07000000000000000666, 0.1419999999999999873, -0.03000000000000025910 ) ) ;
#8240 = VERTEX_POINT ( 'NONE', #643 ) ;
#8241 = CARTESIAN_POINT ( 'NONE',  ( 0.03749999999999999861, 0.3643779527559052878, -0.08750000000000010547 ) ) ;
#8242 = FACE_BOUND ( 'NONE', #6860, .T. ) ;
#8243 = DIRECTION ( 'NONE',  ( -0.000000000000000000, -0.000000000000000000, -1.000000000000000000 ) ) ;
#8244 = FILL_AREA_STYLE_COLOUR ( '', #2591 ) ;
#8245 = ORIENTED_EDGE ( 'NONE', *, *, #975, .F. ) ;
#8246 = FILL_AREA_STYLE ('',( #6438 ) ) ;
#8247 = DIRECTION ( 'NONE',  ( 0.000000000000000000, 0.000000000000000000, -1.000000000000000000 ) ) ;
#8248 = VERTEX_POINT ( 'NONE', #7841 ) ;
#8249 = EDGE_CURVE ( 'NONE', #20, #9347, #10216, .T. ) ;
#8250 = DIRECTION ( 'NONE',  ( -0.9153150324227631307, 0.000000000000000000, 0.4027386142660223101 ) ) ;
#8251 = FACE_OUTER_BOUND ( 'NONE', #7507, .T. ) ;
#8252 = EDGE_CURVE ( 'NONE', #4053, #10588, #2632, .T. ) ;
#8253 = DIRECTION ( 'NONE',  ( 0.000000000000000000, 0.000000000000000000, 1.000000000000000000 ) ) ;
#8254 = ORIENTED_EDGE ( 'NONE', *, *, #1936, .T. ) ;
#8255 = LINE ( 'NONE', #1174, #7274 ) ;
#8256 = EDGE_CURVE ( 'NONE', #10731, #12498, #3606, .T. ) ;
#8257 = DIRECTION ( 'NONE',  ( -3.045457963692998352E-16, -1.000000000000000000, 0.000000000000000000 ) ) ;
#8258 = EDGE_CURVE ( 'NONE', #10724, #4483, #12870, .T. ) ;
#8259 = EDGE_CURVE ( 'NONE', #1650, #6584, #10686, .T. ) ;
#8260 = FILL_AREA_STYLE_COLOUR ( '', #10189 ) ;
#8261 = ORIENTED_EDGE ( 'NONE', *, *, #3322, .T. ) ;
#8262 = ORIENTED_EDGE ( 'NONE', *, *, #6123, .F. ) ;
#8263 = CARTESIAN_POINT ( 'NONE',  ( 0.1605095817734711605, 0.01075725181925857310, 0.1017427481807413187 ) ) ;
#8264 = ADVANCED_FACE ( 'NONE', ( #12797 ), #3734, .T. ) ;
#8265 = LINE ( 'NONE', #2450, #10127 ) ;
#8266 = DIRECTION ( 'NONE',  ( -1.000000000000000000, -6.097874985857736561E-17, 0.000000000000000000 ) ) ;
#8267 = LINE ( 'NONE', #9259, #980 ) ;
#8268 = DIRECTION ( 'NONE',  ( -0.3420201433256658263, -1.041607969234569816E-16, -0.9396926207859095381 ) ) ;
#8269 = EDGE_CURVE ( 'NONE', #4349, #9695, #775, .T. ) ;
#8270 = SURFACE_STYLE_FILL_AREA ( #11028 ) ;
#8271 = CARTESIAN_POINT ( 'NONE',  ( -0.06999999999999999278, 0.04999999999999998196, -0.1300000000000002820 ) ) ;
#8272 = DIRECTION ( 'NONE',  ( 2.435670465107224942E-16, -1.000000000000000000, 0.000000000000000000 ) ) ;
#8273 = EDGE_CURVE ( 'NONE', #8435, #10981, #2818, .T. ) ;
#8274 = ORIENTED_EDGE ( 'NONE', *, *, #11855, .F. ) ;
#8275 = ORIENTED_EDGE ( 'NONE', *, *, #7848, .T. ) ;
#8276 = DIRECTION ( 'NONE',  ( 6.829619984160656074E-16, 0.000000000000000000, 1.000000000000000000 ) ) ;
#8277 = VERTEX_POINT ( 'NONE', #11004 ) ;
#8278 = LENGTH_MEASURE_WITH_UNIT ( LENGTH_MEASURE( 0.02539999999999999897 ), #5089 );
#8279 = DIRECTION ( 'NONE',  ( 0.000000000000000000, -0.000000000000000000, -1.000000000000000000 ) ) ;
#8280 = CARTESIAN_POINT ( 'NONE',  ( -0.1449999999999999623, 0.01640227793071964008, -0.09609772206928048066 ) ) ;
#8281 = ORIENTED_EDGE ( 'NONE', *, *, #1447, .T. ) ;
#8282 = VECTOR ( 'NONE', #8914, 39.37007874015748143 ) ;
#8283 = PLANE ( 'NONE',  #6069 ) ;
#8284 = UNCERTAINTY_MEASURE_WITH_UNIT (LENGTH_MEASURE( 1.000000000000000082E-05 ), #693, 'distance_accuracy_value', 'NONE');
#8285 = ORIENTED_EDGE ( 'NONE', *, *, #8092, .F. ) ;
#8286 = DIRECTION ( 'NONE',  ( -5.850480457187554951E-16, -1.000000000000000000, -0.000000000000000000 ) ) ;
#8287 = CARTESIAN_POINT ( 'NONE',  ( 0.03749999999999999861, 0.2150000000000000244, -0.2125000000000001332 ) ) ;
#8288 = DIRECTION ( 'NONE',  ( 0.000000000000000000, 0.000000000000000000, -1.000000000000000000 ) ) ;
#8289 = CARTESIAN_POINT ( 'NONE',  ( 0.05390227793071963869, 0.3880000000000000115, 0.1000000000000000056 ) ) ;
#8290 = AXIS2_PLACEMENT_3D ( 'NONE', #1226, #4248, #4185 ) ;
#8291 = VECTOR ( 'NONE', #2308, 39.37007874015748854 ) ;
#8292 = CLOSED_SHELL ( 'NONE', ( #4586, #4619, #5234, #3396, #8088, #8172, #8908, #11740, #3233, #3146, #12443, #265, #3644, #9381, #3569, #10747, #3326, #3877 ) ) ;
#8293 = DIMENSIONAL_EXPONENTS ( 1.000000000000000000, 0.000000000000000000, 0.000000000000000000, 0.000000000000000000, 0.000000000000000000, 0.000000000000000000, 0.000000000000000000 ) ;
#8294 = ORIENTED_EDGE ( 'NONE', *, *, #9775, .F. ) ;
#8295 = CARTESIAN_POINT ( 'NONE',  ( -0.06250000000000001388, 0.2150000000000000244, -0.08750000000000010547 ) ) ;
#8296 = LINE ( 'NONE', #7297, #3528 ) ;
#8297 = SURFACE_STYLE_USAGE ( .BOTH. , #5174 ) ;
#8298 = VERTEX_POINT ( 'NONE', #12132 ) ;
#8299 = LINE ( 'NONE', #11394, #3882 ) ;
#8300 = DIRECTION ( 'NONE',  ( -0.3420201433256649937, -0.9396926207859097602, 0.000000000000000000 ) ) ;
#8301 = ORIENTED_EDGE ( 'NONE', *, *, #5635, .F. ) ;
#8302 = FACE_OUTER_BOUND ( 'NONE', #12152, .T. ) ;
#8303 = ORIENTED_EDGE ( 'NONE', *, *, #2045, .T. ) ;
#8304 = DIRECTION ( 'NONE',  ( -0.000000000000000000, 1.000000000000000000, -0.000000000000000000 ) ) ;
#8305 = SURFACE_STYLE_FILL_AREA ( #4252 ) ;
#8306 = PRESENTATION_LAYER_ASSIGNMENT (  '', '', ( #10628 ) ) ;
#8307 = VECTOR ( 'NONE', #4352, 39.37007874015748143 ) ;
#8308 = FACE_OUTER_BOUND ( 'NONE', #7553, .T. ) ;
#8309 = EDGE_CURVE ( 'NONE', #5122, #6280, #11126, .T. ) ;
#8310 = LINE ( 'NONE', #5188, #8291 ) ;
#8311 = VERTEX_POINT ( 'NONE', #5962 ) ;
#8312 = VECTOR ( 'NONE', #10179, 39.37007874015748143 ) ;
#8313 = DIRECTION ( 'NONE',  ( -0.9153150324227631307, 0.000000000000000000, -0.4027386142660223656 ) ) ;
#8314 = FILL_AREA_STYLE ('',( #7180 ) ) ;
#8315 = EDGE_LOOP ( 'NONE', ( #5382, #8880, #10746, #11243 ) ) ;
#8316 = VECTOR ( 'NONE', #885, 39.37007874015748143 ) ;
#8317 = DIRECTION ( 'NONE',  ( -0.000000000000000000, 1.000000000000000000, -0.000000000000000000 ) ) ;
#8318 = DIRECTION ( 'NONE',  ( -0.000000000000000000, 1.000000000000000000, -0.000000000000000000 ) ) ;
#8319 = EDGE_LOOP ( 'NONE', ( #1017, #4920, #2878, #350 ) ) ;
#8320 = DIRECTION ( 'NONE',  ( 0.000000000000000000, 0.000000000000000000, 1.000000000000000000 ) ) ;
#8321 = AXIS2_PLACEMENT_3D ( 'NONE', #10782, #11503, #1459 ) ;
#8322 =( GEOMETRIC_REPRESENTATION_CONTEXT ( 3 ) GLOBAL_UNCERTAINTY_ASSIGNED_CONTEXT ( ( #11438 ) ) GLOBAL_UNIT_ASSIGNED_CONTEXT ( ( #12438, #12370, #6402 ) ) REPRESENTATION_CONTEXT ( 'NONE', 'WORKASPACE' ) );
#8323 = CARTESIAN_POINT ( 'NONE',  ( -0.07500000000000003886, 0.03750000000000000555, 0.01249999999999990008 ) ) ;
#8324 = VECTOR ( 'NONE', #12574, 39.37007874015748143 ) ;
#8325 = EDGE_CURVE ( 'NONE', #5559, #5410, #896, .T. ) ;
#8326 = COLOUR_RGB ( '',1.000000000000000000, 0.8117647058823529438, 0.5019607843137254832 ) ;
#8327 = EDGE_CURVE ( 'NONE', #5559, #6762, #6100, .T. ) ;
#8328 = LINE ( 'NONE', #4415, #10817 ) ;
#8329 = VERTEX_POINT ( 'NONE', #5904 ) ;
#8330 = ORIENTED_EDGE ( 'NONE', *, *, #237, .F. ) ;
#8331 = VECTOR ( 'NONE', #207, 39.37007874015748143 ) ;
#8332 = DIRECTION ( 'NONE',  ( 0.000000000000000000, 0.000000000000000000, 1.000000000000000000 ) ) ;
#8333 = FACE_OUTER_BOUND ( 'NONE', #8899, .T. ) ;
#8334 = LINE ( 'NONE', #7334, #8926 ) ;
#8335 = LINE ( 'NONE', #11364, #9628 ) ;
#8336 = CARTESIAN_POINT ( 'NONE',  ( -0.07500000000000005274, 0.02500000000000001180, -0.08750000000000010547 ) ) ;
#8337 = STYLED_ITEM ( 'NONE', ( #1696 ), #9228 ) ;
#8338 = SURFACE_SIDE_STYLE ('',( #4287 ) ) ;
#8339 = ADVANCED_FACE ( 'NONE', ( #8094 ), #2024, .T. ) ;
#8340 = AXIS2_PLACEMENT_3D ( 'NONE', #10493, #1425, #12795 ) ;
#8341 = PLANE ( 'NONE',  #5007 ) ;
#8342 = AXIS2_PLACEMENT_3D ( 'NONE', #9227, #6032, #6973 ) ;
#8344 = ORIENTED_EDGE ( 'NONE', *, *, #10908, .F. ) ;
#8343 = EDGE_CURVE ( 'NONE', #3204, #12232, #43, .T. ) ;
#8345 = ORIENTED_EDGE ( 'NONE', *, *, #12687, .T. ) ;
#8346 = LINE ( 'NONE', #4496, #6396 ) ;
#8347 = VERTEX_POINT ( 'NONE', #7029 ) ;
#8348 = VECTOR ( 'NONE', #8318, 39.37007874015748143 ) ;
#8349 = PLANE ( 'NONE',  #12466 ) ;
#8350 = AXIS2_PLACEMENT_3D ( 'NONE', #9549, #6761, #12847 ) ;
#8351 = CARTESIAN_POINT ( 'NONE',  ( -0.06999999999999999278, 0.1499999999999999944, 0.02999999999999978378 ) ) ;
#8353 = ORIENTED_EDGE ( 'NONE', *, *, #3962, .T. ) ;
#8352 = EDGE_CURVE ( 'NONE', #8486, #12998, #5558, .T. ) ;
#8354 = LINE ( 'NONE', #2342, #6711 ) ;
#8355 = ORIENTED_EDGE ( 'NONE', *, *, #5473, .T. ) ;
#8356 = CARTESIAN_POINT ( 'NONE',  ( 0.000000000000000000, 0.3880000000000000115, 0.1960977220692802780 ) ) ;
#8357 = LENGTH_MEASURE_WITH_UNIT ( LENGTH_MEASURE( 0.02539999999999999897 ), #4310 );
#8358 = SURFACE_STYLE_USAGE ( .BOTH. , #8483 ) ;
#8359 = ORIENTED_EDGE ( 'NONE', *, *, #2736, .F. ) ;
#8360 = DIRECTION ( 'NONE',  ( 3.045457963692998352E-16, -1.000000000000000000, 0.000000000000000000 ) ) ;
#8361 = DIRECTION ( 'NONE',  ( 6.829619984160656074E-16, 0.000000000000000000, 1.000000000000000000 ) ) ;
#8362 = VERTEX_POINT ( 'NONE', #1895 ) ;
#8363 = LINE ( 'NONE', #3342, #116 ) ;
#8364 = DIRECTION ( 'NONE',  ( 0.000000000000000000, 1.000000000000000000, 0.000000000000000000 ) ) ;
#8365 = ORIENTED_EDGE ( 'NONE', *, *, #4540, .F. ) ;
#8366 = DIRECTION ( 'NONE',  ( -0.000000000000000000, -0.000000000000000000, -1.000000000000000000 ) ) ;
#8367 = AXIS2_PLACEMENT_3D ( 'NONE', #4061, #9044, #12017 ) ;
#8368 = PRESENTATION_LAYER_ASSIGNMENT (  '', '', ( #10683 ) ) ;
#8369 = ORIENTED_EDGE ( 'NONE', *, *, #7752, .F. ) ;
#8370 = LENGTH_MEASURE_WITH_UNIT ( LENGTH_MEASURE( 0.02539999999999999897 ), #11269 );
#8371 = DIRECTION ( 'NONE',  ( 0.000000000000000000, -0.000000000000000000, -1.000000000000000000 ) ) ;
#8372 = VECTOR ( 'NONE', #7912, 39.37007874015748143 ) ;
#8373 = CARTESIAN_POINT ( 'NONE',  ( 0.06250000000000005551, 0.03750000000000001249, -0.1875000000000001110 ) ) ;
#8374 = CARTESIAN_POINT ( 'NONE',  ( 0.07500000000000003886, 0.03750000000000000555, -0.01250000000000010651 ) ) ;
#8375 = VERTEX_POINT ( 'NONE', #4908 ) ;
#8376 = DIRECTION ( 'NONE',  ( -0.000000000000000000, 0.000000000000000000, 1.000000000000000000 ) ) ;
#8377 = CARTESIAN_POINT ( 'NONE',  ( 0.07000000000000017319, 0.04999999999999998196, -0.04700000000000009032 ) ) ;
#8378 = EDGE_LOOP ( 'NONE', ( #10044, #3138, #6001, #1276 ) ) ;
#8379 = VECTOR ( 'NONE', #11930, 39.37007874015748143 ) ;
#8380 = DIRECTION ( 'NONE',  ( 1.000000000000000000, 0.000000000000000000, 0.000000000000000000 ) ) ;
#8381 = CARTESIAN_POINT ( 'NONE',  ( 0.07500000000000003886, 0.03750000000000000555, -0.1000000000000000472 ) ) ;
#8382 = AXIS2_PLACEMENT_3D ( 'NONE', #869, #1857, #11837 ) ;
#8383 = CARTESIAN_POINT ( 'NONE',  ( -0.03749999999999980432, 0.05799999999999996825, -0.1125000000000001138 ) ) ;
#8384 = ORIENTED_EDGE ( 'NONE', *, *, #581, .T. ) ;
#8385 = DIRECTION ( 'NONE',  ( 0.9153150324227631307, 0.000000000000000000, 0.4027386142660223656 ) ) ;
#8386 = ADVANCED_FACE ( 'NONE', ( #6027 ), #9959, .T. ) ;
#8387 = AXIS2_PLACEMENT_3D ( 'NONE', #12989, #1218, #4316 ) ;
#8388 =( CONVERSION_BASED_UNIT ( 'INCH', #9250 ) LENGTH_UNIT ( ) NAMED_UNIT ( #7271 ) );
#8389 = CIRCLE ( 'NONE', #5415, 0.03750000000000008882 ) ;
#8390 = ORIENTED_EDGE ( 'NONE', *, *, #12859, .F. ) ;
#8391 = ORIENTED_EDGE ( 'NONE', *, *, #12704, .F. ) ;
#8392 = DIRECTION ( 'NONE',  ( 0.000000000000000000, 0.000000000000000000, 1.000000000000000000 ) ) ;
#8393 = SURFACE_STYLE_USAGE ( .BOTH. , #5283 ) ;
#8394 = VECTOR ( 'NONE', #5848, 39.37007874015748143 ) ;
#8395 = LINE ( 'NONE', #12430, #4123 ) ;
#8396 = DIRECTION ( 'NONE',  ( 0.000000000000000000, 1.000000000000000000, 0.000000000000000000 ) ) ;
#8397 = VECTOR ( 'NONE', #10279, 39.37007874015748143 ) ;
#8398 = EDGE_CURVE ( 'NONE', #11584, #1081, #4719, .T. ) ;
#8399 = SURFACE_STYLE_FILL_AREA ( #7341 ) ;
#8400 = VERTEX_POINT ( 'NONE', #3854 ) ;
#8401 = EDGE_LOOP ( 'NONE', ( #11775, #3817, #5440, #8773 ) ) ;
#8402 =( LENGTH_UNIT ( ) NAMED_UNIT ( * ) SI_UNIT ( $, .METRE. ) );
#8403 = EDGE_CURVE ( 'NONE', #132, #11411, #3011, .T. ) ;
#8404 = VECTOR ( 'NONE', #1119, 39.37007874015748143 ) ;
#8405 = VERTEX_POINT ( 'NONE', #11063 ) ;
#8406 = VECTOR ( 'NONE', #12850, 39.37007874015748143 ) ;
#8407 = FACE_OUTER_BOUND ( 'NONE', #355, .T. ) ;
#8408 = DIMENSIONAL_EXPONENTS ( 1.000000000000000000, 0.000000000000000000, 0.000000000000000000, 0.000000000000000000, 0.000000000000000000, 0.000000000000000000, 0.000000000000000000 ) ;
#8409 = EDGE_CURVE ( 'NONE', #11485, #5122, #6910, .T. ) ;
#8410 = COLOUR_RGB ( '',1.000000000000000000, 0.8117647058823529438, 0.5019607843137254832 ) ;
#8411 = LINE ( 'NONE', #12445, #502 ) ;
#8412 = ORIENTED_EDGE ( 'NONE', *, *, #9869, .F. ) ;
#8413 = CARTESIAN_POINT ( 'NONE',  ( 0.1449999999999999623, -4.268512490100412049E-18, -0.09609772206928048066 ) ) ;
#8414 = UNCERTAINTY_MEASURE_WITH_UNIT (LENGTH_MEASURE( 1.000000000000000082E-05 ), #3662, 'distance_accuracy_value', 'NONE');
#8415 = EDGE_CURVE ( 'NONE', #5670, #3530, #9155, .T. ) ;
#8416 = ORIENTED_EDGE ( 'NONE', *, *, #3786, .F. ) ;
#8417 = LINE ( 'NONE', #2597, #10107 ) ;
#8418 = LINE ( 'NONE', #1465, #6397 ) ;
#8419 = EDGE_CURVE ( 'NONE', #3211, #7129, #12104, .T. ) ;
#8420 = CARTESIAN_POINT ( 'NONE',  ( -0.06999999999999999278, 0.05799999999999997519, 0.07799999999999972233 ) ) ;
#8421 = FACE_OUTER_BOUND ( 'NONE', #3476, .T. ) ;
#8422 = VERTEX_POINT ( 'NONE', #9094 ) ;
#8423 = EDGE_CURVE ( 'NONE', #11378, #8362, #12197, .T. ) ;
#8424 = AXIS2_PLACEMENT_3D ( 'NONE', #12683, #10640, #4673 ) ;
#8425 = EDGE_CURVE ( 'NONE', #7837, #7868, #10880, .T. ) ;
#8426 = ORIENTED_EDGE ( 'NONE', *, *, #12686, .T. ) ;
#8427 = DIRECTION ( 'NONE',  ( -1.000000000000000000, 0.000000000000000000, 0.000000000000000000 ) ) ;
#8428 = PLANE ( 'NONE',  #158 ) ;
#8429 = ADVANCED_FACE ( 'NONE', ( #4975 ), #2955, .T. ) ;
#8430 = FACE_OUTER_BOUND ( 'NONE', #12672, .T. ) ;
#8431 = ORIENTED_EDGE ( 'NONE', *, *, #8252, .T. ) ;
#8432 = VECTOR ( 'NONE', #4154, 39.37007874015748854 ) ;
#8433 = LINE ( 'NONE', #12396, #10450 ) ;
#8434 = PLANE ( 'NONE',  #10495 ) ;
#8435 = VERTEX_POINT ( 'NONE', #4858 ) ;
#8436 = PLANE ( 'NONE',  #12535 ) ;
#8437 = LINE ( 'NONE', #5503, #12927 ) ;
#8438 =( CONVERSION_BASED_UNIT ( 'INCH', #10481 ) LENGTH_UNIT ( ) NAMED_UNIT ( #8293 ) );
#8439 = ORIENTED_EDGE ( 'NONE', *, *, #7336, .T. ) ;
#8440 = CARTESIAN_POINT ( 'NONE',  ( -0.09499999999999998723, 0.1420000000000000151, 0.2430053851276750276 ) ) ;
#8441 = SURFACE_STYLE_USAGE ( .BOTH. , #11600 ) ;
#8442 = EDGE_CURVE ( 'NONE', #4379, #6248, #3454, .T. ) ;
#8443 = VECTOR ( 'NONE', #8147, 39.37007874015748143 ) ;
#8444 = CARTESIAN_POINT ( 'NONE',  ( -0.06999999999999999278, 0.1419999999999999873, 0.1379999999999997617 ) ) ;
#8445 = PRESENTATION_LAYER_ASSIGNMENT (  '', '', ( #3765 ) ) ;
#8446 =( CONVERSION_BASED_UNIT ( 'INCH', #4399 ) LENGTH_UNIT ( ) NAMED_UNIT ( #303 ) );
#8447 = SURFACE_STYLE_FILL_AREA ( #7440 ) ;
#8448 = ORIENTED_EDGE ( 'NONE', *, *, #2351, .T. ) ;
#8449 = FACE_OUTER_BOUND ( 'NONE', #2892, .T. ) ;
#8450 = ORIENTED_EDGE ( 'NONE', *, *, #2367, .T. ) ;
#8451 = MECHANICAL_DESIGN_GEOMETRIC_PRESENTATION_REPRESENTATION (  '', ( #8018 ), #210 ) ;
#8452 = DIRECTION ( 'NONE',  ( 1.000000000000000000, 0.000000000000000000, 0.000000000000000000 ) ) ;
#8453 = DIRECTION ( 'NONE',  ( 1.000000000000000000, -0.000000000000000000, -0.000000000000000000 ) ) ;
#8454 = PLANE ( 'NONE',  #136 ) ;
#8455 = EDGE_LOOP ( 'NONE', ( #11928, #1335, #668, #4885 ) ) ;
#8456 = DIRECTION ( 'NONE',  ( -0.000000000000000000, 1.000000000000000000, -0.000000000000000000 ) ) ;
#8457 = CARTESIAN_POINT ( 'NONE',  ( 0.07000000000000000666, 0.1419999999999999873, 0.1699999999999997624 ) ) ;
#8458 = FACE_OUTER_BOUND ( 'NONE', #12771, .T. ) ;
#8459 = VECTOR ( 'NONE', #6341, 39.37007874015748143 ) ;
#8460 = ORIENTED_EDGE ( 'NONE', *, *, #6188, .F. ) ;
#8461 = ORIENTED_EDGE ( 'NONE', *, *, #3962, .F. ) ;
#8462 = FACE_OUTER_BOUND ( 'NONE', #3055, .T. ) ;
#8463 = CYLINDRICAL_SURFACE ( 'NONE', #12013, 0.007999999999999998432 ) ;
#8464 = CARTESIAN_POINT ( 'NONE',  ( 0.06250000000000001388, 0.2150000000000000244, -0.01250000000000010651 ) ) ;
#8465 = CARTESIAN_POINT ( 'NONE',  ( -0.1317360635310592387, 0.003770044005388028304, -0.1912700440053881623 ) ) ;
#8466 = FACE_OUTER_BOUND ( 'NONE', #2018, .T. ) ;
#8467 = DIRECTION ( 'NONE',  ( -0.3236155771181825069, 0.8891264907159898145, -0.3236155771181825069 ) ) ;
#8468 = CARTESIAN_POINT ( 'NONE',  ( 0.07000000000000002054, 0.04999999999999998196, -0.1780000000000002136 ) ) ;
#8469 = FILL_AREA_STYLE ('',( #9994 ) ) ;
#8470 = ORIENTED_EDGE ( 'NONE', *, *, #664, .F. ) ;
#8471 = ORIENTED_EDGE ( 'NONE', *, *, #2926, .F. ) ;
#8472 = PLANE ( 'NONE',  #9999 ) ;
#8473 = EDGE_CURVE ( 'NONE', #972, #1604, #9426, .T. ) ;
#8474 = ORIENTED_EDGE ( 'NONE', *, *, #237, .T. ) ;
#8475 = CARTESIAN_POINT ( 'NONE',  ( 0.07500000000000005274, -8.110173731190781122E-17, 0.1874999999999999167 ) ) ;
#8476 = PLANE ( 'NONE',  #2652 ) ;
#8477 = EDGE_LOOP ( 'NONE', ( #12829, #9136, #10790, #7461 ) ) ;
#8478 = CARTESIAN_POINT ( 'NONE',  ( -0.06250000000000001388, 0.2150000000000000244, -0.1125000000000001138 ) ) ;
#8479 = EDGE_LOOP ( 'NONE', ( #9012, #4428, #1334, #5220 ) ) ;
#8480 = FACE_OUTER_BOUND ( 'NONE', #102, .T. ) ;
#8481 = DIRECTION ( 'NONE',  ( 0.000000000000000000, -0.000000000000000000, 1.000000000000000000 ) ) ;
#8482 =( NAMED_UNIT ( * ) SI_UNIT ( $, .STERADIAN. ) SOLID_ANGLE_UNIT ( ) );
#8483 = SURFACE_SIDE_STYLE ('',( #1467 ) ) ;
#8484 = EDGE_CURVE ( 'NONE', #11523, #12581, #11473, .T. ) ;
#8486 = VERTEX_POINT ( 'NONE', #12464 ) ;
#8485 = EDGE_CURVE ( 'NONE', #443, #7276, #3406, .T. ) ;
#8487 = DIRECTION ( 'NONE',  ( 0.000000000000000000, 0.000000000000000000, 1.000000000000000000 ) ) ;
#8488 = LINE ( 'NONE', #2155, #3318 ) ;
#8489 = CARTESIAN_POINT ( 'NONE',  ( -0.06250000000000005551, 0.03750000000000001249, 0.1874999999999999167 ) ) ;
#8490 = VERTEX_POINT ( 'NONE', #11454 ) ;
#8491 = FACE_OUTER_BOUND ( 'NONE', #1986, .T. ) ;
#8492 = CARTESIAN_POINT ( 'NONE',  ( -0.1449999999999999623, 0.008597722069280350904, 0.2000000000000000111 ) ) ;
#8493 = ORIENTED_EDGE ( 'NONE', *, *, #10764, .F. ) ;
#8494 = CARTESIAN_POINT ( 'NONE',  ( -0.09499999999999998723, 0.04999999999999998196, 0.03599999999999993483 ) ) ;
#8495 = EDGE_LOOP ( 'NONE', ( #11853, #8471, #13034, #7994 ) ) ;
#8496 = FACE_OUTER_BOUND ( 'NONE', #696, .T. ) ;
#8497 = DIRECTION ( 'NONE',  ( -1.000000000000000000, -6.097874985857736561E-17, 0.000000000000000000 ) ) ;
#8498 = VECTOR ( 'NONE', #3346, 39.37007874015748143 ) ;
#8499 = CARTESIAN_POINT ( 'NONE',  ( 0.1213779527559052523, 0.02500000000000000486, 0.08749999999999988343 ) ) ;
#8500 = VECTOR ( 'NONE', #10629, 39.37007874015748854 ) ;
#8501 = ADVANCED_FACE ( 'NONE', ( #7167 ), #10293, .T. ) ;
#8502 = CARTESIAN_POINT ( 'NONE',  ( 0.1213779527559052385, -2.828069580055263137E-18, -0.1875000000000001110 ) ) ;
#8504 = ORIENTED_EDGE ( 'NONE', *, *, #5075, .T. ) ;
#8503 = EDGE_CURVE ( 'NONE', #7071, #9449, #172, .T. ) ;
#8505 = DIRECTION ( 'NONE',  ( -1.000000000000000000, -6.097874985857736561E-17, 0.000000000000000000 ) ) ;
#8506 = FILL_AREA_STYLE ('',( #2627 ) ) ;
#8507 = ORIENTED_EDGE ( 'NONE', *, *, #2839, .F. ) ;
#8508 = CARTESIAN_POINT ( 'NONE',  ( 0.04609772206928037380, 0.3880000000000000115, 0.000000000000000000 ) ) ;
#8509 = VECTOR ( 'NONE', #5054, 39.37007874015748143 ) ;
#8510 = PLANE ( 'NONE',  #2472 ) ;
#8511 = DIRECTION ( 'NONE',  ( 0.000000000000000000, -1.000000000000000000, 0.000000000000000000 ) ) ;
#8512 = ORIENTED_EDGE ( 'NONE', *, *, #825, .T. ) ;
#8513 = LINE ( 'NONE', #12541, #5360 ) ;
#8514 = VECTOR ( 'NONE', #3610, 39.37007874015748143 ) ;
#8515 = ADVANCED_FACE ( 'NONE', ( #3345 ), #7372, .F. ) ;
#8516 = CARTESIAN_POINT ( 'NONE',  ( 0.03749999999999999861, 0.3643779527559052878, 0.01249999999999990008 ) ) ;
#8517 = FILL_AREA_STYLE_COLOUR ( '', #7564 ) ;
#8518 = VERTEX_POINT ( 'NONE', #3276 ) ;
#8519 =( GEOMETRIC_REPRESENTATION_CONTEXT ( 3 ) GLOBAL_UNCERTAINTY_ASSIGNED_CONTEXT ( ( #8028 ) ) GLOBAL_UNIT_ASSIGNED_CONTEXT ( ( #5402, #2698, #8838 ) ) REPRESENTATION_CONTEXT ( 'NONE', 'WORKASPACE' ) );
#8520 = ORIENTED_EDGE ( 'NONE', *, *, #10508, .F. ) ;
#8521 = PLANE ( 'NONE',  #2420 ) ;
#8522 = EDGE_CURVE ( 'NONE', #11101, #10566, #11270, .T. ) ;
#8523 = DIRECTION ( 'NONE',  ( -0.000000000000000000, -0.000000000000000000, -1.000000000000000000 ) ) ;
#8524 = CARTESIAN_POINT ( 'NONE',  ( -0.03749999999999999861, 0.3643779527559052878, -0.08750000000000010547 ) ) ;
#8525 = DIMENSIONAL_EXPONENTS ( 1.000000000000000000, 0.000000000000000000, 0.000000000000000000, 0.000000000000000000, 0.000000000000000000, 0.000000000000000000, 0.000000000000000000 ) ;
#8526 = PLANE ( 'NONE',  #547 ) ;
#8527 = LINE ( 'NONE', #6529, #11273 ) ;
#8528 = DIRECTION ( 'NONE',  ( -1.000000000000000000, -6.097874985857736561E-17, 0.000000000000000000 ) ) ;
#8529 = VECTOR ( 'NONE', #4897, 39.37007874015748143 ) ;
#8530 = VECTOR ( 'NONE', #6299, 39.37007874015748854 ) ;
#8531 = FACE_OUTER_BOUND ( 'NONE', #12214, .T. ) ;
#8532 = VECTOR ( 'NONE', #2464, 39.37007874015748143 ) ;
#8533 = ORIENTED_EDGE ( 'NONE', *, *, #1060, .T. ) ;
#8534 = ORIENTED_EDGE ( 'NONE', *, *, #1631, .F. ) ;
#8535 = LINE ( 'NONE', #11430, #10227 ) ;
#8536 = ORIENTED_EDGE ( 'NONE', *, *, #4762, .T. ) ;
#8537 = VECTOR ( 'NONE', #11949, 39.37007874015748143 ) ;
#8538 = LINE ( 'NONE', #8789, #12095 ) ;
#8539 = CARTESIAN_POINT ( 'NONE',  ( -0.07000000000000017319, 0.1419999999999999873, 0.04700000000000003481 ) ) ;
#8540 = EDGE_LOOP ( 'NONE', ( #9849, #370, #9318, #12663 ) ) ;
#8541 = CARTESIAN_POINT ( 'NONE',  ( -0.1213779527559052385, 0.02500000000000001180, 0.01249999999999990008 ) ) ;
#8542 = UNCERTAINTY_MEASURE_WITH_UNIT (LENGTH_MEASURE( 1.000000000000000082E-05 ), #4079, 'distance_accuracy_value', 'NONE');
#8543 = EDGE_LOOP ( 'NONE', ( #8016, #6417, #12972, #11746 ) ) ;
#8544 = DIRECTION ( 'NONE',  ( 0.000000000000000000, -1.000000000000000000, 0.000000000000000000 ) ) ;
#8545 = LINE ( 'NONE', #9535, #8946 ) ;
#8546 = EDGE_CURVE ( 'NONE', #3898, #1610, #6165, .T. ) ;
#8547 = AXIS2_PLACEMENT_3D ( 'NONE', #6578, #5390, #7394 ) ;
#8548 = LENGTH_MEASURE_WITH_UNIT ( LENGTH_MEASURE( 0.02539999999999999897 ), #11443 );
#8549 = ORIENTED_EDGE ( 'NONE', *, *, #8425, .F. ) ;
#8550 = VECTOR ( 'NONE', #1690, 39.37007874015748143 ) ;
#8551 = ORIENTED_EDGE ( 'NONE', *, *, #5017, .F. ) ;
#8552 =( CONVERSION_BASED_UNIT ( 'INCH', #352 ) LENGTH_UNIT ( ) NAMED_UNIT ( #5469 ) );
#8553 = SURFACE_SIDE_STYLE ('',( #4515 ) ) ;
#8554 = DIRECTION ( 'NONE',  ( 0.000000000000000000, 0.000000000000000000, 1.000000000000000000 ) ) ;
#8555 = ORIENTED_EDGE ( 'NONE', *, *, #2902, .T. ) ;
#8556 = LINE ( 'NONE', #5628, #7039 ) ;
#8557 = ORIENTED_EDGE ( 'NONE', *, *, #664, .T. ) ;
#8558 = FILL_AREA_STYLE ('',( #11595 ) ) ;
#8559 = DIRECTION ( 'NONE',  ( -0.000000000000000000, 1.000000000000000000, -0.000000000000000000 ) ) ;
#8560 = EDGE_CURVE ( 'NONE', #8089, #9626, #7428, .T. ) ;
#8561 = ORIENTED_EDGE ( 'NONE', *, *, #8012, .T. ) ;
#8562 = FILL_AREA_STYLE_COLOUR ( '', #711 ) ;
#8563 = ADVANCED_FACE ( 'NONE', ( #10353 ), #10225, .T. ) ;
#8564 = CARTESIAN_POINT ( 'NONE',  ( -0.06250000000000001388, 0.3880000000000000115, 0.08749999999999988343 ) ) ;
#8565 = VERTEX_POINT ( 'NONE', #5180 ) ;
#8566 = AXIS2_PLACEMENT_3D ( 'NONE', #7465, #4488, #1444 ) ;
#8567 = DIRECTION ( 'NONE',  ( 0.000000000000000000, 0.000000000000000000, 1.000000000000000000 ) ) ;
#8568 = VERTEX_POINT ( 'NONE', #2357 ) ;
#8569 = ADVANCED_FACE ( 'NONE', ( #5373 ), #8436, .F. ) ;
#8570 = CARTESIAN_POINT ( 'NONE',  ( 0.06250000000000001388, 0.3643779527559052878, -0.2125000000000001332 ) ) ;
#8571 = DIRECTION ( 'NONE',  ( 0.3236155771181825069, 0.8891264907159898145, -0.3236155771181825069 ) ) ;
#8572 = FACE_OUTER_BOUND ( 'NONE', #6966, .T. ) ;
#8573 = ADVANCED_FACE ( 'NONE', ( #2680 ), #1607, .F. ) ;
#8574 = LINE ( 'NONE', #9508, #6240 ) ;
#8575 = ORIENTED_EDGE ( 'NONE', *, *, #10282, .T. ) ;
#8576 = DIRECTION ( 'NONE',  ( -0.3420201433256649937, -0.9396926207859097602, 0.000000000000000000 ) ) ;
#8577 = DIRECTION ( 'NONE',  ( -0.9153150324227631307, 0.000000000000000000, 0.4027386142660223656 ) ) ;
#8578 = EDGE_CURVE ( 'NONE', #3945, #8405, #2211, .T. ) ;
#8579 = ADVANCED_FACE ( 'NONE', ( #4646 ), #12781, .F. ) ;
#8580 = EDGE_CURVE ( 'NONE', #9333, #8918, #6763, .T. ) ;
#8581 = VECTOR ( 'NONE', #12151, 39.37007874015748854 ) ;
#8582 = DIRECTION ( 'NONE',  ( 1.000000000000000000, 0.000000000000000000, 0.000000000000000000 ) ) ;
#8583 = COLOUR_RGB ( '',1.000000000000000000, 0.8117647058823529438, 0.5019607843137254832 ) ;
#8584 = VERTEX_POINT ( 'NONE', #5570 ) ;
#8585 = ORIENTED_EDGE ( 'NONE', *, *, #4652, .F. ) ;
#8586 = EDGE_CURVE ( 'NONE', #11742, #11378, #3463, .T. ) ;
#8587 = SURFACE_STYLE_FILL_AREA ( #6330 ) ;
#8588 = VECTOR ( 'NONE', #6743, 39.37007874015748143 ) ;
#8589 = DIRECTION ( 'NONE',  ( 0.8891264907159903697, -0.3236155771181813412, -0.3236155771181821739 ) ) ;
#8590 = FACE_OUTER_BOUND ( 'NONE', #1169, .T. ) ;
#8591 = AXIS2_PLACEMENT_3D ( 'NONE', #11217, #6182, #1360 ) ;
#8592 = EDGE_CURVE ( 'NONE', #491, #3715, #556, .T. ) ;
#8593 = PLANE ( 'NONE',  #5391 ) ;
#8594 = DIRECTION ( 'NONE',  ( 0.4027386142660223656, 0.000000000000000000, -0.9153150324227632417 ) ) ;
#8595 = DIRECTION ( 'NONE',  ( -0.000000000000000000, -1.000000000000000000, -0.000000000000000000 ) ) ;
#8596 = ADVANCED_FACE ( 'NONE', ( #9685 ), #5692, .T. ) ;
#8597 = AXIS2_PLACEMENT_3D ( 'NONE', #2945, #6961, #9691 ) ;
#8598 = LENGTH_MEASURE_WITH_UNIT ( LENGTH_MEASURE( 0.02539999999999999897 ), #10705 );
#8599 =( NAMED_UNIT ( * ) PLANE_ANGLE_UNIT ( ) SI_UNIT ( $, .RADIAN. ) );
#8600 = ORIENTED_EDGE ( 'NONE', *, *, #5328, .T. ) ;
#8601 = ORIENTED_EDGE ( 'NONE', *, *, #10996, .T. ) ;
#8602 = VECTOR ( 'NONE', #7730, 39.37007874015748143 ) ;
#8603 = VERTEX_POINT ( 'NONE', #12584 ) ;
#8604 = COLOUR_RGB ( '',1.000000000000000000, 0.8117647058823529438, 0.5019607843137254832 ) ;
#8605 = LINE ( 'NONE', #1719, #11690 ) ;
#8606 = ORIENTED_EDGE ( 'NONE', *, *, #11326, .T. ) ;
#8607 = CARTESIAN_POINT ( 'NONE',  ( 0.07000000000000000666, 0.1726274169979694906, -0.02200000000000028669 ) ) ;
#8608 = ORIENTED_EDGE ( 'NONE', *, *, #3031, .F. ) ;
#8609 = CARTESIAN_POINT ( 'NONE',  ( -0.09499999999999998723, 0.6848831648126535443, -0.2430053851276749999 ) ) ;
#8610 = SURFACE_SIDE_STYLE ('',( #10589 ) ) ;
#8611 = AXIS2_PLACEMENT_3D ( 'NONE', #3478, #9506, #8452 ) ;
#8612 = DIMENSIONAL_EXPONENTS ( 1.000000000000000000, 0.000000000000000000, 0.000000000000000000, 0.000000000000000000, 0.000000000000000000, 0.000000000000000000, 0.000000000000000000 ) ;
#8613 = FACE_OUTER_BOUND ( 'NONE', #8904, .T. ) ;
#8614 = ORIENTED_EDGE ( 'NONE', *, *, #5408, .F. ) ;
#8615 = ORIENTED_EDGE ( 'NONE', *, *, #2976, .F. ) ;
#8616 = VECTOR ( 'NONE', #4305, 39.37007874015748143 ) ;
#8617 = ORIENTED_EDGE ( 'NONE', *, *, #5158, .T. ) ;
#8618 = SURFACE_STYLE_USAGE ( .BOTH. , #2674 ) ;
#8619 = CIRCLE ( 'NONE', #9468, 0.03750000000000008882 ) ;
#8620 = CARTESIAN_POINT ( 'NONE',  ( -0.06999999999999999278, 0.1419999999999999873, -0.06200000000000022854 ) ) ;
#8621 = ORIENTED_EDGE ( 'NONE', *, *, #1102, .F. ) ;
#8622 = CARTESIAN_POINT ( 'NONE',  ( 0.06250000000000001388, 0.05799999999999996825, -0.1125000000000001138 ) ) ;
#8623 = ORIENTED_EDGE ( 'NONE', *, *, #4200, .T. ) ;
#8624 = CARTESIAN_POINT ( 'NONE',  ( 0.000000000000000000, 0.3880000000000000115, 0.2999999999999999889 ) ) ;
#8625 = CARTESIAN_POINT ( 'NONE',  ( 0.05390227793071963869, 0.3880000000000000115, -0.2039022779307197442 ) ) ;
#8626 = VECTOR ( 'NONE', #2182, 39.37007874015748143 ) ;
#8627 = ORIENTED_EDGE ( 'NONE', *, *, #7436, .T. ) ;
#8628 = DIRECTION ( 'NONE',  ( 0.000000000000000000, 1.000000000000000000, 0.000000000000000000 ) ) ;
#8629 = CIRCLE ( 'NONE', #2084, 0.007999999999999989758 ) ;
#8630 = VECTOR ( 'NONE', #8932, 39.37007874015748143 ) ;
#8631 = VECTOR ( 'NONE', #17, 39.37007874015748143 ) ;
#8632 = SURFACE_STYLE_USAGE ( .BOTH. , #10365 ) ;
#8633 = VERTEX_POINT ( 'NONE', #4583 ) ;
#8634 = FILL_AREA_STYLE_COLOUR ( '', #562 ) ;
#8635 = ORIENTED_EDGE ( 'NONE', *, *, #2688, .F. ) ;
#8636 = ADVANCED_FACE ( 'NONE', ( #3650 ), #12656, .T. ) ;
#8637 = FILL_AREA_STYLE_COLOUR ( '', #12562 ) ;
#8638 = DIRECTION ( 'NONE',  ( 0.000000000000000000, 0.000000000000000000, -1.000000000000000000 ) ) ;
#8639 = VECTOR ( 'NONE', #3025, 39.37007874015748143 ) ;
#8640 = VERTEX_POINT ( 'NONE', #10670 ) ;
#8641 = DIRECTION ( 'NONE',  ( 7.854062981784755126E-15, -0.000000000000000000, -1.000000000000000000 ) ) ;
#8642 = PRESENTATION_LAYER_ASSIGNMENT (  '', '', ( #9708 ) ) ;
#8643 = CARTESIAN_POINT ( 'NONE',  ( -0.1213779527559052385, -2.828069580055263137E-18, -0.01250000000000010651 ) ) ;
#8644 = PLANE ( 'NONE',  #1022 ) ;
#8645 = EDGE_CURVE ( 'NONE', #3530, #7488, #10006, .T. ) ;
#8646 = AXIS2_PLACEMENT_3D ( 'NONE', #8689, #10681, #7714 ) ;
#8647 = ORIENTED_EDGE ( 'NONE', *, *, #2275, .F. ) ;
#8648 = CARTESIAN_POINT ( 'NONE',  ( 0.03749999999999999861, 0.1419999999999999873, 0.01249999999999990008 ) ) ;
#8649 = SURFACE_STYLE_USAGE ( .BOTH. , #10825 ) ;
#8650 = EDGE_CURVE ( 'NONE', #2512, #730, #10075, .T. ) ;
#8651 = LINE ( 'NONE', #7658, #8602 ) ;
#8652 = PLANE ( 'NONE',  #2031 ) ;
#8653 = DIRECTION ( 'NONE',  ( 2.435670465107224942E-16, -1.000000000000000000, 0.000000000000000000 ) ) ;
#8654 = DIRECTION ( 'NONE',  ( -0.000000000000000000, 1.000000000000000000, -0.000000000000000000 ) ) ;
#8655 =( GEOMETRIC_REPRESENTATION_CONTEXT ( 3 ) GLOBAL_UNCERTAINTY_ASSIGNED_CONTEXT ( ( #4961 ) ) GLOBAL_UNIT_ASSIGNED_CONTEXT ( ( #1200, #11184, #3253 ) ) REPRESENTATION_CONTEXT ( 'NONE', 'WORKASPACE' ) );
#8656 = ADVANCED_FACE ( 'NONE', ( #7830 ), #1008, .F. ) ;
#8657 = EDGE_CURVE ( 'NONE', #5526, #11833, #4841, .T. ) ;
#8658 = VERTEX_POINT ( 'NONE', #6895 ) ;
#8659 = ORIENTED_EDGE ( 'NONE', *, *, #9458, .T. ) ;
#8660 = SURFACE_STYLE_USAGE ( .BOTH. , #9725 ) ;
#8661 = ORIENTED_EDGE ( 'NONE', *, *, #7453, .F. ) ;
#8662 = ADVANCED_FACE ( 'NONE', ( #11045 ), #2995, .T. ) ;
#8663 = DIRECTION ( 'NONE',  ( 0.000000000000000000, 0.000000000000000000, 1.000000000000000000 ) ) ;
#8664 = DIRECTION ( 'NONE',  ( 0.3236155771181825069, 0.8891264907159898145, -0.3236155771181825069 ) ) ;
#8665 = ORIENTED_EDGE ( 'NONE', *, *, #5087, .F. ) ;
#8666 = CARTESIAN_POINT ( 'NONE',  ( 0.06250000000000001388, 0.2150000000000000244, -0.01250000000000010651 ) ) ;
#8667 = UNCERTAINTY_MEASURE_WITH_UNIT (LENGTH_MEASURE( 1.000000000000000082E-05 ), #8997, 'distance_accuracy_value', 'NONE');
#8668 = EDGE_LOOP ( 'NONE', ( #9904, #9384 ) ) ;
#8669 = DIRECTION ( 'NONE',  ( 0.000000000000000000, 0.000000000000000000, 1.000000000000000000 ) ) ;
#8670 = EDGE_CURVE ( 'NONE', #5305, #401, #3837, .T. ) ;
#8671 =( LENGTH_UNIT ( ) NAMED_UNIT ( * ) SI_UNIT ( $, .METRE. ) );
#8672 = CARTESIAN_POINT ( 'NONE',  ( 0.05390227793071963869, 0.3880000000000000115, 0.2999999999999999889 ) ) ;
#8673 = ORIENTED_EDGE ( 'NONE', *, *, #11154, .F. ) ;
#8674 = ORIENTED_EDGE ( 'NONE', *, *, #4448, .T. ) ;
#8675 = ORIENTED_EDGE ( 'NONE', *, *, #6056, .F. ) ;
#8676 = DIRECTION ( 'NONE',  ( 0.000000000000000000, -0.000000000000000000, -1.000000000000000000 ) ) ;
#8677 = LINE ( 'NONE', #11723, #2058 ) ;
#8678 = LINE ( 'NONE', #1474, #9513 ) ;
#8679 = LINE ( 'NONE', #623, #10174 ) ;
#8680 = LINE ( 'NONE', #10797, #1791 ) ;
#8681 = VERTEX_POINT ( 'NONE', #6010 ) ;
#8682 = DIRECTION ( 'NONE',  ( 0.3420201433256649937, -0.9396926207859097602, 0.000000000000000000 ) ) ;
#8683 = EDGE_LOOP ( 'NONE', ( #11358, #1829 ) ) ;
#8684 = CARTESIAN_POINT ( 'NONE',  ( 0.07500000000000005274, -8.110173731190781122E-17, 0.08749999999999988343 ) ) ;
#8685 = CARTESIAN_POINT ( 'NONE',  ( 0.03749999999999999861, 0.3643779527559052878, 0.2124999999999999112 ) ) ;
#8686 = CARTESIAN_POINT ( 'NONE',  ( -0.09499999999999998723, 0.1419999999999999873, 0.1640000000000000069 ) ) ;
#8687 = EDGE_LOOP ( 'NONE', ( #801, #10369, #6041, #5298 ) ) ;
#8688 = PLANE ( 'NONE',  #12804 ) ;
#8689 = CARTESIAN_POINT ( 'NONE',  ( 0.06250000000000001388, 0.3643779527559052878, -0.1125000000000001138 ) ) ;
#8690 = ORIENTED_EDGE ( 'NONE', *, *, #8423, .F. ) ;
#8691 = CARTESIAN_POINT ( 'NONE',  ( 0.03749999999999999861, 0.05799999999999996825, -0.01250000000000010651 ) ) ;
#8692 = DIRECTION ( 'NONE',  ( -0.8891264907159901476, 0.3236155771181820628, -0.3236155771181822849 ) ) ;
#8693 = FACE_OUTER_BOUND ( 'NONE', #5875, .T. ) ;
#8694 = DIRECTION ( 'NONE',  ( 0.000000000000000000, 0.000000000000000000, 1.000000000000000000 ) ) ;
#8695 = ORIENTED_EDGE ( 'NONE', *, *, #4698, .T. ) ;
#8696 = CARTESIAN_POINT ( 'NONE',  ( -0.03749999999999999861, 0.3880000000000000115, 0.08749999999999988343 ) ) ;
#8697 = MECHANICAL_DESIGN_GEOMETRIC_PRESENTATION_REPRESENTATION (  '', ( #4677 ), #3430 ) ;
#8698 = DIRECTION ( 'NONE',  ( -0.8891264907159901476, -0.3236155771181821184, -0.3236155771181821739 ) ) ;
#8699 = CARTESIAN_POINT ( 'NONE',  ( 0.07000000000000017319, 0.1419999999999999873, 0.1529999999999999138 ) ) ;
#8700 = EDGE_CURVE ( 'NONE', #6524, #5410, #5028, .T. ) ;
#8701 = EDGE_LOOP ( 'NONE', ( #12359, #2383, #11794, #282 ) ) ;
#8702 = PRESENTATION_LAYER_ASSIGNMENT (  '', '', ( #6809 ) ) ;
#8703 = CLOSED_SHELL ( 'NONE', ( #7508, #9798, #3942, #8662, #9539, #8237, #7382, #5620, #8711, #4676 ) ) ;
#8704 = CARTESIAN_POINT ( 'NONE',  ( 0.2036698591370891265, 0.02995180444377151113, -0.1825481955562285596 ) ) ;
#8705 =( LENGTH_UNIT ( ) NAMED_UNIT ( * ) SI_UNIT ( $, .METRE. ) );
#8706 =( NAMED_UNIT ( * ) SI_UNIT ( $, .STERADIAN. ) SOLID_ANGLE_UNIT ( ) );
#8707 = CIRCLE ( 'NONE', #2810, 0.007999999999999955064 ) ;
#8708 = DIRECTION ( 'NONE',  ( 0.000000000000000000, 0.000000000000000000, 1.000000000000000000 ) ) ;
#8709 =( NAMED_UNIT ( * ) PLANE_ANGLE_UNIT ( ) SI_UNIT ( $, .RADIAN. ) );
#8710 = LINE ( 'NONE', #5049, #4621 ) ;
#8711 = ADVANCED_FACE ( 'NONE', ( #8815 ), #2866, .F. ) ;
#8712 = VECTOR ( 'NONE', #1336, 39.37007874015748143 ) ;
#8713 = LINE ( 'NONE', #3686, #12209 ) ;
#8714 = EDGE_CURVE ( 'NONE', #1604, #1583, #1581, .T. ) ;
#8715 = AXIS2_PLACEMENT_3D ( 'NONE', #6477, #468, #4499 ) ;
#8716 =( LENGTH_UNIT ( ) NAMED_UNIT ( * ) SI_UNIT ( $, .METRE. ) );
#8717 = ORIENTED_EDGE ( 'NONE', *, *, #7617, .T. ) ;
#8718 = ORIENTED_EDGE ( 'NONE', *, *, #4526, .F. ) ;
#8719 = DIRECTION ( 'NONE',  ( -0.000000000000000000, 0.000000000000000000, 1.000000000000000000 ) ) ;
#8720 = ORIENTED_EDGE ( 'NONE', *, *, #10918, .T. ) ;
#8721 = DIRECTION ( 'NONE',  ( 0.000000000000000000, -1.000000000000000000, 0.000000000000000000 ) ) ;
#8722 = VECTOR ( 'NONE', #12785, 39.37007874015748854 ) ;
#8723 = CARTESIAN_POINT ( 'NONE',  ( -0.1449999999999999623, 0.008597722069280349169, -0.1125000000000001138 ) ) ;
#8724 = FACE_OUTER_BOUND ( 'NONE', #12865, .T. ) ;
#8725 = ORIENTED_EDGE ( 'NONE', *, *, #12684, .F. ) ;
#8726 = CARTESIAN_POINT ( 'NONE',  ( -0.1213779527559052523, 0.02500000000000000486, 0.1874999999999999167 ) ) ;
#8727 = ADVANCED_FACE ( 'NONE', ( #3574 ), #7805, .F. ) ;
#8728 = ORIENTED_EDGE ( 'NONE', *, *, #1044, .F. ) ;
#8729 = DIRECTION ( 'NONE',  ( 0.3420201433256649937, -0.9396926207859097602, 0.000000000000000000 ) ) ;
#8730 = CARTESIAN_POINT ( 'NONE',  ( 0.03749999999999999861, 0.1419999999999999873, -0.08750000000000010547 ) ) ;
#8731 = CIRCLE ( 'NONE', #3039, 0.01250000000000008049 ) ;
#8732 =( CONVERSION_BASED_UNIT ( 'INCH', #4696 ) LENGTH_UNIT ( ) NAMED_UNIT ( #3137 ) );
#8733 = EDGE_CURVE ( 'NONE', #332, #9611, #6535, .T. ) ;
#8734 = CARTESIAN_POINT ( 'NONE',  ( -0.03749999999999999861, 0.3643779527559052878, 0.1124999999999998918 ) ) ;
#8735 = VECTOR ( 'NONE', #4207, 39.37007874015748143 ) ;
#8736 = EDGE_LOOP ( 'NONE', ( #5857, #2164, #11575, #11798 ) ) ;
#8737 = ORIENTED_EDGE ( 'NONE', *, *, #397, .F. ) ;
#8738 = ORIENTED_EDGE ( 'NONE', *, *, #7673, .T. ) ;
#8739 = CARTESIAN_POINT ( 'NONE',  ( -0.03749999999999999861, 0.1419999999999999873, -0.08750000000000010547 ) ) ;
#8740 = EDGE_CURVE ( 'NONE', #9051, #8168, #5538, .T. ) ;
#8742 = LINE ( 'NONE', #11652, #10703 ) ;
#8741 = AXIS2_PLACEMENT_3D ( 'NONE', #9323, #1113, #3110 ) ;
#8743 =( CONVERSION_BASED_UNIT ( 'INCH', #4707 ) LENGTH_UNIT ( ) NAMED_UNIT ( #8776 ) );
#8744 = DIRECTION ( 'NONE',  ( 1.000000000000000000, 0.000000000000000000, -0.000000000000000000 ) ) ;
#8745 = LINE ( 'NONE', #12654, #7682 ) ;
#8746 = ORIENTED_EDGE ( 'NONE', *, *, #9134, .F. ) ;
#8747 = DIRECTION ( 'NONE',  ( 0.000000000000000000, 0.000000000000000000, -1.000000000000000000 ) ) ;
#8748 = LINE ( 'NONE', #7831, #807 ) ;
#8749 = ADVANCED_FACE ( 'NONE', ( #4752 ), #797, .F. ) ;
#8750 = ORIENTED_EDGE ( 'NONE', *, *, #2622, .T. ) ;
#8751 = FACE_OUTER_BOUND ( 'NONE', #535, .T. ) ;
#8752 =( GEOMETRIC_REPRESENTATION_CONTEXT ( 3 ) GLOBAL_UNCERTAINTY_ASSIGNED_CONTEXT ( ( #1657 ) ) GLOBAL_UNIT_ASSIGNED_CONTEXT ( ( #12272, #3149, #10096 ) ) REPRESENTATION_CONTEXT ( 'NONE', 'WORKASPACE' ) );
#8753 = CIRCLE ( 'NONE', #10872, 0.01250000000000008049 ) ;
#8754 = SURFACE_SIDE_STYLE ('',( #4722 ) ) ;
#8755 = VECTOR ( 'NONE', #3782, 39.37007874015748143 ) ;
#8756 = ORIENTED_EDGE ( 'NONE', *, *, #6639, .T. ) ;
#8757 = PLANE ( 'NONE',  #1401 ) ;
#8758 = ORIENTED_EDGE ( 'NONE', *, *, #12934, .T. ) ;
#8759 = LINE ( 'NONE', #10810, #12348 ) ;
#8761 = DIRECTION ( 'NONE',  ( 0.000000000000000000, -1.000000000000000000, 0.000000000000000000 ) ) ;
#8760 = CIRCLE ( 'NONE', #5378, 0.01250000000000008049 ) ;
#8762 = DIRECTION ( 'NONE',  ( 0.000000000000000000, 0.000000000000000000, 1.000000000000000000 ) ) ;
#8763 = DIRECTION ( 'NONE',  ( 1.000000000000000000, 0.000000000000000000, 0.000000000000000000 ) ) ;
#8764 = CARTESIAN_POINT ( 'NONE',  ( -0.07000000000000017319, 0.05799999999999997519, -0.05299999999999997075 ) ) ;
#8765 = VERTEX_POINT ( 'NONE', #7536 ) ;
#8766 = FACE_OUTER_BOUND ( 'NONE', #12790, .T. ) ;
#8767 = DIRECTION ( 'NONE',  ( 0.000000000000000000, 1.000000000000000000, 0.000000000000000000 ) ) ;
#8768 =( NAMED_UNIT ( * ) SI_UNIT ( $, .STERADIAN. ) SOLID_ANGLE_UNIT ( ) );
#8769 =( GEOMETRIC_REPRESENTATION_CONTEXT ( 3 ) GLOBAL_UNCERTAINTY_ASSIGNED_CONTEXT ( ( #12287 ) ) GLOBAL_UNIT_ASSIGNED_CONTEXT ( ( #8438, #9431, #10418 ) ) REPRESENTATION_CONTEXT ( 'NONE', 'WORKASPACE' ) );
#8770 =( NAMED_UNIT ( * ) PLANE_ANGLE_UNIT ( ) SI_UNIT ( $, .RADIAN. ) );
#8771 = ORIENTED_EDGE ( 'NONE', *, *, #89, .F. ) ;
#8772 = LINE ( 'NONE', #3613, #12747 ) ;
#8773 = ORIENTED_EDGE ( 'NONE', *, *, #9348, .F. ) ;
#8774 = DIRECTION ( 'NONE',  ( 6.097874985857737794E-17, -1.000000000000000000, 0.000000000000000000 ) ) ;
#8775 = DIRECTION ( 'NONE',  ( 0.000000000000000000, 0.000000000000000000, 1.000000000000000000 ) ) ;
#8776 = DIMENSIONAL_EXPONENTS ( 1.000000000000000000, 0.000000000000000000, 0.000000000000000000, 0.000000000000000000, 0.000000000000000000, 0.000000000000000000, 0.000000000000000000 ) ;
#8777 = ADVANCED_FACE ( 'NONE', ( #4747 ), #721, .T. ) ;
#8778 = DIRECTION ( 'NONE',  ( 0.000000000000000000, 0.000000000000000000, -1.000000000000000000 ) ) ;
#8779 = DIRECTION ( 'NONE',  ( -2.435670465107224942E-16, -1.000000000000000000, 0.000000000000000000 ) ) ;
#8780 = CARTESIAN_POINT ( 'NONE',  ( 0.06250000000000001388, 0.2150000000000000244, -0.1125000000000001138 ) ) ;
#8781 = AXIS2_PLACEMENT_3D ( 'NONE', #3164, #10110, #5197 ) ;
#8782 = FILL_AREA_STYLE_COLOUR ( '', #2081 ) ;
#8783 = SURFACE_STYLE_FILL_AREA ( #11698 ) ;
#8784 = VERTEX_POINT ( 'NONE', #2716 ) ;
#8785 = EDGE_LOOP ( 'NONE', ( #4570, #10272, #9660, #6558 ) ) ;
#8787 = VECTOR ( 'NONE', #3987, 39.37007874015748143 ) ;
#8786 =( LENGTH_UNIT ( ) NAMED_UNIT ( * ) SI_UNIT ( $, .METRE. ) );
#8788 = ORIENTED_EDGE ( 'NONE', *, *, #4382, .T. ) ;
#8789 = CARTESIAN_POINT ( 'NONE',  ( -0.03749999999999999861, 0.2150000000000000244, -0.1125000000000001138 ) ) ;
#8790 = PRESENTATION_LAYER_ASSIGNMENT (  '', '', ( #7740 ) ) ;
#8791 = EDGE_CURVE ( 'NONE', #651, #12012, #1843, .T. ) ;
#8792 = DIRECTION ( 'NONE',  ( 0.8891264907159901476, 0.3236155771181820628, -0.3236155771181822849 ) ) ;
#8793 = LINE ( 'NONE', #3626, #921 ) ;
#8794 = CARTESIAN_POINT ( 'NONE',  ( -0.06999999999999999278, 0.1726274169979694906, 0.02199999999999978362 ) ) ;
#8795 = AXIS2_PLACEMENT_3D ( 'NONE', #109, #10090, #8895 ) ;
#8796 = UNCERTAINTY_MEASURE_WITH_UNIT (LENGTH_MEASURE( 1.000000000000000082E-05 ), #10413, 'distance_accuracy_value', 'NONE');
#8797 = ORIENTED_EDGE ( 'NONE', *, *, #10298, .T. ) ;
#8798 = DIRECTION ( 'NONE',  ( 2.435670465107224942E-16, -1.000000000000000000, 0.000000000000000000 ) ) ;
#8799 = CARTESIAN_POINT ( 'NONE',  ( 0.07500000000000005274, 0.02500000000000001180, 0.1124999999999998918 ) ) ;
#8800 = DIRECTION ( 'NONE',  ( -0.000000000000000000, -0.000000000000000000, 1.000000000000000000 ) ) ;
#8801 = DIRECTION ( 'NONE',  ( 0.9396926207859094271, -0.3420201433256662704, 0.000000000000000000 ) ) ;
#8802 = EDGE_CURVE ( 'NONE', #11181, #11785, #4524, .T. ) ;
#8803 = ORIENTED_EDGE ( 'NONE', *, *, #8657, .F. ) ;
#8804 = ORIENTED_EDGE ( 'NONE', *, *, #3586, .T. ) ;
#8805 = LINE ( 'NONE', #3773, #1244 ) ;
#8806 = VECTOR ( 'NONE', #5034, 39.37007874015748143 ) ;
#8807 = EDGE_CURVE ( 'NONE', #4967, #9326, #13011, .T. ) ;
#8808 = LINE ( 'NONE', #12842, #1114 ) ;
#8809 = SURFACE_STYLE_USAGE ( .BOTH. , #6759 ) ;
#8810 = VERTEX_POINT ( 'NONE', #7989 ) ;
#8811 = EDGE_CURVE ( 'NONE', #2097, #2530, #9975, .T. ) ;
#8812 = DIRECTION ( 'NONE',  ( 6.829619984160656074E-16, 0.000000000000000000, 1.000000000000000000 ) ) ;
#8813 = EDGE_CURVE ( 'NONE', #12929, #11327, #2900, .T. ) ;
#8814 = ORIENTED_EDGE ( 'NONE', *, *, #10208, .T. ) ;
#8815 = FACE_OUTER_BOUND ( 'NONE', #1159, .T. ) ;
#8816 = CARTESIAN_POINT ( 'NONE',  ( 0.03750000000000004718, 0.03750000000000001249, -0.1875000000000001110 ) ) ;
#8817 = AXIS2_PLACEMENT_3D ( 'NONE', #4925, #56, #5916 ) ;
#8818 =( LENGTH_UNIT ( ) NAMED_UNIT ( * ) SI_UNIT ( $, .METRE. ) );
#8819 = ORIENTED_EDGE ( 'NONE', *, *, #5102, .T. ) ;
#8820 = DIRECTION ( 'NONE',  ( -1.000000000000000000, 0.000000000000000000, 0.000000000000000000 ) ) ;
#8821 = COLOUR_RGB ( '',1.000000000000000000, 0.8117647058823529438, 0.5019607843137254832 ) ;
#8822 = CARTESIAN_POINT ( 'NONE',  ( 0.1213779527559052385, 0.02500000000000001180, 0.2124999999999999112 ) ) ;
#8823 = EDGE_CURVE ( 'NONE', #741, #3944, #8912, .T. ) ;
#8824 = CIRCLE ( 'NONE', #3545, 0.007999999999999955064 ) ;
#8825 = ADVANCED_FACE ( 'NONE', ( #3876 ), #11016, .T. ) ;
#8826 = VECTOR ( 'NONE', #5678, 39.37007874015748143 ) ;
#8827 = EDGE_CURVE ( 'NONE', #12476, #1979, #4080, .T. ) ;
#8828 = EDGE_LOOP ( 'NONE', ( #6609, #12839, #4275, #9689 ) ) ;
#8829 = DIRECTION ( 'NONE',  ( -1.000000000000000000, 0.000000000000000000, 0.000000000000000000 ) ) ;
#8830 = ORIENTED_EDGE ( 'NONE', *, *, #1807, .T. ) ;
#8831 = DIRECTION ( 'NONE',  ( 0.000000000000000000, 0.000000000000000000, 1.000000000000000000 ) ) ;
#8832 = CARTESIAN_POINT ( 'NONE',  ( -0.07000000000000017319, 0.1419999999999999873, -0.1529999999999999694 ) ) ;
#8833 = ORIENTED_EDGE ( 'NONE', *, *, #8802, .F. ) ;
#8834 = MECHANICAL_DESIGN_GEOMETRIC_PRESENTATION_REPRESENTATION (  '', ( #4150 ), #9894 ) ;
#8835 = DIRECTION ( 'NONE',  ( -1.000000000000000000, 0.000000000000000000, 0.000000000000000000 ) ) ;
#8836 = ADVANCED_FACE ( 'NONE', ( #1980 ), #5786, .F. ) ;
#8837 = DIRECTION ( 'NONE',  ( 0.000000000000000000, 0.000000000000000000, -1.000000000000000000 ) ) ;
#8838 =( NAMED_UNIT ( * ) SI_UNIT ( $, .STERADIAN. ) SOLID_ANGLE_UNIT ( ) );
#8839 = LINE ( 'NONE', #12996, #8787 ) ;
#8840 = VECTOR ( 'NONE', #4689, 39.37007874015748143 ) ;
#8841 = CARTESIAN_POINT ( 'NONE',  ( 0.07000000000000002054, 0.04999999999999998196, 0.1299999999999997824 ) ) ;
#8842 = ORIENTED_EDGE ( 'NONE', *, *, #5542, .F. ) ;
#8843 = DIRECTION ( 'NONE',  ( 1.000000000000000000, 1.138269997360106963E-16, 0.000000000000000000 ) ) ;
#8844 = EDGE_CURVE ( 'NONE', #8375, #6801, #1772, .T. ) ;
#8845 = LINE ( 'NONE', #1761, #11363 ) ;
#8846 =( NAMED_UNIT ( * ) SI_UNIT ( $, .STERADIAN. ) SOLID_ANGLE_UNIT ( ) );
#8847 = ORIENTED_EDGE ( 'NONE', *, *, #8259, .T. ) ;
#8848 = DIRECTION ( 'NONE',  ( -0.8891264907159903697, -0.3236155771181813412, -0.3236155771181821739 ) ) ;
#8849 = ORIENTED_EDGE ( 'NONE', *, *, #7789, .T. ) ;
#8850 =( GEOMETRIC_REPRESENTATION_CONTEXT ( 3 ) GLOBAL_UNCERTAINTY_ASSIGNED_CONTEXT ( ( #221 ) ) GLOBAL_UNIT_ASSIGNED_CONTEXT ( ( #2035, #7922, #10888 ) ) REPRESENTATION_CONTEXT ( 'NONE', 'WORKASPACE' ) );
#8851 = DIRECTION ( 'NONE',  ( -1.000000000000000000, -0.000000000000000000, -0.000000000000000000 ) ) ;
#8852 =( NAMED_UNIT ( * ) PLANE_ANGLE_UNIT ( ) SI_UNIT ( $, .RADIAN. ) );
#8853 = MECHANICAL_DESIGN_GEOMETRIC_PRESENTATION_REPRESENTATION (  '', ( #5458 ), #400 ) ;
#8854 = LINE ( 'NONE', #7860, #5186 ) ;
#8855 = DIRECTION ( 'NONE',  ( 1.000000000000000000, -2.435670465107224942E-16, -0.000000000000000000 ) ) ;
#8856 = PLANE ( 'NONE',  #10333 ) ;
#8857 = AXIS2_PLACEMENT_3D ( 'NONE', #2562, #8567, #6704 ) ;
#8858 = DIRECTION ( 'NONE',  ( 0.9396926207859094271, -0.3420201433256662704, 0.000000000000000000 ) ) ;
#8859 = ORIENTED_EDGE ( 'NONE', *, *, #70, .F. ) ;
#8860 = EDGE_LOOP ( 'NONE', ( #1522, #6936, #12577, #5584 ) ) ;
#8861 = SURFACE_STYLE_FILL_AREA ( #7808 ) ;
#8862 = ORIENTED_EDGE ( 'NONE', *, *, #5894, .T. ) ;
#8863 = DIRECTION ( 'NONE',  ( 0.000000000000000000, 1.000000000000000000, 0.000000000000000000 ) ) ;
#8864 = MECHANICAL_DESIGN_GEOMETRIC_PRESENTATION_REPRESENTATION (  '', ( #10146 ), #11609 ) ;
#8865 = CARTESIAN_POINT ( 'NONE',  ( 0.1317360635310592387, 0.003770044005388028304, -0.1912700440053881623 ) ) ;
#8866 = FACE_OUTER_BOUND ( 'NONE', #4041, .T. ) ;
#8867 = DIRECTION ( 'NONE',  ( 0.000000000000000000, 0.000000000000000000, -1.000000000000000000 ) ) ;
#8868 = CARTESIAN_POINT ( 'NONE',  ( -0.1213779527559052523, 0.02500000000000000486, 0.1874999999999999167 ) ) ;
#8869 = FACE_OUTER_BOUND ( 'NONE', #4582, .T. ) ;
#8870 = PLANE ( 'NONE',  #11772 ) ;
#8871 = CARTESIAN_POINT ( 'NONE',  ( -0.06250000000000005551, 0.03750000000000001249, -0.2125000000000001332 ) ) ;
#8872 = EDGE_CURVE ( 'NONE', #7220, #849, #12890, .T. ) ;
#8873 = STYLED_ITEM ( 'NONE', ( #2463 ), #7771 ) ;
#8874 = ORIENTED_EDGE ( 'NONE', *, *, #7288, .F. ) ;
#8875 = ORIENTED_EDGE ( 'NONE', *, *, #3850, .T. ) ;
#8876 = LINE ( 'NONE', #7502, #3136 ) ;
#8877 = DIRECTION ( 'NONE',  ( -0.000000000000000000, 1.000000000000000000, -0.000000000000000000 ) ) ;
#8878 = CARTESIAN_POINT ( 'NONE',  ( 0.000000000000000000, 0.2150000000000000244, 0.2000000000000000111 ) ) ;
#8879 = CARTESIAN_POINT ( 'NONE',  ( -0.06999999999999999278, 0.1499999999999999944, -0.07800000000000022193 ) ) ;
#8880 = ORIENTED_EDGE ( 'NONE', *, *, #7529, .F. ) ;
#8881 = SURFACE_STYLE_FILL_AREA ( #5946 ) ;
#8882 = DIRECTION ( 'NONE',  ( -1.000000000000000000, -0.000000000000000000, 0.000000000000000000 ) ) ;
#8883 = EDGE_LOOP ( 'NONE', ( #10952, #10317, #3441, #2907 ) ) ;
#8884 =( CONVERSION_BASED_UNIT ( 'INCH', #5824 ) LENGTH_UNIT ( ) NAMED_UNIT ( #12575 ) );
#8885 = DIRECTION ( 'NONE',  ( 0.000000000000000000, 1.000000000000000000, 0.000000000000000000 ) ) ;
#8886 = EDGE_CURVE ( 'NONE', #6801, #10903, #8187, .T. ) ;
#8887 = EDGE_CURVE ( 'NONE', #8056, #11767, #9046, .T. ) ;
#8888 = ORIENTED_EDGE ( 'NONE', *, *, #12429, .T. ) ;
#8889 = LINE ( 'NONE', #5038, #12521 ) ;
#8890 = EDGE_LOOP ( 'NONE', ( #4763, #6572, #8737, #8695 ) ) ;
#8891 = DIRECTION ( 'NONE',  ( 0.000000000000000000, 1.000000000000000000, 0.000000000000000000 ) ) ;
#8892 = FACE_OUTER_BOUND ( 'NONE', #1410, .T. ) ;
#8893 = VERTEX_POINT ( 'NONE', #11150 ) ;
#8894 = SURFACE_STYLE_USAGE ( .BOTH. , #6573 ) ;
#8895 = DIRECTION ( 'NONE',  ( 0.000000000000000000, 0.000000000000000000, 1.000000000000000000 ) ) ;
#8896 = CARTESIAN_POINT ( 'NONE',  ( -0.1449999999999999623, 0.01640227793071964008, -0.08750000000000010547 ) ) ;
#8897 = DIRECTION ( 'NONE',  ( 0.000000000000000000, -0.3420201433256662704, -0.9396926207859094271 ) ) ;
#8898 = CARTESIAN_POINT ( 'NONE',  ( 0.07500000000000003886, 0.03750000000000000555, 0.2124999999999999112 ) ) ;
#8899 = EDGE_LOOP ( 'NONE', ( #7988, #1063, #8043, #7806 ) ) ;
#8900 = ADVANCED_FACE ( 'NONE', ( #1043 ), #4063, .F. ) ;
#8901 =( CONVERSION_BASED_UNIT ( 'INCH', #10030 ) LENGTH_UNIT ( ) NAMED_UNIT ( #1016 ) );
#8902 = EDGE_CURVE ( 'NONE', #1215, #9812, #5199, .T. ) ;
#8903 = SURFACE_SIDE_STYLE ('',( #6037 ) ) ;
#8904 = EDGE_LOOP ( 'NONE', ( #5684, #3501, #2908, #6337 ) ) ;
#8905 = CARTESIAN_POINT ( 'NONE',  ( 0.03749999999999999861, 0.05799999999999997519, -0.2125000000000001332 ) ) ;
#8906 = ORIENTED_EDGE ( 'NONE', *, *, #11726, .T. ) ;
#8907 = DIRECTION ( 'NONE',  ( -5.850480457187554951E-16, 1.000000000000000000, 0.000000000000000000 ) ) ;
#8908 = ADVANCED_FACE ( 'NONE', ( #6120 ), #4135, .T. ) ;
#8909 = COLOUR_RGB ( '',1.000000000000000000, 0.8117647058823529438, 0.5019607843137254832 ) ;
#8910 = CARTESIAN_POINT ( 'NONE',  ( 0.06250000000000001388, 0.2150000000000000244, -0.1875000000000001110 ) ) ;
#8911 = DIRECTION ( 'NONE',  ( 1.000000000000000000, 0.000000000000000000, 0.000000000000000000 ) ) ;
#8912 = LINE ( 'NONE', #11886, #6636 ) ;
#8913 = VECTOR ( 'NONE', #1880, 39.37007874015748143 ) ;
#8914 = DIRECTION ( 'NONE',  ( 0.000000000000000000, 0.000000000000000000, -1.000000000000000000 ) ) ;
#8915 = VERTEX_POINT ( 'NONE', #3228 ) ;
#8916 = AXIS2_PLACEMENT_3D ( 'NONE', #9992, #11174, #7068 ) ;
#8917 = ORIENTED_EDGE ( 'NONE', *, *, #12052, .T. ) ;
#8918 = VERTEX_POINT ( 'NONE', #7324 ) ;
#8919 = CARTESIAN_POINT ( 'NONE',  ( -0.06249999999999981959, 0.1419999999999999873, -0.1125000000000001138 ) ) ;
#8920 = DIRECTION ( 'NONE',  ( 0.000000000000000000, 0.000000000000000000, 1.000000000000000000 ) ) ;
#8921 = DIRECTION ( 'NONE',  ( 1.000000000000000000, 0.000000000000000000, 0.000000000000000000 ) ) ;
#8922 = MECHANICAL_DESIGN_GEOMETRIC_PRESENTATION_REPRESENTATION (  '', ( #3214 ), #4050 ) ;
#8923 = LINE ( 'NONE', #3696, #6055 ) ;
#8924 = FILL_AREA_STYLE_COLOUR ( '', #8410 ) ;
#8925 = LINE ( 'NONE', #10188, #6588 ) ;
#8926 = VECTOR ( 'NONE', #4219, 39.37007874015748143 ) ;
#8927 = CARTESIAN_POINT ( 'NONE',  ( -0.07500000000000005274, 0.02499999999999992506, -0.08750000000000010547 ) ) ;
#8928 = FACE_OUTER_BOUND ( 'NONE', #11987, .T. ) ;
#8929 = ORIENTED_EDGE ( 'NONE', *, *, #6273, .T. ) ;
#8930 = ORIENTED_EDGE ( 'NONE', *, *, #1917, .F. ) ;
#8931 = AXIS2_PLACEMENT_3D ( 'NONE', #2189, #11848, #819 ) ;
#8932 = DIRECTION ( 'NONE',  ( 1.000000000000000000, -6.097874985857736561E-17, 0.000000000000000000 ) ) ;
#8933 = VECTOR ( 'NONE', #11771, 39.37007874015748143 ) ;
#8934 = PLANE ( 'NONE',  #12814 ) ;
#8935 = DIRECTION ( 'NONE',  ( 0.000000000000000000, -0.000000000000000000, 1.000000000000000000 ) ) ;
#8936 = DIRECTION ( 'NONE',  ( 0.000000000000000000, 0.000000000000000000, 1.000000000000000000 ) ) ;
#8937 = CARTESIAN_POINT ( 'NONE',  ( -0.06250000000000001388, 0.3880000000000000115, -0.1125000000000001138 ) ) ;
#8938 = VERTEX_POINT ( 'NONE', #2181 ) ;
#8939 = CARTESIAN_POINT ( 'NONE',  ( -0.06250000000000001388, 0.2150000000000000244, -0.01250000000000010651 ) ) ;
#8940 = AXIS2_PLACEMENT_3D ( 'NONE', #9788, #1516, #5674 ) ;
#8941 = ADVANCED_FACE ( 'NONE', ( #7188 ), #5274, .T. ) ;
#8942 = ORIENTED_EDGE ( 'NONE', *, *, #9635, .F. ) ;
#8943 =( LENGTH_UNIT ( ) NAMED_UNIT ( * ) SI_UNIT ( $, .METRE. ) );
#8944 = VECTOR ( 'NONE', #601, 39.37007874015748143 ) ;
#8945 =( NAMED_UNIT ( * ) PLANE_ANGLE_UNIT ( ) SI_UNIT ( $, .RADIAN. ) );
#8946 = VECTOR ( 'NONE', #2542, 39.37007874015748143 ) ;
#8947 = VECTOR ( 'NONE', #5313, 39.37007874015748143 ) ;
#8948 = EDGE_LOOP ( 'NONE', ( #9669, #560 ) ) ;
#8949 = DIRECTION ( 'NONE',  ( 0.000000000000000000, 0.000000000000000000, -1.000000000000000000 ) ) ;
#8950 = PLANE ( 'NONE',  #8387 ) ;
#8951 = DIRECTION ( 'NONE',  ( -3.045457963692998845E-16, 1.000000000000000000, 0.000000000000000000 ) ) ;
#8952 = ORIENTED_EDGE ( 'NONE', *, *, #10885, .T. ) ;
#8953 = EDGE_CURVE ( 'NONE', #2022, #3026, #12076, .T. ) ;
#8954 = DIRECTION ( 'NONE',  ( -1.000000000000000000, 0.000000000000000000, 0.000000000000000000 ) ) ;
#8955 = COLOUR_RGB ( '',1.000000000000000000, 0.8117647058823529438, 0.5019607843137254832 ) ;
#8956 = DIRECTION ( 'NONE',  ( 1.000000000000000000, 0.000000000000000000, 0.000000000000000000 ) ) ;
#8957 = CARTESIAN_POINT ( 'NONE',  ( 0.1449999999999999623, -0.03750000000000000555, 0.2039022779307195499 ) ) ;
#8958 = DIRECTION ( 'NONE',  ( 0.000000000000000000, -0.000000000000000000, 1.000000000000000000 ) ) ;
#8959 = EDGE_CURVE ( 'NONE', #8089, #9611, #6258, .T. ) ;
#8960 = PLANE ( 'NONE',  #6245 ) ;
#8961 = VERTEX_POINT ( 'NONE', #9245 ) ;
#8962 = DIRECTION ( 'NONE',  ( -0.000000000000000000, 0.000000000000000000, -1.000000000000000000 ) ) ;
#8963 = AXIS2_PLACEMENT_3D ( 'NONE', #10350, #4245, #10475 ) ;
#8964 = DIRECTION ( 'NONE',  ( 1.000000000000000000, 0.000000000000000000, 0.000000000000000000 ) ) ;
#8965 = COLOUR_RGB ( '',1.000000000000000000, 0.8117647058823529438, 0.5019607843137254832 ) ;
#8966 = EDGE_CURVE ( 'NONE', #3014, #6264, #2114, .T. ) ;
#8967 = ORIENTED_EDGE ( 'NONE', *, *, #11645, .F. ) ;
#8968 = COLOUR_RGB ( '',1.000000000000000000, 0.8117647058823529438, 0.5019607843137254832 ) ;
#8969 = PLANE ( 'NONE',  #5193 ) ;
#8971 = VECTOR ( 'NONE', #8812, 39.37007874015748143 ) ;
#8970 = PLANE ( 'NONE',  #9499 ) ;
#8972 = ORIENTED_EDGE ( 'NONE', *, *, #7547, .F. ) ;
#8973 = ADVANCED_FACE ( 'NONE', ( #9110 ), #973, .T. ) ;
#8974 = CARTESIAN_POINT ( 'NONE',  ( 0.03749999999999999861, 0.2150000000000000244, -0.01250000000000010651 ) ) ;
#8975 = EDGE_CURVE ( 'NONE', #12581, #476, #8255, .T. ) ;
#8976 = CARTESIAN_POINT ( 'NONE',  ( 0.09499999999999998723, 0.04999999999999998196, 0.1359999999999999265 ) ) ;
#8977 = ORIENTED_EDGE ( 'NONE', *, *, #7848, .F. ) ;
#8978 =( LENGTH_UNIT ( ) NAMED_UNIT ( * ) SI_UNIT ( $, .METRE. ) );
#8979 = ADVANCED_FACE ( 'NONE', ( #196 ), #4269, .T. ) ;
#8980 = EDGE_CURVE ( 'NONE', #7493, #1511, #11350, .T. ) ;
#8981 = DIRECTION ( 'NONE',  ( 0.000000000000000000, 0.000000000000000000, -1.000000000000000000 ) ) ;
#8982 = EDGE_CURVE ( 'NONE', #3026, #491, #7253, .T. ) ;
#8983 = CARTESIAN_POINT ( 'NONE',  ( -0.03750000000000004718, 0.03750000000000001249, -0.01250000000000010651 ) ) ;
#8984 = ORIENTED_EDGE ( 'NONE', *, *, #3568, .T. ) ;
#8985 = ORIENTED_EDGE ( 'NONE', *, *, #8403, .T. ) ;
#8986 = DIRECTION ( 'NONE',  ( -1.000000000000000000, 0.000000000000000000, 0.000000000000000000 ) ) ;
#8987 = ADVANCED_FACE ( 'NONE', ( #10309 ), #1101, .T. ) ;
#8988 = ORIENTED_EDGE ( 'NONE', *, *, #12138, .T. ) ;
#8989 = VECTOR ( 'NONE', #11493, 39.37007874015748143 ) ;
#8990 = LINE ( 'NONE', #1786, #7018 ) ;
#8991 = AXIS2_PLACEMENT_3D ( 'NONE', #8051, #5980, #6793 ) ;
#8992 = CARTESIAN_POINT ( 'NONE',  ( -0.03749999999999999861, 0.2150000000000000244, -0.01250000000000010651 ) ) ;
#8993 = LINE ( 'NONE', #7874, #2833 ) ;
#8994 = EDGE_CURVE ( 'NONE', #4336, #1052, #10562, .T. ) ;
#8995 = FACE_OUTER_BOUND ( 'NONE', #10656, .T. ) ;
#8996 = CARTESIAN_POINT ( 'NONE',  ( 0.07000000000000000666, 0.1726274169979694906, -0.03800000000000023498 ) ) ;
#8997 =( CONVERSION_BASED_UNIT ( 'INCH', #8066 ) LENGTH_UNIT ( ) NAMED_UNIT ( #7185 ) );
#8998 =( NAMED_UNIT ( * ) SI_UNIT ( $, .STERADIAN. ) SOLID_ANGLE_UNIT ( ) );
#8999 = LINE ( 'NONE', #5152, #5871 ) ;
#9000 = VECTOR ( 'NONE', #6714, 39.37007874015748854 ) ;
#9001 = ORIENTED_EDGE ( 'NONE', *, *, #12841, .T. ) ;
#9002 = ORIENTED_EDGE ( 'NONE', *, *, #9781, .F. ) ;
#9003 = DIRECTION ( 'NONE',  ( -1.000000000000000000, 1.138269997360106963E-16, 0.000000000000000000 ) ) ;
#9004 = MECHANICAL_DESIGN_GEOMETRIC_PRESENTATION_REPRESENTATION (  '', ( #7740 ), #11103 ) ;
#9005 = CARTESIAN_POINT ( 'NONE',  ( -0.05390227793071963869, 0.3880000000000000115, -0.1960977220692805001 ) ) ;
#9006 = SURFACE_STYLE_USAGE ( .BOTH. , #11042 ) ;
#9007 = FACE_OUTER_BOUND ( 'NONE', #1552, .T. ) ;
#9008 = ORIENTED_EDGE ( 'NONE', *, *, #8419, .T. ) ;
#9009 = CARTESIAN_POINT ( 'NONE',  ( -0.03749999999999999861, 0.3880000000000000115, -0.01250000000000010651 ) ) ;
#9010 = DIRECTION ( 'NONE',  ( -1.000000000000000000, 0.000000000000000000, -0.000000000000000000 ) ) ;
#9011 = VECTOR ( 'NONE', #13057, 39.37007874015748143 ) ;
#9012 = ORIENTED_EDGE ( 'NONE', *, *, #1539, .T. ) ;
#9013 = CYLINDRICAL_SURFACE ( 'NONE', #9284, 0.01250000000000008049 ) ;
#9014 = DIRECTION ( 'NONE',  ( 0.9153150324227631307, 0.000000000000000000, -0.4027386142660223101 ) ) ;
#9015 = CIRCLE ( 'NONE', #12185, 0.007999999999999989758 ) ;
#9016 = LINE ( 'NONE', #159, #7119 ) ;
#9017 = ORIENTED_EDGE ( 'NONE', *, *, #10575, .T. ) ;
#9018 = CARTESIAN_POINT ( 'NONE',  ( -0.06999999999999999278, 0.1726274169979694906, 0.2219999999999998086 ) ) ;
#9019 = DIRECTION ( 'NONE',  ( -0.000000000000000000, -1.000000000000000000, -0.000000000000000000 ) ) ;
#9020 = LINE ( 'NONE', #12990, #10137 ) ;
#9021 = ORIENTED_EDGE ( 'NONE', *, *, #12748, .T. ) ;
#9022 = AXIS2_PLACEMENT_3D ( 'NONE', #11551, #11623, #3374 ) ;
#9023 = CARTESIAN_POINT ( 'NONE',  ( -0.06999999999999999278, 0.1726274169979694906, -0.1780000000000002136 ) ) ;
#9024 = DIRECTION ( 'NONE',  ( -1.000000000000000000, 0.000000000000000000, 0.000000000000000000 ) ) ;
#9025 = CARTESIAN_POINT ( 'NONE',  ( -0.06999999999999999278, 0.1419999999999999873, -0.1700000000000002343 ) ) ;
#9026 = LINE ( 'NONE', #12926, #9011 ) ;
#9027 = STYLED_ITEM ( 'NONE', ( #6415 ), #10552 ) ;
#9028 = CARTESIAN_POINT ( 'NONE',  ( -0.07500000000000002498, 0.000000000000000000, 0.2124999999999999112 ) ) ;
#9029 = ORIENTED_EDGE ( 'NONE', *, *, #6199, .T. ) ;
#9030 = CARTESIAN_POINT ( 'NONE',  ( -0.07500000000000005274, 0.02500000000000001180, -0.08750000000000010547 ) ) ;
#9031 = ADVANCED_BREP_SHAPE_REPRESENTATION ( '', ( #10820, #1961, #2117, #6155, #1931, #6335, #6316, #6509, #10714, #10871, #2048, #10650, #6179, #10696, #6228, #6134, #1755, #6092, #1776, #10552, #10525, #7725 ), #8769 ) ;
#9032 = DIRECTION ( 'NONE',  ( 0.000000000000000000, -0.3420201433256662704, -0.9396926207859094271 ) ) ;
#9033 = COLOUR_RGB ( '',0.7921568627450980005, 0.8196078431372548767, 0.9333333333333333481 ) ;
#9034 = EDGE_CURVE ( 'NONE', #4401, #10455, #1364, .T. ) ;
#9035 = CARTESIAN_POINT ( 'NONE',  ( -0.07500000000000005274, 0.000000000000000000, 0.1874999999999999167 ) ) ;
#9036 = VERTEX_POINT ( 'NONE', #1299 ) ;
#9037 = DIRECTION ( 'NONE',  ( 0.000000000000000000, 0.000000000000000000, -1.000000000000000000 ) ) ;
#9038 = VECTOR ( 'NONE', #9533, 39.37007874015748143 ) ;
#9039 = CARTESIAN_POINT ( 'NONE',  ( 0.000000000000000000, 0.3880000000000000115, 0.1039022779307195166 ) ) ;
#9040 = ORIENTED_EDGE ( 'NONE', *, *, #4829, .T. ) ;
#9041 = MECHANICAL_DESIGN_GEOMETRIC_PRESENTATION_REPRESENTATION (  '', ( #4397 ), #9253 ) ;
#9042 = FACE_OUTER_BOUND ( 'NONE', #2469, .T. ) ;
#9043 = FILL_AREA_STYLE_COLOUR ( '', #12162 ) ;
#9044 = DIRECTION ( 'NONE',  ( 0.000000000000000000, 1.000000000000000000, 0.000000000000000000 ) ) ;
#9045 = ORIENTED_EDGE ( 'NONE', *, *, #4103, .F. ) ;
#9046 = LINE ( 'NONE', #7053, #8735 ) ;
#9047 = DIRECTION ( 'NONE',  ( 0.000000000000000000, 0.000000000000000000, 1.000000000000000000 ) ) ;
#9048 = EDGE_CURVE ( 'NONE', #8405, #6148, #9444, .T. ) ;
#9049 = ADVANCED_FACE ( 'NONE', ( #4409 ), #5592, .T. ) ;
#9050 = LINE ( 'NONE', #5921, #1518 ) ;
#9051 = VERTEX_POINT ( 'NONE', #5326 ) ;
#9052 = EDGE_LOOP ( 'NONE', ( #9268, #6386, #7913, #6737 ) ) ;
#9053 = CARTESIAN_POINT ( 'NONE',  ( -0.03749999999999980432, 0.05799999999999996825, 0.08749999999999986955 ) ) ;
#9054 = COLOUR_RGB ( '',1.000000000000000000, 0.8117647058823529438, 0.5019607843137254832 ) ;
#9055 = EDGE_LOOP ( 'NONE', ( #8426, #8254, #694, #815 ) ) ;
#9056 = PLANE ( 'NONE',  #9359 ) ;
#9057 = DIRECTION ( 'NONE',  ( 0.000000000000000000, 0.000000000000000000, 1.000000000000000000 ) ) ;
#9058 = CARTESIAN_POINT ( 'NONE',  ( -0.03750000000000004718, 0.03750000000000001249, -0.1125000000000001138 ) ) ;
#9059 = DIRECTION ( 'NONE',  ( 0.000000000000000000, -1.000000000000000000, 0.000000000000000000 ) ) ;
#9060 = AXIS2_PLACEMENT_3D ( 'NONE', #7308, #12271, #47 ) ;
#9061 = ADVANCED_FACE ( 'NONE', ( #6516 ), #7514, .T. ) ;
#9062 = VECTOR ( 'NONE', #4198, 39.37007874015748143 ) ;
#9063 = CARTESIAN_POINT ( 'NONE',  ( 0.03749999999999999861, 0.3643779527559052878, -0.2125000000000001332 ) ) ;
#9064 = DIRECTION ( 'NONE',  ( -0.3420201433256656598, 0.9396926207859095381, 0.000000000000000000 ) ) ;
#9065 = EDGE_CURVE ( 'NONE', #9548, #9403, #11416, .T. ) ;
#9066 = DIRECTION ( 'NONE',  ( 1.000000000000000000, -6.097874985857737794E-17, 0.000000000000000000 ) ) ;
#9068 = ORIENTED_EDGE ( 'NONE', *, *, #8827, .F. ) ;
#9067 = ADVANCED_FACE ( 'NONE', ( #12417 ), #3484, .T. ) ;
#9069 = EDGE_LOOP ( 'NONE', ( #12532, #3590, #1695, #6683 ) ) ;
#9070 = LINE ( 'NONE', #10331, #2511 ) ;
#9071 =( GEOMETRIC_REPRESENTATION_CONTEXT ( 3 ) GLOBAL_UNCERTAINTY_ASSIGNED_CONTEXT ( ( #8414 ) ) GLOBAL_UNIT_ASSIGNED_CONTEXT ( ( #3662, #569, #12531 ) ) REPRESENTATION_CONTEXT ( 'NONE', 'WORKASPACE' ) );
#9072 = CARTESIAN_POINT ( 'NONE',  ( -0.07999999999999979350, 0.1420000000000000151, -0.2500000000000000555 ) ) ;
#9073 = CARTESIAN_POINT ( 'NONE',  ( 0.000000000000000000, 0.2150000000000000244, 0.2000000000000000111 ) ) ;
#9074 =( LENGTH_UNIT ( ) NAMED_UNIT ( * ) SI_UNIT ( $, .METRE. ) );
#9075 = DIRECTION ( 'NONE',  ( 0.8891264907159903697, -0.3236155771181813412, -0.3236155771181821739 ) ) ;
#9077 = EDGE_LOOP ( 'NONE', ( #4733, #3381, #5349, #420 ) ) ;
#9076 = EDGE_CURVE ( 'NONE', #4497, #10826, #4940, .T. ) ;
#9078 = DIRECTION ( 'NONE',  ( -0.8891264907159901476, -0.3236155771181821184, -0.3236155771181821739 ) ) ;
#9079 = CARTESIAN_POINT ( 'NONE',  ( 0.03749999999999999861, 0.05799999999999996825, -0.1125000000000001138 ) ) ;
#9080 = UNCERTAINTY_MEASURE_WITH_UNIT (LENGTH_MEASURE( 1.000000000000000082E-05 ), #7404, 'distance_accuracy_value', 'NONE');
#9081 = EDGE_LOOP ( 'NONE', ( #6445, #7641, #2756, #2496 ) ) ;
#9082 = DIRECTION ( 'NONE',  ( -0.000000000000000000, 1.000000000000000000, -0.000000000000000000 ) ) ;
#9083 = CARTESIAN_POINT ( 'NONE',  ( 0.03749999999999999861, 0.05799999999999996825, 0.08749999999999986955 ) ) ;
#9084 = LINE ( 'NONE', #11254, #4997 ) ;
#9085 = PRESENTATION_LAYER_ASSIGNMENT (  '', '', ( #10146 ) ) ;
#9086 = DIRECTION ( 'NONE',  ( 1.000000000000000000, 0.000000000000000000, 0.000000000000000000 ) ) ;
#9087 = ORIENTED_EDGE ( 'NONE', *, *, #967, .T. ) ;
#9088 = DIRECTION ( 'NONE',  ( -0.000000000000000000, 1.000000000000000000, -0.000000000000000000 ) ) ;
#9089 = CARTESIAN_POINT ( 'NONE',  ( 0.000000000000000000, 0.3880000000000000115, 0.2000000000000000111 ) ) ;
#9090 = DIRECTION ( 'NONE',  ( 0.000000000000000000, 0.000000000000000000, 1.000000000000000000 ) ) ;
#9091 = ORIENTED_EDGE ( 'NONE', *, *, #4973, .F. ) ;
#9092 = CARTESIAN_POINT ( 'NONE',  ( -0.04609772206928037380, 0.3880000000000000115, -0.1039022779307197386 ) ) ;
#9093 = LINE ( 'NONE', #11125, #4625 ) ;
#9094 = CARTESIAN_POINT ( 'NONE',  ( -0.09500000000000001499, 0.1419999999999999873, -0.1360000000000000098 ) ) ;
#9095 = CARTESIAN_POINT ( 'NONE',  ( -0.06250000000000005551, 0.03750000000000001249, 0.01249999999999990008 ) ) ;
#9096 = CARTESIAN_POINT ( 'NONE',  ( 0.07000000000000002054, 0.02737258300203046849, -0.07800000000000022193 ) ) ;
#9097 = ORIENTED_EDGE ( 'NONE', *, *, #4436, .T. ) ;
#9098 = FACE_OUTER_BOUND ( 'NONE', #8890, .T. ) ;
#9099 = CARTESIAN_POINT ( 'NONE',  ( -0.03749999999999980432, 0.05799999999999996825, 0.08749999999999986955 ) ) ;
#9100 = LINE ( 'NONE', #6034, #4989 ) ;
#9101 = DIRECTION ( 'NONE',  ( 2.435670465107224942E-16, -1.000000000000000000, 0.000000000000000000 ) ) ;
#9102 = ORIENTED_EDGE ( 'NONE', *, *, #11561, .F. ) ;
#9103 = FACE_OUTER_BOUND ( 'NONE', #1970, .T. ) ;
#9104 = CARTESIAN_POINT ( 'NONE',  ( -0.06250000000000001388, 0.2150000000000000244, 0.1124999999999998918 ) ) ;
#9105 = ORIENTED_EDGE ( 'NONE', *, *, #3416, .T. ) ;
#9106 = CARTESIAN_POINT ( 'NONE',  ( 0.09499999999999998723, 0.05799999999999996825, -0.1640000000000000902 ) ) ;
#9107 = DIRECTION ( 'NONE',  ( -0.4226182617406965547, 0.000000000000000000, 0.9063077870366512689 ) ) ;
#9108 = DIRECTION ( 'NONE',  ( -0.000000000000000000, 1.000000000000000000, -0.000000000000000000 ) ) ;
#9109 = VERTEX_POINT ( 'NONE', #3424 ) ;
#9110 = FACE_OUTER_BOUND ( 'NONE', #8883, .T. ) ;
#9111 = EDGE_CURVE ( 'NONE', #5582, #8083, #451, .T. ) ;
#9112 =( CONVERSION_BASED_UNIT ( 'INCH', #5063 ) LENGTH_UNIT ( ) NAMED_UNIT ( #3788 ) );
#9113 = ORIENTED_EDGE ( 'NONE', *, *, #6013, .F. ) ;
#9114 = ORIENTED_EDGE ( 'NONE', *, *, #12524, .T. ) ;
#9115 = DIRECTION ( 'NONE',  ( 0.3236155771181825069, 0.8891264907159898145, -0.3236155771181825069 ) ) ;
#9116 = VERTEX_POINT ( 'NONE', #317 ) ;
#9117 = DIRECTION ( 'NONE',  ( -1.000000000000000000, 0.000000000000000000, 0.000000000000000000 ) ) ;
#9118 = EDGE_CURVE ( 'NONE', #6264, #1766, #8513, .T. ) ;
#9119 = CARTESIAN_POINT ( 'NONE',  ( -0.06249999999999981959, 0.1419999999999999873, -0.2125000000000001332 ) ) ;
#9120 = PRESENTATION_STYLE_ASSIGNMENT (( #8202 ) ) ;
#9121 = COLOUR_RGB ( '',1.000000000000000000, 0.8117647058823529438, 0.5019607843137254832 ) ;
#9122 = EDGE_CURVE ( 'NONE', #5607, #1583, #9374, .T. ) ;
#9123 = DIRECTION ( 'NONE',  ( -1.000000000000000000, -6.097874985857736561E-17, 0.000000000000000000 ) ) ;
#9124 = PRESENTATION_LAYER_ASSIGNMENT (  '', '', ( #4677 ) ) ;
#9125 = DIMENSIONAL_EXPONENTS ( 1.000000000000000000, 0.000000000000000000, 0.000000000000000000, 0.000000000000000000, 0.000000000000000000, 0.000000000000000000, 0.000000000000000000 ) ;
#9126 = CARTESIAN_POINT ( 'NONE',  ( -0.1213779527559052385, -2.828069580055263522E-18, 0.2124999999999999112 ) ) ;
#9127 = ORIENTED_EDGE ( 'NONE', *, *, #7849, .F. ) ;
#9128 = EDGE_LOOP ( 'NONE', ( #1253, #4782, #11453, #932 ) ) ;
#9129 = DIRECTION ( 'NONE',  ( 3.045457963692998845E-16, -1.000000000000000000, -0.000000000000000000 ) ) ;
#9130 = EDGE_CURVE ( 'NONE', #6194, #5108, #5153, .T. ) ;
#9131 = EDGE_LOOP ( 'NONE', ( #10240, #9593, #5793, #464 ) ) ;
#9132 = AXIS2_PLACEMENT_3D ( 'NONE', #9694, #10742, #3535 ) ;
#9133 =( LENGTH_UNIT ( ) NAMED_UNIT ( * ) SI_UNIT ( $, .METRE. ) );
#9134 = EDGE_CURVE ( 'NONE', #8490, #1497, #12560, .T. ) ;
#9135 = PLANE ( 'NONE',  #2623 ) ;
#9136 = ORIENTED_EDGE ( 'NONE', *, *, #11080, .F. ) ;
#9137 = FACE_OUTER_BOUND ( 'NONE', #3849, .T. ) ;
#9138 = VERTEX_POINT ( 'NONE', #10498 ) ;
#9139 = DIRECTION ( 'NONE',  ( 0.000000000000000000, -0.000000000000000000, -1.000000000000000000 ) ) ;
#9140 = LINE ( 'NONE', #1138, #8529 ) ;
#9141 = ADVANCED_FACE ( 'NONE', ( #1430 ), #5520, .F. ) ;
#9142 = DIRECTION ( 'NONE',  ( 0.000000000000000000, 0.000000000000000000, 1.000000000000000000 ) ) ;
#9143 = COLOUR_RGB ( '',1.000000000000000000, 0.8117647058823529438, 0.5019607843137254832 ) ;
#9144 = PLANE ( 'NONE',  #4410 ) ;
#9145 = CIRCLE ( 'NONE', #2822, 0.007999999999999998432 ) ;
#9146 = EDGE_CURVE ( 'NONE', #13010, #12752, #1565, .T. ) ;
#9147 = ORIENTED_EDGE ( 'NONE', *, *, #4983, .F. ) ;
#9148 = DIRECTION ( 'NONE',  ( -1.000000000000000000, 0.000000000000000000, -0.000000000000000000 ) ) ;
#9149 = FACE_OUTER_BOUND ( 'NONE', #4648, .T. ) ;
#9150 = EDGE_CURVE ( 'NONE', #7088, #4260, #577, .T. ) ;
#9151 = DIRECTION ( 'NONE',  ( -0.000000000000000000, -1.000000000000000000, -0.000000000000000000 ) ) ;
#9152 = VERTEX_POINT ( 'NONE', #7650 ) ;
#9153 = DIRECTION ( 'NONE',  ( -0.000000000000000000, -0.000000000000000000, -1.000000000000000000 ) ) ;
#9154 = FACE_OUTER_BOUND ( 'NONE', #10623, .T. ) ;
#9155 = LINE ( 'NONE', #4113, #1765 ) ;
#9156 = VECTOR ( 'NONE', #10456, 39.37007874015748143 ) ;
#9157 = VECTOR ( 'NONE', #3655, 39.37007874015748143 ) ;
#9158 = DIRECTION ( 'NONE',  ( -0.000000000000000000, -0.000000000000000000, -1.000000000000000000 ) ) ;
#9159 = ORIENTED_EDGE ( 'NONE', *, *, #11492, .T. ) ;
#9160 = FILL_AREA_STYLE_COLOUR ( '', #3367 ) ;
#9161 = PLANE ( 'NONE',  #7054 ) ;
#9162 = VECTOR ( 'NONE', #6239, 39.37007874015748143 ) ;
#9163 =( NAMED_UNIT ( * ) PLANE_ANGLE_UNIT ( ) SI_UNIT ( $, .RADIAN. ) );
#9164 = VECTOR ( 'NONE', #1372, 39.37007874015748143 ) ;
#9165 = CARTESIAN_POINT ( 'NONE',  ( 0.06250000000000001388, 0.2150000000000000244, 0.1124999999999998918 ) ) ;
#9166 = ORIENTED_EDGE ( 'NONE', *, *, #11571, .F. ) ;
#9167 = DIRECTION ( 'NONE',  ( 0.000000000000000000, 1.000000000000000000, 0.000000000000000000 ) ) ;
#9168 = DIRECTION ( 'NONE',  ( 0.000000000000000000, -0.3420201433256662704, 0.9396926207859094271 ) ) ;
#9169 = EDGE_LOOP ( 'NONE', ( #11225, #12226, #7299, #10261 ) ) ;
#9170 = FACE_OUTER_BOUND ( 'NONE', #2959, .T. ) ;
#9171 = CARTESIAN_POINT ( 'NONE',  ( -0.06999999999999999278, 0.02737258300203046849, -0.2220000000000002804 ) ) ;
#9172 = VECTOR ( 'NONE', #10486, 39.37007874015748143 ) ;
#9173 = LINE ( 'NONE', #4205, #769 ) ;
#9174 = VERTEX_POINT ( 'NONE', #11678 ) ;
#9175 = DIRECTION ( 'NONE',  ( 0.000000000000000000, 0.000000000000000000, -1.000000000000000000 ) ) ;
#9176 = AXIS2_PLACEMENT_3D ( 'NONE', #4341, #9572, #517 ) ;
#9177 = PLANE ( 'NONE',  #1866 ) ;
#9178 = AXIS2_PLACEMENT_3D ( 'NONE', #2235, #9290, #11452 ) ;
#9179 = CARTESIAN_POINT ( 'NONE',  ( -0.07500000000000005274, -8.110173731190781122E-17, -0.08750000000000010547 ) ) ;
#9180 = ORIENTED_EDGE ( 'NONE', *, *, #4682, .T. ) ;
#9181 = VERTEX_POINT ( 'NONE', #2636 ) ;
#9182 = DIRECTION ( 'NONE',  ( -0.000000000000000000, -0.000000000000000000, -1.000000000000000000 ) ) ;
#9183 = LINE ( 'NONE', #1802, #1545 ) ;
#9184 = ORIENTED_EDGE ( 'NONE', *, *, #9195, .T. ) ;
#9185 = CARTESIAN_POINT ( 'NONE',  ( 0.07000000000000017319, 0.1419999999999999873, -0.05299999999999997075 ) ) ;
#9186 = LINE ( 'NONE', #8063, #780 ) ;
#9187 = CARTESIAN_POINT ( 'NONE',  ( 0.06250000000000001388, 0.05799999999999996825, 0.08749999999999986955 ) ) ;
#9188 = CARTESIAN_POINT ( 'NONE',  ( 0.1449999999999999623, 0.008597722069280349169, 0.2039022779307195499 ) ) ;
#9189 = CARTESIAN_POINT ( 'NONE',  ( -0.06999999999999999278, 0.04999999999999998196, 0.1779999999999997418 ) ) ;
#9190 = PLANE ( 'NONE',  #11248 ) ;
#9191 = CARTESIAN_POINT ( 'NONE',  ( 0.03749999999999999861, 0.3880000000000000115, 0.08749999999999988343 ) ) ;
#9192 = ORIENTED_EDGE ( 'NONE', *, *, #3087, .T. ) ;
#9193 = VERTEX_POINT ( 'NONE', #3670 ) ;
#9194 = PLANE ( 'NONE',  #8205 ) ;
#9195 = EDGE_CURVE ( 'NONE', #8156, #1585, #9394, .T. ) ;
#9196 = ORIENTED_EDGE ( 'NONE', *, *, #11952, .F. ) ;
#9197 = LINE ( 'NONE', #4161, #3588 ) ;
#9198 = CARTESIAN_POINT ( 'NONE',  ( 0.07500000000000005274, 0.000000000000000000, 0.1874999999999999167 ) ) ;
#9199 = LINE ( 'NONE', #4165, #719 ) ;
#9200 = ORIENTED_EDGE ( 'NONE', *, *, #11128, .F. ) ;
#9201 = CARTESIAN_POINT ( 'NONE',  ( 0.07000000000000000666, 0.1499999999999999944, -0.2300000000000002875 ) ) ;
#9202 = UNCERTAINTY_MEASURE_WITH_UNIT (LENGTH_MEASURE( 1.000000000000000082E-05 ), #873, 'distance_accuracy_value', 'NONE');
#9203 = EDGE_LOOP ( 'NONE', ( #4604, #3827, #13069, #7618 ) ) ;
#9204 = CARTESIAN_POINT ( 'NONE',  ( -0.09499999999999998723, 0.1419999999999999873, -0.1360000000000000098 ) ) ;
#9205 = STYLED_ITEM ( 'NONE', ( #10963 ), #12385 ) ;
#9206 = PRESENTATION_LAYER_ASSIGNMENT (  '', '', ( #1596 ) ) ;
#9207 = DIRECTION ( 'NONE',  ( 3.045457963692998845E-16, 1.000000000000000000, 0.000000000000000000 ) ) ;
#9208 = CARTESIAN_POINT ( 'NONE',  ( 0.1449999999999999623, -0.03750000000000000555, 0.2000000000000000111 ) ) ;
#9209 = ADVANCED_FACE ( 'NONE', ( #10690 ), #4913, .T. ) ;
#9210 = DIMENSIONAL_EXPONENTS ( 1.000000000000000000, 0.000000000000000000, 0.000000000000000000, 0.000000000000000000, 0.000000000000000000, 0.000000000000000000, 0.000000000000000000 ) ;
#9211 = AXIS2_PLACEMENT_3D ( 'NONE', #6237, #8364, #1223 ) ;
#9213 = ORIENTED_EDGE ( 'NONE', *, *, #12548, .F. ) ;
#9212 = ADVANCED_FACE ( 'NONE', ( #11939 ), #6717, .T. ) ;
#9214 = CARTESIAN_POINT ( 'NONE',  ( -0.06249999999999980571, 0.05799999999999996825, -0.08750000000000010547 ) ) ;
#9215 = EDGE_CURVE ( 'NONE', #1073, #1699, #3737, .T. ) ;
#9216 = LINE ( 'NONE', #9486, #11542 ) ;
#9217 = VECTOR ( 'NONE', #7112, 39.37007874015748143 ) ;
#9218 =( LENGTH_UNIT ( ) NAMED_UNIT ( * ) SI_UNIT ( $, .METRE. ) );
#9219 = ORIENTED_EDGE ( 'NONE', *, *, #6555, .F. ) ;
#9220 = DIRECTION ( 'NONE',  ( 0.000000000000000000, 0.000000000000000000, 1.000000000000000000 ) ) ;
#9221 = DIRECTION ( 'NONE',  ( -0.000000000000000000, -0.000000000000000000, -1.000000000000000000 ) ) ;
#9222 = VERTEX_POINT ( 'NONE', #3859 ) ;
#9223 = CARTESIAN_POINT ( 'NONE',  ( 0.1317360635310592387, 0.003770044005388028304, 0.2087299559946118599 ) ) ;
#9224 = CARTESIAN_POINT ( 'NONE',  ( 0.07000000000000002054, 0.02737258300203046849, 0.2379999999999997951 ) ) ;
#9225 = ORIENTED_EDGE ( 'NONE', *, *, #6311, .T. ) ;
#9226 = SURFACE_STYLE_USAGE ( .BOTH. , #2165 ) ;
#9227 = CARTESIAN_POINT ( 'NONE',  ( 0.03749999999999999861, 0.3643779527559052878, -0.08750000000000010547 ) ) ;
#9228 = ADVANCED_FACE ( 'NONE', ( #5647 ), #11754, .T. ) ;
#9229 = ADVANCED_FACE ( 'NONE', ( #8766 ), #9903, .T. ) ;
#9230 = AXIS2_PLACEMENT_3D ( 'NONE', #3721, #9819, #11800 ) ;
#9231 = CARTESIAN_POINT ( 'NONE',  ( -0.09499999999999998723, 0.1420000000000000151, 0.2500000000000000555 ) ) ;
#9232 = ADVANCED_FACE ( 'NONE', ( #2821 ), #12005, .F. ) ;
#9233 = VECTOR ( 'NONE', #2232, 39.37007874015748143 ) ;
#9234 = CARTESIAN_POINT ( 'NONE',  ( 0.03749999999999999861, 0.1419999999999999873, 0.1874999999999999167 ) ) ;
#9236 = VERTEX_POINT ( 'NONE', #4980 ) ;
#9235 = EDGE_CURVE ( 'NONE', #10566, #10585, #1963, .T. ) ;
#9237 = PRESENTATION_STYLE_ASSIGNMENT (( #9304 ) ) ;
#9238 = CARTESIAN_POINT ( 'NONE',  ( 0.03749999999999999861, 0.2150000000000000244, 0.2124999999999999112 ) ) ;
#9239 = ORIENTED_EDGE ( 'NONE', *, *, #12536, .T. ) ;
#9240 = MECHANICAL_DESIGN_GEOMETRIC_PRESENTATION_REPRESENTATION (  '', ( #6697 ), #584 ) ;
#9241 = DIRECTION ( 'NONE',  ( -0.000000000000000000, -0.000000000000000000, -1.000000000000000000 ) ) ;
#9242 = DIRECTION ( 'NONE',  ( 3.045457963692998845E-16, 1.000000000000000000, 0.000000000000000000 ) ) ;
#9243 = CARTESIAN_POINT ( 'NONE',  ( 0.1449999999999999623, 0.008597722069280349169, -0.2125000000000001332 ) ) ;
#9244 = EDGE_LOOP ( 'NONE', ( #8833, #4184, #11957, #8917 ) ) ;
#9245 = CARTESIAN_POINT ( 'NONE',  ( -0.06250000000000001388, 0.3643779527559052878, -0.1875000000000001110 ) ) ;
#9246 = EDGE_CURVE ( 'NONE', #4069, #2323, #5985, .T. ) ;
#9247 = UNCERTAINTY_MEASURE_WITH_UNIT (LENGTH_MEASURE( 1.000000000000000082E-05 ), #5117, 'distance_accuracy_value', 'NONE');
#9248 = STYLED_ITEM ( 'NONE', ( #527 ), #4174 ) ;
#9249 = VECTOR ( 'NONE', #3752, 39.37007874015748143 ) ;
#9250 = LENGTH_MEASURE_WITH_UNIT ( LENGTH_MEASURE( 0.02539999999999999897 ), #4344 );
#9251 = VECTOR ( 'NONE', #5164, 39.37007874015748143 ) ;
#9252 = SURFACE_STYLE_FILL_AREA ( #4213 ) ;
#9253 =( GEOMETRIC_REPRESENTATION_CONTEXT ( 3 ) GLOBAL_UNCERTAINTY_ASSIGNED_CONTEXT ( ( #9202 ) ) GLOBAL_UNIT_ASSIGNED_CONTEXT ( ( #873, #10915, #7876 ) ) REPRESENTATION_CONTEXT ( 'NONE', 'WORKASPACE' ) );
#9254 = VERTEX_POINT ( 'NONE', #8241 ) ;
#9255 = ORIENTED_EDGE ( 'NONE', *, *, #10759, .T. ) ;
#9256 = LINE ( 'NONE', #10969, #7670 ) ;
#9257 = DIRECTION ( 'NONE',  ( -1.000000000000000000, 0.000000000000000000, 0.000000000000000000 ) ) ;
#9258 = DIRECTION ( 'NONE',  ( 1.000000000000000000, 0.000000000000000000, 0.000000000000000000 ) ) ;
#9259 = CARTESIAN_POINT ( 'NONE',  ( -0.05390227793071963869, 0.3880000000000000115, 0.2000000000000000111 ) ) ;
#9260 = DIRECTION ( 'NONE',  ( 1.000000000000000000, 6.097874985857737794E-17, 0.000000000000000000 ) ) ;
#9261 = PLANE ( 'NONE',  #383 ) ;
#9262 = VECTOR ( 'NONE', #10976, 39.37007874015748143 ) ;
#9263 = CARTESIAN_POINT ( 'NONE',  ( -0.07500000000000005274, 0.02500000000000001180, -0.1125000000000001138 ) ) ;
#9264 = VECTOR ( 'NONE', #7883, 39.37007874015748143 ) ;
#9265 = DIRECTION ( 'NONE',  ( 0.000000000000000000, 1.000000000000000000, 0.000000000000000000 ) ) ;
#9266 = VECTOR ( 'NONE', #12097, 39.37007874015748143 ) ;
#9267 = ORIENTED_EDGE ( 'NONE', *, *, #12600, .F. ) ;
#9268 = ORIENTED_EDGE ( 'NONE', *, *, #3572, .T. ) ;
#9269 = DIRECTION ( 'NONE',  ( 0.000000000000000000, 0.000000000000000000, -1.000000000000000000 ) ) ;
#9270 = EDGE_LOOP ( 'NONE', ( #7735, #7080, #2548, #10839 ) ) ;
#9271 = CARTESIAN_POINT ( 'NONE',  ( 0.1213779527559052385, 0.02500000000000000486, -0.1875000000000001110 ) ) ;
#9272 = DIRECTION ( 'NONE',  ( 1.000000000000000000, 6.097874985857737794E-17, 0.000000000000000000 ) ) ;
#9273 = DIRECTION ( 'NONE',  ( 0.000000000000000000, 1.000000000000000000, 0.000000000000000000 ) ) ;
#9274 = ORIENTED_EDGE ( 'NONE', *, *, #4547, .F. ) ;
#9275 = DIRECTION ( 'NONE',  ( -1.000000000000000000, -2.435670465107224942E-16, 0.000000000000000000 ) ) ;
#9276 = AXIS2_PLACEMENT_3D ( 'NONE', #2880, #2023, #7028 ) ;
#9277 = ORIENTED_EDGE ( 'NONE', *, *, #11316, .T. ) ;
#9278 = DIRECTION ( 'NONE',  ( -0.000000000000000000, 0.000000000000000000, -1.000000000000000000 ) ) ;
#9279 = DIRECTION ( 'NONE',  ( -1.000000000000000000, 0.000000000000000000, -0.000000000000000000 ) ) ;
#9280 = DIMENSIONAL_EXPONENTS ( 1.000000000000000000, 0.000000000000000000, 0.000000000000000000, 0.000000000000000000, 0.000000000000000000, 0.000000000000000000, 0.000000000000000000 ) ;
#9281 = CARTESIAN_POINT ( 'NONE',  ( -0.07000000000000017319, 0.05799999999999997519, 0.000000000000000000 ) ) ;
#9282 = ADVANCED_FACE ( 'NONE', ( #11067 ), #9161, .T. ) ;
#9283 =( CONVERSION_BASED_UNIT ( 'INCH', #7224 ) LENGTH_UNIT ( ) NAMED_UNIT ( #11236 ) );
#9284 = AXIS2_PLACEMENT_3D ( 'NONE', #10867, #10992, #11049 ) ;
#9285 = ORIENTED_EDGE ( 'NONE', *, *, #12600, .T. ) ;
#9286 = PLANE ( 'NONE',  #2397 ) ;
#9287 = DIRECTION ( 'NONE',  ( 0.000000000000000000, 0.000000000000000000, -1.000000000000000000 ) ) ;
#9288 = CARTESIAN_POINT ( 'NONE',  ( 0.000000000000000000, 0.1499999999999999944, 0.000000000000000000 ) ) ;
#9289 = ORIENTED_EDGE ( 'NONE', *, *, #7590, .T. ) ;
#9290 = DIRECTION ( 'NONE',  ( 1.000000000000000000, 3.045457963692998845E-16, -0.000000000000000000 ) ) ;
#9291 = CARTESIAN_POINT ( 'NONE',  ( 0.07500000000000005274, -8.110173731190781122E-17, -0.08750000000000010547 ) ) ;
#9292 = ORIENTED_EDGE ( 'NONE', *, *, #2108, .T. ) ;
#9293 = DIRECTION ( 'NONE',  ( 0.000000000000000000, 0.000000000000000000, 1.000000000000000000 ) ) ;
#9294 = EDGE_CURVE ( 'NONE', #3907, #4854, #8170, .T. ) ;
#9295 = CARTESIAN_POINT ( 'NONE',  ( 0.000000000000000000, 0.000000000000000000, 0.000000000000000000 ) ) ;
#9296 = ORIENTED_EDGE ( 'NONE', *, *, #11002, .F. ) ;
#9297 = LINE ( 'NONE', #114, #2523 ) ;
#9298 = FACE_OUTER_BOUND ( 'NONE', #10715, .T. ) ;
#9299 = FACE_OUTER_BOUND ( 'NONE', #9077, .T. ) ;
#9300 = EDGE_CURVE ( 'NONE', #3971, #11511, #3083, .T. ) ;
#9301 = CARTESIAN_POINT ( 'NONE',  ( -0.09499999999999998723, 0.05799999999999997519, 0.2500000000000000555 ) ) ;
#9302 = SURFACE_STYLE_USAGE ( .BOTH. , #4257 ) ;
#9303 = ORIENTED_EDGE ( 'NONE', *, *, #1964, .F. ) ;
#9304 = SURFACE_STYLE_USAGE ( .BOTH. , #11343 ) ;
#9305 = DIRECTION ( 'NONE',  ( -0.000000000000000000, 1.000000000000000000, -0.000000000000000000 ) ) ;
#9306 = ORIENTED_EDGE ( 'NONE', *, *, #6140, .T. ) ;
#9307 = DIRECTION ( 'NONE',  ( 0.3236155771181825069, -0.8891264907159898145, -0.3236155771181825069 ) ) ;
#9308 = PLANE ( 'NONE',  #7959 ) ;
#9309 = EDGE_CURVE ( 'NONE', #11181, #4098, #6106, .T. ) ;
#9310 = DIMENSIONAL_EXPONENTS ( 1.000000000000000000, 0.000000000000000000, 0.000000000000000000, 0.000000000000000000, 0.000000000000000000, 0.000000000000000000, 0.000000000000000000 ) ;
#9311 = LINE ( 'NONE', #1428, #532 ) ;
#9312 = ORIENTED_EDGE ( 'NONE', *, *, #1807, .F. ) ;
#9313 = CARTESIAN_POINT ( 'NONE',  ( -0.03749999999999980432, 0.05799999999999996825, -0.1125000000000001138 ) ) ;
#9314 = ADVANCED_FACE ( 'NONE', ( #7237 ), #1089, .T. ) ;
#9315 = DIRECTION ( 'NONE',  ( 0.000000000000000000, 0.000000000000000000, 1.000000000000000000 ) ) ;
#9316 =( NAMED_UNIT ( * ) SI_UNIT ( $, .STERADIAN. ) SOLID_ANGLE_UNIT ( ) );
#9317 = EDGE_LOOP ( 'NONE', ( #8585, #446 ) ) ;
#9318 = ORIENTED_EDGE ( 'NONE', *, *, #2220, .T. ) ;
#9319 = ADVANCED_FACE ( 'NONE', ( #3990 ), #5255, .F. ) ;
#9320 = DIRECTION ( 'NONE',  ( -2.435670465107224942E-16, -1.000000000000000000, 0.000000000000000000 ) ) ;
#9321 = CARTESIAN_POINT ( 'NONE',  ( 0.07000000000000002054, 0.02737258300203046849, 0.1219999999999997892 ) ) ;
#9322 = CARTESIAN_POINT ( 'NONE',  ( 0.03749999999999999861, 0.05799999999999996825, 0.1874999999999999167 ) ) ;
#9323 = CARTESIAN_POINT ( 'NONE',  ( 0.06250000000000001388, 0.3880000000000000115, 0.1124999999999998918 ) ) ;
#9324 = FILL_AREA_STYLE_COLOUR ( '', #11572 ) ;
#9325 = DIRECTION ( 'NONE',  ( 0.000000000000000000, 0.000000000000000000, 1.000000000000000000 ) ) ;
#9326 = VERTEX_POINT ( 'NONE', #4049 ) ;
#9327 = ORIENTED_EDGE ( 'NONE', *, *, #9775, .T. ) ;
#9328 = LINE ( 'NONE', #10521, #9156 ) ;
#9329 = ORIENTED_EDGE ( 'NONE', *, *, #1198, .T. ) ;
#9330 = CARTESIAN_POINT ( 'NONE',  ( -0.06999999999999999278, 0.1726274169979694906, 0.2379999999999997951 ) ) ;
#9331 = DIMENSIONAL_EXPONENTS ( 1.000000000000000000, 0.000000000000000000, 0.000000000000000000, 0.000000000000000000, 0.000000000000000000, 0.000000000000000000, 0.000000000000000000 ) ;
#9332 = DIRECTION ( 'NONE',  ( 0.000000000000000000, -0.000000000000000000, -1.000000000000000000 ) ) ;
#9333 = VERTEX_POINT ( 'NONE', #1161 ) ;
#9334 = STYLED_ITEM ( 'NONE', ( #3234 ), #6092 ) ;
#9335 = LINE ( 'NONE', #10396, #3953 ) ;
#9336 = UNCERTAINTY_MEASURE_WITH_UNIT (LENGTH_MEASURE( 1.000000000000000082E-05 ), #9951, 'distance_accuracy_value', 'NONE');
#9337 = VERTEX_POINT ( 'NONE', #4118 ) ;
#9338 = DIRECTION ( 'NONE',  ( 0.9153150324227631307, 0.000000000000000000, -0.4027386142660223656 ) ) ;
#9339 =( NAMED_UNIT ( * ) PLANE_ANGLE_UNIT ( ) SI_UNIT ( $, .RADIAN. ) );
#9340 = PRESENTATION_LAYER_ASSIGNMENT (  '', '', ( #5104 ) ) ;
#9341 = STYLED_ITEM ( 'NONE', ( #785 ), #6228 ) ;
#9342 = EDGE_LOOP ( 'NONE', ( #8929, #4935, #6271, #7821 ) ) ;
#9343 = CARTESIAN_POINT ( 'NONE',  ( -0.03749999999999999861, 0.3880000000000000115, 0.1124999999999998918 ) ) ;
#9344 = STYLED_ITEM ( 'NONE', ( #9604 ), #9793 ) ;
#9345 = PLANE ( 'NONE',  #11766 ) ;
#9346 = DIRECTION ( 'NONE',  ( 0.9153150324227631307, 0.000000000000000000, 0.4027386142660223656 ) ) ;
#9347 = VERTEX_POINT ( 'NONE', #12204 ) ;
#9348 = EDGE_CURVE ( 'NONE', #2803, #8633, #7172, .T. ) ;
#9349 = DIRECTION ( 'NONE',  ( -0.000000000000000000, 1.000000000000000000, -0.000000000000000000 ) ) ;
#9350 = LINE ( 'NONE', #4387, #2689 ) ;
#9351 = ORIENTED_EDGE ( 'NONE', *, *, #1543, .T. ) ;
#9352 = SURFACE_SIDE_STYLE ('',( #5306 ) ) ;
#9353 = FILL_AREA_STYLE_COLOUR ( '', #9121 ) ;
#9354 =( CONVERSION_BASED_UNIT ( 'INCH', #3210 ) LENGTH_UNIT ( ) NAMED_UNIT ( #5239 ) );
#9355 = ORIENTED_EDGE ( 'NONE', *, *, #11307, .T. ) ;
#9356 = CARTESIAN_POINT ( 'NONE',  ( -0.03749999999999999861, 0.3643779527559052878, -0.1125000000000001138 ) ) ;
#9357 = SURFACE_SIDE_STYLE ('',( #8305 ) ) ;
#9358 = PLANE ( 'NONE',  #1627 ) ;
#9359 = AXIS2_PLACEMENT_3D ( 'NONE', #11228, #6, #8061 ) ;
#9360 = PRESENTATION_STYLE_ASSIGNMENT (( #4468 ) ) ;
#9361 = PRESENTATION_STYLE_ASSIGNMENT (( #9302 ) ) ;
#9362 = ORIENTED_EDGE ( 'NONE', *, *, #1149, .F. ) ;
#9363 = CARTESIAN_POINT ( 'NONE',  ( -0.008183646112600383160, 0.05799999999999997519, 0.01859919571045511380 ) ) ;
#9364 = VECTOR ( 'NONE', #9115, 39.37007874015748854 ) ;
#9365 = LINE ( 'NONE', #2311, #10961 ) ;
#9366 = ORIENTED_EDGE ( 'NONE', *, *, #10533, .F. ) ;
#9367 = EDGE_CURVE ( 'NONE', #10889, #1485, #11495, .T. ) ;
#9368 = DIRECTION ( 'NONE',  ( -1.000000000000000000, 0.000000000000000000, 0.000000000000000000 ) ) ;
#9369 = VECTOR ( 'NONE', #10948, 39.37007874015748143 ) ;
#9370 = DIRECTION ( 'NONE',  ( -1.000000000000000000, 0.000000000000000000, 0.000000000000000000 ) ) ;
#9371 = EDGE_CURVE ( 'NONE', #7703, #11570, #2166, .T. ) ;
#9372 = DIRECTION ( 'NONE',  ( 0.000000000000000000, 0.000000000000000000, 1.000000000000000000 ) ) ;
#9373 = VERTEX_POINT ( 'NONE', #1229 ) ;
#9374 = LINE ( 'NONE', #11478, #3887 ) ;
#9375 = AXIS2_PLACEMENT_3D ( 'NONE', #824, #11917, #3902 ) ;
#9376 = UNCERTAINTY_MEASURE_WITH_UNIT (LENGTH_MEASURE( 1.000000000000000082E-05 ), #5606, 'distance_accuracy_value', 'NONE');
#9377 = COLOUR_RGB ( '',1.000000000000000000, 0.8117647058823529438, 0.5019607843137254832 ) ;
#9378 = ADVANCED_FACE ( 'NONE', ( #9298 ), #11132, .F. ) ;
#9379 = LINE ( 'NONE', #4479, #6720 ) ;
#9380 = STYLED_ITEM ( 'NONE', ( #2938 ), #8662 ) ;
#9381 = ADVANCED_FACE ( 'NONE', ( #10550 ), #1482, .T. ) ;
#9382 = DIRECTION ( 'NONE',  ( 0.9153150324227631307, 0.000000000000000000, -0.4027386142660223656 ) ) ;
#9383 = ORIENTED_EDGE ( 'NONE', *, *, #6963, .F. ) ;
#9384 = ORIENTED_EDGE ( 'NONE', *, *, #7608, .F. ) ;
#9385 = VECTOR ( 'NONE', #4489, 39.37007874015748143 ) ;
#9386 = FILL_AREA_STYLE ('',( #2448 ) ) ;
#9387 =( NAMED_UNIT ( * ) SI_UNIT ( $, .STERADIAN. ) SOLID_ANGLE_UNIT ( ) );
#9388 = EDGE_CURVE ( 'NONE', #476, #2885, #9556, .T. ) ;
#9389 = DIRECTION ( 'NONE',  ( 0.3236155771181825069, 0.8891264907159898145, -0.3236155771181825069 ) ) ;
#9390 = EDGE_CURVE ( 'NONE', #10066, #2205, #4463, .T. ) ;
#9391 = EDGE_CURVE ( 'NONE', #10585, #6524, #7568, .T. ) ;
#9392 = SURFACE_STYLE_USAGE ( .BOTH. , #12731 ) ;
#9393 = DIRECTION ( 'NONE',  ( 1.000000000000000000, 0.000000000000000000, 0.000000000000000000 ) ) ;
#9394 = CIRCLE ( 'NONE', #1577, 0.007999999999999998432 ) ;
#9395 = FACE_OUTER_BOUND ( 'NONE', #8197, .T. ) ;
#9396 = ADVANCED_FACE ( 'NONE', ( #4395 ), #7309, .T. ) ;
#9397 = AXIS2_PLACEMENT_3D ( 'NONE', #2355, #7300, #5246 ) ;
#9398 = EDGE_CURVE ( 'NONE', #9181, #12448, #2302, .T. ) ;
#9399 = CARTESIAN_POINT ( 'NONE',  ( -0.1449999999999999623, 0.01640227793071964008, 0.1124999999999998918 ) ) ;
#9400 = EDGE_CURVE ( 'NONE', #12038, #8116, #1612, .T. ) ;
#9401 = COLOUR_RGB ( '',1.000000000000000000, 0.8117647058823529438, 0.5019607843137254832 ) ;
#9402 = ORIENTED_EDGE ( 'NONE', *, *, #6867, .F. ) ;
#9403 = VERTEX_POINT ( 'NONE', #9690 ) ;
#9404 = CARTESIAN_POINT ( 'NONE',  ( -0.07500000000000002498, 0.000000000000000000, 0.2124999999999999112 ) ) ;
#9405 = ORIENTED_EDGE ( 'NONE', *, *, #10121, .T. ) ;
#9406 = ADVANCED_FACE ( 'NONE', ( #2685 ), #11661, .F. ) ;
#9407 =( GEOMETRIC_REPRESENTATION_CONTEXT ( 3 ) GLOBAL_UNCERTAINTY_ASSIGNED_CONTEXT ( ( #4208 ) ) GLOBAL_UNIT_ASSIGNED_CONTEXT ( ( #9354, #3277, #5252 ) ) REPRESENTATION_CONTEXT ( 'NONE', 'WORKASPACE' ) );
#9408 = DIRECTION ( 'NONE',  ( 1.000000000000000000, -0.000000000000000000, -0.000000000000000000 ) ) ;
#9409 = FACE_OUTER_BOUND ( 'NONE', #4362, .T. ) ;
#9410 = EDGE_LOOP ( 'NONE', ( #4593, #12046, #5302, #8830 ) ) ;
#9411 = CARTESIAN_POINT ( 'NONE',  ( -0.03749999999999980432, 0.05799999999999996825, 0.08749999999999986955 ) ) ;
#9412 = ORIENTED_EDGE ( 'NONE', *, *, #6622, .T. ) ;
#9413 = FACE_OUTER_BOUND ( 'NONE', #1403, .T. ) ;
#9414 = CARTESIAN_POINT ( 'NONE',  ( -0.07500000000000002498, 0.000000000000000000, 0.1124999999999998918 ) ) ;
#9415 = AXIS2_PLACEMENT_3D ( 'NONE', #629, #1741, #2749 ) ;
#9416 = CARTESIAN_POINT ( 'NONE',  ( 0.1213779527559052385, 0.02500000000000000486, 0.2124999999999999112 ) ) ;
#9417 = ORIENTED_EDGE ( 'NONE', *, *, #8005, .T. ) ;
#9418 = ORIENTED_EDGE ( 'NONE', *, *, #12837, .F. ) ;
#9419 = CARTESIAN_POINT ( 'NONE',  ( 0.03750000000000004718, 0.03750000000000001249, -0.2125000000000001332 ) ) ;
#9420 = CARTESIAN_POINT ( 'NONE',  ( 0.07000000000000000666, 0.1419999999999999873, -0.02200000000000028669 ) ) ;
#9421 = LINE ( 'NONE', #3203, #6951 ) ;
#9422 = ORIENTED_EDGE ( 'NONE', *, *, #1631, .T. ) ;
#9423 = LINE ( 'NONE', #169, #9820 ) ;
#9424 = PLANE ( 'NONE',  #9211 ) ;
#9425 = ORIENTED_EDGE ( 'NONE', *, *, #11983, .F. ) ;
#9426 = LINE ( 'NONE', #2298, #4066 ) ;
#9427 = LINE ( 'NONE', #7891, #2587 ) ;
#9428 = ADVANCED_FACE ( 'NONE', ( #10868 ), #4650, .F. ) ;
#9429 = AXIS2_PLACEMENT_3D ( 'NONE', #4284, #6333, #10510 ) ;
#9430 = AXIS2_PLACEMENT_3D ( 'NONE', #2276, #5600, #6729 ) ;
#9431 =( NAMED_UNIT ( * ) PLANE_ANGLE_UNIT ( ) SI_UNIT ( $, .RADIAN. ) );
#9432 = ORIENTED_EDGE ( 'NONE', *, *, #2926, .T. ) ;
#9433 =( NAMED_UNIT ( * ) PLANE_ANGLE_UNIT ( ) SI_UNIT ( $, .RADIAN. ) );
#9434 =( CONVERSION_BASED_UNIT ( 'INCH', #499 ) LENGTH_UNIT ( ) NAMED_UNIT ( #9125 ) );
#9435 = CARTESIAN_POINT ( 'NONE',  ( 0.07999999999999991840, 0.05799999999999997519, -0.2499999999999998335 ) ) ;
#9436 = EDGE_LOOP ( 'NONE', ( #4864, #5265, #1882, #5889 ) ) ;
#9437 = DIRECTION ( 'NONE',  ( 1.000000000000000000, -6.097874985857736561E-17, 0.000000000000000000 ) ) ;
#9438 = LINE ( 'NONE', #12475, #3785 ) ;
#9439 = ORIENTED_EDGE ( 'NONE', *, *, #7673, .F. ) ;
#9440 = CARTESIAN_POINT ( 'NONE',  ( 0.07500000000000005274, 0.02499999999999992506, 0.08749999999999988343 ) ) ;
#9441 = AXIS2_PLACEMENT_3D ( 'NONE', #8492, #8300, #2159 ) ;
#9442 = DIRECTION ( 'NONE',  ( 0.000000000000000000, 0.000000000000000000, 1.000000000000000000 ) ) ;
#9443 = EDGE_LOOP ( 'NONE', ( #8504, #4461, #5945, #8988 ) ) ;
#9444 = LINE ( 'NONE', #5457, #2640 ) ;
#9445 = STYLED_ITEM ( 'NONE', ( #12579 ), #3942 ) ;
#9446 = DIRECTION ( 'NONE',  ( 1.000000000000000000, 0.000000000000000000, 0.000000000000000000 ) ) ;
#9447 = ADVANCED_FACE ( 'NONE', ( #12718 ), #9882, .F. ) ;
#9448 = AXIS2_PLACEMENT_3D ( 'NONE', #10818, #3925, #8843 ) ;
#9449 = VERTEX_POINT ( 'NONE', #832 ) ;
#9450 = ORIENTED_EDGE ( 'NONE', *, *, #9122, .T. ) ;
#9451 = PLANE ( 'NONE',  #1346 ) ;
#9452 = CARTESIAN_POINT ( 'NONE',  ( 0.07000000000000017319, 0.05799999999999996825, -0.1529999999999999694 ) ) ;
#9453 = CARTESIAN_POINT ( 'NONE',  ( 0.03749999999999999861, 0.2150000000000000244, 0.08749999999999988343 ) ) ;
#9454 = DIRECTION ( 'NONE',  ( 0.000000000000000000, 0.000000000000000000, -1.000000000000000000 ) ) ;
#9455 = DIMENSIONAL_EXPONENTS ( 1.000000000000000000, 0.000000000000000000, 0.000000000000000000, 0.000000000000000000, 0.000000000000000000, 0.000000000000000000, 0.000000000000000000 ) ;
#9456 = CARTESIAN_POINT ( 'NONE',  ( -0.1449999999999999623, 0.008597722069280349169, 0.08749999999999988343 ) ) ;
#9457 = PLANE ( 'NONE',  #92 ) ;
#9458 = EDGE_CURVE ( 'NONE', #9630, #5505, #7639, .T. ) ;
#9459 = CIRCLE ( 'NONE', #5221, 0.03750000000000008882 ) ;
#9460 =( NAMED_UNIT ( * ) SI_UNIT ( $, .STERADIAN. ) SOLID_ANGLE_UNIT ( ) );
#9461 = EDGE_CURVE ( 'NONE', #4225, #3429, #4845, .T. ) ;
#9462 = PRODUCT_DEFINITION ( 'UNKNOWN', '', #12567, #1300 ) ;
#9463 = ORIENTED_EDGE ( 'NONE', *, *, #2045, .F. ) ;
#9464 = ORIENTED_EDGE ( 'NONE', *, *, #4928, .T. ) ;
#9465 = DIRECTION ( 'NONE',  ( -1.000000000000000000, -6.097874985857736561E-17, 0.000000000000000000 ) ) ;
#9466 = ORIENTED_EDGE ( 'NONE', *, *, #12543, .T. ) ;
#9467 = DIRECTION ( 'NONE',  ( 0.000000000000000000, -1.000000000000000000, 0.000000000000000000 ) ) ;
#9468 = AXIS2_PLACEMENT_3D ( 'NONE', #415, #12506, #7484 ) ;
#9469 = LINE ( 'NONE', #11377, #12745 ) ;
#9470 = ORIENTED_EDGE ( 'NONE', *, *, #1512, .T. ) ;
#9471 = DIRECTION ( 'NONE',  ( -2.435670465107224942E-16, -1.000000000000000000, 0.000000000000000000 ) ) ;
#9472 = EDGE_CURVE ( 'NONE', #12476, #11717, #6635, .T. ) ;
#9473 = UNCERTAINTY_MEASURE_WITH_UNIT (LENGTH_MEASURE( 1.000000000000000082E-05 ), #2943, 'distance_accuracy_value', 'NONE');
#9474 = EDGE_LOOP ( 'NONE', ( #729, #5543, #11066, #11667 ) ) ;
#9475 = DIRECTION ( 'NONE',  ( 0.000000000000000000, -0.000000000000000000, 1.000000000000000000 ) ) ;
#9476 = LINE ( 'NONE', #9414, #1557 ) ;
#9477 = VECTOR ( 'NONE', #11054, 39.37007874015748143 ) ;
#9478 = SURFACE_STYLE_FILL_AREA ( #4375 ) ;
#9479 = ADVANCED_FACE ( 'NONE', ( #2870 ), #6899, .T. ) ;
#9480 = ORIENTED_EDGE ( 'NONE', *, *, #9111, .T. ) ;
#9481 = MECHANICAL_DESIGN_GEOMETRIC_PRESENTATION_REPRESENTATION (  '', ( #7796 ), #11814 ) ;
#9482 = ORIENTED_EDGE ( 'NONE', *, *, #4544, .T. ) ;
#9484 = LINE ( 'NONE', #11447, #2816 ) ;
#9483 = MECHANICAL_DESIGN_GEOMETRIC_PRESENTATION_REPRESENTATION (  '', ( #6513 ), #5454 ) ;
#9485 = ADVANCED_FACE ( 'NONE', ( #11736 ), #1884, .T. ) ;
#9486 = CARTESIAN_POINT ( 'NONE',  ( -0.1213779527559052523, 2.925482699725639421E-18, -0.2125000000000001332 ) ) ;
#9487 = DIRECTION ( 'NONE',  ( -1.000000000000000000, 0.000000000000000000, 0.000000000000000000 ) ) ;
#9488 = ORIENTED_EDGE ( 'NONE', *, *, #4679, .F. ) ;
#9489 = VECTOR ( 'NONE', #4697, 39.37007874015748143 ) ;
#9490 = PLANE ( 'NONE',  #2437 ) ;
#9491 = DIRECTION ( 'NONE',  ( 1.000000000000000000, 0.000000000000000000, 0.000000000000000000 ) ) ;
#9492 = EDGE_LOOP ( 'NONE', ( #2145, #4476, #8534, #8124 ) ) ;
#9493 = LENGTH_MEASURE_WITH_UNIT ( LENGTH_MEASURE( 0.02539999999999999897 ), #12267 );
#9494 = DIRECTION ( 'NONE',  ( 0.000000000000000000, 0.000000000000000000, 1.000000000000000000 ) ) ;
#9495 = DIRECTION ( 'NONE',  ( 0.000000000000000000, 0.000000000000000000, 1.000000000000000000 ) ) ;
#9496 = ORIENTED_EDGE ( 'NONE', *, *, #6226, .F. ) ;
#9497 = SURFACE_STYLE_USAGE ( .BOTH. , #9357 ) ;
#9498 = DIRECTION ( 'NONE',  ( 0.000000000000000000, 0.000000000000000000, -1.000000000000000000 ) ) ;
#9499 = AXIS2_PLACEMENT_3D ( 'NONE', #6040, #7982, #53 ) ;
#9500 = DIRECTION ( 'NONE',  ( -0.4027386142660224211, 0.000000000000000000, -0.9153150324227632417 ) ) ;
#9501 = CARTESIAN_POINT ( 'NONE',  ( -0.06250000000000001388, 0.3880000000000000115, 0.08749999999999988343 ) ) ;
#9502 = ORIENTED_EDGE ( 'NONE', *, *, #7863, .F. ) ;
#9503 = LINE ( 'NONE', #9363, #9855 ) ;
#9504 = DIRECTION ( 'NONE',  ( 0.000000000000000000, 0.000000000000000000, 1.000000000000000000 ) ) ;
#9505 = ORIENTED_EDGE ( 'NONE', *, *, #6204, .T. ) ;
#9506 = DIRECTION ( 'NONE',  ( 0.000000000000000000, 0.000000000000000000, -1.000000000000000000 ) ) ;
#9507 = CARTESIAN_POINT ( 'NONE',  ( 0.03749999999999999861, 0.05799999999999996825, 0.08749999999999986955 ) ) ;
#9508 = CARTESIAN_POINT ( 'NONE',  ( 0.06250000000000001388, 0.3643779527559052878, -0.01250000000000010651 ) ) ;
#9509 = ORIENTED_EDGE ( 'NONE', *, *, #8258, .T. ) ;
#9510 = DIRECTION ( 'NONE',  ( 0.000000000000000000, 0.000000000000000000, 1.000000000000000000 ) ) ;
#9511 = DIRECTION ( 'NONE',  ( 0.000000000000000000, 1.000000000000000000, 0.000000000000000000 ) ) ;
#9512 = FILL_AREA_STYLE ('',( #8517 ) ) ;
#9513 = VECTOR ( 'NONE', #3646, 39.37007874015748143 ) ;
#9514 = FILL_AREA_STYLE ('',( #10697 ) ) ;
#9515 = ORIENTED_EDGE ( 'NONE', *, *, #9623, .F. ) ;
#9516 = ORIENTED_EDGE ( 'NONE', *, *, #10767, .T. ) ;
#9517 = CARTESIAN_POINT ( 'NONE',  ( 0.1449999999999999623, 0.01640227793071964008, 0.4000000000000000222 ) ) ;
#9518 = CARTESIAN_POINT ( 'NONE',  ( -0.06250000000000001388, 0.2150000000000000244, 0.2124999999999999112 ) ) ;
#9519 = DIRECTION ( 'NONE',  ( -0.000000000000000000, -0.000000000000000000, 1.000000000000000000 ) ) ;
#9520 = ADVANCED_FACE ( 'NONE', ( #8751 ), #10277, .F. ) ;
#9521 = LINE ( 'NONE', #460, #3701 ) ;
#9522 = LINE ( 'NONE', #7602, #9385 ) ;
#9523 =( CONVERSION_BASED_UNIT ( 'INCH', #5534 ) LENGTH_UNIT ( ) NAMED_UNIT ( #3427 ) );
#9524 = ORIENTED_EDGE ( 'NONE', *, *, #6387, .T. ) ;
#9525 = ORIENTED_EDGE ( 'NONE', *, *, #5791, .F. ) ;
#9526 = LINE ( 'NONE', #275, #81 ) ;
#9528 = EDGE_CURVE ( 'NONE', #12498, #10981, #9140, .T. ) ;
#9527 = EDGE_LOOP ( 'NONE', ( #7893, #9362, #12583, #11699 ) ) ;
#9529 = CARTESIAN_POINT ( 'NONE',  ( 0.07500000000000003886, 0.03750000000000000555, -3.414809992080329023E-17 ) ) ;
#9530 = EDGE_CURVE ( 'NONE', #8658, #9804, #11114, .T. ) ;
#9531 = DIRECTION ( 'NONE',  ( -1.000000000000000000, 0.000000000000000000, 0.000000000000000000 ) ) ;
#9532 = ORIENTED_EDGE ( 'NONE', *, *, #4301, .F. ) ;
#9533 = DIRECTION ( 'NONE',  ( 0.000000000000000000, -1.000000000000000000, 0.000000000000000000 ) ) ;
#9534 = ORIENTED_EDGE ( 'NONE', *, *, #7859, .T. ) ;
#9535 = CARTESIAN_POINT ( 'NONE',  ( -0.07500000000000005274, 0.000000000000000000, 0.2124999999999999112 ) ) ;
#9536 = DIMENSIONAL_EXPONENTS ( 1.000000000000000000, 0.000000000000000000, 0.000000000000000000, 0.000000000000000000, 0.000000000000000000, 0.000000000000000000, 0.000000000000000000 ) ;
#9537 = DIRECTION ( 'NONE',  ( -2.435670465107224942E-16, -1.000000000000000000, 0.000000000000000000 ) ) ;
#9538 =( NAMED_UNIT ( * ) PLANE_ANGLE_UNIT ( ) SI_UNIT ( $, .RADIAN. ) );
#9539 = ADVANCED_FACE ( 'NONE', ( #2149 ), #1075, .T. ) ;
#9540 = VECTOR ( 'NONE', #12044, 39.37007874015748143 ) ;
#9541 = ORIENTED_EDGE ( 'NONE', *, *, #12440, .T. ) ;
#9542 = ORIENTED_EDGE ( 'NONE', *, *, #12217, .T. ) ;
#9543 = ORIENTED_EDGE ( 'NONE', *, *, #11080, .T. ) ;
#9544 = EDGE_CURVE ( 'NONE', #10140, #11109, #4032, .T. ) ;
#9545 = LINE ( 'NONE', #487, #5742 ) ;
#9546 = DIRECTION ( 'NONE',  ( 0.000000000000000000, -0.000000000000000000, 1.000000000000000000 ) ) ;
#9547 = CARTESIAN_POINT ( 'NONE',  ( 0.07500000000000002498, 0.000000000000000000, 0.2124999999999999112 ) ) ;
#9548 = VERTEX_POINT ( 'NONE', #12114 ) ;
#9549 = CARTESIAN_POINT ( 'NONE',  ( 0.03749999999999999861, 0.05799999999999996825, 0.1874999999999999167 ) ) ;
#9550 = EDGE_CURVE ( 'NONE', #6264, #7409, #10011, .T. ) ;
#9551 = VERTEX_POINT ( 'NONE', #3197 ) ;
#9552 = DIRECTION ( 'NONE',  ( 0.000000000000000000, 0.000000000000000000, 1.000000000000000000 ) ) ;
#9553 = DIRECTION ( 'NONE',  ( 0.3236155771181825069, -0.8891264907159898145, -0.3236155771181825069 ) ) ;
#9554 = EDGE_CURVE ( 'NONE', #10066, #10140, #11253, .T. ) ;
#9555 = ORIENTED_EDGE ( 'NONE', *, *, #12587, .F. ) ;
#9556 = LINE ( 'NONE', #3532, #3657 ) ;
#9557 = VECTOR ( 'NONE', #886, 39.37007874015748143 ) ;
#9558 = CARTESIAN_POINT ( 'NONE',  ( 0.07500000000000002498, 0.000000000000000000, -0.1125000000000001138 ) ) ;
#9559 = ADVANCED_FACE ( 'NONE', ( #4963 ), #4099, .F. ) ;
#9560 = VECTOR ( 'NONE', #918, 39.37007874015748143 ) ;
#9561 = EDGE_CURVE ( 'NONE', #1715, #373, #2443, .T. ) ;
#9562 = DIRECTION ( 'NONE',  ( -1.000000000000000000, 3.414809992080306836E-16, 0.000000000000000000 ) ) ;
#9563 = DIRECTION ( 'NONE',  ( 0.000000000000000000, 0.000000000000000000, -1.000000000000000000 ) ) ;
#9564 = ORIENTED_EDGE ( 'NONE', *, *, #11142, .F. ) ;
#9565 =( NAMED_UNIT ( * ) SI_UNIT ( $, .STERADIAN. ) SOLID_ANGLE_UNIT ( ) );
#9566 = DIRECTION ( 'NONE',  ( 0.000000000000000000, 0.000000000000000000, 1.000000000000000000 ) ) ;
#9567 = ORIENTED_EDGE ( 'NONE', *, *, #5333, .F. ) ;
#9568 = LINE ( 'NONE', #574, #612 ) ;
#9569 =( NAMED_UNIT ( * ) PLANE_ANGLE_UNIT ( ) SI_UNIT ( $, .RADIAN. ) );
#9570 = PLANE ( 'NONE',  #11286 ) ;
#9571 = ORIENTED_EDGE ( 'NONE', *, *, #8872, .F. ) ;
#9572 = DIRECTION ( 'NONE',  ( 1.000000000000000000, 0.000000000000000000, -0.000000000000000000 ) ) ;
#9573 = DIRECTION ( 'NONE',  ( 0.9153150324227631307, 0.000000000000000000, 0.4027386142660223656 ) ) ;
#9574 = DIRECTION ( 'NONE',  ( 1.000000000000000000, -6.097874985857736561E-17, 0.000000000000000000 ) ) ;
#9575 = VECTOR ( 'NONE', #7692, 39.37007874015748143 ) ;
#9576 =( LENGTH_UNIT ( ) NAMED_UNIT ( * ) SI_UNIT ( $, .METRE. ) );
#9577 = ORIENTED_EDGE ( 'NONE', *, *, #4695, .F. ) ;
#9578 = AXIS2_PLACEMENT_3D ( 'NONE', #6332, #12297, #262 ) ;
#9579 = ORIENTED_EDGE ( 'NONE', *, *, #1532, .F. ) ;
#9580 = SURFACE_STYLE_USAGE ( .BOTH. , #6329 ) ;
#9581 = DIRECTION ( 'NONE',  ( -1.000000000000000000, 0.000000000000000000, 0.000000000000000000 ) ) ;
#9582 = FILL_AREA_STYLE ('',( #10570 ) ) ;
#9583 = PLANE ( 'NONE',  #2461 ) ;
#9584 = VECTOR ( 'NONE', #3444, 39.37007874015748854 ) ;
#9585 = DIRECTION ( 'NONE',  ( -1.000000000000000000, 0.000000000000000000, -0.000000000000000000 ) ) ;
#9586 = DIRECTION ( 'NONE',  ( 0.000000000000000000, 0.000000000000000000, -1.000000000000000000 ) ) ;
#9587 = VECTOR ( 'NONE', #3585, 39.37007874015748143 ) ;
#9588 = STYLED_ITEM ( 'NONE', ( #6429 ), #8569 ) ;
#9589 = SURFACE_STYLE_FILL_AREA ( #6798 ) ;
#9590 = AXIS2_PLACEMENT_3D ( 'NONE', #2536, #3760, #10526 ) ;
#9591 = SURFACE_STYLE_USAGE ( .BOTH. , #7609 ) ;
#9592 = ORIENTED_EDGE ( 'NONE', *, *, #11716, .F. ) ;
#9593 = ORIENTED_EDGE ( 'NONE', *, *, #10908, .T. ) ;
#9594 = FILL_AREA_STYLE_COLOUR ( '', #6615 ) ;
#9595 = ORIENTED_EDGE ( 'NONE', *, *, #8546, .F. ) ;
#9596 =( GEOMETRIC_REPRESENTATION_CONTEXT ( 3 ) GLOBAL_UNCERTAINTY_ASSIGNED_CONTEXT ( ( #1923 ) ) GLOBAL_UNIT_ASSIGNED_CONTEXT ( ( #2654, #6596, #10706 ) ) REPRESENTATION_CONTEXT ( 'NONE', 'WORKASPACE' ) );
#9597 = CARTESIAN_POINT ( 'NONE',  ( -0.06250000000000001388, 0.3643779527559052878, -0.1125000000000001138 ) ) ;
#9598 = CARTESIAN_POINT ( 'NONE',  ( 0.05390227793071963869, 0.3880000000000000115, 0.1039022779307195166 ) ) ;
#9599 = ORIENTED_EDGE ( 'NONE', *, *, #2365, .F. ) ;
#9600 = DIRECTION ( 'NONE',  ( 0.000000000000000000, 0.000000000000000000, 1.000000000000000000 ) ) ;
#9601 = UNCERTAINTY_MEASURE_WITH_UNIT (LENGTH_MEASURE( 1.000000000000000082E-05 ), #8159, 'distance_accuracy_value', 'NONE');
#9602 = VERTEX_POINT ( 'NONE', #2944 ) ;
#9603 =( CONVERSION_BASED_UNIT ( 'INCH', #11382 ) LENGTH_UNIT ( ) NAMED_UNIT ( #4067 ) );
#9604 = PRESENTATION_STYLE_ASSIGNMENT (( #10787 ) ) ;
#9605 = MECHANICAL_DESIGN_GEOMETRIC_PRESENTATION_REPRESENTATION (  '', ( #8337 ), #10246 ) ;
#9606 = CARTESIAN_POINT ( 'NONE',  ( 0.000000000000000000, 0.2150000000000000244, 0.1000000000000000056 ) ) ;
#9607 = EDGE_CURVE ( 'NONE', #2910, #11656, #6016, .T. ) ;
#9608 = VERTEX_POINT ( 'NONE', #943 ) ;
#9609 = ORIENTED_EDGE ( 'NONE', *, *, #970, .T. ) ;
#9610 = VECTOR ( 'NONE', #2993, 39.37007874015748854 ) ;
#9611 = VERTEX_POINT ( 'NONE', #13047 ) ;
#9612 = LINE ( 'NONE', #2676, #1468 ) ;
#9613 = ORIENTED_EDGE ( 'NONE', *, *, #1132, .F. ) ;
#9614 = CARTESIAN_POINT ( 'NONE',  ( 0.1605095817734711605, 0.01075725181925857310, -0.2017427481807415601 ) ) ;
#9615 = ORIENTED_EDGE ( 'NONE', *, *, #11954, .T. ) ;
#9616 = CARTESIAN_POINT ( 'NONE',  ( -0.03749999999999999861, 0.3643779527559052878, 0.1124999999999998918 ) ) ;
#9617 = CARTESIAN_POINT ( 'NONE',  ( 0.07500000000000005274, 0.02500000000000001180, -0.1125000000000001138 ) ) ;
#9618 = ORIENTED_EDGE ( 'NONE', *, *, #1543, .F. ) ;
#9619 = CARTESIAN_POINT ( 'NONE',  ( 0.05390227793071963869, 0.3880000000000000115, 0.1960977220692802780 ) ) ;
#9620 = PRODUCT_DEFINITION_FORMATION_WITH_SPECIFIED_SOURCE ( 'ANY', '', #1181, .NOT_KNOWN. ) ;
#9621 = PLANE ( 'NONE',  #10913 ) ;
#9622 = EDGE_CURVE ( 'NONE', #12252, #11477, #3976, .T. ) ;
#9623 = EDGE_CURVE ( 'NONE', #13006, #443, #8418, .T. ) ;
#9624 = DIMENSIONAL_EXPONENTS ( 1.000000000000000000, 0.000000000000000000, 0.000000000000000000, 0.000000000000000000, 0.000000000000000000, 0.000000000000000000, 0.000000000000000000 ) ;
#9625 = LINE ( 'NONE', #567, #2392 ) ;
#9626 = VERTEX_POINT ( 'NONE', #345 ) ;
#9627 = PRESENTATION_STYLE_ASSIGNMENT (( #5583 ) ) ;
#9628 = VECTOR ( 'NONE', #12363, 39.37007874015748143 ) ;
#9629 =( LENGTH_UNIT ( ) NAMED_UNIT ( * ) SI_UNIT ( $, .METRE. ) );
#9630 = VERTEX_POINT ( 'NONE', #5358 ) ;
#9631 = FACE_OUTER_BOUND ( 'NONE', #9474, .T. ) ;
#9632 = CARTESIAN_POINT ( 'NONE',  ( -0.09499999999999998723, 0.6848831648126535443, -0.2430053851276749999 ) ) ;
#9633 = PRESENTATION_STYLE_ASSIGNMENT (( #11612 ) ) ;
#9634 = EDGE_CURVE ( 'NONE', #10541, #8347, #6347, .T. ) ;
#9635 = EDGE_CURVE ( 'NONE', #11785, #2036, #8545, .T. ) ;
#9636 = SURFACE_STYLE_FILL_AREA ( #12874 ) ;
#9637 = EDGE_LOOP ( 'NONE', ( #2670, #6338, #12652, #1247 ) ) ;
#9638 = CARTESIAN_POINT ( 'NONE',  ( 0.008183646112600400507, 0.05799999999999997519, -0.01859919571045515196 ) ) ;
#9639 = EDGE_CURVE ( 'NONE', #10866, #4667, #9476, .T. ) ;
#9640 = LINE ( 'NONE', #5459, #1316 ) ;
#9641 = VECTOR ( 'NONE', #362, 39.37007874015748854 ) ;
#9642 = FILL_AREA_STYLE_COLOUR ( '', #10946 ) ;
#9643 = EDGE_CURVE ( 'NONE', #11570, #9602, #5489, .T. ) ;
#9644 = VECTOR ( 'NONE', #9437, 39.37007874015748143 ) ;
#9645 = PLANE ( 'NONE',  #11445 ) ;
#9646 = ORIENTED_EDGE ( 'NONE', *, *, #10599, .F. ) ;
#9647 = CARTESIAN_POINT ( 'NONE',  ( -0.1213779527559052385, 0.02500000000000001180, 0.1124999999999998918 ) ) ;
#9648 = DIRECTION ( 'NONE',  ( -0.000000000000000000, 1.000000000000000000, -0.000000000000000000 ) ) ;
#9649 = CIRCLE ( 'NONE', #3924, 0.007999999999999989758 ) ;
#9650 = LINE ( 'NONE', #6792, #2706 ) ;
#9651 = EDGE_CURVE ( 'NONE', #4788, #11485, #478, .T. ) ;
#9652 = CARTESIAN_POINT ( 'NONE',  ( -0.03749999999999999861, 0.2150000000000000244, -0.2125000000000001332 ) ) ;
#9653 = AXIS2_PLACEMENT_3D ( 'NONE', #846, #10024, #9960 ) ;
#9654 = PLANE ( 'NONE',  #3910 ) ;
#9655 = CARTESIAN_POINT ( 'NONE',  ( 0.05390227793071963869, 0.3880000000000000115, 0.4000000000000000222 ) ) ;
#9656 = PRESENTATION_LAYER_ASSIGNMENT (  '', '', ( #11115 ) ) ;
#9657 = VECTOR ( 'NONE', #3151, 39.37007874015748143 ) ;
#9658 = LENGTH_MEASURE_WITH_UNIT ( LENGTH_MEASURE( 0.02539999999999999897 ), #8716 );
#9659 = ORIENTED_EDGE ( 'NONE', *, *, #11650, .T. ) ;
#9660 = ORIENTED_EDGE ( 'NONE', *, *, #7445, .F. ) ;
#9661 = SURFACE_STYLE_FILL_AREA ( #1584 ) ;
#9662 = VECTOR ( 'NONE', #3748, 39.37007874015748143 ) ;
#9663 = ORIENTED_EDGE ( 'NONE', *, *, #2115, .T. ) ;
#9664 = LINE ( 'NONE', #3579, #8 ) ;
#9665 = VECTOR ( 'NONE', #6678, 39.37007874015748143 ) ;
#9666 = DIRECTION ( 'NONE',  ( 0.000000000000000000, -0.000000000000000000, -1.000000000000000000 ) ) ;
#9667 = ORIENTED_EDGE ( 'NONE', *, *, #902, .T. ) ;
#9668 = CARTESIAN_POINT ( 'NONE',  ( 0.1449999999999999623, -0.03750000000000000555, 0.1039022779307195166 ) ) ;
#9669 = ORIENTED_EDGE ( 'NONE', *, *, #12757, .T. ) ;
#9670 = SURFACE_STYLE_USAGE ( .BOTH. , #543 ) ;
#9671 = LINE ( 'NONE', #8799, #510 ) ;
#9672 = VECTOR ( 'NONE', #5515, 39.37007874015748143 ) ;
#9673 = DIRECTION ( 'NONE',  ( -0.000000000000000000, -1.000000000000000000, -0.000000000000000000 ) ) ;
#9674 = PRESENTATION_LAYER_ASSIGNMENT (  '', '', ( #10522 ) ) ;
#9675 = VERTEX_POINT ( 'NONE', #12319 ) ;
#9676 = EDGE_LOOP ( 'NONE', ( #13051, #8627, #11435, #11768 ) ) ;
#9677 = VECTOR ( 'NONE', #1393, 39.37007874015748143 ) ;
#9678 = EDGE_LOOP ( 'NONE', ( #6157, #1265, #728, #8875 ) ) ;
#9679 = DIRECTION ( 'NONE',  ( 0.000000000000000000, 0.000000000000000000, 1.000000000000000000 ) ) ;
#9680 = VECTOR ( 'NONE', #8286, 39.37007874015748143 ) ;
#9681 = CARTESIAN_POINT ( 'NONE',  ( 0.06250000000000001388, 0.2150000000000000244, 0.01249999999999990008 ) ) ;
#9682 = CARTESIAN_POINT ( 'NONE',  ( -0.06250000000000001388, 0.2150000000000000244, 0.1874999999999999167 ) ) ;
#9683 = CARTESIAN_POINT ( 'NONE',  ( -0.06999999999999999278, 0.05799999999999997519, -0.02200000000000026240 ) ) ;
#9684 = EDGE_LOOP ( 'NONE', ( #10806, #4522, #7845, #9405 ) ) ;
#9685 = FACE_OUTER_BOUND ( 'NONE', #10105, .T. ) ;
#9686 = DIRECTION ( 'NONE',  ( -0.000000000000000000, -0.000000000000000000, -1.000000000000000000 ) ) ;
#9687 =( GEOMETRIC_REPRESENTATION_CONTEXT ( 3 ) GLOBAL_UNCERTAINTY_ASSIGNED_CONTEXT ( ( #254 ) ) GLOBAL_UNIT_ASSIGNED_CONTEXT ( ( #8388, #11418, #4412 ) ) REPRESENTATION_CONTEXT ( 'NONE', 'WORKASPACE' ) );
#9688 = EDGE_CURVE ( 'NONE', #6164, #66, #3393, .T. ) ;
#9689 = ORIENTED_EDGE ( 'NONE', *, *, #2841, .T. ) ;
#9690 = CARTESIAN_POINT ( 'NONE',  ( 0.03749999999999999861, 0.1419999999999999873, -0.1875000000000001110 ) ) ;
#9691 = DIRECTION ( 'NONE',  ( -1.000000000000000000, 0.000000000000000000, 0.000000000000000000 ) ) ;
#9692 = VECTOR ( 'NONE', #4954, 39.37007874015748143 ) ;
#9693 = AXIS2_PLACEMENT_3D ( 'NONE', #1663, #8801, #12835 ) ;
#9694 = CARTESIAN_POINT ( 'NONE',  ( 0.09499999999999998723, 0.6848831648126535443, 0.2500000000000000555 ) ) ;
#9695 = VERTEX_POINT ( 'NONE', #224 ) ;
#9696 = CARTESIAN_POINT ( 'NONE',  ( -0.09499999999999998723, 0.05799999999999997519, -0.03599999999999999034 ) ) ;
#9697 =( LENGTH_UNIT ( ) NAMED_UNIT ( * ) SI_UNIT ( $, .METRE. ) );
#9698 = EDGE_LOOP ( 'NONE', ( #1679, #10531, #4403, #4831 ) ) ;
#9699 = EDGE_CURVE ( 'NONE', #5248, #12581, #7416, .T. ) ;
#9700 = FILL_AREA_STYLE ('',( #9895 ) ) ;
#9701 = DIRECTION ( 'NONE',  ( -1.000000000000000000, 0.000000000000000000, -0.000000000000000000 ) ) ;
#9702 = CARTESIAN_POINT ( 'NONE',  ( -0.06249999999999981959, 0.05799999999999996825, -0.2125000000000001332 ) ) ;
#9703 = EDGE_CURVE ( 'NONE', #323, #9980, #7485, .T. ) ;
#9704 = VECTOR ( 'NONE', #4056, 39.37007874015748143 ) ;
#9705 = CARTESIAN_POINT ( 'NONE',  ( -0.03749999999999999861, 0.3880000000000000115, -0.08750000000000010547 ) ) ;
#9706 = VERTEX_POINT ( 'NONE', #416 ) ;
#9707 = FILL_AREA_STYLE_COLOUR ( '', #8965 ) ;
#9708 = STYLED_ITEM ( 'NONE', ( #4043 ), #11732 ) ;
#9709 = FACE_OUTER_BOUND ( 'NONE', #1942, .T. ) ;
#9710 = DIRECTION ( 'NONE',  ( -0.000000000000000000, 1.000000000000000000, -0.000000000000000000 ) ) ;
#9711 = EDGE_LOOP ( 'NONE', ( #8803, #11805, #1816, #7768 ) ) ;
#9712 = CYLINDRICAL_SURFACE ( 'NONE', #4076, 0.01250000000000008049 ) ;
#9713 = EDGE_CURVE ( 'NONE', #7488, #11729, #4236, .T. ) ;
#9714 = CARTESIAN_POINT ( 'NONE',  ( 0.03749999999999999861, 0.05799999999999996825, 0.1124999999999998779 ) ) ;
#9715 = CARTESIAN_POINT ( 'NONE',  ( 0.000000000000000000, 0.3880000000000000115, 0.2999999999999999889 ) ) ;
#9716 = DIRECTION ( 'NONE',  ( 1.000000000000000000, 0.000000000000000000, 0.000000000000000000 ) ) ;
#9717 = LINE ( 'NONE', #11692, #7083 ) ;
#9718 = EDGE_CURVE ( 'NONE', #3603, #9891, #10465, .T. ) ;
#9719 = DIRECTION ( 'NONE',  ( 2.435670465107224942E-16, -1.000000000000000000, 0.000000000000000000 ) ) ;
#9720 = MECHANICAL_DESIGN_GEOMETRIC_PRESENTATION_REPRESENTATION (  '', ( #8031 ), #3794 ) ;
#9721 = ADVANCED_FACE ( 'NONE', ( #3263 ), #2471, .F. ) ;
#9722 =( LENGTH_UNIT ( ) NAMED_UNIT ( * ) SI_UNIT ( $, .METRE. ) );
#9723 = ORIENTED_EDGE ( 'NONE', *, *, #4910, .T. ) ;
#9724 = ORIENTED_EDGE ( 'NONE', *, *, #11645, .T. ) ;
#9725 = SURFACE_SIDE_STYLE ('',( #9661 ) ) ;
#9726 = EDGE_CURVE ( 'NONE', #9967, #2417, #12901, .T. ) ;
#9727 = ORIENTED_EDGE ( 'NONE', *, *, #6233, .F. ) ;
#9728 = LINE ( 'NONE', #2398, #5960 ) ;
#9729 = FACE_OUTER_BOUND ( 'NONE', #11822, .T. ) ;
#9730 = DIRECTION ( 'NONE',  ( 0.000000000000000000, -0.000000000000000000, -1.000000000000000000 ) ) ;
#9731 = ORIENTED_EDGE ( 'NONE', *, *, #10764, .T. ) ;
#9732 = DIRECTION ( 'NONE',  ( 6.829619984160656074E-16, 0.000000000000000000, 1.000000000000000000 ) ) ;
#9733 = EDGE_LOOP ( 'NONE', ( #12914, #4228, #1452, #6843 ) ) ;
#9734 = PLANE ( 'NONE',  #12628 ) ;
#9735 = FACE_OUTER_BOUND ( 'NONE', #3104, .T. ) ;
#9736 = DIRECTION ( 'NONE',  ( -0.4226182617406968323, -0.000000000000000000, -0.9063077870366511579 ) ) ;
#9737 = PLANE ( 'NONE',  #12435 ) ;
#9738 = ORIENTED_EDGE ( 'NONE', *, *, #7204, .F. ) ;
#9739 = EDGE_LOOP ( 'NONE', ( #5420, #11057, #10491, #7330 ) ) ;
#9740 = ORIENTED_EDGE ( 'NONE', *, *, #3784, .T. ) ;
#9741 = LINE ( 'NONE', #8739, #4498 ) ;
#9742 = CARTESIAN_POINT ( 'NONE',  ( -0.03749999999999999861, 0.3643779527559052878, -0.2125000000000001332 ) ) ;
#9743 = FILL_AREA_STYLE_COLOUR ( '', #2760 ) ;
#9744 = LINE ( 'NONE', #11725, #5085 ) ;
#9745 = CARTESIAN_POINT ( 'NONE',  ( -0.1213779527559052523, 2.925482699725639421E-18, -0.01250000000000010651 ) ) ;
#9746 = ORIENTED_EDGE ( 'NONE', *, *, #12676, .F. ) ;
#9747 = DIRECTION ( 'NONE',  ( -0.000000000000000000, 0.000000000000000000, 1.000000000000000000 ) ) ;
#9748 = CARTESIAN_POINT ( 'NONE',  ( -0.09500000000000001499, 0.1419999999999999873, 0.06400000000000005684 ) ) ;
#9749 = PRODUCT_CONTEXT ( 'NONE', #4332, 'mechanical' ) ;
#9750 = ORIENTED_EDGE ( 'NONE', *, *, #4540, .T. ) ;
#9751 = LINE ( 'NONE', #6898, #7156 ) ;
#9752 = CARTESIAN_POINT ( 'NONE',  ( 0.000000000000000000, 0.2150000000000000244, 0.2999999999999999889 ) ) ;
#9753 = DIRECTION ( 'NONE',  ( 0.9153150324227631307, 0.000000000000000000, -0.4027386142660223656 ) ) ;
#9754 = ADVANCED_FACE ( 'NONE', ( #1660 ), #11642, .T. ) ;
#9755 = DIRECTION ( 'NONE',  ( -0.4027386142660224211, 0.000000000000000000, 0.9153150324227632417 ) ) ;
#9756 = ORIENTED_EDGE ( 'NONE', *, *, #5885, .T. ) ;
#9757 = CARTESIAN_POINT ( 'NONE',  ( 0.06250000000000001388, 0.3643779527559052878, 0.01249999999999990008 ) ) ;
#9758 = FACE_OUTER_BOUND ( 'NONE', #7699, .T. ) ;
#9759 = ORIENTED_EDGE ( 'NONE', *, *, #12918, .F. ) ;
#9760 = CARTESIAN_POINT ( 'NONE',  ( -0.06999999999999999278, 0.1726274169979694906, 0.02999999999999978378 ) ) ;
#9761 = CARTESIAN_POINT ( 'NONE',  ( -0.05988182395616164361, 0.3715713323165082960, 0.09011817604383823288 ) ) ;
#9762 = DIRECTION ( 'NONE',  ( 0.000000000000000000, -1.000000000000000000, 0.000000000000000000 ) ) ;
#9763 = FACE_OUTER_BOUND ( 'NONE', #9169, .T. ) ;
#9764 = LINE ( 'NONE', #5770, #946 ) ;
#9765 = ORIENTED_EDGE ( 'NONE', *, *, #2704, .T. ) ;
#9766 = EDGE_CURVE ( 'NONE', #607, #4062, #9671, .T. ) ;
#9767 = SURFACE_STYLE_USAGE ( .BOTH. , #11683 ) ;
#9768 = ORIENTED_EDGE ( 'NONE', *, *, #12056, .T. ) ;
#9769 = DIRECTION ( 'NONE',  ( -1.000000000000000000, 0.000000000000000000, 0.000000000000000000 ) ) ;
#9770 = ORIENTED_EDGE ( 'NONE', *, *, #2771, .F. ) ;
#9771 = STYLED_ITEM ( 'NONE', ( #5969 ), #10051 ) ;
#9772 = DIRECTION ( 'NONE',  ( 0.000000000000000000, 0.000000000000000000, 1.000000000000000000 ) ) ;
#9773 = FACE_OUTER_BOUND ( 'NONE', #736, .T. ) ;
#9774 = DIRECTION ( 'NONE',  ( -0.000000000000000000, -0.000000000000000000, -1.000000000000000000 ) ) ;
#9775 = EDGE_CURVE ( 'NONE', #351, #3525, #7681, .T. ) ;
#9776 =( GEOMETRIC_REPRESENTATION_CONTEXT ( 3 ) GLOBAL_UNCERTAINTY_ASSIGNED_CONTEXT ( ( #93 ) ) GLOBAL_UNIT_ASSIGNED_CONTEXT ( ( #10347, #3337, #1277 ) ) REPRESENTATION_CONTEXT ( 'NONE', 'WORKASPACE' ) );
#9777 = EDGE_CURVE ( 'NONE', #1610, #4875, #2793, .T. ) ;
#9778 = VECTOR ( 'NONE', #205, 39.37007874015748143 ) ;
#9779 = ADVANCED_FACE ( 'NONE', ( #3824 ), #12832, .T. ) ;
#9780 = CARTESIAN_POINT ( 'NONE',  ( -0.06250000000000001388, 0.3643779527559052878, -0.01250000000000010651 ) ) ;
#9782 = VERTEX_POINT ( 'NONE', #4693 ) ;
#9781 = EDGE_CURVE ( 'NONE', #1588, #6144, #6749, .T. ) ;
#9783 = ORIENTED_EDGE ( 'NONE', *, *, #11639, .F. ) ;
#9784 = ORIENTED_EDGE ( 'NONE', *, *, #8273, .F. ) ;
#9785 = AXIS2_PLACEMENT_3D ( 'NONE', #537, #11500, #1510 ) ;
#9786 = CARTESIAN_POINT ( 'NONE',  ( -0.03749999999999999861, 0.3880000000000000115, -0.1875000000000001110 ) ) ;
#9787 = CARTESIAN_POINT ( 'NONE',  ( 0.04609772206928037380, 0.3880000000000000115, -0.09609772206928048066 ) ) ;
#9788 = CARTESIAN_POINT ( 'NONE',  ( 0.07000000000000000666, 0.1726274169979694906, 0.06999999999999972911 ) ) ;
#9789 = AXIS2_PLACEMENT_3D ( 'NONE', #8957, #7095, #11935 ) ;
#9791 = ORIENTED_EDGE ( 'NONE', *, *, #2454, .T. ) ;
#9790 = EDGE_CURVE ( 'NONE', #11984, #2274, #2855, .T. ) ;
#9792 = CARTESIAN_POINT ( 'NONE',  ( 0.07000000000000002054, 0.05799999999999997519, -0.1780000000000002136 ) ) ;
#9793 = ADVANCED_FACE ( 'NONE', ( #9735 ), #7816, .T. ) ;
#9794 = EDGE_LOOP ( 'NONE', ( #2968, #9255, #231, #2251 ) ) ;
#9795 = CYLINDRICAL_SURFACE ( 'NONE', #181, 0.007999999999999989758 ) ;
#9796 =( LENGTH_UNIT ( ) NAMED_UNIT ( * ) SI_UNIT ( $, .METRE. ) );
#9797 = VECTOR ( 'NONE', #4437, 39.37007874015748143 ) ;
#9798 = ADVANCED_FACE ( 'NONE', ( #8869 ), #10719, .T. ) ;
#9799 = DIMENSIONAL_EXPONENTS ( 1.000000000000000000, 0.000000000000000000, 0.000000000000000000, 0.000000000000000000, 0.000000000000000000, 0.000000000000000000, 0.000000000000000000 ) ;
#9800 = DIRECTION ( 'NONE',  ( 0.000000000000000000, 0.000000000000000000, 1.000000000000000000 ) ) ;
#9801 = CARTESIAN_POINT ( 'NONE',  ( -0.07000000000000017319, 0.1419999999999999873, 0.1529999999999999138 ) ) ;
#9802 = VECTOR ( 'NONE', #4672, 39.37007874015748143 ) ;
#9804 = VERTEX_POINT ( 'NONE', #2921 ) ;
#9803 = EDGE_CURVE ( 'NONE', #1781, #12446, #12238, .T. ) ;
#9805 = VERTEX_POINT ( 'NONE', #5870 ) ;
#9806 = DIRECTION ( 'NONE',  ( -1.000000000000000000, 0.000000000000000000, 0.000000000000000000 ) ) ;
#9807 = DIRECTION ( 'NONE',  ( 0.000000000000000000, 0.000000000000000000, 1.000000000000000000 ) ) ;
#9808 = PRESENTATION_LAYER_ASSIGNMENT (  '', '', ( #8113 ) ) ;
#9809 =( NAMED_UNIT ( * ) PLANE_ANGLE_UNIT ( ) SI_UNIT ( $, .RADIAN. ) );
#9810 = ORIENTED_EDGE ( 'NONE', *, *, #5064, .T. ) ;
#9811 = LINE ( 'NONE', #6690, #5344 ) ;
#9812 = VERTEX_POINT ( 'NONE', #5148 ) ;
#9813 = CARTESIAN_POINT ( 'NONE',  ( -0.09499999999999998723, 0.05799999999999997519, 0.03599999999999993483 ) ) ;
#9814 = DIRECTION ( 'NONE',  ( 1.734723475976806324E-18, 0.000000000000000000, -1.000000000000000000 ) ) ;
#9815 = ORIENTED_EDGE ( 'NONE', *, *, #5158, .F. ) ;
#9816 = CARTESIAN_POINT ( 'NONE',  ( -0.03749999999999999861, 0.3880000000000000115, 0.2124999999999999112 ) ) ;
#9817 = DIRECTION ( 'NONE',  ( -0.000000000000000000, 1.000000000000000000, -0.000000000000000000 ) ) ;
#9818 = VECTOR ( 'NONE', #8100, 39.37007874015748143 ) ;
#9819 = DIRECTION ( 'NONE',  ( 0.000000000000000000, 0.000000000000000000, -1.000000000000000000 ) ) ;
#9820 = VECTOR ( 'NONE', #356, 39.37007874015748143 ) ;
#9821 = ORIENTED_EDGE ( 'NONE', *, *, #5593, .T. ) ;
#9822 = FACE_OUTER_BOUND ( 'NONE', #7471, .T. ) ;
#9823 = AXIS2_PLACEMENT_3D ( 'NONE', #9752, #10939, #4715 ) ;
#9824 = EDGE_LOOP ( 'NONE', ( #1127, #2382, #7459, #12551 ) ) ;
#9825 = DIRECTION ( 'NONE',  ( 0.000000000000000000, 0.000000000000000000, -1.000000000000000000 ) ) ;
#9826 = EDGE_LOOP ( 'NONE', ( #5922, #8493, #5886, #1100 ) ) ;
#9827 = LINE ( 'NONE', #10878, #8550 ) ;
#9828 = CARTESIAN_POINT ( 'NONE',  ( -0.05988182395616164361, 0.3715713323165082960, 0.2098818239561615617 ) ) ;
#9829 = DIRECTION ( 'NONE',  ( -2.435670465107224942E-16, 1.000000000000000000, 0.000000000000000000 ) ) ;
#9830 = PLANE ( 'NONE',  #3926 ) ;
#9831 = DIRECTION ( 'NONE',  ( 0.000000000000000000, 1.000000000000000000, 0.000000000000000000 ) ) ;
#9832 = ORIENTED_EDGE ( 'NONE', *, *, #992, .T. ) ;
#9833 = SURFACE_SIDE_STYLE ('',( #5908 ) ) ;
#9834 = DIRECTION ( 'NONE',  ( 0.000000000000000000, 0.000000000000000000, 1.000000000000000000 ) ) ;
#9835 = CARTESIAN_POINT ( 'NONE',  ( 0.03749999999999999861, 0.1419999999999999873, -0.1125000000000001138 ) ) ;
#9836 = PRESENTATION_STYLE_ASSIGNMENT (( #2891 ) ) ;
#9837 = ORIENTED_EDGE ( 'NONE', *, *, #12523, .F. ) ;
#9838 = LINE ( 'NONE', #8704, #4725 ) ;
#9839 = CARTESIAN_POINT ( 'NONE',  ( 0.07000000000000017319, 0.05799999999999996825, -0.1529999999999999694 ) ) ;
#9840 = ORIENTED_EDGE ( 'NONE', *, *, #7436, .F. ) ;
#9841 = LINE ( 'NONE', #6727, #6267 ) ;
#9842 = CARTESIAN_POINT ( 'NONE',  ( 0.07500000000000005274, 0.02500000000000001180, 0.01249999999999990008 ) ) ;
#9843 = FILL_AREA_STYLE ('',( #5663 ) ) ;
#9844 = CARTESIAN_POINT ( 'NONE',  ( 0.04609772206928037380, 0.3880000000000000115, 0.1000000000000000056 ) ) ;
#9845 = VECTOR ( 'NONE', #2389, 39.37007874015748143 ) ;
#9846 = VECTOR ( 'NONE', #1201, 39.37007874015748143 ) ;
#9847 = EDGE_CURVE ( 'NONE', #4627, #3455, #8925, .T. ) ;
#9848 = VECTOR ( 'NONE', #1993, 39.37007874015748143 ) ;
#9849 = ORIENTED_EDGE ( 'NONE', *, *, #12934, .F. ) ;
#9850 = ORIENTED_EDGE ( 'NONE', *, *, #5052, .T. ) ;
#9852 = AXIS2_PLACEMENT_3D ( 'NONE', #10431, #10242, #7250 ) ;
#9851 = LINE ( 'NONE', #7736, #10426 ) ;
#9853 = ORIENTED_EDGE ( 'NONE', *, *, #4924, .F. ) ;
#9854 = CARTESIAN_POINT ( 'NONE',  ( 0.05988182395616164361, 0.3715713323165082960, -0.09011817604383845492 ) ) ;
#9855 = VECTOR ( 'NONE', #8313, 39.37007874015748854 ) ;
#9856 = EDGE_CURVE ( 'NONE', #8083, #5637, #7009, .T. ) ;
#9857 = PLANE ( 'NONE',  #8382 ) ;
#9858 = DIRECTION ( 'NONE',  ( -0.000000000000000000, -1.000000000000000000, -0.000000000000000000 ) ) ;
#9859 = CARTESIAN_POINT ( 'NONE',  ( -0.1317360635310592387, 0.003770044005388028304, 0.008729955994611843587 ) ) ;
#9860 = VECTOR ( 'NONE', #6833, 39.37007874015748854 ) ;
#9861 = ADVANCED_FACE ( 'NONE', ( #74 ), #3895, .T. ) ;
#9862 = ORIENTED_EDGE ( 'NONE', *, *, #5072, .F. ) ;
#9863 = DIRECTION ( 'NONE',  ( -1.000000000000000000, 0.000000000000000000, 0.000000000000000000 ) ) ;
#9864 = DIRECTION ( 'NONE',  ( 0.000000000000000000, -0.000000000000000000, 1.000000000000000000 ) ) ;
#9865 =( GEOMETRIC_REPRESENTATION_CONTEXT ( 3 ) GLOBAL_UNCERTAINTY_ASSIGNED_CONTEXT ( ( #6150 ) ) GLOBAL_UNIT_ASSIGNED_CONTEXT ( ( #2950, #1080, #1019 ) ) REPRESENTATION_CONTEXT ( 'NONE', 'WORKASPACE' ) );
#9866 = EDGE_LOOP ( 'NONE', ( #8470, #10374, #6321, #6976 ) ) ;
#9867 = ORIENTED_EDGE ( 'NONE', *, *, #7296, .T. ) ;
#9868 = SURFACE_STYLE_USAGE ( .BOTH. , #140 ) ;
#9869 = EDGE_CURVE ( 'NONE', #4702, #1918, #10129, .T. ) ;
#9870 = VECTOR ( 'NONE', #1725, 39.37007874015748143 ) ;
#9871 = CARTESIAN_POINT ( 'NONE',  ( 0.03750000000000004718, 0.03750000000000001249, -0.2125000000000001332 ) ) ;
#9872 = ADVANCED_FACE ( 'NONE', ( #6945 ), #1925, .T. ) ;
#9873 = LENGTH_MEASURE_WITH_UNIT ( LENGTH_MEASURE( 0.02539999999999999897 ), #4956 );
#9874 = FACE_OUTER_BOUND ( 'NONE', #3886, .T. ) ;
#9875 = CARTESIAN_POINT ( 'NONE',  ( -0.06999999999999999278, 0.04999999999999998196, 0.07799999999999972233 ) ) ;
#9876 = EDGE_LOOP ( 'NONE', ( #1801, #6553, #12778, #5456 ) ) ;
#9877 = LENGTH_MEASURE_WITH_UNIT ( LENGTH_MEASURE( 0.02539999999999999897 ), #938 );
#9878 = DIRECTION ( 'NONE',  ( 5.850480457187554951E-16, -1.000000000000000000, -0.000000000000000000 ) ) ;
#9879 = VECTOR ( 'NONE', #6180, 39.37007874015748143 ) ;
#9880 = ORIENTED_EDGE ( 'NONE', *, *, #7118, .T. ) ;
#9881 = DIRECTION ( 'NONE',  ( 0.000000000000000000, 0.000000000000000000, 1.000000000000000000 ) ) ;
#9882 = PLANE ( 'NONE',  #4065 ) ;
#9883 = ADVANCED_FACE ( 'NONE', ( #8131 ), #7136, .T. ) ;
#9884 = CIRCLE ( 'NONE', #5842, 0.007999999999999989758 ) ;
#9885 = PLANE ( 'NONE',  #8597 ) ;
#9886 = VECTOR ( 'NONE', #2218, 39.37007874015748143 ) ;
#9887 = COLOUR_RGB ( '',1.000000000000000000, 0.8117647058823529438, 0.5019607843137254832 ) ;
#9888 = ADVANCED_FACE ( 'NONE', ( #4949 ), #9190, .F. ) ;
#9889 = EDGE_LOOP ( 'NONE', ( #9750, #3319, #3828, #1066 ) ) ;
#9890 = SURFACE_SIDE_STYLE ('',( #2019 ) ) ;
#9891 = VERTEX_POINT ( 'NONE', #874 ) ;
#9892 = DIRECTION ( 'NONE',  ( -0.000000000000000000, 1.000000000000000000, 0.000000000000000000 ) ) ;
#9893 = VERTEX_POINT ( 'NONE', #3957 ) ;
#9894 =( GEOMETRIC_REPRESENTATION_CONTEXT ( 3 ) GLOBAL_UNCERTAINTY_ASSIGNED_CONTEXT ( ( #739 ) ) GLOBAL_UNIT_ASSIGNED_CONTEXT ( ( #2063, #8132, #8998 ) ) REPRESENTATION_CONTEXT ( 'NONE', 'WORKASPACE' ) );
#9895 = FILL_AREA_STYLE_COLOUR ( '', #7709 ) ;
#9896 = LINE ( 'NONE', #42, #2268 ) ;
#9897 = DIRECTION ( 'NONE',  ( 0.8891264907159901476, 0.3236155771181820628, -0.3236155771181822849 ) ) ;
#9898 = FACE_OUTER_BOUND ( 'NONE', #11608, .T. ) ;
#9899 = MECHANICAL_DESIGN_GEOMETRIC_PRESENTATION_REPRESENTATION (  '', ( #2509 ), #7784 ) ;
#9900 = DIRECTION ( 'NONE',  ( -3.045457963692998352E-16, 1.000000000000000000, 0.000000000000000000 ) ) ;
#9901 = ORIENTED_EDGE ( 'NONE', *, *, #1953, .F. ) ;
#9902 = VECTOR ( 'NONE', #6004, 39.37007874015748143 ) ;
#9903 = CYLINDRICAL_SURFACE ( 'NONE', #531, 0.007999999999999989758 ) ;
#9904 = ORIENTED_EDGE ( 'NONE', *, *, #440, .F. ) ;
#9905 = FACE_OUTER_BOUND ( 'NONE', #506, .T. ) ;
#9906 = DIRECTION ( 'NONE',  ( -0.000000000000000000, -0.000000000000000000, -1.000000000000000000 ) ) ;
#9907 = VERTEX_POINT ( 'NONE', #8008 ) ;
#9908 = MECHANICAL_DESIGN_GEOMETRIC_PRESENTATION_REPRESENTATION (  '', ( #3765 ), #12860 ) ;
#9909 = CARTESIAN_POINT ( 'NONE',  ( -0.03750000000000004718, 0.03750000000000001249, -0.1125000000000001138 ) ) ;
#9910 = LINE ( 'NONE', #2898, #6018 ) ;
#9911 = AXIS2_PLACEMENT_3D ( 'NONE', #10979, #614, #6881 ) ;
#9912 = PLANE ( 'NONE',  #12792 ) ;
#9913 = DIRECTION ( 'NONE',  ( -0.000000000000000000, -0.000000000000000000, -1.000000000000000000 ) ) ;
#9914 = DIRECTION ( 'NONE',  ( 0.000000000000000000, 0.000000000000000000, 1.000000000000000000 ) ) ;
#9915 = AXIS2_PLACEMENT_3D ( 'NONE', #10427, #7246, #5384 ) ;
#9916 = PLANE ( 'NONE',  #11436 ) ;
#9917 = ORIENTED_EDGE ( 'NONE', *, *, #7445, .T. ) ;
#9918 = ORIENTED_EDGE ( 'NONE', *, *, #594, .T. ) ;
#9919 = DIRECTION ( 'NONE',  ( -0.000000000000000000, -1.000000000000000000, -0.000000000000000000 ) ) ;
#9920 = EDGE_CURVE ( 'NONE', #8168, #9706, #14, .T. ) ;
#9921 = ORIENTED_EDGE ( 'NONE', *, *, #3881, .T. ) ;
#9922 = CARTESIAN_POINT ( 'NONE',  ( -0.07500000000000003886, 0.03750000000000000555, -0.08750000000000010547 ) ) ;
#9923 = AXIS2_PLACEMENT_3D ( 'NONE', #7696, #12710, #5688 ) ;
#9924 = CARTESIAN_POINT ( 'NONE',  ( 0.09499999999999998723, 0.04999999999999998196, 0.1640000000000000069 ) ) ;
#9925 = FACE_OUTER_BOUND ( 'NONE', #10838, .T. ) ;
#9926 = FACE_OUTER_BOUND ( 'NONE', #12783, .T. ) ;
#9927 = LINE ( 'NONE', #11969, #3753 ) ;
#9928 = DIRECTION ( 'NONE',  ( 1.000000000000000000, 0.000000000000000000, 0.000000000000000000 ) ) ;
#9929 = FACE_OUTER_BOUND ( 'NONE', #8540, .T. ) ;
#9930 = CARTESIAN_POINT ( 'NONE',  ( -0.03749999999999999861, 0.3643779527559052878, 0.1874999999999999167 ) ) ;
#9931 = EDGE_CURVE ( 'NONE', #11825, #8603, #6996, .T. ) ;
#9932 =( GEOMETRIC_REPRESENTATION_CONTEXT ( 3 ) GLOBAL_UNCERTAINTY_ASSIGNED_CONTEXT ( ( #10274 ) ) GLOBAL_UNIT_ASSIGNED_CONTEXT ( ( #7671, #6541, #12636 ) ) REPRESENTATION_CONTEXT ( 'NONE', 'WORKASPACE' ) );
#9933 = VERTEX_POINT ( 'NONE', #12544 ) ;
#9934 = ORIENTED_EDGE ( 'NONE', *, *, #8352, .F. ) ;
#9935 = CARTESIAN_POINT ( 'NONE',  ( -0.06999999999999999278, 0.05799999999999997519, 0.1619999999999997553 ) ) ;
#9936 = EDGE_CURVE ( 'NONE', #12581, #2270, #6518, .T. ) ;
#9937 = FACE_OUTER_BOUND ( 'NONE', #6222, .T. ) ;
#9938 = CARTESIAN_POINT ( 'NONE',  ( -0.03749999999999999861, 0.05799999999999996825, 0.2124999999999999112 ) ) ;
#9939 = CARTESIAN_POINT ( 'NONE',  ( 0.06250000000000001388, 0.1419999999999999873, 0.01249999999999990008 ) ) ;
#9940 = ORIENTED_EDGE ( 'NONE', *, *, #986, .T. ) ;
#9941 = DIRECTION ( 'NONE',  ( 0.000000000000000000, -0.000000000000000000, 1.000000000000000000 ) ) ;
#9942 = DIRECTION ( 'NONE',  ( 0.000000000000000000, 0.000000000000000000, 1.000000000000000000 ) ) ;
#9943 = EDGE_LOOP ( 'NONE', ( #663, #8725, #6673, #5809 ) ) ;
#9944 = PRESENTATION_STYLE_ASSIGNMENT (( #5890 ) ) ;
#9945 = CARTESIAN_POINT ( 'NONE',  ( 0.000000000000000000, 0.1499999999999999944, 0.000000000000000000 ) ) ;
#9946 = EDGE_CURVE ( 'NONE', #351, #3640, #1494, .T. ) ;
#9947 = FACE_OUTER_BOUND ( 'NONE', #2113, .T. ) ;
#9948 = ADVANCED_FACE ( 'NONE', ( #3486 ), #4545, .F. ) ;
#9950 = ORIENTED_EDGE ( 'NONE', *, *, #6940, .T. ) ;
#9949 = ADVANCED_FACE ( 'NONE', ( #7588 ), #452, .F. ) ;
#9951 =( CONVERSION_BASED_UNIT ( 'INCH', #11994 ) LENGTH_UNIT ( ) NAMED_UNIT ( #4721 ) );
#9952 = CLOSED_SHELL ( 'NONE', ( #8979, #4819, #12693, #12122, #6700, #1232, #6893, #3856, #6791, #8032, #4783, #5737, #6608, #4345, #9067, #12302, #5260, #5496 ) ) ;
#9953 = EDGE_CURVE ( 'NONE', #10411, #7276, #9640, .T. ) ;
#9954 =( LENGTH_UNIT ( ) NAMED_UNIT ( * ) SI_UNIT ( $, .METRE. ) );
#9955 = EDGE_CURVE ( 'NONE', #1021, #4702, #10258, .T. ) ;
#9956 = CARTESIAN_POINT ( 'NONE',  ( -0.06249999999999981959, 0.05799999999999996825, -0.1125000000000001138 ) ) ;
#9957 = ORIENTED_EDGE ( 'NONE', *, *, #9294, .T. ) ;
#9958 = FACE_OUTER_BOUND ( 'NONE', #7472, .T. ) ;
#9959 = PLANE ( 'NONE',  #9789 ) ;
#9960 = DIRECTION ( 'NONE',  ( 1.000000000000000000, 0.000000000000000000, 0.000000000000000000 ) ) ;
#9961 = DIRECTION ( 'NONE',  ( -0.000000000000000000, 1.000000000000000000, -0.000000000000000000 ) ) ;
#9962 = ORIENTED_EDGE ( 'NONE', *, *, #5885, .F. ) ;
#9963 = DIRECTION ( 'NONE',  ( -1.000000000000000000, 0.000000000000000000, 0.000000000000000000 ) ) ;
#9964 = EDGE_CURVE ( 'NONE', #910, #2270, #2569, .T. ) ;
#9965 = EDGE_CURVE ( 'NONE', #6569, #1650, #6580, .T. ) ;
#9967 = VERTEX_POINT ( 'NONE', #8516 ) ;
#9966 = ADVANCED_FACE ( 'NONE', ( #3182 ), #10626, .F. ) ;
#9968 = LINE ( 'NONE', #7921, #13013 ) ;
#9969 = CYLINDRICAL_SURFACE ( 'NONE', #11376, 0.01250000000000008049 ) ;
#9970 = ORIENTED_EDGE ( 'NONE', *, *, #6229, .F. ) ;
#9971 = PLANE ( 'NONE',  #1418 ) ;
#9972 = PRESENTATION_LAYER_ASSIGNMENT (  '', '', ( #3214 ) ) ;
#9973 = FACE_OUTER_BOUND ( 'NONE', #2659, .T. ) ;
#9974 = CARTESIAN_POINT ( 'NONE',  ( 0.07500000000000005274, 0.000000000000000000, 0.2124999999999999112 ) ) ;
#9975 = LINE ( 'NONE', #6983, #1569 ) ;
#9976 =( LENGTH_UNIT ( ) NAMED_UNIT ( * ) SI_UNIT ( $, .METRE. ) );
#9977 = AXIS2_PLACEMENT_3D ( 'NONE', #3021, #12143, #11876 ) ;
#9978 = CLOSED_SHELL ( 'NONE', ( #11297, #12294, #7163, #5270, #3631, #183, #1779, #7019, #7535, #5640, #545, #1144, #1374, #6545, #10594, #5715, #7175, #5804 ) ) ;
#9979 = LINE ( 'NONE', #1047, #8282 ) ;
#9980 = VERTEX_POINT ( 'NONE', #8643 ) ;
#9981 = MECHANICAL_DESIGN_GEOMETRIC_PRESENTATION_REPRESENTATION (  '', ( #65 ), #12723 ) ;
#9982 = ORIENTED_EDGE ( 'NONE', *, *, #12523, .T. ) ;
#9983 = LINE ( 'NONE', #2188, #1982 ) ;
#9984 = EDGE_LOOP ( 'NONE', ( #4894, #12285, #10665, #171 ) ) ;
#9985 = DIRECTION ( 'NONE',  ( -0.000000000000000000, 1.000000000000000000, -0.000000000000000000 ) ) ;
#9986 = CARTESIAN_POINT ( 'NONE',  ( 0.07000000000000017319, 0.05799999999999997519, -0.05299999999999997075 ) ) ;
#9987 = FILL_AREA_STYLE_COLOUR ( '', #3873 ) ;
#9988 = VECTOR ( 'NONE', #1533, 39.37007874015748143 ) ;
#9989 = CARTESIAN_POINT ( 'NONE',  ( 0.03750000000000004718, 0.03750000000000001249, 0.2124999999999999112 ) ) ;
#9990 = UNCERTAINTY_MEASURE_WITH_UNIT (LENGTH_MEASURE( 1.000000000000000082E-05 ), #5984, 'distance_accuracy_value', 'NONE');
#9991 = LINE ( 'NONE', #8868, #12831 ) ;
#9992 = CARTESIAN_POINT ( 'NONE',  ( 0.07500000000000005274, 0.02500000000000001180, 0.08749999999999988343 ) ) ;
#9993 = STYLED_ITEM ( 'NONE', ( #4421 ), #8237 ) ;
#9994 = FILL_AREA_STYLE_COLOUR ( '', #10098 ) ;
#9995 = LINE ( 'NONE', #7137, #3767 ) ;
#9996 = ORIENTED_EDGE ( 'NONE', *, *, #5542, .T. ) ;
#9997 = ORIENTED_EDGE ( 'NONE', *, *, #4036, .T. ) ;
#9998 = DIRECTION ( 'NONE',  ( 0.000000000000000000, 0.000000000000000000, 1.000000000000000000 ) ) ;
#9999 = AXIS2_PLACEMENT_3D ( 'NONE', #12633, #4296, #10390 ) ;
#10000 = AXIS2_PLACEMENT_3D ( 'NONE', #4323, #7234, #359 ) ;
#10001 = CARTESIAN_POINT ( 'NONE',  ( 0.07000000000000017319, 0.04999999999999998196, 0.04700000000000003481 ) ) ;
#10002 = FACE_OUTER_BOUND ( 'NONE', #6059, .T. ) ;
#10003 =( NAMED_UNIT ( * ) SI_UNIT ( $, .STERADIAN. ) SOLID_ANGLE_UNIT ( ) );
#10004 = PLANE ( 'NONE',  #10008 ) ;
#10005 = VERTEX_POINT ( 'NONE', #5594 ) ;
#10006 = LINE ( 'NONE', #3972, #8316 ) ;
#10007 = PLANE ( 'NONE',  #5938 ) ;
#10008 = AXIS2_PLACEMENT_3D ( 'NONE', #883, #2864, #12045 ) ;
#10009 = UNCERTAINTY_MEASURE_WITH_UNIT (LENGTH_MEASURE( 1.000000000000000082E-05 ), #7577, 'distance_accuracy_value', 'NONE');
#10010 = ORIENTED_EDGE ( 'NONE', *, *, #7707, .T. ) ;
#10011 = LINE ( 'NONE', #96, #2649 ) ;
#10012 = CARTESIAN_POINT ( 'NONE',  ( -0.06249999999999981959, 0.05799999999999997519, 0.1874999999999999167 ) ) ;
#10013 = ADVANCED_FACE ( 'NONE', ( #10499 ), #7515, .T. ) ;
#10014 =( GEOMETRIC_REPRESENTATION_CONTEXT ( 3 ) GLOBAL_UNCERTAINTY_ASSIGNED_CONTEXT ( ( #4342 ) ) GLOBAL_UNIT_ASSIGNED_CONTEXT ( ( #7548, #10400, #11314 ) ) REPRESENTATION_CONTEXT ( 'NONE', 'WORKASPACE' ) );
#10015 = AXIS2_PLACEMENT_3D ( 'NONE', #12019, #8855, #8779 ) ;
#10016 = AXIS2_PLACEMENT_3D ( 'NONE', #6993, #3951, #8921 ) ;
#10017 = ORIENTED_EDGE ( 'NONE', *, *, #2510, .F. ) ;
#10018 = DIRECTION ( 'NONE',  ( 1.000000000000000000, 0.000000000000000000, 0.000000000000000000 ) ) ;
#10019 = DIRECTION ( 'NONE',  ( 2.435670465107224942E-16, -1.000000000000000000, 0.000000000000000000 ) ) ;
#10020 = CARTESIAN_POINT ( 'NONE',  ( -0.04609772206928037380, 0.3880000000000000115, 0.000000000000000000 ) ) ;
#10021 = ORIENTED_EDGE ( 'NONE', *, *, #10378, .F. ) ;
#10022 = FILL_AREA_STYLE ('',( #12060 ) ) ;
#10023 = CARTESIAN_POINT ( 'NONE',  ( -0.06999999999999999278, 0.1419999999999999873, 0.2299999999999997879 ) ) ;
#10024 = DIRECTION ( 'NONE',  ( 0.000000000000000000, 0.000000000000000000, 1.000000000000000000 ) ) ;
#10025 = EDGE_CURVE ( 'NONE', #1220, #10956, #12674, .T. ) ;
#10026 =( LENGTH_UNIT ( ) NAMED_UNIT ( * ) SI_UNIT ( $, .METRE. ) );
#10027 = VERTEX_POINT ( 'NONE', #2442 ) ;
#10028 = DIRECTION ( 'NONE',  ( 0.000000000000000000, 0.000000000000000000, 1.000000000000000000 ) ) ;
#10029 = MECHANICAL_DESIGN_GEOMETRIC_PRESENTATION_REPRESENTATION (  '', ( #1361 ), #6216 ) ;
#10030 = LENGTH_MEASURE_WITH_UNIT ( LENGTH_MEASURE( 0.02539999999999999897 ), #3671 );
#10031 = EDGE_CURVE ( 'NONE', #749, #906, #7652, .T. ) ;
#10032 = AXIS2_PLACEMENT_3D ( 'NONE', #2487, #4329, #5311 ) ;
#10033 =( CONVERSION_BASED_UNIT ( 'INCH', #3929 ) LENGTH_UNIT ( ) NAMED_UNIT ( #7396 ) );
#10034 = ORIENTED_EDGE ( 'NONE', *, *, #4538, .T. ) ;
#10035 = AXIS2_PLACEMENT_3D ( 'NONE', #7584, #1756, #702 ) ;
#10036 = DIRECTION ( 'NONE',  ( 1.000000000000000000, 0.000000000000000000, 0.000000000000000000 ) ) ;
#10037 = VECTOR ( 'NONE', #7762, 39.37007874015748143 ) ;
#10038 = ORIENTED_EDGE ( 'NONE', *, *, #3179, .F. ) ;
#10039 = ADVANCED_FACE ( 'NONE', ( #5648 ), #6447, .F. ) ;
#10040 = CARTESIAN_POINT ( 'NONE',  ( -0.07500000000000003886, 0.03750000000000000555, -0.2125000000000001332 ) ) ;
#10041 = CARTESIAN_POINT ( 'NONE',  ( -0.07000000000000017319, 0.05799999999999997519, -0.04700000000000009032 ) ) ;
#10042 = ADVANCED_FACE ( 'NONE', ( #9709 ), #648, .T. ) ;
#10043 = PLANE ( 'NONE',  #4964 ) ;
#10044 = ORIENTED_EDGE ( 'NONE', *, *, #5423, .T. ) ;
#10045 = DIRECTION ( 'NONE',  ( 2.435670465107224942E-16, 1.000000000000000000, 0.000000000000000000 ) ) ;
#10046 = EDGE_CURVE ( 'NONE', #5637, #8083, #8707, .T. ) ;
#10047 = CARTESIAN_POINT ( 'NONE',  ( 0.1449999999999999623, -0.03750000000000000555, 0.003902277930719528359 ) ) ;
#10048 = LINE ( 'NONE', #8983, #9560 ) ;
#10049 = ORIENTED_EDGE ( 'NONE', *, *, #5473, .F. ) ;
#10050 = ORIENTED_EDGE ( 'NONE', *, *, #6461, .T. ) ;
#10051 = ADVANCED_FACE ( 'NONE', ( #2505 ), #6853, .F. ) ;
#10052 = DIRECTION ( 'NONE',  ( 0.000000000000000000, 0.000000000000000000, 1.000000000000000000 ) ) ;
#10053 = EDGE_LOOP ( 'NONE', ( #2529, #7585, #11036, #10861 ) ) ;
#10054 = AXIS2_PLACEMENT_3D ( 'NONE', #2315, #7322, #12539 ) ;
#10055 = CARTESIAN_POINT ( 'NONE',  ( 0.07000000000000000666, 0.1499999999999999944, -0.2300000000000002875 ) ) ;
#10056 = VECTOR ( 'NONE', #11306, 39.37007874015748143 ) ;
#10057 = LINE ( 'NONE', #1112, #6458 ) ;
#10058 = CARTESIAN_POINT ( 'NONE',  ( -0.06250000000000001388, 0.3643779527559052878, -0.1125000000000001138 ) ) ;
#10059 = LINE ( 'NONE', #9989, #3751 ) ;
#10060 = DIRECTION ( 'NONE',  ( 0.000000000000000000, 0.000000000000000000, 1.000000000000000000 ) ) ;
#10061 = SHAPE_REPRESENTATION ( '10129383-910001ALF', ( #10674, #1586 ), #7292 ) ;
#10062 = DIRECTION ( 'NONE',  ( 0.000000000000000000, 0.000000000000000000, 1.000000000000000000 ) ) ;
#10063 = CARTESIAN_POINT ( 'NONE',  ( -0.1449999999999999623, 0.01640227793071964008, -0.1960977220692805001 ) ) ;
#10064 = VECTOR ( 'NONE', #6651, 39.37007874015748143 ) ;
#10065 = ORIENTED_EDGE ( 'NONE', *, *, #3863, .T. ) ;
#10066 = VERTEX_POINT ( 'NONE', #707 ) ;
#10067 = CARTESIAN_POINT ( 'NONE',  ( -0.06999999999999999278, 0.04999999999999998196, -0.2300000000000002875 ) ) ;
#10068 = STYLED_ITEM ( 'NONE', ( #9627 ), #3637 ) ;
#10069 = CARTESIAN_POINT ( 'NONE',  ( 0.06250000000000001388, 0.2150000000000000244, -0.01250000000000010651 ) ) ;
#10070 = DIRECTION ( 'NONE',  ( -1.000000000000000000, 0.000000000000000000, 0.000000000000000000 ) ) ;
#10071 = CARTESIAN_POINT ( 'NONE',  ( 0.09499999999999998723, 0.05799999999999997519, -0.06400000000000007072 ) ) ;
#10072 = VECTOR ( 'NONE', #1409, 39.37007874015748143 ) ;
#10073 = CARTESIAN_POINT ( 'NONE',  ( 0.03749999999999999861, 0.1419999999999999873, 0.08749999999999986955 ) ) ;
#10074 = ORIENTED_EDGE ( 'NONE', *, *, #2932, .T. ) ;
#10075 = LINE ( 'NONE', #29, #2621 ) ;
#10076 = ORIENTED_EDGE ( 'NONE', *, *, #1635, .F. ) ;
#10077 = CARTESIAN_POINT ( 'NONE',  ( -0.1213779527559052385, -2.828069580055263137E-18, -0.2125000000000001332 ) ) ;
#10078 = SURFACE_STYLE_FILL_AREA ( #4171 ) ;
#10079 = VECTOR ( 'NONE', #4023, 39.37007874015748143 ) ;
#10080 = CARTESIAN_POINT ( 'NONE',  ( -0.07000000000000017319, 0.1419999999999999873, -0.1470000000000001028 ) ) ;
#10081 = DIRECTION ( 'NONE',  ( 0.000000000000000000, -0.000000000000000000, 1.000000000000000000 ) ) ;
#10082 = STYLED_ITEM ( 'NONE', ( #3783 ), #10361 ) ;
#10083 = ORIENTED_EDGE ( 'NONE', *, *, #8062, .F. ) ;
#10084 = DIRECTION ( 'NONE',  ( 0.000000000000000000, 0.000000000000000000, -1.000000000000000000 ) ) ;
#10085 = CARTESIAN_POINT ( 'NONE',  ( -0.1213779527559052523, 2.925482699725639421E-18, 0.08749999999999988343 ) ) ;
#10086 =( CONVERSION_BASED_UNIT ( 'INCH', #4971 ) LENGTH_UNIT ( ) NAMED_UNIT ( #4467 ) );
#10087 = ORIENTED_EDGE ( 'NONE', *, *, #12939, .T. ) ;
#10088 = VECTOR ( 'NONE', #24, 39.37007874015748143 ) ;
#10089 = EDGE_CURVE ( 'NONE', #11786, #6358, #1760, .T. ) ;
#10090 = DIRECTION ( 'NONE',  ( 0.000000000000000000, 1.000000000000000000, 0.000000000000000000 ) ) ;
#10091 = DIRECTION ( 'NONE',  ( 1.000000000000000000, 0.000000000000000000, 0.000000000000000000 ) ) ;
#10092 = PLANE ( 'NONE',  #898 ) ;
#10093 = COLOUR_RGB ( '',0.7921568627450980005, 0.8196078431372548767, 0.9333333333333333481 ) ;
#10094 = DIRECTION ( 'NONE',  ( 3.045457963692998845E-16, -1.000000000000000000, 0.000000000000000000 ) ) ;
#10095 = ORIENTED_EDGE ( 'NONE', *, *, #2532, .T. ) ;
#10096 =( NAMED_UNIT ( * ) SI_UNIT ( $, .STERADIAN. ) SOLID_ANGLE_UNIT ( ) );
#10097 = FILL_AREA_STYLE_COLOUR ( '', #10704 ) ;
#10098 = COLOUR_RGB ( '',1.000000000000000000, 0.8117647058823529438, 0.5019607843137254832 ) ;
#10099 = ADVANCED_FACE ( 'NONE', ( #5708 ), #2766, .T. ) ;
#10100 = DIRECTION ( 'NONE',  ( 0.000000000000000000, 0.000000000000000000, -1.000000000000000000 ) ) ;
#10101 = EDGE_LOOP ( 'NONE', ( #9592, #3516, #5548, #6829, #3417, #12193, #5817, #12241, #6351, #2829, #1395, #11078, #333, #3030, #2300, #7854, #12086, #2180, #5066, #3071, #5267, #2722, #1348, #2324, #10980, #1122, #8520, #8720, #2414, #11531, #12323, #6955, #5562, #5229, #8194, #2974, #12519, #4710, #7058, #2234 ) ) ;
#10102 = CARTESIAN_POINT ( 'NONE',  ( -0.06250000000000001388, 0.2150000000000000244, 0.1124999999999998918 ) ) ;
#10103 = STYLED_ITEM ( 'NONE', ( #4097 ), #1284 ) ;
#10104 = CARTESIAN_POINT ( 'NONE',  ( 0.02867962466487989845, 0.05799999999999997519, 0.06518096514745325143 ) ) ;
#10105 = EDGE_LOOP ( 'NONE', ( #7965, #10805, #4683, #4431 ) ) ;
#10106 = EDGE_CURVE ( 'NONE', #8810, #10866, #4140, .T. ) ;
#10107 = VECTOR ( 'NONE', #4442, 39.37007874015748143 ) ;
#10108 = DIRECTION ( 'NONE',  ( 2.435670465107224942E-16, -1.000000000000000000, 0.000000000000000000 ) ) ;
#10109 = FACE_OUTER_BOUND ( 'NONE', #7216, .T. ) ;
#10110 = DIRECTION ( 'NONE',  ( 0.3420201433256658263, -1.041607969234569816E-16, -0.9396926207859095381 ) ) ;
#10111 = ORIENTED_EDGE ( 'NONE', *, *, #4357, .F. ) ;
#10112 = DIRECTION ( 'NONE',  ( 1.000000000000000000, 0.000000000000000000, 0.000000000000000000 ) ) ;
#10113 = VECTOR ( 'NONE', #10081, 39.37007874015748143 ) ;
#10114 = FILL_AREA_STYLE ('',( #1912 ) ) ;
#10115 = AXIS2_PLACEMENT_3D ( 'NONE', #10738, #11459, #11735 ) ;
#10116 = VERTEX_POINT ( 'NONE', #2961 ) ;
#10117 = VERTEX_POINT ( 'NONE', #12878 ) ;
#10118 = CARTESIAN_POINT ( 'NONE',  ( 0.03749999999999999861, 0.3643779527559052878, -0.1875000000000001110 ) ) ;
#10119 = LINE ( 'NONE', #751, #12090 ) ;
#10120 = EDGE_LOOP ( 'NONE', ( #7983, #9496, #12528, #4233 ) ) ;
#10121 = EDGE_CURVE ( 'NONE', #3983, #4053, #1966, .T. ) ;
#10122 = PLANE ( 'NONE',  #5330 ) ;
#10123 = LINE ( 'NONE', #1055, #1595 ) ;
#10124 = FACE_OUTER_BOUND ( 'NONE', #3148, .T. ) ;
#10125 = CARTESIAN_POINT ( 'NONE',  ( 0.1449999999999999623, 0.01640227793071964008, -0.1960977220692805001 ) ) ;
#10126 = VECTOR ( 'NONE', #9139, 39.37007874015748143 ) ;
#10127 = VECTOR ( 'NONE', #11291, 39.37007874015748143 ) ;
#10128 = LINE ( 'NONE', #9263, #10517 ) ;
#10129 = LINE ( 'NONE', #7943, #10408 ) ;
#10130 = EDGE_CURVE ( 'NONE', #8422, #3285, #2245, .T. ) ;
#10131 = LINE ( 'NONE', #1120, #2735 ) ;
#10132 = EDGE_CURVE ( 'NONE', #4575, #6301, #11272, .T. ) ;
#10133 = EDGE_LOOP ( 'NONE', ( #7414, #12607, #6230, #11894 ) ) ;
#10134 = ORIENTED_EDGE ( 'NONE', *, *, #11545, .F. ) ;
#10135 = FACE_OUTER_BOUND ( 'NONE', #11499, .T. ) ;
#10136 = ORIENTED_EDGE ( 'NONE', *, *, #1616, .T. ) ;
#10137 = VECTOR ( 'NONE', #11995, 39.37007874015748143 ) ;
#10138 = CARTESIAN_POINT ( 'NONE',  ( -0.06999999999999999278, 0.05799999999999997519, -0.1220000000000002749 ) ) ;
#10139 = FACE_OUTER_BOUND ( 'NONE', #4246, .T. ) ;
#10140 = VERTEX_POINT ( 'NONE', #12206 ) ;
#10141 = CARTESIAN_POINT ( 'NONE',  ( 0.07500000000000005274, 0.000000000000000000, -0.1125000000000001138 ) ) ;
#10142 = UNCERTAINTY_MEASURE_WITH_UNIT (LENGTH_MEASURE( 1.000000000000000082E-05 ), #8446, 'distance_accuracy_value', 'NONE');
#10143 = EDGE_LOOP ( 'NONE', ( #167, #4517, #4519, #11165 ) ) ;
#10144 = LINE ( 'NONE', #12113, #2741 ) ;
#10145 = LINE ( 'NONE', #1076, #8397 ) ;
#10146 = STYLED_ITEM ( 'NONE', ( #2610 ), #7508 ) ;
#10147 = DIRECTION ( 'NONE',  ( 0.000000000000000000, -0.000000000000000000, 1.000000000000000000 ) ) ;
#10148 = ORIENTED_EDGE ( 'NONE', *, *, #7191, .T. ) ;
#10149 = LENGTH_MEASURE_WITH_UNIT ( LENGTH_MEASURE( 0.02539999999999999897 ), #3201 );
#10150 = PRESENTATION_STYLE_ASSIGNMENT (( #2020 ) ) ;
#10151 = PLANE ( 'NONE',  #2118 ) ;
#10152 = ORIENTED_EDGE ( 'NONE', *, *, #6616, .T. ) ;
#10153 = CARTESIAN_POINT ( 'NONE',  ( -0.06250000000000001388, 0.3643779527559052878, -0.01250000000000010651 ) ) ;
#10154 = CARTESIAN_POINT ( 'NONE',  ( -0.07500000000000005274, 0.02499999999999992506, 0.2124999999999999112 ) ) ;
#10155 = CARTESIAN_POINT ( 'NONE',  ( -0.06999999999999999278, 0.1499999999999999944, -0.1700000000000002343 ) ) ;
#10156 = PRESENTATION_STYLE_ASSIGNMENT (( #5769 ) ) ;
#10157 = DIRECTION ( 'NONE',  ( -0.000000000000000000, -1.000000000000000000, -0.000000000000000000 ) ) ;
#10158 = ORIENTED_EDGE ( 'NONE', *, *, #9390, .T. ) ;
#10159 = CARTESIAN_POINT ( 'NONE',  ( -0.03750000000000004718, 0.03750000000000001249, 0.2124999999999999112 ) ) ;
#10160 = DIRECTION ( 'NONE',  ( -0.000000000000000000, 0.000000000000000000, 1.000000000000000000 ) ) ;
#10161 = ADVANCED_FACE ( 'NONE', ( #9299 ), #3213, .F. ) ;
#10162 = PRODUCT_DEFINITION_SHAPE ( 'NONE', 'NONE',  #9462 ) ;
#10163 = PLANE ( 'NONE',  #11017 ) ;
#10164 = ORIENTED_EDGE ( 'NONE', *, *, #7906, .T. ) ;
#10165 = CARTESIAN_POINT ( 'NONE',  ( 0.06250000000000001388, 0.1419999999999999873, -0.01250000000000010651 ) ) ;
#10166 = DIRECTION ( 'NONE',  ( -1.000000000000000000, 0.000000000000000000, 0.000000000000000000 ) ) ;
#10167 = ORIENTED_EDGE ( 'NONE', *, *, #11154, .T. ) ;
#10168 = DIRECTION ( 'NONE',  ( -1.000000000000000000, 0.000000000000000000, 0.000000000000000000 ) ) ;
#10169 = CARTESIAN_POINT ( 'NONE',  ( -0.03749999999999980432, 0.05799999999999996825, -0.01250000000000010651 ) ) ;
#10170 = FACE_BOUND ( 'NONE', #12765, .T. ) ;
#10171 = ORIENTED_EDGE ( 'NONE', *, *, #1796, .F. ) ;
#10172 = DIRECTION ( 'NONE',  ( 0.000000000000000000, -0.000000000000000000, 1.000000000000000000 ) ) ;
#10173 = SURFACE_STYLE_USAGE ( .BOTH. , #2904 ) ;
#10174 = VECTOR ( 'NONE', #11916, 39.37007874015748143 ) ;
#10175 = ADVANCED_FACE ( 'NONE', ( #6171 ), #7311, .F. ) ;
#10176 = DIMENSIONAL_EXPONENTS ( 1.000000000000000000, 0.000000000000000000, 0.000000000000000000, 0.000000000000000000, 0.000000000000000000, 0.000000000000000000, 0.000000000000000000 ) ;
#10177 = ORIENTED_EDGE ( 'NONE', *, *, #9309, .T. ) ;
#10178 = VERTEX_POINT ( 'NONE', #1030 ) ;
#10179 = DIRECTION ( 'NONE',  ( -2.435670465107224942E-16, -1.000000000000000000, 0.000000000000000000 ) ) ;
#10180 = ORIENTED_EDGE ( 'NONE', *, *, #12288, .T. ) ;
#10181 = CARTESIAN_POINT ( 'NONE',  ( 0.07000000000000000666, 0.1419999999999999873, -0.1300000000000002820 ) ) ;
#10182 = DIRECTION ( 'NONE',  ( -0.3236155771181825069, 0.8891264907159898145, -0.3236155771181825069 ) ) ;
#10183 = CARTESIAN_POINT ( 'NONE',  ( -0.1449999999999999623, -0.03750000000000000555, -0.2039022779307197442 ) ) ;
#10184 = DIRECTION ( 'NONE',  ( 0.000000000000000000, 0.000000000000000000, 1.000000000000000000 ) ) ;
#10185 = AXIS2_PLACEMENT_3D ( 'NONE', #11455, #11519, #9494 ) ;
#10186 = EDGE_CURVE ( 'NONE', #2137, #8584, #9100, .T. ) ;
#10187 = FILL_AREA_STYLE_COLOUR ( '', #5013 ) ;
#10188 = CARTESIAN_POINT ( 'NONE',  ( 0.1449999999999999623, 0.01640227793071964008, 0.01249999999999990008 ) ) ;
#10189 = COLOUR_RGB ( '',0.7921568627450980005, 0.8196078431372548767, 0.9333333333333333481 ) ;
#10190 = CLOSED_SHELL ( 'NONE', ( #5651, #7499, #4528, #9282, #6876, #5338, #11249, #752, #7036, #8014 ) ) ;
#10191 = CARTESIAN_POINT ( 'NONE',  ( -0.06250000000000001388, 0.2150000000000000244, 0.1874999999999999167 ) ) ;
#10192 = ADVANCED_FACE ( 'NONE', ( #11210, #1163, #6306, #10360, #1288, #3018, #5051, #7038, #8102, #12273, #11070, #5184, #3086, #7103, #11134, #179, #2100, #4191, #6108, #8242, #3470 ), #5576, .T. ) ;
#10193 = ADVANCED_FACE ( 'NONE', ( #12405 ), #9621, .T. ) ;
#10194 = FACE_OUTER_BOUND ( 'NONE', #3595, .T. ) ;
#10195 = ORIENTED_EDGE ( 'NONE', *, *, #3680, .F. ) ;
#10196 = VERTEX_POINT ( 'NONE', #8444 ) ;
#10197 = LINE ( 'NONE', #2207, #12004 ) ;
#10198 = ORIENTED_EDGE ( 'NONE', *, *, #12877, .F. ) ;
#10199 = ADVANCED_FACE ( 'NONE', ( #4464 ), #2489, .F. ) ;
#10200 = VECTOR ( 'NONE', #11860, 39.37007874015748143 ) ;
#10201 = CARTESIAN_POINT ( 'NONE',  ( 0.06250000000000001388, 0.05799999999999996825, -0.2125000000000001332 ) ) ;
#10202 = CYLINDRICAL_SURFACE ( 'NONE', #772, 0.01250000000000008049 ) ;
#10203 = ADVANCED_FACE ( 'NONE', ( #6566 ), #9358, .F. ) ;
#10204 = CARTESIAN_POINT ( 'NONE',  ( -0.1317360635310592387, 0.003770044005388028304, 0.2087299559946118599 ) ) ;
#10205 = AXIS2_PLACEMENT_3D ( 'NONE', #996, #1996, #6878 ) ;
#10206 = ORIENTED_EDGE ( 'NONE', *, *, #8174, .T. ) ;
#10207 = CARTESIAN_POINT ( 'NONE',  ( 0.1213779527559052385, 0.02500000000000001180, 0.1124999999999998918 ) ) ;
#10208 = EDGE_CURVE ( 'NONE', #5512, #5861, #304, .T. ) ;
#10209 = ORIENTED_EDGE ( 'NONE', *, *, #6226, .T. ) ;
#10210 = CARTESIAN_POINT ( 'NONE',  ( 0.03749999999999999861, 0.05799999999999996825, 0.01249999999999990008 ) ) ;
#10211 = DIRECTION ( 'NONE',  ( -1.000000000000000000, 0.000000000000000000, 0.000000000000000000 ) ) ;
#10212 = DIRECTION ( 'NONE',  ( 0.000000000000000000, 1.000000000000000000, 0.000000000000000000 ) ) ;
#10213 = EDGE_CURVE ( 'NONE', #4453, #7162, #7570, .T. ) ;
#10214 = VECTOR ( 'NONE', #620, 39.37007874015748143 ) ;
#10215 = DIRECTION ( 'NONE',  ( 0.000000000000000000, 0.000000000000000000, -1.000000000000000000 ) ) ;
#10216 = CIRCLE ( 'NONE', #11891, 0.007999999999999989758 ) ;
#10217 = EDGE_LOOP ( 'NONE', ( #9470, #2171, #4361, #12868 ) ) ;
#10218 = DIRECTION ( 'NONE',  ( 1.000000000000000000, 0.000000000000000000, 0.000000000000000000 ) ) ;
#10219 = ADVANCED_FACE ( 'NONE', ( #11403 ), #1483, .F. ) ;
#10220 = LINE ( 'NONE', #353, #5833 ) ;
#10221 = DIRECTION ( 'NONE',  ( -0.9153150324227631307, -0.000000000000000000, -0.4027386142660223656 ) ) ;
#10222 = ORIENTED_EDGE ( 'NONE', *, *, #3958, .F. ) ;
#10223 = DIRECTION ( 'NONE',  ( 1.000000000000000000, 0.000000000000000000, 0.000000000000000000 ) ) ;
#10224 = ORIENTED_EDGE ( 'NONE', *, *, #9847, .T. ) ;
#10225 = PLANE ( 'NONE',  #10846 ) ;
#10226 = LENGTH_MEASURE_WITH_UNIT ( LENGTH_MEASURE( 0.02539999999999999897 ), #1085 );
#10227 = VECTOR ( 'NONE', #7613, 39.37007874015748854 ) ;
#10228 = COLOUR_RGB ( '',1.000000000000000000, 0.8117647058823529438, 0.5019607843137254832 ) ;
#10229 = DIRECTION ( 'NONE',  ( 0.000000000000000000, 0.000000000000000000, 1.000000000000000000 ) ) ;
#10230 = ORIENTED_EDGE ( 'NONE', *, *, #7835, .F. ) ;
#10231 = DIRECTION ( 'NONE',  ( -1.000000000000000000, -0.000000000000000000, -0.000000000000000000 ) ) ;
#10232 = VECTOR ( 'NONE', #7764, 39.37007874015748143 ) ;
#10233 =( LENGTH_UNIT ( ) NAMED_UNIT ( * ) SI_UNIT ( $, .METRE. ) );
#10234 = DIRECTION ( 'NONE',  ( 0.000000000000000000, 1.000000000000000000, 0.000000000000000000 ) ) ;
#10235 = FILL_AREA_STYLE_COLOUR ( '', #6170 ) ;
#10236 = AXIS2_PLACEMENT_3D ( 'NONE', #4814, #8858, #12893 ) ;
#10237 = ORIENTED_EDGE ( 'NONE', *, *, #8103, .T. ) ;
#10238 = DIRECTION ( 'NONE',  ( 3.045457963692998352E-16, 1.000000000000000000, 0.000000000000000000 ) ) ;
#10239 = DIRECTION ( 'NONE',  ( 1.000000000000000000, 0.000000000000000000, 0.000000000000000000 ) ) ;
#10240 = ORIENTED_EDGE ( 'NONE', *, *, #12879, .T. ) ;
#10241 = LINE ( 'NONE', #1170, #9879 ) ;
#10242 = DIRECTION ( 'NONE',  ( 0.000000000000000000, 1.000000000000000000, 0.000000000000000000 ) ) ;
#10243 = LINE ( 'NONE', #9243, #7304 ) ;
#10244 = EDGE_LOOP ( 'NONE', ( #8575, #5801, #9040, #9463 ) ) ;
#10245 = CARTESIAN_POINT ( 'NONE',  ( -0.1100440510024100205, 0.1419999999999999873, 0.2359902289355768901 ) ) ;
#10246 =( GEOMETRIC_REPRESENTATION_CONTEXT ( 3 ) GLOBAL_UNCERTAINTY_ASSIGNED_CONTEXT ( ( #872 ) ) GLOBAL_UNIT_ASSIGNED_CONTEXT ( ( #1830, #779, #704 ) ) REPRESENTATION_CONTEXT ( 'NONE', 'WORKASPACE' ) );
#10247 = VECTOR ( 'NONE', #9349, 39.37007874015748143 ) ;
#10248 = CARTESIAN_POINT ( 'NONE',  ( -0.03749999999999999861, 0.2150000000000000244, 0.2124999999999999112 ) ) ;
#10249 = ORIENTED_EDGE ( 'NONE', *, *, #3004, .F. ) ;
#10250 = ORIENTED_EDGE ( 'NONE', *, *, #12020, .T. ) ;
#10251 = LINE ( 'NONE', #6196, #11900 ) ;
#10252 = DIRECTION ( 'NONE',  ( 0.000000000000000000, -0.000000000000000000, 1.000000000000000000 ) ) ;
#10253 = LINE ( 'NONE', #1053, #12951 ) ;
#10254 = ADVANCED_FACE ( 'NONE', ( #11602 ), #10612, .T. ) ;
#10255 = CARTESIAN_POINT ( 'NONE',  ( -0.06999999999999999278, 0.04999999999999998196, -0.1300000000000002820 ) ) ;
#10256 = CARTESIAN_POINT ( 'NONE',  ( 0.07500000000000005274, 0.02500000000000001180, -0.2125000000000001332 ) ) ;
#10257 = CARTESIAN_POINT ( 'NONE',  ( -0.06250000000000001388, 0.3643779527559052878, 0.2124999999999999112 ) ) ;
#10258 = LINE ( 'NONE', #11616, #271 ) ;
#10259 = FILL_AREA_STYLE_COLOUR ( '', #9033 ) ;
#10260 = LINE ( 'NONE', #12240, #5245 ) ;
#10261 = ORIENTED_EDGE ( 'NONE', *, *, #2202, .F. ) ;
#10262 = ORIENTED_EDGE ( 'NONE', *, *, #3568, .F. ) ;
#10263 = LINE ( 'NONE', #8017, #4177 ) ;
#10264 = VECTOR ( 'NONE', #8115, 39.37007874015748143 ) ;
#10266 = EDGE_CURVE ( 'NONE', #6644, #972, #8389, .T. ) ;
#10265 = ORIENTED_EDGE ( 'NONE', *, *, #1214, .T. ) ;
#10267 = SURFACE_STYLE_FILL_AREA ( #6214 ) ;
#10268 =( NAMED_UNIT ( * ) PLANE_ANGLE_UNIT ( ) SI_UNIT ( $, .RADIAN. ) );
#10269 = DIMENSIONAL_EXPONENTS ( 1.000000000000000000, 0.000000000000000000, 0.000000000000000000, 0.000000000000000000, 0.000000000000000000, 0.000000000000000000, 0.000000000000000000 ) ;
#10270 = EDGE_CURVE ( 'NONE', #7366, #5108, #2620, .T. ) ;
#10271 = LINE ( 'NONE', #6146, #9797 ) ;
#10272 = ORIENTED_EDGE ( 'NONE', *, *, #2029, .F. ) ;
#10273 = SURFACE_SIDE_STYLE ('',( #1269 ) ) ;
#10274 = UNCERTAINTY_MEASURE_WITH_UNIT (LENGTH_MEASURE( 1.000000000000000082E-05 ), #7671, 'distance_accuracy_value', 'NONE');
#10275 = ORIENTED_EDGE ( 'NONE', *, *, #11481, .F. ) ;
#10276 = LINE ( 'NONE', #4031, #2503 ) ;
#10277 = PLANE ( 'NONE',  #3453 ) ;
#10278 = AXIS2_PLACEMENT_3D ( 'NONE', #11613, #2566, #6576 ) ;
#10279 = DIRECTION ( 'NONE',  ( 0.000000000000000000, 0.000000000000000000, -1.000000000000000000 ) ) ;
#10280 = LINE ( 'NONE', #11196, #393 ) ;
#10281 = VECTOR ( 'NONE', #2310, 39.37007874015748143 ) ;
#10282 = EDGE_CURVE ( 'NONE', #10332, #12691, #796, .T. ) ;
#10283 = VECTOR ( 'NONE', #8792, 39.37007874015748143 ) ;
#10284 = ORIENTED_EDGE ( 'NONE', *, *, #8580, .F. ) ;
#10285 = CARTESIAN_POINT ( 'NONE',  ( -0.07500000000000002498, 0.000000000000000000, -0.01250000000000010651 ) ) ;
#10286 = MECHANICAL_DESIGN_GEOMETRIC_PRESENTATION_REPRESENTATION (  '', ( #7325 ), #12171 ) ;
#10287 = CARTESIAN_POINT ( 'NONE',  ( -0.06999999999999999278, 0.02737258300203046849, -0.2380000000000002669 ) ) ;
#10288 = EDGE_LOOP ( 'NONE', ( #887, #1387, #4726, #1087 ) ) ;
#10289 = PLANE ( 'NONE',  #9178 ) ;
#10290 = EDGE_CURVE ( 'NONE', #3536, #10434, #3843, .T. ) ;
#10291 =( LENGTH_UNIT ( ) NAMED_UNIT ( * ) SI_UNIT ( $, .METRE. ) );
#10292 = ORIENTED_EDGE ( 'NONE', *, *, #3413, .F. ) ;
#10293 = PLANE ( 'NONE',  #10000 ) ;
#10294 = ORIENTED_EDGE ( 'NONE', *, *, #1368, .F. ) ;
#10295 =( NAMED_UNIT ( * ) PLANE_ANGLE_UNIT ( ) SI_UNIT ( $, .RADIAN. ) );
#10296 = DIRECTION ( 'NONE',  ( 0.000000000000000000, 0.000000000000000000, 1.000000000000000000 ) ) ;
#10297 = COLOUR_RGB ( '',1.000000000000000000, 0.8117647058823529438, 0.5019607843137254832 ) ;
#10298 = EDGE_CURVE ( 'NONE', #6487, #2962, #10870, .T. ) ;
#10299 = CIRCLE ( 'NONE', #8189, 0.03750000000000008882 ) ;
#10300 = PLANE ( 'NONE',  #2840 ) ;
#10301 = ORIENTED_EDGE ( 'NONE', *, *, #1301, .T. ) ;
#10302 =( LENGTH_UNIT ( ) NAMED_UNIT ( * ) SI_UNIT ( $, .METRE. ) );
#10303 = DIRECTION ( 'NONE',  ( 1.000000000000000000, 0.000000000000000000, -0.000000000000000000 ) ) ;
#10304 = ORIENTED_EDGE ( 'NONE', *, *, #7999, .T. ) ;
#10305 = PLANE ( 'NONE',  #8340 ) ;
#10306 = CARTESIAN_POINT ( 'NONE',  ( -0.09499999999999998723, 0.05799999999999997519, 0.2500000000000000555 ) ) ;
#10307 = CARTESIAN_POINT ( 'NONE',  ( 0.07000000000000002054, 0.04999999999999998196, 0.1219999999999997892 ) ) ;
#10308 = VERTEX_POINT ( 'NONE', #2872 ) ;
#10309 = FACE_OUTER_BOUND ( 'NONE', #12958, .T. ) ;
#10310 = UNCERTAINTY_MEASURE_WITH_UNIT (LENGTH_MEASURE( 1.000000000000000082E-05 ), #2653, 'distance_accuracy_value', 'NONE');
#10311 = MECHANICAL_DESIGN_GEOMETRIC_PRESENTATION_REPRESENTATION (  '', ( #4591 ), #6418 ) ;
#10312 = LINE ( 'NONE', #4210, #4182 ) ;
#10313 = VECTOR ( 'NONE', #11707, 39.37007874015748143 ) ;
#10314 =( LENGTH_UNIT ( ) NAMED_UNIT ( * ) SI_UNIT ( $, .METRE. ) );
#10315 = VECTOR ( 'NONE', #12166, 39.37007874015748143 ) ;
#10316 = ORIENTED_EDGE ( 'NONE', *, *, #2622, .F. ) ;
#10317 = ORIENTED_EDGE ( 'NONE', *, *, #5278, .T. ) ;
#10318 =( NAMED_UNIT ( * ) SI_UNIT ( $, .STERADIAN. ) SOLID_ANGLE_UNIT ( ) );
#10319 = LINE ( 'NONE', #6265, #6307 ) ;
#10320 = LINE ( 'NONE', #5006, #4501 ) ;
#10321 = MECHANICAL_DESIGN_GEOMETRIC_PRESENTATION_REPRESENTATION (  '', ( #2927 ), #4818 ) ;
#10322 = CARTESIAN_POINT ( 'NONE',  ( 0.03749999999999999861, 0.05799999999999996825, 0.2124999999999999112 ) ) ;
#10323 = DIRECTION ( 'NONE',  ( 1.000000000000000000, 3.414809992080306836E-16, 0.000000000000000000 ) ) ;
#10324 = AXIS2_PLACEMENT_3D ( 'NONE', #7072, #1123, #2002 ) ;
#10325 = DIMENSIONAL_EXPONENTS ( 1.000000000000000000, 0.000000000000000000, 0.000000000000000000, 0.000000000000000000, 0.000000000000000000, 0.000000000000000000, 0.000000000000000000 ) ;
#10326 =( NAMED_UNIT ( * ) PLANE_ANGLE_UNIT ( ) SI_UNIT ( $, .RADIAN. ) );
#10327 = VECTOR ( 'NONE', #5704, 39.37007874015748143 ) ;
#10328 = EDGE_CURVE ( 'NONE', #1938, #11240, #6698, .T. ) ;
#10329 = EDGE_LOOP ( 'NONE', ( #9832, #9940, #1262, #7323 ) ) ;
#10330 = ORIENTED_EDGE ( 'NONE', *, *, #3732, .F. ) ;
#10331 = CARTESIAN_POINT ( 'NONE',  ( -0.07500000000000005274, 0.000000000000000000, 0.01249999999999990008 ) ) ;
#10332 = VERTEX_POINT ( 'NONE', #1614 ) ;
#10333 = AXIS2_PLACEMENT_3D ( 'NONE', #4620, #7662, #9914 ) ;
#10334 = CARTESIAN_POINT ( 'NONE',  ( 0.06250000000000001388, 0.05799999999999996825, -0.2125000000000001332 ) ) ;
#10335 = CARTESIAN_POINT ( 'NONE',  ( 0.07000000000000002054, 0.04999999999999998196, -0.07800000000000022193 ) ) ;
#10336 = AXIS2_PLACEMENT_3D ( 'NONE', #6789, #10633, #11824 ) ;
#10337 = CARTESIAN_POINT ( 'NONE',  ( 0.07000000000000000666, 0.1499999999999999944, -0.1220000000000003026 ) ) ;
#10338 = ORIENTED_EDGE ( 'NONE', *, *, #2912, .F. ) ;
#10339 = FILL_AREA_STYLE_COLOUR ( '', #11354 ) ;
#10340 = VERTEX_POINT ( 'NONE', #12720 ) ;
#10341 =( NAMED_UNIT ( * ) PLANE_ANGLE_UNIT ( ) SI_UNIT ( $, .RADIAN. ) );
#10342 = SURFACE_SIDE_STYLE ('',( #5422 ) ) ;
#10343 =( LENGTH_UNIT ( ) NAMED_UNIT ( * ) SI_UNIT ( $, .METRE. ) );
#10344 = SURFACE_STYLE_USAGE ( .BOTH. , #8153 ) ;
#10345 = ADVANCED_FACE ( 'NONE', ( #6901 ), #11857, .F. ) ;
#10346 = EDGE_LOOP ( 'NONE', ( #4388, #2747, #3344, #8071 ) ) ;
#10347 =( CONVERSION_BASED_UNIT ( 'INCH', #10149 ) LENGTH_UNIT ( ) NAMED_UNIT ( #3534 ) );
#10348 = DIRECTION ( 'NONE',  ( 0.000000000000000000, 0.000000000000000000, 1.000000000000000000 ) ) ;
#10349 = EDGE_LOOP ( 'NONE', ( #11706, #1905, #11289, #7933 ) ) ;
#10350 = CARTESIAN_POINT ( 'NONE',  ( 0.06250000000000001388, 0.2150000000000000244, -0.08750000000000010547 ) ) ;
#10351 = CARTESIAN_POINT ( 'NONE',  ( 0.03749999999999999861, 0.2150000000000000244, -0.1125000000000001138 ) ) ;
#10352 = ORIENTED_EDGE ( 'NONE', *, *, #8645, .T. ) ;
#10353 = FACE_OUTER_BOUND ( 'NONE', #4214, .T. ) ;
#10354 = FILL_AREA_STYLE ('',( #9353 ) ) ;
#10355 = EDGE_CURVE ( 'NONE', #3898, #11201, #763, .T. ) ;
#10356 = CIRCLE ( 'NONE', #4638, 0.007999999999999989758 ) ;
#10357 = FILL_AREA_STYLE ('',( #5375 ) ) ;
#10358 = ORIENTED_EDGE ( 'NONE', *, *, #9643, .F. ) ;
#10359 = DIMENSIONAL_EXPONENTS ( 1.000000000000000000, 0.000000000000000000, 0.000000000000000000, 0.000000000000000000, 0.000000000000000000, 0.000000000000000000, 0.000000000000000000 ) ;
#10360 = FACE_BOUND ( 'NONE', #5364, .T. ) ;
#10361 = ADVANCED_FACE ( 'NONE', ( #9947 ), #9885, .F. ) ;
#10362 = EDGE_CURVE ( 'NONE', #9373, #11389, #633, .T. ) ;
#10363 = ADVANCED_FACE ( 'NONE', ( #4651 ), #690, .F. ) ;
#10364 = EDGE_CURVE ( 'NONE', #9236, #5183, #2896, .T. ) ;
#10365 = SURFACE_SIDE_STYLE ('',( #5264 ) ) ;
#10366 = ORIENTED_EDGE ( 'NONE', *, *, #6722, .F. ) ;
#10367 =( CONVERSION_BASED_UNIT ( 'INCH', #7316 ) LENGTH_UNIT ( ) NAMED_UNIT ( #129 ) );
#10368 = CARTESIAN_POINT ( 'NONE',  ( 0.07000000000000000666, 0.1726274169979694906, 0.06999999999999972911 ) ) ;
#10369 = ORIENTED_EDGE ( 'NONE', *, *, #7592, .T. ) ;
#10370 = FACE_OUTER_BOUND ( 'NONE', #9889, .T. ) ;
#10371 = EDGE_CURVE ( 'NONE', #4875, #7427, #1745, .T. ) ;
#10372 = DIRECTION ( 'NONE',  ( 0.000000000000000000, 0.000000000000000000, 1.000000000000000000 ) ) ;
#10373 = CARTESIAN_POINT ( 'NONE',  ( 0.03750000000000004718, 0.03750000000000001249, -0.08750000000000010547 ) ) ;
#10374 = ORIENTED_EDGE ( 'NONE', *, *, #6013, .T. ) ;
#10375 = CARTESIAN_POINT ( 'NONE',  ( -0.06999999999999999278, 0.05799999999999997519, -0.03000000000000025910 ) ) ;
#10376 = EDGE_CURVE ( 'NONE', #11833, #3674, #1945, .T. ) ;
#10377 = LINE ( 'NONE', #7455, #184 ) ;
#10378 = EDGE_CURVE ( 'NONE', #5397, #6270, #6468, .T. ) ;
#10379 = EDGE_LOOP ( 'NONE', ( #6472, #6209, #9068, #5923 ) ) ;
#10380 = ORIENTED_EDGE ( 'NONE', *, *, #1792, .F. ) ;
#10381 = CARTESIAN_POINT ( 'NONE',  ( 0.06250000000000005551, 0.03750000000000001249, 0.01249999999999990008 ) ) ;
#10382 = CARTESIAN_POINT ( 'NONE',  ( 0.07000000000000002054, 0.02737258300203046849, 0.02999999999999978378 ) ) ;
#10383 = CARTESIAN_POINT ( 'NONE',  ( -0.2036698591370891265, 0.02995180444377151113, 0.1174518044437714431 ) ) ;
#10384 = DIRECTION ( 'NONE',  ( 0.000000000000000000, 0.000000000000000000, 1.000000000000000000 ) ) ;
#10385 = DIRECTION ( 'NONE',  ( 0.000000000000000000, 0.000000000000000000, -1.000000000000000000 ) ) ;
#10386 = CARTESIAN_POINT ( 'NONE',  ( 0.05390227793071963869, 0.3880000000000000115, -0.1039022779307197386 ) ) ;
#10387 = CARTESIAN_POINT ( 'NONE',  ( 0.06250000000000001388, 0.1419999999999999873, 0.2124999999999999112 ) ) ;
#10388 = EDGE_LOOP ( 'NONE', ( #8661, #1383 ) ) ;
#10389 = VERTEX_POINT ( 'NONE', #2015 ) ;
#10390 = DIRECTION ( 'NONE',  ( 0.000000000000000000, 0.000000000000000000, 1.000000000000000000 ) ) ;
#10391 = ORIENTED_EDGE ( 'NONE', *, *, #6061, .F. ) ;
#10392 = FACE_OUTER_BOUND ( 'NONE', #1750, .T. ) ;
#10393 = CARTESIAN_POINT ( 'NONE',  ( -0.03749999999999999861, 0.3880000000000000115, -0.08750000000000010547 ) ) ;
#10394 = EDGE_LOOP ( 'NONE', ( #3423, #8847, #6824, #4368 ) ) ;
#10395 = VECTOR ( 'NONE', #3369, 39.37007874015748143 ) ;
#10396 = CARTESIAN_POINT ( 'NONE',  ( 0.06250000000000005551, 0.03750000000000001249, 0.1124999999999998918 ) ) ;
#10397 = UNCERTAINTY_MEASURE_WITH_UNIT (LENGTH_MEASURE( 1.000000000000000082E-05 ), #9523, 'distance_accuracy_value', 'NONE');
#10398 = ORIENTED_EDGE ( 'NONE', *, *, #11881, .T. ) ;
#10399 =( NAMED_UNIT ( * ) SI_UNIT ( $, .STERADIAN. ) SOLID_ANGLE_UNIT ( ) );
#10400 =( NAMED_UNIT ( * ) PLANE_ANGLE_UNIT ( ) SI_UNIT ( $, .RADIAN. ) );
#10401 = CARTESIAN_POINT ( 'NONE',  ( -0.07500000000000005274, 0.02499999999999992506, -0.1125000000000001138 ) ) ;
#10402 = PRESENTATION_STYLE_ASSIGNMENT (( #8358 ) ) ;
#10403 = ORIENTED_EDGE ( 'NONE', *, *, #8975, .T. ) ;
#10404 = MECHANICAL_DESIGN_GEOMETRIC_PRESENTATION_REPRESENTATION (  '', ( #6809 ), #10823 ) ;
#10405 = VECTOR ( 'NONE', #1805, 39.37007874015748143 ) ;
#10406 = ORIENTED_EDGE ( 'NONE', *, *, #8887, .F. ) ;
#10407 = CARTESIAN_POINT ( 'NONE',  ( -0.07500000000000002498, 0.000000000000000000, -0.2125000000000001332 ) ) ;
#10408 = VECTOR ( 'NONE', #9928, 39.37007874015748143 ) ;
#10409 = DIRECTION ( 'NONE',  ( -1.000000000000000000, -0.000000000000000000, 0.000000000000000000 ) ) ;
#10410 = DIRECTION ( 'NONE',  ( 0.000000000000000000, 1.000000000000000000, 0.000000000000000000 ) ) ;
#10411 = VERTEX_POINT ( 'NONE', #10012 ) ;
#10412 = DIRECTION ( 'NONE',  ( -0.000000000000000000, 1.000000000000000000, -0.000000000000000000 ) ) ;
#10413 =( CONVERSION_BASED_UNIT ( 'INCH', #6357 ) LENGTH_UNIT ( ) NAMED_UNIT ( #9310 ) );
#10414 = ORIENTED_EDGE ( 'NONE', *, *, #9048, .F. ) ;
#10415 = DIRECTION ( 'NONE',  ( 0.000000000000000000, 1.000000000000000000, 0.000000000000000000 ) ) ;
#10416 = DIRECTION ( 'NONE',  ( 0.000000000000000000, 0.000000000000000000, 1.000000000000000000 ) ) ;
#10417 = EDGE_CURVE ( 'NONE', #9337, #6964, #9016, .T. ) ;
#10418 =( NAMED_UNIT ( * ) SI_UNIT ( $, .STERADIAN. ) SOLID_ANGLE_UNIT ( ) );
#10419 = ORIENTED_EDGE ( 'NONE', *, *, #5790, .T. ) ;
#10420 = DIRECTION ( 'NONE',  ( 0.000000000000000000, -1.000000000000000000, 0.000000000000000000 ) ) ;
#10421 = AXIS2_PLACEMENT_3D ( 'NONE', #4902, #10018, #7902 ) ;
#10422 = SURFACE_STYLE_USAGE ( .BOTH. , #7435 ) ;
#10423 = FACE_OUTER_BOUND ( 'NONE', #7092, .T. ) ;
#10424 = DIRECTION ( 'NONE',  ( -2.435670465107224942E-16, 1.000000000000000000, 0.000000000000000000 ) ) ;
#10425 = ORIENTED_EDGE ( 'NONE', *, *, #7182, .T. ) ;
#10426 = VECTOR ( 'NONE', #2845, 39.37007874015748143 ) ;
#10427 = CARTESIAN_POINT ( 'NONE',  ( -0.1449999999999999623, -0.03750000000000000555, -0.1960977220692805001 ) ) ;
#10428 = ORIENTED_EDGE ( 'NONE', *, *, #6953, .T. ) ;
#10429 = EDGE_CURVE ( 'NONE', #12929, #2885, #13037, .T. ) ;
#10430 = AXIS2_PLACEMENT_3D ( 'NONE', #5111, #5044, #8164 ) ;
#10431 = CARTESIAN_POINT ( 'NONE',  ( -0.06999999999999999278, 0.1419999999999999873, 0.1299999999999997824 ) ) ;
#10432 = ADVANCED_FACE ( 'NONE', ( #6019 ), #8151, .T. ) ;
#10433 = CARTESIAN_POINT ( 'NONE',  ( -0.06250000000000005551, 0.03750000000000001249, 0.2124999999999999112 ) ) ;
#10434 = VERTEX_POINT ( 'NONE', #7154 ) ;
#10435 = CARTESIAN_POINT ( 'NONE',  ( 0.07500000000000005274, 0.02500000000000001180, -0.2125000000000001332 ) ) ;
#10436 = VECTOR ( 'NONE', #11982, 39.37007874015748143 ) ;
#10437 = UNCERTAINTY_MEASURE_WITH_UNIT (LENGTH_MEASURE( 1.000000000000000082E-05 ), #686, 'distance_accuracy_value', 'NONE');
#10438 = LINE ( 'NONE', #585, #12708 ) ;
#10439 = ORIENTED_EDGE ( 'NONE', *, *, #8966, .F. ) ;
#10440 = EDGE_LOOP ( 'NONE', ( #4037, #9862, #9439, #9783 ) ) ;
#10441 = AXIS2_PLACEMENT_3D ( 'NONE', #4221, #4285, #12235 ) ;
#10442 =( NAMED_UNIT ( * ) PLANE_ANGLE_UNIT ( ) SI_UNIT ( $, .RADIAN. ) );
#10443 = EDGE_CURVE ( 'NONE', #1081, #11584, #7340, .T. ) ;
#10444 =( LENGTH_UNIT ( ) NAMED_UNIT ( * ) SI_UNIT ( $, .METRE. ) );
#10445 = PLANE ( 'NONE',  #9429 ) ;
#10446 = SURFACE_STYLE_USAGE ( .BOTH. , #6394 ) ;
#10447 = VECTOR ( 'NONE', #4189, 39.37007874015748143 ) ;
#10448 = EDGE_CURVE ( 'NONE', #12023, #146, #1636, .T. ) ;
#10449 = CARTESIAN_POINT ( 'NONE',  ( 0.09499999999999998723, 0.05799999999999997519, -0.2430053851276748611 ) ) ;
#10450 = VECTOR ( 'NONE', #3272, 39.37007874015748143 ) ;
#10451 = SURFACE_SIDE_STYLE ('',( #2269 ) ) ;
#10452 = EDGE_CURVE ( 'NONE', #5633, #2066, #3067, .T. ) ;
#10453 = PRESENTATION_LAYER_ASSIGNMENT (  '', '', ( #7032 ) ) ;
#10454 = VERTEX_POINT ( 'NONE', #5950 ) ;
#10455 = VERTEX_POINT ( 'NONE', #10080 ) ;
#10456 = DIRECTION ( 'NONE',  ( 1.000000000000000000, 0.000000000000000000, 0.000000000000000000 ) ) ;
#10457 = ORIENTED_EDGE ( 'NONE', *, *, #2736, .T. ) ;
#10458 = PRESENTATION_LAYER_ASSIGNMENT (  '', '', ( #2243 ) ) ;
#10459 = LINE ( 'NONE', #11703, #6540 ) ;
#10460 = DIRECTION ( 'NONE',  ( 1.000000000000000000, 0.000000000000000000, 0.000000000000000000 ) ) ;
#10461 = ORIENTED_EDGE ( 'NONE', *, *, #7113, .F. ) ;
#10462 = CARTESIAN_POINT ( 'NONE',  ( 0.07500000000000003886, 0.03750000000000000555, 0.1874999999999999167 ) ) ;
#10463 = VERTEX_POINT ( 'NONE', #11194 ) ;
#10464 = DIRECTION ( 'NONE',  ( 0.000000000000000000, 0.000000000000000000, -1.000000000000000000 ) ) ;
#10465 = LINE ( 'NONE', #8287, #10642 ) ;
#10466 = DIMENSIONAL_EXPONENTS ( 1.000000000000000000, 0.000000000000000000, 0.000000000000000000, 0.000000000000000000, 0.000000000000000000, 0.000000000000000000, 0.000000000000000000 ) ;
#10467 =( NAMED_UNIT ( * ) SI_UNIT ( $, .STERADIAN. ) SOLID_ANGLE_UNIT ( ) );
#10468 = CARTESIAN_POINT ( 'NONE',  ( -0.09499999999999998723, 0.04999999999999998196, 0.1640000000000000069 ) ) ;
#10469 = ORIENTED_EDGE ( 'NONE', *, *, #5087, .T. ) ;
#10470 = ORIENTED_EDGE ( 'NONE', *, *, #6308, .T. ) ;
#10471 = DIRECTION ( 'NONE',  ( -0.000000000000000000, 1.000000000000000000, -0.000000000000000000 ) ) ;
#10472 = CARTESIAN_POINT ( 'NONE',  ( -0.07500000000000003886, 0.03750000000000000555, 0.2124999999999999112 ) ) ;
#10473 = FACE_OUTER_BOUND ( 'NONE', #7048, .T. ) ;
#10474 = ORIENTED_EDGE ( 'NONE', *, *, #650, .F. ) ;
#10475 = DIRECTION ( 'NONE',  ( -2.435670465107224942E-16, 1.000000000000000000, 0.000000000000000000 ) ) ;
#10476 = FILL_AREA_STYLE ('',( #12516 ) ) ;
#10477 = ORIENTED_EDGE ( 'NONE', *, *, #3216, .F. ) ;
#10478 = LINE ( 'NONE', #1412, #8498 ) ;
#10479 = VECTOR ( 'NONE', #1911, 39.37007874015748143 ) ;
#10480 = VECTOR ( 'NONE', #9716, 39.37007874015748143 ) ;
#10481 = LENGTH_MEASURE_WITH_UNIT ( LENGTH_MEASURE( 0.02539999999999999897 ), #2239 );
#10482 = ORIENTED_EDGE ( 'NONE', *, *, #2136, .T. ) ;
#10483 = PRESENTATION_STYLE_ASSIGNMENT (( #10608 ) ) ;
#10484 = CARTESIAN_POINT ( 'NONE',  ( 0.06250000000000001388, 0.2150000000000000244, 0.1874999999999999167 ) ) ;
#10485 = VECTOR ( 'NONE', #1098, 39.37007874015748143 ) ;
#10486 = DIRECTION ( 'NONE',  ( -1.000000000000000000, -6.097874985857736561E-17, 0.000000000000000000 ) ) ;
#10487 = ADVANCED_FACE ( 'NONE', ( #5233 ), #6153, .T. ) ;
#10488 = ORIENTED_EDGE ( 'NONE', *, *, #10775, .T. ) ;
#10489 =( LENGTH_UNIT ( ) NAMED_UNIT ( * ) SI_UNIT ( $, .METRE. ) );
#10490 = LINE ( 'NONE', #1422, #3368 ) ;
#10491 = ORIENTED_EDGE ( 'NONE', *, *, #3541, .T. ) ;
#10492 = PRESENTATION_LAYER_ASSIGNMENT (  '', '', ( #3101 ) ) ;
#10493 = CARTESIAN_POINT ( 'NONE',  ( -0.1449999999999999623, -0.03750000000000000555, 0.2999999999999999889 ) ) ;
#10494 = LINE ( 'NONE', #2633, #11325 ) ;
#10495 = AXIS2_PLACEMENT_3D ( 'NONE', #12265, #170, #3343 ) ;
#10496 = CARTESIAN_POINT ( 'NONE',  ( -0.1449999999999999623, 0.02500000000000000139, 0.1960977220692802780 ) ) ;
#10497 = EDGE_LOOP ( 'NONE', ( #4662, #4542, #3145, #11498 ) ) ;
#10498 = CARTESIAN_POINT ( 'NONE',  ( 0.1213779527559052385, -2.828069580055263137E-18, -0.1125000000000001138 ) ) ;
#10499 = FACE_OUTER_BOUND ( 'NONE', #4639, .T. ) ;
#10500 = VECTOR ( 'NONE', #7422, 39.37007874015748143 ) ;
#10501 = DIRECTION ( 'NONE',  ( 0.000000000000000000, 0.000000000000000000, -1.000000000000000000 ) ) ;
#10502 = EDGE_CURVE ( 'NONE', #10601, #6569, #9084, .T. ) ;
#10503 = EDGE_CURVE ( 'NONE', #7881, #4069, #1141, .T. ) ;
#10504 = SURFACE_SIDE_STYLE ('',( #6453 ) ) ;
#10505 = ORIENTED_EDGE ( 'NONE', *, *, #7197, .F. ) ;
#10506 = ORIENTED_EDGE ( 'NONE', *, *, #3481, .F. ) ;
#10507 = CARTESIAN_POINT ( 'NONE',  ( -0.03749999999999999861, 0.3643779527559052878, 0.2124999999999999112 ) ) ;
#10508 = EDGE_CURVE ( 'NONE', #8219, #3525, #12050, .T. ) ;
#10509 = VECTOR ( 'NONE', #11183, 39.37007874015748143 ) ;
#10510 = DIRECTION ( 'NONE',  ( 0.000000000000000000, -0.000000000000000000, 1.000000000000000000 ) ) ;
#10511 = FACE_OUTER_BOUND ( 'NONE', #5493, .T. ) ;
#10512 = DIRECTION ( 'NONE',  ( -1.000000000000000000, 0.000000000000000000, -0.000000000000000000 ) ) ;
#10513 = EDGE_CURVE ( 'NONE', #131, #12448, #10145, .T. ) ;
#10514 = VECTOR ( 'NONE', #5029, 39.37007874015748143 ) ;
#10515 = CARTESIAN_POINT ( 'NONE',  ( -0.1213779527559052385, -2.828069580055263137E-18, -0.1875000000000001110 ) ) ;
#10516 = EDGE_CURVE ( 'NONE', #12752, #351, #1210, .T. ) ;
#10517 = VECTOR ( 'NONE', #9123, 39.37007874015748143 ) ;
#10519 = VERTEX_POINT ( 'NONE', #12644 ) ;
#10518 = ADVANCED_FACE ( 'NONE', ( #98 ), #12320, .T. ) ;
#10520 = EDGE_LOOP ( 'NONE', ( #703, #11000, #5119, #5896 ) ) ;
#10521 = CARTESIAN_POINT ( 'NONE',  ( -0.03750000000000004718, 0.03750000000000001249, -0.08750000000000010547 ) ) ;
#10522 = STYLED_ITEM ( 'NONE', ( #6997 ), #10696 ) ;
#10523 = ORIENTED_EDGE ( 'NONE', *, *, #4282, .T. ) ;
#10524 = VECTOR ( 'NONE', #8064, 39.37007874015748143 ) ;
#10525 = MANIFOLD_SOLID_BREP ( 'LPattern4[8]', #4235 ) ;
#10526 = DIRECTION ( 'NONE',  ( 0.000000000000000000, 0.000000000000000000, -1.000000000000000000 ) ) ;
#10528 = VERTEX_POINT ( 'NONE', #8420 ) ;
#10527 = ADVANCED_FACE ( 'NONE', ( #12384 ), #347, .T. ) ;
#10529 = LINE ( 'NONE', #5485, #8616 ) ;
#10530 = UNCERTAINTY_MEASURE_WITH_UNIT (LENGTH_MEASURE( 1.000000000000000082E-05 ), #5743, 'distance_accuracy_value', 'NONE');
#10531 = ORIENTED_EDGE ( 'NONE', *, *, #9953, .F. ) ;
#10532 = CARTESIAN_POINT ( 'NONE',  ( -0.07000000000000017319, 0.05799999999999997519, 0.05299999999999992217 ) ) ;
#10533 = EDGE_CURVE ( 'NONE', #6151, #6644, #2347, .T. ) ;
#10534 =( GEOMETRIC_REPRESENTATION_CONTEXT ( 3 ) GLOBAL_UNCERTAINTY_ASSIGNED_CONTEXT ( ( #11351 ) ) GLOBAL_UNIT_ASSIGNED_CONTEXT ( ( #3672, #6721, #8768 ) ) REPRESENTATION_CONTEXT ( 'NONE', 'WORKASPACE' ) );
#10535 = SURFACE_SIDE_STYLE ('',( #544 ) ) ;
#10536 = AXIS2_PLACEMENT_3D ( 'NONE', #1578, #10702, #12891 ) ;
#10537 = ORIENTED_EDGE ( 'NONE', *, *, #2841, .F. ) ;
#10539 = CARTESIAN_POINT ( 'NONE',  ( -0.03750000000000004718, 0.03750000000000001249, 0.1874999999999999167 ) ) ;
#10538 = VECTOR ( 'NONE', #6922, 39.37007874015748143 ) ;
#10540 =( CONVERSION_BASED_UNIT ( 'INCH', #7558 ) LENGTH_UNIT ( ) NAMED_UNIT ( #3255 ) );
#10541 = VERTEX_POINT ( 'NONE', #6348 ) ;
#10542 = VECTOR ( 'NONE', #3333, 39.37007874015748143 ) ;
#10543 = CARTESIAN_POINT ( 'NONE',  ( -0.03749999999999999861, 0.05799999999999996825, -0.1875000000000001110 ) ) ;
#10544 = CARTESIAN_POINT ( 'NONE',  ( 0.1213779527559052523, 0.02500000000000000486, -0.2125000000000001332 ) ) ;
#10545 = EDGE_LOOP ( 'NONE', ( #626, #12389, #10158, #10222 ) ) ;
#10546 =( NAMED_UNIT ( * ) PLANE_ANGLE_UNIT ( ) SI_UNIT ( $, .RADIAN. ) );
#10547 = CARTESIAN_POINT ( 'NONE',  ( 0.03749999999999999861, 0.05799999999999996825, -0.01250000000000010651 ) ) ;
#10548 = DIRECTION ( 'NONE',  ( -5.850480457187554951E-16, -1.000000000000000000, -0.000000000000000000 ) ) ;
#10549 = EDGE_LOOP ( 'NONE', ( #952, #1293, #6747, #10425 ) ) ;
#10550 = FACE_OUTER_BOUND ( 'NONE', #11685, .T. ) ;
#10551 = DIRECTION ( 'NONE',  ( -6.097874985857737794E-17, -1.000000000000000000, 0.000000000000000000 ) ) ;
#10552 = MANIFOLD_SOLID_BREP ( 'LPattern4[7]', #7226 ) ;
#10553 = PRESENTATION_LAYER_ASSIGNMENT (  '', '', ( #3160 ) ) ;
#10554 = DIMENSIONAL_EXPONENTS ( 1.000000000000000000, 0.000000000000000000, 0.000000000000000000, 0.000000000000000000, 0.000000000000000000, 0.000000000000000000, 0.000000000000000000 ) ;
#10555 = LINE ( 'NONE', #12973, #2931 ) ;
#10556 = SURFACE_STYLE_USAGE ( .BOTH. , #8754 ) ;
#10557 = ORIENTED_EDGE ( 'NONE', *, *, #4282, .F. ) ;
#10558 = PRESENTATION_STYLE_ASSIGNMENT (( #4470 ) ) ;
#10559 = ORIENTED_EDGE ( 'NONE', *, *, #11704, .F. ) ;
#10560 = CARTESIAN_POINT ( 'NONE',  ( -0.06999999999999999278, 0.05799999999999997519, -0.1300000000000002820 ) ) ;
#10561 = ORIENTED_EDGE ( 'NONE', *, *, #7456, .T. ) ;
#10562 = LINE ( 'NONE', #6380, #1999 ) ;
#10563 = CARTESIAN_POINT ( 'NONE',  ( 0.000000000000000000, 0.04999999999999998196, 0.000000000000000000 ) ) ;
#10564 = CARTESIAN_POINT ( 'NONE',  ( 0.07500000000000005274, 0.02500000000000001180, 0.08749999999999988343 ) ) ;
#10565 = AXIS2_PLACEMENT_3D ( 'NONE', #9529, #7542, #12695 ) ;
#10566 = VERTEX_POINT ( 'NONE', #10401 ) ;
#10567 = ORIENTED_EDGE ( 'NONE', *, *, #12509, .T. ) ;
#10568 = DIRECTION ( 'NONE',  ( -0.000000000000000000, 0.000000000000000000, -1.000000000000000000 ) ) ;
#10569 = CARTESIAN_POINT ( 'NONE',  ( -0.06249999999999981959, 0.05799999999999996825, -0.01250000000000010651 ) ) ;
#10570 = FILL_AREA_STYLE_COLOUR ( '', #168 ) ;
#10571 = DIRECTION ( 'NONE',  ( 1.000000000000000000, 0.000000000000000000, 0.000000000000000000 ) ) ;
#10572 = DIRECTION ( 'NONE',  ( -1.000000000000000000, 3.414809992080306836E-16, 0.000000000000000000 ) ) ;
#10573 = CARTESIAN_POINT ( 'NONE',  ( -0.1449999999999999623, 0.01640227793071964008, 0.000000000000000000 ) ) ;
#10574 = CARTESIAN_POINT ( 'NONE',  ( 0.000000000000000000, 0.3880000000000000115, -0.1039022779307197386 ) ) ;
#10575 = EDGE_CURVE ( 'NONE', #9254, #3688, #7684, .T. ) ;
#10576 = DIRECTION ( 'NONE',  ( -2.435670465107224942E-16, -1.000000000000000000, 0.000000000000000000 ) ) ;
#10577 = DIRECTION ( 'NONE',  ( -1.000000000000000000, 0.000000000000000000, 0.000000000000000000 ) ) ;
#10578 = VERTEX_POINT ( 'NONE', #7817 ) ;
#10579 = ORIENTED_EDGE ( 'NONE', *, *, #2522, .T. ) ;
#10580 = CARTESIAN_POINT ( 'NONE',  ( -0.1213779527559052385, 0.02500000000000000486, 0.01249999999999990008 ) ) ;
#10581 = EDGE_LOOP ( 'NONE', ( #5935, #8977, #12941, #4994 ) ) ;
#10582 = DIRECTION ( 'NONE',  ( -1.000000000000000000, 0.000000000000000000, 0.000000000000000000 ) ) ;
#10583 = EDGE_CURVE ( 'NONE', #3995, #401, #2667, .T. ) ;
#10584 = PLANE ( 'NONE',  #7892 ) ;
#10585 = VERTEX_POINT ( 'NONE', #8927 ) ;
#10586 = CARTESIAN_POINT ( 'NONE',  ( -0.06999999999999999278, 0.04999999999999998196, -0.2380000000000002669 ) ) ;
#10587 = ADVANCED_FACE ( 'NONE', ( #6750 ), #2857, .T. ) ;
#10588 = VERTEX_POINT ( 'NONE', #744 ) ;
#10589 = SURFACE_STYLE_FILL_AREA ( #11908 ) ;
#10590 = ADVANCED_FACE ( 'NONE', ( #4766 ), #8870, .F. ) ;
#10591 = LENGTH_MEASURE_WITH_UNIT ( LENGTH_MEASURE( 0.02539999999999999897 ), #11582 );
#10592 = DIRECTION ( 'NONE',  ( 0.000000000000000000, -0.000000000000000000, 1.000000000000000000 ) ) ;
#10593 = EDGE_LOOP ( 'NONE', ( #5966, #7948, #11342, #5127 ) ) ;
#10594 = ADVANCED_FACE ( 'NONE', ( #10917 ), #11713, .T. ) ;
#10595 = EDGE_CURVE ( 'NONE', #12292, #11648, #1797, .T. ) ;
#10596 = VERTEX_POINT ( 'NONE', #6814 ) ;
#10597 = LINE ( 'NONE', #2478, #9988 ) ;
#10598 = FILL_AREA_STYLE ('',( #11513 ) ) ;
#10599 = EDGE_CURVE ( 'NONE', #4626, #3575, #613, .T. ) ;
#10600 = PLANE ( 'NONE',  #10774 ) ;
#10601 = VERTEX_POINT ( 'NONE', #11843 ) ;
#10602 = DIRECTION ( 'NONE',  ( 0.000000000000000000, -1.000000000000000000, 0.000000000000000000 ) ) ;
#10603 = ORIENTED_EDGE ( 'NONE', *, *, #9065, .F. ) ;
#10604 = PRESENTATION_STYLE_ASSIGNMENT (( #2555 ) ) ;
#10605 = CARTESIAN_POINT ( 'NONE',  ( 0.07000000000000017319, 0.04999999999999998196, 0.1529999999999999138 ) ) ;
#10606 = ITEM_DEFINED_TRANSFORMATION ( 'NONE', 'NONE', #1586,  #7725 ) ;
#10607 = ORIENTED_EDGE ( 'NONE', *, *, #3216, .T. ) ;
#10608 = SURFACE_STYLE_USAGE ( .BOTH. , #6433 ) ;
#10609 =( CONVERSION_BASED_UNIT ( 'INCH', #6565 ) LENGTH_UNIT ( ) NAMED_UNIT ( #1419 ) );
#10610 = ADVANCED_FACE ( 'NONE', ( #9929 ), #2794, .T. ) ;
#10611 = VECTOR ( 'NONE', #11985, 39.37007874015748143 ) ;
#10612 = PLANE ( 'NONE',  #12404 ) ;
#10613 = MECHANICAL_DESIGN_GEOMETRIC_PRESENTATION_REPRESENTATION (  '', ( #1534 ), #7110 ) ;
#10614 = EDGE_CURVE ( 'NONE', #2255, #4713, #7772, .T. ) ;
#10615 = CARTESIAN_POINT ( 'NONE',  ( 0.03749999999999995698, 0.03750000000000001249, 0.2124999999999999112 ) ) ;
#10616 = ORIENTED_EDGE ( 'NONE', *, *, #7269, .F. ) ;
#10617 = CARTESIAN_POINT ( 'NONE',  ( -0.06250000000000001388, 0.3880000000000000115, 0.2124999999999999112 ) ) ;
#10618 = SURFACE_SIDE_STYLE ('',( #2757 ) ) ;
#10619 = ORIENTED_EDGE ( 'NONE', *, *, #992, .F. ) ;
#10620 =( NAMED_UNIT ( * ) PLANE_ANGLE_UNIT ( ) SI_UNIT ( $, .RADIAN. ) );
#10621 = DIRECTION ( 'NONE',  ( 0.3236155771181825069, 0.8891264907159898145, -0.3236155771181825069 ) ) ;
#10622 = SURFACE_STYLE_USAGE ( .BOTH. , #10882 ) ;
#10623 = EDGE_LOOP ( 'NONE', ( #12848, #11778, #11215, #2459 ) ) ;
#10624 = CARTESIAN_POINT ( 'NONE',  ( 0.07000000000000002054, 0.05799999999999997519, -0.1700000000000002343 ) ) ;
#10625 = AXIS2_PLACEMENT_3D ( 'NONE', #6709, #1753, #10750 ) ;
#10626 = PLANE ( 'NONE',  #2393 ) ;
#10627 = LINE ( 'NONE', #4737, #11152 ) ;
#10628 = STYLED_ITEM ( 'NONE', ( #38 ), #6459 ) ;
#10629 = DIRECTION ( 'NONE',  ( -0.3236155771181825069, -0.8891264907159898145, -0.3236155771181825069 ) ) ;
#10630 = VECTOR ( 'NONE', #10091, 39.37007874015748143 ) ;
#10631 = ORIENTED_EDGE ( 'NONE', *, *, #3802, .F. ) ;
#10632 = DIRECTION ( 'NONE',  ( -1.000000000000000000, -0.000000000000000000, -0.000000000000000000 ) ) ;
#10633 = DIRECTION ( 'NONE',  ( 0.000000000000000000, 0.000000000000000000, -1.000000000000000000 ) ) ;
#10634 = CARTESIAN_POINT ( 'NONE',  ( -0.05988182395616164361, 0.3715713323165082960, 0.009881823956161547157 ) ) ;
#10635 = CARTESIAN_POINT ( 'NONE',  ( 0.07000000000000002054, 0.04999999999999998196, 0.2219999999999998086 ) ) ;
#10636 = VECTOR ( 'NONE', #9075, 39.37007874015748854 ) ;
#10637 = DIMENSIONAL_EXPONENTS ( 1.000000000000000000, 0.000000000000000000, 0.000000000000000000, 0.000000000000000000, 0.000000000000000000, 0.000000000000000000, 0.000000000000000000 ) ;
#10638 = DIRECTION ( 'NONE',  ( 0.000000000000000000, 0.000000000000000000, 1.000000000000000000 ) ) ;
#10639 = CARTESIAN_POINT ( 'NONE',  ( 0.06250000000000001388, 0.05799999999999996825, -0.1125000000000001138 ) ) ;
#10640 = DIRECTION ( 'NONE',  ( 0.000000000000000000, 0.000000000000000000, -1.000000000000000000 ) ) ;
#10641 = PRESENTATION_LAYER_ASSIGNMENT (  '', '', ( #5339 ) ) ;
#10642 = VECTOR ( 'NONE', #11508, 39.37007874015748143 ) ;
#10643 = AXIS2_PLACEMENT_3D ( 'NONE', #8624, #627, #9552 ) ;
#10644 = AXIS2_PLACEMENT_3D ( 'NONE', #870, #8001, #4823 ) ;
#10645 = EDGE_LOOP ( 'NONE', ( #9756, #5353, #4495, #1298 ) ) ;
#10646 = ORIENTED_EDGE ( 'NONE', *, *, #5394, .T. ) ;
#10647 =( NAMED_UNIT ( * ) SI_UNIT ( $, .STERADIAN. ) SOLID_ANGLE_UNIT ( ) );
#10648 = ADVANCED_FACE ( 'NONE', ( #4827 ), #5680, .F. ) ;
#10649 = ORIENTED_EDGE ( 'NONE', *, *, #12525, .T. ) ;
#10650 = MANIFOLD_SOLID_BREP ( 'LPattern3[7]', #12274 ) ;
#10651 = CARTESIAN_POINT ( 'NONE',  ( 0.03749999999999999861, 0.3643779527559052878, 0.2124999999999999112 ) ) ;
#10652 = ORIENTED_EDGE ( 'NONE', *, *, #8103, .F. ) ;
#10653 = DIRECTION ( 'NONE',  ( 0.000000000000000000, 0.000000000000000000, 1.000000000000000000 ) ) ;
#10654 = VECTOR ( 'NONE', #2564, 39.37007874015748143 ) ;
#10655 = UNCERTAINTY_MEASURE_WITH_UNIT (LENGTH_MEASURE( 1.000000000000000082E-05 ), #7767, 'distance_accuracy_value', 'NONE');
#10656 = EDGE_LOOP ( 'NONE', ( #3627, #12181, #548, #7045 ) ) ;
#10657 = PLANE ( 'NONE',  #5847 ) ;
#10658 = FILL_AREA_STYLE_COLOUR ( '', #488 ) ;
#10659 = CARTESIAN_POINT ( 'NONE',  ( 0.09499999999999998723, 0.6848831648126535443, 0.2430053851276750276 ) ) ;
#10660 = EDGE_CURVE ( 'NONE', #10877, #10005, #11783, .T. ) ;
#10661 = ORIENTED_EDGE ( 'NONE', *, *, #9803, .F. ) ;
#10662 = VECTOR ( 'NONE', #10157, 39.37007874015748143 ) ;
#10663 = CIRCLE ( 'NONE', #2203, 0.007999999999999998432 ) ;
#10665 = ORIENTED_EDGE ( 'NONE', *, *, #3451, .F. ) ;
#10664 = EDGE_CURVE ( 'NONE', #11137, #12550, #4153, .T. ) ;
#10666 = LINE ( 'NONE', #2608, #4574 ) ;
#10667 = DIRECTION ( 'NONE',  ( 0.000000000000000000, -1.000000000000000000, 0.000000000000000000 ) ) ;
#10668 = DIRECTION ( 'NONE',  ( 1.000000000000000000, 0.000000000000000000, 0.000000000000000000 ) ) ;
#10669 = ORIENTED_EDGE ( 'NONE', *, *, #6989, .F. ) ;
#10670 = CARTESIAN_POINT ( 'NONE',  ( -0.1449999999999999623, 0.01640227793071964008, -0.2039022779307197442 ) ) ;
#10671 = DIRECTION ( 'NONE',  ( 0.000000000000000000, 0.000000000000000000, 1.000000000000000000 ) ) ;
#10672 = ORIENTED_EDGE ( 'NONE', *, *, #10583, .F. ) ;
#10673 = CARTESIAN_POINT ( 'NONE',  ( -0.03749999999999980432, 0.05799999999999996825, -0.2125000000000001332 ) ) ;
#10674 = AXIS2_PLACEMENT_3D ( 'NONE', #10865, #1811, #6633 ) ;
#10675 = DIRECTION ( 'NONE',  ( 1.000000000000000000, -6.097874985857737794E-17, 0.000000000000000000 ) ) ;
#10676 = ADVANCED_FACE ( 'NONE', ( #8208 ), #2983, .T. ) ;
#10678 = ORIENTED_EDGE ( 'NONE', *, *, #2609, .F. ) ;
#10677 = ADVANCED_FACE ( 'NONE', ( #3183 ), #5015, .F. ) ;
#10679 = CARTESIAN_POINT ( 'NONE',  ( 0.03749999999999999861, 0.1419999999999999873, 0.2124999999999999112 ) ) ;
#10680 = VECTOR ( 'NONE', #11556, 39.37007874015748143 ) ;
#10681 = DIRECTION ( 'NONE',  ( 0.000000000000000000, -0.3420201433256662704, 0.9396926207859094271 ) ) ;
#10682 = ORIENTED_EDGE ( 'NONE', *, *, #1236, .T. ) ;
#10683 = STYLED_ITEM ( 'NONE', ( #791 ), #381 ) ;
#10684 =( CONVERSION_BASED_UNIT ( 'INCH', #6776 ) LENGTH_UNIT ( ) NAMED_UNIT ( #5279 ) );
#10685 = LINE ( 'NONE', #2697, #1255 ) ;
#10686 = LINE ( 'NONE', #4730, #3860 ) ;
#10687 = FILL_AREA_STYLE ('',( #12537 ) ) ;
#10688 = FACE_OUTER_BOUND ( 'NONE', #2185, .T. ) ;
#10689 = EDGE_LOOP ( 'NONE', ( #2732, #12395, #5778, #3490 ) ) ;
#10690 = FACE_OUTER_BOUND ( 'NONE', #10394, .T. ) ;
#10691 = EDGE_CURVE ( 'NONE', #8277, #12678, #11237, .T. ) ;
#10692 = CARTESIAN_POINT ( 'NONE',  ( 0.07000000000000000666, 0.1726274169979694906, 0.1699999999999997624 ) ) ;
#10693 = CIRCLE ( 'NONE', #12985, 0.007999999999999989758 ) ;
#10694 = PLANE ( 'NONE',  #7359 ) ;
#10695 = AXIS2_PLACEMENT_3D ( 'NONE', #3847, #8036, #12055 ) ;
#10696 = MANIFOLD_SOLID_BREP ( 'LPattern4[1]', #9952 ) ;
#10697 = FILL_AREA_STYLE_COLOUR ( '', #12931 ) ;
#10698 = ORIENTED_EDGE ( 'NONE', *, *, #4432, .T. ) ;
#10699 = VECTOR ( 'NONE', #4879, 39.37007874015748143 ) ;
#10700 = PLANE ( 'NONE',  #4124 ) ;
#10701 = AXIS2_PLACEMENT_3D ( 'NONE', #1171, #1245, #6117 ) ;
#10702 = DIRECTION ( 'NONE',  ( -0.000000000000000000, -1.000000000000000000, -0.000000000000000000 ) ) ;
#10703 = VECTOR ( 'NONE', #5687, 39.37007874015748143 ) ;
#10704 = COLOUR_RGB ( '',1.000000000000000000, 0.8117647058823529438, 0.5019607843137254832 ) ;
#10705 =( LENGTH_UNIT ( ) NAMED_UNIT ( * ) SI_UNIT ( $, .METRE. ) );
#10706 =( NAMED_UNIT ( * ) SI_UNIT ( $, .STERADIAN. ) SOLID_ANGLE_UNIT ( ) );
#10707 = EDGE_LOOP ( 'NONE', ( #8804, #798, #3608, #119 ) ) ;
#10708 = ORIENTED_EDGE ( 'NONE', *, *, #7291, .F. ) ;
#10709 = LENGTH_MEASURE_WITH_UNIT ( LENGTH_MEASURE( 0.02539999999999999897 ), #8786 );
#10710 = PRESENTATION_LAYER_ASSIGNMENT (  '', '', ( #9248 ) ) ;
#10711 = ORIENTED_EDGE ( 'NONE', *, *, #417, .T. ) ;
#10712 = LINE ( 'NONE', #1653, #861 ) ;
#10713 = PRESENTATION_LAYER_ASSIGNMENT (  '', '', ( #9027 ) ) ;
#10714 = MANIFOLD_SOLID_BREP ( 'LPattern3[4]', #11018 ) ;
#10715 = EDGE_LOOP ( 'NONE', ( #9996, #5622, #6021, #1822 ) ) ;
#10716 = CARTESIAN_POINT ( 'NONE',  ( -0.03749999999999999861, 0.3880000000000000115, 0.1874999999999999167 ) ) ;
#10717 = ORIENTED_EDGE ( 'NONE', *, *, #818, .T. ) ;
#10718 = SURFACE_STYLE_FILL_AREA ( #5802 ) ;
#10719 = PLANE ( 'NONE',  #7452 ) ;
#10720 = DIRECTION ( 'NONE',  ( 0.000000000000000000, 0.000000000000000000, 1.000000000000000000 ) ) ;
#10721 = ADVANCED_FACE ( 'NONE', ( #11367 ), #399, .T. ) ;
#10722 = CARTESIAN_POINT ( 'NONE',  ( 0.06250000000000001388, 0.1419999999999999873, -0.01250000000000010651 ) ) ;
#10723 = VERTEX_POINT ( 'NONE', #10387 ) ;
#10724 = VERTEX_POINT ( 'NONE', #10515 ) ;
#10725 = VECTOR ( 'NONE', #9878, 39.37007874015748143 ) ;
#10726 = ORIENTED_EDGE ( 'NONE', *, *, #11966, .T. ) ;
#10727 = PLANE ( 'NONE',  #3442 ) ;
#10728 = AXIS2_PLACEMENT_3D ( 'NONE', #33, #12253, #95 ) ;
#10729 = FACE_OUTER_BOUND ( 'NONE', #7566, .T. ) ;
#10730 = DIRECTION ( 'NONE',  ( 1.000000000000000000, -6.097874985857736561E-17, 0.000000000000000000 ) ) ;
#10731 = VERTEX_POINT ( 'NONE', #1449 ) ;
#10732 = CARTESIAN_POINT ( 'NONE',  ( 0.04011817604383836194, 0.3715713323165082960, 0.09011817604383823288 ) ) ;
#10733 = VERTEX_POINT ( 'NONE', #12493 ) ;
#10734 = DIRECTION ( 'NONE',  ( -1.000000000000000000, 0.000000000000000000, 0.000000000000000000 ) ) ;
#10735 = LINE ( 'NONE', #6693, #2500 ) ;
#10736 = AXIS2_PLACEMENT_3D ( 'NONE', #7724, #11543, #4608 ) ;
#10737 = VERTEX_POINT ( 'NONE', #1261 ) ;
#10738 = CARTESIAN_POINT ( 'NONE',  ( 0.07000000000000002054, 0.05799999999999997519, -0.07000000000000022871 ) ) ;
#10739 = DIRECTION ( 'NONE',  ( -1.000000000000000000, 0.000000000000000000, 0.000000000000000000 ) ) ;
#10740 = EDGE_CURVE ( 'NONE', #8240, #4972, #5475, .T. ) ;
#10741 = VECTOR ( 'NONE', #2836, 39.37007874015748143 ) ;
#10742 = DIRECTION ( 'NONE',  ( -1.000000000000000000, 0.000000000000000000, 0.000000000000000000 ) ) ;
#10743 = ORIENTED_EDGE ( 'NONE', *, *, #108, .T. ) ;
#10744 = FACE_OUTER_BOUND ( 'NONE', #1414, .T. ) ;
#10745 = CARTESIAN_POINT ( 'NONE',  ( 0.1449999999999999623, 0.01640227793071964008, -0.08750000000000010547 ) ) ;
#10746 = ORIENTED_EDGE ( 'NONE', *, *, #10266, .T. ) ;
#10747 = ADVANCED_FACE ( 'NONE', ( #8531 ), #7533, .T. ) ;
#10748 =( LENGTH_UNIT ( ) NAMED_UNIT ( * ) SI_UNIT ( $, .METRE. ) );
#10749 = CARTESIAN_POINT ( 'NONE',  ( 0.06250000000000005551, 0.03750000000000001249, 0.08749999999999988343 ) ) ;
#10750 = DIRECTION ( 'NONE',  ( 0.000000000000000000, 0.000000000000000000, 1.000000000000000000 ) ) ;
#10751 = CARTESIAN_POINT ( 'NONE',  ( -0.03749999999999999861, 0.3643779527559052878, -0.1875000000000001110 ) ) ;
#10752 = STYLED_ITEM ( 'NONE', ( #6334 ), #1776 ) ;
#10753 = EDGE_CURVE ( 'NONE', #10723, #4575, #11562, .T. ) ;
#10754 = MECHANICAL_DESIGN_GEOMETRIC_PRESENTATION_REPRESENTATION (  '', ( #7804 ), #8850 ) ;
#10755 = FACE_OUTER_BOUND ( 'NONE', #11415, .T. ) ;
#10756 = ORIENTED_EDGE ( 'NONE', *, *, #5791, .T. ) ;
#10757 = DIRECTION ( 'NONE',  ( -0.000000000000000000, 0.000000000000000000, 1.000000000000000000 ) ) ;
#10758 = EDGE_CURVE ( 'NONE', #1021, #4385, #2524, .T. ) ;
#10759 = EDGE_CURVE ( 'NONE', #11833, #6702, #5287, .T. ) ;
#10760 = ADVANCED_FACE ( 'NONE', ( #4291 ), #8341, .F. ) ;
#10761 = VECTOR ( 'NONE', #9090, 39.37007874015748143 ) ;
#10762 = SURFACE_STYLE_FILL_AREA ( #9514 ) ;
#10763 = ORIENTED_EDGE ( 'NONE', *, *, #12295, .T. ) ;
#10764 = EDGE_CURVE ( 'NONE', #9907, #1610, #8713, .T. ) ;
#10765 = DIRECTION ( 'NONE',  ( -0.9153150324227631307, -0.000000000000000000, -0.4027386142660223656 ) ) ;
#10766 = ORIENTED_EDGE ( 'NONE', *, *, #3334, .T. ) ;
#10767 = EDGE_CURVE ( 'NONE', #755, #7443, #12419, .T. ) ;
#10768 = DIRECTION ( 'NONE',  ( 0.000000000000000000, -1.000000000000000000, 0.000000000000000000 ) ) ;
#10769 = LINE ( 'NONE', #4487, #12372 ) ;
#10770 = EDGE_CURVE ( 'NONE', #10463, #10117, #7865, .T. ) ;
#10771 = FACE_OUTER_BOUND ( 'NONE', #12486, .T. ) ;
#10772 = FILL_AREA_STYLE ('',( #3683 ) ) ;
#10773 = LINE ( 'NONE', #5664, #3567 ) ;
#10774 = AXIS2_PLACEMENT_3D ( 'NONE', #1535, #6889, #10070 ) ;
#10775 = EDGE_CURVE ( 'NONE', #3640, #8219, #1709, .T. ) ;
#10776 = ORIENTED_EDGE ( 'NONE', *, *, #397, .T. ) ;
#10777 = VERTEX_POINT ( 'NONE', #2582 ) ;
#10778 =( CONVERSION_BASED_UNIT ( 'INCH', #10709 ) LENGTH_UNIT ( ) NAMED_UNIT ( #384 ) );
#10779 = ORIENTED_EDGE ( 'NONE', *, *, #8657, .T. ) ;
#10780 = CARTESIAN_POINT ( 'NONE',  ( -0.06250000000000001388, 0.2150000000000000244, -0.08750000000000010547 ) ) ;
#10781 = DIRECTION ( 'NONE',  ( 2.435670465107224942E-16, -1.000000000000000000, 0.000000000000000000 ) ) ;
#10782 = CARTESIAN_POINT ( 'NONE',  ( -0.1449999999999999623, 0.01640227793071964008, 0.1000000000000000056 ) ) ;
#10783 = ORIENTED_EDGE ( 'NONE', *, *, #1046, .F. ) ;
#10784 = CARTESIAN_POINT ( 'NONE',  ( -0.06249999999999981959, 0.05799999999999996825, 0.08749999999999986955 ) ) ;
#10785 = VERTEX_POINT ( 'NONE', #12816 ) ;
#10786 = FACE_OUTER_BOUND ( 'NONE', #6327, .T. ) ;
#10787 = SURFACE_STYLE_USAGE ( .BOTH. , #11712 ) ;
#10788 = DIRECTION ( 'NONE',  ( -0.000000000000000000, -0.000000000000000000, -1.000000000000000000 ) ) ;
#10789 = ORIENTED_EDGE ( 'NONE', *, *, #10290, .F. ) ;
#10790 = ORIENTED_EDGE ( 'NONE', *, *, #7859, .F. ) ;
#10791 = DIRECTION ( 'NONE',  ( -3.045457963692998352E-16, 1.000000000000000000, 0.000000000000000000 ) ) ;
#10792 = EDGE_LOOP ( 'NONE', ( #5314, #3897, #4231, #8930 ) ) ;
#10793 = FACE_OUTER_BOUND ( 'NONE', #7343, .T. ) ;
#10794 = DIRECTION ( 'NONE',  ( 0.000000000000000000, 1.000000000000000000, 0.000000000000000000 ) ) ;
#10795 = LINE ( 'NONE', #11980, #12029 ) ;
#10796 = DIRECTION ( 'NONE',  ( -6.097874985857737794E-17, 1.000000000000000000, 0.000000000000000000 ) ) ;
#10797 = CARTESIAN_POINT ( 'NONE',  ( -0.07500000000000005274, 0.000000000000000000, -0.01250000000000010651 ) ) ;
#10798 = ORIENTED_EDGE ( 'NONE', *, *, #7663, .F. ) ;
#10799 = LINE ( 'NONE', #5693, #7225 ) ;
#10800 =( NAMED_UNIT ( * ) PLANE_ANGLE_UNIT ( ) SI_UNIT ( $, .RADIAN. ) );
#10801 = ORIENTED_EDGE ( 'NONE', *, *, #2380, .F. ) ;
#10802 = PRESENTATION_STYLE_ASSIGNMENT (( #2998 ) ) ;
#10803 = DIRECTION ( 'NONE',  ( -0.000000000000000000, -0.3420201433256662704, -0.9396926207859094271 ) ) ;
#10804 = DIRECTION ( 'NONE',  ( 0.000000000000000000, 0.000000000000000000, 1.000000000000000000 ) ) ;
#10805 = ORIENTED_EDGE ( 'NONE', *, *, #1527, .F. ) ;
#10806 = ORIENTED_EDGE ( 'NONE', *, *, #11738, .F. ) ;
#10807 = DIRECTION ( 'NONE',  ( 0.3420201433256649937, -0.9396926207859097602, 0.000000000000000000 ) ) ;
#10808 = ORIENTED_EDGE ( 'NONE', *, *, #904, .F. ) ;
#10809 = EDGE_CURVE ( 'NONE', #11178, #3294, #7606, .T. ) ;
#10810 = CARTESIAN_POINT ( 'NONE',  ( -0.07000000000000017319, 0.05799999999999997519, 0.000000000000000000 ) ) ;
#10811 = CARTESIAN_POINT ( 'NONE',  ( -0.03749999999999980432, 0.05799999999999996825, 0.08749999999999986955 ) ) ;
#10812 = CARTESIAN_POINT ( 'NONE',  ( 0.1213779527559052385, 0.02500000000000000486, -0.08750000000000010547 ) ) ;
#10813 = COLOUR_RGB ( '',1.000000000000000000, 0.8117647058823529438, 0.5019607843137254832 ) ;
#10814 = DIRECTION ( 'NONE',  ( 0.000000000000000000, 0.000000000000000000, 1.000000000000000000 ) ) ;
#10815 = VERTEX_POINT ( 'NONE', #4560 ) ;
#10816 = DIRECTION ( 'NONE',  ( 0.000000000000000000, 0.000000000000000000, 1.000000000000000000 ) ) ;
#10817 = VECTOR ( 'NONE', #1369, 39.37007874015748143 ) ;
#10818 = CARTESIAN_POINT ( 'NONE',  ( -0.07500000000000003886, 0.03750000000000000555, 0.1124999999999998918 ) ) ;
#10819 = DIRECTION ( 'NONE',  ( -0.9396926207859094271, -0.3420201433256662704, 0.000000000000000000 ) ) ;
#10820 = MANIFOLD_SOLID_BREP ( 'LPattern2', #2800 ) ;
#10821 = ADVANCED_FACE ( 'NONE', ( #4751 ), #4622, .F. ) ;
#10822 = ORIENTED_EDGE ( 'NONE', *, *, #12697, .T. ) ;
#10823 =( GEOMETRIC_REPRESENTATION_CONTEXT ( 3 ) GLOBAL_UNCERTAINTY_ASSIGNED_CONTEXT ( ( #5097 ) ) GLOBAL_UNIT_ASSIGNED_CONTEXT ( ( #12789, #5636, #2429 ) ) REPRESENTATION_CONTEXT ( 'NONE', 'WORKASPACE' ) );
#10824 = CARTESIAN_POINT ( 'NONE',  ( -0.07500000000000005274, 0.02500000000000001180, 0.08749999999999988343 ) ) ;
#10825 = SURFACE_SIDE_STYLE ('',( #8587 ) ) ;
#10826 = VERTEX_POINT ( 'NONE', #6121 ) ;
#10827 = EDGE_CURVE ( 'NONE', #373, #1715, #9884, .T. ) ;
#10828 = LINE ( 'NONE', #3678, #8394 ) ;
#10829 = LINE ( 'NONE', #6045, #5392 ) ;
#10830 =( CONVERSION_BASED_UNIT ( 'INCH', #4746 ) LENGTH_UNIT ( ) NAMED_UNIT ( #2228 ) );
#10831 = DIRECTION ( 'NONE',  ( 0.000000000000000000, -0.000000000000000000, -1.000000000000000000 ) ) ;
#10832 =( GEOMETRIC_REPRESENTATION_CONTEXT ( 3 ) GLOBAL_UNCERTAINTY_ASSIGNED_CONTEXT ( ( #9336 ) ) GLOBAL_UNIT_ASSIGNED_CONTEXT ( ( #9951, #6022, #3981 ) ) REPRESENTATION_CONTEXT ( 'NONE', 'WORKASPACE' ) );
#10833 = SURFACE_SIDE_STYLE ('',( #9589 ) ) ;
#10834 = AXIS2_PLACEMENT_3D ( 'NONE', #10181, #1110, #7646 ) ;
#10835 = EDGE_CURVE ( 'NONE', #7634, #4105, #174, .T. ) ;
#10836 = DIRECTION ( 'NONE',  ( 1.000000000000000000, 0.000000000000000000, -0.000000000000000000 ) ) ;
#10837 = ORIENTED_EDGE ( 'NONE', *, *, #10376, .T. ) ;
#10838 = EDGE_LOOP ( 'NONE', ( #6370, #288, #12270, #4778 ) ) ;
#10839 = ORIENTED_EDGE ( 'NONE', *, *, #261, .F. ) ;
#10840 = ADVANCED_FACE ( 'NONE', ( #13014 ), #11951, .F. ) ;
#10841 = AXIS2_PLACEMENT_3D ( 'NONE', #9053, #3105, #7996 ) ;
#10842 = CARTESIAN_POINT ( 'NONE',  ( 0.06250000000000001388, 0.05799999999999996825, 0.2124999999999999112 ) ) ;
#10843 = VECTOR ( 'NONE', #6088, 39.37007874015748143 ) ;
#10844 = DIRECTION ( 'NONE',  ( 0.000000000000000000, 0.000000000000000000, 1.000000000000000000 ) ) ;
#10845 = FACE_OUTER_BOUND ( 'NONE', #3711, .T. ) ;
#10846 = AXIS2_PLACEMENT_3D ( 'NONE', #1283, #5437, #1156 ) ;
#10847 = LINE ( 'NONE', #9859, #817 ) ;
#10848 = ORIENTED_EDGE ( 'NONE', *, *, #10827, .T. ) ;
#10849 = CARTESIAN_POINT ( 'NONE',  ( -0.06249999999999981959, 0.1419999999999999873, 0.08749999999999986955 ) ) ;
#10850 = ADVANCED_FACE ( 'NONE', ( #6053 ), #9177, .T. ) ;
#10851 = AXIS2_PLACEMENT_3D ( 'NONE', #6808, #11904, #1788 ) ;
#10852 = CARTESIAN_POINT ( 'NONE',  ( 0.03749999999999999861, 0.3643779527559052878, -0.1125000000000001138 ) ) ;
#10853 = DIRECTION ( 'NONE',  ( 1.000000000000000000, 0.000000000000000000, 0.000000000000000000 ) ) ;
#10854 = AXIS2_PLACEMENT_3D ( 'NONE', #7263, #10568, #1499 ) ;
#10855 = ORIENTED_EDGE ( 'NONE', *, *, #9400, .T. ) ;
#10856 = EDGE_LOOP ( 'NONE', ( #8551, #987, #11458, #5004 ) ) ;
#10857 = CARTESIAN_POINT ( 'NONE',  ( -0.1449999999999999623, 0.01640227793071964008, 0.1039022779307195166 ) ) ;
#10859 = CARTESIAN_POINT ( 'NONE',  ( -0.03750000000000004718, 0.03750000000000001249, 0.2124999999999999112 ) ) ;
#10858 = AXIS2_PLACEMENT_3D ( 'NONE', #3152, #10234, #7241 ) ;
#10860 = CARTESIAN_POINT ( 'NONE',  ( 0.1317360635310592387, 0.003770044005388028304, 0.008729955994611843587 ) ) ;
#10861 = ORIENTED_EDGE ( 'NONE', *, *, #7291, .T. ) ;
#10862 = DIRECTION ( 'NONE',  ( -1.000000000000000000, 3.414809992080306836E-16, 0.000000000000000000 ) ) ;
#10863 = VERTEX_POINT ( 'NONE', #2116 ) ;
#10864 = CARTESIAN_POINT ( 'NONE',  ( -0.1605095817734711605, 0.01075725181925857310, 0.09825725181925845653 ) ) ;
#10865 = CARTESIAN_POINT ( 'NONE',  ( 0.000000000000000000, 0.000000000000000000, 0.000000000000000000 ) ) ;
#10866 = VERTEX_POINT ( 'NONE', #8055 ) ;
#10867 = CARTESIAN_POINT ( 'NONE',  ( 0.07500000000000003886, 0.03750000000000000555, 0.09999999999999996392 ) ) ;
#10868 = FACE_OUTER_BOUND ( 'NONE', #3746, .T. ) ;
#10869 = VECTOR ( 'NONE', #2441, 39.37007874015748143 ) ;
#10870 = LINE ( 'NONE', #1682, #9860 ) ;
#10871 = MANIFOLD_SOLID_BREP ( 'LPattern3[5]', #2593 ) ;
#10872 = AXIS2_PLACEMENT_3D ( 'NONE', #7907, #9153, #11202 ) ;
#10873 = ORIENTED_EDGE ( 'NONE', *, *, #1217, .F. ) ;
#10874 = CARTESIAN_POINT ( 'NONE',  ( 0.06250000000000001388, 0.3880000000000000115, 0.2124999999999999112 ) ) ;
#10875 = ORIENTED_EDGE ( 'NONE', *, *, #1132, .T. ) ;
#10876 = CARTESIAN_POINT ( 'NONE',  ( 0.06249999999999996531, 0.03750000000000001249, -0.01250000000000010651 ) ) ;
#10877 = VERTEX_POINT ( 'NONE', #12483 ) ;
#10878 = CARTESIAN_POINT ( 'NONE',  ( -0.1213779527559052523, 2.925482699725639421E-18, -0.1125000000000001138 ) ) ;
#10879 = CARTESIAN_POINT ( 'NONE',  ( -0.06999999999999999278, 0.1726274169979694906, 0.1299999999999997824 ) ) ;
#10880 = LINE ( 'NONE', #1826, #6398 ) ;
#10881 = CARTESIAN_POINT ( 'NONE',  ( 0.07500000000000002498, 0.000000000000000000, 0.01249999999999990008 ) ) ;
#10882 = SURFACE_SIDE_STYLE ('',( #9636 ) ) ;
#10883 = ORIENTED_EDGE ( 'NONE', *, *, #7197, .T. ) ;
#10884 = LENGTH_MEASURE_WITH_UNIT ( LENGTH_MEASURE( 0.02539999999999999897 ), #6851 );
#10885 = EDGE_CURVE ( 'NONE', #7115, #10889, #128, .T. ) ;
#10886 =( NAMED_UNIT ( * ) PLANE_ANGLE_UNIT ( ) SI_UNIT ( $, .RADIAN. ) );
#10887 = ORIENTED_EDGE ( 'NONE', *, *, #3881, .F. ) ;
#10888 =( NAMED_UNIT ( * ) SI_UNIT ( $, .STERADIAN. ) SOLID_ANGLE_UNIT ( ) );
#10889 = VERTEX_POINT ( 'NONE', #6261 ) ;
#10890 = DIRECTION ( 'NONE',  ( 0.000000000000000000, -0.000000000000000000, 1.000000000000000000 ) ) ;
#10891 = CARTESIAN_POINT ( 'NONE',  ( -0.07500000000000002498, 0.000000000000000000, 0.1874999999999999167 ) ) ;
#10892 = PRESENTATION_STYLE_ASSIGNMENT (( #2835 ) ) ;
#10893 = CARTESIAN_POINT ( 'NONE',  ( -0.06250000000000005551, 0.03750000000000001249, -0.1125000000000001138 ) ) ;
#10894 =( GEOMETRIC_REPRESENTATION_CONTEXT ( 3 ) GLOBAL_UNCERTAINTY_ASSIGNED_CONTEXT ( ( #11029 ) ) GLOBAL_UNIT_ASSIGNED_CONTEXT ( ( #10830, #3681, #3616 ) ) REPRESENTATION_CONTEXT ( 'NONE', 'WORKASPACE' ) );
#10895 = VECTOR ( 'NONE', #3191, 39.37007874015748143 ) ;
#10896 = EDGE_CURVE ( 'NONE', #2066, #12023, #10312, .T. ) ;
#10897 = VECTOR ( 'NONE', #7108, 39.37007874015748143 ) ;
#10898 = DIRECTION ( 'NONE',  ( -0.000000000000000000, 1.000000000000000000, -0.000000000000000000 ) ) ;
#10899 = ADVANCED_FACE ( 'NONE', ( #1177 ), #6324, .T. ) ;
#10900 = AXIS2_PLACEMENT_3D ( 'NONE', #6495, #4822, #7741 ) ;
#10901 = DIRECTION ( 'NONE',  ( -0.000000000000000000, 0.000000000000000000, 1.000000000000000000 ) ) ;
#10902 = ORIENTED_EDGE ( 'NONE', *, *, #10508, .T. ) ;
#10903 = VERTEX_POINT ( 'NONE', #5393 ) ;
#10905 = AXIS2_PLACEMENT_3D ( 'NONE', #10169, #3162, #9370 ) ;
#10904 = SURFACE_SIDE_STYLE ('',( #8861 ) ) ;
#10906 = ORIENTED_EDGE ( 'NONE', *, *, #4432, .F. ) ;
#10907 = DIRECTION ( 'NONE',  ( -2.435670465107224942E-16, -1.000000000000000000, 0.000000000000000000 ) ) ;
#10908 = EDGE_CURVE ( 'NONE', #7162, #1650, #10377, .T. ) ;
#10909 = VECTOR ( 'NONE', #10238, 39.37007874015748143 ) ;
#10910 = DIRECTION ( 'NONE',  ( -1.000000000000000000, 0.000000000000000000, 0.000000000000000000 ) ) ;
#10911 = CARTESIAN_POINT ( 'NONE',  ( -0.07500000000000003886, 0.03750000000000000555, -0.2000000000000000389 ) ) ;
#10912 = DIRECTION ( 'NONE',  ( 0.000000000000000000, 0.000000000000000000, 1.000000000000000000 ) ) ;
#10913 = AXIS2_PLACEMENT_3D ( 'NONE', #9558, #10551, #10675 ) ;
#10914 = ADVANCED_FACE ( 'NONE', ( #5460 ), #1250, .T. ) ;
#10915 =( NAMED_UNIT ( * ) PLANE_ANGLE_UNIT ( ) SI_UNIT ( $, .RADIAN. ) );
#10916 = DIRECTION ( 'NONE',  ( -0.9153150324227631307, 0.000000000000000000, -0.4027386142660223656 ) ) ;
#10917 = FACE_OUTER_BOUND ( 'NONE', #11323, .T. ) ;
#10918 = EDGE_CURVE ( 'NONE', #8219, #6174, #6451, .T. ) ;
#10919 = EDGE_CURVE ( 'NONE', #9326, #7073, #12546, .T. ) ;
#10920 = CARTESIAN_POINT ( 'NONE',  ( -0.06999999999999999278, 0.1499999999999999944, 0.2219999999999998086 ) ) ;
#10921 = EDGE_CURVE ( 'NONE', #5, #7115, #9379, .T. ) ;
#10922 = AXIS2_PLACEMENT_3D ( 'NONE', #12709, #489, #9546 ) ;
#10923 = ORIENTED_EDGE ( 'NONE', *, *, #1070, .F. ) ;
#10924 = VERTEX_POINT ( 'NONE', #3366 ) ;
#10925 = CARTESIAN_POINT ( 'NONE',  ( -0.04504691689008067518, 0.05799999999999997519, 0.1023793565683634998 ) ) ;
#10926 = STYLED_ITEM ( 'NONE', ( #4311 ), #10525 ) ;
#10927 = ADVANCED_FACE ( 'NONE', ( #8458 ), #3230, .T. ) ;
#10928 = DIRECTION ( 'NONE',  ( 0.000000000000000000, 0.000000000000000000, 1.000000000000000000 ) ) ;
#10929 = CARTESIAN_POINT ( 'NONE',  ( -0.03749999999999999861, 0.2150000000000000244, -0.1875000000000001110 ) ) ;
#10930 = CARTESIAN_POINT ( 'NONE',  ( 0.07999999999999973799, 0.1420000000000000151, 0.2500000000000000555 ) ) ;
#10931 = CARTESIAN_POINT ( 'NONE',  ( -0.07500000000000005274, -8.110173731190781122E-17, -0.1875000000000001110 ) ) ;
#10932 = ORIENTED_EDGE ( 'NONE', *, *, #2753, .F. ) ;
#10933 = FILL_AREA_STYLE_COLOUR ( '', #8326 ) ;
#10934 = CARTESIAN_POINT ( 'NONE',  ( -0.07500000000000005274, 0.02500000000000001180, -0.1875000000000001110 ) ) ;
#10935 = EDGE_CURVE ( 'NONE', #5974, #3420, #3550, .T. ) ;
#10936 =( GEOMETRIC_REPRESENTATION_CONTEXT ( 3 ) GLOBAL_UNCERTAINTY_ASSIGNED_CONTEXT ( ( #6411 ) ) GLOBAL_UNIT_ASSIGNED_CONTEXT ( ( #12619, #11491, #7143 ) ) REPRESENTATION_CONTEXT ( 'NONE', 'WORKASPACE' ) );
#10937 = ORIENTED_EDGE ( 'NONE', *, *, #4698, .F. ) ;
#10938 = LINE ( 'NONE', #4714, #6734 ) ;
#10939 = DIRECTION ( 'NONE',  ( -0.000000000000000000, 1.000000000000000000, 0.000000000000000000 ) ) ;
#10940 = SURFACE_STYLE_FILL_AREA ( #4717 ) ;
#10941 = EDGE_LOOP ( 'NONE', ( #12154, #6251, #6432, #7997 ) ) ;
#10942 = CARTESIAN_POINT ( 'NONE',  ( -0.07500000000000003886, 0.03750000000000000555, -0.1125000000000001138 ) ) ;
#10943 = CARTESIAN_POINT ( 'NONE',  ( -0.03749999999999999861, 0.2150000000000000244, -0.1125000000000001138 ) ) ;
#10944 = DIRECTION ( 'NONE',  ( 0.000000000000000000, 1.000000000000000000, 0.000000000000000000 ) ) ;
#10945 = EDGE_LOOP ( 'NONE', ( #8262, #2157, #6063, #12291 ) ) ;
#10946 = COLOUR_RGB ( '',1.000000000000000000, 0.8117647058823529438, 0.5019607843137254832 ) ;
#10947 = CARTESIAN_POINT ( 'NONE',  ( 0.000000000000000000, 0.3880000000000000115, 0.4000000000000000222 ) ) ;
#10948 = DIRECTION ( 'NONE',  ( 0.000000000000000000, 0.000000000000000000, 1.000000000000000000 ) ) ;
#10949 = CYLINDRICAL_SURFACE ( 'NONE', #143, 0.007999999999999972411 ) ;
#10950 = VECTOR ( 'NONE', #2131, 39.37007874015748143 ) ;
#10951 = DIRECTION ( 'NONE',  ( -1.000000000000000000, 0.000000000000000000, 0.000000000000000000 ) ) ;
#10952 = ORIENTED_EDGE ( 'NONE', *, *, #2333, .T. ) ;
#10953 = VECTOR ( 'NONE', #11847, 39.37007874015748854 ) ;
#10954 = SURFACE_SIDE_STYLE ('',( #4861 ) ) ;
#10955 = AXIS2_PLACEMENT_3D ( 'NONE', #12508, #286, #10592 ) ;
#10956 = VERTEX_POINT ( 'NONE', #8699 ) ;
#10957 = CARTESIAN_POINT ( 'NONE',  ( 0.06250000000000001388, 0.3643779527559052878, -0.1125000000000001138 ) ) ;
#10958 = CIRCLE ( 'NONE', #1029, 0.007999999999999955064 ) ;
#10959 = DIRECTION ( 'NONE',  ( 0.9153150324227631307, 0.000000000000000000, -0.4027386142660223656 ) ) ;
#10960 = EDGE_LOOP ( 'NONE', ( #1195, #12219 ) ) ;
#10961 = VECTOR ( 'NONE', #4335, 39.37007874015748854 ) ;
#10962 = LINE ( 'NONE', #2775, #1209 ) ;
#10963 = PRESENTATION_STYLE_ASSIGNMENT (( #3875 ) ) ;
#10964 = SURFACE_SIDE_STYLE ('',( #6928 ) ) ;
#10965 = CARTESIAN_POINT ( 'NONE',  ( 0.000000000000000000, 0.2150000000000000244, 0.4000000000000000222 ) ) ;
#10966 = FILL_AREA_STYLE_COLOUR ( '', #1308 ) ;
#10967 = EDGE_LOOP ( 'NONE', ( #12242, #12173 ) ) ;
#10968 = ORIENTED_EDGE ( 'NONE', *, *, #9550, .F. ) ;
#10969 = CARTESIAN_POINT ( 'NONE',  ( 0.000000000000000000, 0.3880000000000000115, 0.2039022779307195499 ) ) ;
#10970 = EDGE_LOOP ( 'NONE', ( #4806, #2844, #12373, #6087 ) ) ;
#10971 = LINE ( 'NONE', #5796, #3242 ) ;
#10972 = EDGE_CURVE ( 'NONE', #4790, #11670, #5709, .T. ) ;
#10973 = VECTOR ( 'NONE', #5292, 39.37007874015748143 ) ;
#10974 = DIRECTION ( 'NONE',  ( 0.8891264907159903697, 0.3236155771181813967, -0.3236155771181821184 ) ) ;
#10975 = CARTESIAN_POINT ( 'NONE',  ( -0.06999999999999999278, 0.1726274169979694906, 0.2299999999999997879 ) ) ;
#10976 = DIRECTION ( 'NONE',  ( -1.000000000000000000, 0.000000000000000000, 0.000000000000000000 ) ) ;
#10977 = CARTESIAN_POINT ( 'NONE',  ( -0.06250000000000001388, 0.3643779527559052878, 0.2124999999999999112 ) ) ;
#10978 =( NAMED_UNIT ( * ) SI_UNIT ( $, .STERADIAN. ) SOLID_ANGLE_UNIT ( ) );
#10979 = CARTESIAN_POINT ( 'NONE',  ( 0.07500000000000002498, 0.000000000000000000, -0.01250000000000010651 ) ) ;
#10980 = ORIENTED_EDGE ( 'NONE', *, *, #4119, .F. ) ;
#10981 = VERTEX_POINT ( 'NONE', #4801 ) ;
#10982 = ADVANCED_FACE ( 'NONE', ( #6655 ), #2769, .F. ) ;
#10983 = LINE ( 'NONE', #12907, #1413 ) ;
#10984 = DIRECTION ( 'NONE',  ( -0.000000000000000000, 1.000000000000000000, 0.000000000000000000 ) ) ;
#10985 = CARTESIAN_POINT ( 'NONE',  ( 0.1213779527559052523, 0.02500000000000000486, -0.01250000000000010651 ) ) ;
#10986 = EDGE_CURVE ( 'NONE', #12446, #662, #11681, .T. ) ;
#10987 = CARTESIAN_POINT ( 'NONE',  ( -0.1449999999999999623, -0.03750000000000000555, -0.09609772206928048066 ) ) ;
#10988 = ORIENTED_EDGE ( 'NONE', *, *, #9528, .F. ) ;
#10989 = DIRECTION ( 'NONE',  ( 1.000000000000000000, 0.000000000000000000, -0.000000000000000000 ) ) ;
#10990 = CARTESIAN_POINT ( 'NONE',  ( 0.03749999999999999861, 0.3643779527559052878, -0.1875000000000001110 ) ) ;
#10991 = VERTEX_POINT ( 'NONE', #7792 ) ;
#10992 = DIRECTION ( 'NONE',  ( 0.000000000000000000, 0.000000000000000000, 1.000000000000000000 ) ) ;
#10993 =( CONVERSION_BASED_UNIT ( 'INCH', #11193 ) LENGTH_UNIT ( ) NAMED_UNIT ( #9624 ) );
#10994 = SURFACE_STYLE_FILL_AREA ( #4237 ) ;
#10995 = EDGE_CURVE ( 'NONE', #1979, #607, #2507, .T. ) ;
#10996 = EDGE_CURVE ( 'NONE', #3289, #5198, #12880, .T. ) ;
#10997 = ORIENTED_EDGE ( 'NONE', *, *, #2264, .F. ) ;
#10998 = DIRECTION ( 'NONE',  ( -0.000000000000000000, -0.000000000000000000, -1.000000000000000000 ) ) ;
#10999 = CARTESIAN_POINT ( 'NONE',  ( -0.04609772206928037380, 0.3880000000000000115, 0.2039022779307195499 ) ) ;
#11000 = ORIENTED_EDGE ( 'NONE', *, *, #1044, .T. ) ;
#11001 = CARTESIAN_POINT ( 'NONE',  ( -0.09499999999999998723, 0.05799999999999996825, -0.1640000000000000902 ) ) ;
#11002 = EDGE_CURVE ( 'NONE', #5397, #12570, #8845, .T. ) ;
#11003 = DIRECTION ( 'NONE',  ( 0.000000000000000000, 0.000000000000000000, 1.000000000000000000 ) ) ;
#11004 = CARTESIAN_POINT ( 'NONE',  ( 0.07000000000000017319, 0.1419999999999999873, 0.04700000000000003481 ) ) ;
#11005 = FACE_OUTER_BOUND ( 'NONE', #11943, .T. ) ;
#11006 = EDGE_LOOP ( 'NONE', ( #9502, #11119, #7809, #2493 ) ) ;
#11007 = ADVANCED_FACE ( 'NONE', ( #521 ), #1568, .F. ) ;
#11008 = DIRECTION ( 'NONE',  ( 0.000000000000000000, 0.000000000000000000, 1.000000000000000000 ) ) ;
#11009 = ORIENTED_EDGE ( 'NONE', *, *, #4244, .T. ) ;
#11010 = CARTESIAN_POINT ( 'NONE',  ( 0.1213779527559052385, 0.02500000000000001180, -0.1875000000000001110 ) ) ;
#11011 = ORIENTED_EDGE ( 'NONE', *, *, #559, .T. ) ;
#11012 = FACE_OUTER_BOUND ( 'NONE', #9052, .T. ) ;
#11013 = DIRECTION ( 'NONE',  ( -2.435670465107224942E-16, 1.000000000000000000, 0.000000000000000000 ) ) ;
#11014 = LINE ( 'NONE', #11148, #12371 ) ;
#11015 = ORIENTED_EDGE ( 'NONE', *, *, #3416, .F. ) ;
#11016 = PLANE ( 'NONE',  #10015 ) ;
#11017 = AXIS2_PLACEMENT_3D ( 'NONE', #8176, #7314, #11341 ) ;
#11018 = CLOSED_SHELL ( 'NONE', ( #3553, #6459, #6780, #1678, #4687, #10840, #10219, #9428, #803, #6212 ) ) ;
#11019 = LINE ( 'NONE', #1985, #679 ) ;
#11020 = ORIENTED_EDGE ( 'NONE', *, *, #3481, .T. ) ;
#11021 = COLOUR_RGB ( '',1.000000000000000000, 0.8117647058823529438, 0.5019607843137254832 ) ;
#11022 = ORIENTED_EDGE ( 'NONE', *, *, #10371, .T. ) ;
#11023 = DIRECTION ( 'NONE',  ( 6.829619984160656074E-16, 0.000000000000000000, 1.000000000000000000 ) ) ;
#11024 = ORIENTED_EDGE ( 'NONE', *, *, #1236, .F. ) ;
#11025 = LINE ( 'NONE', #2787, #7460 ) ;
#11026 = DIRECTION ( 'NONE',  ( -1.000000000000000000, 2.435670465107224942E-16, 0.000000000000000000 ) ) ;
#11027 = DIRECTION ( 'NONE',  ( -1.000000000000000000, 0.000000000000000000, 0.000000000000000000 ) ) ;
#11028 = FILL_AREA_STYLE ('',( #6994 ) ) ;
#11029 = UNCERTAINTY_MEASURE_WITH_UNIT (LENGTH_MEASURE( 1.000000000000000082E-05 ), #10830, 'distance_accuracy_value', 'NONE');
#11030 = CYLINDRICAL_SURFACE ( 'NONE', #11563, 0.007999999999999989758 ) ;
#11031 = CARTESIAN_POINT ( 'NONE',  ( -0.1605095817734711605, 0.01075725181925857310, 0.1982572518192584898 ) ) ;
#11032 = AXIS2_PLACEMENT_3D ( 'NONE', #6872, #3239, #1183 ) ;
#11033 = PLANE ( 'NONE',  #3563 ) ;
#11034 = ADVANCED_FACE ( 'NONE', ( #2639 ), #10694, .F. ) ;
#11035 = EDGE_LOOP ( 'NONE', ( #10230, #11960 ) ) ;
#11036 = ORIENTED_EDGE ( 'NONE', *, *, #7978, .T. ) ;
#11037 = DIRECTION ( 'NONE',  ( -0.000000000000000000, 1.000000000000000000, -0.000000000000000000 ) ) ;
#11038 = MECHANICAL_DESIGN_GEOMETRIC_PRESENTATION_REPRESENTATION (  '', ( #4064 ), #8322 ) ;
#11039 = STYLED_ITEM ( 'NONE', ( #3600 ), #9428 ) ;
#11040 = AXIS2_PLACEMENT_3D ( 'NONE', #7910, #845, #6969 ) ;
#11041 = PLANE ( 'NONE',  #361 ) ;
#11042 = SURFACE_SIDE_STYLE ('',( #4162 ) ) ;
#11043 = DIRECTION ( 'NONE',  ( -0.9153150324227631307, 0.000000000000000000, -0.4027386142660223656 ) ) ;
#11044 = ORIENTED_EDGE ( 'NONE', *, *, #11887, .T. ) ;
#11045 = FACE_OUTER_BOUND ( 'NONE', #10329, .T. ) ;
#11046 = CARTESIAN_POINT ( 'NONE',  ( 0.03749999999999999861, 0.3880000000000000115, -0.08750000000000010547 ) ) ;
#11047 = AXIS2_PLACEMENT_3D ( 'NONE', #2399, #7285, #5416 ) ;
#11048 = VERTEX_POINT ( 'NONE', #9835 ) ;
#11049 = DIRECTION ( 'NONE',  ( 1.000000000000000000, 0.000000000000000000, 0.000000000000000000 ) ) ;
#11050 = CARTESIAN_POINT ( 'NONE',  ( 0.04609772206928037380, 0.3880000000000000115, 0.4000000000000000222 ) ) ;
#11051 = PRESENTATION_LAYER_ASSIGNMENT (  '', '', ( #3661 ) ) ;
#11052 =( LENGTH_UNIT ( ) NAMED_UNIT ( * ) SI_UNIT ( $, .METRE. ) );
#11053 = ADVANCED_FACE ( 'NONE', ( #1634 ), #8644, .F. ) ;
#11054 = DIRECTION ( 'NONE',  ( -1.000000000000000000, -0.000000000000000000, -0.000000000000000000 ) ) ;
#11055 = EDGE_CURVE ( 'NONE', #2462, #3356, #10627, .T. ) ;
#11056 = MECHANICAL_DESIGN_GEOMETRIC_PRESENTATION_REPRESENTATION (  '', ( #2219 ), #7050 ) ;
#11057 = ORIENTED_EDGE ( 'NONE', *, *, #261, .T. ) ;
#11058 = DIRECTION ( 'NONE',  ( 0.000000000000000000, -0.000000000000000000, 1.000000000000000000 ) ) ;
#11059 = LINE ( 'NONE', #8832, #5879 ) ;
#11060 = ORIENTED_EDGE ( 'NONE', *, *, #5328, .F. ) ;
#11061 = PRESENTATION_STYLE_ASSIGNMENT (( #11933 ) ) ;
#11062 = SURFACE_STYLE_USAGE ( .BOTH. , #4857 ) ;
#11063 = CARTESIAN_POINT ( 'NONE',  ( 0.07000000000000002054, 0.04999999999999998196, 0.03799999999999978395 ) ) ;
#11064 =( NAMED_UNIT ( * ) PLANE_ANGLE_UNIT ( ) SI_UNIT ( $, .RADIAN. ) );
#11065 = LINE ( 'NONE', #2884, #7717 ) ;
#11066 = ORIENTED_EDGE ( 'NONE', *, *, #9544, .T. ) ;
#11067 = FACE_OUTER_BOUND ( 'NONE', #3302, .T. ) ;
#11068 = ADVANCED_FACE ( 'NONE', ( #11617 ), #1495, .T. ) ;
#11069 = AXIS2_PLACEMENT_3D ( 'NONE', #697, #5641, #4727 ) ;
#11070 = FACE_OUTER_BOUND ( 'NONE', #10101, .T. ) ;
#11071 = VECTOR ( 'NONE', #9817, 39.37007874015748143 ) ;
#11072 = EDGE_CURVE ( 'NONE', #8784, #6384, #3134, .T. ) ;
#11073 = FACE_OUTER_BOUND ( 'NONE', #9410, .T. ) ;
#11074 = EDGE_LOOP ( 'NONE', ( #4142, #3090, #6126, #5218 ) ) ;
#11075 = VECTOR ( 'NONE', #12733, 39.37007874015748854 ) ;
#11076 = CARTESIAN_POINT ( 'NONE',  ( -0.03749999999999999861, 0.05799999999999996825, 0.2124999999999999112 ) ) ;
#11077 = CARTESIAN_POINT ( 'NONE',  ( 0.07000000000000017319, 0.05799999999999996825, -0.1470000000000001028 ) ) ;
#11078 = ORIENTED_EDGE ( 'NONE', *, *, #10770, .T. ) ;
#11079 = DIRECTION ( 'NONE',  ( -1.000000000000000000, -2.435670465107224942E-16, 0.000000000000000000 ) ) ;
#11080 = EDGE_CURVE ( 'NONE', #2865, #5670, #2226, .T. ) ;
#11081 = LINE ( 'NONE', #7858, #7517 ) ;
#11082 = DIRECTION ( 'NONE',  ( 0.000000000000000000, 0.000000000000000000, 1.000000000000000000 ) ) ;
#11083 = ORIENTED_EDGE ( 'NONE', *, *, #2932, .F. ) ;
#11084 = CARTESIAN_POINT ( 'NONE',  ( -0.06249999999999996531, 0.03750000000000001249, 0.08749999999999988343 ) ) ;
#11085 = ADVANCED_FACE ( 'NONE', ( #4035 ), #1143, .F. ) ;
#11086 = DIRECTION ( 'NONE',  ( 0.9153150324227631307, 0.000000000000000000, -0.4027386142660223656 ) ) ;
#11087 = DIRECTION ( 'NONE',  ( 1.000000000000000000, 0.000000000000000000, 0.000000000000000000 ) ) ;
#11088 = ORIENTED_EDGE ( 'NONE', *, *, #10775, .F. ) ;
#11089 = EDGE_LOOP ( 'NONE', ( #3989, #9329, #3705, #11428 ) ) ;
#11090 = DIRECTION ( 'NONE',  ( -1.000000000000000000, 2.435670465107224942E-16, 0.000000000000000000 ) ) ;
#11091 = ORIENTED_EDGE ( 'NONE', *, *, #7944, .T. ) ;
#11092 = AXIS2_PLACEMENT_3D ( 'NONE', #8976, #971, #6183 ) ;
#11093 = CARTESIAN_POINT ( 'NONE',  ( 0.03749999999999999861, 0.2150000000000000244, -0.01250000000000010651 ) ) ;
#11094 = AXIS2_PLACEMENT_3D ( 'NONE', #7282, #6589, #1502 ) ;
#11095 = DIRECTION ( 'NONE',  ( 1.000000000000000000, 0.000000000000000000, 0.000000000000000000 ) ) ;
#11096 =( CONVERSION_BASED_UNIT ( 'INCH', #11170 ) LENGTH_UNIT ( ) NAMED_UNIT ( #10176 ) );
#11097 = DIRECTION ( 'NONE',  ( 0.000000000000000000, 0.000000000000000000, 1.000000000000000000 ) ) ;
#11098 = SURFACE_STYLE_USAGE ( .BOTH. , #8610 ) ;
#11099 = LINE ( 'NONE', #9191, #1881 ) ;
#11100 = ORIENTED_EDGE ( 'NONE', *, *, #10575, .F. ) ;
#11101 = VERTEX_POINT ( 'NONE', #2286 ) ;
#11102 = LINE ( 'NONE', #6077, #2313 ) ;
#11103 =( GEOMETRIC_REPRESENTATION_CONTEXT ( 3 ) GLOBAL_UNCERTAINTY_ASSIGNED_CONTEXT ( ( #7079 ) ) GLOBAL_UNIT_ASSIGNED_CONTEXT ( ( #371, #3357, #5449 ) ) REPRESENTATION_CONTEXT ( 'NONE', 'WORKASPACE' ) );
#11104 = ORIENTED_EDGE ( 'NONE', *, *, #10046, .T. ) ;
#11105 = CARTESIAN_POINT ( 'NONE',  ( 0.06250000000000001388, 0.2150000000000000244, 0.2124999999999999112 ) ) ;
#11106 = LINE ( 'NONE', #9330, #8459 ) ;
#11107 = VECTOR ( 'NONE', #7811, 39.37007874015748143 ) ;
#11108 = CARTESIAN_POINT ( 'NONE',  ( -0.03749999999999999861, 0.2150000000000000244, -0.08750000000000010547 ) ) ;
#11109 = VERTEX_POINT ( 'NONE', #8033 ) ;
#11110 = SURFACE_STYLE_USAGE ( .BOTH. , #10273 ) ;
#11111 = EDGE_CURVE ( 'NONE', #10519, #4497, #10280, .T. ) ;
#11112 = ORIENTED_EDGE ( 'NONE', *, *, #2658, .T. ) ;
#11113 = CARTESIAN_POINT ( 'NONE',  ( 0.1213779527559052385, -2.828069580055263137E-18, -0.08750000000000010547 ) ) ;
#11114 = LINE ( 'NONE', #8030, #10843 ) ;
#11115 = STYLED_ITEM ( 'NONE', ( #10150 ), #3714 ) ;
#11116 = CARTESIAN_POINT ( 'NONE',  ( -0.1605095817734711605, 0.01075725181925857310, 0.1017427481807413187 ) ) ;
#11117 = CARTESIAN_POINT ( 'NONE',  ( 0.06250000000000001388, 0.3643779527559052878, -0.08750000000000010547 ) ) ;
#11118 = PRESENTATION_LAYER_ASSIGNMENT (  '', '', ( #6684 ) ) ;
#11119 = ORIENTED_EDGE ( 'NONE', *, *, #7003, .F. ) ;
#11120 = FILL_AREA_STYLE ('',( #5299 ) ) ;
#11121 = FILL_AREA_STYLE_COLOUR ( '', #2686 ) ;
#11122 = ORIENTED_EDGE ( 'NONE', *, *, #3723, .T. ) ;
#11123 = COLOUR_RGB ( '',1.000000000000000000, 0.8117647058823529438, 0.5019607843137254832 ) ;
#11124 = CARTESIAN_POINT ( 'NONE',  ( -0.07500000000000005274, 0.02500000000000001180, -0.1125000000000001138 ) ) ;
#11125 = CARTESIAN_POINT ( 'NONE',  ( 0.03749999999999999861, 0.1419999999999999873, 0.08749999999999986955 ) ) ;
#11126 = LINE ( 'NONE', #2094, #5132 ) ;
#11127 = MECHANICAL_DESIGN_GEOMETRIC_PRESENTATION_REPRESENTATION (  '', ( #9027 ), #4378 ) ;
#11128 = EDGE_CURVE ( 'NONE', #3688, #3530, #12051, .T. ) ;
#11129 = FILL_AREA_STYLE_COLOUR ( '', #12355 ) ;
#11130 = ORIENTED_EDGE ( 'NONE', *, *, #8714, .T. ) ;
#11131 = CARTESIAN_POINT ( 'NONE',  ( -0.1317360635310592387, 0.003770044005388028304, 0.1087299559946118405 ) ) ;
#11132 = PLANE ( 'NONE',  #8097 ) ;
#11133 = AXIS2_PLACEMENT_3D ( 'NONE', #6746, #2790, #10912 ) ;
#11134 = FACE_BOUND ( 'NONE', #6480, .T. ) ;
#11135 = EDGE_CURVE ( 'NONE', #8893, #11048, #6090, .T. ) ;
#11136 = SURFACE_SIDE_STYLE ('',( #8045 ) ) ;
#11137 = VERTEX_POINT ( 'NONE', #5169 ) ;
#11138 = DIRECTION ( 'NONE',  ( 0.000000000000000000, 0.000000000000000000, 1.000000000000000000 ) ) ;
#11139 = PRESENTATION_LAYER_ASSIGNMENT (  '', '', ( #1435 ) ) ;
#11140 = LINE ( 'NONE', #5914, #2109 ) ;
#11141 = ORIENTED_EDGE ( 'NONE', *, *, #5261, .T. ) ;
#11142 = EDGE_CURVE ( 'NONE', #3246, #3455, #12321, .T. ) ;
#11143 = CIRCLE ( 'NONE', #6491, 0.007999999999999989758 ) ;
#11144 = LINE ( 'NONE', #191, #7335 ) ;
#11145 = DIRECTION ( 'NONE',  ( -0.000000000000000000, -0.000000000000000000, 1.000000000000000000 ) ) ;
#11146 = DIMENSIONAL_EXPONENTS ( 1.000000000000000000, 0.000000000000000000, 0.000000000000000000, 0.000000000000000000, 0.000000000000000000, 0.000000000000000000, 0.000000000000000000 ) ;
#11147 = EDGE_CURVE ( 'NONE', #2205, #10454, #5103, .T. ) ;
#11148 = CARTESIAN_POINT ( 'NONE',  ( -0.03749999999999999861, 0.1419999999999999873, 0.1124999999999998779 ) ) ;
#11149 = VERTEX_POINT ( 'NONE', #2152 ) ;
#11150 = CARTESIAN_POINT ( 'NONE',  ( 0.06250000000000001388, 0.1419999999999999873, -0.1125000000000001138 ) ) ;
#11151 = ADVANCED_FACE ( 'NONE', ( #3001 ), #9144, .F. ) ;
#11152 = VECTOR ( 'NONE', #9710, 39.37007874015748143 ) ;
#11153 = DIRECTION ( 'NONE',  ( -0.000000000000000000, 1.000000000000000000, 0.000000000000000000 ) ) ;
#11154 = EDGE_CURVE ( 'NONE', #5974, #8298, #4102, .T. ) ;
#11155 = AXIS2_PLACEMENT_3D ( 'NONE', #8780, #12813, #3750 ) ;
#11156 = ADVANCED_FACE ( 'NONE', ( #8613 ), #7418, .T. ) ;
#11157 = COLOUR_RGB ( '',1.000000000000000000, 0.8117647058823529438, 0.5019607843137254832 ) ;
#11158 = CARTESIAN_POINT ( 'NONE',  ( 0.07000000000000000666, 0.1499999999999999944, -0.2220000000000003360 ) ) ;
#11159 = ORIENTED_EDGE ( 'NONE', *, *, #12033, .T. ) ;
#11160 = EDGE_LOOP ( 'NONE', ( #1439, #5550, #1094, #12068 ) ) ;
#11161 = CARTESIAN_POINT ( 'NONE',  ( -0.07500000000000003886, 0.03750000000000000555, 0.09999999999999996392 ) ) ;
#11162 = EDGE_CURVE ( 'NONE', #8784, #12505, #2406, .T. ) ;
#11163 = AXIS2_PLACEMENT_3D ( 'NONE', #6614, #6551, #1526 ) ;
#11164 = DIRECTION ( 'NONE',  ( 1.000000000000000000, 0.000000000000000000, 0.000000000000000000 ) ) ;
#11165 = ORIENTED_EDGE ( 'NONE', *, *, #10371, .F. ) ;
#11166 = DIRECTION ( 'NONE',  ( -2.435670465107224942E-16, -1.000000000000000000, 0.000000000000000000 ) ) ;
#11167 = PLANE ( 'NONE',  #7321 ) ;
#11168 = DIRECTION ( 'NONE',  ( 3.045457963692998845E-16, -1.000000000000000000, 0.000000000000000000 ) ) ;
#11169 = ADVANCED_FACE ( 'NONE', ( #8421 ), #2473, .T. ) ;
#11170 = LENGTH_MEASURE_WITH_UNIT ( LENGTH_MEASURE( 0.02539999999999999897 ), #5928 );
#11171 = VECTOR ( 'NONE', #761, 39.37007874015748143 ) ;
#11172 = VECTOR ( 'NONE', #1020, 39.37007874015748143 ) ;
#11173 = DIRECTION ( 'NONE',  ( 7.854062981784755126E-15, -0.000000000000000000, -1.000000000000000000 ) ) ;
#11174 = DIRECTION ( 'NONE',  ( 0.000000000000000000, 0.000000000000000000, -1.000000000000000000 ) ) ;
#11175 = CARTESIAN_POINT ( 'NONE',  ( 0.07500000000000003886, 0.03750000000000000555, -0.1125000000000001138 ) ) ;
#11176 = ADVANCED_FACE ( 'NONE', ( #546 ), #11509, .T. ) ;
#11177 = CARTESIAN_POINT ( 'NONE',  ( -0.09499999999999998723, 0.05799999999999997519, 0.1359999999999999265 ) ) ;
#11178 = VERTEX_POINT ( 'NONE', #480 ) ;
#11179 = ORIENTED_EDGE ( 'NONE', *, *, #10595, .T. ) ;
#11180 = FACE_OUTER_BOUND ( 'NONE', #12690, .T. ) ;
#11181 = VERTEX_POINT ( 'NONE', #4445 ) ;
#11182 = PRESENTATION_LAYER_ASSIGNMENT (  '', '', ( #8018 ) ) ;
#11183 = DIRECTION ( 'NONE',  ( 2.435670465107224942E-16, -1.000000000000000000, 0.000000000000000000 ) ) ;
#11184 =( NAMED_UNIT ( * ) PLANE_ANGLE_UNIT ( ) SI_UNIT ( $, .RADIAN. ) );
#11185 = DIRECTION ( 'NONE',  ( -1.000000000000000000, 0.000000000000000000, 0.000000000000000000 ) ) ;
#11186 = DIMENSIONAL_EXPONENTS ( 1.000000000000000000, 0.000000000000000000, 0.000000000000000000, 0.000000000000000000, 0.000000000000000000, 0.000000000000000000, 0.000000000000000000 ) ;
#11187 = DIRECTION ( 'NONE',  ( -1.000000000000000000, 2.435670465107224942E-16, 0.000000000000000000 ) ) ;
#11188 = EDGE_LOOP ( 'NONE', ( #7059, #10224, #5282, #4905 ) ) ;
#11189 = CARTESIAN_POINT ( 'NONE',  ( -0.03749999999999999861, 0.2150000000000000244, -0.1125000000000001138 ) ) ;
#11190 = UNCERTAINTY_MEASURE_WITH_UNIT (LENGTH_MEASURE( 1.000000000000000082E-05 ), #10086, 'distance_accuracy_value', 'NONE');
#11191 = EDGE_LOOP ( 'NONE', ( #1204, #4086, #2371, #8073 ) ) ;
#11192 = LENGTH_MEASURE_WITH_UNIT ( LENGTH_MEASURE( 0.02539999999999999897 ), #8943 );
#11193 = LENGTH_MEASURE_WITH_UNIT ( LENGTH_MEASURE( 0.02539999999999999897 ), #7222 );
#11194 = CARTESIAN_POINT ( 'NONE',  ( 0.09500000000000001499, 0.1419999999999999873, -0.06400000000000005684 ) ) ;
#11195 = VECTOR ( 'NONE', #7281, 39.37007874015748143 ) ;
#11196 = CARTESIAN_POINT ( 'NONE',  ( 0.03750000000000004718, 0.03750000000000001249, 0.1124999999999998918 ) ) ;
#11197 = VERTEX_POINT ( 'NONE', #348 ) ;
#11198 = DIRECTION ( 'NONE',  ( -1.000000000000000000, -6.097874985857737794E-17, 0.000000000000000000 ) ) ;
#11199 = DIRECTION ( 'NONE',  ( 6.097874985857737794E-17, -1.000000000000000000, 0.000000000000000000 ) ) ;
#11200 = CARTESIAN_POINT ( 'NONE',  ( -0.06249999999999981959, 0.05799999999999996825, -0.01250000000000010651 ) ) ;
#11201 = VERTEX_POINT ( 'NONE', #9416 ) ;
#11202 = DIRECTION ( 'NONE',  ( 1.000000000000000000, 3.414809992080306836E-16, 0.000000000000000000 ) ) ;
#11203 = FACE_OUTER_BOUND ( 'NONE', #12514, .T. ) ;
#11204 = ORIENTED_EDGE ( 'NONE', *, *, #12548, .T. ) ;
#11205 = DIRECTION ( 'NONE',  ( -5.850480457187554951E-16, 1.000000000000000000, 0.000000000000000000 ) ) ;
#11206 = FACE_OUTER_BOUND ( 'NONE', #2585, .T. ) ;
#11207 = ORIENTED_EDGE ( 'NONE', *, *, #2525, .F. ) ;
#11208 = PRESENTATION_STYLE_ASSIGNMENT (( #5254 ) ) ;
#11209 = CARTESIAN_POINT ( 'NONE',  ( 0.07500000000000003886, 0.03750000000000000555, 0.2124999999999999112 ) ) ;
#11210 = FACE_BOUND ( 'NONE', #12666, .T. ) ;
#11211 = ADVANCED_FACE ( 'NONE', ( #6416 ), #4573, .F. ) ;
#11212 = ORIENTED_EDGE ( 'NONE', *, *, #10935, .T. ) ;
#11213 = LINE ( 'NONE', #4986, #148 ) ;
#11214 = LINE ( 'NONE', #6177, #1887 ) ;
#11215 = ORIENTED_EDGE ( 'NONE', *, *, #2976, .T. ) ;
#11216 = DIRECTION ( 'NONE',  ( 0.000000000000000000, 0.000000000000000000, -1.000000000000000000 ) ) ;
#11217 = CARTESIAN_POINT ( 'NONE',  ( 0.06250000000000001388, 0.2150000000000000244, 0.08749999999999988343 ) ) ;
#11218 = FACE_OUTER_BOUND ( 'NONE', #6869, .T. ) ;
#11219 = EDGE_LOOP ( 'NONE', ( #5501, #9147, #7424, #11381 ) ) ;
#11220 = DIRECTION ( 'NONE',  ( -0.3236155771181825069, -0.8891264907159898145, -0.3236155771181825069 ) ) ;
#11221 = EDGE_CURVE ( 'NONE', #11411, #9373, #5492, .T. ) ;
#11222 = EDGE_CURVE ( 'NONE', #892, #12252, #4507, .T. ) ;
#11223 = LINE ( 'NONE', #11419, #472 ) ;
#11224 = ORIENTED_EDGE ( 'NONE', *, *, #2771, .T. ) ;
#11225 = ORIENTED_EDGE ( 'NONE', *, *, #6382, .T. ) ;
#11226 = DIRECTION ( 'NONE',  ( -1.000000000000000000, 0.000000000000000000, 0.000000000000000000 ) ) ;
#11227 = ORIENTED_EDGE ( 'NONE', *, *, #9118, .F. ) ;
#11228 = CARTESIAN_POINT ( 'NONE',  ( -0.06250000000000001388, 0.2150000000000000244, 0.1874999999999999167 ) ) ;
#11229 = LINE ( 'NONE', #12088, #4786 ) ;
#11230 = LINE ( 'NONE', #5404, #7900 ) ;
#11231 = LINE ( 'NONE', #1922, #10950 ) ;
#11232 = VECTOR ( 'NONE', #8559, 39.37007874015748143 ) ;
#11233 = DIRECTION ( 'NONE',  ( -2.435670465107224942E-16, -1.000000000000000000, 0.000000000000000000 ) ) ;
#11234 = CARTESIAN_POINT ( 'NONE',  ( -0.07500000000000002498, 0.000000000000000000, -0.2125000000000001332 ) ) ;
#11235 = ADVANCED_FACE ( 'NONE', ( #5621 ), #1594, .F. ) ;
#11236 = DIMENSIONAL_EXPONENTS ( 1.000000000000000000, 0.000000000000000000, 0.000000000000000000, 0.000000000000000000, 0.000000000000000000, 0.000000000000000000, 0.000000000000000000 ) ;
#11237 = LINE ( 'NONE', #2200, #3949 ) ;
#11238 = CARTESIAN_POINT ( 'NONE',  ( -0.06250000000000001388, 0.2150000000000000244, 0.2124999999999999112 ) ) ;
#11240 = VERTEX_POINT ( 'NONE', #4767 ) ;
#11239 = EDGE_CURVE ( 'NONE', #4702, #5974, #5555, .T. ) ;
#11241 = ORIENTED_EDGE ( 'NONE', *, *, #889, .T. ) ;
#11242 = CARTESIAN_POINT ( 'NONE',  ( 0.06250000000000001388, 0.05799999999999996825, 0.1874999999999999167 ) ) ;
#11243 = ORIENTED_EDGE ( 'NONE', *, *, #8473, .T. ) ;
#11244 = VECTOR ( 'NONE', #8949, 39.37007874015748143 ) ;
#11245 = FACE_OUTER_BOUND ( 'NONE', #6914, .T. ) ;
#11246 = PLANE ( 'NONE',  #11094 ) ;
#11247 = FACE_OUTER_BOUND ( 'NONE', #9055, .T. ) ;
#11248 = AXIS2_PLACEMENT_3D ( 'NONE', #4152, #8206, #10916 ) ;
#11250 = EDGE_LOOP ( 'NONE', ( #3103, #4134, #8621, #2611 ) ) ;
#11249 = ADVANCED_FACE ( 'NONE', ( #8928 ), #6679, .F. ) ;
#11251 = ORIENTED_EDGE ( 'NONE', *, *, #12697, .F. ) ;
#11252 = DIRECTION ( 'NONE',  ( 1.000000000000000000, 0.000000000000000000, -0.000000000000000000 ) ) ;
#11253 = LINE ( 'NONE', #11050, #8125 ) ;
#11254 = CARTESIAN_POINT ( 'NONE',  ( 0.1449999999999999623, 0.008597722069280349169, 0.08749999999999988343 ) ) ;
#11255 = COLOUR_RGB ( '',1.000000000000000000, 0.8117647058823529438, 0.5019607843137254832 ) ;
#11256 = DIRECTION ( 'NONE',  ( 0.000000000000000000, -0.000000000000000000, 1.000000000000000000 ) ) ;
#11257 = AXIS2_PLACEMENT_3D ( 'NONE', #7782, #6778, #9829 ) ;
#11258 = ORIENTED_EDGE ( 'NONE', *, *, #10417, .T. ) ;
#11259 = CARTESIAN_POINT ( 'NONE',  ( -0.06999999999999999278, 0.02737258300203046849, 0.1699999999999997624 ) ) ;
#11261 = FACE_OUTER_BOUND ( 'NONE', #10349, .T. ) ;
#11260 = VECTOR ( 'NONE', #7076, 39.37007874015748143 ) ;
#11262 = CARTESIAN_POINT ( 'NONE',  ( -0.06999999999999999278, 0.04999999999999998196, -0.02200000000000026240 ) ) ;
#11263 = ORIENTED_EDGE ( 'NONE', *, *, #9048, .T. ) ;
#11264 = CARTESIAN_POINT ( 'NONE',  ( 0.000000000000000000, 0.3880000000000000115, -0.003902277930719733490 ) ) ;
#11265 = ORIENTED_EDGE ( 'NONE', *, *, #11388, .T. ) ;
#11266 = DIRECTION ( 'NONE',  ( 0.000000000000000000, 0.000000000000000000, -1.000000000000000000 ) ) ;
#11267 = MECHANICAL_DESIGN_GEOMETRIC_PRESENTATION_REPRESENTATION (  '', ( #11468 ), #4288 ) ;
#11268 = EDGE_LOOP ( 'NONE', ( #13035, #6471, #11809, #9768 ) ) ;
#11269 =( LENGTH_UNIT ( ) NAMED_UNIT ( * ) SI_UNIT ( $, .METRE. ) );
#11270 = CIRCLE ( 'NONE', #713, 0.01250000000000008049 ) ;
#11271 = DIMENSIONAL_EXPONENTS ( 1.000000000000000000, 0.000000000000000000, 0.000000000000000000, 0.000000000000000000, 0.000000000000000000, 0.000000000000000000, 0.000000000000000000 ) ;
#11272 = LINE ( 'NONE', #8173, #3518 ) ;
#11273 = VECTOR ( 'NONE', #3435, 39.37007874015748143 ) ;
#11274 = PLANE ( 'NONE',  #1145 ) ;
#11275 = EDGE_LOOP ( 'NONE', ( #10134, #7743, #12894, #4070 ) ) ;
#11276 = FILL_AREA_STYLE ('',( #6371 ) ) ;
#11277 = DIRECTION ( 'NONE',  ( 0.000000000000000000, 0.000000000000000000, 1.000000000000000000 ) ) ;
#11278 = ORIENTED_EDGE ( 'NONE', *, *, #5185, .F. ) ;
#11279 = LINE ( 'NONE', #12413, #5987 ) ;
#11280 = DIRECTION ( 'NONE',  ( 1.000000000000000000, 0.000000000000000000, 0.000000000000000000 ) ) ;
#11281 = DIRECTION ( 'NONE',  ( 1.000000000000000000, 0.000000000000000000, 0.000000000000000000 ) ) ;
#11282 = VERTEX_POINT ( 'NONE', #747 ) ;
#11283 = DIRECTION ( 'NONE',  ( 0.000000000000000000, -1.000000000000000000, 0.000000000000000000 ) ) ;
#11284 = ADVANCED_FACE ( 'NONE', ( #3896 ), #3769, .T. ) ;
#11285 = STYLED_ITEM ( 'NONE', ( #12999 ), #9232 ) ;
#11286 = AXIS2_PLACEMENT_3D ( 'NONE', #449, #4475, #11281 ) ;
#11287 = AXIS2_PLACEMENT_3D ( 'NONE', #7008, #5943, #11043 ) ;
#11288 = ORIENTED_EDGE ( 'NONE', *, *, #7126, .F. ) ;
#11289 = ORIENTED_EDGE ( 'NONE', *, *, #11561, .T. ) ;
#11290 = CARTESIAN_POINT ( 'NONE',  ( -0.06999999999999999278, 0.02737258300203046849, -0.1300000000000002820 ) ) ;
#11291 = DIRECTION ( 'NONE',  ( 0.000000000000000000, 0.000000000000000000, 1.000000000000000000 ) ) ;
#11292 = FACE_OUTER_BOUND ( 'NONE', #5376, .T. ) ;
#11293 = ADVANCED_FACE ( 'NONE', ( #7819 ), #11844, .F. ) ;
#11294 = LINE ( 'NONE', #6065, #11302 ) ;
#11295 = LINE ( 'NONE', #3241, #6410 ) ;
#11296 = CARTESIAN_POINT ( 'NONE',  ( 0.07500000000000005274, 0.02499999999999992506, -0.1875000000000001110 ) ) ;
#11297 = ADVANCED_FACE ( 'NONE', ( #4637 ), #674, .T. ) ;
#11298 = DIRECTION ( 'NONE',  ( -0.000000000000000000, -0.000000000000000000, -1.000000000000000000 ) ) ;
#11299 = EDGE_LOOP ( 'NONE', ( #10469, #10661, #4896, #9609 ) ) ;
#11300 = ORIENTED_EDGE ( 'NONE', *, *, #3087, .F. ) ;
#11301 = CARTESIAN_POINT ( 'NONE',  ( 0.07500000000000002498, 0.000000000000000000, -0.1875000000000001110 ) ) ;
#11302 = VECTOR ( 'NONE', #4078, 39.37007874015748854 ) ;
#11303 = EDGE_CURVE ( 'NONE', #4967, #8893, #11715, .T. ) ;
#11304 =( GEOMETRIC_REPRESENTATION_CONTEXT ( 3 ) GLOBAL_UNCERTAINTY_ASSIGNED_CONTEXT ( ( #1136 ) ) GLOBAL_UNIT_ASSIGNED_CONTEXT ( ( #13072, #8852, #1910 ) ) REPRESENTATION_CONTEXT ( 'NONE', 'WORKASPACE' ) );
#11305 = EDGE_LOOP ( 'NONE', ( #164, #10010, #7211, #3081 ) ) ;
#11306 = DIRECTION ( 'NONE',  ( 0.000000000000000000, 0.000000000000000000, 1.000000000000000000 ) ) ;
#11307 = EDGE_CURVE ( 'NONE', #2791, #11534, #7879, .T. ) ;
#11308 = LINE ( 'NONE', #152, #6186 ) ;
#11309 = EDGE_LOOP ( 'NONE', ( #8746, #5822 ) ) ;
#11310 = UNCERTAINTY_MEASURE_WITH_UNIT (LENGTH_MEASURE( 1.000000000000000082E-05 ), #10367, 'distance_accuracy_value', 'NONE');
#11311 = EDGE_CURVE ( 'NONE', #5484, #10731, #1927, .T. ) ;
#11312 = ORIENTED_EDGE ( 'NONE', *, *, #10664, .F. ) ;
#11313 = DIRECTION ( 'NONE',  ( 2.435670465107224942E-16, -1.000000000000000000, 0.000000000000000000 ) ) ;
#11314 =( NAMED_UNIT ( * ) SI_UNIT ( $, .STERADIAN. ) SOLID_ANGLE_UNIT ( ) );
#11315 = EDGE_CURVE ( 'NONE', #6801, #332, #2795, .T. ) ;
#11316 = EDGE_CURVE ( 'NONE', #11523, #9449, #7946, .T. ) ;
#11317 = VECTOR ( 'NONE', #5113, 39.37007874015748143 ) ;
#11318 =( CONVERSION_BASED_UNIT ( 'INCH', #5491 ) LENGTH_UNIT ( ) NAMED_UNIT ( #2134 ) );
#11319 = DIRECTION ( 'NONE',  ( 0.8891264907159901476, -0.3236155771181821184, -0.3236155771181821739 ) ) ;
#11320 = AXIS2_PLACEMENT_3D ( 'NONE', #4791, #2561, #6840 ) ;
#11321 = ADVANCED_FACE ( 'NONE', ( #2925 ), #9737, .F. ) ;
#11322 = VECTOR ( 'NONE', #7873, 39.37007874015748143 ) ;
#11323 = EDGE_LOOP ( 'NONE', ( #9509, #3602, #4441, #12971 ) ) ;
#11324 = DIRECTION ( 'NONE',  ( 0.000000000000000000, 1.000000000000000000, 0.000000000000000000 ) ) ;
#11325 = VECTOR ( 'NONE', #2499, 39.37007874015748143 ) ;
#11326 = EDGE_CURVE ( 'NONE', #3688, #5741, #12770, .T. ) ;
#11327 = VERTEX_POINT ( 'NONE', #4828 ) ;
#11328 = DIRECTION ( 'NONE',  ( 0.000000000000000000, -1.000000000000000000, 0.000000000000000000 ) ) ;
#11329 = SURFACE_SIDE_STYLE ('',( #2416 ) ) ;
#11330 = ORIENTED_EDGE ( 'NONE', *, *, #1388, .T. ) ;
#11331 = DIRECTION ( 'NONE',  ( 0.000000000000000000, 0.000000000000000000, -1.000000000000000000 ) ) ;
#11332 = VECTOR ( 'NONE', #2291, 39.37007874015748143 ) ;
#11333 = DIRECTION ( 'NONE',  ( 1.000000000000000000, -0.000000000000000000, -0.000000000000000000 ) ) ;
#11334 = ORIENTED_EDGE ( 'NONE', *, *, #3383, .F. ) ;
#11335 = DIRECTION ( 'NONE',  ( 0.000000000000000000, 0.000000000000000000, -1.000000000000000000 ) ) ;
#11336 = DIRECTION ( 'NONE',  ( 1.000000000000000000, 0.000000000000000000, 0.000000000000000000 ) ) ;
#11337 = ADVANCED_FACE ( 'NONE', ( #12903 ), #2737, .T. ) ;
#11338 = AXIS2_PLACEMENT_3D ( 'NONE', #2168, #9032, #2304 ) ;
#11339 = DIRECTION ( 'NONE',  ( -0.000000000000000000, 0.000000000000000000, -1.000000000000000000 ) ) ;
#11340 =( NAMED_UNIT ( * ) PLANE_ANGLE_UNIT ( ) SI_UNIT ( $, .RADIAN. ) );
#11341 = DIRECTION ( 'NONE',  ( 0.000000000000000000, 0.000000000000000000, 1.000000000000000000 ) ) ;
#11342 = ORIENTED_EDGE ( 'NONE', *, *, #10031, .T. ) ;
#11343 = SURFACE_SIDE_STYLE ('',( #12343 ) ) ;
#11344 = SURFACE_SIDE_STYLE ('',( #3288 ) ) ;
#11345 = ORIENTED_EDGE ( 'NONE', *, *, #9946, .T. ) ;
#11346 = FACE_OUTER_BOUND ( 'NONE', #3037, .T. ) ;
#11347 = DIRECTION ( 'NONE',  ( 0.3420201433256656598, -1.041607969234569323E-16, 0.9396926207859095381 ) ) ;
#11348 = LINE ( 'NONE', #10373, #1182 ) ;
#11349 = ORIENTED_EDGE ( 'NONE', *, *, #7040, .F. ) ;
#11350 = LINE ( 'NONE', #12286, #3473 ) ;
#11351 = UNCERTAINTY_MEASURE_WITH_UNIT (LENGTH_MEASURE( 1.000000000000000082E-05 ), #3672, 'distance_accuracy_value', 'NONE');
#11352 = COLOUR_RGB ( '',1.000000000000000000, 0.8117647058823529438, 0.5019607843137254832 ) ;
#11353 = AXIS2_PLACEMENT_3D ( 'NONE', #1315, #3437, #5342 ) ;
#11354 = COLOUR_RGB ( '',1.000000000000000000, 0.8117647058823529438, 0.5019607843137254832 ) ;
#11355 = DIMENSIONAL_EXPONENTS ( 1.000000000000000000, 0.000000000000000000, 0.000000000000000000, 0.000000000000000000, 0.000000000000000000, 0.000000000000000000, 0.000000000000000000 ) ;
#11356 = LINE ( 'NONE', #2322, #10395 ) ;
#11357 = VECTOR ( 'NONE', #11233, 39.37007874015748143 ) ;
#11358 = ORIENTED_EDGE ( 'NONE', *, *, #426, .F. ) ;
#11359 = VERTEX_POINT ( 'NONE', #10920 ) ;
#11360 = DIRECTION ( 'NONE',  ( 0.000000000000000000, 0.000000000000000000, 1.000000000000000000 ) ) ;
#11361 = FACE_OUTER_BOUND ( 'NONE', #9203, .T. ) ;
#11362 = PLANE ( 'NONE',  #1976 ) ;
#11363 = VECTOR ( 'NONE', #12737, 39.37007874015748143 ) ;
#11364 = CARTESIAN_POINT ( 'NONE',  ( -0.09499999999999998723, 0.04999999999999998196, 0.1359999999999999265 ) ) ;
#11365 = DIRECTION ( 'NONE',  ( 0.000000000000000000, 0.000000000000000000, 1.000000000000000000 ) ) ;
#11366 = CARTESIAN_POINT ( 'NONE',  ( 0.07000000000000002054, 0.05799999999999997519, 0.02199999999999978362 ) ) ;
#11367 = FACE_OUTER_BOUND ( 'NONE', #3467, .T. ) ;
#11368 = VECTOR ( 'NONE', #10788, 39.37007874015748143 ) ;
#11369 = ORIENTED_EDGE ( 'NONE', *, *, #11855, .T. ) ;
#11370 = ORIENTED_EDGE ( 'NONE', *, *, #9920, .F. ) ;
#11371 = DIRECTION ( 'NONE',  ( -3.045457963692998845E-16, 1.000000000000000000, 0.000000000000000000 ) ) ;
#11372 = EDGE_CURVE ( 'NONE', #11816, #7088, #12703, .T. ) ;
#11373 = EDGE_LOOP ( 'NONE', ( #12048, #10923, #7475, #1929 ) ) ;
#11374 = VECTOR ( 'NONE', #10831, 39.37007874015748143 ) ;
#11375 = SURFACE_STYLE_USAGE ( .BOTH. , #3320 ) ;
#11376 = AXIS2_PLACEMENT_3D ( 'NONE', #909, #12147, #3869 ) ;
#11377 = CARTESIAN_POINT ( 'NONE',  ( 0.07500000000000005274, 0.02500000000000001180, 0.1124999999999998918 ) ) ;
#11378 = VERTEX_POINT ( 'NONE', #8734 ) ;
#11379 = CARTESIAN_POINT ( 'NONE',  ( -0.09499999999999998723, 0.05799999999999997519, -0.2430053851276749999 ) ) ;
#11380 = VECTOR ( 'NONE', #6708, 39.37007874015748143 ) ;
#11381 = ORIENTED_EDGE ( 'NONE', *, *, #8256, .F. ) ;
#11382 = LENGTH_MEASURE_WITH_UNIT ( LENGTH_MEASURE( 0.02539999999999999897 ), #3633 );
#11383 = CARTESIAN_POINT ( 'NONE',  ( 0.06250000000000001388, 0.2150000000000000244, -0.1875000000000001110 ) ) ;
#11384 = DIRECTION ( 'NONE',  ( -0.000000000000000000, -1.000000000000000000, -0.000000000000000000 ) ) ;
#11385 = EDGE_CURVE ( 'NONE', #5157, #3409, #2668, .T. ) ;
#11386 = COLOUR_RGB ( '',1.000000000000000000, 0.8117647058823529438, 0.5019607843137254832 ) ;
#11387 = VERTEX_POINT ( 'NONE', #7750 ) ;
#11389 = VERTEX_POINT ( 'NONE', #9801 ) ;
#11388 = EDGE_CURVE ( 'NONE', #3999, #11656, #11782, .T. ) ;
#11390 = LINE ( 'NONE', #8230, #1971 ) ;
#11391 = CARTESIAN_POINT ( 'NONE',  ( -0.07500000000000005274, 0.02499999999999992506, 0.1124999999999998918 ) ) ;
#11392 =( NAMED_UNIT ( * ) PLANE_ANGLE_UNIT ( ) SI_UNIT ( $, .RADIAN. ) );
#11393 = EDGE_LOOP ( 'NONE', ( #3556, #1481, #4160, #4494 ) ) ;
#11394 = CARTESIAN_POINT ( 'NONE',  ( 0.03749999999999999861, 0.2150000000000000244, -0.1875000000000001110 ) ) ;
#11395 = SURFACE_STYLE_USAGE ( .BOTH. , #11329 ) ;
#11396 = VERTEX_POINT ( 'NONE', #1061 ) ;
#11397 = CARTESIAN_POINT ( 'NONE',  ( -0.07500000000000003886, 0.03750000000000000555, -0.2125000000000001332 ) ) ;
#11398 = CARTESIAN_POINT ( 'NONE',  ( 0.06250000000000005551, 0.03750000000000001249, -0.08750000000000010547 ) ) ;
#11399 = AXIS2_PLACEMENT_3D ( 'NONE', #4302, #4092, #6275 ) ;
#11400 = VERTEX_POINT ( 'NONE', #11177 ) ;
#11401 = FILL_AREA_STYLE ('',( #12203 ) ) ;
#11402 = EDGE_CURVE ( 'NONE', #4886, #343, #11099, .T. ) ;
#11403 = FACE_OUTER_BOUND ( 'NONE', #2403, .T. ) ;
#11404 = ADVANCED_FACE ( 'NONE', ( #2064 ), #8133, .F. ) ;
#11405 = DIRECTION ( 'NONE',  ( 1.000000000000000000, -6.097874985857737794E-17, 0.000000000000000000 ) ) ;
#11406 = LINE ( 'NONE', #6111, #62 ) ;
#11408 = ORIENTED_EDGE ( 'NONE', *, *, #4436, .F. ) ;
#11407 = EDGE_CURVE ( 'NONE', #8311, #5094, #930, .T. ) ;
#11409 = FACE_OUTER_BOUND ( 'NONE', #3846, .T. ) ;
#11410 = CARTESIAN_POINT ( 'NONE',  ( -0.06250000000000001388, 0.2150000000000000244, -0.2125000000000001332 ) ) ;
#11411 = VERTEX_POINT ( 'NONE', #77 ) ;
#11412 = CARTESIAN_POINT ( 'NONE',  ( -0.1213779527559052523, 0.02500000000000000486, 0.08749999999999988343 ) ) ;
#11413 = DIRECTION ( 'NONE',  ( 1.000000000000000000, 0.000000000000000000, 0.000000000000000000 ) ) ;
#11414 = LINE ( 'NONE', #10433, #3069 ) ;
#11415 = EDGE_LOOP ( 'NONE', ( #3980, #10822, #9450, #3384 ) ) ;
#11416 = LINE ( 'NONE', #2568, #11702 ) ;
#11417 = EDGE_CURVE ( 'NONE', #11670, #12148, #997, .T. ) ;
#11418 =( NAMED_UNIT ( * ) PLANE_ANGLE_UNIT ( ) SI_UNIT ( $, .RADIAN. ) );
#11419 = CARTESIAN_POINT ( 'NONE',  ( -0.008183646112600400507, 0.05799999999999997519, -0.01859919571045515196 ) ) ;
#11420 = ORIENTED_EDGE ( 'NONE', *, *, #306, .T. ) ;
#11421 = EDGE_LOOP ( 'NONE', ( #7757, #10198, #4512, #8533 ) ) ;
#11422 = DIRECTION ( 'NONE',  ( 0.000000000000000000, 0.000000000000000000, -1.000000000000000000 ) ) ;
#11423 = FACE_OUTER_BOUND ( 'NONE', #8495, .T. ) ;
#11424 = PLANE ( 'NONE',  #7549 ) ;
#11425 = CARTESIAN_POINT ( 'NONE',  ( -0.1449999999999999623, -0.03750000000000000555, 0.000000000000000000 ) ) ;
#11426 = FACE_OUTER_BOUND ( 'NONE', #11911, .T. ) ;
#11427 =( NAMED_UNIT ( * ) PLANE_ANGLE_UNIT ( ) SI_UNIT ( $, .RADIAN. ) );
#11428 = ORIENTED_EDGE ( 'NONE', *, *, #12049, .F. ) ;
#11429 = ORIENTED_EDGE ( 'NONE', *, *, #4762, .F. ) ;
#11430 = CARTESIAN_POINT ( 'NONE',  ( 0.09499999999999998723, 0.1419999999999999873, 0.1359999999999999265 ) ) ;
#11431 = ORIENTED_EDGE ( 'NONE', *, *, #10921, .T. ) ;
#11432 = CARTESIAN_POINT ( 'NONE',  ( 0.07000000000000000666, 0.1726274169979694906, -0.2220000000000003360 ) ) ;
#11433 = DIMENSIONAL_EXPONENTS ( 1.000000000000000000, 0.000000000000000000, 0.000000000000000000, 0.000000000000000000, 0.000000000000000000, 0.000000000000000000, 0.000000000000000000 ) ;
#11434 = DIRECTION ( 'NONE',  ( 2.435670465107224942E-16, -1.000000000000000000, 0.000000000000000000 ) ) ;
#11435 = ORIENTED_EDGE ( 'NONE', *, *, #3970, .T. ) ;
#11436 = AXIS2_PLACEMENT_3D ( 'NONE', #7993, #10901, #2050 ) ;
#11437 = DIRECTION ( 'NONE',  ( -0.8891264907159901476, -0.3236155771181821184, -0.3236155771181821739 ) ) ;
#11438 = UNCERTAINTY_MEASURE_WITH_UNIT (LENGTH_MEASURE( 1.000000000000000082E-05 ), #12438, 'distance_accuracy_value', 'NONE');
#11439 = EDGE_LOOP ( 'NONE', ( #1540, #941, #9784, #4157 ) ) ;
#11440 = DIRECTION ( 'NONE',  ( -1.000000000000000000, -6.097874985857736561E-17, 0.000000000000000000 ) ) ;
#11441 = CARTESIAN_POINT ( 'NONE',  ( -0.06250000000000001388, 0.3880000000000000115, -0.08750000000000010547 ) ) ;
#11442 = EDGE_CURVE ( 'NONE', #11786, #4260, #10131, .T. ) ;
#11443 =( LENGTH_UNIT ( ) NAMED_UNIT ( * ) SI_UNIT ( $, .METRE. ) );
#11444 = ORIENTED_EDGE ( 'NONE', *, *, #4931, .T. ) ;
#11445 = AXIS2_PLACEMENT_3D ( 'NONE', #13002, #3865, #10100 ) ;
#11446 = ORIENTED_EDGE ( 'NONE', *, *, #1615, .F. ) ;
#11447 = CARTESIAN_POINT ( 'NONE',  ( 0.05988182395616164361, 0.3715713323165082960, -0.009881823956161751854 ) ) ;
#11448 = MECHANICAL_DESIGN_GEOMETRIC_PRESENTATION_REPRESENTATION (  '', ( #9344 ), #5736 ) ;
#11449 = CARTESIAN_POINT ( 'NONE',  ( 0.07500000000000003886, 0.03750000000000000555, -0.1125000000000001138 ) ) ;
#11450 = CYLINDRICAL_SURFACE ( 'NONE', #1683, 0.007999999999999989758 ) ;
#11451 = ORIENTED_EDGE ( 'NONE', *, *, #904, .T. ) ;
#11452 = DIRECTION ( 'NONE',  ( 0.000000000000000000, 0.000000000000000000, 1.000000000000000000 ) ) ;
#11453 = ORIENTED_EDGE ( 'NONE', *, *, #10089, .F. ) ;
#11454 = CARTESIAN_POINT ( 'NONE',  ( 0.07000000000000002054, 0.05799999999999997519, -0.1620000000000002549 ) ) ;
#11455 = CARTESIAN_POINT ( 'NONE',  ( -0.06999999999999999278, 0.1419999999999999873, 0.02999999999999978378 ) ) ;
#11456 = EDGE_CURVE ( 'NONE', #5505, #1664, #8999, .T. ) ;
#11457 = CARTESIAN_POINT ( 'NONE',  ( 0.07500000000000005274, 0.000000000000000000, 0.01249999999999990008 ) ) ;
#11458 = ORIENTED_EDGE ( 'NONE', *, *, #9461, .T. ) ;
#11459 = DIRECTION ( 'NONE',  ( 0.000000000000000000, -1.000000000000000000, 0.000000000000000000 ) ) ;
#11460 = PRESENTATION_LAYER_ASSIGNMENT (  '', '', ( #7016 ) ) ;
#11461 = DIRECTION ( 'NONE',  ( 0.000000000000000000, 0.000000000000000000, 1.000000000000000000 ) ) ;
#11462 = EDGE_CURVE ( 'NONE', #9548, #9805, #12170, .T. ) ;
#11463 = AXIS2_PLACEMENT_3D ( 'NONE', #5481, #9467, #407 ) ;
#11464 = DIMENSIONAL_EXPONENTS ( 1.000000000000000000, 0.000000000000000000, 0.000000000000000000, 0.000000000000000000, 0.000000000000000000, 0.000000000000000000, 0.000000000000000000 ) ;
#11465 = SURFACE_SIDE_STYLE ('',( #242 ) ) ;
#11466 = VERTEX_POINT ( 'NONE', #10063 ) ;
#11467 = SURFACE_STYLE_FILL_AREA ( #8246 ) ;
#11468 = STYLED_ITEM ( 'NONE', ( #2723 ), #2988 ) ;
#11469 = CARTESIAN_POINT ( 'NONE',  ( 0.06250000000000001388, 0.2150000000000000244, 0.01249999999999990008 ) ) ;
#11470 = EDGE_LOOP ( 'NONE', ( #7669, #12058, #3462, #12954 ) ) ;
#11471 = EDGE_CURVE ( 'NONE', #12705, #7071, #3115, .T. ) ;
#11472 = DIRECTION ( 'NONE',  ( -0.3236155771181825069, -0.8891264907159898145, -0.3236155771181825069 ) ) ;
#11473 = CIRCLE ( 'NONE', #512, 0.03750000000000008882 ) ;
#11474 = CARTESIAN_POINT ( 'NONE',  ( 0.04609772206928037380, 0.3880000000000000115, -0.1039022779307197386 ) ) ;
#11475 = EDGE_CURVE ( 'NONE', #3539, #4723, #9995, .T. ) ;
#11476 = FACE_BOUND ( 'NONE', #8736, .T. ) ;
#11477 = VERTEX_POINT ( 'NONE', #8013 ) ;
#11478 = CARTESIAN_POINT ( 'NONE',  ( -0.1605095817734711605, 0.01075725181925857310, 0.2017427481807413381 ) ) ;
#11479 = PRESENTATION_LAYER_ASSIGNMENT (  '', '', ( #2637 ) ) ;
#11480 = CARTESIAN_POINT ( 'NONE',  ( 0.06250000000000001388, 0.05799999999999996825, -0.2125000000000001332 ) ) ;
#11481 = EDGE_CURVE ( 'NONE', #3294, #5157, #10260, .T. ) ;
#11482 = CARTESIAN_POINT ( 'NONE',  ( -0.06249999999999996531, 0.03750000000000001249, 0.1874999999999999167 ) ) ;
#11483 = VECTOR ( 'NONE', #8025, 39.37007874015748143 ) ;
#11484 = PLANE ( 'NONE',  #2384 ) ;
#11485 = VERTEX_POINT ( 'NONE', #6139 ) ;
#11486 = ORIENTED_EDGE ( 'NONE', *, *, #2767, .T. ) ;
#11487 = ADVANCED_FACE ( 'NONE', ( #10194 ), #11033, .T. ) ;
#11488 = VECTOR ( 'NONE', #6172, 39.37007874015748854 ) ;
#11489 = FACE_OUTER_BOUND ( 'NONE', #5476, .T. ) ;
#11490 = PRESENTATION_STYLE_ASSIGNMENT (( #8393 ) ) ;
#11491 =( NAMED_UNIT ( * ) PLANE_ANGLE_UNIT ( ) SI_UNIT ( $, .RADIAN. ) );
#11492 = EDGE_CURVE ( 'NONE', #12550, #12741, #7206, .T. ) ;
#11493 = DIRECTION ( 'NONE',  ( -1.000000000000000000, -6.097874985857736561E-17, 0.000000000000000000 ) ) ;
#11494 = PLANE ( 'NONE',  #4735 ) ;
#11495 = CIRCLE ( 'NONE', #1126, 0.03750000000000008882 ) ;
#11496 = FILL_AREA_STYLE ('',( #12561 ) ) ;
#11497 = AXIS2_PLACEMENT_3D ( 'NONE', #4183, #7232, #3205 ) ;
#11498 = ORIENTED_EDGE ( 'NONE', *, *, #1932, .F. ) ;
#11499 = EDGE_LOOP ( 'NONE', ( #4688, #4793, #5795, #4645 ) ) ;
#11500 = DIRECTION ( 'NONE',  ( -1.000000000000000000, 0.000000000000000000, 0.000000000000000000 ) ) ;
#11501 = EDGE_LOOP ( 'NONE', ( #12459, #10065 ) ) ;
#11502 = SURFACE_STYLE_USAGE ( .BOTH. , #1513 ) ;
#11503 = DIRECTION ( 'NONE',  ( -0.3420201433256656598, 0.9396926207859095381, 0.000000000000000000 ) ) ;
#11504 = ORIENTED_EDGE ( 'NONE', *, *, #9388, .T. ) ;
#11505 = CARTESIAN_POINT ( 'NONE',  ( 0.07500000000000003886, 0.03750000000000000555, -0.2125000000000001332 ) ) ;
#11506 = ORIENTED_EDGE ( 'NONE', *, *, #11475, .F. ) ;
#11507 = CARTESIAN_POINT ( 'NONE',  ( 0.06554289544236020781, 0.05799999999999997519, 0.1489611260053616548 ) ) ;
#11508 = DIRECTION ( 'NONE',  ( 0.000000000000000000, 0.000000000000000000, -1.000000000000000000 ) ) ;
#11509 = CYLINDRICAL_SURFACE ( 'NONE', #12643, 0.007999999999999972411 ) ;
#11510 = EDGE_LOOP ( 'NONE', ( #10875, #8135, #2356, #9422 ) ) ;
#11511 = VERTEX_POINT ( 'NONE', #4951 ) ;
#11512 = CARTESIAN_POINT ( 'NONE',  ( -0.1449999999999999623, 0.01640227793071964008, -0.003902277930719733490 ) ) ;
#11513 = FILL_AREA_STYLE_COLOUR ( '', #11962 ) ;
#11514 = ORIENTED_EDGE ( 'NONE', *, *, #11545, .T. ) ;
#11515 = DIRECTION ( 'NONE',  ( 0.000000000000000000, 0.000000000000000000, 1.000000000000000000 ) ) ;
#11516 = FACE_OUTER_BOUND ( 'NONE', #6685, .T. ) ;
#11517 = ORIENTED_EDGE ( 'NONE', *, *, #2669, .F. ) ;
#11518 =( CONVERSION_BASED_UNIT ( 'INCH', #1676 ) LENGTH_UNIT ( ) NAMED_UNIT ( #9799 ) );
#11519 = DIRECTION ( 'NONE',  ( 0.000000000000000000, 1.000000000000000000, 0.000000000000000000 ) ) ;
#11520 = VECTOR ( 'NONE', #11082, 39.37007874015748143 ) ;
#11521 = VECTOR ( 'NONE', #6659, 39.37007874015748143 ) ;
#11522 = CARTESIAN_POINT ( 'NONE',  ( -0.09499999999999998723, 0.05799999999999997519, -0.06400000000000007072 ) ) ;
#11523 = VERTEX_POINT ( 'NONE', #8069 ) ;
#11524 = CARTESIAN_POINT ( 'NONE',  ( -0.07500000000000005274, -8.110173731190781122E-17, 0.08749999999999988343 ) ) ;
#11525 = CARTESIAN_POINT ( 'NONE',  ( -0.06250000000000001388, 0.3880000000000000115, 0.1874999999999999167 ) ) ;
#11526 = DIMENSIONAL_EXPONENTS ( 1.000000000000000000, 0.000000000000000000, 0.000000000000000000, 0.000000000000000000, 0.000000000000000000, 0.000000000000000000, 0.000000000000000000 ) ;
#11527 = DIRECTION ( 'NONE',  ( 0.000000000000000000, -0.000000000000000000, 1.000000000000000000 ) ) ;
#11528 = PRESENTATION_LAYER_ASSIGNMENT (  '', '', ( #12169 ) ) ;
#11529 = DIRECTION ( 'NONE',  ( -0.000000000000000000, 1.000000000000000000, -0.000000000000000000 ) ) ;
#11530 =( LENGTH_UNIT ( ) NAMED_UNIT ( * ) SI_UNIT ( $, .METRE. ) );
#11531 = ORIENTED_EDGE ( 'NONE', *, *, #4262, .F. ) ;
#11532 = CARTESIAN_POINT ( 'NONE',  ( 0.03749999999999999861, 0.3880000000000000115, 0.2124999999999999112 ) ) ;
#11533 = LENGTH_MEASURE_WITH_UNIT ( LENGTH_MEASURE( 0.02539999999999999897 ), #9697 );
#11534 = VERTEX_POINT ( 'NONE', #6208 ) ;
#11535 = EDGE_CURVE ( 'NONE', #741, #12148, #5933, .T. ) ;
#11536 = SURFACE_STYLE_FILL_AREA ( #10687 ) ;
#11537 = PRESENTATION_LAYER_ASSIGNMENT (  '', '', ( #6478 ) ) ;
#11538 = DIRECTION ( 'NONE',  ( 1.000000000000000000, 0.000000000000000000, 7.854062981784756704E-15 ) ) ;
#11539 = VERTEX_POINT ( 'NONE', #3052 ) ;
#11540 = CARTESIAN_POINT ( 'NONE',  ( -0.06999999999999999278, 0.02737258300203046849, -0.03000000000000025910 ) ) ;
#11541 = CARTESIAN_POINT ( 'NONE',  ( -0.000000000000000000, 0.3880000000000000115, -0.1960977220692805001 ) ) ;
#11542 = VECTOR ( 'NONE', #8360, 39.37007874015748143 ) ;
#11543 = DIRECTION ( 'NONE',  ( 1.000000000000000000, 0.000000000000000000, -0.000000000000000000 ) ) ;
#11544 = AXIS2_PLACEMENT_3D ( 'NONE', #6089, #3264, #2082 ) ;
#11545 = EDGE_CURVE ( 'NONE', #910, #8640, #7069, .T. ) ;
#11546 = ORIENTED_EDGE ( 'NONE', *, *, #7086, .T. ) ;
#11547 = ORIENTED_EDGE ( 'NONE', *, *, #12471, .F. ) ;
#11548 = LINE ( 'NONE', #4418, #11694 ) ;
#11549 = PLANE ( 'NONE',  #4414 ) ;
#11550 = EDGE_CURVE ( 'NONE', #972, #8311, #6777, .T. ) ;
#11551 = CARTESIAN_POINT ( 'NONE',  ( -0.06999999999999999278, 0.1726274169979694906, -0.07000000000000022871 ) ) ;
#11552 = EDGE_CURVE ( 'NONE', #8568, #3907, #12796, .T. ) ;
#11553 = LINE ( 'NONE', #2517, #11521 ) ;
#11554 = VECTOR ( 'NONE', #7952, 39.37007874015748143 ) ;
#11555 = DIMENSIONAL_EXPONENTS ( 1.000000000000000000, 0.000000000000000000, 0.000000000000000000, 0.000000000000000000, 0.000000000000000000, 0.000000000000000000, 0.000000000000000000 ) ;
#11556 = DIRECTION ( 'NONE',  ( 0.000000000000000000, -1.000000000000000000, 0.000000000000000000 ) ) ;
#11557 = FACE_OUTER_BOUND ( 'NONE', #8024, .T. ) ;
#11558 = DIRECTION ( 'NONE',  ( -1.000000000000000000, 0.000000000000000000, 0.000000000000000000 ) ) ;
#11559 = PRESENTATION_LAYER_ASSIGNMENT (  '', '', ( #813 ) ) ;
#11560 =( GEOMETRIC_REPRESENTATION_CONTEXT ( 3 ) GLOBAL_UNCERTAINTY_ASSIGNED_CONTEXT ( ( #1010 ) ) GLOBAL_UNIT_ASSIGNED_CONTEXT ( ( #12316, #7287, #8026 ) ) REPRESENTATION_CONTEXT ( 'NONE', 'WORKASPACE' ) );
#11561 = EDGE_CURVE ( 'NONE', #7301, #258, #9568, .T. ) ;
#11562 = LINE ( 'NONE', #7272, #7780 ) ;
#11563 = AXIS2_PLACEMENT_3D ( 'NONE', #12237, #4151, #6205 ) ;
#11564 = ADVANCED_FACE ( 'NONE', ( #4795 ), #7645, .T. ) ;
#11565 = SURFACE_STYLE_USAGE ( .BOTH. , #12817 ) ;
#11566 = ORIENTED_EDGE ( 'NONE', *, *, #9634, .F. ) ;
#11567 = ORIENTED_EDGE ( 'NONE', *, *, #890, .F. ) ;
#11568 = PLANE ( 'NONE',  #9785 ) ;
#11569 = MECHANICAL_DESIGN_GEOMETRIC_PRESENTATION_REPRESENTATION (  '', ( #1237 ), #9687 ) ;
#11570 = VERTEX_POINT ( 'NONE', #5642 ) ;
#11571 = EDGE_CURVE ( 'NONE', #3204, #12382, #1561, .T. ) ;
#11572 = COLOUR_RGB ( '',0.7921568627450980005, 0.8196078431372548767, 0.9333333333333333481 ) ;
#11573 = VECTOR ( 'NONE', #11037, 39.37007874015748143 ) ;
#11574 = CARTESIAN_POINT ( 'NONE',  ( -0.06250000000000005551, 0.03750000000000001249, -0.01250000000000010651 ) ) ;
#11575 = ORIENTED_EDGE ( 'NONE', *, *, #2380, .T. ) ;
#11576 = LINE ( 'NONE', #3325, #178 ) ;
#11577 = UNCERTAINTY_MEASURE_WITH_UNIT (LENGTH_MEASURE( 1.000000000000000082E-05 ), #6302, 'distance_accuracy_value', 'NONE');
#11578 = EDGE_LOOP ( 'NONE', ( #9917, #4912, #7140, #11932 ) ) ;
#11579 = PLANE ( 'NONE',  #8192 ) ;
#11580 = EDGE_CURVE ( 'NONE', #7427, #2765, #3543, .T. ) ;
#11581 = AXIS2_PLACEMENT_3D ( 'NONE', #6190, #255, #10501 ) ;
#11582 =( LENGTH_UNIT ( ) NAMED_UNIT ( * ) SI_UNIT ( $, .METRE. ) );
#11583 = DIRECTION ( 'NONE',  ( 0.000000000000000000, -0.000000000000000000, 1.000000000000000000 ) ) ;
#11584 = VERTEX_POINT ( 'NONE', #642 ) ;
#11585 = ORIENTED_EDGE ( 'NONE', *, *, #9130, .T. ) ;
#11586 = COLOUR_RGB ( '',1.000000000000000000, 0.8117647058823529438, 0.5019607843137254832 ) ;
#11587 = ORIENTED_EDGE ( 'NONE', *, *, #12125, .T. ) ;
#11589 = LINE ( 'NONE', #11649, #12311 ) ;
#11588 = AXIS2_PLACEMENT_3D ( 'NONE', #12361, #5207, #12488 ) ;
#11590 =( NAMED_UNIT ( * ) PLANE_ANGLE_UNIT ( ) SI_UNIT ( $, .RADIAN. ) );
#11591 = ORIENTED_EDGE ( 'NONE', *, *, #2133, .T. ) ;
#11592 = VECTOR ( 'NONE', #5739, 39.37007874015748143 ) ;
#11593 = CARTESIAN_POINT ( 'NONE',  ( 0.07500000000000005274, 0.02499999999999992506, -0.01250000000000010651 ) ) ;
#11594 = ORIENTED_EDGE ( 'NONE', *, *, #6243, .T. ) ;
#11595 = FILL_AREA_STYLE_COLOUR ( '', #11905 ) ;
#11596 = LINE ( 'NONE', #9617, #1514 ) ;
#11597 = PRODUCT_CONTEXT ( 'NONE', #7964, 'mechanical' ) ;
#11598 = ORIENTED_EDGE ( 'NONE', *, *, #4281, .T. ) ;
#11599 = CARTESIAN_POINT ( 'NONE',  ( -0.03749999999999999861, 0.3880000000000000115, -0.2125000000000001332 ) ) ;
#11600 = SURFACE_SIDE_STYLE ('',( #1416 ) ) ;
#11601 = MECHANICAL_DESIGN_GEOMETRIC_PRESENTATION_REPRESENTATION (  '', ( #3156 ), #8227 ) ;
#11602 = FACE_OUTER_BOUND ( 'NONE', #11373, .T. ) ;
#11603 = AXIS2_PLACEMENT_3D ( 'NONE', #11669, #2495, #9566 ) ;
#11604 =( NAMED_UNIT ( * ) PLANE_ANGLE_UNIT ( ) SI_UNIT ( $, .RADIAN. ) );
#11605 = PLANE ( 'NONE',  #5116 ) ;
#11606 = ORIENTED_EDGE ( 'NONE', *, *, #8273, .T. ) ;
#11607 = CARTESIAN_POINT ( 'NONE',  ( -0.03749999999999999861, 0.3643779527559052878, -0.2125000000000001332 ) ) ;
#11608 = EDGE_LOOP ( 'NONE', ( #6440, #12853, #2480, #2863 ) ) ;
#11609 =( GEOMETRIC_REPRESENTATION_CONTEXT ( 3 ) GLOBAL_UNCERTAINTY_ASSIGNED_CONTEXT ( ( #6957 ) ) GLOBAL_UNIT_ASSIGNED_CONTEXT ( ( #8743, #5626, #622 ) ) REPRESENTATION_CONTEXT ( 'NONE', 'WORKASPACE' ) );
#11610 = CARTESIAN_POINT ( 'NONE',  ( -0.06999999999999999278, 0.05799999999999997519, -0.03000000000000025910 ) ) ;
#11611 = LINE ( 'NONE', #2565, #5668 ) ;
#11612 = SURFACE_STYLE_USAGE ( .BOTH. , #1625 ) ;
#11613 = CARTESIAN_POINT ( 'NONE',  ( 0.07500000000000002498, 0.000000000000000000, 0.1124999999999998918 ) ) ;
#11614 = ORIENTED_EDGE ( 'NONE', *, *, #591, .T. ) ;
#11615 = DIRECTION ( 'NONE',  ( 0.000000000000000000, 0.000000000000000000, -1.000000000000000000 ) ) ;
#11616 = CARTESIAN_POINT ( 'NONE',  ( -0.06250000000000001388, 0.2150000000000000244, 0.01249999999999990008 ) ) ;
#11617 = FACE_OUTER_BOUND ( 'NONE', #6294, .T. ) ;
#11618 = EDGE_CURVE ( 'NONE', #1918, #8298, #2761, .T. ) ;
#11619 = DIRECTION ( 'NONE',  ( 0.000000000000000000, 0.000000000000000000, -1.000000000000000000 ) ) ;
#11620 = ORIENTED_EDGE ( 'NONE', *, *, #1046, .T. ) ;
#11621 = CARTESIAN_POINT ( 'NONE',  ( -0.06249999999999981959, 0.05799999999999996825, 0.08749999999999986955 ) ) ;
#11622 = PRESENTATION_STYLE_ASSIGNMENT (( #8649 ) ) ;
#11623 = DIRECTION ( 'NONE',  ( -0.000000000000000000, -1.000000000000000000, -0.000000000000000000 ) ) ;
#11624 = DIRECTION ( 'NONE',  ( -2.435670465107224942E-16, -1.000000000000000000, 0.000000000000000000 ) ) ;
#11625 = LINE ( 'NONE', #4556, #8989 ) ;
#11626 = CARTESIAN_POINT ( 'NONE',  ( 0.03749999999999999861, 0.2150000000000000244, 0.2124999999999999112 ) ) ;
#11627 = LINE ( 'NONE', #2580, #5023 ) ;
#11628 = ADVANCED_FACE ( 'NONE', ( #774 ), #4658, .T. ) ;
#11629 = EDGE_CURVE ( 'NONE', #5512, #10140, #7840, .T. ) ;
#11630 = LENGTH_MEASURE_WITH_UNIT ( LENGTH_MEASURE( 0.02539999999999999897 ), #9722 );
#11631 = ORIENTED_EDGE ( 'NONE', *, *, #11072, .F. ) ;
#11632 = ORIENTED_EDGE ( 'NONE', *, *, #1747, .T. ) ;
#11633 = VERTEX_POINT ( 'NONE', #2631 ) ;
#11634 = DIRECTION ( 'NONE',  ( 0.000000000000000000, 0.000000000000000000, 1.000000000000000000 ) ) ;
#11635 = EDGE_CURVE ( 'NONE', #8375, #8143, #11866, .T. ) ;
#11636 = DIRECTION ( 'NONE',  ( -0.000000000000000000, -0.000000000000000000, 1.000000000000000000 ) ) ;
#11637 = EDGE_LOOP ( 'NONE', ( #9402, #6482, #387, #12819 ) ) ;
#11638 = LINE ( 'NONE', #9411, #7554 ) ;
#11639 = EDGE_CURVE ( 'NONE', #5305, #1317, #5587, .T. ) ;
#11640 = ORIENTED_EDGE ( 'NONE', *, *, #5494, .T. ) ;
#11641 = PLANE ( 'NONE',  #7123 ) ;
#11642 = PLANE ( 'NONE',  #6191 ) ;
#11643 = DIMENSIONAL_EXPONENTS ( 1.000000000000000000, 0.000000000000000000, 0.000000000000000000, 0.000000000000000000, 0.000000000000000000, 0.000000000000000000, 0.000000000000000000 ) ;
#11644 = DIRECTION ( 'NONE',  ( 0.000000000000000000, 0.000000000000000000, 1.000000000000000000 ) ) ;
#11645 = EDGE_CURVE ( 'NONE', #1918, #10578, #11611, .T. ) ;
#11646 = ORIENTED_EDGE ( 'NONE', *, *, #9803, .T. ) ;
#11647 = ORIENTED_EDGE ( 'NONE', *, *, #4862, .F. ) ;
#11648 = VERTEX_POINT ( 'NONE', #2817 ) ;
#11649 = CARTESIAN_POINT ( 'NONE',  ( -0.07000000000000017319, 0.04999999999999998196, -0.05299999999999997075 ) ) ;
#11650 = EDGE_CURVE ( 'NONE', #9611, #12550, #6846, .T. ) ;
#11651 = AXIS2_PLACEMENT_3D ( 'NONE', #4003, #1849, #7122 ) ;
#11652 = CARTESIAN_POINT ( 'NONE',  ( -0.1449999999999999623, 0.008597722069280349169, -0.01250000000000010651 ) ) ;
#11653 = SURFACE_SIDE_STYLE ('',( #3710 ) ) ;
#11654 = EDGE_LOOP ( 'NONE', ( #10506, #83, #11788, #8015 ) ) ;
#11655 = CARTESIAN_POINT ( 'NONE',  ( -0.03749999999999999861, 0.05799999999999996825, -0.08750000000000010547 ) ) ;
#11656 = VERTEX_POINT ( 'NONE', #1490 ) ;
#11657 = DIRECTION ( 'NONE',  ( -1.000000000000000000, 6.097874985857737794E-17, 0.000000000000000000 ) ) ;
#11658 = LINE ( 'NONE', #10605, #12301 ) ;
#11659 = ORIENTED_EDGE ( 'NONE', *, *, #9856, .T. ) ;
#11660 =( NAMED_UNIT ( * ) SI_UNIT ( $, .STERADIAN. ) SOLID_ANGLE_UNIT ( ) );
#11661 = PLANE ( 'NONE',  #5370 ) ;
#11662 = VECTOR ( 'NONE', #9553, 39.37007874015748854 ) ;
#11663 = DIRECTION ( 'NONE',  ( 0.4027386142660224211, 0.000000000000000000, 0.9153150324227632417 ) ) ;
#11664 =( GEOMETRIC_REPRESENTATION_CONTEXT ( 3 ) GLOBAL_UNCERTAINTY_ASSIGNED_CONTEXT ( ( #4168 ) ) GLOBAL_UNIT_ASSIGNED_CONTEXT ( ( #3415, #243, #7384 ) ) REPRESENTATION_CONTEXT ( 'NONE', 'WORKASPACE' ) );
#11665 = PRESENTATION_LAYER_ASSIGNMENT (  '', '', ( #65 ) ) ;
#11666 = CARTESIAN_POINT ( 'NONE',  ( -0.06249999999999981959, 0.05799999999999997519, -0.01250000000000010651 ) ) ;
#11667 = ORIENTED_EDGE ( 'NONE', *, *, #1874, .T. ) ;
#11668 = LENGTH_MEASURE_WITH_UNIT ( LENGTH_MEASURE( 0.02539999999999999897 ), #5513 );
#11669 = CARTESIAN_POINT ( 'NONE',  ( -0.1449999999999999623, 0.008597722069280350904, 0.4000000000000000222 ) ) ;
#11670 = VERTEX_POINT ( 'NONE', #513 ) ;
#11671 = CARTESIAN_POINT ( 'NONE',  ( -0.06999999999999999278, 0.04999999999999998196, 0.06199999999999973588 ) ) ;
#11672 = VECTOR ( 'NONE', #5829, 39.37007874015748143 ) ;
#11673 = DIRECTION ( 'NONE',  ( -0.000000000000000000, 1.000000000000000000, -0.000000000000000000 ) ) ;
#11674 = SURFACE_STYLE_FILL_AREA ( #3375 ) ;
#11675 = DIRECTION ( 'NONE',  ( 1.000000000000000000, -6.097874985857736561E-17, 0.000000000000000000 ) ) ;
#11676 =( NAMED_UNIT ( * ) PLANE_ANGLE_UNIT ( ) SI_UNIT ( $, .RADIAN. ) );
#11677 = ORIENTED_EDGE ( 'NONE', *, *, #1968, .T. ) ;
#11678 = CARTESIAN_POINT ( 'NONE',  ( 0.07000000000000000666, 0.1499999999999999944, 0.07799999999999970846 ) ) ;
#11679 = VECTOR ( 'NONE', #5284, 39.37007874015748143 ) ;
#11680 = DIRECTION ( 'NONE',  ( 0.8891264907159903697, -0.3236155771181813412, -0.3236155771181821739 ) ) ;
#11681 = LINE ( 'NONE', #649, #7990 ) ;
#11682 = AXIS2_PLACEMENT_3D ( 'NONE', #3304, #390, #2327 ) ;
#11683 = SURFACE_SIDE_STYLE ('',( #454 ) ) ;
#11684 = STYLED_ITEM ( 'NONE', ( #10604 ), #8596 ) ;
#11685 = EDGE_LOOP ( 'NONE', ( #7575, #6142, #4334, #9267 ) ) ;
#11686 = SURFACE_STYLE_USAGE ( .BOTH. , #11823 ) ;
#11687 = DIRECTION ( 'NONE',  ( 0.000000000000000000, 0.000000000000000000, 1.000000000000000000 ) ) ;
#11688 = LINE ( 'NONE', #790, #6051 ) ;
#11689 = CARTESIAN_POINT ( 'NONE',  ( 0.1449999999999999623, 0.01640227793071964008, 0.1124999999999998918 ) ) ;
#11690 = VECTOR ( 'NONE', #11636, 39.37007874015748143 ) ;
#11691 = EDGE_CURVE ( 'NONE', #6148, #1728, #6946, .T. ) ;
#11692 = CARTESIAN_POINT ( 'NONE',  ( 0.07500000000000002498, 0.000000000000000000, -0.01250000000000010651 ) ) ;
#11693 = DIRECTION ( 'NONE',  ( 0.3236155771181825069, 0.8891264907159898145, -0.3236155771181825069 ) ) ;
#11694 = VECTOR ( 'NONE', #6525, 39.37007874015748143 ) ;
#11695 = VECTOR ( 'NONE', #6736, 39.37007874015748143 ) ;
#11696 = CARTESIAN_POINT ( 'NONE',  ( -0.09499999999999998723, 0.04999999999999998196, -0.03599999999999999034 ) ) ;
#11697 = MECHANICAL_DESIGN_GEOMETRIC_PRESENTATION_REPRESENTATION (  '', ( #2637 ), #3050 ) ;
#11698 = FILL_AREA_STYLE ('',( #2782 ) ) ;
#11699 = ORIENTED_EDGE ( 'NONE', *, *, #8813, .T. ) ;
#11700 = VERTEX_POINT ( 'NONE', #12668 ) ;
#11701 = EDGE_LOOP ( 'NONE', ( #9113, #1421, #11835, #6724 ) ) ;
#11702 = VECTOR ( 'NONE', #8456, 39.37007874015748143 ) ;
#11703 = CARTESIAN_POINT ( 'NONE',  ( 0.07500000000000005274, 0.02500000000000001180, -0.1875000000000001110 ) ) ;
#11704 = EDGE_CURVE ( 'NONE', #131, #10463, #3666, .T. ) ;
#11705 = SURFACE_STYLE_USAGE ( .BOTH. , #12696 ) ;
#11706 = ORIENTED_EDGE ( 'NONE', *, *, #2108, .F. ) ;
#11707 = DIRECTION ( 'NONE',  ( 0.000000000000000000, 0.000000000000000000, -1.000000000000000000 ) ) ;
#11708 = AXIS2_PLACEMENT_3D ( 'NONE', #5176, #1082, #9220 ) ;
#11709 = UNCERTAINTY_MEASURE_WITH_UNIT (LENGTH_MEASURE( 1.000000000000000082E-05 ), #10993, 'distance_accuracy_value', 'NONE');
#11710 = ORIENTED_EDGE ( 'NONE', *, *, #4244, .F. ) ;
#11711 = LINE ( 'NONE', #8996, #8826 ) ;
#11712 = SURFACE_SIDE_STYLE ('',( #7623 ) ) ;
#11713 = PLANE ( 'NONE',  #4589 ) ;
#11714 = AXIS2_PLACEMENT_3D ( 'NONE', #6224, #2999, #11989 ) ;
#11715 = LINE ( 'NONE', #11972, #837 ) ;
#11716 = EDGE_CURVE ( 'NONE', #10956, #8518, #10685, .T. ) ;
#11717 = VERTEX_POINT ( 'NONE', #10749 ) ;
#11718 = ORIENTED_EDGE ( 'NONE', *, *, #8249, .F. ) ;
#11719 = CIRCLE ( 'NONE', #319, 0.03750000000000008882 ) ;
#11720 = ORIENTED_EDGE ( 'NONE', *, *, #6765, .T. ) ;
#11721 = ADVANCED_FACE ( 'NONE', ( #699 ), #4729, .F. ) ;
#11722 = SURFACE_STYLE_FILL_AREA ( #1471 ) ;
#11723 = CARTESIAN_POINT ( 'NONE',  ( 0.07999999999999973799, 0.6848831648126535443, 0.2500000000000000555 ) ) ;
#11724 = CARTESIAN_POINT ( 'NONE',  ( -0.06250000000000001388, 0.3880000000000000115, -0.1875000000000001110 ) ) ;
#11725 = CARTESIAN_POINT ( 'NONE',  ( -0.1213779527559052385, -2.828069580055263522E-18, -0.08750000000000010547 ) ) ;
#11726 = EDGE_CURVE ( 'NONE', #6193, #8400, #9093, .T. ) ;
#11727 = DIRECTION ( 'NONE',  ( 0.000000000000000000, 0.000000000000000000, 1.000000000000000000 ) ) ;
#11728 = EDGE_CURVE ( 'NONE', #5633, #8565, #6968, .T. ) ;
#11729 = VERTEX_POINT ( 'NONE', #3144 ) ;
#11730 = DIRECTION ( 'NONE',  ( 1.000000000000000000, 0.000000000000000000, 0.000000000000000000 ) ) ;
#11731 = CARTESIAN_POINT ( 'NONE',  ( -0.06999999999999999278, 0.1499999999999999944, -0.1780000000000002136 ) ) ;
#11732 = ADVANCED_FACE ( 'NONE', ( #5961 ), #3853, .T. ) ;
#11733 = LENGTH_MEASURE_WITH_UNIT ( LENGTH_MEASURE( 0.02539999999999999897 ), #8818 );
#11734 = ORIENTED_EDGE ( 'NONE', *, *, #3163, .T. ) ;
#11735 = DIRECTION ( 'NONE',  ( 0.000000000000000000, 0.000000000000000000, -1.000000000000000000 ) ) ;
#11736 = FACE_OUTER_BOUND ( 'NONE', #7552, .T. ) ;
#11737 = DIRECTION ( 'NONE',  ( 3.045457963692998352E-16, 1.000000000000000000, 0.000000000000000000 ) ) ;
#11738 = EDGE_CURVE ( 'NONE', #8961, #4053, #9896, .T. ) ;
#11739 = EDGE_CURVE ( 'NONE', #9373, #2022, #12131, .T. ) ;
#11740 = ADVANCED_FACE ( 'NONE', ( #9958 ), #2093, .F. ) ;
#11741 =( LENGTH_UNIT ( ) NAMED_UNIT ( * ) SI_UNIT ( $, .METRE. ) );
#11742 = VERTEX_POINT ( 'NONE', #11934 ) ;
#11743 = FACE_OUTER_BOUND ( 'NONE', #3189, .T. ) ;
#11744 = AXIS2_PLACEMENT_3D ( 'NONE', #4220, #2265, #12234 ) ;
#11745 = LINE ( 'NONE', #2693, #1458 ) ;
#11746 = ORIENTED_EDGE ( 'NONE', *, *, #4999, .F. ) ;
#11747 = AXIS2_PLACEMENT_3D ( 'NONE', #10891, #6862, #1841 ) ;
#11748 = CARTESIAN_POINT ( 'NONE',  ( -0.1213779527559052385, -2.828069580055263137E-18, 0.1124999999999998918 ) ) ;
#11749 = EDGE_CURVE ( 'NONE', #9891, #10541, #6099, .T. ) ;
#11750 = CARTESIAN_POINT ( 'NONE',  ( 0.1605095817734711605, 0.01075725181925857310, 0.2017427481807413381 ) ) ;
#11751 = CYLINDRICAL_SURFACE ( 'NONE', #12314, 0.007999999999999998432 ) ;
#11752 = DIRECTION ( 'NONE',  ( 0.000000000000000000, -1.000000000000000000, 0.000000000000000000 ) ) ;
#11753 = ORIENTED_EDGE ( 'NONE', *, *, #5812, .T. ) ;
#11754 = PLANE ( 'NONE',  #11924 ) ;
#11755 = SURFACE_STYLE_USAGE ( .BOTH. , #12006 ) ;
#11756 =( NAMED_UNIT ( * ) SI_UNIT ( $, .STERADIAN. ) SOLID_ANGLE_UNIT ( ) );
#11757 = ORIENTED_EDGE ( 'NONE', *, *, #9530, .F. ) ;
#11758 = DIRECTION ( 'NONE',  ( -3.045457963692998845E-16, 1.000000000000000000, 0.000000000000000000 ) ) ;
#11759 = CARTESIAN_POINT ( 'NONE',  ( -0.03749999999999980432, 0.05799999999999996825, 0.1874999999999999167 ) ) ;
#11760 = AXIS2_PLACEMENT_3D ( 'NONE', #10879, #295, #7165 ) ;
#11761 = LINE ( 'NONE', #7857, #2901 ) ;
#11762 = CARTESIAN_POINT ( 'NONE',  ( 0.1449999999999999623, 0.02500000000000000139, 0.09609772206928025862 ) ) ;
#11763 = DIRECTION ( 'NONE',  ( 0.000000000000000000, 0.000000000000000000, 1.000000000000000000 ) ) ;
#11764 =( NAMED_UNIT ( * ) SI_UNIT ( $, .STERADIAN. ) SOLID_ANGLE_UNIT ( ) );
#11765 = FACE_OUTER_BOUND ( 'NONE', #9270, .T. ) ;
#11766 = AXIS2_PLACEMENT_3D ( 'NONE', #291, #4451, #9287 ) ;
#11767 = VERTEX_POINT ( 'NONE', #5110 ) ;
#11768 = ORIENTED_EDGE ( 'NONE', *, *, #466, .F. ) ;
#11769 = PLANE ( 'NONE',  #5964 ) ;
#11770 = VERTEX_POINT ( 'NONE', #12994 ) ;
#11771 = DIRECTION ( 'NONE',  ( 0.000000000000000000, -1.000000000000000000, 0.000000000000000000 ) ) ;
#11772 = AXIS2_PLACEMENT_3D ( 'NONE', #10659, #9736, #5619 ) ;
#11773 = LINE ( 'NONE', #8723, #10699 ) ;
#11774 = CARTESIAN_POINT ( 'NONE',  ( -0.07999999999999973799, 0.6848831648126535443, 0.2500000000000000555 ) ) ;
#11775 = ORIENTED_EDGE ( 'NONE', *, *, #3560, .T. ) ;
#11776 = DIRECTION ( 'NONE',  ( 0.000000000000000000, -1.000000000000000000, 0.000000000000000000 ) ) ;
#11777 = VECTOR ( 'NONE', #8882, 39.37007874015748143 ) ;
#11778 = ORIENTED_EDGE ( 'NONE', *, *, #11881, .F. ) ;
#11779 = FACE_OUTER_BOUND ( 'NONE', #7689, .T. ) ;
#11780 = DIRECTION ( 'NONE',  ( 1.000000000000000000, 0.000000000000000000, -0.000000000000000000 ) ) ;
#11781 = CARTESIAN_POINT ( 'NONE',  ( -0.09499999999999998723, 0.05799999999999996825, -0.1640000000000000902 ) ) ;
#11782 = LINE ( 'NONE', #1726, #11592 ) ;
#11783 = CIRCLE ( 'NONE', #7345, 0.03750000000000008882 ) ;
#11784 = ADVANCED_FACE ( 'NONE', ( #12195 ), #5043, .T. ) ;
#11785 = VERTEX_POINT ( 'NONE', #10154 ) ;
#11786 = VERTEX_POINT ( 'NONE', #1083 ) ;
#11787 = AXIS2_PLACEMENT_3D ( 'NONE', #341, #5419, #2592 ) ;
#11788 = ORIENTED_EDGE ( 'NONE', *, *, #8327, .T. ) ;
#11789 = CARTESIAN_POINT ( 'NONE',  ( -0.03749999999999999861, 0.2150000000000000244, -0.08750000000000010547 ) ) ;
#11790 = CARTESIAN_POINT ( 'NONE',  ( -0.09499999999999998723, 0.05799999999999996825, -0.1640000000000000902 ) ) ;
#11791 = DIRECTION ( 'NONE',  ( -1.000000000000000000, 0.000000000000000000, 0.000000000000000000 ) ) ;
#11792 = FACE_OUTER_BOUND ( 'NONE', #3903, .T. ) ;
#11793 = CARTESIAN_POINT ( 'NONE',  ( 0.03749999999999999861, 0.05799999999999996825, -0.08750000000000010547 ) ) ;
#11794 = ORIENTED_EDGE ( 'NONE', *, *, #3020, .F. ) ;
#11795 = DIRECTION ( 'NONE',  ( 0.000000000000000000, 0.000000000000000000, 1.000000000000000000 ) ) ;
#11796 = DIRECTION ( 'NONE',  ( -1.000000000000000000, 0.000000000000000000, 0.000000000000000000 ) ) ;
#11797 = SHAPE_REPRESENTATION_RELATIONSHIP ( 'NONE' , 'NONE' ,  #2544, #9031 ) ;
#11798 = ORIENTED_EDGE ( 'NONE', *, *, #3954, .T. ) ;
#11799 = CARTESIAN_POINT ( 'NONE',  ( -0.03749999999999999861, 0.1419999999999999873, 0.1124999999999998779 ) ) ;
#11800 = DIRECTION ( 'NONE',  ( -1.000000000000000000, 0.000000000000000000, -0.000000000000000000 ) ) ;
#11801 = ADVANCED_FACE ( 'NONE', ( #9154 ), #3985, .T. ) ;
#11802 = VECTOR ( 'NONE', #5506, 39.37007874015748143 ) ;
#11803 = ADVANCED_FACE ( 'NONE', ( #5304 ), #8434, .F. ) ;
#11804 =( GEOMETRIC_REPRESENTATION_CONTEXT ( 3 ) GLOBAL_UNCERTAINTY_ASSIGNED_CONTEXT ( ( #12763 ) ) GLOBAL_UNIT_ASSIGNED_CONTEXT ( ( #6486, #9538, #1400 ) ) REPRESENTATION_CONTEXT ( 'NONE', 'WORKASPACE' ) );
#11805 = ORIENTED_EDGE ( 'NONE', *, *, #12367, .F. ) ;
#11806 = FILL_AREA_STYLE_COLOUR ( '', #2194 ) ;
#11807 = ORIENTED_EDGE ( 'NONE', *, *, #1381, .T. ) ;
#11808 = CARTESIAN_POINT ( 'NONE',  ( -0.1213779527559052523, 0.02500000000000000486, 0.08749999999999988343 ) ) ;
#11809 = ORIENTED_EDGE ( 'NONE', *, *, #1932, .T. ) ;
#11810 = LINE ( 'NONE', #3795, #4539 ) ;
#11811 = DIRECTION ( 'NONE',  ( -1.000000000000000000, -6.097874985857736561E-17, 0.000000000000000000 ) ) ;
#11812 = CARTESIAN_POINT ( 'NONE',  ( 0.07000000000000002054, 0.02737258300203046849, -0.1780000000000002136 ) ) ;
#11813 = DIRECTION ( 'NONE',  ( 0.000000000000000000, 0.000000000000000000, 1.000000000000000000 ) ) ;
#11814 =( GEOMETRIC_REPRESENTATION_CONTEXT ( 3 ) GLOBAL_UNCERTAINTY_ASSIGNED_CONTEXT ( ( #8145 ) ) GLOBAL_UNIT_ASSIGNED_CONTEXT ( ( #437, #4462, #11660 ) ) REPRESENTATION_CONTEXT ( 'NONE', 'WORKASPACE' ) );
#11815 = AXIS2_PLACEMENT_3D ( 'NONE', #6526, #3745, #5780 ) ;
#11816 = VERTEX_POINT ( 'NONE', #3404 ) ;
#11817 = SURFACE_STYLE_USAGE ( .BOTH. , #10954 ) ;
#11818 = ADVANCED_FACE ( 'NONE', ( #7426 ), #12462, .F. ) ;
#11819 = DIRECTION ( 'NONE',  ( 5.850480457187554951E-16, 1.000000000000000000, 0.000000000000000000 ) ) ;
#11820 = ADVANCED_FACE ( 'NONE', ( #7370 ), #9424, .T. ) ;
#11821 = MECHANICAL_DESIGN_GEOMETRIC_PRESENTATION_REPRESENTATION (  '', ( #2535 ), #9071 ) ;
#11822 = EDGE_LOOP ( 'NONE', ( #767, #5671, #12875, #1544 ) ) ;
#11823 = SURFACE_SIDE_STYLE ('',( #4612 ) ) ;
#11824 = DIRECTION ( 'NONE',  ( 1.000000000000000000, 0.000000000000000000, 0.000000000000000000 ) ) ;
#11825 = VERTEX_POINT ( 'NONE', #357 ) ;
#11826 = EDGE_CURVE ( 'NONE', #11477, #8784, #9350, .T. ) ;
#11827 = SURFACE_STYLE_FILL_AREA ( #12015 ) ;
#11828 = DIMENSIONAL_EXPONENTS ( 1.000000000000000000, 0.000000000000000000, 0.000000000000000000, 0.000000000000000000, 0.000000000000000000, 0.000000000000000000, 0.000000000000000000 ) ;
#11829 = DIRECTION ( 'NONE',  ( 0.9396926207859094271, -0.3420201433256662704, 0.000000000000000000 ) ) ;
#11830 = CARTESIAN_POINT ( 'NONE',  ( 0.07500000000000005274, 0.000000000000000000, 0.08749999999999988343 ) ) ;
#11831 = CIRCLE ( 'NONE', #6110, 0.007999999999999972411 ) ;
#11832 = EDGE_LOOP ( 'NONE', ( #12098, #1042 ) ) ;
#11833 = VERTEX_POINT ( 'NONE', #6427 ) ;
#11834 =( LENGTH_UNIT ( ) NAMED_UNIT ( * ) SI_UNIT ( $, .METRE. ) );
#11835 = ORIENTED_EDGE ( 'NONE', *, *, #10121, .F. ) ;
#11836 = DIRECTION ( 'NONE',  ( 0.000000000000000000, 1.000000000000000000, 0.000000000000000000 ) ) ;
#11837 = DIRECTION ( 'NONE',  ( -1.000000000000000000, 0.000000000000000000, 0.000000000000000000 ) ) ;
#11838 = DIRECTION ( 'NONE',  ( 0.9153150324227631307, 0.000000000000000000, -0.4027386142660223656 ) ) ;
#11839 = LINE ( 'NONE', #4824, #10313 ) ;
#11840 = UNCERTAINTY_MEASURE_WITH_UNIT (LENGTH_MEASURE( 1.000000000000000082E-05 ), #8732, 'distance_accuracy_value', 'NONE');
#11841 = EDGE_LOOP ( 'NONE', ( #2513, #12401, #2796, #6884 ) ) ;
#11842 = CARTESIAN_POINT ( 'NONE',  ( 0.03749999999999999861, 0.3880000000000000115, -0.1125000000000001138 ) ) ;
#11843 = CARTESIAN_POINT ( 'NONE',  ( 0.1449999999999999623, 0.008597722069280349169, 0.1039022779307195166 ) ) ;
#11844 = CYLINDRICAL_SURFACE ( 'NONE', #6517, 0.01250000000000008049 ) ;
#11845 = VERTEX_POINT ( 'NONE', #430 ) ;
#11846 = ORIENTED_EDGE ( 'NONE', *, *, #975, .T. ) ;
#11847 = DIRECTION ( 'NONE',  ( -0.9153150324227631307, 0.000000000000000000, -0.4027386142660223656 ) ) ;
#11848 = DIRECTION ( 'NONE',  ( 0.000000000000000000, 1.000000000000000000, 0.000000000000000000 ) ) ;
#11849 = CARTESIAN_POINT ( 'NONE',  ( 0.000000000000000000, 0.04999999999999998196, 0.000000000000000000 ) ) ;
#11850 = SURFACE_STYLE_FILL_AREA ( #2934 ) ;
#11851 = EDGE_LOOP ( 'NONE', ( #11718, #12244 ) ) ;
#11852 = CARTESIAN_POINT ( 'NONE',  ( -0.06250000000000001388, 0.2150000000000000244, -0.1875000000000001110 ) ) ;
#11853 = ORIENTED_EDGE ( 'NONE', *, *, #3167, .F. ) ;
#11854 = LINE ( 'NONE', #4780, #7002 ) ;
#11855 = EDGE_CURVE ( 'NONE', #6811, #9181, #5247, .T. ) ;
#11856 = VERTEX_POINT ( 'NONE', #5435 ) ;
#11857 = PLANE ( 'NONE',  #5827 ) ;
#11858 = VECTOR ( 'NONE', #7761, 39.37007874015748143 ) ;
#11859 = EDGE_LOOP ( 'NONE', ( #12648, #3258, #10474, #8070 ) ) ;
#11860 = DIRECTION ( 'NONE',  ( -0.000000000000000000, -1.000000000000000000, -0.000000000000000000 ) ) ;
#11861 = ORIENTED_EDGE ( 'NONE', *, *, #8791, .T. ) ;
#11862 =( NAMED_UNIT ( * ) PLANE_ANGLE_UNIT ( ) SI_UNIT ( $, .RADIAN. ) );
#11863 = FILL_AREA_STYLE ('',( #4904 ) ) ;
#11864 = ORIENTED_EDGE ( 'NONE', *, *, #9371, .T. ) ;
#11865 = ADVANCED_FACE ( 'NONE', ( #11203 ), #4456, .T. ) ;
#11866 = LINE ( 'NONE', #9828, #8009 ) ;
#11867 = DIRECTION ( 'NONE',  ( 0.000000000000000000, -0.000000000000000000, 1.000000000000000000 ) ) ;
#11868 = CARTESIAN_POINT ( 'NONE',  ( 0.000000000000000000, 0.1499999999999999944, 0.000000000000000000 ) ) ;
#11869 = VECTOR ( 'NONE', #9293, 39.37007874015748143 ) ;
#11870 = EDGE_CURVE ( 'NONE', #1949, #5741, #6163, .T. ) ;
#11871 = VERTEX_POINT ( 'NONE', #9291 ) ;
#11872 = DIRECTION ( 'NONE',  ( 0.000000000000000000, 0.000000000000000000, 1.000000000000000000 ) ) ;
#11873 = CLOSED_SHELL ( 'NONE', ( #1284, #7642, #3010, #9793, #11068, #6590, #11151, #9232, #7256, #8836 ) ) ;
#11874 = FILL_AREA_STYLE_COLOUR ( '', #11021 ) ;
#11875 = EDGE_CURVE ( 'NONE', #2962, #3539, #233, .T. ) ;
#11876 = DIRECTION ( 'NONE',  ( 1.000000000000000000, 1.138269997360106963E-16, 0.000000000000000000 ) ) ;
#11877 = ORIENTED_EDGE ( 'NONE', *, *, #1616, .F. ) ;
#11878 = VECTOR ( 'NONE', #5118, 39.37007874015748143 ) ;
#11879 = CARTESIAN_POINT ( 'NONE',  ( -0.06250000000000001388, 0.3643779527559052878, -0.2125000000000001332 ) ) ;
#11880 = EDGE_LOOP ( 'NONE', ( #4877, #12345, #12578, #8416 ) ) ;
#11881 = EDGE_CURVE ( 'NONE', #12904, #840, #9649, .T. ) ;
#11882 = SURFACE_STYLE_FILL_AREA ( #6861 ) ;
#11883 = VECTOR ( 'NONE', #6136, 39.37007874015748143 ) ;
#11884 = FACE_OUTER_BOUND ( 'NONE', #4090, .T. ) ;
#11885 = CARTESIAN_POINT ( 'NONE',  ( 0.03749999999999999861, 0.2150000000000000244, 0.08749999999999988343 ) ) ;
#11886 = CARTESIAN_POINT ( 'NONE',  ( -0.03749999999999999861, 0.3643779527559052878, 0.01249999999999990008 ) ) ;
#11887 = EDGE_CURVE ( 'NONE', #10578, #6178, #1920, .T. ) ;
#11888 = LINE ( 'NONE', #1643, #10741 ) ;
#11889 = AXIS2_PLACEMENT_3D ( 'NONE', #11789, #9807, #12157 ) ;
#11890 = CARTESIAN_POINT ( 'NONE',  ( 0.09499999999999998723, 0.1420000000000000151, 0.2500000000000000555 ) ) ;
#11891 = AXIS2_PLACEMENT_3D ( 'NONE', #3667, #9762, #5768 ) ;
#11892 = EDGE_CURVE ( 'NONE', #11996, #456, #5500, .T. ) ;
#11893 = DIRECTION ( 'NONE',  ( 0.000000000000000000, 0.000000000000000000, 1.000000000000000000 ) ) ;
#11894 = ORIENTED_EDGE ( 'NONE', *, *, #12702, .F. ) ;
#11895 = ORIENTED_EDGE ( 'NONE', *, *, #5014, .F. ) ;
#11896 = VECTOR ( 'NONE', #2936, 39.37007874015748143 ) ;
#11897 = DIRECTION ( 'NONE',  ( -1.000000000000000000, 0.000000000000000000, 0.000000000000000000 ) ) ;
#11898 = EDGE_CURVE ( 'NONE', #3575, #10528, #12388, .T. ) ;
#11899 = ORIENTED_EDGE ( 'NONE', *, *, #2776, .F. ) ;
#11900 = VECTOR ( 'NONE', #6988, 39.37007874015748143 ) ;
#11901 = DIRECTION ( 'NONE',  ( 0.000000000000000000, 0.000000000000000000, 1.000000000000000000 ) ) ;
#11902 = VECTOR ( 'NONE', #6611, 39.37007874015748143 ) ;
#11903 = CYLINDRICAL_SURFACE ( 'NONE', #11953, 0.03750000000000008882 ) ;
#11904 = DIRECTION ( 'NONE',  ( 1.000000000000000000, -0.000000000000000000, 0.000000000000000000 ) ) ;
#11905 = COLOUR_RGB ( '',1.000000000000000000, 0.8117647058823529438, 0.5019607843137254832 ) ;
#11906 = LINE ( 'NONE', #12699, #7120 ) ;
#11907 = FACE_OUTER_BOUND ( 'NONE', #1155, .T. ) ;
#11908 = FILL_AREA_STYLE ('',( #672 ) ) ;
#11909 = VECTOR ( 'NONE', #9666, 39.37007874015748143 ) ;
#11910 = DIRECTION ( 'NONE',  ( -0.8891264907159903697, 0.3236155771181813967, -0.3236155771181821184 ) ) ;
#11911 = EDGE_LOOP ( 'NONE', ( #4611, #11514, #10250, #9740 ) ) ;
#11912 = VERTEX_POINT ( 'NONE', #666 ) ;
#11913 = DIRECTION ( 'NONE',  ( 0.000000000000000000, -1.000000000000000000, 0.000000000000000000 ) ) ;
#11914 = CARTESIAN_POINT ( 'NONE',  ( 0.03749999999999999861, 0.05799999999999996825, -0.2125000000000001332 ) ) ;
#11915 =( NAMED_UNIT ( * ) SI_UNIT ( $, .STERADIAN. ) SOLID_ANGLE_UNIT ( ) );
#11916 = DIRECTION ( 'NONE',  ( 1.000000000000000000, -0.000000000000000000, -0.000000000000000000 ) ) ;
#11917 = DIRECTION ( 'NONE',  ( -0.000000000000000000, 1.000000000000000000, 0.000000000000000000 ) ) ;
#11918 = VERTEX_POINT ( 'NONE', #7495 ) ;
#11919 = CARTESIAN_POINT ( 'NONE',  ( -0.1605095817734711605, 0.01075725181925857310, -0.1017427481807415407 ) ) ;
#11920 = CARTESIAN_POINT ( 'NONE',  ( 0.09499999999999998723, 0.6848831648126535443, 0.2500000000000000555 ) ) ;
#11921 = ORIENTED_EDGE ( 'NONE', *, *, #9651, .F. ) ;
#11922 = SURFACE_SIDE_STYLE ('',( #3841 ) ) ;
#11923 = CARTESIAN_POINT ( 'NONE',  ( 0.06250000000000005551, 0.03750000000000001249, 0.08749999999999988343 ) ) ;
#11924 = AXIS2_PLACEMENT_3D ( 'NONE', #8696, #4734, #1901 ) ;
#11925 = CARTESIAN_POINT ( 'NONE',  ( -0.03749999999999999861, 0.3880000000000000115, -0.1125000000000001138 ) ) ;
#11926 = AXIS2_PLACEMENT_3D ( 'NONE', #8239, #7431, #6431 ) ;
#11927 = PRESENTATION_LAYER_ASSIGNMENT (  '', '', ( #7270 ) ) ;
#11928 = ORIENTED_EDGE ( 'NONE', *, *, #7663, .T. ) ;
#11929 = FACE_OUTER_BOUND ( 'NONE', #5843, .T. ) ;
#11930 = DIRECTION ( 'NONE',  ( 2.435670465107224942E-16, -1.000000000000000000, 0.000000000000000000 ) ) ;
#11931 = DIRECTION ( 'NONE',  ( 0.000000000000000000, 1.000000000000000000, 0.000000000000000000 ) ) ;
#11932 = ORIENTED_EDGE ( 'NONE', *, *, #3487, .T. ) ;
#11933 = SURFACE_STYLE_USAGE ( .BOTH. , #6026 ) ;
#11934 = CARTESIAN_POINT ( 'NONE',  ( -0.06250000000000001388, 0.3643779527559052878, 0.1124999999999998918 ) ) ;
#11935 = DIRECTION ( 'NONE',  ( 3.045457963692998845E-16, 1.000000000000000000, 0.000000000000000000 ) ) ;
#11936 = DIRECTION ( 'NONE',  ( 1.000000000000000000, 0.000000000000000000, -0.000000000000000000 ) ) ;
#11937 = CARTESIAN_POINT ( 'NONE',  ( -0.06999999999999999278, 0.1726274169979694906, 0.03799999999999978395 ) ) ;
#11938 = EDGE_LOOP ( 'NONE', ( #7158, #8245, #2210, #4112 ) ) ;
#11939 = FACE_OUTER_BOUND ( 'NONE', #3930, .T. ) ;
#11940 =( LENGTH_UNIT ( ) NAMED_UNIT ( * ) SI_UNIT ( $, .METRE. ) );
#11941 = VECTOR ( 'NONE', #9372, 39.37007874015748143 ) ;
#11942 = ADVANCED_FACE ( 'NONE', ( #9729 ), #9857, .F. ) ;
#11943 = EDGE_LOOP ( 'NONE', ( #3428, #3557, #8450, #3121 ) ) ;
#11944 = DIRECTION ( 'NONE',  ( 0.000000000000000000, 0.000000000000000000, -1.000000000000000000 ) ) ;
#11945 = EDGE_LOOP ( 'NONE', ( #11807, #4634, #11899, #11420 ) ) ;
#11946 = FACE_OUTER_BOUND ( 'NONE', #4019, .T. ) ;
#11947 = LINE ( 'NONE', #9842, #8150 ) ;
#11948 = LINE ( 'NONE', #3749, #1820 ) ;
#11949 = DIRECTION ( 'NONE',  ( 0.000000000000000000, 0.000000000000000000, 1.000000000000000000 ) ) ;
#11950 = VECTOR ( 'NONE', #8505, 39.37007874015748143 ) ;
#11951 = PLANE ( 'NONE',  #12221 ) ;
#11952 = EDGE_CURVE ( 'NONE', #4105, #7634, #4358, .T. ) ;
#11953 = AXIS2_PLACEMENT_3D ( 'NONE', #2850, #6873, #10910 ) ;
#11954 = EDGE_CURVE ( 'NONE', #2601, #4840, #2788, .T. ) ;
#11955 = FACE_OUTER_BOUND ( 'NONE', #920, .T. ) ;
#11957 = ORIENTED_EDGE ( 'NONE', *, *, #6728, .T. ) ;
#11956 = PRODUCT_RELATED_PRODUCT_CATEGORY ( 'part', '', ( #12159 ) ) ;
#11958 = ORIENTED_EDGE ( 'NONE', *, *, #466, .T. ) ;
#11959 = FILL_AREA_STYLE_COLOUR ( '', #12332 ) ;
#11960 = ORIENTED_EDGE ( 'NONE', *, *, #4829, .F. ) ;
#11961 = DIRECTION ( 'NONE',  ( -0.3236155771181825069, 0.8891264907159898145, -0.3236155771181825069 ) ) ;
#11962 = COLOUR_RGB ( '',1.000000000000000000, 0.8117647058823529438, 0.5019607843137254832 ) ;
#11963 = LINE ( 'NONE', #9924, #8588 ) ;
#11964 = DIRECTION ( 'NONE',  ( -0.000000000000000000, 1.000000000000000000, -0.000000000000000000 ) ) ;
#11965 = CARTESIAN_POINT ( 'NONE',  ( -0.1449999999999999623, 0.01640227793071964008, 0.003902277930719528359 ) ) ;
#11966 = EDGE_CURVE ( 'NONE', #11534, #7227, #11773, .T. ) ;
#11967 = ADVANCED_FACE ( 'NONE', ( #6807 ), #1787, .F. ) ;
#11968 = UNCERTAINTY_MEASURE_WITH_UNIT (LENGTH_MEASURE( 1.000000000000000082E-05 ), #8901, 'distance_accuracy_value', 'NONE');
#11969 = CARTESIAN_POINT ( 'NONE',  ( -0.06249999999999981959, 0.05799999999999996825, -0.01250000000000010651 ) ) ;
#11970 = DIRECTION ( 'NONE',  ( -1.000000000000000000, 0.000000000000000000, 0.000000000000000000 ) ) ;
#11971 = ADVANCED_FACE ( 'NONE', ( #11516 ), #2914, .F. ) ;
#11972 = CARTESIAN_POINT ( 'NONE',  ( 0.06250000000000001388, 0.05799999999999996825, -0.1125000000000001138 ) ) ;
#11973 = AXIS2_PLACEMENT_3D ( 'NONE', #3059, #2003, #6079 ) ;
#11975 = ORIENTED_EDGE ( 'NONE', *, *, #559, .F. ) ;
#11974 = EDGE_CURVE ( 'NONE', #7852, #8518, #11963, .T. ) ;
#11976 = ORIENTED_EDGE ( 'NONE', *, *, #8011, .T. ) ;
#11977 = DIRECTION ( 'NONE',  ( 0.000000000000000000, 1.000000000000000000, 0.000000000000000000 ) ) ;
#11978 = PRESENTATION_LAYER_ASSIGNMENT (  '', '', ( #6697 ) ) ;
#11979 = DIRECTION ( 'NONE',  ( 0.000000000000000000, 0.000000000000000000, 1.000000000000000000 ) ) ;
#11980 = CARTESIAN_POINT ( 'NONE',  ( 0.06250000000000001388, 0.3643779527559052878, 0.2124999999999999112 ) ) ;
#11981 = ORIENTED_EDGE ( 'NONE', *, *, #8249, .T. ) ;
#11982 = DIRECTION ( 'NONE',  ( -1.000000000000000000, 0.000000000000000000, -0.000000000000000000 ) ) ;
#11984 = VERTEX_POINT ( 'NONE', #1718 ) ;
#11983 = EDGE_CURVE ( 'NONE', #3063, #4349, #3821, .T. ) ;
#11985 = DIRECTION ( 'NONE',  ( -1.000000000000000000, 0.000000000000000000, 0.000000000000000000 ) ) ;
#11986 = PRESENTATION_LAYER_ASSIGNMENT (  '', '', ( #4591 ) ) ;
#11987 = EDGE_LOOP ( 'NONE', ( #8557, #10148, #865, #8431 ) ) ;
#11988 =( LENGTH_UNIT ( ) NAMED_UNIT ( * ) SI_UNIT ( $, .METRE. ) );
#11989 = DIRECTION ( 'NONE',  ( 0.000000000000000000, 0.000000000000000000, 1.000000000000000000 ) ) ;
#11990 = AXIS2_PLACEMENT_3D ( 'NONE', #1926, #8010, #12239 ) ;
#11991 = VECTOR ( 'NONE', #5947, 39.37007874015748143 ) ;
#11992 = VECTOR ( 'NONE', #1995, 39.37007874015748143 ) ;
#11993 = EDGE_LOOP ( 'NONE', ( #1768, #1000, #2103, #10164 ) ) ;
#11994 = LENGTH_MEASURE_WITH_UNIT ( LENGTH_MEASURE( 0.02539999999999999897 ), #3914 );
#11995 = DIRECTION ( 'NONE',  ( 1.000000000000000000, -0.000000000000000000, -0.000000000000000000 ) ) ;
#11996 = VERTEX_POINT ( 'NONE', #5729 ) ;
#11997 = VECTOR ( 'NONE', #8582, 39.37007874015748143 ) ;
#11998 = LINE ( 'NONE', #8091, #8119 ) ;
#11999 =( NAMED_UNIT ( * ) SI_UNIT ( $, .STERADIAN. ) SOLID_ANGLE_UNIT ( ) );
#12000 = CARTESIAN_POINT ( 'NONE',  ( -0.03749999999999999861, 0.3643779527559052878, 0.08749999999999988343 ) ) ;
#12001 = FACE_OUTER_BOUND ( 'NONE', #11841, .T. ) ;
#12002 = FACE_OUTER_BOUND ( 'NONE', #5882, .T. ) ;
#12003 = ORIENTED_EDGE ( 'NONE', *, *, #7, .F. ) ;
#12004 = VECTOR ( 'NONE', #2068, 39.37007874015748143 ) ;
#12005 = PLANE ( 'NONE',  #8342 ) ;
#12006 = SURFACE_SIDE_STYLE ('',( #781 ) ) ;
#12007 = LINE ( 'NONE', #50, #484 ) ;
#12008 = VERTEX_POINT ( 'NONE', #10544 ) ;
#12009 = CARTESIAN_POINT ( 'NONE',  ( 0.06250000000000001388, 0.3880000000000000115, 0.1874999999999999167 ) ) ;
#12010 = AXIS2_PLACEMENT_3D ( 'NONE', #3815, #657, #7862 ) ;
#12011 = CARTESIAN_POINT ( 'NONE',  ( -0.04609772206928037380, 0.3880000000000000115, 0.1039022779307195166 ) ) ;
#12012 = VERTEX_POINT ( 'NONE', #9787 ) ;
#12013 = AXIS2_PLACEMENT_3D ( 'NONE', #10382, #458, #4350 ) ;
#12014 = DIRECTION ( 'NONE',  ( 1.000000000000000000, 0.000000000000000000, 7.854062981784756704E-15 ) ) ;
#12015 = FILL_AREA_STYLE ('',( #9043 ) ) ;
#12016 = AXIS2_PLACEMENT_3D ( 'NONE', #6574, #4599, #8638 ) ;
#12017 = DIRECTION ( 'NONE',  ( 0.000000000000000000, 0.000000000000000000, 1.000000000000000000 ) ) ;
#12018 = ORIENTED_EDGE ( 'NONE', *, *, #7592, .F. ) ;
#12019 = CARTESIAN_POINT ( 'NONE',  ( -0.03749999999999999861, 0.2150000000000000244, 0.1874999999999999167 ) ) ;
#12020 = EDGE_CURVE ( 'NONE', #8640, #2971, #734, .T. ) ;
#12021 =( CONVERSION_BASED_UNIT ( 'INCH', #12077 ) LENGTH_UNIT ( ) NAMED_UNIT ( #764 ) );
#12022 = FACE_OUTER_BOUND ( 'NONE', #11219, .T. ) ;
#12023 = VERTEX_POINT ( 'NONE', #12825 ) ;
#12024 = ORIENTED_EDGE ( 'NONE', *, *, #8980, .F. ) ;
#12025 = DIRECTION ( 'NONE',  ( 1.000000000000000000, 1.138269997360106963E-16, 0.000000000000000000 ) ) ;
#12026 = ORIENTED_EDGE ( 'NONE', *, *, #9847, .F. ) ;
#12027 = LINE ( 'NONE', #10842, #5953 ) ;
#12028 = EDGE_CURVE ( 'NONE', #3999, #3420, #3759, .T. ) ;
#12029 = VECTOR ( 'NONE', #1804, 39.37007874015748143 ) ;
#12030 = CARTESIAN_POINT ( 'NONE',  ( 0.07000000000000000666, 0.1419999999999999873, -0.2300000000000002875 ) ) ;
#12031 = CYLINDRICAL_SURFACE ( 'NONE', #4927, 0.007999999999999989758 ) ;
#12032 = CARTESIAN_POINT ( 'NONE',  ( 0.1449999999999999623, -0.03750000000000000555, -0.2039022779307197442 ) ) ;
#12033 = EDGE_CURVE ( 'NONE', #3858, #10866, #5927, .T. ) ;
#12034 = CARTESIAN_POINT ( 'NONE',  ( -0.06250000000000001388, 0.2150000000000000244, 0.1874999999999999167 ) ) ;
#12035 = CARTESIAN_POINT ( 'NONE',  ( -0.03749999999999980432, 0.1419999999999999873, -0.2125000000000001332 ) ) ;
#12036 = SURFACE_SIDE_STYLE ('',( #12968 ) ) ;
#12037 = CARTESIAN_POINT ( 'NONE',  ( -0.03749999999999999861, 0.3643779527559052878, -0.01250000000000010651 ) ) ;
#12038 = VERTEX_POINT ( 'NONE', #9986 ) ;
#12039 = ORIENTED_EDGE ( 'NONE', *, *, #6390, .T. ) ;
#12040 = CARTESIAN_POINT ( 'NONE',  ( -0.1213779527559052385, -2.828069580055263137E-18, -0.08750000000000010547 ) ) ;
#12041 = DIRECTION ( 'NONE',  ( 0.3420201433256656598, 0.9396926207859095381, 0.000000000000000000 ) ) ;
#12042 = ADVANCED_FACE ( 'NONE', ( #925 ), #11903, .T. ) ;
#12043 = DIRECTION ( 'NONE',  ( 0.000000000000000000, 1.000000000000000000, 0.000000000000000000 ) ) ;
#12044 = DIRECTION ( 'NONE',  ( 0.000000000000000000, -0.000000000000000000, -1.000000000000000000 ) ) ;
#12045 = DIRECTION ( 'NONE',  ( 1.000000000000000000, 0.000000000000000000, 0.000000000000000000 ) ) ;
#12046 = ORIENTED_EDGE ( 'NONE', *, *, #6137, .F. ) ;
#12047 = SURFACE_STYLE_USAGE ( .BOTH. , #12849 ) ;
#12048 = ORIENTED_EDGE ( 'NONE', *, *, #11983, .T. ) ;
#12049 = EDGE_CURVE ( 'NONE', #11648, #6740, #4942, .T. ) ;
#12050 = LINE ( 'NONE', #6227, #5838 ) ;
#12051 = LINE ( 'NONE', #4238, #2090 ) ;
#12052 = EDGE_CURVE ( 'NONE', #1604, #11785, #11229, .T. ) ;
#12053 = ORIENTED_EDGE ( 'NONE', *, *, #979, .T. ) ;
#12054 = CARTESIAN_POINT ( 'NONE',  ( -0.06999999999999999278, 0.04999999999999998196, 0.1619999999999997553 ) ) ;
#12055 = DIRECTION ( 'NONE',  ( 0.000000000000000000, -0.000000000000000000, 1.000000000000000000 ) ) ;
#12056 = EDGE_CURVE ( 'NONE', #2538, #12416, #5406, .T. ) ;
#12057 = PLANE ( 'NONE',  #2754 ) ;
#12058 = ORIENTED_EDGE ( 'NONE', *, *, #12101, .F. ) ;
#12059 = CARTESIAN_POINT ( 'NONE',  ( -0.06250000000000001388, 0.2150000000000000244, 0.01249999999999990008 ) ) ;
#12060 = FILL_AREA_STYLE_COLOUR ( '', #1673 ) ;
#12061 = CARTESIAN_POINT ( 'NONE',  ( 0.07000000000000002054, 0.02737258300203046849, -0.07000000000000022871 ) ) ;
#12062 = CARTESIAN_POINT ( 'NONE',  ( 0.04609772206928037380, 0.3880000000000000115, -0.1960977220692805001 ) ) ;
#12063 = LINE ( 'NONE', #9096, #4970 ) ;
#12064 = ORIENTED_EDGE ( 'NONE', *, *, #8733, .T. ) ;
#12065 = CARTESIAN_POINT ( 'NONE',  ( 0.1449999999999999623, 0.01640227793071964008, 0.000000000000000000 ) ) ;
#12066 = DIRECTION ( 'NONE',  ( -1.000000000000000000, -0.000000000000000000, -0.000000000000000000 ) ) ;
#12067 = DIRECTION ( 'NONE',  ( -1.000000000000000000, -2.435670465107224942E-16, 0.000000000000000000 ) ) ;
#12068 = ORIENTED_EDGE ( 'NONE', *, *, #6765, .F. ) ;
#12069 = CARTESIAN_POINT ( 'NONE',  ( -0.03749999999999999861, 0.05799999999999996825, -0.1875000000000001110 ) ) ;
#12070 = CARTESIAN_POINT ( 'NONE',  ( -0.07000000000000017319, 0.04999999999999998196, 0.1529999999999999138 ) ) ;
#12071 = VERTEX_POINT ( 'NONE', #2192 ) ;
#12072 = CARTESIAN_POINT ( 'NONE',  ( 0.03749999999999999861, 0.2150000000000000244, -0.01250000000000010651 ) ) ;
#12073 = DIRECTION ( 'NONE',  ( 1.000000000000000000, 2.435670465107224942E-16, 0.000000000000000000 ) ) ;
#12074 = CARTESIAN_POINT ( 'NONE',  ( -0.1213779527559052385, -2.828069580055263522E-18, 0.1124999999999998918 ) ) ;
#12075 = EDGE_LOOP ( 'NONE', ( #12128, #3247, #6539, #966 ) ) ;
#12076 = LINE ( 'NONE', #10245, #2838 ) ;
#12077 = LENGTH_MEASURE_WITH_UNIT ( LENGTH_MEASURE( 0.02539999999999999897 ), #916 );
#12078 = AXIS2_PLACEMENT_3D ( 'NONE', #9165, #1165, #10424 ) ;
#12079 = CARTESIAN_POINT ( 'NONE',  ( 0.09499999999999998723, 0.05799999999999997519, 0.2500000000000000555 ) ) ;
#12080 = ORIENTED_EDGE ( 'NONE', *, *, #6865, .F. ) ;
#12081 = VECTOR ( 'NONE', #8698, 39.37007874015748143 ) ;
#12082 = ORIENTED_EDGE ( 'NONE', *, *, #9561, .T. ) ;
#12083 = FACE_OUTER_BOUND ( 'NONE', #615, .T. ) ;
#12084 = DIRECTION ( 'NONE',  ( -1.000000000000000000, 0.000000000000000000, -0.000000000000000000 ) ) ;
#12085 = EDGE_CURVE ( 'NONE', #10578, #1021, #71, .T. ) ;
#12086 = ORIENTED_EDGE ( 'NONE', *, *, #8078, .T. ) ;
#12087 = CARTESIAN_POINT ( 'NONE',  ( -0.03749999999999999861, 0.1419999999999999873, -0.1875000000000001110 ) ) ;
#12088 = CARTESIAN_POINT ( 'NONE',  ( -0.07500000000000005274, 0.02500000000000001180, 0.2124999999999999112 ) ) ;
#12089 = LENGTH_MEASURE_WITH_UNIT ( LENGTH_MEASURE( 0.02539999999999999897 ), #5865 );
#12090 = VECTOR ( 'NONE', #4, 39.37007874015748143 ) ;
#12091 = FACE_OUTER_BOUND ( 'NONE', #11938, .T. ) ;
#12092 = DIRECTION ( 'NONE',  ( 0.3420201433256658263, -1.041607969234569816E-16, -0.9396926207859095381 ) ) ;
#12093 = AXIS2_PLACEMENT_3D ( 'NONE', #2005, #88, #1068 ) ;
#12094 = CARTESIAN_POINT ( 'NONE',  ( -0.07500000000000005274, 0.02500000000000001180, 0.01249999999999990008 ) ) ;
#12095 = VECTOR ( 'NONE', #10907, 39.37007874015748143 ) ;
#12096 = FILL_AREA_STYLE_COLOUR ( '', #2488 ) ;
#12097 = DIRECTION ( 'NONE',  ( 0.000000000000000000, 0.000000000000000000, -1.000000000000000000 ) ) ;
#12098 = ORIENTED_EDGE ( 'NONE', *, *, #1539, .F. ) ;
#12099 = ORIENTED_EDGE ( 'NONE', *, *, #11442, .F. ) ;
#12100 = LINE ( 'NONE', #5021, #1124 ) ;
#12101 = EDGE_CURVE ( 'NONE', #10434, #11871, #565, .T. ) ;
#12102 = VECTOR ( 'NONE', #5949, 39.37007874015748143 ) ;
#12103 = VERTEX_POINT ( 'NONE', #3950 ) ;
#12104 = CIRCLE ( 'NONE', #10430, 0.01250000000000008049 ) ;
#12105 = CARTESIAN_POINT ( 'NONE',  ( 0.07500000000000005274, 0.02499999999999992506, 0.1124999999999998918 ) ) ;
#12106 = CARTESIAN_POINT ( 'NONE',  ( 0.06250000000000001388, 0.2150000000000000244, -0.1125000000000001138 ) ) ;
#12107 = LINE ( 'NONE', #6954, #9610 ) ;
#12108 = EDGE_LOOP ( 'NONE', ( #4315, #12474, #2350, #5874 ) ) ;
#12109 = DIRECTION ( 'NONE',  ( 0.9153150324227631307, 0.000000000000000000, -0.4027386142660223656 ) ) ;
#12110 = VECTOR ( 'NONE', #1605, 39.37007874015748143 ) ;
#12111 = UNCERTAINTY_MEASURE_WITH_UNIT (LENGTH_MEASURE( 1.000000000000000082E-05 ), #2385, 'distance_accuracy_value', 'NONE');
#12112 = ORIENTED_EDGE ( 'NONE', *, *, #6877, .T. ) ;
#12113 = CARTESIAN_POINT ( 'NONE',  ( -0.03749999999999999861, 0.2150000000000000244, -0.08750000000000010547 ) ) ;
#12114 = CARTESIAN_POINT ( 'NONE',  ( 0.03749999999999999861, 0.05799999999999996825, -0.1875000000000001110 ) ) ;
#12115 =( GEOMETRIC_REPRESENTATION_CONTEXT ( 3 ) GLOBAL_UNCERTAINTY_ASSIGNED_CONTEXT ( ( #12111 ) ) GLOBAL_UNIT_ASSIGNED_CONTEXT ( ( #2385, #10442, #10318 ) ) REPRESENTATION_CONTEXT ( 'NONE', 'WORKASPACE' ) );
#12116 = EDGE_CURVE ( 'NONE', #6801, #3718, #6200, .T. ) ;
#12117 = CARTESIAN_POINT ( 'NONE',  ( -0.06250000000000001388, 0.2150000000000000244, 0.08749999999999988343 ) ) ;
#12118 = VECTOR ( 'NONE', #1248, 39.37007874015748143 ) ;
#12119 = FILL_AREA_STYLE_COLOUR ( '', #9054 ) ;
#12120 = EDGE_CURVE ( 'NONE', #7881, #5057, #12809, .T. ) ;
#12121 = VECTOR ( 'NONE', #4880, 39.37007874015748143 ) ;
#12123 = ORIENTED_EDGE ( 'NONE', *, *, #12440, .F. ) ;
#12122 = ADVANCED_FACE ( 'NONE', ( #5995 ), #11167, .T. ) ;
#12124 = SURFACE_STYLE_FILL_AREA ( #11120 ) ;
#12125 = EDGE_CURVE ( 'NONE', #6745, #4790, #8267, .T. ) ;
#12126 = SURFACE_SIDE_STYLE ('',( #2875 ) ) ;
#12127 = CARTESIAN_POINT ( 'NONE',  ( 0.1449999999999999623, 0.02500000000000000139, -0.2039022779307197442 ) ) ;
#12128 = ORIENTED_EDGE ( 'NONE', *, *, #2940, .F. ) ;
#12129 = PLANE ( 'NONE',  #4314 ) ;
#12130 = AXIS2_PLACEMENT_3D ( 'NONE', #10435, #11615, #12481 ) ;
#12131 = LINE ( 'NONE', #7909, #7524 ) ;
#12132 = CARTESIAN_POINT ( 'NONE',  ( -0.03750000000000004718, 0.03750000000000001249, 0.01249999999999990008 ) ) ;
#12133 = CARTESIAN_POINT ( 'NONE',  ( 0.06250000000000001388, 0.3643779527559052878, 0.1874999999999999167 ) ) ;
#12134 = DIRECTION ( 'NONE',  ( -5.850480457187554951E-16, -1.000000000000000000, -0.000000000000000000 ) ) ;
#12135 = EDGE_LOOP ( 'NONE', ( #4502, #9880, #1606, #8690 ) ) ;
#12136 = LINE ( 'NONE', #11131, #12433 ) ;
#12137 = DIRECTION ( 'NONE',  ( -1.000000000000000000, 1.138269997360106963E-16, 0.000000000000000000 ) ) ;
#12138 = EDGE_CURVE ( 'NONE', #6363, #5098, #10057, .T. ) ;
#12139 = ADVANCED_FACE ( 'NONE', ( #138 ), #990, .T. ) ;
#12140 = DIRECTION ( 'NONE',  ( -1.000000000000000000, 0.000000000000000000, 0.000000000000000000 ) ) ;
#12141 = EDGE_CURVE ( 'NONE', #11767, #9138, #9186, .T. ) ;
#12142 = AXIS2_PLACEMENT_3D ( 'NONE', #7961, #8148, #9014 ) ;
#12143 = DIRECTION ( 'NONE',  ( -0.000000000000000000, -0.000000000000000000, -1.000000000000000000 ) ) ;
#12145 = ORIENTED_EDGE ( 'NONE', *, *, #1693, .F. ) ;
#12144 = ADVANCED_FACE ( 'NONE', ( #5073 ), #3109, .T. ) ;
#12146 = DIRECTION ( 'NONE',  ( -0.000000000000000000, 1.000000000000000000, -0.000000000000000000 ) ) ;
#12147 = DIRECTION ( 'NONE',  ( 0.000000000000000000, 0.000000000000000000, 1.000000000000000000 ) ) ;
#12148 = VERTEX_POINT ( 'NONE', #12163 ) ;
#12149 = CARTESIAN_POINT ( 'NONE',  ( 0.03750000000000004718, 0.03750000000000001249, 0.1124999999999998918 ) ) ;
#12150 = CARTESIAN_POINT ( 'NONE',  ( -0.07500000000000005274, 0.02499999999999992506, -0.2125000000000001332 ) ) ;
#12151 = DIRECTION ( 'NONE',  ( 0.3236155771181825069, -0.8891264907159898145, -0.3236155771181825069 ) ) ;
#12152 = EDGE_LOOP ( 'NONE', ( #10457, #3913, #675, #6552 ) ) ;
#12153 = DIRECTION ( 'NONE',  ( 0.000000000000000000, 1.000000000000000000, 0.000000000000000000 ) ) ;
#12154 = ORIENTED_EDGE ( 'NONE', *, *, #3839, .T. ) ;
#12155 = ORIENTED_EDGE ( 'NONE', *, *, #6452, .F. ) ;
#12156 = DIRECTION ( 'NONE',  ( 0.000000000000000000, 0.000000000000000000, -1.000000000000000000 ) ) ;
#12157 = DIRECTION ( 'NONE',  ( -1.000000000000000000, 0.000000000000000000, 0.000000000000000000 ) ) ;
#12158 = ORIENTED_EDGE ( 'NONE', *, *, #12366, .T. ) ;
#12159 = PRODUCT ( '10129383-xxxxxxxLF_(Additional)_10129383-910001ALF', '10129383-xxxxxxxLF_(Additional)_10129383-910001ALF', '', ( #11597 ) ) ;
#12160 = VECTOR ( 'NONE', #4423, 39.37007874015748143 ) ;
#12161 = CARTESIAN_POINT ( 'NONE',  ( -0.03749999999999999861, 0.2150000000000000244, 0.08749999999999988343 ) ) ;
#12162 = COLOUR_RGB ( '',1.000000000000000000, 0.8117647058823529438, 0.5019607843137254832 ) ;
#12163 = CARTESIAN_POINT ( 'NONE',  ( -0.03749999999999999861, 0.3643779527559052878, -0.01250000000000010651 ) ) ;
#12164 = DIRECTION ( 'NONE',  ( -6.097874985857737794E-17, 1.000000000000000000, 0.000000000000000000 ) ) ;
#12165 = CARTESIAN_POINT ( 'NONE',  ( -0.03749999999999999861, 0.05799999999999996825, -0.08750000000000010547 ) ) ;
#12166 = DIRECTION ( 'NONE',  ( 1.000000000000000000, 0.000000000000000000, 0.000000000000000000 ) ) ;
#12167 = CARTESIAN_POINT ( 'NONE',  ( -0.06250000000000001388, 0.3880000000000000115, 0.01249999999999990008 ) ) ;
#12168 = DIMENSIONAL_EXPONENTS ( 1.000000000000000000, 0.000000000000000000, 0.000000000000000000, 0.000000000000000000, 0.000000000000000000, 0.000000000000000000, 0.000000000000000000 ) ;
#12169 = STYLED_ITEM ( 'NONE', ( #3206 ), #11820 ) ;
#12170 = LINE ( 'NONE', #6998, #8631 ) ;
#12171 =( GEOMETRIC_REPRESENTATION_CONTEXT ( 3 ) GLOBAL_UNCERTAINTY_ASSIGNED_CONTEXT ( ( #1270 ) ) GLOBAL_UNIT_ASSIGNED_CONTEXT ( ( #448, #9569, #6575 ) ) REPRESENTATION_CONTEXT ( 'NONE', 'WORKASPACE' ) );
#12172 = EDGE_LOOP ( 'NONE', ( #5654, #12003, #3271, #6630 ) ) ;
#12173 = ORIENTED_EDGE ( 'NONE', *, *, #4750, .F. ) ;
#12174 = CARTESIAN_POINT ( 'NONE',  ( -0.1449999999999999623, -4.268512490100412049E-18, -0.1960977220692805001 ) ) ;
#12175 = MECHANICAL_DESIGN_GEOMETRIC_PRESENTATION_REPRESENTATION (  '', ( #3101 ), #5825 ) ;
#12176 = ORIENTED_EDGE ( 'NONE', *, *, #5581, .T. ) ;
#12177 = PRESENTATION_STYLE_ASSIGNMENT (( #11375 ) ) ;
#12178 = FACE_OUTER_BOUND ( 'NONE', #6340, .T. ) ;
#12179 = CIRCLE ( 'NONE', #11744, 0.007999999999999972411 ) ;
#12180 = DIRECTION ( 'NONE',  ( 0.000000000000000000, 0.000000000000000000, 1.000000000000000000 ) ) ;
#12181 = ORIENTED_EDGE ( 'NONE', *, *, #4256, .T. ) ;
#12182 = PLANE ( 'NONE',  #1645 ) ;
#12183 = ORIENTED_EDGE ( 'NONE', *, *, #10691, .T. ) ;
#12184 = PRESENTATION_STYLE_ASSIGNMENT (( #8224 ) ) ;
#12185 = AXIS2_PLACEMENT_3D ( 'NONE', #1952, #8891, #12191 ) ;
#12186 = DIRECTION ( 'NONE',  ( -0.000000000000000000, -0.000000000000000000, -1.000000000000000000 ) ) ;
#12187 = EDGE_CURVE ( 'NONE', #11700, #12570, #12179, .T. ) ;
#12188 = CARTESIAN_POINT ( 'NONE',  ( -0.03750000000000004718, 0.03750000000000001249, 0.01249999999999990008 ) ) ;
#12189 = EDGE_LOOP ( 'NONE', ( #7611, #4657, #9837, #11330 ) ) ;
#12190 = SURFACE_STYLE_USAGE ( .BOTH. , #228 ) ;
#12191 = DIRECTION ( 'NONE',  ( 0.000000000000000000, 0.000000000000000000, 1.000000000000000000 ) ) ;
#12192 = DIRECTION ( 'NONE',  ( 0.000000000000000000, 0.000000000000000000, 1.000000000000000000 ) ) ;
#12193 = ORIENTED_EDGE ( 'NONE', *, *, #10691, .F. ) ;
#12194 = VECTOR ( 'NONE', #10168, 39.37007874015748143 ) ;
#12195 = FACE_OUTER_BOUND ( 'NONE', #7538, .T. ) ;
#12196 = ORIENTED_EDGE ( 'NONE', *, *, #1515, .T. ) ;
#12197 = LINE ( 'NONE', #12000, #4919 ) ;
#12198 = LINE ( 'NONE', #9095, #11869 ) ;
#12199 = MECHANICAL_DESIGN_GEOMETRIC_PRESENTATION_REPRESENTATION (  '', ( #3120 ), #2497 ) ;
#12200 = ADVANCED_FACE ( 'NONE', ( #2059 ), #3240, .F. ) ;
#12201 = DIRECTION ( 'NONE',  ( -1.000000000000000000, 0.000000000000000000, 0.000000000000000000 ) ) ;
#12202 = ORIENTED_EDGE ( 'NONE', *, *, #6775, .F. ) ;
#12203 = FILL_AREA_STYLE_COLOUR ( '', #11586 ) ;
#12204 = CARTESIAN_POINT ( 'NONE',  ( -0.06999999999999999278, 0.05799999999999997519, -0.2380000000000002669 ) ) ;
#12205 = AXIS2_PLACEMENT_3D ( 'NONE', #8666, #5676, #3629 ) ;
#12206 = CARTESIAN_POINT ( 'NONE',  ( 0.04609772206928037380, 0.3880000000000000115, 0.2039022779307195499 ) ) ;
#12207 = EDGE_CURVE ( 'NONE', #9608, #9138, #11294, .T. ) ;
#12208 = VECTOR ( 'NONE', #5212, 39.37007874015748143 ) ;
#12209 = VECTOR ( 'NONE', #5605, 39.37007874015748143 ) ;
#12210 = CARTESIAN_POINT ( 'NONE',  ( 0.07000000000000000666, 0.1499999999999999944, -0.1380000000000002336 ) ) ;
#12211 = ORIENTED_EDGE ( 'NONE', *, *, #5251, .F. ) ;
#12212 = LINE ( 'NONE', #3091, #4977 ) ;
#12213 = CARTESIAN_POINT ( 'NONE',  ( 0.07500000000000005274, 0.02499999999999992506, 0.01249999999999990008 ) ) ;
#12214 = EDGE_LOOP ( 'NONE', ( #4250, #10779, #10837, #12425 ) ) ;
#12215 = LINE ( 'NONE', #3996, #368 ) ;
#12216 = CARTESIAN_POINT ( 'NONE',  ( 0.07999999999999987677, 0.6848831648126535443, -0.2499999999999998335 ) ) ;
#12217 = EDGE_CURVE ( 'NONE', #12510, #9337, #6268, .T. ) ;
#12218 = FACE_BOUND ( 'NONE', #10645, .T. ) ;
#12219 = ORIENTED_EDGE ( 'NONE', *, *, #3466, .F. ) ;
#12220 = DIRECTION ( 'NONE',  ( 1.000000000000000000, 0.000000000000000000, 0.000000000000000000 ) ) ;
#12221 = AXIS2_PLACEMENT_3D ( 'NONE', #10965, #11153, #5130 ) ;
#12222 = EDGE_CURVE ( 'NONE', #10027, #3983, #10123, .T. ) ;
#12223 = AXIS2_PLACEMENT_3D ( 'NONE', #7171, #6105, #6364 ) ;
#12224 = AXIS2_PLACEMENT_3D ( 'NONE', #3092, #13068, #8048 ) ;
#12225 = LENGTH_MEASURE_WITH_UNIT ( LENGTH_MEASURE( 0.02539999999999999897 ), #10314 );
#12226 = ORIENTED_EDGE ( 'NONE', *, *, #11147, .F. ) ;
#12227 = VERTEX_POINT ( 'NONE', #9119 ) ;
#12228 = EDGE_CURVE ( 'NONE', #3420, #2910, #11625, .T. ) ;
#12229 = DIRECTION ( 'NONE',  ( -1.000000000000000000, 0.000000000000000000, -0.000000000000000000 ) ) ;
#12230 = AXIS2_PLACEMENT_3D ( 'NONE', #4884, #9673, #5681 ) ;
#12231 = LINE ( 'NONE', #5138, #907 ) ;
#12232 = VERTEX_POINT ( 'NONE', #6463 ) ;
#12233 = CARTESIAN_POINT ( 'NONE',  ( 0.05988182395616164361, 0.3715713323165082960, 0.09011817604383823288 ) ) ;
#12234 = DIRECTION ( 'NONE',  ( 0.000000000000000000, 0.000000000000000000, 1.000000000000000000 ) ) ;
#12235 = DIRECTION ( 'NONE',  ( 0.9153150324227631307, 0.000000000000000000, 0.4027386142660223101 ) ) ;
#12236 = CARTESIAN_POINT ( 'NONE',  ( -0.07500000000000005274, 0.02499999999999992506, 0.1874999999999999167 ) ) ;
#12237 = CARTESIAN_POINT ( 'NONE',  ( -0.06999999999999999278, 0.1726274169979694906, -0.1700000000000002343 ) ) ;
#12238 = LINE ( 'NONE', #4016, #11883 ) ;
#12239 = DIRECTION ( 'NONE',  ( 0.000000000000000000, 0.000000000000000000, 1.000000000000000000 ) ) ;
#12240 = CARTESIAN_POINT ( 'NONE',  ( 0.03749999999999999861, 0.1419999999999999873, 0.01249999999999990008 ) ) ;
#12241 = ORIENTED_EDGE ( 'NONE', *, *, #3804, .T. ) ;
#12242 = ORIENTED_EDGE ( 'NONE', *, *, #2768, .F. ) ;
#12243 = CARTESIAN_POINT ( 'NONE',  ( 0.07000000000000000666, 0.1419999999999999873, 0.06199999999999975669 ) ) ;
#12244 = ORIENTED_EDGE ( 'NONE', *, *, #3970, .F. ) ;
#12245 = AXIS2_PLACEMENT_3D ( 'NONE', #12777, #8554, #11791 ) ;
#12246 = LINE ( 'NONE', #12374, #10973 ) ;
#12247 = LENGTH_MEASURE_WITH_UNIT ( LENGTH_MEASURE( 0.02539999999999999897 ), #9074 );
#12248 = DIRECTION ( 'NONE',  ( 0.000000000000000000, 1.000000000000000000, 0.000000000000000000 ) ) ;
#12249 = ORIENTED_EDGE ( 'NONE', *, *, #12305, .F. ) ;
#12250 = DIRECTION ( 'NONE',  ( 1.000000000000000000, -6.097874985857736561E-17, 0.000000000000000000 ) ) ;
#12251 = UNCERTAINTY_MEASURE_WITH_UNIT (LENGTH_MEASURE( 1.000000000000000082E-05 ), #4774, 'distance_accuracy_value', 'NONE');
#12252 = VERTEX_POINT ( 'NONE', #2519 ) ;
#12253 = DIRECTION ( 'NONE',  ( 0.000000000000000000, 1.000000000000000000, 0.000000000000000000 ) ) ;
#12254 = DIRECTION ( 'NONE',  ( -0.000000000000000000, -0.000000000000000000, -1.000000000000000000 ) ) ;
#12255 = VECTOR ( 'NONE', #4630, 39.37007874015748143 ) ;
#12256 =( LENGTH_UNIT ( ) NAMED_UNIT ( * ) SI_UNIT ( $, .METRE. ) );
#12257 = DIMENSIONAL_EXPONENTS ( 1.000000000000000000, 0.000000000000000000, 0.000000000000000000, 0.000000000000000000, 0.000000000000000000, 0.000000000000000000, 0.000000000000000000 ) ;
#12258 = ORIENTED_EDGE ( 'NONE', *, *, #1111, .T. ) ;
#12259 = CARTESIAN_POINT ( 'NONE',  ( 0.07000000000000002054, 0.04999999999999998196, -0.06200000000000022854 ) ) ;
#12260 = LINE ( 'NONE', #12457, #7540 ) ;
#12261 = PLANE ( 'NONE',  #12661 ) ;
#12262 = ORIENTED_EDGE ( 'NONE', *, *, #12367, .T. ) ;
#12263 = ADVANCED_FACE ( 'NONE', ( #8466 ), #12490, .T. ) ;
#12264 = CARTESIAN_POINT ( 'NONE',  ( 0.03749999999999999861, 0.3880000000000000115, 0.1124999999999998918 ) ) ;
#12265 = CARTESIAN_POINT ( 'NONE',  ( -0.03749999999999980432, 0.05799999999999996825, 0.08749999999999986955 ) ) ;
#12266 = ORIENTED_EDGE ( 'NONE', *, *, #6452, .T. ) ;
#12267 =( LENGTH_UNIT ( ) NAMED_UNIT ( * ) SI_UNIT ( $, .METRE. ) );
#12268 = SURFACE_STYLE_FILL_AREA ( #10354 ) ;
#12269 = CARTESIAN_POINT ( 'NONE',  ( -0.03749999999999980432, 0.05799999999999996825, 0.1874999999999999167 ) ) ;
#12270 = ORIENTED_EDGE ( 'NONE', *, *, #31, .F. ) ;
#12271 = DIRECTION ( 'NONE',  ( -1.000000000000000000, 3.045457963692998845E-16, 0.000000000000000000 ) ) ;
#12272 =( CONVERSION_BASED_UNIT ( 'INCH', #6653 ) LENGTH_UNIT ( ) NAMED_UNIT ( #9536 ) );
#12273 = FACE_BOUND ( 'NONE', #4632, .T. ) ;
#12274 = CLOSED_SHELL ( 'NONE', ( #7196, #835, #6366, #9228, #8596, #7350, #8749, #10161, #4553, #8569 ) ) ;
#12275 = LINE ( 'NONE', #3215, #8947 ) ;
#12276 = ADVANCED_FACE ( 'NONE', ( #1504 ), #8593, .F. ) ;
#12277 = DIRECTION ( 'NONE',  ( 0.000000000000000000, 0.000000000000000000, 1.000000000000000000 ) ) ;
#12278 = ORIENTED_EDGE ( 'NONE', *, *, #7448, .T. ) ;
#12279 = LINE ( 'NONE', #1292, #5258 ) ;
#12280 = ORIENTED_EDGE ( 'NONE', *, *, #7930, .F. ) ;
#12281 = ADVANCED_FACE ( 'NONE', ( #3434 ), #2452, .T. ) ;
#12282 = LINE ( 'NONE', #13071, #3738 ) ;
#12283 = CARTESIAN_POINT ( 'NONE',  ( -0.07999999999999973799, 0.05799999999999997519, 0.2500000000000000555 ) ) ;
#12284 = LINE ( 'NONE', #7987, #10479 ) ;
#12285 = ORIENTED_EDGE ( 'NONE', *, *, #9766, .F. ) ;
#12286 = CARTESIAN_POINT ( 'NONE',  ( 0.06250000000000001388, 0.3643779527559052878, 0.01249999999999990008 ) ) ;
#12287 = UNCERTAINTY_MEASURE_WITH_UNIT (LENGTH_MEASURE( 1.000000000000000082E-05 ), #8438, 'distance_accuracy_value', 'NONE');
#12288 = EDGE_CURVE ( 'NONE', #6009, #2791, #2329, .T. ) ;
#12289 = ADVANCED_FACE ( 'NONE', ( #394 ), #10445, .T. ) ;
#12290 = DIRECTION ( 'NONE',  ( 0.000000000000000000, 0.000000000000000000, -1.000000000000000000 ) ) ;
#12291 = ORIENTED_EDGE ( 'NONE', *, *, #3784, .F. ) ;
#12292 = VERTEX_POINT ( 'NONE', #5470 ) ;
#12293 = CARTESIAN_POINT ( 'NONE',  ( 0.06250000000000001388, 0.2150000000000000244, -0.2125000000000001332 ) ) ;
#12294 = ADVANCED_FACE ( 'NONE', ( #3376 ), #529, .F. ) ;
#12295 = EDGE_CURVE ( 'NONE', #4627, #145, #9521, .T. ) ;
#12296 = ADVANCED_FACE ( 'NONE', ( #3498 ), #263, .T. ) ;
#12297 = DIRECTION ( 'NONE',  ( 0.000000000000000000, 0.000000000000000000, 1.000000000000000000 ) ) ;
#12298 = CARTESIAN_POINT ( 'NONE',  ( -0.06250000000000001388, 0.2150000000000000244, -0.08750000000000010547 ) ) ;
#12299 = CARTESIAN_POINT ( 'NONE',  ( 0.05988182395616164361, 0.3715713323165082960, 0.2098818239561615617 ) ) ;
#12300 = CARTESIAN_POINT ( 'NONE',  ( 0.000000000000000000, 0.3880000000000000115, 0.1039022779307195166 ) ) ;
#12301 = VECTOR ( 'NONE', #12657, 39.37007874015748143 ) ;
#12302 = ADVANCED_FACE ( 'NONE', ( #1312 ), #8526, .T. ) ;
#12303 = AXIS2_PLACEMENT_3D ( 'NONE', #8374, #1352, #12340 ) ;
#12304 =( NAMED_UNIT ( * ) SI_UNIT ( $, .STERADIAN. ) SOLID_ANGLE_UNIT ( ) );
#12305 = EDGE_CURVE ( 'NONE', #1511, #7124, #2578, .T. ) ;
#12306 = VERTEX_POINT ( 'NONE', #5532 ) ;
#12307 = VERTEX_POINT ( 'NONE', #6591 ) ;
#12308 = CARTESIAN_POINT ( 'NONE',  ( -0.03749999999999980432, 0.1419999999999999873, -0.01250000000000010651 ) ) ;
#12309 = ORIENTED_EDGE ( 'NONE', *, *, #8802, .T. ) ;
#12310 = EDGE_CURVE ( 'NONE', #10519, #4062, #335, .T. ) ;
#12311 = VECTOR ( 'NONE', #10471, 39.37007874015748143 ) ;
#12312 = DIRECTION ( 'NONE',  ( -1.000000000000000000, 0.000000000000000000, 0.000000000000000000 ) ) ;
#12313 = CARTESIAN_POINT ( 'NONE',  ( 0.07500000000000002498, 0.000000000000000000, -0.2125000000000001332 ) ) ;
#12314 = AXIS2_PLACEMENT_3D ( 'NONE', #12669, #1624, #10384 ) ;
#12315 = ORIENTED_EDGE ( 'NONE', *, *, #5333, .T. ) ;
#12316 =( CONVERSION_BASED_UNIT ( 'INCH', #4232 ) LENGTH_UNIT ( ) NAMED_UNIT ( #5092 ) );
#12317 = EDGE_LOOP ( 'NONE', ( #12596, #12979, #227, #7260 ) ) ;
#12318 = LINE ( 'NONE', #2148, #209 ) ;
#12319 = CARTESIAN_POINT ( 'NONE',  ( 0.06250000000000001388, 0.2150000000000000244, -0.1875000000000001110 ) ) ;
#12320 = PLANE ( 'NONE',  #12412 ) ;
#12321 = LINE ( 'NONE', #7293, #5446 ) ;
#12322 = VECTOR ( 'NONE', #5249, 39.37007874015748143 ) ;
#12323 = ORIENTED_EDGE ( 'NONE', *, *, #1213, .F. ) ;
#12324 = CARTESIAN_POINT ( 'NONE',  ( 0.1213779527559052385, -2.828069580055263137E-18, 0.1124999999999998918 ) ) ;
#12326 = FACE_OUTER_BOUND ( 'NONE', #9794, .T. ) ;
#12325 = VECTOR ( 'NONE', #9332, 39.37007874015748143 ) ;
#12327 = ORIENTED_EDGE ( 'NONE', *, *, #733, .T. ) ;
#12328 = CARTESIAN_POINT ( 'NONE',  ( 0.07000000000000002054, 0.04999999999999998196, 0.2379999999999997951 ) ) ;
#12329 = CARTESIAN_POINT ( 'NONE',  ( -0.05390227793071963869, 0.3880000000000000115, 0.1000000000000000056 ) ) ;
#12330 = ORIENTED_EDGE ( 'NONE', *, *, #9931, .T. ) ;
#12331 = DIRECTION ( 'NONE',  ( 1.000000000000000000, 3.414809992080306836E-16, 0.000000000000000000 ) ) ;
#12332 = COLOUR_RGB ( '',1.000000000000000000, 0.8117647058823529438, 0.5019607843137254832 ) ;
#12333 = VECTOR ( 'NONE', #3329, 39.37007874015748143 ) ;
#12334 = LINE ( 'NONE', #11457, #3916 ) ;
#12335 = EDGE_LOOP ( 'NONE', ( #1137, #12155, #10209, #5672 ) ) ;
#12336 = PLANE ( 'NONE',  #9060 ) ;
#12337 = AXIS2_PLACEMENT_3D ( 'NONE', #9009, #10989, #1939 ) ;
#12338 = COLOUR_RGB ( '',1.000000000000000000, 0.8117647058823529438, 0.5019607843137254832 ) ;
#12339 = LINE ( 'NONE', #9301, #12552 ) ;
#12340 = DIRECTION ( 'NONE',  ( -1.000000000000000000, 3.414809992080306836E-16, 0.000000000000000000 ) ) ;
#12341 =( GEOMETRIC_REPRESENTATION_CONTEXT ( 3 ) GLOBAL_UNCERTAINTY_ASSIGNED_CONTEXT ( ( #9376 ) ) GLOBAL_UNIT_ASSIGNED_CONTEXT ( ( #5606, #8599, #7666 ) ) REPRESENTATION_CONTEXT ( 'NONE', 'WORKASPACE' ) );
#12342 = ORIENTED_EDGE ( 'NONE', *, *, #9528, .T. ) ;
#12343 = SURFACE_STYLE_FILL_AREA ( #11276 ) ;
#12344 = PLANE ( 'NONE',  #8857 ) ;
#12345 = ORIENTED_EDGE ( 'NONE', *, *, #11147, .T. ) ;
#12346 = CARTESIAN_POINT ( 'NONE',  ( 0.05988182395616164361, 0.3715713323165082960, -0.2098818239561617838 ) ) ;
#12347 = DIRECTION ( 'NONE',  ( -1.000000000000000000, -0.000000000000000000, -0.000000000000000000 ) ) ;
#12348 = VECTOR ( 'NONE', #6707, 39.37007874015748143 ) ;
#12349 = DIMENSIONAL_EXPONENTS ( 1.000000000000000000, 0.000000000000000000, 0.000000000000000000, 0.000000000000000000, 0.000000000000000000, 0.000000000000000000, 0.000000000000000000 ) ;
#12350 = FACE_BOUND ( 'NONE', #4654, .T. ) ;
#12351 = EDGE_LOOP ( 'NONE', ( #7151, #8053, #10419, #2107 ) ) ;
#12352 = CARTESIAN_POINT ( 'NONE',  ( 0.000000000000000000, 0.2150000000000000244, 0.1000000000000000056 ) ) ;
#12353 = SURFACE_SIDE_STYLE ('',( #1433 ) ) ;
#12354 = EDGE_CURVE ( 'NONE', #11400, #1699, #8335, .T. ) ;
#12355 = COLOUR_RGB ( '',1.000000000000000000, 0.8117647058823529438, 0.5019607843137254832 ) ;
#12356 = VECTOR ( 'NONE', #3778, 39.37007874015748143 ) ;
#12357 = LINE ( 'NONE', #3300, #5527 ) ;
#12358 = ORIENTED_EDGE ( 'NONE', *, *, #8259, .F. ) ;
#12359 = ORIENTED_EDGE ( 'NONE', *, *, #8560, .F. ) ;
#12360 = CARTESIAN_POINT ( 'NONE',  ( -0.09499999999999998723, 0.1419999999999999873, -0.06400000000000007072 ) ) ;
#12361 = CARTESIAN_POINT ( 'NONE',  ( -0.03749999999999999861, 0.3643779527559052878, 0.1874999999999999167 ) ) ;
#12362 = DIRECTION ( 'NONE',  ( 0.000000000000000000, 0.000000000000000000, 1.000000000000000000 ) ) ;
#12363 = DIRECTION ( 'NONE',  ( -0.000000000000000000, 1.000000000000000000, -0.000000000000000000 ) ) ;
#12364 = DIRECTION ( 'NONE',  ( 0.000000000000000000, 0.000000000000000000, -1.000000000000000000 ) ) ;
#12365 = SURFACE_STYLE_USAGE ( .BOTH. , #8338 ) ;
#12366 = EDGE_CURVE ( 'NONE', #3944, #6745, #8395, .T. ) ;
#12367 = EDGE_CURVE ( 'NONE', #12307, #5526, #5403, .T. ) ;
#12368 = ORIENTED_EDGE ( 'NONE', *, *, #1856, .F. ) ;
#12369 = EDGE_LOOP ( 'NONE', ( #296, #1382, #5273, #838 ) ) ;
#12370 =( NAMED_UNIT ( * ) PLANE_ANGLE_UNIT ( ) SI_UNIT ( $, .RADIAN. ) );
#12371 = VECTOR ( 'NONE', #194, 39.37007874015748143 ) ;
#12372 = VECTOR ( 'NONE', #9519, 39.37007874015748143 ) ;
#12373 = ORIENTED_EDGE ( 'NONE', *, *, #9931, .F. ) ;
#12374 = CARTESIAN_POINT ( 'NONE',  ( 0.07000000000000017319, 0.04999999999999998196, 0.05299999999999992217 ) ) ;
#12375 = EDGE_CURVE ( 'NONE', #11197, #12038, #11948, .T. ) ;
#12376 = DIMENSIONAL_EXPONENTS ( 1.000000000000000000, 0.000000000000000000, 0.000000000000000000, 0.000000000000000000, 0.000000000000000000, 0.000000000000000000, 0.000000000000000000 ) ;
#12377 = CYLINDRICAL_SURFACE ( 'NONE', #11047, 0.007999999999999989758 ) ;
#12378 = VERTEX_POINT ( 'NONE', #11885 ) ;
#12379 = CARTESIAN_POINT ( 'NONE',  ( -0.06250000000000001388, 0.3880000000000000115, -0.2125000000000001332 ) ) ;
#12380 = EDGE_CURVE ( 'NONE', #6363, #10733, #9717, .T. ) ;
#12381 = UNCERTAINTY_MEASURE_WITH_UNIT (LENGTH_MEASURE( 1.000000000000000082E-05 ), #1252, 'distance_accuracy_value', 'NONE');
#12382 = VERTEX_POINT ( 'NONE', #2648 ) ;
#12383 = LINE ( 'NONE', #3328, #12423 ) ;
#12384 = FACE_OUTER_BOUND ( 'NONE', #3736, .T. ) ;
#12385 = ADVANCED_FACE ( 'NONE', ( #9773 ), #9654, .F. ) ;
#12386 = DIRECTION ( 'NONE',  ( -0.000000000000000000, 1.000000000000000000, -0.000000000000000000 ) ) ;
#12387 = VECTOR ( 'NONE', #12146, 39.37007874015748143 ) ;
#12388 = CIRCLE ( 'NONE', #10900, 0.007999999999999998432 ) ;
#12389 = ORIENTED_EDGE ( 'NONE', *, *, #9554, .F. ) ;
#12390 = LINE ( 'NONE', #5241, #6175 ) ;
#12391 = ADVANCED_FACE ( 'NONE', ( #4618 ), #9912, .T. ) ;
#12392 = CARTESIAN_POINT ( 'NONE',  ( -0.06999999999999999278, 0.04999999999999998196, -0.03000000000000025910 ) ) ;
#12393 = CIRCLE ( 'NONE', #9852, 0.007999999999999989758 ) ;
#12394 = FACE_OUTER_BOUND ( 'NONE', #1867, .T. ) ;
#12395 = ORIENTED_EDGE ( 'NONE', *, *, #7789, .F. ) ;
#12396 = CARTESIAN_POINT ( 'NONE',  ( 0.07500000000000005274, 0.02500000000000001180, 0.1874999999999999167 ) ) ;
#12397 = DIRECTION ( 'NONE',  ( -0.000000000000000000, 0.000000000000000000, -1.000000000000000000 ) ) ;
#12398 = ORIENTED_EDGE ( 'NONE', *, *, #961, .F. ) ;
#12399 = CARTESIAN_POINT ( 'NONE',  ( -0.06250000000000001388, 0.2150000000000000244, -0.2125000000000001332 ) ) ;
#12400 = AXIS2_PLACEMENT_3D ( 'NONE', #5173, #5242, #3400 ) ;
#12401 = ORIENTED_EDGE ( 'NONE', *, *, #4357, .T. ) ;
#12402 = LINE ( 'NONE', #3348, #1666 ) ;
#12403 =( LENGTH_UNIT ( ) NAMED_UNIT ( * ) SI_UNIT ( $, .METRE. ) );
#12404 = AXIS2_PLACEMENT_3D ( 'NONE', #10484, #9498, #439 ) ;
#12405 = FACE_OUTER_BOUND ( 'NONE', #6500, .T. ) ;
#12406 = VECTOR ( 'NONE', #3966, 39.37007874015748854 ) ;
#12407 = PLANE ( 'NONE',  #7481 ) ;
#12408 = CARTESIAN_POINT ( 'NONE',  ( 0.03749999999999999861, 0.2150000000000000244, 0.2124999999999999112 ) ) ;
#12409 = ORIENTED_EDGE ( 'NONE', *, *, #11471, .T. ) ;
#12410 = CARTESIAN_POINT ( 'NONE',  ( -0.03749999999999999861, 0.2150000000000000244, 0.08749999999999988343 ) ) ;
#12411 = ORIENTED_EDGE ( 'NONE', *, *, #4937, .T. ) ;
#12412 = AXIS2_PLACEMENT_3D ( 'NONE', #11441, #1273, #479 ) ;
#12413 = CARTESIAN_POINT ( 'NONE',  ( -0.09499999999999998723, 0.05799999999999996825, -0.1360000000000000098 ) ) ;
#12414 = CARTESIAN_POINT ( 'NONE',  ( -0.07500000000000005274, 0.02500000000000001180, -0.2125000000000001332 ) ) ;
#12415 = CARTESIAN_POINT ( 'NONE',  ( -0.07500000000000005274, 0.02500000000000001180, 0.1124999999999998918 ) ) ;
#12416 = VERTEX_POINT ( 'NONE', #12682 ) ;
#12417 = FACE_OUTER_BOUND ( 'NONE', #5329, .T. ) ;
#12418 = UNCERTAINTY_MEASURE_WITH_UNIT (LENGTH_MEASURE( 1.000000000000000082E-05 ), #10609, 'distance_accuracy_value', 'NONE');
#12419 = CIRCLE ( 'NONE', #6706, 0.007999999999999998432 ) ;
#12420 = SURFACE_STYLE_USAGE ( .BOTH. , #12353 ) ;
#12421 = CIRCLE ( 'NONE', #6488, 0.01250000000000008049 ) ;
#12422 = DIRECTION ( 'NONE',  ( 2.435670465107224942E-16, -1.000000000000000000, 0.000000000000000000 ) ) ;
#12423 = VECTOR ( 'NONE', #9082, 39.37007874015748143 ) ;
#12424 = EDGE_LOOP ( 'NONE', ( #5698, #1282, #524, #5495 ) ) ;
#12425 = ORIENTED_EDGE ( 'NONE', *, *, #3732, .T. ) ;
#12426 = DIRECTION ( 'NONE',  ( 0.3420201433256656598, 0.9396926207859095381, 0.000000000000000000 ) ) ;
#12427 = SURFACE_STYLE_FILL_AREA ( #9582 ) ;
#12428 = AXIS2_PLACEMENT_3D ( 'NONE', #11482, #2444, #9446 ) ;
#12429 = EDGE_CURVE ( 'NONE', #3603, #1007, #5717, .T. ) ;
#12430 = CARTESIAN_POINT ( 'NONE',  ( 0.000000000000000000, 0.3880000000000000115, 0.003902277930719528359 ) ) ;
#12431 = PRESENTATION_STYLE_ASSIGNMENT (( #10446 ) ) ;
#12432 = LENGTH_MEASURE_WITH_UNIT ( LENGTH_MEASURE( 0.02539999999999999897 ), #2391 );
#12433 = VECTOR ( 'NONE', #5115, 39.37007874015748854 ) ;
#12434 = LENGTH_MEASURE_WITH_UNIT ( LENGTH_MEASURE( 0.02539999999999999897 ), #4492 );
#12435 = AXIS2_PLACEMENT_3D ( 'NONE', #5805, #3700, #9864 ) ;
#12436 = ORIENTED_EDGE ( 'NONE', *, *, #8398, .T. ) ;
#12437 = VERTEX_POINT ( 'NONE', #792 ) ;
#12438 =( CONVERSION_BASED_UNIT ( 'INCH', #5347 ) LENGTH_UNIT ( ) NAMED_UNIT ( #218 ) );
#12440 = EDGE_CURVE ( 'NONE', #8248, #12754, #6731, .T. ) ;
#12439 = VERTEX_POINT ( 'NONE', #7661 ) ;
#12441 = VECTOR ( 'NONE', #4309, 39.37007874015748143 ) ;
#12442 = LENGTH_MEASURE_WITH_UNIT ( LENGTH_MEASURE( 0.02539999999999999897 ), #5414 );
#12443 = ADVANCED_FACE ( 'NONE', ( #10771 ), #1705, .T. ) ;
#12444 = PRESENTATION_LAYER_ASSIGNMENT (  '', '', ( #6513 ) ) ;
#12445 = CARTESIAN_POINT ( 'NONE',  ( 0.03749999999999999861, 0.2150000000000000244, -0.01250000000000010651 ) ) ;
#12446 = VERTEX_POINT ( 'NONE', #12947 ) ;
#12447 = DIRECTION ( 'NONE',  ( 1.000000000000000000, -0.000000000000000000, 0.000000000000000000 ) ) ;
#12448 = VERTEX_POINT ( 'NONE', #4808 ) ;
#12449 = CARTESIAN_POINT ( 'NONE',  ( 0.03749999999999999861, 0.2150000000000000244, 0.01249999999999990008 ) ) ;
#12450 = SURFACE_STYLE_USAGE ( .BOTH. , #10535 ) ;
#12451 = DIRECTION ( 'NONE',  ( -1.000000000000000000, 0.000000000000000000, 0.000000000000000000 ) ) ;
#12452 = EDGE_CURVE ( 'NONE', #11729, #1949, #8854, .T. ) ;
#12453 = AXIS2_PLACEMENT_3D ( 'NONE', #9956, #894, #8361 ) ;
#12454 = ORIENTED_EDGE ( 'NONE', *, *, #4544, .F. ) ;
#12455 = ORIENTED_EDGE ( 'NONE', *, *, #1953, .T. ) ;
#12456 = DIRECTION ( 'NONE',  ( -0.000000000000000000, 1.000000000000000000, -0.000000000000000000 ) ) ;
#12457 = CARTESIAN_POINT ( 'NONE',  ( 0.1213779527559052523, 0.02500000000000000486, -0.2125000000000001332 ) ) ;
#12458 = FACE_OUTER_BOUND ( 'NONE', #7697, .T. ) ;
#12459 = ORIENTED_EDGE ( 'NONE', *, *, #256, .T. ) ;
#12460 = LINE ( 'NONE', #3403, #7489 ) ;
#12461 = EDGE_CURVE ( 'NONE', #2312, #4627, #12889, .T. ) ;
#12462 = PLANE ( 'NONE',  #5196 ) ;
#12463 = ORIENTED_EDGE ( 'NONE', *, *, #9790, .F. ) ;
#12464 = CARTESIAN_POINT ( 'NONE',  ( -0.06999999999999999278, 0.1419999999999999873, 0.2379999999999997951 ) ) ;
#12465 = DIRECTION ( 'NONE',  ( 0.000000000000000000, -0.000000000000000000, 1.000000000000000000 ) ) ;
#12466 = AXIS2_PLACEMENT_3D ( 'NONE', #1129, #3190, #5159 ) ;
#12467 = EDGE_LOOP ( 'NONE', ( #3727, #2394, #8274, #7794 ) ) ;
#12468 = DIRECTION ( 'NONE',  ( 0.000000000000000000, 0.000000000000000000, -1.000000000000000000 ) ) ;
#12469 = DIMENSIONAL_EXPONENTS ( 1.000000000000000000, 0.000000000000000000, 0.000000000000000000, 0.000000000000000000, 0.000000000000000000, 0.000000000000000000, 0.000000000000000000 ) ;
#12470 = DIRECTION ( 'NONE',  ( -1.000000000000000000, 0.000000000000000000, 0.000000000000000000 ) ) ;
#12471 = EDGE_CURVE ( 'NONE', #175, #8422, #6927, .T. ) ;
#12472 = ADVANCED_FACE ( 'NONE', ( #4133 ), #2179, .F. ) ;
#12473 = LENGTH_MEASURE_WITH_UNIT ( LENGTH_MEASURE( 0.02539999999999999897 ), #3153 );
#12474 = ORIENTED_EDGE ( 'NONE', *, *, #1946, .T. ) ;
#12475 = CARTESIAN_POINT ( 'NONE',  ( 0.06250000000000001388, 0.05799999999999996825, 0.1124999999999998779 ) ) ;
#12476 = VERTEX_POINT ( 'NONE', #4993 ) ;
#12477 = SURFACE_SIDE_STYLE ('',( #2498 ) ) ;
#12478 = LINE ( 'NONE', #3421, #1398 ) ;
#12479 = FACE_BOUND ( 'NONE', #6850, .T. ) ;
#12480 = ORIENTED_EDGE ( 'NONE', *, *, #10809, .T. ) ;
#12481 = DIRECTION ( 'NONE',  ( -1.000000000000000000, 0.000000000000000000, -0.000000000000000000 ) ) ;
#12482 = DIRECTION ( 'NONE',  ( -0.4027386142660224211, 0.000000000000000000, 0.9153150324227632417 ) ) ;
#12483 = CARTESIAN_POINT ( 'NONE',  ( 0.03750000000000004718, 0.03750000000000001249, -0.1125000000000001138 ) ) ;
#12484 = LENGTH_MEASURE_WITH_UNIT ( LENGTH_MEASURE( 0.02539999999999999897 ), #1304 );
#12485 = ORIENTED_EDGE ( 'NONE', *, *, #2375, .F. ) ;
#12486 = EDGE_LOOP ( 'NONE', ( #12991, #957, #8448, #10330 ) ) ;
#12487 = DIRECTION ( 'NONE',  ( 0.000000000000000000, 0.000000000000000000, 1.000000000000000000 ) ) ;
#12488 = DIRECTION ( 'NONE',  ( 0.000000000000000000, 0.000000000000000000, -1.000000000000000000 ) ) ;
#12489 = DIMENSIONAL_EXPONENTS ( 1.000000000000000000, 0.000000000000000000, 0.000000000000000000, 0.000000000000000000, 0.000000000000000000, 0.000000000000000000, 0.000000000000000000 ) ;
#12490 = CYLINDRICAL_SURFACE ( 'NONE', #1385, 0.03750000000000008882 ) ;
#12491 = CARTESIAN_POINT ( 'NONE',  ( 0.03749999999999999861, 0.2150000000000000244, -0.1125000000000001138 ) ) ;
#12492 = CARTESIAN_POINT ( 'NONE',  ( 0.06250000000000001388, 0.3643779527559052878, 0.08749999999999988343 ) ) ;
#12493 = CARTESIAN_POINT ( 'NONE',  ( 0.1213779527559052385, -2.828069580055263137E-18, -0.01250000000000010651 ) ) ;
#12494 = EDGE_CURVE ( 'NONE', #10737, #5582, #7937, .T. ) ;
#12495 = ORIENTED_EDGE ( 'NONE', *, *, #12052, .F. ) ;
#12496 = ORIENTED_EDGE ( 'NONE', *, *, #1307, .F. ) ;
#12497 = CARTESIAN_POINT ( 'NONE',  ( -0.03749999999999980432, 0.05799999999999996825, -0.1125000000000001138 ) ) ;
#12498 = VERTEX_POINT ( 'NONE', #13009 ) ;
#12499 = CYLINDRICAL_SURFACE ( 'NONE', #10565, 0.01250000000000008049 ) ;
#12500 = MECHANICAL_DESIGN_GEOMETRIC_PRESENTATION_REPRESENTATION (  '', ( #5104 ), #7654 ) ;
#12501 = CARTESIAN_POINT ( 'NONE',  ( -0.1449999999999999623, -0.03750000000000000555, -0.003902277930719733490 ) ) ;
#12502 = ORIENTED_EDGE ( 'NONE', *, *, #591, .F. ) ;
#12503 = DIRECTION ( 'NONE',  ( 1.000000000000000000, 0.000000000000000000, 0.000000000000000000 ) ) ;
#12504 = UNCERTAINTY_MEASURE_WITH_UNIT (LENGTH_MEASURE( 1.000000000000000082E-05 ), #11096, 'distance_accuracy_value', 'NONE');
#12505 = VERTEX_POINT ( 'NONE', #5982 ) ;
#12506 = DIRECTION ( 'NONE',  ( -0.000000000000000000, -0.000000000000000000, -1.000000000000000000 ) ) ;
#12507 = DIRECTION ( 'NONE',  ( -0.3236155771181825069, -0.8891264907159898145, -0.3236155771181825069 ) ) ;
#12508 = CARTESIAN_POINT ( 'NONE',  ( 0.06250000000000001388, 0.3643779527559052878, 0.1124999999999998918 ) ) ;
#12509 = EDGE_CURVE ( 'NONE', #4840, #5990, #10243, .T. ) ;
#12510 = VERTEX_POINT ( 'NONE', #1978 ) ;
#12511 = VECTOR ( 'NONE', #7203, 39.37007874015748143 ) ;
#12512 = CARTESIAN_POINT ( 'NONE',  ( 0.06250000000000001388, 0.2150000000000000244, 0.1874999999999999167 ) ) ;
#12513 = LINE ( 'NONE', #7631, #13078 ) ;
#12514 = EDGE_LOOP ( 'NONE', ( #3764, #8353, #2602, #4936 ) ) ;
#12515 = PLANE ( 'NONE',  #3267 ) ;
#12516 = FILL_AREA_STYLE_COLOUR ( '', #2049 ) ;
#12517 = EDGE_LOOP ( 'NONE', ( #1263, #9327, #12327, #3316 ) ) ;
#12518 = PLANE ( 'NONE',  #4261 ) ;
#12519 = ORIENTED_EDGE ( 'NONE', *, *, #8953, .T. ) ;
#12520 = CARTESIAN_POINT ( 'NONE',  ( 0.07500000000000005274, 0.02500000000000001180, 0.1874999999999999167 ) ) ;
#12521 = VECTOR ( 'NONE', #9088, 39.37007874015748143 ) ;
#12522 = CARTESIAN_POINT ( 'NONE',  ( 0.03749999999999999861, 0.05799999999999996825, -0.2125000000000001332 ) ) ;
#12523 = EDGE_CURVE ( 'NONE', #12232, #8362, #3998, .T. ) ;
#12524 = EDGE_CURVE ( 'NONE', #2948, #1485, #5060, .T. ) ;
#12525 = EDGE_CURVE ( 'NONE', #11201, #9907, #3097, .T. ) ;
#12526 = DIRECTION ( 'NONE',  ( -0.000000000000000000, 0.000000000000000000, -1.000000000000000000 ) ) ;
#12527 = PRESENTATION_STYLE_ASSIGNMENT (( #8632 ) ) ;
#12528 = ORIENTED_EDGE ( 'NONE', *, *, #13063, .F. ) ;
#12529 = DIRECTION ( 'NONE',  ( -0.3420201433256649937, -0.9396926207859097602, 0.000000000000000000 ) ) ;
#12530 = VECTOR ( 'NONE', #1180, 39.37007874015748143 ) ;
#12531 =( NAMED_UNIT ( * ) SI_UNIT ( $, .STERADIAN. ) SOLID_ANGLE_UNIT ( ) );
#12532 = ORIENTED_EDGE ( 'NONE', *, *, #4017, .F. ) ;
#12533 = VECTOR ( 'NONE', #10231, 39.37007874015748143 ) ;
#12534 =( LENGTH_UNIT ( ) NAMED_UNIT ( * ) SI_UNIT ( $, .METRE. ) );
#12535 = AXIS2_PLACEMENT_3D ( 'NONE', #3526, #7562, #8747 ) ;
#12536 = EDGE_CURVE ( 'NONE', #10991, #8168, #9173, .T. ) ;
#12537 = FILL_AREA_STYLE_COLOUR ( '', #4781 ) ;
#12538 = ADVANCED_FACE ( 'NONE', ( #6981 ), #914, .T. ) ;
#12539 = DIRECTION ( 'NONE',  ( 0.000000000000000000, 0.000000000000000000, 1.000000000000000000 ) ) ;
#12540 = ORIENTED_EDGE ( 'NONE', *, *, #2856, .T. ) ;
#12541 = CARTESIAN_POINT ( 'NONE',  ( 0.1100440510024098956, 0.05799999999999997519, -0.2359902289355767790 ) ) ;
#12542 = COLOUR_RGB ( '',1.000000000000000000, 0.8117647058823529438, 0.5019607843137254832 ) ;
#12543 = EDGE_CURVE ( 'NONE', #2274, #2097, #11014, .T. ) ;
#12544 = CARTESIAN_POINT ( 'NONE',  ( -0.04609772206928037380, 0.3880000000000000115, -0.2039022779307197442 ) ) ;
#12545 = VECTOR ( 'NONE', #787, 39.37007874015748143 ) ;
#12546 = LINE ( 'NONE', #5202, #5860 ) ;
#12547 = VECTOR ( 'NONE', #4809, 39.37007874015748143 ) ;
#12548 = EDGE_CURVE ( 'NONE', #4457, #4096, #7051, .T. ) ;
#12549 = SURFACE_SIDE_STYLE ('',( #10762 ) ) ;
#12550 = VERTEX_POINT ( 'NONE', #13074 ) ;
#12551 = ORIENTED_EDGE ( 'NONE', *, *, #6662, .T. ) ;
#12552 = VECTOR ( 'NONE', #4255, 39.37007874015748143 ) ;
#12553 = CARTESIAN_POINT ( 'NONE',  ( 0.07999999999999973799, 0.05799999999999997519, 0.2500000000000000555 ) ) ;
#12554 = PLANE ( 'NONE',  #11815 ) ;
#12555 = LINE ( 'NONE', #3495, #12621 ) ;
#12556 = ADVANCED_FACE ( 'NONE', ( #1041 ), #10043, .F. ) ;
#12557 = DIRECTION ( 'NONE',  ( 1.000000000000000000, 0.000000000000000000, 0.000000000000000000 ) ) ;
#12558 = DIRECTION ( 'NONE',  ( -0.8891264907159901476, 0.3236155771181820628, -0.3236155771181822849 ) ) ;
#12559 = CARTESIAN_POINT ( 'NONE',  ( -0.09499999999999998723, 0.05799999999999996825, -0.1640000000000000902 ) ) ;
#12560 = CIRCLE ( 'NONE', #7486, 0.007999999999999989758 ) ;
#12561 = FILL_AREA_STYLE_COLOUR ( '', #6931 ) ;
#12562 = COLOUR_RGB ( '',1.000000000000000000, 0.8117647058823529438, 0.5019607843137254832 ) ;
#12563 = EDGE_LOOP ( 'NONE', ( #4953, #3364, #9921, #2797 ) ) ;
#12564 = ORIENTED_EDGE ( 'NONE', *, *, #2364, .F. ) ;
#12565 = PLANE ( 'NONE',  #1762 ) ;
#12566 = ORIENTED_EDGE ( 'NONE', *, *, #10132, .F. ) ;
#12567 = PRODUCT_DEFINITION_FORMATION_WITH_SPECIFIED_SOURCE ( 'ANY', '', #12159, .NOT_KNOWN. ) ;
#12568 = CARTESIAN_POINT ( 'NONE',  ( -0.1213779527559052385, 0.02500000000000000486, 0.1124999999999998918 ) ) ;
#12569 = CARTESIAN_POINT ( 'NONE',  ( -0.1449999999999999623, 0.01640227793071964008, 0.1960977220692802780 ) ) ;
#12570 = VERTEX_POINT ( 'NONE', #4929 ) ;
#12571 = LINE ( 'NONE', #3510, #1014 ) ;
#12572 = ORIENTED_EDGE ( 'NONE', *, *, #11307, .F. ) ;
#12573 = CARTESIAN_POINT ( 'NONE',  ( -0.06999999999999999278, 0.05799999999999997519, -0.1380000000000002613 ) ) ;
#12574 = DIRECTION ( 'NONE',  ( 0.000000000000000000, -1.000000000000000000, 0.000000000000000000 ) ) ;
#12575 = DIMENSIONAL_EXPONENTS ( 1.000000000000000000, 0.000000000000000000, 0.000000000000000000, 0.000000000000000000, 0.000000000000000000, 0.000000000000000000, 0.000000000000000000 ) ;
#12576 = FILL_AREA_STYLE_COLOUR ( '', #5030 ) ;
#12577 = ORIENTED_EDGE ( 'NONE', *, *, #10503, .T. ) ;
#12578 = ORIENTED_EDGE ( 'NONE', *, *, #3425, .T. ) ;
#12579 = PRESENTATION_STYLE_ASSIGNMENT (( #621 ) ) ;
#12580 = DIRECTION ( 'NONE',  ( -1.000000000000000000, 0.000000000000000000, 0.000000000000000000 ) ) ;
#12581 = VERTEX_POINT ( 'NONE', #7186 ) ;
#12582 = DIRECTION ( 'NONE',  ( 0.000000000000000000, 1.000000000000000000, 0.000000000000000000 ) ) ;
#12583 = ORIENTED_EDGE ( 'NONE', *, *, #6775, .T. ) ;
#12584 = CARTESIAN_POINT ( 'NONE',  ( -0.1449999999999999623, 0.01640227793071964008, 0.2039022779307195499 ) ) ;
#12585 = DIRECTION ( 'NONE',  ( 0.000000000000000000, -0.000000000000000000, 1.000000000000000000 ) ) ;
#12586 = AXIS2_PLACEMENT_3D ( 'NONE', #720, #8778, #8911 ) ;
#12587 = EDGE_CURVE ( 'NONE', #7124, #2417, #12284, .T. ) ;
#12588 = APPLICATION_PROTOCOL_DEFINITION ( 'draft international standard', 'automotive_design', 1998, #4332 ) ;
#12589 = ORIENTED_EDGE ( 'NONE', *, *, #6323, .T. ) ;
#12590 = FILL_AREA_STYLE_COLOUR ( '', #398 ) ;
#12591 = FILL_AREA_STYLE ('',( #8562 ) ) ;
#12592 = AXIS2_PLACEMENT_3D ( 'NONE', #10617, #7576, #5638 ) ;
#12593 = DIRECTION ( 'NONE',  ( 0.000000000000000000, -0.000000000000000000, 1.000000000000000000 ) ) ;
#12594 = AXIS2_PLACEMENT_3D ( 'NONE', #1477, #5864, #12898 ) ;
#12595 = VECTOR ( 'NONE', #12347, 39.37007874015748143 ) ;
#12596 = ORIENTED_EDGE ( 'NONE', *, *, #2037, .T. ) ;
#12597 = PLANE ( 'NONE',  #11603 ) ;
#12598 = ORIENTED_EDGE ( 'NONE', *, *, #1747, .F. ) ;
#12599 = AXIS2_PLACEMENT_3D ( 'NONE', #9089, #9892, #11058 ) ;
#12600 = EDGE_CURVE ( 'NONE', #5832, #4667, #3226, .T. ) ;
#12601 = PLANE ( 'NONE',  #5578 ) ;
#12602 = DIRECTION ( 'NONE',  ( 0.000000000000000000, -1.000000000000000000, 0.000000000000000000 ) ) ;
#12603 = PLANE ( 'NONE',  #6462 ) ;
#12604 = PRESENTATION_LAYER_ASSIGNMENT (  '', '', ( #10082 ) ) ;
#12605 = ADVANCED_FACE ( 'NONE', ( #2112, #2042, #6047, #6118, #10170, #1099, #5126, #125, #8185, #12218, #11218, #2254, #315, #12606, #515, #12479, #12350, #3363, #11476, #3293, #6514 ), #1491, .T. ) ;
#12606 = FACE_BOUND ( 'NONE', #8455, .T. ) ;
#12607 = ORIENTED_EDGE ( 'NONE', *, *, #331, .F. ) ;
#12608 = DIRECTION ( 'NONE',  ( 0.000000000000000000, 0.000000000000000000, 1.000000000000000000 ) ) ;
#12609 = DIRECTION ( 'NONE',  ( 0.000000000000000000, 1.000000000000000000, 0.000000000000000000 ) ) ;
#12610 = AXIS2_PLACEMENT_3D ( 'NONE', #1405, #1148, #6232 ) ;
#12611 = FILL_AREA_STYLE ('',( #9642 ) ) ;
#12612 = AXIS2_PLACEMENT_3D ( 'NONE', #4506, #3515, #7360 ) ;
#12613 = CARTESIAN_POINT ( 'NONE',  ( -0.03749999999999999861, 0.2150000000000000244, 0.08749999999999988343 ) ) ;
#12614 = ORIENTED_EDGE ( 'NONE', *, *, #6029, .F. ) ;
#12615 = ORIENTED_EDGE ( 'NONE', *, *, #5894, .F. ) ;
#12616 = PLANE ( 'NONE',  #7474 ) ;
#12617 = EDGE_CURVE ( 'NONE', #651, #3688, #3422, .T. ) ;
#12618 = LINE ( 'NONE', #11759, #1451 ) ;
#12619 =( CONVERSION_BASED_UNIT ( 'INCH', #1501 ) LENGTH_UNIT ( ) NAMED_UNIT ( #2167 ) );
#12620 = DIRECTION ( 'NONE',  ( 1.000000000000000000, 0.000000000000000000, -0.000000000000000000 ) ) ;
#12621 = VECTOR ( 'NONE', #6527, 39.37007874015748143 ) ;
#12622 = CARTESIAN_POINT ( 'NONE',  ( -0.1449999999999999623, -0.03750000000000000555, -0.1039022779307197386 ) ) ;
#12623 = FACE_OUTER_BOUND ( 'NONE', #4447, .T. ) ;
#12624 = ADVANCED_FACE ( 'NONE', ( #2501 ), #4541, .T. ) ;
#12625 = AXIS2_PLACEMENT_3D ( 'NONE', #5920, #5986, #8981 ) ;
#12626 = VECTOR ( 'NONE', #12109, 39.37007874015748854 ) ;
#12627 = DIRECTION ( 'NONE',  ( 0.000000000000000000, 0.000000000000000000, -1.000000000000000000 ) ) ;
#12628 = AXIS2_PLACEMENT_3D ( 'NONE', #671, #8729, #12766 ) ;
#12629 = EDGE_CURVE ( 'NONE', #4972, #10434, #11348, .T. ) ;
#12630 = PRESENTATION_STYLE_ASSIGNMENT (( #11565 ) ) ;
#12631 = ORIENTED_EDGE ( 'NONE', *, *, #7044, .F. ) ;
#12632 = ORIENTED_EDGE ( 'NONE', *, *, #11239, .T. ) ;
#12633 = CARTESIAN_POINT ( 'NONE',  ( 0.03749999999999999861, 0.05799999999999996825, -0.1125000000000001138 ) ) ;
#12634 = ORIENTED_EDGE ( 'NONE', *, *, #4613, .F. ) ;
#12635 =( GEOMETRIC_REPRESENTATION_CONTEXT ( 3 ) GLOBAL_UNCERTAINTY_ASSIGNED_CONTEXT ( ( #12504 ) ) GLOBAL_UNIT_ASSIGNED_CONTEXT ( ( #11096, #993, #1186 ) ) REPRESENTATION_CONTEXT ( 'NONE', 'WORKASPACE' ) );
#12636 =( NAMED_UNIT ( * ) SI_UNIT ( $, .STERADIAN. ) SOLID_ANGLE_UNIT ( ) );
#12637 = VECTOR ( 'NONE', #4227, 39.37007874015748143 ) ;
#12638 = FILL_AREA_STYLE_COLOUR ( '', #12542 ) ;
#12639 = ORIENTED_EDGE ( 'NONE', *, *, #8409, .F. ) ;
#12640 = LINE ( 'NONE', #4568, #595 ) ;
#12641 = EDGE_LOOP ( 'NONE', ( #11921, #1392, #2078, #12639 ) ) ;
#12642 = LINE ( 'NONE', #477, #5224 ) ;
#12643 = AXIS2_PLACEMENT_3D ( 'NONE', #12645, #11384, #2545 ) ;
#12644 = CARTESIAN_POINT ( 'NONE',  ( 0.06250000000000005551, 0.03750000000000001249, 0.1124999999999998918 ) ) ;
#12645 = CARTESIAN_POINT ( 'NONE',  ( 0.07000000000000000666, 0.1726274169979694906, -0.03000000000000025910 ) ) ;
#12646 = ORIENTED_EDGE ( 'NONE', *, *, #2438, .T. ) ;
#12647 = VECTOR ( 'NONE', #3410, 39.37007874015748143 ) ;
#12648 = ORIENTED_EDGE ( 'NONE', *, *, #7936, .T. ) ;
#12649 = CARTESIAN_POINT ( 'NONE',  ( 0.06250000000000005551, 0.03750000000000001249, -0.1125000000000001138 ) ) ;
#12650 = DIRECTION ( 'NONE',  ( 3.045457963692998845E-16, -1.000000000000000000, -0.000000000000000000 ) ) ;
#12651 = SURFACE_STYLE_USAGE ( .BOTH. , #11653 ) ;
#12652 = ORIENTED_EDGE ( 'NONE', *, *, #11162, .T. ) ;
#12653 = VECTOR ( 'NONE', #8692, 39.37007874015748143 ) ;
#12654 = CARTESIAN_POINT ( 'NONE',  ( 0.06250000000000001388, 0.3643779527559052878, 0.08749999999999988343 ) ) ;
#12655 = EDGE_LOOP ( 'NONE', ( #9219, #12280, #2229, #4563 ) ) ;
#12656 = PLANE ( 'NONE',  #917 ) ;
#12657 = DIRECTION ( 'NONE',  ( -0.000000000000000000, 1.000000000000000000, -0.000000000000000000 ) ) ;
#12658 = ORIENTED_EDGE ( 'NONE', *, *, #4301, .T. ) ;
#12659 = DIRECTION ( 'NONE',  ( 0.000000000000000000, -0.000000000000000000, 1.000000000000000000 ) ) ;
#12660 = SURFACE_STYLE_FILL_AREA ( #563 ) ;
#12661 = AXIS2_PLACEMENT_3D ( 'NONE', #7161, #2156, #9346 ) ;
#12662 = EDGE_CURVE ( 'NONE', #2323, #4069, #1176, .T. ) ;
#12663 = ORIENTED_EDGE ( 'NONE', *, *, #1615, .T. ) ;
#12664 = FILL_AREA_STYLE ('',( #8634 ) ) ;
#12665 = PRESENTATION_STYLE_ASSIGNMENT (( #7506 ) ) ;
#12666 = EDGE_LOOP ( 'NONE', ( #8972, #9934 ) ) ;
#12667 = DIRECTION ( 'NONE',  ( 0.000000000000000000, 0.000000000000000000, -1.000000000000000000 ) ) ;
#12668 = CARTESIAN_POINT ( 'NONE',  ( 0.07000000000000000666, 0.1419999999999999873, -0.1380000000000002336 ) ) ;
#12669 = CARTESIAN_POINT ( 'NONE',  ( -0.06999999999999999278, 0.02737258300203046849, -0.03000000000000025910 ) ) ;
#12670 = DIRECTION ( 'NONE',  ( -0.000000000000000000, 1.000000000000000000, -0.000000000000000000 ) ) ;
#12671 = DIRECTION ( 'NONE',  ( -1.000000000000000000, 0.000000000000000000, 0.000000000000000000 ) ) ;
#12672 = EDGE_LOOP ( 'NONE', ( #340, #4891, #10801, #9950 ) ) ;
#12673 = DIRECTION ( 'NONE',  ( 0.8891264907159901476, 0.3236155771181820628, -0.3236155771181822849 ) ) ;
#12674 = LINE ( 'NONE', #5213, #8514 ) ;
#12675 = ADVANCED_FACE ( 'NONE', ( #5324 ), #8454, .F. ) ;
#12676 = EDGE_CURVE ( 'NONE', #5828, #2601, #3482, .T. ) ;
#12677 =( NAMED_UNIT ( * ) SI_UNIT ( $, .STERADIAN. ) SOLID_ANGLE_UNIT ( ) );
#12678 = VERTEX_POINT ( 'NONE', #7392 ) ;
#12679 = CARTESIAN_POINT ( 'NONE',  ( -0.03749999999999999861, 0.3643779527559052878, -0.1125000000000001138 ) ) ;
#12680 = CARTESIAN_POINT ( 'NONE',  ( -0.06999999999999999278, 0.1419999999999999873, -0.1700000000000002343 ) ) ;
#12681 = CARTESIAN_POINT ( 'NONE',  ( 0.03749999999999995698, 0.03750000000000001249, 0.1124999999999998918 ) ) ;
#12682 = CARTESIAN_POINT ( 'NONE',  ( 0.07000000000000000666, 0.1419999999999999873, -0.2220000000000003360 ) ) ;
#12683 = CARTESIAN_POINT ( 'NONE',  ( -0.06249999999999996531, 0.03750000000000001249, -0.2125000000000001332 ) ) ;
#12684 = EDGE_CURVE ( 'NONE', #46, #7493, #8574, .T. ) ;
#12685 =( LENGTH_UNIT ( ) NAMED_UNIT ( * ) SI_UNIT ( $, .METRE. ) );
#12686 = EDGE_CURVE ( 'NONE', #4874, #220, #7920, .T. ) ;
#12687 = EDGE_CURVE ( 'NONE', #146, #3858, #7449, .T. ) ;
#12688 = CARTESIAN_POINT ( 'NONE',  ( 0.06250000000000001388, 0.05799999999999996825, 0.08749999999999986955 ) ) ;
#12690 = EDGE_LOOP ( 'NONE', ( #11753, #2089, #9045, #7905 ) ) ;
#12689 = EDGE_CURVE ( 'NONE', #10308, #11181, #11414, .T. ) ;
#12691 = VERTEX_POINT ( 'NONE', #10307 ) ;
#12693 = ADVANCED_FACE ( 'NONE', ( #5388 ), #9570, .T. ) ;
#12692 = CARTESIAN_POINT ( 'NONE',  ( -0.06999999999999999278, 0.1726274169979694906, 0.1219999999999997892 ) ) ;
#12694 = ORIENTED_EDGE ( 'NONE', *, *, #823, .T. ) ;
#12695 = DIRECTION ( 'NONE',  ( 1.000000000000000000, 0.000000000000000000, 0.000000000000000000 ) ) ;
#12696 = SURFACE_SIDE_STYLE ('',( #4631 ) ) ;
#12698 = ORIENTED_EDGE ( 'NONE', *, *, #7118, .F. ) ;
#12697 = EDGE_CURVE ( 'NONE', #8046, #5607, #1362, .T. ) ;
#12699 = CARTESIAN_POINT ( 'NONE',  ( 0.03749999999999999861, 0.05799999999999996825, 0.01249999999999990008 ) ) ;
#12700 = ORIENTED_EDGE ( 'NONE', *, *, #12375, .F. ) ;
#12701 = DIRECTION ( 'NONE',  ( 0.000000000000000000, 0.000000000000000000, 1.000000000000000000 ) ) ;
#12702 = EDGE_CURVE ( 'NONE', #8584, #9608, #9311, .T. ) ;
#12703 = LINE ( 'NONE', #7685, #9489 ) ;
#12704 = EDGE_CURVE ( 'NONE', #2001, #5514, #251, .T. ) ;
#12705 = VERTEX_POINT ( 'NONE', #7648 ) ;
#12706 = ORIENTED_EDGE ( 'NONE', *, *, #1062, .F. ) ;
#12707 = FACE_OUTER_BOUND ( 'NONE', #3359, .T. ) ;
#12708 = VECTOR ( 'NONE', #3554, 39.37007874015748854 ) ;
#12709 = CARTESIAN_POINT ( 'NONE',  ( 0.000000000000000000, 0.1499999999999999944, 0.000000000000000000 ) ) ;
#12710 = DIRECTION ( 'NONE',  ( 0.000000000000000000, 1.000000000000000000, 0.000000000000000000 ) ) ;
#12711 = LINE ( 'NONE', #5814, #6156 ) ;
#12712 = DIRECTION ( 'NONE',  ( 0.000000000000000000, 1.000000000000000000, 0.000000000000000000 ) ) ;
#12713 = ORIENTED_EDGE ( 'NONE', *, *, #247, .F. ) ;
#12714 = DIRECTION ( 'NONE',  ( -6.097874985857737794E-17, 1.000000000000000000, 0.000000000000000000 ) ) ;
#12715 =( NAMED_UNIT ( * ) SI_UNIT ( $, .STERADIAN. ) SOLID_ANGLE_UNIT ( ) );
#12716 = ORIENTED_EDGE ( 'NONE', *, *, #5711, .F. ) ;
#12717 = CARTESIAN_POINT ( 'NONE',  ( -0.03749999999999999861, 0.2150000000000000244, -0.08750000000000010547 ) ) ;
#12718 = FACE_OUTER_BOUND ( 'NONE', #6298, .T. ) ;
#12719 = VECTOR ( 'NONE', #2358, 39.37007874015748143 ) ;
#12720 = CARTESIAN_POINT ( 'NONE',  ( -0.1449999999999999623, 0.008597722069280349169, 0.003902277930719528359 ) ) ;
#12721 = VECTOR ( 'NONE', #7177, 39.37007874015748143 ) ;
#12722 = CLOSED_SHELL ( 'NONE', ( #10099, #5665, #6944, #3257, #4273, #2349, #11235, #7610, #6046, #10760 ) ) ;
#12723 =( GEOMETRIC_REPRESENTATION_CONTEXT ( 3 ) GLOBAL_UNCERTAINTY_ASSIGNED_CONTEXT ( ( #8667 ) ) GLOBAL_UNIT_ASSIGNED_CONTEXT ( ( #8997, #5998, #10978 ) ) REPRESENTATION_CONTEXT ( 'NONE', 'WORKASPACE' ) );
#12724 = FACE_OUTER_BOUND ( 'NONE', #3154, .T. ) ;
#12725 = ORIENTED_EDGE ( 'NONE', *, *, #6622, .F. ) ;
#12726 = LINE ( 'NONE', #10679, #977 ) ;
#12727 = PLANE ( 'NONE',  #8646 ) ;
#12728 = ORIENTED_EDGE ( 'NONE', *, *, #12228, .T. ) ;
#12729 = AXIS2_PLACEMENT_3D ( 'NONE', #2230, #6095, #9148 ) ;
#12730 = CARTESIAN_POINT ( 'NONE',  ( -0.06250000000000001388, 0.3880000000000000115, 0.1874999999999999167 ) ) ;
#12731 = SURFACE_SIDE_STYLE ('',( #11674 ) ) ;
#12732 = CARTESIAN_POINT ( 'NONE',  ( 0.07500000000000002498, 0.000000000000000000, 0.01249999999999990008 ) ) ;
#12733 = DIRECTION ( 'NONE',  ( 0.3236155771181825069, -0.8891264907159898145, -0.3236155771181825069 ) ) ;
#12734 = ORIENTED_EDGE ( 'NONE', *, *, #12788, .F. ) ;
#12735 = VECTOR ( 'NONE', #7401, 39.37007874015748143 ) ;
#12736 = SURFACE_SIDE_STYLE ('',( #3803 ) ) ;
#12737 = DIRECTION ( 'NONE',  ( -0.000000000000000000, -1.000000000000000000, -0.000000000000000000 ) ) ;
#12738 = VECTOR ( 'NONE', #3, 39.37007874015748143 ) ;
#12739 = AXIS2_PLACEMENT_3D ( 'NONE', #9945, #8628, #888 ) ;
#12740 = PRESENTATION_LAYER_ASSIGNMENT (  '', '', ( #9588 ) ) ;
#12741 = VERTEX_POINT ( 'NONE', #4732 ) ;
#12742 =( NAMED_UNIT ( * ) PLANE_ANGLE_UNIT ( ) SI_UNIT ( $, .RADIAN. ) );
#12743 = DIRECTION ( 'NONE',  ( -0.000000000000000000, 1.000000000000000000, -0.000000000000000000 ) ) ;
#12744 = FACE_OUTER_BOUND ( 'NONE', #471, .T. ) ;
#12745 = VECTOR ( 'NONE', #5293, 39.37007874015748143 ) ;
#12746 = DIRECTION ( 'NONE',  ( -1.000000000000000000, 0.000000000000000000, 0.000000000000000000 ) ) ;
#12747 = VECTOR ( 'NONE', #10765, 39.37007874015748854 ) ;
#12748 = EDGE_CURVE ( 'NONE', #10724, #9116, #9764, .T. ) ;
#12749 =( GEOMETRIC_REPRESENTATION_CONTEXT ( 3 ) GLOBAL_UNCERTAINTY_ASSIGNED_CONTEXT ( ( #9990 ) ) GLOBAL_UNIT_ASSIGNED_CONTEXT ( ( #5984, #8709, #11764 ) ) REPRESENTATION_CONTEXT ( 'NONE', 'WORKASPACE' ) );
#12750 = AXIS2_PLACEMENT_3D ( 'NONE', #395, #3565, #2579 ) ;
#12751 = ORIENTED_EDGE ( 'NONE', *, *, #1846, .F. ) ;
#12752 = VERTEX_POINT ( 'NONE', #8764 ) ;
#12753 = PLANE ( 'NONE',  #3249 ) ;
#12754 = VERTEX_POINT ( 'NONE', #848 ) ;
#12755 = VECTOR ( 'NONE', #10757, 39.37007874015748143 ) ;
#12756 = CARTESIAN_POINT ( 'NONE',  ( -0.03749999999999999861, 0.3880000000000000115, 0.08749999999999988343 ) ) ;
#12757 = EDGE_CURVE ( 'NONE', #6270, #5397, #3685, .T. ) ;
#12758 = DIRECTION ( 'NONE',  ( 0.000000000000000000, 0.000000000000000000, -1.000000000000000000 ) ) ;
#12759 = CARTESIAN_POINT ( 'NONE',  ( -0.1449999999999999623, 0.008597722069280349169, 0.09609772206928025862 ) ) ;
#12760 = ORIENTED_EDGE ( 'NONE', *, *, #5323, .F. ) ;
#12761 = CARTESIAN_POINT ( 'NONE',  ( -0.06999999999999999278, 0.1499999999999999944, 0.03799999999999978395 ) ) ;
#12762 = PRESENTATION_LAYER_ASSIGNMENT (  '', '', ( #1361 ) ) ;
#12763 = UNCERTAINTY_MEASURE_WITH_UNIT (LENGTH_MEASURE( 1.000000000000000082E-05 ), #6486, 'distance_accuracy_value', 'NONE');
#12764 = ADVANCED_FACE ( 'NONE', ( #10688 ), #2764, .T. ) ;
#12765 = EDGE_LOOP ( 'NONE', ( #2563, #1407 ) ) ;
#12766 = DIRECTION ( 'NONE',  ( 0.000000000000000000, 0.000000000000000000, 1.000000000000000000 ) ) ;
#12767 = CARTESIAN_POINT ( 'NONE',  ( -0.07000000000000017319, 0.04999999999999998196, -0.04700000000000009032 ) ) ;
#12768 = CARTESIAN_POINT ( 'NONE',  ( 0.06250000000000001388, 0.2150000000000000244, 0.1124999999999998918 ) ) ;
#12769 = COLOUR_RGB ( '',1.000000000000000000, 0.8117647058823529438, 0.5019607843137254832 ) ;
#12770 = LINE ( 'NONE', #6751, #2527 ) ;
#12771 = EDGE_LOOP ( 'NONE', ( #7170, #5846, #10050, #10652 ) ) ;
#12772 = EDGE_LOOP ( 'NONE', ( #9466, #11877, #7398, #4166 ) ) ;
#12773 = ORIENTED_EDGE ( 'NONE', *, *, #5649, .F. ) ;
#12774 = PRESENTATION_STYLE_ASSIGNMENT (( #6820 ) ) ;
#12775 = CARTESIAN_POINT ( 'NONE',  ( 0.09499999999999998723, 0.05799999999999996825, -0.1640000000000000902 ) ) ;
#12776 = EDGE_CURVE ( 'NONE', #10866, #1974, #3607, .T. ) ;
#12777 = CARTESIAN_POINT ( 'NONE',  ( -0.03749999999999999861, 0.3880000000000000115, 0.01249999999999990008 ) ) ;
#12778 = ORIENTED_EDGE ( 'NONE', *, *, #6323, .F. ) ;
#12779 = LINE ( 'NONE', #3524, #12110 ) ;
#12780 = ORIENTED_EDGE ( 'NONE', *, *, #5308, .F. ) ;
#12781 = PLANE ( 'NONE',  #5758 ) ;
#12782 = DIRECTION ( 'NONE',  ( 1.000000000000000000, 0.000000000000000000, 0.000000000000000000 ) ) ;
#12783 = EDGE_LOOP ( 'NONE', ( #3008, #516, #10049, #5244 ) ) ;
#12784 =( NAMED_UNIT ( * ) PLANE_ANGLE_UNIT ( ) SI_UNIT ( $, .RADIAN. ) );
#12785 = DIRECTION ( 'NONE',  ( 0.9153150324227631307, -0.000000000000000000, 0.4027386142660223656 ) ) ;
#12786 = EDGE_CURVE ( 'NONE', #4723, #1938, #6781, .T. ) ;
#12787 =( LENGTH_UNIT ( ) NAMED_UNIT ( * ) SI_UNIT ( $, .METRE. ) );
#12788 = EDGE_CURVE ( 'NONE', #9695, #2948, #8760, .T. ) ;
#12789 =( CONVERSION_BASED_UNIT ( 'INCH', #6701 ) LENGTH_UNIT ( ) NAMED_UNIT ( #2285 ) );
#12790 = EDGE_LOOP ( 'NONE', ( #2271, #5082, #10087, #4188 ) ) ;
#12791 =( NAMED_UNIT ( * ) SI_UNIT ( $, .STERADIAN. ) SOLID_ANGLE_UNIT ( ) );
#12792 = AXIS2_PLACEMENT_3D ( 'NONE', #4671, #11763, #2715 ) ;
#12793 = ORIENTED_EDGE ( 'NONE', *, *, #2278, .T. ) ;
#12794 = VECTOR ( 'NONE', #11145, 39.37007874015748143 ) ;
#12795 = DIRECTION ( 'NONE',  ( 0.000000000000000000, 0.000000000000000000, 1.000000000000000000 ) ) ;
#12796 = LINE ( 'NONE', #10811, #4617 ) ;
#12797 = FACE_OUTER_BOUND ( 'NONE', #3341, .T. ) ;
#12798 = FACE_OUTER_BOUND ( 'NONE', #9684, .T. ) ;
#12799 = DIRECTION ( 'NONE',  ( 0.000000000000000000, 0.000000000000000000, 1.000000000000000000 ) ) ;
#12800 = EDGE_LOOP ( 'NONE', ( #4322, #22, #2868, #10136 ) ) ;
#12801 = CARTESIAN_POINT ( 'NONE',  ( -0.06999999999999999278, 0.1499999999999999944, 0.02999999999999978378 ) ) ;
#12802 =( CONVERSION_BASED_UNIT ( 'INCH', #2888 ) LENGTH_UNIT ( ) NAMED_UNIT ( #7087 ) );
#12803 = VECTOR ( 'NONE', #8453, 39.37007874015748143 ) ;
#12804 = AXIS2_PLACEMENT_3D ( 'NONE', #5699, #695, #4724 ) ;
#12805 = ORIENTED_EDGE ( 'NONE', *, *, #5079, .F. ) ;
#12806 = FACE_OUTER_BOUND ( 'NONE', #11393, .T. ) ;
#12807 = LINE ( 'NONE', #9839, #5868 ) ;
#12808 = ORIENTED_EDGE ( 'NONE', *, *, #12138, .F. ) ;
#12809 = CIRCLE ( 'NONE', #7102, 0.007999999999999989758 ) ;
#12810 = CARTESIAN_POINT ( 'NONE',  ( 0.1213779527559052385, 0.02500000000000001180, 0.01249999999999990008 ) ) ;
#12811 = LINE ( 'NONE', #5849, #5604 ) ;
#12812 = DIRECTION ( 'NONE',  ( -1.000000000000000000, 1.138269997360106963E-16, 0.000000000000000000 ) ) ;
#12813 = DIRECTION ( 'NONE',  ( 0.000000000000000000, 0.000000000000000000, -1.000000000000000000 ) ) ;
#12814 = AXIS2_PLACEMENT_3D ( 'NONE', #2071, #2989, #10928 ) ;
#12815 = MECHANICAL_DESIGN_GEOMETRIC_PRESENTATION_REPRESENTATION (  '', ( #6478 ), #6042 ) ;
#12816 = CARTESIAN_POINT ( 'NONE',  ( 0.03750000000000004718, 0.03750000000000001249, 0.1874999999999999167 ) ) ;
#12817 = SURFACE_SIDE_STYLE ('',( #5887 ) ) ;
#12818 = EDGE_LOOP ( 'NONE', ( #5724, #550, #3107, #8138 ) ) ;
#12819 = ORIENTED_EDGE ( 'NONE', *, *, #4293, .F. ) ;
#12820 = FACE_OUTER_BOUND ( 'NONE', #6982, .T. ) ;
#12821 = EDGE_CURVE ( 'NONE', #1007, #1478, #2651, .T. ) ;
#12822 = ORIENTED_EDGE ( 'NONE', *, *, #7870, .T. ) ;
#12823 = CARTESIAN_POINT ( 'NONE',  ( -0.06999999999999999278, 0.04999999999999998196, -0.1220000000000002749 ) ) ;
#12824 = AXIS2_PLACEMENT_3D ( 'NONE', #811, #1662, #11644 ) ;
#12825 = CARTESIAN_POINT ( 'NONE',  ( -0.06250000000000005551, 0.03750000000000001249, 0.08749999999999988343 ) ) ;
#12826 = LINE ( 'NONE', #2589, #8532 ) ;
#12827 = DIRECTION ( 'NONE',  ( 0.3420201433256656598, -1.041607969234569323E-16, 0.9396926207859095381 ) ) ;
#12828 = CIRCLE ( 'NONE', #1427, 0.007999999999999989758 ) ;
#12829 = ORIENTED_EDGE ( 'NONE', *, *, #8415, .F. ) ;
#12830 = CARTESIAN_POINT ( 'NONE',  ( -0.06249999999999980571, 0.1419999999999999873, 0.01249999999999990008 ) ) ;
#12831 = VECTOR ( 'NONE', #2919, 39.37007874015748143 ) ;
#12832 = CYLINDRICAL_SURFACE ( 'NONE', #7659, 0.007999999999999989758 ) ;
#12833 = DIMENSIONAL_EXPONENTS ( 1.000000000000000000, 0.000000000000000000, 0.000000000000000000, 0.000000000000000000, 0.000000000000000000, 0.000000000000000000, 0.000000000000000000 ) ;
#12834 = DIRECTION ( 'NONE',  ( -0.000000000000000000, 1.000000000000000000, -0.000000000000000000 ) ) ;
#12835 = DIRECTION ( 'NONE',  ( 0.000000000000000000, 0.000000000000000000, 1.000000000000000000 ) ) ;
#12836 = VECTOR ( 'NONE', #9325, 39.37007874015748143 ) ;
#12837 = EDGE_CURVE ( 'NONE', #12691, #10332, #7947, .T. ) ;
#12838 = ORIENTED_EDGE ( 'NONE', *, *, #3802, .T. ) ;
#12839 = ORIENTED_EDGE ( 'NONE', *, *, #967, .F. ) ;
#12840 = VECTOR ( 'NONE', #396, 39.37007874015748143 ) ;
#12841 = EDGE_CURVE ( 'NONE', #11996, #46, #3800, .T. ) ;
#12842 = CARTESIAN_POINT ( 'NONE',  ( -0.03749999999999999861, 0.3643779527559052878, -0.1125000000000001138 ) ) ;
#12843 = CIRCLE ( 'NONE', #6503, 0.03750000000000008882 ) ;
#12844 = PLANE ( 'NONE',  #800 ) ;
#12845 = DIRECTION ( 'NONE',  ( -0.000000000000000000, 0.000000000000000000, -1.000000000000000000 ) ) ;
#12846 = ADVANCED_FACE ( 'NONE', ( #7844 ), #7721, .T. ) ;
#12847 = DIRECTION ( 'NONE',  ( 0.000000000000000000, 0.000000000000000000, 1.000000000000000000 ) ) ;
#12848 = ORIENTED_EDGE ( 'NONE', *, *, #4290, .F. ) ;
#12849 = SURFACE_SIDE_STYLE ('',( #8881 ) ) ;
#12850 = DIRECTION ( 'NONE',  ( -1.000000000000000000, 0.000000000000000000, -1.437814733507507040E-15 ) ) ;
#12851 = VECTOR ( 'NONE', #5235, 39.37007874015748143 ) ;
#12852 =( NAMED_UNIT ( * ) PLANE_ANGLE_UNIT ( ) SI_UNIT ( $, .RADIAN. ) );
#12853 = ORIENTED_EDGE ( 'NONE', *, *, #9076, .F. ) ;
#12854 = LINE ( 'NONE', #2808, #4197 ) ;
#12855 = CARTESIAN_POINT ( 'NONE',  ( 0.09499999999999998723, 0.05799999999999997519, 0.2500000000000000555 ) ) ;
#12856 = ADVANCED_FACE ( 'NONE', ( #10755 ), #4603, .T. ) ;
#12857 = SURFACE_SIDE_STYLE ('',( #10940 ) ) ;
#12858 = PRESENTATION_LAYER_ASSIGNMENT (  '', '', ( #10752 ) ) ;
#12859 = EDGE_CURVE ( 'NONE', #849, #10991, #6030, .T. ) ;
#12860 =( GEOMETRIC_REPRESENTATION_CONTEXT ( 3 ) GLOBAL_UNCERTAINTY_ASSIGNED_CONTEXT ( ( #6012 ) ) GLOBAL_UNIT_ASSIGNED_CONTEXT ( ( #7333, #5399, #3373 ) ) REPRESENTATION_CONTEXT ( 'NONE', 'WORKASPACE' ) );
#12861 = AXIS2_PLACEMENT_3D ( 'NONE', #9606, #2600, #11583 ) ;
#12862 = ORIENTED_EDGE ( 'NONE', *, *, #9643, .T. ) ;
#12863 = SURFACE_STYLE_USAGE ( .BOTH. , #9890 ) ;
#12865 = EDGE_LOOP ( 'NONE', ( #895, #2929, #6771, #6508 ) ) ;
#12864 = EDGE_CURVE ( 'NONE', #1585, #2255, #8042, .T. ) ;
#12866 = PLANE ( 'NONE',  #11320 ) ;
#12867 = DIRECTION ( 'NONE',  ( -0.000000000000000000, 0.000000000000000000, -1.000000000000000000 ) ) ;
#12868 = ORIENTED_EDGE ( 'NONE', *, *, #8733, .F. ) ;
#12869 = DIRECTION ( 'NONE',  ( -0.3236155771181825069, -0.8891264907159898145, -0.3236155771181825069 ) ) ;
#12870 = LINE ( 'NONE', #8465, #7884 ) ;
#12871 = CARTESIAN_POINT ( 'NONE',  ( -0.06249999999999981959, 0.05799999999999996825, -0.2125000000000001332 ) ) ;
#12872 = COLOUR_RGB ( '',0.7921568627450980005, 0.8196078431372548767, 0.9333333333333333481 ) ;
#12873 = AXIS2_PLACEMENT_3D ( 'NONE', #2432, #11277, #10303 ) ;
#12874 = FILL_AREA_STYLE ('',( #1828 ) ) ;
#12875 = ORIENTED_EDGE ( 'NONE', *, *, #3085, .F. ) ;
#12876 = DIRECTION ( 'NONE',  ( -0.000000000000000000, 1.000000000000000000, -0.000000000000000000 ) ) ;
#12877 = EDGE_CURVE ( 'NONE', #1720, #1478, #6103, .T. ) ;
#12878 = CARTESIAN_POINT ( 'NONE',  ( 0.09499999999999998723, 0.1419999999999999873, -0.1360000000000000098 ) ) ;
#12879 = EDGE_CURVE ( 'NONE', #607, #7162, #3988, .T. ) ;
#12880 = LINE ( 'NONE', #4664, #3143 ) ;
#12881 = COLOUR_RGB ( '',1.000000000000000000, 0.8117647058823529438, 0.5019607843137254832 ) ;
#12882 =( LENGTH_UNIT ( ) NAMED_UNIT ( * ) SI_UNIT ( $, .METRE. ) );
#12883 = ORIENTED_EDGE ( 'NONE', *, *, #12452, .F. ) ;
#12884 = DIRECTION ( 'NONE',  ( 0.000000000000000000, -1.000000000000000000, 0.000000000000000000 ) ) ;
#12885 = PLANE ( 'NONE',  #619 ) ;
#12886 = VERTEX_POINT ( 'NONE', #8098 ) ;
#12887 = CARTESIAN_POINT ( 'NONE',  ( -0.07500000000000002498, 0.000000000000000000, -0.1125000000000001138 ) ) ;
#12888 = PLANE ( 'NONE',  #3703 ) ;
#12889 = LINE ( 'NONE', #3813, #2030 ) ;
#12890 = LINE ( 'NONE', #6049, #7043 ) ;
#12891 = DIRECTION ( 'NONE',  ( 0.000000000000000000, 0.000000000000000000, -1.000000000000000000 ) ) ;
#12892 = CIRCLE ( 'NONE', #5682, 0.007999999999999972411 ) ;
#12893 = DIRECTION ( 'NONE',  ( 0.000000000000000000, 0.000000000000000000, 1.000000000000000000 ) ) ;
#12894 = ORIENTED_EDGE ( 'NONE', *, *, #2774, .F. ) ;
#12895 = EDGE_LOOP ( 'NONE', ( #10523, #12368, #3772, #9087 ) ) ;
#12896 = ORIENTED_EDGE ( 'NONE', *, *, #4922, .F. ) ;
#12897 = CARTESIAN_POINT ( 'NONE',  ( -0.06999999999999999278, 0.02737258300203046849, -0.03800000000000025580 ) ) ;
#12898 = DIRECTION ( 'NONE',  ( -0.9153150324227631307, 0.000000000000000000, 0.4027386142660223656 ) ) ;
#12899 = CYLINDRICAL_SURFACE ( 'NONE', #6623, 0.03750000000000008882 ) ;
#12900 = CARTESIAN_POINT ( 'NONE',  ( 0.07500000000000005274, -8.110173731190781122E-17, -0.1875000000000001110 ) ) ;
#12901 = LINE ( 'NONE', #1724, #11902 ) ;
#12902 = DIRECTION ( 'NONE',  ( 0.3420201433256656598, 0.9396926207859095381, 0.000000000000000000 ) ) ;
#12903 = FACE_OUTER_BOUND ( 'NONE', #1498, .T. ) ;
#12904 = VERTEX_POINT ( 'NONE', #5047 ) ;
#12905 = ORIENTED_EDGE ( 'NONE', *, *, #7288, .T. ) ;
#12906 = DIRECTION ( 'NONE',  ( 1.000000000000000000, 0.000000000000000000, 0.000000000000000000 ) ) ;
#12907 = CARTESIAN_POINT ( 'NONE',  ( -0.1605095817734711605, 0.01075725181925857310, 0.001742748180741331967 ) ) ;
#12908 = PRESENTATION_STYLE_ASSIGNMENT (( #8809 ) ) ;
#12909 = CARTESIAN_POINT ( 'NONE',  ( -0.06999999999999999278, 0.05799999999999997519, -0.2220000000000002804 ) ) ;
#12910 = FACE_OUTER_BOUND ( 'NONE', #28, .T. ) ;
#12911 = ORIENTED_EDGE ( 'NONE', *, *, #9371, .F. ) ;
#12912 = DIRECTION ( 'NONE',  ( 0.000000000000000000, 0.000000000000000000, -1.000000000000000000 ) ) ;
#12913 = CARTESIAN_POINT ( 'NONE',  ( -0.1449999999999999623, 0.01640227793071964008, 0.01249999999999990008 ) ) ;
#12914 = ORIENTED_EDGE ( 'NONE', *, *, #2183, .F. ) ;
#12915 = FILL_AREA_STYLE ('',( #831 ) ) ;
#12916 = FILL_AREA_STYLE ('',( #1814 ) ) ;
#12917 = DIRECTION ( 'NONE',  ( -0.000000000000000000, 1.000000000000000000, -0.000000000000000000 ) ) ;
#12918 = EDGE_CURVE ( 'NONE', #8298, #7301, #11719, .T. ) ;
#12919 = ORIENTED_EDGE ( 'NONE', *, *, #4750, .T. ) ;
#12920 = PLANE ( 'NONE',  #10421 ) ;
#12921 = FACE_OUTER_BOUND ( 'NONE', #3187, .T. ) ;
#12922 = CARTESIAN_POINT ( 'NONE',  ( 0.1213779527559052385, -2.828069580055263137E-18, 0.01249999999999990008 ) ) ;
#12923 = ORIENTED_EDGE ( 'NONE', *, *, #5490, .T. ) ;
#12924 = DIRECTION ( 'NONE',  ( 2.435670465107224942E-16, -1.000000000000000000, 0.000000000000000000 ) ) ;
#12925 = DIRECTION ( 'NONE',  ( 0.000000000000000000, 0.000000000000000000, 1.000000000000000000 ) ) ;
#12926 = CARTESIAN_POINT ( 'NONE',  ( 0.07000000000000000666, 0.1726274169979694906, 0.07799999999999970846 ) ) ;
#12927 = VECTOR ( 'NONE', #7373, 39.37007874015748143 ) ;
#12928 = EDGE_CURVE ( 'NONE', #2584, #6412, #10693, .T. ) ;
#12929 = VERTEX_POINT ( 'NONE', #1158 ) ;
#12930 = DIRECTION ( 'NONE',  ( -6.097874985857737794E-17, -1.000000000000000000, 0.000000000000000000 ) ) ;
#12931 = COLOUR_RGB ( '',0.7921568627450980005, 0.8196078431372548767, 0.9333333333333333481 ) ;
#12932 =( NAMED_UNIT ( * ) SI_UNIT ( $, .STERADIAN. ) SOLID_ANGLE_UNIT ( ) );
#12933 = ADVANCED_FACE ( 'NONE', ( #7033 ), #45, .T. ) ;
#12934 = EDGE_CURVE ( 'NONE', #222, #3947, #12063, .T. ) ;
#12935 = FILL_AREA_STYLE_COLOUR ( '', #8909 ) ;
#12936 = VERTEX_POINT ( 'NONE', #4046 ) ;
#12937 = CIRCLE ( 'NONE', #7238, 0.03750000000000008882 ) ;
#12938 = FACE_OUTER_BOUND ( 'NONE', #9733, .T. ) ;
#12939 = EDGE_CURVE ( 'NONE', #4874, #7634, #6166, .T. ) ;
#12940 = FACE_OUTER_BOUND ( 'NONE', #10053, .T. ) ;
#12941 = ORIENTED_EDGE ( 'NONE', *, *, #3725, .F. ) ;
#12942 = EDGE_CURVE ( 'NONE', #12446, #11871, #5965, .T. ) ;
#12943 = CARTESIAN_POINT ( 'NONE',  ( 0.03750000000000004718, 0.03750000000000001249, 0.01249999999999990008 ) ) ;
#12944 = COLOUR_RGB ( '',1.000000000000000000, 0.8117647058823529438, 0.5019607843137254832 ) ;
#12945 =( LENGTH_UNIT ( ) NAMED_UNIT ( * ) SI_UNIT ( $, .METRE. ) );
#12946 = EDGE_CURVE ( 'NONE', #4206, #2812, #11065, .T. ) ;
#12947 = CARTESIAN_POINT ( 'NONE',  ( 0.07500000000000005274, 0.02499999999999992506, -0.08750000000000010547 ) ) ;
#12948 = DIRECTION ( 'NONE',  ( -0.3236155771181825069, 0.8891264907159898145, -0.3236155771181825069 ) ) ;
#12949 = EDGE_CURVE ( 'NONE', #3901, #5624, #1086, .T. ) ;
#12950 = VECTOR ( 'NONE', #12084, 39.37007874015748143 ) ;
#12951 = VECTOR ( 'NONE', #8266, 39.37007874015748143 ) ;
#12952 = PLANE ( 'NONE',  #11651 ) ;
#12953 = ORIENTED_EDGE ( 'NONE', *, *, #5702, .T. ) ;
#12954 = ORIENTED_EDGE ( 'NONE', *, *, #10660, .T. ) ;
#12955 = ADVANCED_FACE ( 'NONE', ( #12002 ), #4115, .T. ) ;
#12956 = VECTOR ( 'NONE', #3192, 39.37007874015748854 ) ;
#12957 =( NAMED_UNIT ( * ) PLANE_ANGLE_UNIT ( ) SI_UNIT ( $, .RADIAN. ) );
#12958 = EDGE_LOOP ( 'NONE', ( #12716, #3642, #10717, #7935 ) ) ;
#12959 = VECTOR ( 'NONE', #5478, 39.37007874015748143 ) ;
#12960 = CARTESIAN_POINT ( 'NONE',  ( -0.06999999999999999278, 0.1499999999999999944, -0.07000000000000022871 ) ) ;
#12961 = DIRECTION ( 'NONE',  ( 0.000000000000000000, -1.000000000000000000, 0.000000000000000000 ) ) ;
#12962 =( NAMED_UNIT ( * ) SI_UNIT ( $, .STERADIAN. ) SOLID_ANGLE_UNIT ( ) );
#12963 = PRESENTATION_LAYER_ASSIGNMENT (  '', '', ( #11684 ) ) ;
#12964 = CARTESIAN_POINT ( 'NONE',  ( 0.07500000000000005274, 0.02500000000000001180, 0.1124999999999998918 ) ) ;
#12965 = LINE ( 'NONE', #2665, #1647 ) ;
#12966 =( LENGTH_UNIT ( ) NAMED_UNIT ( * ) SI_UNIT ( $, .METRE. ) );
#12967 = VECTOR ( 'NONE', #461, 39.37007874015748143 ) ;
#12968 = SURFACE_STYLE_FILL_AREA ( #929 ) ;
#12969 = DIRECTION ( 'NONE',  ( 0.000000000000000000, 0.000000000000000000, -1.000000000000000000 ) ) ;
#12970 = AXIS2_PLACEMENT_3D ( 'NONE', #12688, #10836, #1711 ) ;
#12971 = ORIENTED_EDGE ( 'NONE', *, *, #7752, .T. ) ;
#12972 = ORIENTED_EDGE ( 'NONE', *, *, #5951, .T. ) ;
#12973 = CARTESIAN_POINT ( 'NONE',  ( 0.07000000000000017319, 0.1419999999999999873, -0.05299999999999997075 ) ) ;
#12974 = CARTESIAN_POINT ( 'NONE',  ( 0.07500000000000003886, 0.03750000000000000555, -0.01250000000000010651 ) ) ;
#12975 = CARTESIAN_POINT ( 'NONE',  ( 0.07500000000000005274, -8.110173731190781122E-17, -0.2125000000000001332 ) ) ;
#12976 = ORIENTED_EDGE ( 'NONE', *, *, #3245, .T. ) ;
#12977 = VECTOR ( 'NONE', #8954, 39.37007874015748143 ) ;
#12978 = CARTESIAN_POINT ( 'NONE',  ( -0.06250000000000001388, 0.3643779527559052878, 0.1124999999999998918 ) ) ;
#12979 = ORIENTED_EDGE ( 'NONE', *, *, #3725, .T. ) ;
#12980 = CARTESIAN_POINT ( 'NONE',  ( -0.1449999999999999623, 0.02500000000000000139, 0.09609772206928025862 ) ) ;
#12981 = LINE ( 'NONE', #12913, #267 ) ;
#12982 = ORIENTED_EDGE ( 'NONE', *, *, #8886, .F. ) ;
#12983 = CARTESIAN_POINT ( 'NONE',  ( 0.000000000000000000, 0.3880000000000000115, 0.2000000000000000111 ) ) ;
#12984 = VECTOR ( 'NONE', #11220, 39.37007874015748854 ) ;
#12985 = AXIS2_PLACEMENT_3D ( 'NONE', #7975, #4911, #10229 ) ;
#12986 = VECTOR ( 'NONE', #5225, 39.37007874015748143 ) ;
#12987 = ORIENTED_EDGE ( 'NONE', *, *, #10270, .F. ) ;
#12988 = DIRECTION ( 'NONE',  ( 1.000000000000000000, 1.138269997360106963E-16, 0.000000000000000000 ) ) ;
#12989 = CARTESIAN_POINT ( 'NONE',  ( 0.03749999999999999861, 0.05799999999999996825, -0.01250000000000010651 ) ) ;
#12990 = CARTESIAN_POINT ( 'NONE',  ( 0.06250000000000001388, 0.2150000000000000244, 0.08749999999999988343 ) ) ;
#12991 = ORIENTED_EDGE ( 'NONE', *, *, #5910, .F. ) ;
#12992 = EDGE_CURVE ( 'NONE', #12439, #6837, #2026, .T. ) ;
#12993 =( LENGTH_UNIT ( ) NAMED_UNIT ( * ) SI_UNIT ( $, .METRE. ) );
#12994 = CARTESIAN_POINT ( 'NONE',  ( 0.07000000000000017319, 0.05799999999999997519, 0.1470000000000000195 ) ) ;
#12995 = DIRECTION ( 'NONE',  ( 0.3236155771181825069, 0.8891264907159898145, -0.3236155771181825069 ) ) ;
#12996 = CARTESIAN_POINT ( 'NONE',  ( 0.1100440510024100205, 0.05799999999999997519, 0.2359902289355768901 ) ) ;
#12997 = SURFACE_STYLE_USAGE ( .BOTH. , #899 ) ;
#12998 = VERTEX_POINT ( 'NONE', #2958 ) ;
#12999 = PRESENTATION_STYLE_ASSIGNMENT (( #901 ) ) ;
#13000 = AXIS2_PLACEMENT_3D ( 'NONE', #1704, #7731, #12312 ) ;
#13001 = ADVANCED_FACE ( 'NONE', ( #11206 ), #8960, .F. ) ;
#13002 = CARTESIAN_POINT ( 'NONE',  ( 0.03749999999999999861, 0.3643779527559052878, 0.1874999999999999167 ) ) ;
#13003 = ORIENTED_EDGE ( 'NONE', *, *, #5490, .F. ) ;
#13004 = DIRECTION ( 'NONE',  ( -1.000000000000000000, 2.435670465107224942E-16, 0.000000000000000000 ) ) ;
#13005 = LINE ( 'NONE', #2894, #2321 ) ;
#13006 = VERTEX_POINT ( 'NONE', #12269 ) ;
#13007 = EDGE_CURVE ( 'NONE', #12678, #8633, #238, .T. ) ;
#13008 = CARTESIAN_POINT ( 'NONE',  ( 0.07000000000000017319, 0.05799999999999997519, 0.000000000000000000 ) ) ;
#13009 = CARTESIAN_POINT ( 'NONE',  ( 0.04609772206928037380, 0.3880000000000000115, 0.09609772206928025862 ) ) ;
#13010 = VERTEX_POINT ( 'NONE', #11522 ) ;
#13011 = LINE ( 'NONE', #859, #7267 ) ;
#13012 = VECTOR ( 'NONE', #6378, 39.37007874015748143 ) ;
#13013 = VECTOR ( 'NONE', #10036, 39.37007874015748143 ) ;
#13014 = FACE_OUTER_BOUND ( 'NONE', #9342, .T. ) ;
#13015 = EDGE_CURVE ( 'NONE', #7129, #10815, #12334, .T. ) ;
#13016 = VECTOR ( 'NONE', #2977, 39.37007874015748854 ) ;
#13017 = CARTESIAN_POINT ( 'NONE',  ( -0.06999999999999999278, 0.02737258300203046849, 0.06999999999999972911 ) ) ;
#13018 = ORIENTED_EDGE ( 'NONE', *, *, #1380, .F. ) ;
#13019 = ORIENTED_EDGE ( 'NONE', *, *, #7936, .F. ) ;
#13021 = AXIS2_PLACEMENT_3D ( 'NONE', #11868, #3012, #8958 ) ;
#13020 = CARTESIAN_POINT ( 'NONE',  ( 0.1449999999999999623, 0.02500000000000000139, -0.1039022779307197386 ) ) ;
#13022 = ORIENTED_EDGE ( 'NONE', *, *, #12085, .T. ) ;
#13023 = EDGE_CURVE ( 'NONE', #9626, #3718, #4187, .T. ) ;
#13024 = CARTESIAN_POINT ( 'NONE',  ( 0.07500000000000005274, 0.02499999999999992506, 0.1874999999999999167 ) ) ;
#13025 = DIRECTION ( 'NONE',  ( 1.000000000000000000, 0.000000000000000000, 0.000000000000000000 ) ) ;
#13026 =( NAMED_UNIT ( * ) PLANE_ANGLE_UNIT ( ) SI_UNIT ( $, .RADIAN. ) );
#13027 = CYLINDRICAL_SURFACE ( 'NONE', #1870, 0.007999999999999989758 ) ;
#13028 = UNCERTAINTY_MEASURE_WITH_UNIT (LENGTH_MEASURE( 1.000000000000000082E-05 ), #6336, 'distance_accuracy_value', 'NONE');
#13029 = PRESENTATION_STYLE_ASSIGNMENT (( #6812 ) ) ;
#13030 = EDGE_CURVE ( 'NONE', #8681, #3398, #7235, .T. ) ;
#13031 = SURFACE_STYLE_USAGE ( .BOTH. , #12036 ) ;
#13032 = CARTESIAN_POINT ( 'NONE',  ( -0.06250000000000001388, 0.2150000000000000244, -0.2125000000000001332 ) ) ;
#13033 = VECTOR ( 'NONE', #7183, 39.37007874015748143 ) ;
#13034 = ORIENTED_EDGE ( 'NONE', *, *, #7863, .T. ) ;
#13035 = ORIENTED_EDGE ( 'NONE', *, *, #7776, .F. ) ;
#13036 = DIRECTION ( 'NONE',  ( 0.000000000000000000, -1.000000000000000000, 0.000000000000000000 ) ) ;
#13037 = CIRCLE ( 'NONE', #11544, 0.01250000000000008049 ) ;
#13038 = LINE ( 'NONE', #5813, #12406 ) ;
#13039 = LINE ( 'NONE', #3967, #5892 ) ;
#13040 = CARTESIAN_POINT ( 'NONE',  ( -0.07500000000000005274, 0.000000000000000000, -0.1875000000000001110 ) ) ;
#13041 = DIRECTION ( 'NONE',  ( -0.3420201433256656598, -1.041607969234569323E-16, 0.9396926207859095381 ) ) ;
#13042 = ORIENTED_EDGE ( 'NONE', *, *, #23, .F. ) ;
#13043 = DIRECTION ( 'NONE',  ( 1.000000000000000000, -0.000000000000000000, 0.000000000000000000 ) ) ;
#13044 = UNCERTAINTY_MEASURE_WITH_UNIT (LENGTH_MEASURE( 1.000000000000000082E-05 ), #10033, 'distance_accuracy_value', 'NONE');
#13045 = ORIENTED_EDGE ( 'NONE', *, *, #2918, .T. ) ;
#13046 = DIRECTION ( 'NONE',  ( -0.000000000000000000, 1.000000000000000000, -0.000000000000000000 ) ) ;
#13047 = CARTESIAN_POINT ( 'NONE',  ( -0.06250000000000001388, 0.3643779527559052878, 0.1874999999999999167 ) ) ;
#13048 =( GEOMETRIC_REPRESENTATION_CONTEXT ( 3 ) GLOBAL_UNCERTAINTY_ASSIGNED_CONTEXT ( ( #10310 ) ) GLOBAL_UNIT_ASSIGNED_CONTEXT ( ( #2653, #3619, #2781 ) ) REPRESENTATION_CONTEXT ( 'NONE', 'WORKASPACE' ) );
#13049 = PRESENTATION_STYLE_ASSIGNMENT (( #3000 ) ) ;
#13050 = VECTOR ( 'NONE', #6544, 39.37007874015748143 ) ;
#13051 = ORIENTED_EDGE ( 'NONE', *, *, #2231, .T. ) ;
#13052 = CARTESIAN_POINT ( 'NONE',  ( 0.03749999999999999861, 0.3643779527559052878, -0.1125000000000001138 ) ) ;
#13053 = ORIENTED_EDGE ( 'NONE', *, *, #1792, .T. ) ;
#13054 = FACE_OUTER_BOUND ( 'NONE', #5433, .T. ) ;
#13055 = CARTESIAN_POINT ( 'NONE',  ( 0.06250000000000001388, 0.2150000000000000244, -0.2125000000000001332 ) ) ;
#13056 = DIRECTION ( 'NONE',  ( 5.850480457187554951E-16, 1.000000000000000000, 0.000000000000000000 ) ) ;
#13057 = DIRECTION ( 'NONE',  ( -0.000000000000000000, -1.000000000000000000, -0.000000000000000000 ) ) ;
#13058 = CARTESIAN_POINT ( 'NONE',  ( -0.07500000000000003886, 0.03750000000000000555, 0.01249999999999990008 ) ) ;
#13059 = ORIENTED_EDGE ( 'NONE', *, *, #9065, .T. ) ;
#13060 = DIRECTION ( 'NONE',  ( 1.000000000000000000, 0.000000000000000000, 0.000000000000000000 ) ) ;
#13061 = PRESENTATION_STYLE_ASSIGNMENT (( #4051 ) ) ;
#13062 = MECHANICAL_DESIGN_GEOMETRIC_PRESENTATION_REPRESENTATION (  '', ( #6086 ), #11804 ) ;
#13063 = EDGE_CURVE ( 'NONE', #8810, #8565, #6362, .T. ) ;
#13064 =( NAMED_UNIT ( * ) SI_UNIT ( $, .STERADIAN. ) SOLID_ANGLE_UNIT ( ) );
#13065 = ORIENTED_EDGE ( 'NONE', *, *, #3618, .T. ) ;
#13066 = CARTESIAN_POINT ( 'NONE',  ( 0.03749999999999999861, 0.2150000000000000244, -0.08750000000000010547 ) ) ;
#13067 = CIRCLE ( 'NONE', #12223, 0.007999999999999989758 ) ;
#13068 = DIRECTION ( 'NONE',  ( -0.3420201433256656598, -1.041607969234569323E-16, 0.9396926207859095381 ) ) ;
#13069 = ORIENTED_EDGE ( 'NONE', *, *, #1512, .F. ) ;
#13070 = VECTOR ( 'NONE', #10959, 39.37007874015748854 ) ;
#13071 = CARTESIAN_POINT ( 'NONE',  ( -0.06250000000000001388, 0.3880000000000000115, 0.2124999999999999112 ) ) ;
#13072 =( CONVERSION_BASED_UNIT ( 'INCH', #1770 ) LENGTH_UNIT ( ) NAMED_UNIT ( #10269 ) );
#13073 = VECTOR ( 'NONE', #1957, 39.37007874015748143 ) ;
#13074 = CARTESIAN_POINT ( 'NONE',  ( -0.06250000000000001388, 0.2150000000000000244, 0.1874999999999999167 ) ) ;
#13075 = ORIENTED_EDGE ( 'NONE', *, *, #6555, .T. ) ;
#13076 = DIRECTION ( 'NONE',  ( 0.000000000000000000, 0.000000000000000000, -1.000000000000000000 ) ) ;
#13077 = DIRECTION ( 'NONE',  ( 3.045457963692998845E-16, 1.000000000000000000, 0.000000000000000000 ) ) ;
#13078 = VECTOR ( 'NONE', #4452, 39.37007874015748143 ) ;
#13079 = NEXT_ASSEMBLY_USAGE_OCCURRENCE ( 'NAUO1', ' ', ' ', #2528, #9462, $ ) ;
ENDSEC;
END-ISO-10303-21;
