ISO-10303-21;
HEADER;
FILE_DESCRIPTION (( 'STEP AP214' ),
    '1' );
FILE_NAME ('855-22-008-30-004101.STEP',
    '2026-03-02T16:30:15',
    ( '' ),
    ( '' ),
    'SwSTEP 2.0',
    'SolidWorks 2021',
    '' );
FILE_SCHEMA (( 'AUTOMOTIVE_DESIGN' ));
ENDSEC;

DATA;
#1 = ORIENTED_EDGE ( 'NONE', *, *, #1466, .F. ) ;
#2 = DIRECTION ( 'NONE',  ( -0.000000000000000000, -1.000000000000000000, -0.000000000000000000 ) ) ;
#3 = AXIS2_PLACEMENT_3D ( 'NONE', #4644, #3454, #4598 ) ;
#4 = DIRECTION ( 'NONE',  ( -0.000000000000000000, -1.000000000000000000, -0.000000000000000000 ) ) ;
#5 = DIRECTION ( 'NONE',  ( -0.000000000000000000, -1.000000000000000000, -0.000000000000000000 ) ) ;
#6 = CIRCLE ( 'NONE', #736, 0.01750000000000000167 ) ;
#7 = FACE_OUTER_BOUND ( 'NONE', #4827, .T. ) ;
#8 = EDGE_LOOP ( 'NONE', ( #4008, #996, #3074, #4769 ) ) ;
#9 = EDGE_CURVE ( 'NONE', #4721, #2517, #2924, .T. ) ;
#10 = EDGE_CURVE ( 'NONE', #1701, #3502, #1412, .T. ) ;
#11 = DIRECTION ( 'NONE',  ( -0.000000000000000000, -1.000000000000000000, -0.000000000000000000 ) ) ;
#12 = AXIS2_PLACEMENT_3D ( 'NONE', #29, #2100, #2041 ) ;
#13 = ORIENTED_EDGE ( 'NONE', *, *, #2387, .F. ) ;
#15 = ORIENTED_EDGE ( 'NONE', *, *, #4423, .T. ) ;
#14 = LINE ( 'NONE', #789, #3755 ) ;
#16 = ORIENTED_EDGE ( 'NONE', *, *, #2287, .F. ) ;
#17 = ORIENTED_EDGE ( 'NONE', *, *, #2268, .F. ) ;
#18 = DIRECTION ( 'NONE',  ( -0.000000000000000000, -1.000000000000000000, -0.000000000000000000 ) ) ;
#19 = CONICAL_SURFACE ( 'NONE', #738, 0.01624999999999999709, 0.7853981633974482790 ) ;
#20 = EDGE_CURVE ( 'NONE', #1242, #3876, #3333, .T. ) ;
#21 = CARTESIAN_POINT ( 'NONE',  ( 0.02500000000000000486, -1.707404996040164512E-17, -0.03449999999999999595 ) ) ;
#22 = FACE_BOUND ( 'NONE', #1526, .T. ) ;
#23 = AXIS2_PLACEMENT_3D ( 'NONE', #2127, #1740, #659 ) ;
#24 = CARTESIAN_POINT ( 'NONE',  ( 0.07499999999999999722, -1.707404996040164512E-17, 0.02500000000000000139 ) ) ;
#25 = CARTESIAN_POINT ( 'NONE',  ( 0.07499999999999999722, 0.008999999999999975034, 0.02500000000000000139 ) ) ;
#26 = ORIENTED_EDGE ( 'NONE', *, *, #910, .T. ) ;
#27 = VERTEX_POINT ( 'NONE', #2903 ) ;
#28 = CARTESIAN_POINT ( 'NONE',  ( 0.02500000000000000486, 0.1247499999999999998, -0.007500000000000001457 ) ) ;
#29 = CARTESIAN_POINT ( 'NONE',  ( 0.02500000000000000486, -1.707404996040164512E-17, -0.02500000000000000139 ) ) ;
#30 = CARTESIAN_POINT ( 'NONE',  ( -0.02499999999999999792, -1.707404996040164512E-17, -0.01149999999999999634 ) ) ;
#31 = CIRCLE ( 'NONE', #1413, 0.02150000000000000175 ) ;
#32 = CARTESIAN_POINT ( 'NONE',  ( 0.02500000000000000486, -1.707404996040164512E-17, 0.02500000000000000139 ) ) ;
#33 = VECTOR ( 'NONE', #671, 39.37007874015748143 ) ;
#34 = ORIENTED_EDGE ( 'NONE', *, *, #4422, .F. ) ;
#35 = AXIS2_PLACEMENT_3D ( 'NONE', #4648, #4271, #378 ) ;
#36 = ORIENTED_EDGE ( 'NONE', *, *, #2628, .F. ) ;
#37 = DIRECTION ( 'NONE',  ( 0.000000000000000000, 0.000000000000000000, -1.000000000000000000 ) ) ;
#38 = EDGE_CURVE ( 'NONE', #2867, #3323, #597, .T. ) ;
#39 = VERTEX_POINT ( 'NONE', #3285 ) ;
#40 = VERTEX_POINT ( 'NONE', #4481 ) ;
#41 = DIRECTION ( 'NONE',  ( -1.000000000000000000, -0.000000000000000000, -0.000000000000000000 ) ) ;
#42 = AXIS2_PLACEMENT_3D ( 'NONE', #1645, #3592, #2834 ) ;
#43 = DIRECTION ( 'NONE',  ( -0.000000000000000000, -1.000000000000000000, -0.000000000000000000 ) ) ;
#44 = DIRECTION ( 'NONE',  ( 0.000000000000000000, -1.000000000000000000, -0.000000000000000000 ) ) ;
#45 = CIRCLE ( 'NONE', #1162, 0.01350000000000001026 ) ;
#46 = ADVANCED_FACE ( 'NONE', ( #3712 ), #3378, .T. ) ;
#47 = DIRECTION ( 'NONE',  ( -0.000000000000000000, -1.000000000000000000, -0.000000000000000000 ) ) ;
#48 = EDGE_CURVE ( 'NONE', #1831, #4620, #3221, .T. ) ;
#49 = EDGE_CURVE ( 'NONE', #4821, #2941, #993, .T. ) ;
#50 = CARTESIAN_POINT ( 'NONE',  ( 0.07499999999999999722, 0.02350000000000000352, 0.02500000000000000139 ) ) ;
#51 = EDGE_LOOP ( 'NONE', ( #4256, #2613 ) ) ;
#52 = DIRECTION ( 'NONE',  ( 0.000000000000000000, 0.000000000000000000, 1.000000000000000000 ) ) ;
#53 = VECTOR ( 'NONE', #832, 39.37007874015748143 ) ;
#54 = AXIS2_PLACEMENT_3D ( 'NONE', #2033, #3165, #524 ) ;
#55 = ORIENTED_EDGE ( 'NONE', *, *, #1617, .F. ) ;
#56 = DIRECTION ( 'NONE',  ( 0.000000000000000000, 0.000000000000000000, -1.000000000000000000 ) ) ;
#57 = FACE_OUTER_BOUND ( 'NONE', #3471, .T. ) ;
#58 = CYLINDRICAL_SURFACE ( 'NONE', #2612, 0.01350000000000001026 ) ;
#59 = AXIS2_PLACEMENT_3D ( 'NONE', #4723, #4549, #1839 ) ;
#60 = FILL_AREA_STYLE ('',( #809 ) ) ;
#61 = DIRECTION ( 'NONE',  ( 0.000000000000000000, 0.000000000000000000, -1.000000000000000000 ) ) ;
#62 = VERTEX_POINT ( 'NONE', #1763 ) ;
#63 = ORIENTED_EDGE ( 'NONE', *, *, #3723, .F. ) ;
#64 = CYLINDRICAL_SURFACE ( 'NONE', #3103, 0.01749999999999999820 ) ;
#65 = ORIENTED_EDGE ( 'NONE', *, *, #692, .T. ) ;
#66 = ORIENTED_EDGE ( 'NONE', *, *, #3317, .T. ) ;
#67 = CARTESIAN_POINT ( 'NONE',  ( 0.02500000000000000486, 0.01499999999999997689, -0.02500000000000000139 ) ) ;
#68 = AXIS2_PLACEMENT_3D ( 'NONE', #3960, #2401, #2828 ) ;
#69 = LINE ( 'NONE', #2733, #4177 ) ;
#70 = SURFACE_STYLE_USAGE ( .BOTH. , #2062 ) ;
#71 = DIRECTION ( 'NONE',  ( -0.000000000000000000, -1.000000000000000000, -0.000000000000000000 ) ) ;
#72 = UNCERTAINTY_MEASURE_WITH_UNIT (LENGTH_MEASURE( 1.000000000000000082E-05 ), #4094, 'distance_accuracy_value', 'NONE');
#73 = FACE_OUTER_BOUND ( 'NONE', #3950, .T. ) ;
#74 = ORIENTED_EDGE ( 'NONE', *, *, #2632, .T. ) ;
#75 = SURFACE_STYLE_FILL_AREA ( #853 ) ;
#76 = ADVANCED_FACE ( 'NONE', ( #281, #1813 ), #4460, .F. ) ;
#77 = ORIENTED_EDGE ( 'NONE', *, *, #4077, .F. ) ;
#78 = EDGE_CURVE ( 'NONE', #1624, #4026, #3054, .T. ) ;
#79 = VECTOR ( 'NONE', #2514, 39.37007874015748143 ) ;
#80 = DIRECTION ( 'NONE',  ( 0.000000000000000000, 0.000000000000000000, -1.000000000000000000 ) ) ;
#81 = DIRECTION ( 'NONE',  ( -0.000000000000000000, -1.000000000000000000, -0.000000000000000000 ) ) ;
#82 = DIRECTION ( 'NONE',  ( 0.000000000000000000, 0.000000000000000000, -1.000000000000000000 ) ) ;
#83 = MANIFOLD_SOLID_BREP ( 'LPattern1[3]', #3658 ) ;
#84 = ADVANCED_FACE ( 'NONE', ( #2639, #747 ), #2969, .F. ) ;
#85 = LINE ( 'NONE', #4275, #1770 ) ;
#86 =( GEOMETRIC_REPRESENTATION_CONTEXT ( 3 ) GLOBAL_UNCERTAINTY_ASSIGNED_CONTEXT ( ( #3898 ) ) GLOBAL_UNIT_ASSIGNED_CONTEXT ( ( #777, #1178, #2273 ) ) REPRESENTATION_CONTEXT ( 'NONE', 'WORKASPACE' ) );
#87 = PRODUCT_DEFINITION ( 'UNKNOWN', '', #4032, #2257 ) ;
#88 = DIRECTION ( 'NONE',  ( 0.000000000000000000, 0.000000000000000000, -1.000000000000000000 ) ) ;
#89 = ORIENTED_EDGE ( 'NONE', *, *, #2182, .F. ) ;
#90 = ORIENTED_EDGE ( 'NONE', *, *, #1642, .F. ) ;
#91 = DIRECTION ( 'NONE',  ( 0.000000000000000000, 0.000000000000000000, -1.000000000000000000 ) ) ;
#92 = EDGE_LOOP ( 'NONE', ( #2085, #295 ) ) ;
#93 = AXIS2_PLACEMENT_3D ( 'NONE', #3091, #3522, #2759 ) ;
#94 = EDGE_LOOP ( 'NONE', ( #89, #3698, #1226, #4203 ) ) ;
#95 = CARTESIAN_POINT ( 'NONE',  ( -0.02499999999999999792, 0.008999999999999975034, 0.01149999999999999634 ) ) ;
#96 = CYLINDRICAL_SURFACE ( 'NONE', #3948, 0.01350000000000000679 ) ;
#97 = DIRECTION ( 'NONE',  ( -0.000000000000000000, -1.000000000000000000, -0.000000000000000000 ) ) ;
#98 = DIRECTION ( 'NONE',  ( -0.000000000000000000, -0.000000000000000000, -1.000000000000000000 ) ) ;
#99 = AXIS2_PLACEMENT_3D ( 'NONE', #4411, #914, #2504 ) ;
#100 = CARTESIAN_POINT ( 'NONE',  ( 0.007500000000000005794, 0.02349999999999998618, 0.02500000000000000139 ) ) ;
#101 = ORIENTED_EDGE ( 'NONE', *, *, #4019, .T. ) ;
#102 = EDGE_LOOP ( 'NONE', ( #3406, #4799, #2636, #308 ) ) ;
#103 = ADVANCED_FACE ( 'NONE', ( #4169 ), #4333, .T. ) ;
#104 = DIRECTION ( 'NONE',  ( 0.000000000000000000, 0.000000000000000000, -1.000000000000000000 ) ) ;
#105 = CARTESIAN_POINT ( 'NONE',  ( -0.07499999999999999722, -1.707404996040164512E-17, -0.03449999999999999595 ) ) ;
#106 = ORIENTED_EDGE ( 'NONE', *, *, #3884, .F. ) ;
#107 = LINE ( 'NONE', #2399, #4935 ) ;
#108 = DIRECTION ( 'NONE',  ( 0.000000000000000000, 0.000000000000000000, 1.000000000000000000 ) ) ;
#109 = PLANE ( 'NONE',  #4666 ) ;
#110 = DIRECTION ( 'NONE',  ( -0.000000000000000000, -1.000000000000000000, -0.000000000000000000 ) ) ;
#111 = EDGE_CURVE ( 'NONE', #1929, #574, #1957, .T. ) ;
#112 = ADVANCED_FACE ( 'NONE', ( #3045 ), #3402, .T. ) ;
#113 = DIRECTION ( 'NONE',  ( -0.000000000000000000, -1.000000000000000000, -0.000000000000000000 ) ) ;
#114 = DIRECTION ( 'NONE',  ( 0.000000000000000000, -0.7071067811865474617, -0.7071067811865474617 ) ) ;
#115 = ORIENTED_EDGE ( 'NONE', *, *, #724, .T. ) ;
#116 = ORIENTED_EDGE ( 'NONE', *, *, #4595, .T. ) ;
#117 = CIRCLE ( 'NONE', #831, 0.009499999999999994560 ) ;
#118 = DIRECTION ( 'NONE',  ( 0.000000000000000000, 0.000000000000000000, -1.000000000000000000 ) ) ;
#119 = ORIENTED_EDGE ( 'NONE', *, *, #719, .T. ) ;
#120 = ORIENTED_EDGE ( 'NONE', *, *, #2999, .T. ) ;
#121 = AXIS2_PLACEMENT_3D ( 'NONE', #1510, #1611, #2345 ) ;
#122 = DIRECTION ( 'NONE',  ( -0.000000000000000000, -1.000000000000000000, -0.000000000000000000 ) ) ;
#123 = DIRECTION ( 'NONE',  ( -1.000000000000000000, 0.000000000000000000, 0.000000000000000000 ) ) ;
#124 = CYLINDRICAL_SURFACE ( 'NONE', #2959, 0.009499999999999994560 ) ;
#125 = AXIS2_PLACEMENT_3D ( 'NONE', #4390, #113, #3620 ) ;
#126 = DIRECTION ( 'NONE',  ( 1.224646799147353207E-16, -0.000000000000000000, 1.000000000000000000 ) ) ;
#127 = EDGE_LOOP ( 'NONE', ( #1919, #15, #2030, #2708 ) ) ;
#128 = CIRCLE ( 'NONE', #2942, 0.01750000000000000167 ) ;
#129 = ORIENTED_EDGE ( 'NONE', *, *, #4500, .F. ) ;
#130 = CARTESIAN_POINT ( 'NONE',  ( -0.02499999999999999792, -1.707404996040164512E-17, -0.02500000000000000139 ) ) ;
#131 = AXIS2_PLACEMENT_3D ( 'NONE', #3772, #2213, #4159 ) ;
#132 = LINE ( 'NONE', #190, #3034 ) ;
#133 = EDGE_LOOP ( 'NONE', ( #4610, #277 ) ) ;
#134 = DIRECTION ( 'NONE',  ( 0.000000000000000000, 1.000000000000000000, 0.000000000000000000 ) ) ;
#135 = FACE_OUTER_BOUND ( 'NONE', #4579, .T. ) ;
#136 = DIRECTION ( 'NONE',  ( -0.000000000000000000, -1.000000000000000000, -0.000000000000000000 ) ) ;
#137 =( GEOMETRIC_REPRESENTATION_CONTEXT ( 3 ) GLOBAL_UNCERTAINTY_ASSIGNED_CONTEXT ( ( #72 ) ) GLOBAL_UNIT_ASSIGNED_CONTEXT ( ( #4094, #1800, #1469 ) ) REPRESENTATION_CONTEXT ( 'NONE', 'WORKASPACE' ) );
#138 = EDGE_CURVE ( 'NONE', #2313, #2304, #3120, .T. ) ;
#139 = FACE_BOUND ( 'NONE', #743, .T. ) ;
#140 = CIRCLE ( 'NONE', #1829, 0.009499999999999994560 ) ;
#141 = DIRECTION ( 'NONE',  ( -0.000000000000000000, -1.000000000000000000, -0.000000000000000000 ) ) ;
#142 = AXIS2_PLACEMENT_3D ( 'NONE', #4626, #1156, #3534 ) ;
#143 = EDGE_CURVE ( 'NONE', #219, #3481, #3848, .T. ) ;
#144 = FACE_OUTER_BOUND ( 'NONE', #1216, .T. ) ;
#145 = EDGE_CURVE ( 'NONE', #4186, #3470, #4923, .T. ) ;
#147 = ORIENTED_EDGE ( 'NONE', *, *, #1207, .F. ) ;
#146 = ADVANCED_FACE ( 'NONE', ( #4639 ), #1880, .T. ) ;
#148 = CIRCLE ( 'NONE', #1589, 0.009499999999999994560 ) ;
#149 = ORIENTED_EDGE ( 'NONE', *, *, #2458, .F. ) ;
#150 = CARTESIAN_POINT ( 'NONE',  ( 0.02500000000000000486, 0.02349999999999998618, -0.02500000000000000139 ) ) ;
#151 = ORIENTED_EDGE ( 'NONE', *, *, #214, .F. ) ;
#152 = EDGE_LOOP ( 'NONE', ( #4671, #3703, #4740, #929 ) ) ;
#153 = DIRECTION ( 'NONE',  ( 0.000000000000000000, 0.000000000000000000, 1.000000000000000000 ) ) ;
#154 = ADVANCED_FACE ( 'NONE', ( #2288 ), #371, .T. ) ;
#155 = CARTESIAN_POINT ( 'NONE',  ( -0.07499999999999999722, -1.707404996040164512E-17, 0.02500000000000000139 ) ) ;
#156 = CARTESIAN_POINT ( 'NONE',  ( -0.1074999999999999983, 0.09849999999999999034, -0.05999999999999999778 ) ) ;
#157 = LINE ( 'NONE', #2416, #664 ) ;
#158 = VERTEX_POINT ( 'NONE', #3498 ) ;
#159 = ORIENTED_EDGE ( 'NONE', *, *, #2978, .F. ) ;
#160 = CARTESIAN_POINT ( 'NONE',  ( -0.02500000000000001527, 0.1565000000000000280, -0.02500000000000000139 ) ) ;
#161 = ORIENTED_EDGE ( 'NONE', *, *, #2449, .T. ) ;
#162 = PLANE ( 'NONE',  #2933 ) ;
#163 = FACE_OUTER_BOUND ( 'NONE', #887, .T. ) ;
#164 = FACE_OUTER_BOUND ( 'NONE', #3463, .T. ) ;
#165 = AXIS2_PLACEMENT_3D ( 'NONE', #2862, #3679, #2890 ) ;
#166 = FACE_OUTER_BOUND ( 'NONE', #4663, .T. ) ;
#167 = DIRECTION ( 'NONE',  ( 0.000000000000000000, 0.000000000000000000, 1.000000000000000000 ) ) ;
#168 = DIRECTION ( 'NONE',  ( 0.000000000000000000, 0.000000000000000000, -1.000000000000000000 ) ) ;
#169 = CIRCLE ( 'NONE', #2814, 0.01850000000000000949 ) ;
#170 = CARTESIAN_POINT ( 'NONE',  ( 0.07499999999999999722, 0.1260000000000000009, -0.02500000000000000139 ) ) ;
#171 = ORIENTED_EDGE ( 'NONE', *, *, #1040, .F. ) ;
#172 = EDGE_LOOP ( 'NONE', ( #2669, #3088 ) ) ;
#173 = DIRECTION ( 'NONE',  ( -0.000000000000000000, -1.000000000000000000, -0.000000000000000000 ) ) ;
#174 = ORIENTED_EDGE ( 'NONE', *, *, #326, .T. ) ;
#175 = ORIENTED_EDGE ( 'NONE', *, *, #1834, .T. ) ;
#176 = ADVANCED_FACE ( 'NONE', ( #3426, #324, #772, #392, #1933, #3476, #22, #1481, #1554 ), #3092, .F. ) ;
#177 = CIRCLE ( 'NONE', #570, 0.009499999999999994560 ) ;
#178 = DIRECTION ( 'NONE',  ( 0.000000000000000000, 1.000000000000000000, 0.000000000000000000 ) ) ;
#179 = CARTESIAN_POINT ( 'NONE',  ( -0.07499999999999999722, 0.09849999999999999034, 0.007500000000000003192 ) ) ;
#180 = EDGE_LOOP ( 'NONE', ( #2681, #1873, #2967, #4404 ) ) ;
#181 = CYLINDRICAL_SURFACE ( 'NONE', #3837, 0.02149999999999999481 ) ;
#182 = CIRCLE ( 'NONE', #2590, 0.01750000000000000513 ) ;
#183 = EDGE_CURVE ( 'NONE', #3250, #1273, #2711, .T. ) ;
#184 = DIRECTION ( 'NONE',  ( 1.000000000000000000, 0.000000000000000000, 0.000000000000000000 ) ) ;
#185 = LENGTH_MEASURE_WITH_UNIT ( LENGTH_MEASURE( 0.02539999999999999897 ), #1608 );
#186 = AXIS2_PLACEMENT_3D ( 'NONE', #704, #1104, #2198 ) ;
#187 = ORIENTED_EDGE ( 'NONE', *, *, #3861, .F. ) ;
#188 = CIRCLE ( 'NONE', #2991, 0.01625000000000000056 ) ;
#189 = CARTESIAN_POINT ( 'NONE',  ( -0.02499999999999999792, -1.707404996040164512E-17, -0.02500000000000000139 ) ) ;
#190 = CARTESIAN_POINT ( 'NONE',  ( -0.02499999999999999792, -1.707404996040164512E-17, 0.03850000000000001338 ) ) ;
#191 = EDGE_LOOP ( 'NONE', ( #2706, #4382, #2567, #1532, #4632 ) ) ;
#192 = DIRECTION ( 'NONE',  ( 0.000000000000000000, 0.000000000000000000, -1.000000000000000000 ) ) ;
#193 = DIRECTION ( 'NONE',  ( 0.000000000000000000, 0.000000000000000000, -1.000000000000000000 ) ) ;
#194 = DIRECTION ( 'NONE',  ( 0.000000000000000000, 0.000000000000000000, 1.000000000000000000 ) ) ;
#195 = CARTESIAN_POINT ( 'NONE',  ( 0.02500000000000000486, -1.707404996040164512E-17, 0.02500000000000000139 ) ) ;
#196 = DIRECTION ( 'NONE',  ( -0.000000000000000000, -1.000000000000000000, -0.000000000000000000 ) ) ;
#197 = AXIS2_PLACEMENT_3D ( 'NONE', #4770, #580, #2120 ) ;
#198 = LINE ( 'NONE', #4419, #3741 ) ;
#199 = CARTESIAN_POINT ( 'NONE',  ( -0.02499999999999999792, 0.02349999999999998618, 0.003500000000000006144 ) ) ;
#200 = VERTEX_POINT ( 'NONE', #3801 ) ;
#201 = ORIENTED_EDGE ( 'NONE', *, *, #3157, .T. ) ;
#202 = FACE_OUTER_BOUND ( 'NONE', #3061, .T. ) ;
#203 = ORIENTED_EDGE ( 'NONE', *, *, #409, .F. ) ;
#204 = EDGE_LOOP ( 'NONE', ( #4113, #1204 ) ) ;
#205 = DIRECTION ( 'NONE',  ( -0.000000000000000000, -1.000000000000000000, -0.000000000000000000 ) ) ;
#206 = CIRCLE ( 'NONE', #3417, 0.009499999999999994560 ) ;
#207 = EDGE_CURVE ( 'NONE', #3694, #1798, #3994, .T. ) ;
#208 = EDGE_LOOP ( 'NONE', ( #701, #2763, #415, #1456 ) ) ;
#209 = CARTESIAN_POINT ( 'NONE',  ( -0.02499999999999999792, 0.1260000000000000009, 0.02500000000000000139 ) ) ;
#210 = CARTESIAN_POINT ( 'NONE',  ( 0.07499999999999999722, 0.1565000000000000280, 0.02500000000000000139 ) ) ;
#211 = CIRCLE ( 'NONE', #681, 0.02150000000000000175 ) ;
#212 = DIRECTION ( 'NONE',  ( -0.000000000000000000, -1.000000000000000000, -0.000000000000000000 ) ) ;
#213 = EDGE_CURVE ( 'NONE', #3789, #4074, #2948, .T. ) ;
#214 = EDGE_CURVE ( 'NONE', #4542, #4831, #3946, .T. ) ;
#215 = EDGE_CURVE ( 'NONE', #4643, #1396, #820, .T. ) ;
#216 = VECTOR ( 'NONE', #4780, 39.37007874015748143 ) ;
#217 = CYLINDRICAL_SURFACE ( 'NONE', #2617, 0.009499999999999994560 ) ;
#218 = CARTESIAN_POINT ( 'NONE',  ( 0.02500000000000000486, 0.09849999999999999034, 0.02500000000000000139 ) ) ;
#219 = VERTEX_POINT ( 'NONE', #1708 ) ;
#220 = CARTESIAN_POINT ( 'NONE',  ( -0.08850000000000000921, -1.707404996040164512E-17, 0.02500000000000000139 ) ) ;
#221 = DIRECTION ( 'NONE',  ( 0.000000000000000000, 0.000000000000000000, -1.000000000000000000 ) ) ;
#222 = LINE ( 'NONE', #2045, #585 ) ;
#223 = EDGE_CURVE ( 'NONE', #2494, #2623, #1577, .T. ) ;
#224 = AXIS2_PLACEMENT_3D ( 'NONE', #4165, #1452, #320 ) ;
#225 = DIRECTION ( 'NONE',  ( 0.000000000000000000, 0.000000000000000000, -1.000000000000000000 ) ) ;
#226 = CARTESIAN_POINT ( 'NONE',  ( 0.07499999999999999722, 0.01499999999999997689, 0.02500000000000000139 ) ) ;
#227 = CIRCLE ( 'NONE', #2469, 0.02149999999999999481 ) ;
#228 = DIRECTION ( 'NONE',  ( -0.000000000000000000, -1.000000000000000000, -0.000000000000000000 ) ) ;
#229 = VERTEX_POINT ( 'NONE', #179 ) ;
#230 = AXIS2_PLACEMENT_3D ( 'NONE', #3079, #1187, #405 ) ;
#231 = PLANE ( 'NONE',  #3993 ) ;
#232 = ORIENTED_EDGE ( 'NONE', *, *, #1181, .F. ) ;
#233 = AXIS2_PLACEMENT_3D ( 'NONE', #3428, #731, #4485 ) ;
#234 = LINE ( 'NONE', #2898, #2992 ) ;
#235 = ORIENTED_EDGE ( 'NONE', *, *, #988, .F. ) ;
#236 = CARTESIAN_POINT ( 'NONE',  ( 0.02500000000000000486, 0.02350000000000000352, -0.02500000000000000139 ) ) ;
#237 = CARTESIAN_POINT ( 'NONE',  ( 0.02500000000000001180, -1.707404996040164512E-17, -0.007500000000000001457 ) ) ;
#238 = CARTESIAN_POINT ( 'NONE',  ( -0.02499999999999999792, 0.01499999999999997689, -0.02500000000000000139 ) ) ;
#239 = DIRECTION ( 'NONE',  ( 0.000000000000000000, 0.000000000000000000, -1.000000000000000000 ) ) ;
#240 = ORIENTED_EDGE ( 'NONE', *, *, #4851, .F. ) ;
#241 = CARTESIAN_POINT ( 'NONE',  ( 0.02499999999999999098, 0.1565000000000000280, -0.02500000000000000139 ) ) ;
#242 = ADVANCED_FACE ( 'NONE', ( #441 ), #1305, .T. ) ;
#243 = DIRECTION ( 'NONE',  ( -0.000000000000000000, -1.000000000000000000, -0.000000000000000000 ) ) ;
#244 = VERTEX_POINT ( 'NONE', #1656 ) ;
#245 = DIRECTION ( 'NONE',  ( -0.000000000000000000, -1.000000000000000000, -0.000000000000000000 ) ) ;
#246 = LINE ( 'NONE', #3241, #700 ) ;
#247 = CIRCLE ( 'NONE', #2405, 0.009499999999999985886 ) ;
#248 = DIRECTION ( 'NONE',  ( 0.000000000000000000, 0.000000000000000000, -1.000000000000000000 ) ) ;
#249 = EDGE_CURVE ( 'NONE', #2494, #3116, #3223, .T. ) ;
#250 = UNCERTAINTY_MEASURE_WITH_UNIT (LENGTH_MEASURE( 1.000000000000000082E-05 ), #4895, 'distance_accuracy_value', 'NONE');
#251 = ORIENTED_EDGE ( 'NONE', *, *, #3185, .F. ) ;
#252 = CARTESIAN_POINT ( 'NONE',  ( 0.07499999999999999722, -1.707404996040164512E-17, -0.02500000000000000139 ) ) ;
#253 = ORIENTED_EDGE ( 'NONE', *, *, #1711, .F. ) ;
#254 = AXIS2_PLACEMENT_3D ( 'NONE', #1056, #2963, #342 ) ;
#255 = LINE ( 'NONE', #3775, #3634 ) ;
#256 = EDGE_LOOP ( 'NONE', ( #3686, #4561 ) ) ;
#257 = CARTESIAN_POINT ( 'NONE',  ( 0.02500000000000000486, 0.1260000000000000009, 0.02500000000000000139 ) ) ;
#258 = AXIS2_PLACEMENT_3D ( 'NONE', #1394, #4090, #2179 ) ;
#259 = SURFACE_SIDE_STYLE ('',( #3334 ) ) ;
#260 = DIRECTION ( 'NONE',  ( 0.000000000000000000, 0.000000000000000000, -1.000000000000000000 ) ) ;
#261 = AXIS2_PLACEMENT_3D ( 'NONE', #2883, #3315, #1395 ) ;
#262 = DIRECTION ( 'NONE',  ( 0.000000000000000000, 1.000000000000000000, 0.000000000000000000 ) ) ;
#263 = DIRECTION ( 'NONE',  ( -0.000000000000000000, -1.000000000000000000, -0.000000000000000000 ) ) ;
#264 = VERTEX_POINT ( 'NONE', #3197 ) ;
#265 = SURFACE_STYLE_USAGE ( .BOTH. , #2907 ) ;
#266 = AXIS2_PLACEMENT_3D ( 'NONE', #4102, #1410, #2174 ) ;
#267 = ORIENTED_EDGE ( 'NONE', *, *, #4867, .F. ) ;
#268 = ADVANCED_FACE ( 'NONE', ( #3523, #3252 ), #4717, .F. ) ;
#269 = CARTESIAN_POINT ( 'NONE',  ( -0.07499999999999999722, 0.1565000000000000280, 0.02500000000000000139 ) ) ;
#270 = AXIS2_PLACEMENT_3D ( 'NONE', #380, #3831, #1915 ) ;
#271 = DIRECTION ( 'NONE',  ( -0.000000000000000000, -1.000000000000000000, -0.000000000000000000 ) ) ;
#272 = MANIFOLD_SOLID_BREP ( 'Revolve1', #1871 ) ;
#273 = ADVANCED_FACE ( 'NONE', ( #2439 ), #1249, .T. ) ;
#274 = PRESENTATION_STYLE_ASSIGNMENT (( #672 ) ) ;
#275 = VERTEX_POINT ( 'NONE', #2468 ) ;
#276 = CARTESIAN_POINT ( 'NONE',  ( 0.06149999999999999911, -1.707404996040164512E-17, 0.02500000000000000139 ) ) ;
#277 = ORIENTED_EDGE ( 'NONE', *, *, #2414, .F. ) ;
#278 = CARTESIAN_POINT ( 'NONE',  ( 0.1075000000000000261, 0.02350000000000000352, -0.05999999999999999778 ) ) ;
#279 = CARTESIAN_POINT ( 'NONE',  ( -0.07499999999999999722, 0.01499999999999997689, -0.006499999999999997967 ) ) ;
#280 = VECTOR ( 'NONE', #2051, 39.37007874015748143 ) ;
#281 = FACE_BOUND ( 'NONE', #333, .T. ) ;
#282 = CIRCLE ( 'NONE', #1730, 0.01850000000000000949 ) ;
#283 = DIRECTION ( 'NONE',  ( -0.000000000000000000, -1.000000000000000000, -0.000000000000000000 ) ) ;
#284 = CARTESIAN_POINT ( 'NONE',  ( 0.02500000000000000486, -1.707404996040164512E-17, -0.03850000000000001338 ) ) ;
#285 = ORIENTED_EDGE ( 'NONE', *, *, #1411, .T. ) ;
#286 = DIRECTION ( 'NONE',  ( -0.000000000000000000, -1.000000000000000000, -0.000000000000000000 ) ) ;
#287 = ORIENTED_EDGE ( 'NONE', *, *, #4817, .F. ) ;
#288 = CIRCLE ( 'NONE', #1015, 0.01749999999999999820 ) ;
#289 = DIRECTION ( 'NONE',  ( -0.000000000000000000, -1.000000000000000000, -0.000000000000000000 ) ) ;
#290 =( NAMED_UNIT ( * ) SI_UNIT ( $, .STERADIAN. ) SOLID_ANGLE_UNIT ( ) );
#291 = DIRECTION ( 'NONE',  ( 0.000000000000000000, 0.000000000000000000, -1.000000000000000000 ) ) ;
#292 = AXIS2_PLACEMENT_3D ( 'NONE', #1483, #283, #4128 ) ;
#293 = ADVANCED_FACE ( 'NONE', ( #4317 ), #874, .T. ) ;
#294 = FACE_OUTER_BOUND ( 'NONE', #4486, .T. ) ;
#295 = ORIENTED_EDGE ( 'NONE', *, *, #844, .T. ) ;
#296 = CIRCLE ( 'NONE', #3106, 0.01750000000000000167 ) ;
#297 = VECTOR ( 'NONE', #464, 39.37007874015748143 ) ;
#298 = EDGE_CURVE ( 'NONE', #2609, #2360, #2741, .T. ) ;
#299 = EDGE_CURVE ( 'NONE', #2309, #587, #2114, .T. ) ;
#300 = DIRECTION ( 'NONE',  ( 0.000000000000000000, 0.000000000000000000, -1.000000000000000000 ) ) ;
#301 = EDGE_LOOP ( 'NONE', ( #4778, #2548 ) ) ;
#302 = DIRECTION ( 'NONE',  ( 0.000000000000000000, 1.000000000000000000, 0.000000000000000000 ) ) ;
#303 = EDGE_CURVE ( 'NONE', #1393, #2361, #222, .T. ) ;
#304 = EDGE_LOOP ( 'NONE', ( #2854, #161, #3353, #1190 ) ) ;
#305 = AXIS2_PLACEMENT_3D ( 'NONE', #1583, #1277, #2815 ) ;
#306 = LINE ( 'NONE', #2598, #2688 ) ;
#307 = DIRECTION ( 'NONE',  ( -0.000000000000000000, -1.000000000000000000, -0.000000000000000000 ) ) ;
#308 = ORIENTED_EDGE ( 'NONE', *, *, #2581, .T. ) ;
#309 = LINE ( 'NONE', #1961, #4341 ) ;
#310 = VERTEX_POINT ( 'NONE', #3931 ) ;
#311 = CARTESIAN_POINT ( 'NONE',  ( -0.07499999999999999722, 0.1247499999999999998, -0.007500000000000001457 ) ) ;
#312 = CARTESIAN_POINT ( 'NONE',  ( 0.07499999999999999722, 0.008999999999999975034, -0.04350000000000001088 ) ) ;
#313 = LINE ( 'NONE', #4136, #2137 ) ;
#314 =( LENGTH_UNIT ( ) NAMED_UNIT ( * ) SI_UNIT ( $, .METRE. ) );
#315 = ORIENTED_EDGE ( 'NONE', *, *, #319, .F. ) ;
#316 = PLANE ( 'NONE',  #2413 ) ;
#317 = ORIENTED_EDGE ( 'NONE', *, *, #4559, .T. ) ;
#318 = CIRCLE ( 'NONE', #3132, 0.01749999999999999820 ) ;
#319 = EDGE_CURVE ( 'NONE', #2941, #2236, #480, .T. ) ;
#321 = ORIENTED_EDGE ( 'NONE', *, *, #1590, .F. ) ;
#320 = DIRECTION ( 'NONE',  ( 0.000000000000000000, 0.000000000000000000, -1.000000000000000000 ) ) ;
#322 = ADVANCED_FACE ( 'NONE', ( #538, #919 ), #109, .F. ) ;
#323 = CARTESIAN_POINT ( 'NONE',  ( 0.07499999999999999722, 0.1565000000000000280, 0.02500000000000000139 ) ) ;
#324 = FACE_BOUND ( 'NONE', #172, .T. ) ;
#325 = STYLED_ITEM ( 'NONE', ( #3339 ), #4887 ) ;
#326 = EDGE_CURVE ( 'NONE', #4026, #1624, #4330, .T. ) ;
#327 = EDGE_CURVE ( 'NONE', #1651, #2409, #3854, .T. ) ;
#328 = CARTESIAN_POINT ( 'NONE',  ( -0.02500000000000001527, 0.1565000000000000280, -0.02500000000000000139 ) ) ;
#329 = DIRECTION ( 'NONE',  ( 0.000000000000000000, 0.000000000000000000, -1.000000000000000000 ) ) ;
#330 = VERTEX_POINT ( 'NONE', #1694 ) ;
#331 = DIRECTION ( 'NONE',  ( 1.000000000000000000, 0.000000000000000000, 0.000000000000000000 ) ) ;
#332 = AXIS2_PLACEMENT_3D ( 'NONE', #2820, #2876, #1227 ) ;
#333 = EDGE_LOOP ( 'NONE', ( #4089, #557 ) ) ;
#334 = LINE ( 'NONE', #1420, #705 ) ;
#335 = FILL_AREA_STYLE_COLOUR ( '', #2068 ) ;
#336 = AXIS2_PLACEMENT_3D ( 'NONE', #2534, #4414, #594 ) ;
#337 = SPHERICAL_SURFACE ( 'NONE', #4684, 0.009499999999999985886 ) ;
#338 = CIRCLE ( 'NONE', #4266, 0.01749999999999999820 ) ;
#339 = DIRECTION ( 'NONE',  ( -0.000000000000000000, 1.000000000000000000, -0.000000000000000000 ) ) ;
#340 = EDGE_LOOP ( 'NONE', ( #3316, #1796, #456, #3348 ) ) ;
#341 = CIRCLE ( 'NONE', #4838, 0.01750000000000000513 ) ;
#342 = DIRECTION ( 'NONE',  ( 0.000000000000000000, 0.000000000000000000, -1.000000000000000000 ) ) ;
#343 = ORIENTED_EDGE ( 'NONE', *, *, #1066, .F. ) ;
#344 = CARTESIAN_POINT ( 'NONE',  ( -0.02499999999999999792, 0.008999999999999975034, -0.02500000000000000139 ) ) ;
#345 = DIRECTION ( 'NONE',  ( 0.000000000000000000, -0.000000000000000000, 1.000000000000000000 ) ) ;
#346 = DIRECTION ( 'NONE',  ( -0.000000000000000000, -1.000000000000000000, -0.000000000000000000 ) ) ;
#347 = EDGE_CURVE ( 'NONE', #3062, #264, #1638, .T. ) ;
#348 = DIRECTION ( 'NONE',  ( -0.000000000000000000, -1.000000000000000000, -0.000000000000000000 ) ) ;
#349 = CARTESIAN_POINT ( 'NONE',  ( -0.02499999999999999792, -1.707404996040164512E-17, -0.02500000000000000139 ) ) ;
#350 = ORIENTED_EDGE ( 'NONE', *, *, #1512, .T. ) ;
#351 = DIRECTION ( 'NONE',  ( -0.000000000000000000, -1.000000000000000000, -0.000000000000000000 ) ) ;
#352 = ADVANCED_FACE ( 'NONE', ( #2077 ), #2020, .F. ) ;
#353 = EDGE_CURVE ( 'NONE', #3134, #4586, #1921, .T. ) ;
#354 = ORIENTED_EDGE ( 'NONE', *, *, #2693, .T. ) ;
#355 = EDGE_CURVE ( 'NONE', #264, #4721, #4728, .T. ) ;
#356 = DIRECTION ( 'NONE',  ( -0.000000000000000000, -1.000000000000000000, -0.000000000000000000 ) ) ;
#357 = CARTESIAN_POINT ( 'NONE',  ( -0.02499999999999999792, 0.1260000000000000009, 0.02500000000000000139 ) ) ;
#358 = EDGE_CURVE ( 'NONE', #3939, #4877, #1051, .T. ) ;
#359 = AXIS2_PLACEMENT_3D ( 'NONE', #2972, #3692, #4151 ) ;
#360 = EDGE_LOOP ( 'NONE', ( #2380, #3583, #4926, #3602 ) ) ;
#361 = AXIS2_PLACEMENT_3D ( 'NONE', #4967, #302, #1523 ) ;
#362 = CARTESIAN_POINT ( 'NONE',  ( 0.02500000000000000486, 0.02349999999999998618, -0.02500000000000000139 ) ) ;
#363 = ORIENTED_EDGE ( 'NONE', *, *, #3129, .F. ) ;
#364 = STYLED_ITEM ( 'NONE', ( #274 ), #3257 ) ;
#366 = ORIENTED_EDGE ( 'NONE', *, *, #2295, .T. ) ;
#365 = CARTESIAN_POINT ( 'NONE',  ( 0.02500000000000000486, 0.008999999999999975034, -0.02500000000000000139 ) ) ;
#367 = ORIENTED_EDGE ( 'NONE', *, *, #643, .F. ) ;
#368 = DIRECTION ( 'NONE',  ( 0.000000000000000000, 0.000000000000000000, -1.000000000000000000 ) ) ;
#369 = MECHANICAL_DESIGN_GEOMETRIC_PRESENTATION_REPRESENTATION (  '', ( #2701 ), #949 ) ;
#370 = DIRECTION ( 'NONE',  ( 0.000000000000000000, 0.000000000000000000, 1.000000000000000000 ) ) ;
#371 = CYLINDRICAL_SURFACE ( 'NONE', #2470, 0.02150000000000000175 ) ;
#372 = CIRCLE ( 'NONE', #3193, 0.02149999999999999481 ) ;
#373 =( GEOMETRIC_REPRESENTATION_CONTEXT ( 3 ) GLOBAL_UNCERTAINTY_ASSIGNED_CONTEXT ( ( #3725 ) ) GLOBAL_UNIT_ASSIGNED_CONTEXT ( ( #1137, #2773, #2673 ) ) REPRESENTATION_CONTEXT ( 'NONE', 'WORKASPACE' ) );
#374 = DIRECTION ( 'NONE',  ( -0.000000000000000000, -1.000000000000000000, -0.000000000000000000 ) ) ;
#375 = ORIENTED_EDGE ( 'NONE', *, *, #2010, .F. ) ;
#376 = DIRECTION ( 'NONE',  ( 0.000000000000000000, 0.000000000000000000, -1.000000000000000000 ) ) ;
#377 = EDGE_LOOP ( 'NONE', ( #2417, #779, #2158, #13 ) ) ;
#378 = DIRECTION ( 'NONE',  ( 0.000000000000000000, 0.000000000000000000, 1.000000000000000000 ) ) ;
#379 = EDGE_CURVE ( 'NONE', #4476, #2037, #4975, .T. ) ;
#380 = CARTESIAN_POINT ( 'NONE',  ( 0.02500000000000000486, 0.1260000000000000009, -0.02500000000000000139 ) ) ;
#381 = CARTESIAN_POINT ( 'NONE',  ( 0.02500000000000000486, 0.09849999999999999034, 0.04249999999999999611 ) ) ;
#382 = EDGE_CURVE ( 'NONE', #3530, #2169, #2578, .T. ) ;
#383 = ORIENTED_EDGE ( 'NONE', *, *, #1918, .T. ) ;
#384 = FACE_OUTER_BOUND ( 'NONE', #399, .T. ) ;
#385 = VERTEX_POINT ( 'NONE', #2428 ) ;
#387 = ORIENTED_EDGE ( 'NONE', *, *, #4651, .T. ) ;
#386 = DIRECTION ( 'NONE',  ( -0.000000000000000000, -1.000000000000000000, -0.000000000000000000 ) ) ;
#388 = EDGE_LOOP ( 'NONE', ( #2462, #816 ) ) ;
#389 = ORIENTED_EDGE ( 'NONE', *, *, #9, .T. ) ;
#390 = LINE ( 'NONE', #2758, #4515 ) ;
#391 = FACE_OUTER_BOUND ( 'NONE', #591, .T. ) ;
#392 = FACE_BOUND ( 'NONE', #1733, .T. ) ;
#393 = CIRCLE ( 'NONE', #1604, 0.02149999999999999481 ) ;
#394 = STYLED_ITEM ( 'NONE', ( #4059 ), #83 ) ;
#395 = DIRECTION ( 'NONE',  ( -0.000000000000000000, -1.000000000000000000, -0.000000000000000000 ) ) ;
#396 = ORIENTED_EDGE ( 'NONE', *, *, #2785, .T. ) ;
#397 = CARTESIAN_POINT ( 'NONE',  ( 0.02500000000000000486, 0.1247499999999999998, 0.02500000000000000139 ) ) ;
#398 = CIRCLE ( 'NONE', #4573, 0.009499999999999994560 ) ;
#399 = EDGE_LOOP ( 'NONE', ( #872, #4525 ) ) ;
#400 = DIRECTION ( 'NONE',  ( 1.000000000000000000, 0.000000000000000000, 0.000000000000000000 ) ) ;
#401 = PRESENTATION_LAYER_ASSIGNMENT (  '', '', ( #1127 ) ) ;
#402 = CARTESIAN_POINT ( 'NONE',  ( -0.02499999999999999792, -1.707404996040164512E-17, -0.01149999999999999634 ) ) ;
#403 = DIRECTION ( 'NONE',  ( -0.000000000000000000, -1.000000000000000000, -0.000000000000000000 ) ) ;
#404 = EDGE_CURVE ( 'NONE', #3966, #488, #1361, .T. ) ;
#405 = DIRECTION ( 'NONE',  ( 0.000000000000000000, 0.000000000000000000, -1.000000000000000000 ) ) ;
#406 = AXIS2_PLACEMENT_3D ( 'NONE', #2818, #4347, #907 ) ;
#407 = DIRECTION ( 'NONE',  ( 0.000000000000000000, 0.000000000000000000, -1.000000000000000000 ) ) ;
#408 = ADVANCED_FACE ( 'NONE', ( #863, #4360 ), #4014, .F. ) ;
#410 = ORIENTED_EDGE ( 'NONE', *, *, #4959, .T. ) ;
#409 = EDGE_CURVE ( 'NONE', #2398, #1578, #716, .T. ) ;
#411 = CIRCLE ( 'NONE', #1070, 0.01350000000000001026 ) ;
#412 = EDGE_LOOP ( 'NONE', ( #4661, #4527, #1576, #3488 ) ) ;
#413 = DIRECTION ( 'NONE',  ( 0.000000000000000000, 0.000000000000000000, -1.000000000000000000 ) ) ;
#414 = ORIENTED_EDGE ( 'NONE', *, *, #3893, .T. ) ;
#415 = ORIENTED_EDGE ( 'NONE', *, *, #3561, .F. ) ;
#416 = DIRECTION ( 'NONE',  ( 0.000000000000000000, 0.000000000000000000, -1.000000000000000000 ) ) ;
#417 = AXIS2_PLACEMENT_3D ( 'NONE', #3891, #2314, #438 ) ;
#418 = CARTESIAN_POINT ( 'NONE',  ( 0.07499999999999999722, -1.707404996040164512E-17, 0.02500000000000000139 ) ) ;
#419 = CARTESIAN_POINT ( 'NONE',  ( -0.03449999999999998901, 0.1260000000000000009, 0.02500000000000000139 ) ) ;
#420 = CARTESIAN_POINT ( 'NONE',  ( 0.02500000000000000486, -1.707404996040164512E-17, 0.006499999999999997967 ) ) ;
#421 = PLANE ( 'NONE',  #3550 ) ;
#422 = ORIENTED_EDGE ( 'NONE', *, *, #2116, .F. ) ;
#423 = VERTEX_POINT ( 'NONE', #3238 ) ;
#424 = CYLINDRICAL_SURFACE ( 'NONE', #4226, 0.02150000000000000175 ) ;
#425 = CARTESIAN_POINT ( 'NONE',  ( 0.02500000000000001180, 0.02349999999999998618, 0.04250000000000000999 ) ) ;
#426 = CARTESIAN_POINT ( 'NONE',  ( 0.02500000000000000486, 0.1260000000000000009, -0.04125000000000000194 ) ) ;
#427 = CIRCLE ( 'NONE', #3972, 0.01749999999999999820 ) ;
#428 = DIRECTION ( 'NONE',  ( -0.000000000000000000, -1.000000000000000000, -0.000000000000000000 ) ) ;
#429 = AXIS2_PLACEMENT_3D ( 'NONE', #4196, #3105, #3832 ) ;
#430 = FACE_OUTER_BOUND ( 'NONE', #528, .T. ) ;
#431 = ORIENTED_EDGE ( 'NONE', *, *, #4934, .F. ) ;
#432 = AXIS2_PLACEMENT_3D ( 'NONE', #189, #1794, #3360 ) ;
#433 = ORIENTED_EDGE ( 'NONE', *, *, #4808, .F. ) ;
#434 = CYLINDRICAL_SURFACE ( 'NONE', #4540, 0.009499999999999994560 ) ;
#435 = EDGE_LOOP ( 'NONE', ( #4712, #3294 ) ) ;
#436 = ORIENTED_EDGE ( 'NONE', *, *, #3032, .T. ) ;
#437 = ADVANCED_FACE ( 'NONE', ( #164 ), #563, .T. ) ;
#438 = DIRECTION ( 'NONE',  ( 0.000000000000000000, 0.000000000000000000, -1.000000000000000000 ) ) ;
#439 = EDGE_CURVE ( 'NONE', #2846, #1976, #4342, .T. ) ;
#440 = DIRECTION ( 'NONE',  ( 0.000000000000000000, 0.000000000000000000, 1.000000000000000000 ) ) ;
#441 = FACE_OUTER_BOUND ( 'NONE', #2001, .T. ) ;
#442 = CIRCLE ( 'NONE', #3904, 0.01750000000000000513 ) ;
#443 = DIRECTION ( 'NONE',  ( 0.000000000000000000, 0.000000000000000000, -1.000000000000000000 ) ) ;
#444 = EDGE_CURVE ( 'NONE', #1610, #4232, #3301, .T. ) ;
#445 = CYLINDRICAL_SURFACE ( 'NONE', #3322, 0.02150000000000000175 ) ;
#446 = EDGE_LOOP ( 'NONE', ( #2121, #66, #3492, #2630 ) ) ;
#447 = AXIS2_PLACEMENT_3D ( 'NONE', #2353, #2699, #1212 ) ;
#448 = ORIENTED_EDGE ( 'NONE', *, *, #749, .F. ) ;
#449 = COLOUR_RGB ( '',1.000000000000000000, 0.8117647058823529438, 0.5019607843137254832 ) ;
#450 = DIRECTION ( 'NONE',  ( 0.000000000000000000, -0.000000000000000000, 1.000000000000000000 ) ) ;
#451 = CARTESIAN_POINT ( 'NONE',  ( -0.01550000000000001724, 0.1565000000000000280, -0.02500000000000000139 ) ) ;
#452 = DIRECTION ( 'NONE',  ( -0.000000000000000000, 1.000000000000000000, -0.000000000000000000 ) ) ;
#453 = DIRECTION ( 'NONE',  ( 0.000000000000000000, -1.000000000000000000, 0.000000000000000000 ) ) ;
#454 = CARTESIAN_POINT ( 'NONE',  ( -0.02499999999999999792, 0.1565000000000000280, 0.02500000000000000139 ) ) ;
#455 = CARTESIAN_POINT ( 'NONE',  ( 0.07499999999999999722, 0.008999999999999975034, -0.02500000000000000139 ) ) ;
#456 = ORIENTED_EDGE ( 'NONE', *, *, #1236, .F. ) ;
#457 = ORIENTED_EDGE ( 'NONE', *, *, #111, .T. ) ;
#458 = DIRECTION ( 'NONE',  ( 0.000000000000000000, 0.000000000000000000, -1.000000000000000000 ) ) ;
#459 = ORIENTED_EDGE ( 'NONE', *, *, #49, .F. ) ;
#460 = VERTEX_POINT ( 'NONE', #987 ) ;
#461 = FACE_OUTER_BOUND ( 'NONE', #1382, .T. ) ;
#462 = AXIS2_PLACEMENT_3D ( 'NONE', #1291, #890, #4328 ) ;
#463 = CARTESIAN_POINT ( 'NONE',  ( -0.07499999999999999722, 0.09849999999999999034, 0.02500000000000000139 ) ) ;
#464 = DIRECTION ( 'NONE',  ( -0.000000000000000000, -1.000000000000000000, -0.000000000000000000 ) ) ;
#465 = EDGE_CURVE ( 'NONE', #4835, #4721, #234, .T. ) ;
#466 = ADVANCED_FACE ( 'NONE', ( #1384 ), #3970, .T. ) ;
#467 = DIRECTION ( 'NONE',  ( -0.000000000000000000, -1.000000000000000000, -0.000000000000000000 ) ) ;
#468 = DIRECTION ( 'NONE',  ( -0.000000000000000000, -1.000000000000000000, -0.000000000000000000 ) ) ;
#469 = ORIENTED_EDGE ( 'NONE', *, *, #4960, .F. ) ;
#470 = LENGTH_MEASURE_WITH_UNIT ( LENGTH_MEASURE( 0.02539999999999999897 ), #1714 );
#471 = ORIENTED_EDGE ( 'NONE', *, *, #4874, .F. ) ;
#472 = EDGE_CURVE ( 'NONE', #4877, #3213, #1759, .T. ) ;
#473 = EDGE_CURVE ( 'NONE', #961, #498, #903, .T. ) ;
#474 = CIRCLE ( 'NONE', #2976, 0.01750000000000000167 ) ;
#475 = CARTESIAN_POINT ( 'NONE',  ( 0.07499999999999999722, 0.1260000000000000009, 0.02500000000000000139 ) ) ;
#476 = CARTESIAN_POINT ( 'NONE',  ( 0.07499999999999998335, 0.1565000000000000280, 0.02500000000000000139 ) ) ;
#477 = ORIENTED_EDGE ( 'NONE', *, *, #1343, .F. ) ;
#478 = CARTESIAN_POINT ( 'NONE',  ( 0.02500000000000001180, 0.01499999999999997689, 0.04350000000000001088 ) ) ;
#479 = CYLINDRICAL_SURFACE ( 'NONE', #4329, 0.01749999999999999820 ) ;
#480 = LINE ( 'NONE', #1319, #4911 ) ;
#481 = AXIS2_PLACEMENT_3D ( 'NONE', #2102, #3643, #192 ) ;
#482 = LINE ( 'NONE', #950, #1726 ) ;
#483 = CARTESIAN_POINT ( 'NONE',  ( -0.02499999999999999792, 0.1260000000000000009, 0.02500000000000000139 ) ) ;
#484 = CARTESIAN_POINT ( 'NONE',  ( 0.07499999999999999722, 0.01499999999999997689, -0.02500000000000000139 ) ) ;
#485 = DIRECTION ( 'NONE',  ( 1.000000000000000000, 0.000000000000000000, 0.000000000000000000 ) ) ;
#486 = AXIS2_PLACEMENT_3D ( 'NONE', #25, #2366, #1986 ) ;
#487 = ORIENTED_EDGE ( 'NONE', *, *, #641, .T. ) ;
#488 = VERTEX_POINT ( 'NONE', #2438 ) ;
#489 = DIRECTION ( 'NONE',  ( -0.000000000000000000, -1.000000000000000000, -0.000000000000000000 ) ) ;
#490 = ORIENTED_EDGE ( 'NONE', *, *, #1582, .T. ) ;
#491 = AXIS2_PLACEMENT_3D ( 'NONE', #750, #374, #1909 ) ;
#492 = ORIENTED_EDGE ( 'NONE', *, *, #207, .T. ) ;
#493 = CARTESIAN_POINT ( 'NONE',  ( -0.07499999999999999722, -1.707404996040164512E-17, 0.04350000000000001088 ) ) ;
#494 = DIRECTION ( 'NONE',  ( -0.000000000000000000, -1.000000000000000000, -0.000000000000000000 ) ) ;
#495 = CARTESIAN_POINT ( 'NONE',  ( -0.02499999999999999792, 0.01499999999999997689, -0.02500000000000000139 ) ) ;
#496 = AXIS2_PLACEMENT_3D ( 'NONE', #4287, #1878, #3846 ) ;
#497 = CARTESIAN_POINT ( 'NONE',  ( -0.07499999999999999722, -1.707404996040164512E-17, -0.02500000000000000139 ) ) ;
#498 = VERTEX_POINT ( 'NONE', #1275 ) ;
#499 = ADVANCED_FACE ( 'NONE', ( #2090 ), #1009, .T. ) ;
#500 = ORIENTED_EDGE ( 'NONE', *, *, #2116, .T. ) ;
#501 = VECTOR ( 'NONE', #212, 39.37007874015748143 ) ;
#502 = PLANE ( 'NONE',  #1241 ) ;
#503 = DIRECTION ( 'NONE',  ( -0.000000000000000000, -1.000000000000000000, -0.000000000000000000 ) ) ;
#504 = ORIENTED_EDGE ( 'NONE', *, *, #3861, .T. ) ;
#505 = CARTESIAN_POINT ( 'NONE',  ( 0.07499999999999999722, 0.02350000000000000352, -0.04250000000000000999 ) ) ;
#506 = ADVANCED_FACE ( 'NONE', ( #3605 ), #605, .F. ) ;
#507 = EDGE_CURVE ( 'NONE', #1145, #2896, #247, .T. ) ;
#508 = DIRECTION ( 'NONE',  ( 0.000000000000000000, 0.000000000000000000, -1.000000000000000000 ) ) ;
#509 = DIRECTION ( 'NONE',  ( -0.000000000000000000, -1.000000000000000000, -0.000000000000000000 ) ) ;
#510 = DIRECTION ( 'NONE',  ( -0.000000000000000000, -1.000000000000000000, -0.000000000000000000 ) ) ;
#511 =( CONVERSION_BASED_UNIT ( 'INCH', #921 ) LENGTH_UNIT ( ) NAMED_UNIT ( #4749 ) );
#512 = CARTESIAN_POINT ( 'NONE',  ( 0.07499999999999999722, 0.02350000000000000352, -0.02500000000000000139 ) ) ;
#513 = EDGE_CURVE ( 'NONE', #2727, #3517, #682, .T. ) ;
#514 = AXIS2_PLACEMENT_3D ( 'NONE', #4332, #3992, #543 ) ;
#515 = CARTESIAN_POINT ( 'NONE',  ( -0.07499999999999999722, 0.1260000000000000009, -0.04125000000000000194 ) ) ;
#516 = ORIENTED_EDGE ( 'NONE', *, *, #1893, .T. ) ;
#517 = ORIENTED_EDGE ( 'NONE', *, *, #3007, .F. ) ;
#518 = AXIS2_PLACEMENT_3D ( 'NONE', #4469, #2960, #2563 ) ;
#519 = DIRECTION ( 'NONE',  ( 0.000000000000000000, 0.000000000000000000, -1.000000000000000000 ) ) ;
#520 = ORIENTED_EDGE ( 'NONE', *, *, #4500, .T. ) ;
#521 = ORIENTED_EDGE ( 'NONE', *, *, #4161, .T. ) ;
#522 = AXIS2_PLACEMENT_3D ( 'NONE', #802, #3434, #450 ) ;
#523 = DIRECTION ( 'NONE',  ( -0.000000000000000000, -1.000000000000000000, -0.000000000000000000 ) ) ;
#524 = DIRECTION ( 'NONE',  ( 0.000000000000000000, 0.000000000000000000, -1.000000000000000000 ) ) ;
#525 = CARTESIAN_POINT ( 'NONE',  ( 0.07499999999999999722, -1.707404996040164512E-17, 0.02500000000000000139 ) ) ;
#526 = CIRCLE ( 'NONE', #3261, 0.01749999999999992881 ) ;
#527 = PLANE ( 'NONE',  #4581 ) ;
#528 = EDGE_LOOP ( 'NONE', ( #3394, #1809, #4172, #3216 ) ) ;
#529 = PRESENTATION_STYLE_ASSIGNMENT (( #1660 ) ) ;
#530 = VECTOR ( 'NONE', #4774, 39.37007874015748143 ) ;
#531 = ORIENTED_EDGE ( 'NONE', *, *, #3373, .T. ) ;
#532 = CARTESIAN_POINT ( 'NONE',  ( -0.02499999999999999792, 0.008999999999999975034, -0.04350000000000001088 ) ) ;
#533 = LINE ( 'NONE', #3614, #3563 ) ;
#534 = EDGE_LOOP ( 'NONE', ( #4409, #3890, #389, #2811 ) ) ;
#535 = CARTESIAN_POINT ( 'NONE',  ( 0.02500000000000000486, 0.008999999999999975034, -0.04350000000000001088 ) ) ;
#536 = PRESENTATION_LAYER_ASSIGNMENT (  '', '', ( #4868 ) ) ;
#537 = CARTESIAN_POINT ( 'NONE',  ( 0.02500000000000000486, 0.02350000000000000352, -0.02500000000000000139 ) ) ;
#538 = FACE_OUTER_BOUND ( 'NONE', #4153, .T. ) ;
#539 = VECTOR ( 'NONE', #4042, 39.37007874015748854 ) ;
#540 = FACE_OUTER_BOUND ( 'NONE', #2178, .T. ) ;
#541 =( NAMED_UNIT ( * ) PLANE_ANGLE_UNIT ( ) SI_UNIT ( $, .RADIAN. ) );
#542 = AXIS2_PLACEMENT_3D ( 'NONE', #24, #4068, #1775 ) ;
#543 = DIRECTION ( 'NONE',  ( 0.000000000000000000, 0.000000000000000000, -1.000000000000000000 ) ) ;
#544 = DIRECTION ( 'NONE',  ( -0.000000000000000000, -1.000000000000000000, -0.000000000000000000 ) ) ;
#545 = VERTEX_POINT ( 'NONE', #3684 ) ;
#546 = VECTOR ( 'NONE', #3710, 39.37007874015748854 ) ;
#547 = ADVANCED_FACE ( 'NONE', ( #4826 ), #2921, .T. ) ;
#548 = VERTEX_POINT ( 'NONE', #4027 ) ;
#549 = CARTESIAN_POINT ( 'NONE',  ( -0.02499999999999999792, -1.707404996040164512E-17, -0.04649999999999999967 ) ) ;
#550 = ORIENTED_EDGE ( 'NONE', *, *, #1312, .T. ) ;
#551 = VERTEX_POINT ( 'NONE', #4741 ) ;
#552 = DIRECTION ( 'NONE',  ( 0.000000000000000000, 0.000000000000000000, -1.000000000000000000 ) ) ;
#553 = ORIENTED_EDGE ( 'NONE', *, *, #4785, .T. ) ;
#554 = DIRECTION ( 'NONE',  ( 0.000000000000000000, 0.000000000000000000, -1.000000000000000000 ) ) ;
#555 = DIRECTION ( 'NONE',  ( 0.000000000000000000, 0.000000000000000000, 1.000000000000000000 ) ) ;
#556 =( CONVERSION_BASED_UNIT ( 'INCH', #470 ) LENGTH_UNIT ( ) NAMED_UNIT ( #2021 ) );
#557 = ORIENTED_EDGE ( 'NONE', *, *, #870, .F. ) ;
#558 = DIRECTION ( 'NONE',  ( 1.000000000000000000, 0.000000000000000000, 0.000000000000000000 ) ) ;
#559 = CYLINDRICAL_SURFACE ( 'NONE', #2027, 0.009499999999999994560 ) ;
#560 = VERTEX_POINT ( 'NONE', #2496 ) ;
#561 = DIRECTION ( 'NONE',  ( -0.000000000000000000, -1.000000000000000000, -0.000000000000000000 ) ) ;
#562 = PLANE ( 'NONE',  #4825 ) ;
#563 = CYLINDRICAL_SURFACE ( 'NONE', #2640, 0.01350000000000000679 ) ;
#564 = DIRECTION ( 'NONE',  ( -0.000000000000000000, 1.000000000000000000, -0.000000000000000000 ) ) ;
#565 = PRESENTATION_STYLE_ASSIGNMENT (( #2886 ) ) ;
#566 = PLANE ( 'NONE',  #4528 ) ;
#567 = CIRCLE ( 'NONE', #4250, 0.01350000000000001026 ) ;
#568 = EDGE_CURVE ( 'NONE', #244, #4708, #4641, .T. ) ;
#569 = CARTESIAN_POINT ( 'NONE',  ( -0.02499999999999999445, 0.02349999999999998618, -0.003500000000000006144 ) ) ;
#570 = AXIS2_PLACEMENT_3D ( 'NONE', #1508, #2644, #3049 ) ;
#571 = EDGE_LOOP ( 'NONE', ( #65, #2321 ) ) ;
#572 = VERTEX_POINT ( 'NONE', #3660 ) ;
#573 = CYLINDRICAL_SURFACE ( 'NONE', #2550, 0.02150000000000000175 ) ;
#574 = VERTEX_POINT ( 'NONE', #932 ) ;
#575 = ORIENTED_EDGE ( 'NONE', *, *, #835, .T. ) ;
#576 = CIRCLE ( 'NONE', #3464, 0.01850000000000000949 ) ;
#577 = ADVANCED_FACE ( 'NONE', ( #3279 ), #1331, .T. ) ;
#578 = EDGE_CURVE ( 'NONE', #1619, #3481, #3750, .T. ) ;
#579 = EDGE_CURVE ( 'NONE', #4797, #3851, #3659, .T. ) ;
#580 = DIRECTION ( 'NONE',  ( 0.000000000000000000, 1.000000000000000000, 0.000000000000000000 ) ) ;
#581 = VERTEX_POINT ( 'NONE', #2591 ) ;
#582 = DIRECTION ( 'NONE',  ( 0.000000000000000000, 0.000000000000000000, -1.000000000000000000 ) ) ;
#583 = CIRCLE ( 'NONE', #2193, 0.01850000000000000255 ) ;
#584 = DIRECTION ( 'NONE',  ( 0.000000000000000000, 1.000000000000000000, 0.000000000000000000 ) ) ;
#585 = VECTOR ( 'NONE', #3587, 39.37007874015748854 ) ;
#586 = ADVANCED_FACE ( 'NONE', ( #4075, #654 ), #3706, .F. ) ;
#587 = VERTEX_POINT ( 'NONE', #1497 ) ;
#588 = CIRCLE ( 'NONE', #2522, 0.01749999999999999820 ) ;
#589 = DIRECTION ( 'NONE',  ( -0.000000000000000000, -1.000000000000000000, -0.000000000000000000 ) ) ;
#590 = CARTESIAN_POINT ( 'NONE',  ( -0.07499999999999999722, 0.01499999999999997689, 0.04649999999999999967 ) ) ;
#591 = EDGE_LOOP ( 'NONE', ( #3022, #1500, #1378, #151 ) ) ;
#592 = DIRECTION ( 'NONE',  ( -0.000000000000000000, -1.000000000000000000, -0.000000000000000000 ) ) ;
#593 = CIRCLE ( 'NONE', #417, 0.02149999999999999481 ) ;
#594 = DIRECTION ( 'NONE',  ( 0.000000000000000000, 0.000000000000000000, -1.000000000000000000 ) ) ;
#595 = DIRECTION ( 'NONE',  ( 0.000000000000000000, 0.000000000000000000, -1.000000000000000000 ) ) ;
#596 = CARTESIAN_POINT ( 'NONE',  ( 0.02500000000000000486, 0.1260000000000000009, 0.04125000000000000194 ) ) ;
#597 = CIRCLE ( 'NONE', #4125, 0.02149999999999999481 ) ;
#598 = CARTESIAN_POINT ( 'NONE',  ( -0.02499999999999999792, -1.707404996040164512E-17, -0.03850000000000001338 ) ) ;
#599 = CARTESIAN_POINT ( 'NONE',  ( 0.07499999999999999722, -1.707404996040164512E-17, 0.003500000000000006144 ) ) ;
#600 = CARTESIAN_POINT ( 'NONE',  ( 0.02500000000000000486, 0.02349999999999998618, -0.04250000000000000999 ) ) ;
#601 = EDGE_LOOP ( 'NONE', ( #4842, #2680, #1280, #2069 ) ) ;
#602 = EDGE_LOOP ( 'NONE', ( #4400, #3041 ) ) ;
#603 = DIRECTION ( 'NONE',  ( 0.000000000000000000, 0.000000000000000000, 1.000000000000000000 ) ) ;
#604 = VERTEX_POINT ( 'NONE', #1407 ) ;
#605 = CYLINDRICAL_SURFACE ( 'NONE', #1764, 0.01749999999999999820 ) ;
#606 = CIRCLE ( 'NONE', #429, 0.01625000000000000056 ) ;
#607 = ORIENTED_EDGE ( 'NONE', *, *, #2040, .F. ) ;
#608 = EDGE_CURVE ( 'NONE', #2283, #2398, #800, .T. ) ;
#609 = LINE ( 'NONE', #2547, #780 ) ;
#610 = EDGE_CURVE ( 'NONE', #696, #1903, #398, .T. ) ;
#611 = CARTESIAN_POINT ( 'NONE',  ( 0.07499999999999999722, 0.02349999999999998618, -0.02500000000000000139 ) ) ;
#612 = CIRCLE ( 'NONE', #1235, 0.009499999999999994560 ) ;
#613 = VECTOR ( 'NONE', #1965, 39.37007874015748143 ) ;
#614 = ADVANCED_FACE ( 'NONE', ( #3329 ), #316, .F. ) ;
#615 = CARTESIAN_POINT ( 'NONE',  ( 0.006500000000000002304, 0.008999999999999975034, -0.02500000000000000139 ) ) ;
#616 = CARTESIAN_POINT ( 'NONE',  ( -0.07499999999999999722, 0.1260000000000000009, -0.02500000000000000139 ) ) ;
#617 = ORIENTED_EDGE ( 'NONE', *, *, #1125, .F. ) ;
#618 = DIRECTION ( 'NONE',  ( -0.000000000000000000, -1.000000000000000000, -0.000000000000000000 ) ) ;
#619 = DIRECTION ( 'NONE',  ( 0.000000000000000000, 1.000000000000000000, 0.000000000000000000 ) ) ;
#620 = ORIENTED_EDGE ( 'NONE', *, *, #3753, .F. ) ;
#621 = VECTOR ( 'NONE', #4146, 39.37007874015748143 ) ;
#622 = CARTESIAN_POINT ( 'NONE',  ( 0.07499999999999999722, 0.02349999999999998618, -0.02500000000000000139 ) ) ;
#623 = DIRECTION ( 'NONE',  ( -0.000000000000000000, -1.000000000000000000, -0.000000000000000000 ) ) ;
#624 = CARTESIAN_POINT ( 'NONE',  ( 0.02500000000000001180, 0.02349999999999998618, -0.003500000000000006144 ) ) ;
#625 = COLOUR_RGB ( '',1.000000000000000000, 0.8117647058823529438, 0.5019607843137254832 ) ;
#626 = VERTEX_POINT ( 'NONE', #1076 ) ;
#627 = CIRCLE ( 'NONE', #1900, 0.01350000000000001026 ) ;
#628 = AXIS2_PLACEMENT_3D ( 'NONE', #2537, #1266, #3989 ) ;
#629 = DIRECTION ( 'NONE',  ( 0.000000000000000000, 0.000000000000000000, -1.000000000000000000 ) ) ;
#630 = ORIENTED_EDGE ( 'NONE', *, *, #1372, .F. ) ;
#631 = VECTOR ( 'NONE', #98, 39.37007874015748143 ) ;
#632 = CYLINDRICAL_SURFACE ( 'NONE', #1285, 0.01750000000000000167 ) ;
#633 = VERTEX_POINT ( 'NONE', #4916 ) ;
#634 = CARTESIAN_POINT ( 'NONE',  ( 0.02500000000000000486, 0.008999999999999975034, 0.006499999999999997967 ) ) ;
#635 = DIRECTION ( 'NONE',  ( 0.000000000000000000, 0.000000000000000000, -1.000000000000000000 ) ) ;
#636 = CARTESIAN_POINT ( 'NONE',  ( -0.02499999999999999792, -1.707404996040164512E-17, 0.02500000000000000139 ) ) ;
#637 = DIRECTION ( 'NONE',  ( -0.000000000000000000, -1.000000000000000000, -0.000000000000000000 ) ) ;
#638 = FACE_OUTER_BOUND ( 'NONE', #655, .T. ) ;
#639 = ORIENTED_EDGE ( 'NONE', *, *, #1125, .T. ) ;
#640 = CARTESIAN_POINT ( 'NONE',  ( -0.02499999999999999792, 0.1247499999999999998, -0.02500000000000000139 ) ) ;
#641 = EDGE_CURVE ( 'NONE', #4011, #3113, #567, .T. ) ;
#642 = ORIENTED_EDGE ( 'NONE', *, *, #2084, .F. ) ;
#643 = EDGE_CURVE ( 'NONE', #3228, #912, #3461, .T. ) ;
#644 = CYLINDRICAL_SURFACE ( 'NONE', #3603, 0.02149999999999999481 ) ;
#645 = SURFACE_STYLE_USAGE ( .BOTH. , #2187 ) ;
#646 = DIRECTION ( 'NONE',  ( -0.000000000000000000, -1.000000000000000000, -0.000000000000000000 ) ) ;
#647 = UNCERTAINTY_MEASURE_WITH_UNIT (LENGTH_MEASURE( 1.000000000000000082E-05 ), #717, 'distance_accuracy_value', 'NONE');
#648 = CIRCLE ( 'NONE', #3063, 0.01749999999999999820 ) ;
#649 = VECTOR ( 'NONE', #4699, 39.37007874015748854 ) ;
#650 = VECTOR ( 'NONE', #1389, 39.37007874015748854 ) ;
#651 = DIRECTION ( 'NONE',  ( 0.000000000000000000, 0.000000000000000000, -1.000000000000000000 ) ) ;
#652 = ORIENTED_EDGE ( 'NONE', *, *, #910, .F. ) ;
#653 = AXIS2_PLACEMENT_3D ( 'NONE', #1786, #4122, #4869 ) ;
#654 = FACE_BOUND ( 'NONE', #1784, .T. ) ;
#655 = EDGE_LOOP ( 'NONE', ( #240, #1416, #2575, #2977 ) ) ;
#656 = SPHERICAL_SURFACE ( 'NONE', #3367, 0.009499999999999985886 ) ;
#657 = COLOUR_RGB ( '',1.000000000000000000, 0.8117647058823529438, 0.5019607843137254832 ) ;
#658 = PLANE ( 'NONE',  #266 ) ;
#659 = DIRECTION ( 'NONE',  ( 0.000000000000000000, 0.000000000000000000, -1.000000000000000000 ) ) ;
#660 = AXIS2_PLACEMENT_3D ( 'NONE', #2663, #3018, #999 ) ;
#661 = DIRECTION ( 'NONE',  ( 0.000000000000000000, 0.000000000000000000, -1.000000000000000000 ) ) ;
#662 = CARTESIAN_POINT ( 'NONE',  ( 0.02500000000000000486, 0.01499999999999997689, 0.02500000000000000139 ) ) ;
#663 = EDGE_LOOP ( 'NONE', ( #4537, #2357 ) ) ;
#664 = VECTOR ( 'NONE', #4775, 39.37007874015748143 ) ;
#665 = ORIENTED_EDGE ( 'NONE', *, *, #353, .T. ) ;
#666 = CARTESIAN_POINT ( 'NONE',  ( 0.07499999999999999722, 0.02349999999999998618, -0.007500000000000001457 ) ) ;
#667 =( LENGTH_UNIT ( ) NAMED_UNIT ( * ) SI_UNIT ( $, .METRE. ) );
#668 = ADVANCED_FACE ( 'NONE', ( #3352 ), #2239, .T. ) ;
#669 = EDGE_CURVE ( 'NONE', #2410, #4821, #2098, .T. ) ;
#670 = AXIS2_PLACEMENT_3D ( 'NONE', #1791, #1835, #4147 ) ;
#671 = DIRECTION ( 'NONE',  ( -1.000000000000000000, -0.000000000000000000, -0.000000000000000000 ) ) ;
#672 = SURFACE_STYLE_USAGE ( .BOTH. , #2961 ) ;
#673 = EDGE_CURVE ( 'NONE', #2466, #2869, #255, .T. ) ;
#674 = EDGE_CURVE ( 'NONE', #4286, #3064, #1429, .T. ) ;
#675 = VERTEX_POINT ( 'NONE', #2194 ) ;
#676 = DIRECTION ( 'NONE',  ( 0.000000000000000000, 0.000000000000000000, -1.000000000000000000 ) ) ;
#677 = EDGE_LOOP ( 'NONE', ( #4054, #2965, #492, #1218 ) ) ;
#678 = DIRECTION ( 'NONE',  ( -0.000000000000000000, -1.000000000000000000, -0.000000000000000000 ) ) ;
#679 =( NAMED_UNIT ( * ) SI_UNIT ( $, .STERADIAN. ) SOLID_ANGLE_UNIT ( ) );
#680 = CARTESIAN_POINT ( 'NONE',  ( 0.07499999999999999722, 0.01499999999999997689, 0.02500000000000000139 ) ) ;
#681 = AXIS2_PLACEMENT_3D ( 'NONE', #690, #271, #1491 ) ;
#682 = CIRCLE ( 'NONE', #2453, 0.01749999999999999820 ) ;
#683 = DIRECTION ( 'NONE',  ( -0.000000000000000000, -1.000000000000000000, -0.000000000000000000 ) ) ;
#684 = CARTESIAN_POINT ( 'NONE',  ( -0.02499999999999999792, 0.1260000000000000009, -0.008750000000000004302 ) ) ;
#685 = ORIENTED_EDGE ( 'NONE', *, *, #4823, .T. ) ;
#686 = FACE_OUTER_BOUND ( 'NONE', #3264, .T. ) ;
#687 = VERTEX_POINT ( 'NONE', #4940 ) ;
#688 = AXIS2_PLACEMENT_3D ( 'NONE', #2129, #913, #1689 ) ;
#689 = DIRECTION ( 'NONE',  ( -0.000000000000000000, -1.000000000000000000, -0.000000000000000000 ) ) ;
#690 = CARTESIAN_POINT ( 'NONE',  ( -0.07499999999999999722, 0.02349999999999998618, -0.02500000000000000139 ) ) ;
#691 = AXIS2_PLACEMENT_3D ( 'NONE', #3619, #110, #1347 ) ;
#692 = EDGE_CURVE ( 'NONE', #572, #4412, #4896, .T. ) ;
#693 = CONICAL_SURFACE ( 'NONE', #224, 0.01624999999999999709, 0.7853981633974482790 ) ;
#694 = EDGE_CURVE ( 'NONE', #1904, #2836, #1449, .T. ) ;
#695 = DIRECTION ( 'NONE',  ( 0.000000000000000000, 0.000000000000000000, -1.000000000000000000 ) ) ;
#696 = VERTEX_POINT ( 'NONE', #1849 ) ;
#697 =( GEOMETRIC_REPRESENTATION_CONTEXT ( 3 ) GLOBAL_UNCERTAINTY_ASSIGNED_CONTEXT ( ( #647 ) ) GLOBAL_UNIT_ASSIGNED_CONTEXT ( ( #717, #4096, #4888 ) ) REPRESENTATION_CONTEXT ( 'NONE', 'WORKASPACE' ) );
#698 = DIRECTION ( 'NONE',  ( 0.000000000000000000, 0.000000000000000000, -1.000000000000000000 ) ) ;
#699 = ADVANCED_FACE ( 'NONE', ( #2986 ), #632, .T. ) ;
#700 = VECTOR ( 'NONE', #623, 39.37007874015748143 ) ;
#701 = ORIENTED_EDGE ( 'NONE', *, *, #2817, .T. ) ;
#703 = ORIENTED_EDGE ( 'NONE', *, *, #3027, .T. ) ;
#702 = CARTESIAN_POINT ( 'NONE',  ( 0.03449999999999998901, 0.1565000000000000280, 0.02500000000000000139 ) ) ;
#704 = CARTESIAN_POINT ( 'NONE',  ( 0.07499999999999999722, 0.1247499999999999998, 0.02500000000000000139 ) ) ;
#705 = VECTOR ( 'NONE', #2930, 39.37007874015748143 ) ;
#706 = FACE_OUTER_BOUND ( 'NONE', #1486, .T. ) ;
#707 = DIRECTION ( 'NONE',  ( 0.000000000000000000, 0.000000000000000000, -1.000000000000000000 ) ) ;
#708 = CYLINDRICAL_SURFACE ( 'NONE', #3819, 0.01850000000000000949 ) ;
#709 = FACE_OUTER_BOUND ( 'NONE', #4182, .T. ) ;
#710 = VERTEX_POINT ( 'NONE', #4516 ) ;
#711 = DIRECTION ( 'NONE',  ( 0.000000000000000000, -0.000000000000000000, 1.000000000000000000 ) ) ;
#712 = EDGE_LOOP ( 'NONE', ( #3555, #3098 ) ) ;
#713 = CARTESIAN_POINT ( 'NONE',  ( -0.02499999999999999792, 0.1247499999999999998, -0.04250000000000000999 ) ) ;
#714 = PRESENTATION_STYLE_ASSIGNMENT (( #645 ) ) ;
#715 = CARTESIAN_POINT ( 'NONE',  ( 0.07499999999999999722, 0.008999999999999975034, 0.02500000000000000139 ) ) ;
#716 = CIRCLE ( 'NONE', #4162, 0.009499999999999994560 ) ;
#717 =( CONVERSION_BASED_UNIT ( 'INCH', #1493 ) LENGTH_UNIT ( ) NAMED_UNIT ( #3611 ) );
#718 = ORIENTED_EDGE ( 'NONE', *, *, #1894, .F. ) ;
#719 = EDGE_CURVE ( 'NONE', #3100, #1798, #3393, .T. ) ;
#720 = CARTESIAN_POINT ( 'NONE',  ( 0.07499999999999999722, -1.707404996040164512E-17, -0.02500000000000000139 ) ) ;
#721 = ORIENTED_EDGE ( 'NONE', *, *, #303, .F. ) ;
#722 = VECTOR ( 'NONE', #3212, 39.37007874015748143 ) ;
#723 = CARTESIAN_POINT ( 'NONE',  ( -0.07499999999999999722, 0.01499999999999997689, 0.02500000000000000139 ) ) ;
#724 = EDGE_CURVE ( 'NONE', #3545, #3530, #2566, .T. ) ;
#725 = CARTESIAN_POINT ( 'NONE',  ( -0.02499999999999999792, 0.008999999999999975034, -0.03850000000000001338 ) ) ;
#726 = EDGE_CURVE ( 'NONE', #2505, #4441, #4733, .T. ) ;
#727 = DIRECTION ( 'NONE',  ( -0.000000000000000000, -1.000000000000000000, -0.000000000000000000 ) ) ;
#728 = DIRECTION ( 'NONE',  ( -0.000000000000000000, -1.000000000000000000, -0.000000000000000000 ) ) ;
#729 = DIRECTION ( 'NONE',  ( 0.000000000000000000, 0.000000000000000000, -1.000000000000000000 ) ) ;
#730 = EDGE_CURVE ( 'NONE', #1719, #1436, #1948, .T. ) ;
#731 = DIRECTION ( 'NONE',  ( -0.000000000000000000, -1.000000000000000000, -0.000000000000000000 ) ) ;
#732 = VERTEX_POINT ( 'NONE', #810 ) ;
#733 = DIRECTION ( 'NONE',  ( 0.000000000000000000, 0.000000000000000000, -1.000000000000000000 ) ) ;
#734 = VECTOR ( 'NONE', #1626, 39.37007874015748143 ) ;
#735 = ORIENTED_EDGE ( 'NONE', *, *, #2152, .F. ) ;
#736 = AXIS2_PLACEMENT_3D ( 'NONE', #819, #43, #4316 ) ;
#737 = CARTESIAN_POINT ( 'NONE',  ( -0.07499999999999999722, 0.01499999999999997689, -0.02500000000000000139 ) ) ;
#738 = AXIS2_PLACEMENT_3D ( 'NONE', #4300, #81, #3927 ) ;
#739 = ORIENTED_EDGE ( 'NONE', *, *, #2888, .T. ) ;
#740 = CARTESIAN_POINT ( 'NONE',  ( -0.02499999999999999792, -1.707404996040164512E-17, -0.01550000000000000856 ) ) ;
#741 = ORIENTED_EDGE ( 'NONE', *, *, #347, .F. ) ;
#743 = EDGE_LOOP ( 'NONE', ( #1952, #3188 ) ) ;
#742 = DIRECTION ( 'NONE',  ( -0.000000000000000000, -1.000000000000000000, -0.000000000000000000 ) ) ;
#744 = EDGE_LOOP ( 'NONE', ( #2379, #2796 ) ) ;
#745 = DIRECTION ( 'NONE',  ( -0.000000000000000000, -1.000000000000000000, -0.000000000000000000 ) ) ;
#746 = CARTESIAN_POINT ( 'NONE',  ( 0.02500000000000000486, 0.1247499999999999998, -0.02500000000000000139 ) ) ;
#747 = FACE_BOUND ( 'NONE', #3808, .T. ) ;
#748 = EDGE_CURVE ( 'NONE', #4710, #4824, #1774, .T. ) ;
#749 = EDGE_CURVE ( 'NONE', #4608, #4831, #1522, .T. ) ;
#750 = CARTESIAN_POINT ( 'NONE',  ( 0.07499999999999999722, -1.707404996040164512E-17, -0.02500000000000000139 ) ) ;
#751 = EDGE_LOOP ( 'NONE', ( #4633, #4207 ) ) ;
#752 = ORIENTED_EDGE ( 'NONE', *, *, #1179, .T. ) ;
#753 = EDGE_CURVE ( 'NONE', #4268, #1950, #836, .T. ) ;
#754 = AXIS2_PLACEMENT_3D ( 'NONE', #3584, #3957, #1720 ) ;
#755 = FACE_OUTER_BOUND ( 'NONE', #152, .T. ) ;
#756 = FACE_OUTER_BOUND ( 'NONE', #1653, .T. ) ;
#757 = AXIS2_PLACEMENT_3D ( 'NONE', #1940, #356, #781 ) ;
#758 = DIRECTION ( 'NONE',  ( -0.000000000000000000, -1.000000000000000000, -0.000000000000000000 ) ) ;
#759 = ORIENTED_EDGE ( 'NONE', *, *, #2549, .F. ) ;
#760 = CIRCLE ( 'NONE', #4145, 0.01850000000000000255 ) ;
#761 = FACE_OUTER_BOUND ( 'NONE', #2291, .T. ) ;
#762 = ORIENTED_EDGE ( 'NONE', *, *, #1150, .F. ) ;
#763 = AXIS2_PLACEMENT_3D ( 'NONE', #4737, #1757, #1327 ) ;
#765 = ORIENTED_EDGE ( 'NONE', *, *, #4808, .T. ) ;
#764 = DIRECTION ( 'NONE',  ( -0.000000000000000000, -1.000000000000000000, -0.000000000000000000 ) ) ;
#766 = VERTEX_POINT ( 'NONE', #1188 ) ;
#767 = AXIS2_PLACEMENT_3D ( 'NONE', #2734, #1627, #2364 ) ;
#768 = ORIENTED_EDGE ( 'NONE', *, *, #3852, .T. ) ;
#769 = DIRECTION ( 'NONE',  ( -0.000000000000000000, 1.000000000000000000, -0.000000000000000000 ) ) ;
#770 = MECHANICAL_DESIGN_GEOMETRIC_PRESENTATION_REPRESENTATION (  '', ( #1424 ), #373 ) ;
#771 = CARTESIAN_POINT ( 'NONE',  ( -0.07499999999999999722, 0.1565000000000000280, 0.01550000000000000856 ) ) ;
#772 = FACE_BOUND ( 'NONE', #1586, .T. ) ;
#773 = AXIS2_PLACEMENT_3D ( 'NONE', #1860, #263, #1795 ) ;
#774 = AXIS2_PLACEMENT_3D ( 'NONE', #2958, #1048, #2604 ) ;
#775 = CARTESIAN_POINT ( 'NONE',  ( 0.02500000000000000486, 0.1260000000000000009, -0.04125000000000000194 ) ) ;
#776 = ORIENTED_EDGE ( 'NONE', *, *, #3532, .F. ) ;
#777 =( CONVERSION_BASED_UNIT ( 'INCH', #2292 ) LENGTH_UNIT ( ) NAMED_UNIT ( #1244 ) );
#778 = EDGE_CURVE ( 'NONE', #4286, #40, #1899, .T. ) ;
#779 = ORIENTED_EDGE ( 'NONE', *, *, #3722, .T. ) ;
#780 = VECTOR ( 'NONE', #3687, 39.37007874015748854 ) ;
#781 = DIRECTION ( 'NONE',  ( 0.000000000000000000, 0.000000000000000000, -1.000000000000000000 ) ) ;
#782 = DIRECTION ( 'NONE',  ( -0.000000000000000000, -1.000000000000000000, -0.000000000000000000 ) ) ;
#783 = CARTESIAN_POINT ( 'NONE',  ( 0.07499999999999999722, 0.1565000000000000280, 0.02500000000000000139 ) ) ;
#784 = EDGE_CURVE ( 'NONE', #3505, #548, #169, .T. ) ;
#785 = ADVANCED_FACE ( 'NONE', ( #430 ), #4231, .T. ) ;
#786 = DIRECTION ( 'NONE',  ( 0.000000000000000000, 0.000000000000000000, -1.000000000000000000 ) ) ;
#787 = CARTESIAN_POINT ( 'NONE',  ( 0.003500000000000010481, 0.01499999999999997689, -0.02500000000000000139 ) ) ;
#788 = ORIENTED_EDGE ( 'NONE', *, *, #2822, .F. ) ;
#789 = CARTESIAN_POINT ( 'NONE',  ( -0.02499999999999999792, -1.707404996040164512E-17, 0.01550000000000000856 ) ) ;
#790 = ORIENTED_EDGE ( 'NONE', *, *, #1590, .T. ) ;
#791 = ORIENTED_EDGE ( 'NONE', *, *, #2579, .F. ) ;
#792 = CARTESIAN_POINT ( 'NONE',  ( 0.003500000000000010481, 0.01499999999999997689, 0.02500000000000000139 ) ) ;
#793 = CARTESIAN_POINT ( 'NONE',  ( -0.02499999999999999792, 0.1260000000000000009, 0.03449999999999999595 ) ) ;
#794 = CARTESIAN_POINT ( 'NONE',  ( 0.07499999999999998335, 0.1565000000000000280, 0.02500000000000000139 ) ) ;
#795 = VECTOR ( 'NONE', #889, 39.37007874015748854 ) ;
#796 = CARTESIAN_POINT ( 'NONE',  ( -0.02500000000000001527, 0.1565000000000000280, -0.02500000000000000139 ) ) ;
#797 = CARTESIAN_POINT ( 'NONE',  ( 0.02500000000000000486, 0.02349999999999998618, -0.02500000000000000139 ) ) ;
#798 = ORIENTED_EDGE ( 'NONE', *, *, #1955, .F. ) ;
#799 = DIRECTION ( 'NONE',  ( -0.000000000000000000, -1.000000000000000000, -0.000000000000000000 ) ) ;
#800 = CIRCLE ( 'NONE', #254, 0.009499999999999994560 ) ;
#801 = ORIENTED_EDGE ( 'NONE', *, *, #3723, .T. ) ;
#802 = CARTESIAN_POINT ( 'NONE',  ( 0.01149999999999999981, -1.707404996040164512E-17, -0.02500000000000000139 ) ) ;
#803 = CIRCLE ( 'NONE', #481, 0.01350000000000001026 ) ;
#804 = DIRECTION ( 'NONE',  ( 0.000000000000000000, 0.000000000000000000, -1.000000000000000000 ) ) ;
#805 = LINE ( 'NONE', #3880, #2285 ) ;
#806 = CIRCLE ( 'NONE', #2515, 0.01350000000000000679 ) ;
#807 = ADVANCED_FACE ( 'NONE', ( #3158 ), #1515, .T. ) ;
#808 = ADVANCED_FACE ( 'NONE', ( #761 ), #1969, .F. ) ;
#809 = FILL_AREA_STYLE_COLOUR ( '', #449 ) ;
#810 = CARTESIAN_POINT ( 'NONE',  ( -0.07499999999999999722, 0.02349999999999998618, -0.003500000000000006144 ) ) ;
#811 = EDGE_LOOP ( 'NONE', ( #1168, #2650, #739, #2600 ) ) ;
#812 = EDGE_CURVE ( 'NONE', #3050, #1359, #2725, .T. ) ;
#813 = ORIENTED_EDGE ( 'NONE', *, *, #1068, .T. ) ;
#814 = FACE_OUTER_BOUND ( 'NONE', #1021, .T. ) ;
#815 = ORIENTED_EDGE ( 'NONE', *, *, #1918, .F. ) ;
#816 = ORIENTED_EDGE ( 'NONE', *, *, #749, .T. ) ;
#817 = CARTESIAN_POINT ( 'NONE',  ( 0.02500000000000000486, 0.1260000000000000009, -0.008750000000000004302 ) ) ;
#818 = AXIS2_PLACEMENT_3D ( 'NONE', #3377, #2990, #4520 ) ;
#819 = CARTESIAN_POINT ( 'NONE',  ( -0.02499999999999999792, 0.02349999999999998618, 0.02500000000000000139 ) ) ;
#820 = LINE ( 'NONE', #4372, #3760 ) ;
#821 = CARTESIAN_POINT ( 'NONE',  ( -0.07499999999999999722, 0.02350000000000000352, 0.007500000000000003192 ) ) ;
#822 = UNCERTAINTY_MEASURE_WITH_UNIT (LENGTH_MEASURE( 1.000000000000000082E-05 ), #4908, 'distance_accuracy_value', 'NONE');
#823 = CARTESIAN_POINT ( 'NONE',  ( 0.01550000000000000856, 0.1565000000000000280, 0.02500000000000000139 ) ) ;
#824 = ORIENTED_EDGE ( 'NONE', *, *, #319, .T. ) ;
#825 = CARTESIAN_POINT ( 'NONE',  ( -0.02500000000000001527, 0.1565000000000000280, -0.02500000000000000139 ) ) ;
#826 = VERTEX_POINT ( 'NONE', #1215 ) ;
#827 = SPHERICAL_SURFACE ( 'NONE', #931, 0.009499999999999985886 ) ;
#828 = DIRECTION ( 'NONE',  ( -0.000000000000000000, -1.000000000000000000, -0.000000000000000000 ) ) ;
#829 = DIRECTION ( 'NONE',  ( -0.000000000000000000, -1.000000000000000000, -0.000000000000000000 ) ) ;
#830 = DIRECTION ( 'NONE',  ( -0.000000000000000000, -1.000000000000000000, -0.000000000000000000 ) ) ;
#831 = AXIS2_PLACEMENT_3D ( 'NONE', #1539, #2744, #3078 ) ;
#832 = DIRECTION ( 'NONE',  ( -0.000000000000000000, -1.000000000000000000, -0.000000000000000000 ) ) ;
#833 = AXIS2_PLACEMENT_3D ( 'NONE', #220, #134, #4413 ) ;
#834 = ADVANCED_FACE ( 'NONE', ( #1618, #384 ), #2653, .F. ) ;
#835 = EDGE_CURVE ( 'NONE', #2015, #2850, #4495, .T. ) ;
#836 = LINE ( 'NONE', #3885, #3224 ) ;
#837 = ORIENTED_EDGE ( 'NONE', *, *, #3086, .F. ) ;
#838 = CIRCLE ( 'NONE', #688, 0.009499999999999994560 ) ;
#839 = VERTEX_POINT ( 'NONE', #3465 ) ;
#840 = DIRECTION ( 'NONE',  ( 0.000000000000000000, 0.000000000000000000, -1.000000000000000000 ) ) ;
#841 = EDGE_LOOP ( 'NONE', ( #2342, #4199, #2589, #3001 ) ) ;
#842 = ORIENTED_EDGE ( 'NONE', *, *, #3666, .T. ) ;
#843 = DIRECTION ( 'NONE',  ( -0.000000000000000000, -1.000000000000000000, -0.000000000000000000 ) ) ;
#844 = EDGE_CURVE ( 'NONE', #3323, #2867, #393, .T. ) ;
#845 = EDGE_CURVE ( 'NONE', #3749, #3661, #975, .T. ) ;
#846 = ADVANCED_FACE ( 'NONE', ( #3860 ), #4254, .T. ) ;
#847 = CARTESIAN_POINT ( 'NONE',  ( -0.07499999999999999722, 0.02350000000000000352, -0.007500000000000003192 ) ) ;
#848 = FILL_AREA_STYLE_COLOUR ( '', #4218 ) ;
#849 = AXIS2_PLACEMENT_3D ( 'NONE', #344, #742, #4943 ) ;
#850 = DIRECTION ( 'NONE',  ( 0.000000000000000000, 1.000000000000000000, 0.000000000000000000 ) ) ;
#851 = CYLINDRICAL_SURFACE ( 'NONE', #3320, 0.01749999999999999820 ) ;
#852 = ORIENTED_EDGE ( 'NONE', *, *, #2084, .T. ) ;
#853 = FILL_AREA_STYLE ('',( #3976 ) ) ;
#854 = AXIS2_PLACEMENT_3D ( 'NONE', #3302, #2463, #3998 ) ;
#855 = ORIENTED_EDGE ( 'NONE', *, *, #1716, .F. ) ;
#856 = CIRCLE ( 'NONE', #3689, 0.01350000000000000679 ) ;
#857 = DIRECTION ( 'NONE',  ( 0.000000000000000000, 0.000000000000000000, -1.000000000000000000 ) ) ;
#858 = CARTESIAN_POINT ( 'NONE',  ( 0.05750000000000000250, 0.02349999999999998618, 0.02500000000000000139 ) ) ;
#859 = EDGE_LOOP ( 'NONE', ( #4853, #1654, #4557, #36 ) ) ;
#860 = CARTESIAN_POINT ( 'NONE',  ( 0.000000000000000000, 0.000000000000000000, -0.05999999999999999778 ) ) ;
#861 = CIRCLE ( 'NONE', #4401, 0.01749999999999999820 ) ;
#862 = DIRECTION ( 'NONE',  ( -0.000000000000000000, -1.000000000000000000, -0.000000000000000000 ) ) ;
#863 = FACE_BOUND ( 'NONE', #2028, .T. ) ;
#864 = DIRECTION ( 'NONE',  ( 0.000000000000000000, 0.000000000000000000, -1.000000000000000000 ) ) ;
#865 = DIRECTION ( 'NONE',  ( 0.000000000000000000, 0.000000000000000000, -1.000000000000000000 ) ) ;
#866 = CARTESIAN_POINT ( 'NONE',  ( -0.07499999999999999722, 0.1260000000000000009, 0.008750000000000004302 ) ) ;
#867 = VERTEX_POINT ( 'NONE', #1571 ) ;
#868 = ORIENTED_EDGE ( 'NONE', *, *, #1306, .F. ) ;
#869 = DIRECTION ( 'NONE',  ( -0.000000000000000000, -1.000000000000000000, -0.000000000000000000 ) ) ;
#870 = EDGE_CURVE ( 'NONE', #2836, #1904, #2256, .T. ) ;
#871 = ORIENTED_EDGE ( 'NONE', *, *, #3532, .T. ) ;
#872 = ORIENTED_EDGE ( 'NONE', *, *, #4221, .T. ) ;
#873 = FACE_OUTER_BOUND ( 'NONE', #4966, .T. ) ;
#874 = CYLINDRICAL_SURFACE ( 'NONE', #1459, 0.009499999999999994560 ) ;
#875 = DIRECTION ( 'NONE',  ( -0.000000000000000000, -1.000000000000000000, -0.000000000000000000 ) ) ;
#876 = EDGE_CURVE ( 'NONE', #1269, #551, #4018, .T. ) ;
#877 = EDGE_CURVE ( 'NONE', #587, #4179, #1237, .T. ) ;
#878 = CARTESIAN_POINT ( 'NONE',  ( 0.1075000000000000261, 0.09849999999999999034, 0.05999999999999999778 ) ) ;
#879 = VERTEX_POINT ( 'NONE', #199 ) ;
#880 = AXIS2_PLACEMENT_3D ( 'NONE', #537, #2400, #108 ) ;
#881 = AXIS2_PLACEMENT_3D ( 'NONE', #4727, #3565, #3177 ) ;
#882 = VERTEX_POINT ( 'NONE', #2109 ) ;
#883 = EDGE_CURVE ( 'NONE', #460, #1701, #3217, .T. ) ;
#884 = AXIS2_PLACEMENT_3D ( 'NONE', #2544, #3795, #3037 ) ;
#885 = DIRECTION ( 'NONE',  ( -0.000000000000000000, -1.000000000000000000, -0.000000000000000000 ) ) ;
#886 = DIRECTION ( 'NONE',  ( -0.000000000000000000, -1.000000000000000000, -0.000000000000000000 ) ) ;
#887 = EDGE_LOOP ( 'NONE', ( #471, #4865, #897, #4193 ) ) ;
#888 = DIRECTION ( 'NONE',  ( -0.000000000000000000, -1.000000000000000000, -0.000000000000000000 ) ) ;
#889 = DIRECTION ( 'NONE',  ( 0.000000000000000000, -0.7071067811865474617, -0.7071067811865474617 ) ) ;
#890 = DIRECTION ( 'NONE',  ( -0.000000000000000000, -1.000000000000000000, -0.000000000000000000 ) ) ;
#891 = PRESENTATION_LAYER_ASSIGNMENT (  '', '', ( #325 ) ) ;
#892 = FACE_OUTER_BOUND ( 'NONE', #859, .T. ) ;
#893 = DIRECTION ( 'NONE',  ( 0.000000000000000000, 0.000000000000000000, -1.000000000000000000 ) ) ;
#894 = DIRECTION ( 'NONE',  ( 0.000000000000000000, 1.000000000000000000, 0.000000000000000000 ) ) ;
#895 = CARTESIAN_POINT ( 'NONE',  ( -0.07499999999999999722, -1.707404996040164512E-17, -0.02500000000000000139 ) ) ;
#896 = CIRCLE ( 'NONE', #1534, 0.01350000000000001026 ) ;
#897 = ORIENTED_EDGE ( 'NONE', *, *, #2513, .T. ) ;
#898 = ORIENTED_EDGE ( 'NONE', *, *, #784, .F. ) ;
#899 = DIRECTION ( 'NONE',  ( -0.000000000000000000, -1.000000000000000000, -0.000000000000000000 ) ) ;
#900 = ORIENTED_EDGE ( 'NONE', *, *, #439, .F. ) ;
#901 = CIRCLE ( 'NONE', #4180, 0.01750000000000000513 ) ;
#902 = ORIENTED_EDGE ( 'NONE', *, *, #610, .T. ) ;
#903 = LINE ( 'NONE', #4716, #4756 ) ;
#904 = VECTOR ( 'NONE', #122, 39.37007874015748143 ) ;
#905 = DIRECTION ( 'NONE',  ( 0.000000000000000000, 0.000000000000000000, -1.000000000000000000 ) ) ;
#906 = AXIS2_PLACEMENT_3D ( 'NONE', #2372, #4, #3905 ) ;
#907 = DIRECTION ( 'NONE',  ( 0.000000000000000000, 0.000000000000000000, -1.000000000000000000 ) ) ;
#908 = EDGE_LOOP ( 'NONE', ( #4399, #2335, #3254, #1691 ) ) ;
#909 = PRODUCT_CONTEXT ( 'NONE', #1198, 'mechanical' ) ;
#910 = EDGE_CURVE ( 'NONE', #2369, #1359, #318, .T. ) ;
#911 = EDGE_CURVE ( 'NONE', #3487, #4710, #4307, .T. ) ;
#912 = VERTEX_POINT ( 'NONE', #1674 ) ;
#913 = DIRECTION ( 'NONE',  ( -0.000000000000000000, -1.000000000000000000, -0.000000000000000000 ) ) ;
#914 = DIRECTION ( 'NONE',  ( -0.000000000000000000, -1.000000000000000000, -0.000000000000000000 ) ) ;
#915 = EDGE_LOOP ( 'NONE', ( #3559, #354, #983, #3874 ) ) ;
#916 = DIRECTION ( 'NONE',  ( 0.000000000000000000, 0.000000000000000000, -1.000000000000000000 ) ) ;
#917 = EDGE_CURVE ( 'NONE', #2444, #244, #1323, .T. ) ;
#918 = DIRECTION ( 'NONE',  ( 0.000000000000000000, 1.000000000000000000, 0.000000000000000000 ) ) ;
#919 = FACE_BOUND ( 'NONE', #663, .T. ) ;
#920 = CYLINDRICAL_SURFACE ( 'NONE', #4373, 0.01749999999999999820 ) ;
#921 = LENGTH_MEASURE_WITH_UNIT ( LENGTH_MEASURE( 0.02539999999999999897 ), #1002 );
#922 = CARTESIAN_POINT ( 'NONE',  ( -0.07499999999999999722, -1.707404996040164512E-17, -0.02500000000000000139 ) ) ;
#923 = AXIS2_PLACEMENT_3D ( 'NONE', #512, #3650, #1725 ) ;
#924 = FACE_BOUND ( 'NONE', #3999, .T. ) ;
#925 = VERTEX_POINT ( 'NONE', #4365 ) ;
#926 = ORIENTED_EDGE ( 'NONE', *, *, #3291, .T. ) ;
#927 = VECTOR ( 'NONE', #646, 39.37007874015748143 ) ;
#928 = LINE ( 'NONE', #2936, #1972 ) ;
#929 = ORIENTED_EDGE ( 'NONE', *, *, #3345, .F. ) ;
#930 = ORIENTED_EDGE ( 'NONE', *, *, #1778, .T. ) ;
#931 = AXIS2_PLACEMENT_3D ( 'NONE', #3458, #3855, #400 ) ;
#932 = CARTESIAN_POINT ( 'NONE',  ( 0.07499999999999999722, 0.1260000000000000009, 0.01550000000000000856 ) ) ;
#933 = DIRECTION ( 'NONE',  ( 0.000000000000000000, 0.000000000000000000, -1.000000000000000000 ) ) ;
#934 = DIRECTION ( 'NONE',  ( -0.000000000000000000, -1.000000000000000000, -0.000000000000000000 ) ) ;
#935 = AXIS2_PLACEMENT_3D ( 'NONE', #4701, #3209, #1265 ) ;
#936 = DIRECTION ( 'NONE',  ( 0.000000000000000000, -0.000000000000000000, 1.000000000000000000 ) ) ;
#937 = ORIENTED_EDGE ( 'NONE', *, *, #608, .F. ) ;
#938 = AXIS2_PLACEMENT_3D ( 'NONE', #4311, #899, #2806 ) ;
#939 = ORIENTED_EDGE ( 'NONE', *, *, #4352, .T. ) ;
#940 = FACE_OUTER_BOUND ( 'NONE', #3327, .T. ) ;
#941 = AXIS2_PLACEMENT_3D ( 'NONE', #4767, #1355, #2113 ) ;
#942 = ADVANCED_FACE ( 'NONE', ( #924, #1268 ), #2404, .F. ) ;
#943 = FACE_OUTER_BOUND ( 'NONE', #4108, .T. ) ;
#944 = ORIENTED_EDGE ( 'NONE', *, *, #2351, .T. ) ;
#945 = LINE ( 'NONE', #4725, #4288 ) ;
#946 = AXIS2_PLACEMENT_3D ( 'NONE', #1682, #3895, #123 ) ;
#947 = FACE_BOUND ( 'NONE', #2863, .T. ) ;
#948 = CARTESIAN_POINT ( 'NONE',  ( -0.02499999999999999792, 0.1247499999999999998, 0.02500000000000000139 ) ) ;
#949 =( GEOMETRIC_REPRESENTATION_CONTEXT ( 3 ) GLOBAL_UNCERTAINTY_ASSIGNED_CONTEXT ( ( #822 ) ) GLOBAL_UNIT_ASSIGNED_CONTEXT ( ( #4908, #1776, #290 ) ) REPRESENTATION_CONTEXT ( 'NONE', 'WORKASPACE' ) );
#950 = CARTESIAN_POINT ( 'NONE',  ( 0.02500000000000000486, -1.707404996040164512E-17, 0.03449999999999999595 ) ) ;
#951 = ADVANCED_FACE ( 'NONE', ( #144 ), #2803, .T. ) ;
#952 = CARTESIAN_POINT ( 'NONE',  ( 0.02500000000000000486, 0.1565000000000000280, 0.02500000000000000139 ) ) ;
#953 = EDGE_CURVE ( 'NONE', #2309, #4681, #4795, .T. ) ;
#954 = ADVANCED_FACE ( 'NONE', ( #2025 ), #4734, .T. ) ;
#955 = VECTOR ( 'NONE', #289, 39.37007874015748143 ) ;
#956 = DIRECTION ( 'NONE',  ( -0.000000000000000000, -1.000000000000000000, -0.000000000000000000 ) ) ;
#957 = DIRECTION ( 'NONE',  ( 0.000000000000000000, 1.000000000000000000, 0.000000000000000000 ) ) ;
#958 = ORIENTED_EDGE ( 'NONE', *, *, #1207, .T. ) ;
#959 = VERTEX_POINT ( 'NONE', #600 ) ;
#960 = DIRECTION ( 'NONE',  ( -0.000000000000000000, -1.000000000000000000, -0.000000000000000000 ) ) ;
#961 = VERTEX_POINT ( 'NONE', #569 ) ;
#962 = EDGE_LOOP ( 'NONE', ( #2542, #3087, #1325, #2478 ) ) ;
#963 = DIRECTION ( 'NONE',  ( -0.000000000000000000, -1.000000000000000000, -0.000000000000000000 ) ) ;
#964 = CARTESIAN_POINT ( 'NONE',  ( -0.07499999999999999722, 0.02350000000000000352, 0.02500000000000000139 ) ) ;
#965 = ORIENTED_EDGE ( 'NONE', *, *, #2392, .T. ) ;
#966 = CARTESIAN_POINT ( 'NONE',  ( -0.07499999999999999722, -1.707404996040164512E-17, 0.007500000000000001457 ) ) ;
#967 = CARTESIAN_POINT ( 'NONE',  ( 0.07499999999999999722, 0.01499999999999997689, -0.006499999999999997967 ) ) ;
#968 = VERTEX_POINT ( 'NONE', #3595 ) ;
#969 = CYLINDRICAL_SURFACE ( 'NONE', #4293, 0.01350000000000001026 ) ;
#970 = DIRECTION ( 'NONE',  ( -0.000000000000000000, -1.000000000000000000, -0.000000000000000000 ) ) ;
#971 = ORIENTED_EDGE ( 'NONE', *, *, #183, .T. ) ;
#972 = CARTESIAN_POINT ( 'NONE',  ( 0.02499999999999999098, 0.1660000000000000087, -0.02500000000000000139 ) ) ;
#973 = DIRECTION ( 'NONE',  ( -0.000000000000000000, -1.000000000000000000, -0.000000000000000000 ) ) ;
#974 = DIRECTION ( 'NONE',  ( 0.000000000000000000, 0.000000000000000000, -1.000000000000000000 ) ) ;
#975 = CIRCLE ( 'NONE', #3788, 0.01750000000000000513 ) ;
#976 = DIRECTION ( 'NONE',  ( 0.000000000000000000, 0.000000000000000000, 1.000000000000000000 ) ) ;
#977 = DIRECTION ( 'NONE',  ( -0.000000000000000000, -1.000000000000000000, -0.000000000000000000 ) ) ;
#978 = CARTESIAN_POINT ( 'NONE',  ( -0.07499999999999999722, -1.707404996040164512E-17, 0.01149999999999999634 ) ) ;
#979 = CARTESIAN_POINT ( 'NONE',  ( 0.07499999999999999722, -1.707404996040164512E-17, -0.02500000000000000139 ) ) ;
#980 = ADVANCED_FACE ( 'NONE', ( #3272 ), #3569, .T. ) ;
#982 = ORIENTED_EDGE ( 'NONE', *, *, #4738, .F. ) ;
#981 = EDGE_CURVE ( 'NONE', #2825, #1337, #3964, .T. ) ;
#983 = ORIENTED_EDGE ( 'NONE', *, *, #4706, .T. ) ;
#984 = CARTESIAN_POINT ( 'NONE',  ( 0.07499999999999999722, 0.09849999999999999034, 0.02500000000000000139 ) ) ;
#985 = ORIENTED_EDGE ( 'NONE', *, *, #2355, .T. ) ;
#986 = ORIENTED_EDGE ( 'NONE', *, *, #753, .T. ) ;
#987 = CARTESIAN_POINT ( 'NONE',  ( -0.02499999999999999792, 0.008999999999999975034, -0.01149999999999999634 ) ) ;
#988 = EDGE_CURVE ( 'NONE', #4835, #3062, #1115, .T. ) ;
#989 = VERTEX_POINT ( 'NONE', #2489 ) ;
#990 = CARTESIAN_POINT ( 'NONE',  ( 0.07499999999999999722, -1.707404996040164512E-17, 0.02500000000000000139 ) ) ;
#991 = AXIS2_PLACEMENT_3D ( 'NONE', #4922, #1106, #2638 ) ;
#992 = FACE_OUTER_BOUND ( 'NONE', #4766, .T. ) ;
#993 = LINE ( 'NONE', #2221, #650 ) ;
#994 = FACE_OUTER_BOUND ( 'NONE', #1939, .T. ) ;
#995 = CARTESIAN_POINT ( 'NONE',  ( -0.07499999999999999722, 0.09849999999999999034, 0.02500000000000000139 ) ) ;
#996 = ORIENTED_EDGE ( 'NONE', *, *, #48, .T. ) ;
#997 = CARTESIAN_POINT ( 'NONE',  ( -0.07499999999999999722, -1.707404996040164512E-17, 0.02500000000000000139 ) ) ;
#998 = PRESENTATION_LAYER_ASSIGNMENT (  '', '', ( #4449 ) ) ;
#999 = DIRECTION ( 'NONE',  ( 0.000000000000000000, 0.000000000000000000, -1.000000000000000000 ) ) ;
#1000 = ORIENTED_EDGE ( 'NONE', *, *, #3006, .T. ) ;
#1001 = DIRECTION ( 'NONE',  ( 0.000000000000000000, 0.000000000000000000, -1.000000000000000000 ) ) ;
#1002 =( LENGTH_UNIT ( ) NAMED_UNIT ( * ) SI_UNIT ( $, .METRE. ) );
#1003 = CARTESIAN_POINT ( 'NONE',  ( 0.02500000000000000486, 0.1247499999999999998, 0.04250000000000000999 ) ) ;
#1004 = CARTESIAN_POINT ( 'NONE',  ( -0.07499999999999999722, -1.707404996040164512E-17, -0.02500000000000000139 ) ) ;
#1005 = ORIENTED_EDGE ( 'NONE', *, *, #2970, .T. ) ;
#1006 = DIRECTION ( 'NONE',  ( 0.000000000000000000, -1.000000000000000000, -0.000000000000000000 ) ) ;
#1007 = ORIENTED_EDGE ( 'NONE', *, *, #2049, .F. ) ;
#1008 = EDGE_CURVE ( 'NONE', #2792, #310, #3539, .T. ) ;
#1009 = CYLINDRICAL_SURFACE ( 'NONE', #3304, 0.01750000000000000167 ) ;
#1010 = CIRCLE ( 'NONE', #4606, 0.01750000000000000167 ) ;
#1011 = ORIENTED_EDGE ( 'NONE', *, *, #2392, .F. ) ;
#1012 = DIRECTION ( 'NONE',  ( -0.000000000000000000, -1.000000000000000000, -0.000000000000000000 ) ) ;
#1013 = EDGE_CURVE ( 'NONE', #3517, #2727, #1197, .T. ) ;
#1014 = ADVANCED_FACE ( 'NONE', ( #4820 ), #2914, .T. ) ;
#1015 = AXIS2_PLACEMENT_3D ( 'NONE', #3102, #2323, #1133 ) ;
#1016 = DIRECTION ( 'NONE',  ( 0.000000000000000000, 0.000000000000000000, 1.000000000000000000 ) ) ;
#1017 = CARTESIAN_POINT ( 'NONE',  ( -0.02499999999999999445, -1.707404996040164512E-17, 0.04250000000000000999 ) ) ;
#1018 = EDGE_LOOP ( 'NONE', ( #1861, #1476 ) ) ;
#1019 = CARTESIAN_POINT ( 'NONE',  ( 0.07499999999999999722, -1.707404996040164512E-17, 0.03449999999999999595 ) ) ;
#1020 = AXIS2_PLACEMENT_3D ( 'NONE', #4374, #934, #1334 ) ;
#1021 = EDGE_LOOP ( 'NONE', ( #2344, #3715, #1827, #4024 ) ) ;
#1022 = CIRCLE ( 'NONE', #854, 0.009499999999999994560 ) ;
#1023 = CARTESIAN_POINT ( 'NONE',  ( -0.08450000000000001954, 0.1565000000000000280, 0.02500000000000000139 ) ) ;
#1024 = DIRECTION ( 'NONE',  ( -0.000000000000000000, -1.000000000000000000, -0.000000000000000000 ) ) ;
#1025 = MECHANICAL_DESIGN_GEOMETRIC_PRESENTATION_REPRESENTATION (  '', ( #4306 ), #4705 ) ;
#1026 = CIRCLE ( 'NONE', #3835, 0.01749999999999999820 ) ;
#1027 = AXIS2_PLACEMENT_3D ( 'NONE', #1563, #1229, #80 ) ;
#1028 = CARTESIAN_POINT ( 'NONE',  ( -0.09249999999999999889, 0.02349999999999998618, 0.02500000000000000139 ) ) ;
#1029 = ORIENTED_EDGE ( 'NONE', *, *, #1149, .F. ) ;
#1030 = VECTOR ( 'NONE', #47, 39.37007874015748143 ) ;
#1031 = CARTESIAN_POINT ( 'NONE',  ( -0.02499999999999999792, 0.02350000000000000352, 0.04249999999999993366 ) ) ;
#1032 = ADVANCED_FACE ( 'NONE', ( #947, #3153 ), #562, .F. ) ;
#1033 = EDGE_LOOP ( 'NONE', ( #387, #2112, #4796, #2495, #2838 ) ) ;
#1035 = ORIENTED_EDGE ( 'NONE', *, *, #379, .F. ) ;
#1034 = CARTESIAN_POINT ( 'NONE',  ( 0.02500000000000000486, -1.707404996040164512E-17, 0.02500000000000000139 ) ) ;
#1036 = LENGTH_MEASURE_WITH_UNIT ( LENGTH_MEASURE( 0.02539999999999999897 ), #4498 );
#1037 = EDGE_LOOP ( 'NONE', ( #768, #944, #898, #4255 ) ) ;
#1038 = EDGE_CURVE ( 'NONE', #1715, #1507, #85, .T. ) ;
#1039 = EDGE_CURVE ( 'NONE', #2236, #766, #474, .T. ) ;
#1040 = EDGE_CURVE ( 'NONE', #4736, #1169, #2481, .T. ) ;
#1041 = DIRECTION ( 'NONE',  ( 0.000000000000000000, 0.000000000000000000, -1.000000000000000000 ) ) ;
#1042 = DIRECTION ( 'NONE',  ( -0.000000000000000000, -1.000000000000000000, -0.000000000000000000 ) ) ;
#1043 = ORIENTED_EDGE ( 'NONE', *, *, #2040, .T. ) ;
#1044 = CARTESIAN_POINT ( 'NONE',  ( -0.07499999999999999722, 0.02349999999999998618, -0.04250000000000000999 ) ) ;
#1045 = ORIENTED_EDGE ( 'NONE', *, *, #2687, .T. ) ;
#1046 = EDGE_CURVE ( 'NONE', #4542, #4007, #4892, .T. ) ;
#1047 = DIRECTION ( 'NONE',  ( 0.000000000000000000, 0.000000000000000000, -1.000000000000000000 ) ) ;
#1048 = DIRECTION ( 'NONE',  ( -0.000000000000000000, -1.000000000000000000, -0.000000000000000000 ) ) ;
#1049 = CARTESIAN_POINT ( 'NONE',  ( -0.1074999999999999983, 0.09849999999999999034, 0.05999999999999999778 ) ) ;
#1050 = AXIS2_PLACEMENT_3D ( 'NONE', #787, #2751, #4607 ) ;
#1051 = CIRCLE ( 'NONE', #2181, 0.01850000000000000255 ) ;
#1052 = AXIS2_PLACEMENT_3D ( 'NONE', #1107, #728, #1908 ) ;
#1053 = CARTESIAN_POINT ( 'NONE',  ( -0.07499999999999999722, -1.707404996040164512E-17, -0.02500000000000000139 ) ) ;
#1054 = ORIENTED_EDGE ( 'NONE', *, *, #2632, .F. ) ;
#1055 = VECTOR ( 'NONE', #2611, 39.37007874015748143 ) ;
#1056 = CARTESIAN_POINT ( 'NONE',  ( -0.07499999999999999722, 0.1565000000000000280, -0.02500000000000000139 ) ) ;
#1057 = EDGE_LOOP ( 'NONE', ( #4091, #824, #1155, #3580 ) ) ;
#1058 = LINE ( 'NONE', #3374, #2868 ) ;
#1059 = AXIS2_PLACEMENT_3D ( 'NONE', #997, #4131, #3383 ) ;
#1060 = DIRECTION ( 'NONE',  ( 0.000000000000000000, 1.000000000000000000, 0.000000000000000000 ) ) ;
#1061 = CIRCLE ( 'NONE', #1457, 0.009499999999999994560 ) ;
#1062 = DIRECTION ( 'NONE',  ( 0.000000000000000000, 0.000000000000000000, -1.000000000000000000 ) ) ;
#1063 = CARTESIAN_POINT ( 'NONE',  ( 0.07499999999999999722, 0.008999999999999975034, -0.01149999999999999634 ) ) ;
#1064 = EDGE_LOOP ( 'NONE', ( #2524, #4142 ) ) ;
#1065 = PLANE ( 'NONE',  #2418 ) ;
#1066 = EDGE_CURVE ( 'NONE', #2410, #423, #4013, .T. ) ;
#1067 = AXIS2_PLACEMENT_3D ( 'NONE', #4375, #584, #936 ) ;
#1068 = EDGE_CURVE ( 'NONE', #1831, #3661, #1668, .T. ) ;
#1069 = ORIENTED_EDGE ( 'NONE', *, *, #2421, .F. ) ;
#1070 = AXIS2_PLACEMENT_3D ( 'NONE', #3547, #2386, #3918 ) ;
#1071 = DIRECTION ( 'NONE',  ( -0.000000000000000000, -1.000000000000000000, -0.000000000000000000 ) ) ;
#1072 = AXIS2_PLACEMENT_3D ( 'NONE', #67, #745, #2709 ) ;
#1073 = CARTESIAN_POINT ( 'NONE',  ( 0.02500000000000000486, 0.1565000000000000280, 0.02500000000000000139 ) ) ;
#1074 = ADVANCED_FACE ( 'NONE', ( #2827, #4359 ), #4726, .F. ) ;
#1075 = ORIENTED_EDGE ( 'NONE', *, *, #812, .T. ) ;
#1076 = CARTESIAN_POINT ( 'NONE',  ( 0.02500000000000000486, 0.02349999999999998618, 0.007500000000000001457 ) ) ;
#1077 = EDGE_LOOP ( 'NONE', ( #3796, #3806, #3042, #3303 ) ) ;
#1078 = CARTESIAN_POINT ( 'NONE',  ( -0.02499999999999999445, 0.02350000000000000352, -0.04250000000000000999 ) ) ;
#1079 = FACE_BOUND ( 'NONE', #4184, .T. ) ;
#1080 = CIRCLE ( 'NONE', #4614, 0.02150000000000000175 ) ;
#1081 = DIRECTION ( 'NONE',  ( 0.000000000000000000, 0.000000000000000000, -1.000000000000000000 ) ) ;
#1082 = ORIENTED_EDGE ( 'NONE', *, *, #3784, .T. ) ;
#1083 = CIRCLE ( 'NONE', #518, 0.01850000000000000949 ) ;
#1084 = CARTESIAN_POINT ( 'NONE',  ( -0.07499999999999999722, 0.02349999999999998618, 0.02500000000000000139 ) ) ;
#1085 = LINE ( 'NONE', #1017, #3912 ) ;
#1086 = ORIENTED_EDGE ( 'NONE', *, *, #4280, .F. ) ;
#1087 = CARTESIAN_POINT ( 'NONE',  ( 0.02500000000000000486, -1.707404996040164512E-17, 0.01149999999999999634 ) ) ;
#1088 = ORIENTED_EDGE ( 'NONE', *, *, #2264, .T. ) ;
#1089 = AXIS2_PLACEMENT_3D ( 'NONE', #4380, #3557, #104 ) ;
#1090 = ADVANCED_FACE ( 'NONE', ( #2103, #4302 ), #4698, .F. ) ;
#1091 = CARTESIAN_POINT ( 'NONE',  ( -0.07499999999999999722, 0.008999999999999975034, -0.03850000000000001338 ) ) ;
#1092 = DIRECTION ( 'NONE',  ( -0.000000000000000000, -1.000000000000000000, -0.000000000000000000 ) ) ;
#1093 = AXIS2_PLACEMENT_3D ( 'NONE', #3518, #2729, #2408 ) ;
#1094 = EDGE_CURVE ( 'NONE', #2195, #3278, #4647, .T. ) ;
#1095 = ADVANCED_FACE ( 'NONE', ( #2375, #3645, #1318, #1290, #3564, #3237, #3985, #3586, #135 ), #3617, .F. ) ;
#1096 = ADVANCED_FACE ( 'NONE', ( #1615 ), #4676, .F. ) ;
#1097 = ORIENTED_EDGE ( 'NONE', *, *, #1856, .F. ) ;
#1098 = DIRECTION ( 'NONE',  ( 0.000000000000000000, 1.000000000000000000, 0.000000000000000000 ) ) ;
#1099 = STYLED_ITEM ( 'NONE', ( #2646 ), #3504 ) ;
#1100 = EDGE_CURVE ( 'NONE', #3146, #867, #3930, .T. ) ;
#1101 = ORIENTED_EDGE ( 'NONE', *, *, #2484, .F. ) ;
#1103 = ORIENTED_EDGE ( 'NONE', *, *, #3006, .F. ) ;
#1102 = CARTESIAN_POINT ( 'NONE',  ( 0.07499999999999999722, 0.1247499999999999998, 0.04250000000000000999 ) ) ;
#1104 = DIRECTION ( 'NONE',  ( -0.000000000000000000, -1.000000000000000000, -0.000000000000000000 ) ) ;
#1105 = AXIS2_PLACEMENT_3D ( 'NONE', #2271, #1042, #3381 ) ;
#1106 = DIRECTION ( 'NONE',  ( 0.000000000000000000, 1.000000000000000000, 0.000000000000000000 ) ) ;
#1107 = CARTESIAN_POINT ( 'NONE',  ( 0.02500000000000000486, -1.707404996040164512E-17, -0.02500000000000000139 ) ) ;
#1108 = LINE ( 'NONE', #1882, #2692 ) ;
#1109 = CARTESIAN_POINT ( 'NONE',  ( -0.07499999999999999722, 0.02349999999999998618, 0.04649999999999999967 ) ) ;
#1110 = ORIENTED_EDGE ( 'NONE', *, *, #4227, .F. ) ;
#1111 = DIRECTION ( 'NONE',  ( 0.000000000000000000, -0.000000000000000000, 1.000000000000000000 ) ) ;
#1112 = ORIENTED_EDGE ( 'NONE', *, *, #3981, .T. ) ;
#1113 = DIRECTION ( 'NONE',  ( -0.000000000000000000, -1.000000000000000000, -0.000000000000000000 ) ) ;
#1114 = EDGE_LOOP ( 'NONE', ( #4963, #652 ) ) ;
#1115 = CIRCLE ( 'NONE', #3932, 0.01625000000000000056 ) ;
#1116 = ADVANCED_FACE ( 'NONE', ( #163 ), #479, .F. ) ;
#1117 = DIRECTION ( 'NONE',  ( 0.000000000000000000, 0.000000000000000000, -1.000000000000000000 ) ) ;
#1118 = AXIS2_PLACEMENT_3D ( 'NONE', #1363, #4434, #260 ) ;
#1119 = ORIENTED_EDGE ( 'NONE', *, *, #1947, .T. ) ;
#1120 = AXIS2_PLACEMENT_3D ( 'NONE', #3907, #453, #2857 ) ;
#1122 = ORIENTED_EDGE ( 'NONE', *, *, #4706, .F. ) ;
#1121 = DIRECTION ( 'NONE',  ( -0.000000000000000000, -1.000000000000000000, -0.000000000000000000 ) ) ;
#1123 = VERTEX_POINT ( 'NONE', #2286 ) ;
#1124 = CARTESIAN_POINT ( 'NONE',  ( 0.07499999999999999722, 0.09849999999999999034, 0.02500000000000000139 ) ) ;
#1125 = EDGE_CURVE ( 'NONE', #4026, #3839, #1854, .T. ) ;
#1126 = CARTESIAN_POINT ( 'NONE',  ( -0.02499999999999999792, -1.707404996040164512E-17, -0.04350000000000001088 ) ) ;
#1127 = STYLED_ITEM ( 'NONE', ( #529 ), #3881 ) ;
#1128 = CARTESIAN_POINT ( 'NONE',  ( -0.02499999999999999792, 0.1260000000000000009, -0.01550000000000000856 ) ) ;
#1129 = ORIENTED_EDGE ( 'NONE', *, *, #4559, .F. ) ;
#1130 = CARTESIAN_POINT ( 'NONE',  ( 0.02500000000000000486, -1.707404996040164512E-17, 0.01550000000000000856 ) ) ;
#1131 = VECTOR ( 'NONE', #346, 39.37007874015748143 ) ;
#1132 = VERTEX_POINT ( 'NONE', #1480 ) ;
#1133 = DIRECTION ( 'NONE',  ( 0.000000000000000000, 0.000000000000000000, 1.000000000000000000 ) ) ;
#1134 = CIRCLE ( 'NONE', #3951, 0.02150000000000000175 ) ;
#1135 = FACE_OUTER_BOUND ( 'NONE', #2615, .T. ) ;
#1136 = AXIS2_PLACEMENT_3D ( 'NONE', #1552, #4613, #3494 ) ;
#1137 =( CONVERSION_BASED_UNIT ( 'INCH', #4679 ) LENGTH_UNIT ( ) NAMED_UNIT ( #2483 ) );
#1138 = VERTEX_POINT ( 'NONE', #3672 ) ;
#1139 = DIRECTION ( 'NONE',  ( 0.000000000000000000, 0.000000000000000000, -1.000000000000000000 ) ) ;
#1140 = VERTEX_POINT ( 'NONE', #3820 ) ;
#1142 = ORIENTED_EDGE ( 'NONE', *, *, #3568, .F. ) ;
#1141 = CARTESIAN_POINT ( 'NONE',  ( 0.07499999999999998335, 0.1660000000000000087, 0.02500000000000000139 ) ) ;
#1143 = ADVANCED_FACE ( 'NONE', ( #4065 ), #4834, .T. ) ;
#1144 = ORIENTED_EDGE ( 'NONE', *, *, #3007, .T. ) ;
#1145 = VERTEX_POINT ( 'NONE', #1879 ) ;
#1146 = DIRECTION ( 'NONE',  ( -0.000000000000000000, -1.000000000000000000, -0.000000000000000000 ) ) ;
#1147 = LINE ( 'NONE', #3868, #734 ) ;
#1148 = DIRECTION ( 'NONE',  ( -0.000000000000000000, -1.000000000000000000, -0.000000000000000000 ) ) ;
#1149 = EDGE_CURVE ( 'NONE', #551, #4858, #3293, .T. ) ;
#1150 = EDGE_CURVE ( 'NONE', #3080, #1169, #648, .T. ) ;
#1151 = DIRECTION ( 'NONE',  ( 0.000000000000000000, 0.000000000000000000, -1.000000000000000000 ) ) ;
#1152 = ORIENTED_EDGE ( 'NONE', *, *, #4874, .T. ) ;
#1153 = DIRECTION ( 'NONE',  ( -0.000000000000000000, -1.000000000000000000, -0.000000000000000000 ) ) ;
#1154 = AXIS2_PLACEMENT_3D ( 'NONE', #484, #2456, #2024 ) ;
#1155 = ORIENTED_EDGE ( 'NONE', *, *, #4580, .F. ) ;
#1156 = DIRECTION ( 'NONE',  ( -0.000000000000000000, -1.000000000000000000, -0.000000000000000000 ) ) ;
#1157 = DIRECTION ( 'NONE',  ( 0.000000000000000000, 0.000000000000000000, -1.000000000000000000 ) ) ;
#1158 = DIRECTION ( 'NONE',  ( 0.000000000000000000, 1.000000000000000000, 0.000000000000000000 ) ) ;
#1159 = AXIS2_PLACEMENT_3D ( 'NONE', #2022, #1723, #225 ) ;
#1160 = DIRECTION ( 'NONE',  ( -0.000000000000000000, -1.000000000000000000, -0.000000000000000000 ) ) ;
#1161 = ORIENTED_EDGE ( 'NONE', *, *, #748, .F. ) ;
#1162 = AXIS2_PLACEMENT_3D ( 'NONE', #4562, #764, #4204 ) ;
#1163 = CARTESIAN_POINT ( 'NONE',  ( 0.02500000000000000486, 0.1247499999999999998, -0.02500000000000000139 ) ) ;
#1164 = ORIENTED_EDGE ( 'NONE', *, *, #4344, .T. ) ;
#1165 = CIRCLE ( 'NONE', #763, 0.02149999999999999481 ) ;
#1167 = EDGE_LOOP ( 'NONE', ( #2793, #2881 ) ) ;
#1166 = CARTESIAN_POINT ( 'NONE',  ( -0.02499999999999999792, 0.008999999999999975034, 0.02500000000000000139 ) ) ;
#1168 = ORIENTED_EDGE ( 'NONE', *, *, #2351, .F. ) ;
#1169 = VERTEX_POINT ( 'NONE', #3044 ) ;
#1170 = LINE ( 'NONE', #3140, #4270 ) ;
#1171 = CARTESIAN_POINT ( 'NONE',  ( -0.1074999999999999983, 0.02350000000000000352, 0.05999999999999999778 ) ) ;
#1172 = EDGE_CURVE ( 'NONE', #687, #3470, #1383, .T. ) ;
#1173 = DIRECTION ( 'NONE',  ( 0.000000000000000000, 1.000000000000000000, 0.000000000000000000 ) ) ;
#1174 = CARTESIAN_POINT ( 'NONE',  ( -0.02499999999999999445, 0.01499999999999997689, 0.04649999999999999967 ) ) ;
#1175 = AXIS2_PLACEMENT_3D ( 'NONE', #1415, #2574, #3021 ) ;
#1176 = DIRECTION ( 'NONE',  ( 0.000000000000000000, 0.000000000000000000, -1.000000000000000000 ) ) ;
#1177 = ORIENTED_EDGE ( 'NONE', *, *, #213, .T. ) ;
#1178 =( NAMED_UNIT ( * ) PLANE_ANGLE_UNIT ( ) SI_UNIT ( $, .RADIAN. ) );
#1179 = EDGE_CURVE ( 'NONE', #1884, #1715, #806, .T. ) ;
#1180 = ORIENTED_EDGE ( 'NONE', *, *, #845, .T. ) ;
#1181 = EDGE_CURVE ( 'NONE', #3228, #3738, #3425, .T. ) ;
#1182 = CIRCLE ( 'NONE', #3277, 0.01350000000000000679 ) ;
#1183 = DIRECTION ( 'NONE',  ( 0.000000000000000000, 0.000000000000000000, -1.000000000000000000 ) ) ;
#1184 = FACE_BOUND ( 'NONE', #4930, .T. ) ;
#1185 = DIRECTION ( 'NONE',  ( -0.000000000000000000, -1.000000000000000000, -0.000000000000000000 ) ) ;
#1186 = EDGE_CURVE ( 'NONE', #4643, #2502, #2157, .T. ) ;
#1187 = DIRECTION ( 'NONE',  ( -0.000000000000000000, -1.000000000000000000, -0.000000000000000000 ) ) ;
#1188 = CARTESIAN_POINT ( 'NONE',  ( 0.07499999999999999722, 0.02349999999999998618, 0.007500000000000001457 ) ) ;
#1189 = ORIENTED_EDGE ( 'NONE', *, *, #1519, .F. ) ;
#1190 = ORIENTED_EDGE ( 'NONE', *, *, #2356, .F. ) ;
#1191 = CARTESIAN_POINT ( 'NONE',  ( -0.02499999999999999792, 0.01499999999999997689, 0.02500000000000000139 ) ) ;
#1192 = EDGE_LOOP ( 'NONE', ( #521, #2677, #982, #2656 ) ) ;
#1193 = ORIENTED_EDGE ( 'NONE', *, *, #3349, .T. ) ;
#1194 = CARTESIAN_POINT ( 'NONE',  ( -0.02499999999999999792, 0.02349999999999998618, -0.04250000000000000999 ) ) ;
#1195 = CARTESIAN_POINT ( 'NONE',  ( -0.07499999999999999722, 0.008999999999999975034, 0.02500000000000000139 ) ) ;
#1196 = DIRECTION ( 'NONE',  ( 0.000000000000000000, -0.7071067811865474617, -0.7071067811865474617 ) ) ;
#1197 = CIRCLE ( 'NONE', #1686, 0.01749999999999999820 ) ;
#1198 = APPLICATION_CONTEXT ( 'automotive_design' ) ;
#1199 = CARTESIAN_POINT ( 'NONE',  ( -0.02499999999999999445, 0.02349999999999998618, 0.04649999999999999967 ) ) ;
#1200 = FACE_OUTER_BOUND ( 'NONE', #811, .T. ) ;
#1201 = ORIENTED_EDGE ( 'NONE', *, *, #2520, .F. ) ;
#1202 = FACE_OUTER_BOUND ( 'NONE', #4160, .T. ) ;
#1203 = MECHANICAL_DESIGN_GEOMETRIC_PRESENTATION_REPRESENTATION (  '', ( #1127 ), #4432 ) ;
#1204 = ORIENTED_EDGE ( 'NONE', *, *, #641, .F. ) ;
#1205 = ADVANCED_FACE ( 'NONE', ( #706, #1771 ), #3800, .F. ) ;
#1206 = DIRECTION ( 'NONE',  ( 0.000000000000000000, 0.000000000000000000, -1.000000000000000000 ) ) ;
#1207 = EDGE_CURVE ( 'NONE', #2558, #879, #3472, .T. ) ;
#1208 = LINE ( 'NONE', #4674, #4912 ) ;
#1209 = DIRECTION ( 'NONE',  ( -0.000000000000000000, -1.000000000000000000, -0.000000000000000000 ) ) ;
#1210 = CARTESIAN_POINT ( 'NONE',  ( 0.07499999999999999722, 0.02350000000000000352, -0.04249999999999999611 ) ) ;
#1211 = CIRCLE ( 'NONE', #4744, 0.01624999999999999709 ) ;
#1212 = DIRECTION ( 'NONE',  ( 0.000000000000000000, 0.000000000000000000, 1.000000000000000000 ) ) ;
#1213 = EDGE_CURVE ( 'NONE', #3661, #3749, #4662, .T. ) ;
#1214 = EDGE_CURVE ( 'NONE', #4821, #2410, #1211, .T. ) ;
#1215 = CARTESIAN_POINT ( 'NONE',  ( -0.02499999999999999792, 0.1260000000000000009, -0.03449999999999999595 ) ) ;
#1216 = EDGE_LOOP ( 'NONE', ( #4036, #4494, #4902, #4844 ) ) ;
#1217 = AXIS2_PLACEMENT_3D ( 'NONE', #476, #1592, #3127 ) ;
#1218 = ORIENTED_EDGE ( 'NONE', *, *, #719, .F. ) ;
#1219 = DIRECTION ( 'NONE',  ( -0.000000000000000000, -1.000000000000000000, -0.000000000000000000 ) ) ;
#1220 = ORIENTED_EDGE ( 'NONE', *, *, #2887, .F. ) ;
#1221 = EDGE_LOOP ( 'NONE', ( #3039, #3274 ) ) ;
#1222 = CARTESIAN_POINT ( 'NONE',  ( -0.07499999999999999722, 0.008999999999999975034, 0.02500000000000000139 ) ) ;
#1223 = DIRECTION ( 'NONE',  ( 0.000000000000000000, 0.000000000000000000, -1.000000000000000000 ) ) ;
#1224 = LINE ( 'NONE', #4618, #631 ) ;
#1225 = FACE_OUTER_BOUND ( 'NONE', #3978, .T. ) ;
#1226 = ORIENTED_EDGE ( 'NONE', *, *, #20, .F. ) ;
#1227 = DIRECTION ( 'NONE',  ( 1.000000000000000000, 0.000000000000000000, 0.000000000000000000 ) ) ;
#1228 = ORIENTED_EDGE ( 'NONE', *, *, #4753, .T. ) ;
#1229 = DIRECTION ( 'NONE',  ( -0.000000000000000000, -1.000000000000000000, -0.000000000000000000 ) ) ;
#1230 = CARTESIAN_POINT ( 'NONE',  ( 0.07499999999999999722, -1.707404996040164512E-17, 0.03850000000000001338 ) ) ;
#1231 = CARTESIAN_POINT ( 'NONE',  ( 0.07499999999999999722, -1.707404996040164512E-17, 0.02500000000000000139 ) ) ;
#1232 = CARTESIAN_POINT ( 'NONE',  ( 0.05350000000000000588, 0.01499999999999997689, 0.02500000000000000139 ) ) ;
#1233 = CARTESIAN_POINT ( 'NONE',  ( -0.07499999999999999722, 0.01499999999999997689, 0.02500000000000000139 ) ) ;
#1234 = ADVANCED_FACE ( 'NONE', ( #1345 ), #4812, .F. ) ;
#1235 = AXIS2_PLACEMENT_3D ( 'NONE', #3929, #888, #916 ) ;
#1236 = EDGE_CURVE ( 'NONE', #1929, #310, #1938, .T. ) ;
#1237 = LINE ( 'NONE', #4394, #79 ) ;
#1238 = ADVANCED_FACE ( 'NONE', ( #4149, #4039 ), #2245, .F. ) ;
#1240 = VERTEX_POINT ( 'NONE', #4638 ) ;
#1239 = ADVANCED_FACE ( 'NONE', ( #4168 ), #1247, .F. ) ;
#1241 = AXIS2_PLACEMENT_3D ( 'NONE', #1633, #2904, #2445 ) ;
#1242 = VERTEX_POINT ( 'NONE', #771 ) ;
#1243 = DIRECTION ( 'NONE',  ( 0.000000000000000000, 1.000000000000000000, 0.000000000000000000 ) ) ;
#1244 = DIMENSIONAL_EXPONENTS ( 1.000000000000000000, 0.000000000000000000, 0.000000000000000000, 0.000000000000000000, 0.000000000000000000, 0.000000000000000000, 0.000000000000000000 ) ;
#1245 = VERTEX_POINT ( 'NONE', #1979 ) ;
#1246 = ORIENTED_EDGE ( 'NONE', *, *, #1466, .T. ) ;
#1247 = CYLINDRICAL_SURFACE ( 'NONE', #4259, 0.01749999999999992881 ) ;
#1248 = ADVANCED_FACE ( 'NONE', ( #2003 ), #96, .T. ) ;
#1249 = CYLINDRICAL_SURFACE ( 'NONE', #1388, 0.009499999999999994560 ) ;
#1250 = CIRCLE ( 'NONE', #3354, 0.01350000000000001026 ) ;
#1251 = DIRECTION ( 'NONE',  ( -0.000000000000000000, -1.000000000000000000, -0.000000000000000000 ) ) ;
#1252 = CARTESIAN_POINT ( 'NONE',  ( -0.02499999999999999792, -1.707404996040164512E-17, 0.006499999999999997967 ) ) ;
#1253 = EDGE_LOOP ( 'NONE', ( #3330, #3473 ) ) ;
#1254 = PRESENTATION_LAYER_ASSIGNMENT (  '', '', ( #364 ) ) ;
#1255 = EDGE_LOOP ( 'NONE', ( #4339, #4970 ) ) ;
#1256 = AXIS2_PLACEMENT_3D ( 'NONE', #2584, #4509, #3768 ) ;
#1257 = CIRCLE ( 'NONE', #1978, 0.02149999999999999481 ) ;
#1258 = CYLINDRICAL_SURFACE ( 'NONE', #1566, 0.01350000000000000679 ) ;
#1259 = DIRECTION ( 'NONE',  ( 0.000000000000000000, 0.000000000000000000, 1.000000000000000000 ) ) ;
#1260 = ORIENTED_EDGE ( 'NONE', *, *, #1865, .T. ) ;
#1261 = FACE_OUTER_BOUND ( 'NONE', #2717, .T. ) ;
#1262 = AXIS2_PLACEMENT_3D ( 'NONE', #209, #2093, #1386 ) ;
#1263 = CARTESIAN_POINT ( 'NONE',  ( 0.02500000000000001180, -1.707404996040164512E-17, 0.04649999999999999967 ) ) ;
#1264 = DIRECTION ( 'NONE',  ( 0.000000000000000000, 0.000000000000000000, -1.000000000000000000 ) ) ;
#1265 = DIRECTION ( 'NONE',  ( 0.000000000000000000, 0.000000000000000000, 1.000000000000000000 ) ) ;
#1266 = DIRECTION ( 'NONE',  ( -0.000000000000000000, -1.000000000000000000, -0.000000000000000000 ) ) ;
#1267 = FACE_OUTER_BOUND ( 'NONE', #2474, .T. ) ;
#1268 = FACE_OUTER_BOUND ( 'NONE', #2225, .T. ) ;
#1269 = VERTEX_POINT ( 'NONE', #2338 ) ;
#1270 = VERTEX_POINT ( 'NONE', #4289 ) ;
#1271 = DIRECTION ( 'NONE',  ( -0.000000000000000000, -1.000000000000000000, -0.000000000000000000 ) ) ;
#1272 = EDGE_LOOP ( 'NONE', ( #788, #4889, #4782, #1357 ) ) ;
#1273 = VERTEX_POINT ( 'NONE', #2363 ) ;
#1274 = EDGE_CURVE ( 'NONE', #1169, #3080, #3794, .T. ) ;
#1275 = CARTESIAN_POINT ( 'NONE',  ( -0.02499999999999999445, 0.01499999999999997689, -0.003500000000000006144 ) ) ;
#1276 = CARTESIAN_POINT ( 'NONE',  ( -0.02499999999999999792, 0.09849999999999999034, 0.02500000000000000139 ) ) ;
#1277 = DIRECTION ( 'NONE',  ( -0.000000000000000000, -1.000000000000000000, -0.000000000000000000 ) ) ;
#1278 = EDGE_CURVE ( 'NONE', #2092, #3064, #69, .T. ) ;
#1279 = DIRECTION ( 'NONE',  ( -0.000000000000000000, -1.000000000000000000, -0.000000000000000000 ) ) ;
#1280 = ORIENTED_EDGE ( 'NONE', *, *, #876, .T. ) ;
#1281 = VECTOR ( 'NONE', #2306, 39.37007874015748143 ) ;
#1282 = AXIS2_PLACEMENT_3D ( 'NONE', #2134, #4415, #194 ) ;
#1283 = ORIENTED_EDGE ( 'NONE', *, *, #2849, .T. ) ;
#1284 = VECTOR ( 'NONE', #1148, 39.37007874015748143 ) ;
#1285 = AXIS2_PLACEMENT_3D ( 'NONE', #1475, #4845, #4472 ) ;
#1286 = FACE_BOUND ( 'NONE', #3491, .T. ) ;
#1287 = DIRECTION ( 'NONE',  ( 0.000000000000000000, 0.000000000000000000, 1.000000000000000000 ) ) ;
#1288 = ORIENTED_EDGE ( 'NONE', *, *, #2124, .T. ) ;
#1289 = FACE_OUTER_BOUND ( 'NONE', #3520, .T. ) ;
#1290 = FACE_BOUND ( 'NONE', #1114, .T. ) ;
#1291 = CARTESIAN_POINT ( 'NONE',  ( -0.07499999999999999722, 0.01499999999999997689, 0.02500000000000000139 ) ) ;
#1292 = CARTESIAN_POINT ( 'NONE',  ( -0.02499999999999999792, -1.707404996040164512E-17, -0.03449999999999999595 ) ) ;
#1293 = CYLINDRICAL_SURFACE ( 'NONE', #3189, 0.01750000000000000513 ) ;
#1294 = CARTESIAN_POINT ( 'NONE',  ( 0.07499999999999999722, 0.1260000000000000009, -0.02500000000000000139 ) ) ;
#1295 = DIRECTION ( 'NONE',  ( -0.000000000000000000, -1.000000000000000000, -0.000000000000000000 ) ) ;
#1296 = CIRCLE ( 'NONE', #4510, 0.01749999999999999820 ) ;
#1297 = ORIENTED_EDGE ( 'NONE', *, *, #298, .F. ) ;
#1298 = EDGE_LOOP ( 'NONE', ( #3338, #4314, #620, #1440, #2516 ) ) ;
#1299 = LINE ( 'NONE', #549, #4700 ) ;
#1300 = ORIENTED_EDGE ( 'NONE', *, *, #4245, .T. ) ;
#1301 = AXIS2_PLACEMENT_3D ( 'NONE', #3227, #1279, #2472 ) ;
#1302 = EDGE_LOOP ( 'NONE', ( #201, #2756 ) ) ;
#1303 = AXIS2_PLACEMENT_3D ( 'NONE', #4637, #4565, #3089 ) ;
#1304 = CARTESIAN_POINT ( 'NONE',  ( -0.07499999999999999722, 0.1247499999999999998, 0.02500000000000000139 ) ) ;
#1305 = CYLINDRICAL_SURFACE ( 'NONE', #54, 0.01750000000000000167 ) ;
#1306 = EDGE_CURVE ( 'NONE', #3839, #3370, #6, .T. ) ;
#1307 = DIRECTION ( 'NONE',  ( -0.000000000000000000, -1.000000000000000000, -0.000000000000000000 ) ) ;
#1308 = DIRECTION ( 'NONE',  ( 0.000000000000000000, -0.000000000000000000, 1.000000000000000000 ) ) ;
#1309 = ORIENTED_EDGE ( 'NONE', *, *, #4956, .F. ) ;
#1310 = ORIENTED_EDGE ( 'NONE', *, *, #3663, .T. ) ;
#1311 = CLOSED_SHELL ( 'NONE', ( #242, #1989, #4682, #547, #1344, #4185, #2662, #1406, #2916, #1857, #2244, #408, #3833, #352, #2118, #3774, #268, #2660, #4252 ) ) ;
#1312 = EDGE_CURVE ( 'NONE', #2896, #675, #4578, .T. ) ;
#1313 = ADVANCED_FACE ( 'NONE', ( #3119 ), #3894, .T. ) ;
#1314 = DIRECTION ( 'NONE',  ( -0.000000000000000000, -1.000000000000000000, -0.000000000000000000 ) ) ;
#1315 = DIRECTION ( 'NONE',  ( -0.000000000000000000, -1.000000000000000000, -0.000000000000000000 ) ) ;
#1316 = ORIENTED_EDGE ( 'NONE', *, *, #4313, .T. ) ;
#1317 = DIRECTION ( 'NONE',  ( -0.000000000000000000, -1.000000000000000000, -0.000000000000000000 ) ) ;
#1318 = FACE_BOUND ( 'NONE', #4021, .T. ) ;
#1319 = CARTESIAN_POINT ( 'NONE',  ( 0.07499999999999999722, -1.707404996040164512E-17, 0.04250000000000000999 ) ) ;
#1320 = FACE_OUTER_BOUND ( 'NONE', #3382, .T. ) ;
#1321 = DIRECTION ( 'NONE',  ( 8.659560562354932858E-17, -0.7071067811865474617, 0.7071067811865474617 ) ) ;
#1322 = CIRCLE ( 'NONE', #292, 0.01750000000000000513 ) ;
#1323 = LINE ( 'NONE', #866, #2577 ) ;
#1324 = ORIENTED_EDGE ( 'NONE', *, *, #608, .T. ) ;
#1325 = ORIENTED_EDGE ( 'NONE', *, *, #1983, .T. ) ;
#1326 = AXIS2_PLACEMENT_3D ( 'NONE', #2982, #4909, #4511 ) ;
#1327 = DIRECTION ( 'NONE',  ( 0.000000000000000000, 0.000000000000000000, -1.000000000000000000 ) ) ;
#1328 = ORIENTED_EDGE ( 'NONE', *, *, #988, .T. ) ;
#1329 = ORIENTED_EDGE ( 'NONE', *, *, #1802, .F. ) ;
#1330 = AXIS2_PLACEMENT_3D ( 'NONE', #328, #3020, #1391 ) ;
#1331 = CYLINDRICAL_SURFACE ( 'NONE', #1567, 0.01850000000000000255 ) ;
#1332 = DIRECTION ( 'NONE',  ( -0.000000000000000000, -1.000000000000000000, -0.000000000000000000 ) ) ;
#1333 = VERTEX_POINT ( 'NONE', #847 ) ;
#1334 = DIRECTION ( 'NONE',  ( 0.000000000000000000, 0.000000000000000000, -1.000000000000000000 ) ) ;
#1335 = LINE ( 'NONE', #3664, #2594 ) ;
#1336 = CIRCLE ( 'NONE', #2465, 0.01850000000000000255 ) ;
#1337 = VERTEX_POINT ( 'NONE', #793 ) ;
#1338 = DIRECTION ( 'NONE',  ( 0.000000000000000000, 0.000000000000000000, -1.000000000000000000 ) ) ;
#1339 = CONICAL_SURFACE ( 'NONE', #2624, 0.01624999999999999709, 0.7853981633974482790 ) ;
#1340 = DIRECTION ( 'NONE',  ( 0.000000000000000000, 0.000000000000000000, 1.000000000000000000 ) ) ;
#1341 = ORIENTED_EDGE ( 'NONE', *, *, #4875, .F. ) ;
#1342 = FACE_OUTER_BOUND ( 'NONE', #1253, .T. ) ;
#1343 = EDGE_CURVE ( 'NONE', #2558, #2621, #1147, .T. ) ;
#1344 = ADVANCED_FACE ( 'NONE', ( #391 ), #1932, .T. ) ;
#1345 = FACE_OUTER_BOUND ( 'NONE', #2917, .T. ) ;
#1346 = DIRECTION ( 'NONE',  ( 0.000000000000000000, 1.000000000000000000, 0.000000000000000000 ) ) ;
#1347 = DIRECTION ( 'NONE',  ( 0.000000000000000000, 0.000000000000000000, -1.000000000000000000 ) ) ;
#1348 = CARTESIAN_POINT ( 'NONE',  ( -0.02499999999999999792, 0.01499999999999997689, 0.003500000000000006144 ) ) ;
#1349 = CIRCLE ( 'NONE', #3691, 0.02150000000000000175 ) ;
#1350 = CARTESIAN_POINT ( 'NONE',  ( -0.02499999999999999792, 0.008999999999999975034, 0.006499999999999997967 ) ) ;
#1351 = EDGE_CURVE ( 'NONE', #2383, #1903, #3164, .T. ) ;
#1352 = CARTESIAN_POINT ( 'NONE',  ( 0.02500000000000000486, -1.707404996040164512E-17, -0.04350000000000001088 ) ) ;
#1353 = ORIENTED_EDGE ( 'NONE', *, *, #3291, .F. ) ;
#1354 = ORIENTED_EDGE ( 'NONE', *, *, #4474, .F. ) ;
#1355 = DIRECTION ( 'NONE',  ( 1.224646799147353207E-16, -0.000000000000000000, 1.000000000000000000 ) ) ;
#1356 = ORIENTED_EDGE ( 'NONE', *, *, #2126, .F. ) ;
#1357 = ORIENTED_EDGE ( 'NONE', *, *, #2753, .F. ) ;
#1358 = DIRECTION ( 'NONE',  ( 0.000000000000000000, 0.000000000000000000, -1.000000000000000000 ) ) ;
#1359 = VERTEX_POINT ( 'NONE', #3919 ) ;
#1360 = DIRECTION ( 'NONE',  ( 0.000000000000000000, 0.000000000000000000, 1.000000000000000000 ) ) ;
#1361 = CIRCLE ( 'NONE', #2892, 0.01750000000000000167 ) ;
#1362 = CARTESIAN_POINT ( 'NONE',  ( -0.07499999999999999722, 0.1565000000000000280, -0.03449999999999999595 ) ) ;
#1363 = CARTESIAN_POINT ( 'NONE',  ( 0.02500000000000000486, 0.1260000000000000009, -0.02500000000000000139 ) ) ;
#1364 = AXIS2_PLACEMENT_3D ( 'NONE', #1304, #4402, #1655 ) ;
#1365 = CARTESIAN_POINT ( 'NONE',  ( 0.07499999999999998335, 0.1565000000000000280, -0.02500000000000000139 ) ) ;
#1366 = DIRECTION ( 'NONE',  ( 1.000000000000000000, 0.000000000000000000, 0.000000000000000000 ) ) ;
#1367 = ORIENTED_EDGE ( 'NONE', *, *, #2549, .T. ) ;
#1368 = DIRECTION ( 'NONE',  ( 0.000000000000000000, 0.000000000000000000, -1.000000000000000000 ) ) ;
#1369 = CARTESIAN_POINT ( 'NONE',  ( -0.02499999999999999792, -1.707404996040164512E-17, 0.007500000000000001457 ) ) ;
#1370 = EDGE_LOOP ( 'NONE', ( #2407, #2319, #3258, #1189 ) ) ;
#1371 = AXIS2_PLACEMENT_3D ( 'NONE', #1004, #3299, #2019 ) ;
#1372 = EDGE_CURVE ( 'NONE', #1408, #229, #1296, .T. ) ;
#1373 = EDGE_CURVE ( 'NONE', #2502, #2092, #2685, .T. ) ;
#1374 = LINE ( 'NONE', #2135, #3751 ) ;
#1375 = DIRECTION ( 'NONE',  ( -1.000000000000000000, 0.000000000000000000, 0.000000000000000000 ) ) ;
#1376 = CARTESIAN_POINT ( 'NONE',  ( 0.02500000000000000486, 0.01499999999999997689, -0.02500000000000000139 ) ) ;
#1377 = DIRECTION ( 'NONE',  ( 0.000000000000000000, 0.000000000000000000, 1.000000000000000000 ) ) ;
#1378 = ORIENTED_EDGE ( 'NONE', *, *, #3408, .F. ) ;
#1379 = EDGE_CURVE ( 'NONE', #3213, #3943, #2659, .T. ) ;
#1380 = ADVANCED_FACE ( 'NONE', ( #873 ), #1553, .T. ) ;
#1381 = CARTESIAN_POINT ( 'NONE',  ( 0.02500000000000000486, 0.1260000000000000009, 0.03449999999999999595 ) ) ;
#1382 = EDGE_LOOP ( 'NONE', ( #1297, #2336, #2565, #2878 ) ) ;
#1383 = CIRCLE ( 'NONE', #336, 0.01850000000000000949 ) ;
#1384 = FACE_OUTER_BOUND ( 'NONE', #4121, .T. ) ;
#1385 = EDGE_LOOP ( 'NONE', ( #837, #422 ) ) ;
#1386 = DIRECTION ( 'NONE',  ( 0.000000000000000000, 0.000000000000000000, -1.000000000000000000 ) ) ;
#1387 = CIRCLE ( 'NONE', #1941, 0.009499999999999994560 ) ;
#1388 = AXIS2_PLACEMENT_3D ( 'NONE', #155, #494, #2843 ) ;
#1389 = DIRECTION ( 'NONE',  ( 8.659560562354932858E-17, -0.7071067811865474617, 0.7071067811865474617 ) ) ;
#1390 = AXIS2_PLACEMENT_3D ( 'NONE', #3669, #4781, #3582 ) ;
#1391 = DIRECTION ( 'NONE',  ( 1.000000000000000000, 0.000000000000000000, 0.000000000000000000 ) ) ;
#1392 = DIRECTION ( 'NONE',  ( 0.000000000000000000, 0.000000000000000000, -1.000000000000000000 ) ) ;
#1393 = VERTEX_POINT ( 'NONE', #4615 ) ;
#1394 = CARTESIAN_POINT ( 'NONE',  ( -0.02499999999999999792, 0.1260000000000000009, -0.02500000000000000139 ) ) ;
#1395 = DIRECTION ( 'NONE',  ( 0.000000000000000000, 0.000000000000000000, 1.000000000000000000 ) ) ;
#1396 = VERTEX_POINT ( 'NONE', #1171 ) ;
#1397 = CARTESIAN_POINT ( 'NONE',  ( -0.02499999999999999792, -1.707404996040164512E-17, 0.02500000000000000139 ) ) ;
#1398 = CARTESIAN_POINT ( 'NONE',  ( 0.02500000000000000486, 0.09849999999999999034, -0.007500000000000003192 ) ) ;
#1399 = DIRECTION ( 'NONE',  ( -0.000000000000000000, -1.000000000000000000, -0.000000000000000000 ) ) ;
#1400 = EDGE_CURVE ( 'NONE', #3851, #2015, #1061, .T. ) ;
#1401 = EDGE_LOOP ( 'NONE', ( #2519, #116, #842, #2026, #1341 ) ) ;
#1402 = DIRECTION ( 'NONE',  ( 0.000000000000000000, 0.000000000000000000, -1.000000000000000000 ) ) ;
#1403 = ORIENTED_EDGE ( 'NONE', *, *, #4846, .F. ) ;
#1404 = CIRCLE ( 'NONE', #3506, 0.009499999999999994560 ) ;
#1405 = EDGE_CURVE ( 'NONE', #1572, #959, #182, .T. ) ;
#1406 = ADVANCED_FACE ( 'NONE', ( #3070, #1959 ), #421, .F. ) ;
#1407 = CARTESIAN_POINT ( 'NONE',  ( -0.02499999999999999792, 0.1247499999999999998, -0.007500000000000001457 ) ) ;
#1408 = VERTEX_POINT ( 'NONE', #4267 ) ;
#1409 = CARTESIAN_POINT ( 'NONE',  ( 0.07499999999999999722, -1.707404996040164512E-17, -0.02500000000000000139 ) ) ;
#1410 = DIRECTION ( 'NONE',  ( 0.000000000000000000, 1.000000000000000000, 0.000000000000000000 ) ) ;
#1411 = EDGE_CURVE ( 'NONE', #3470, #687, #1700, .T. ) ;
#1412 = LINE ( 'NONE', #2994, #2750 ) ;
#1413 = AXIS2_PLACEMENT_3D ( 'NONE', #3271, #141, #2136 ) ;
#1414 = DIRECTION ( 'NONE',  ( 0.000000000000000000, 0.000000000000000000, -1.000000000000000000 ) ) ;
#1415 = CARTESIAN_POINT ( 'NONE',  ( -0.02499999999999999792, 0.02350000000000000352, -0.02500000000000000139 ) ) ;
#1416 = ORIENTED_EDGE ( 'NONE', *, *, #3568, .T. ) ;
#1417 = CARTESIAN_POINT ( 'NONE',  ( 0.07499999999999999722, 0.1260000000000000009, 0.04125000000000000194 ) ) ;
#1418 = CIRCLE ( 'NONE', #3822, 0.009499999999999994560 ) ;
#1419 = EDGE_LOOP ( 'NONE', ( #1676, #4215, #469, #1675 ) ) ;
#1420 = CARTESIAN_POINT ( 'NONE',  ( 0.07499999999999999722, -1.707404996040164512E-17, -0.04649999999999999967 ) ) ;
#1421 = AXIS2_PLACEMENT_3D ( 'NONE', #3019, #1173, #4238 ) ;
#1422 = DIRECTION ( 'NONE',  ( 0.000000000000000000, 0.000000000000000000, 1.000000000000000000 ) ) ;
#1423 = DIRECTION ( 'NONE',  ( -0.000000000000000000, 1.000000000000000000, -0.000000000000000000 ) ) ;
#1424 = STYLED_ITEM ( 'NONE', ( #4604 ), #3399 ) ;
#1425 = AXIS2_PLACEMENT_3D ( 'NONE', #4529, #4442, #1866 ) ;
#1426 = CIRCLE ( 'NONE', #142, 0.01350000000000001026 ) ;
#1427 = FACE_OUTER_BOUND ( 'NONE', #4426, .T. ) ;
#1428 = EDGE_LOOP ( 'NONE', ( #2142, #101 ) ) ;
#1429 = LINE ( 'NONE', #4538, #1688 ) ;
#1430 = ORIENTED_EDGE ( 'NONE', *, *, #4416, .F. ) ;
#1431 = ADVANCED_FACE ( 'NONE', ( #73 ), #851, .F. ) ;
#1433 = ORIENTED_EDGE ( 'NONE', *, *, #4875, .T. ) ;
#1432 = DIRECTION ( 'NONE',  ( -0.000000000000000000, -1.000000000000000000, -0.000000000000000000 ) ) ;
#1434 = EDGE_CURVE ( 'NONE', #2869, #1140, #2985, .T. ) ;
#1435 = DIRECTION ( 'NONE',  ( -0.000000000000000000, -1.000000000000000000, -0.000000000000000000 ) ) ;
#1436 = VERTEX_POINT ( 'NONE', #1128 ) ;
#1437 = ADVANCED_FACE ( 'NONE', ( #1225 ), #3849, .T. ) ;
#1438 = CARTESIAN_POINT ( 'NONE',  ( 0.02500000000000000486, 0.008999999999999975034, 0.03850000000000001338 ) ) ;
#1439 = CARTESIAN_POINT ( 'NONE',  ( -0.04249999999999999611, 0.02349999999999998618, 0.02500000000000000139 ) ) ;
#1440 = ORIENTED_EDGE ( 'NONE', *, *, #111, .F. ) ;
#1441 = CARTESIAN_POINT ( 'NONE',  ( -0.07499999999999999722, 0.02350000000000000352, -0.02500000000000000139 ) ) ;
#1442 = ORIENTED_EDGE ( 'NONE', *, *, #673, .F. ) ;
#1443 = DIRECTION ( 'NONE',  ( 0.000000000000000000, 0.000000000000000000, -1.000000000000000000 ) ) ;
#1444 = DIRECTION ( 'NONE',  ( -0.000000000000000000, -1.000000000000000000, -0.000000000000000000 ) ) ;
#1445 = DIRECTION ( 'NONE',  ( -0.000000000000000000, -1.000000000000000000, -0.000000000000000000 ) ) ;
#1446 = AXIS2_PLACEMENT_3D ( 'NONE', #979, #3651, #3244 ) ;
#1447 = DIRECTION ( 'NONE',  ( 0.000000000000000000, 0.000000000000000000, -1.000000000000000000 ) ) ;
#1448 = EDGE_LOOP ( 'NONE', ( #1328, #2899, #2228, #1621 ) ) ;
#1449 = CIRCLE ( 'NONE', #2333, 0.01350000000000000679 ) ;
#1450 = DIRECTION ( 'NONE',  ( 0.000000000000000000, 0.000000000000000000, -1.000000000000000000 ) ) ;
#1451 = ORIENTED_EDGE ( 'NONE', *, *, #4211, .F. ) ;
#1452 = DIRECTION ( 'NONE',  ( -0.000000000000000000, -1.000000000000000000, -0.000000000000000000 ) ) ;
#1453 = AXIS2_PLACEMENT_3D ( 'NONE', #825, #52, #4953 ) ;
#1454 = CYLINDRICAL_SURFACE ( 'NONE', #4760, 0.01350000000000001026 ) ;
#1455 = EDGE_CURVE ( 'NONE', #3502, #2036, #896, .T. ) ;
#1456 = ORIENTED_EDGE ( 'NONE', *, *, #877, .F. ) ;
#1457 = AXIS2_PLACEMENT_3D ( 'NONE', #4237, #4665, #1585 ) ;
#1458 = CARTESIAN_POINT ( 'NONE',  ( -0.02499999999999999792, -1.707404996040164512E-17, 0.003500000000000006144 ) ) ;
#1459 = AXIS2_PLACEMENT_3D ( 'NONE', #2412, #1332, #2871 ) ;
#1460 = LINE ( 'NONE', #1843, #1584 ) ;
#1461 = ORIENTED_EDGE ( 'NONE', *, *, #726, .T. ) ;
#1462 = DIRECTION ( 'NONE',  ( 0.000000000000000000, 0.000000000000000000, -1.000000000000000000 ) ) ;
#1463 = EDGE_CURVE ( 'NONE', #4620, #3749, #4570, .T. ) ;
#1464 = EDGE_CURVE ( 'NONE', #2384, #2645, #4346, .T. ) ;
#1465 = EDGE_LOOP ( 'NONE', ( #900, #4813, #3913, #1820 ) ) ;
#1466 = EDGE_CURVE ( 'NONE', #4235, #62, #583, .T. ) ;
#1467 = AXIS2_PLACEMENT_3D ( 'NONE', #2795, #4695, #2743 ) ;
#1468 = CARTESIAN_POINT ( 'NONE',  ( 0.07499999999999999722, -1.707404996040164512E-17, -0.006499999999999997967 ) ) ;
#1469 =( NAMED_UNIT ( * ) SI_UNIT ( $, .STERADIAN. ) SOLID_ANGLE_UNIT ( ) );
#1470 = AXIS2_PLACEMENT_3D ( 'NONE', #2661, #843, #1579 ) ;
#1471 = FACE_OUTER_BOUND ( 'NONE', #446, .T. ) ;
#1472 = EDGE_CURVE ( 'NONE', #1245, #3056, #4642, .T. ) ;
#1473 = CARTESIAN_POINT ( 'NONE',  ( -0.07499999999999999722, 0.1260000000000000009, 0.02500000000000000139 ) ) ;
#1474 = ORIENTED_EDGE ( 'NONE', *, *, #3410, .T. ) ;
#1475 = CARTESIAN_POINT ( 'NONE',  ( 0.07499999999999999722, -1.707404996040164512E-17, 0.02500000000000000139 ) ) ;
#1476 = ORIENTED_EDGE ( 'NONE', *, *, #1214, .F. ) ;
#1477 = DIRECTION ( 'NONE',  ( -0.000000000000000000, -1.000000000000000000, -0.000000000000000000 ) ) ;
#1478 = CARTESIAN_POINT ( 'NONE',  ( 0.07499999999999999722, 0.1260000000000000009, -0.02500000000000000139 ) ) ;
#1479 = CIRCLE ( 'NONE', #4137, 0.01350000000000001026 ) ;
#1480 = CARTESIAN_POINT ( 'NONE',  ( -0.07499999999999999722, 0.1565000000000000280, 0.03449999999999999595 ) ) ;
#1481 = FACE_BOUND ( 'NONE', #4919, .T. ) ;
#1482 = AXIS2_PLACEMENT_3D ( 'NONE', #1231, #2826, #3174 ) ;
#1483 = CARTESIAN_POINT ( 'NONE',  ( -0.02499999999999999792, 0.02349999999999998618, -0.02500000000000000139 ) ) ;
#1484 = CARTESIAN_POINT ( 'NONE',  ( 0.07499999999999999722, 0.02349999999999998618, 0.04250000000000000999 ) ) ;
#1485 = ORIENTED_EDGE ( 'NONE', *, *, #1434, .F. ) ;
#1486 = EDGE_LOOP ( 'NONE', ( #3289, #3610 ) ) ;
#1487 = CIRCLE ( 'NONE', #2289, 0.009499999999999994560 ) ;
#1488 = EDGE_CURVE ( 'NONE', #4611, #4074, #3069, .T. ) ;
#1489 = FACE_OUTER_BOUND ( 'NONE', #962, .T. ) ;
#1490 = ADVANCED_FACE ( 'NONE', ( #1200 ), #4192, .T. ) ;
#1491 = DIRECTION ( 'NONE',  ( 0.000000000000000000, 0.000000000000000000, -1.000000000000000000 ) ) ;
#1492 = AXIS2_PLACEMENT_3D ( 'NONE', #1598, #1951, #118 ) ;
#1493 = LENGTH_MEASURE_WITH_UNIT ( LENGTH_MEASURE( 0.02539999999999999897 ), #314 );
#1494 = ADVANCED_FACE ( 'NONE', ( #3452, #4976 ), #4619, .F. ) ;
#1495 = EDGE_LOOP ( 'NONE', ( #2205, #500, #2097, #4072 ) ) ;
#1496 = AXIS2_PLACEMENT_3D ( 'NONE', #3600, #3704, #519 ) ;
#1497 = CARTESIAN_POINT ( 'NONE',  ( 0.07499999999999999722, 0.008999999999999975034, -0.03850000000000001338 ) ) ;
#1498 = VERTEX_POINT ( 'NONE', #823 ) ;
#1500 = ORIENTED_EDGE ( 'NONE', *, *, #2887, .T. ) ;
#1499 = DIRECTION ( 'NONE',  ( -0.000000000000000000, 1.000000000000000000, -0.000000000000000000 ) ) ;
#1501 = CARTESIAN_POINT ( 'NONE',  ( 0.07499999999999999722, 0.1247499999999999998, -0.02500000000000000139 ) ) ;
#1502 = CIRCLE ( 'NONE', #2159, 0.01350000000000000679 ) ;
#1503 = DIRECTION ( 'NONE',  ( -0.000000000000000000, 1.000000000000000000, -0.000000000000000000 ) ) ;
#1504 = CARTESIAN_POINT ( 'NONE',  ( -0.07499999999999999722, 0.02350000000000000352, -0.04249999999999999611 ) ) ;
#1505 = PLANE ( 'NONE',  #2610 ) ;
#1506 = CARTESIAN_POINT ( 'NONE',  ( -0.07499999999999999722, 0.02349999999999998618, -0.04649999999999999967 ) ) ;
#1507 = VERTEX_POINT ( 'NONE', #3478 ) ;
#1508 = CARTESIAN_POINT ( 'NONE',  ( 0.07499999999999998335, 0.1565000000000000280, -0.02500000000000000139 ) ) ;
#1509 = ORIENTED_EDGE ( 'NONE', *, *, #4580, .T. ) ;
#1510 = CARTESIAN_POINT ( 'NONE',  ( -0.07499999999999999722, 0.01499999999999997689, -0.02500000000000000139 ) ) ;
#1511 = DIRECTION ( 'NONE',  ( -0.000000000000000000, -1.000000000000000000, -0.000000000000000000 ) ) ;
#1512 = EDGE_CURVE ( 'NONE', #3384, #1929, #3477, .T. ) ;
#1513 = FACE_OUTER_BOUND ( 'NONE', #3925, .T. ) ;
#1514 = ORIENTED_EDGE ( 'NONE', *, *, #1680, .F. ) ;
#1515 = CONICAL_SURFACE ( 'NONE', #3456, 0.01624999999999999709, 0.7853981633974482790 ) ;
#1516 = ADVANCED_FACE ( 'NONE', ( #3873 ), #445, .T. ) ;
#1517 = DIRECTION ( 'NONE',  ( -0.000000000000000000, -1.000000000000000000, -0.000000000000000000 ) ) ;
#1518 = ADVANCED_FACE ( 'NONE', ( #3637, #4031 ), #1713, .F. ) ;
#1519 = EDGE_CURVE ( 'NONE', #2850, #2383, #1387, .T. ) ;
#1520 =( GEOMETRIC_REPRESENTATION_CONTEXT ( 3 ) GLOBAL_UNCERTAINTY_ASSIGNED_CONTEXT ( ( #4819 ) ) GLOBAL_UNIT_ASSIGNED_CONTEXT ( ( #2175, #3869, #4973 ) ) REPRESENTATION_CONTEXT ( 'NONE', 'WORKASPACE' ) );
#1521 = EDGE_LOOP ( 'NONE', ( #2252, #4464, #815, #3115 ) ) ;
#1522 = CIRCLE ( 'NONE', #4334, 0.01350000000000000679 ) ;
#1524 = ORIENTED_EDGE ( 'NONE', *, *, #2807, .F. ) ;
#1523 = DIRECTION ( 'NONE',  ( 0.000000000000000000, -0.000000000000000000, 1.000000000000000000 ) ) ;
#1525 = ORIENTED_EDGE ( 'NONE', *, *, #4319, .T. ) ;
#1526 = EDGE_LOOP ( 'NONE', ( #1928, #2757 ) ) ;
#1527 = FACE_OUTER_BOUND ( 'NONE', #915, .T. ) ;
#1528 = DIRECTION ( 'NONE',  ( -0.000000000000000000, -1.000000000000000000, -0.000000000000000000 ) ) ;
#1529 = DIRECTION ( 'NONE',  ( -0.000000000000000000, -1.000000000000000000, -0.000000000000000000 ) ) ;
#1530 = CIRCLE ( 'NONE', #4253, 0.01750000000000000513 ) ;
#1531 = CARTESIAN_POINT ( 'NONE',  ( -0.09650000000000000244, 0.01499999999999997689, 0.02500000000000000139 ) ) ;
#1532 = ORIENTED_EDGE ( 'NONE', *, *, #4899, .T. ) ;
#1533 = CARTESIAN_POINT ( 'NONE',  ( -0.02499999999999999792, -1.707404996040164512E-17, 0.02500000000000000139 ) ) ;
#1534 = AXIS2_PLACEMENT_3D ( 'NONE', #2393, #3143, #3899 ) ;
#1535 = EDGE_LOOP ( 'NONE', ( #1732, #3665, #2460, #431 ) ) ;
#1536 = DIRECTION ( 'NONE',  ( 0.000000000000000000, 0.000000000000000000, -1.000000000000000000 ) ) ;
#1537 = VECTOR ( 'NONE', #3974, 39.37007874015748143 ) ;
#1538 = DIRECTION ( 'NONE',  ( -0.000000000000000000, -1.000000000000000000, -0.000000000000000000 ) ) ;
#1539 = CARTESIAN_POINT ( 'NONE',  ( -0.02499999999999999792, 0.1565000000000000280, -0.02500000000000000139 ) ) ;
#1540 = CIRCLE ( 'NONE', #4043, 0.009499999999999994560 ) ;
#1541 = CYLINDRICAL_SURFACE ( 'NONE', #230, 0.02150000000000000175 ) ;
#1542 = ORIENTED_EDGE ( 'NONE', *, *, #1274, .T. ) ;
#1543 = ADVANCED_FACE ( 'NONE', ( #992 ), #2791, .F. ) ;
#1544 = CLOSED_SHELL ( 'NONE', ( #1437, #3038, #112, #4816, #4961, #2946, #3401, #3441, #1870, #834, #2150, #3915, #3746, #3597, #3196, #3778, #1205, #2083, #2078 ) ) ;
#1545 = DIRECTION ( 'NONE',  ( 0.000000000000000000, 0.000000000000000000, -1.000000000000000000 ) ) ;
#1546 = ORIENTED_EDGE ( 'NONE', *, *, #3410, .F. ) ;
#1548 = ORIENTED_EDGE ( 'NONE', *, *, #3884, .T. ) ;
#1547 = DIRECTION ( 'NONE',  ( 0.000000000000000000, 0.000000000000000000, -1.000000000000000000 ) ) ;
#1549 = ORIENTED_EDGE ( 'NONE', *, *, #2237, .F. ) ;
#1550 = ORIENTED_EDGE ( 'NONE', *, *, #3005, .F. ) ;
#1551 = EDGE_CURVE ( 'NONE', #2937, #2369, #1335, .T. ) ;
#1552 = CARTESIAN_POINT ( 'NONE',  ( 0.07499999999999999722, 0.1260000000000000009, -0.02500000000000000139 ) ) ;
#1553 = CYLINDRICAL_SURFACE ( 'NONE', #93, 0.02149999999999999481 ) ;
#1554 = FACE_OUTER_BOUND ( 'NONE', #102, .T. ) ;
#1555 = DIRECTION ( 'NONE',  ( -0.000000000000000000, 1.000000000000000000, -0.000000000000000000 ) ) ;
#1556 = EDGE_CURVE ( 'NONE', #545, #4235, #2094, .T. ) ;
#1557 = EDGE_CURVE ( 'NONE', #310, #1960, #4833, .T. ) ;
#1558 = DIRECTION ( 'NONE',  ( 0.000000000000000000, 0.000000000000000000, 1.000000000000000000 ) ) ;
#1559 = ORIENTED_EDGE ( 'NONE', *, *, #2807, .T. ) ;
#1560 = FACE_OUTER_BOUND ( 'NONE', #3670, .T. ) ;
#1561 = CIRCLE ( 'NONE', #923, 0.01749999999999999820 ) ;
#1562 = EDGE_LOOP ( 'NONE', ( #3656, #1597 ) ) ;
#1563 = CARTESIAN_POINT ( 'NONE',  ( -0.02499999999999999792, 0.1260000000000000009, -0.02500000000000000139 ) ) ;
#1564 = DIRECTION ( 'NONE',  ( -0.000000000000000000, -1.000000000000000000, -0.000000000000000000 ) ) ;
#1565 = CARTESIAN_POINT ( 'NONE',  ( 0.07499999999999999722, -1.707404996040164512E-17, 0.02500000000000000139 ) ) ;
#1566 = AXIS2_PLACEMENT_3D ( 'NONE', #3203, #3233, #4755 ) ;
#1567 = AXIS2_PLACEMENT_3D ( 'NONE', #1707, #2467, #552 ) ;
#1568 = AXIS2_PLACEMENT_3D ( 'NONE', #1376, #3243, #2431 ) ;
#1569 = CARTESIAN_POINT ( 'NONE',  ( -0.03449999999999999595, 0.1565000000000000280, 0.02500000000000000139 ) ) ;
#1570 = CIRCLE ( 'NONE', #3987, 0.009499999999999994560 ) ;
#1571 = CARTESIAN_POINT ( 'NONE',  ( 0.02500000000000001180, 0.01499999999999997689, 0.04649999999999999967 ) ) ;
#1572 = VERTEX_POINT ( 'NONE', #1684 ) ;
#1573 = VERTEX_POINT ( 'NONE', #4719 ) ;
#1574 = CIRCLE ( 'NONE', #4392, 0.009499999999999994560 ) ;
#1575 = FACE_OUTER_BOUND ( 'NONE', #2012, .T. ) ;
#1576 = ORIENTED_EDGE ( 'NONE', *, *, #3958, .F. ) ;
#1577 = CIRCLE ( 'NONE', #2698, 0.01624999999999999709 ) ;
#1578 = VERTEX_POINT ( 'NONE', #1362 ) ;
#1579 = DIRECTION ( 'NONE',  ( 0.000000000000000000, 0.000000000000000000, -1.000000000000000000 ) ) ;
#1580 = DIRECTION ( 'NONE',  ( -0.000000000000000000, -1.000000000000000000, -0.000000000000000000 ) ) ;
#1581 = EDGE_CURVE ( 'NONE', #330, #925, #1134, .T. ) ;
#1582 = EDGE_CURVE ( 'NONE', #275, #2398, #2664, .T. ) ;
#1583 = CARTESIAN_POINT ( 'NONE',  ( -0.07499999999999999722, 0.1565000000000000280, -0.02500000000000000139 ) ) ;
#1584 = VECTOR ( 'NONE', #1555, 39.37007874015748143 ) ;
#1585 = DIRECTION ( 'NONE',  ( 0.000000000000000000, 0.000000000000000000, -1.000000000000000000 ) ) ;
#1586 = EDGE_LOOP ( 'NONE', ( #4285, #1729 ) ) ;
#1587 = LINE ( 'NONE', #4242, #4904 ) ;
#1588 = ORIENTED_EDGE ( 'NONE', *, *, #883, .T. ) ;
#1589 = AXIS2_PLACEMENT_3D ( 'NONE', #3166, #71, #3526 ) ;
#1590 = EDGE_CURVE ( 'NONE', #40, #4310, #4805, .T. ) ;
#1591 = DIRECTION ( 'NONE',  ( -0.000000000000000000, -1.000000000000000000, -0.000000000000000000 ) ) ;
#1592 = DIRECTION ( 'NONE',  ( 0.000000000000000000, 0.000000000000000000, 1.000000000000000000 ) ) ;
#1593 = DIRECTION ( 'NONE',  ( 0.000000000000000000, 0.000000000000000000, -1.000000000000000000 ) ) ;
#1594 = DIRECTION ( 'NONE',  ( 0.000000000000000000, 0.000000000000000000, -1.000000000000000000 ) ) ;
#1595 = DIRECTION ( 'NONE',  ( -0.000000000000000000, -1.000000000000000000, -0.000000000000000000 ) ) ;
#1596 = ORIENTED_EDGE ( 'NONE', *, *, #207, .F. ) ;
#1597 = ORIENTED_EDGE ( 'NONE', *, *, #2458, .T. ) ;
#1598 = CARTESIAN_POINT ( 'NONE',  ( 0.02500000000000000486, -1.707404996040164512E-17, -0.02500000000000000139 ) ) ;
#1599 = ORIENTED_EDGE ( 'NONE', *, *, #1379, .T. ) ;
#1600 = ORIENTED_EDGE ( 'NONE', *, *, #3524, .T. ) ;
#1601 = CARTESIAN_POINT ( 'NONE',  ( -0.02499999999999999792, 0.09849999999999999034, 0.04249999999999993366 ) ) ;
#1602 = DIRECTION ( 'NONE',  ( 0.000000000000000000, 0.000000000000000000, -1.000000000000000000 ) ) ;
#1603 = DIRECTION ( 'NONE',  ( 0.000000000000000000, 0.000000000000000000, 1.000000000000000000 ) ) ;
#1604 = AXIS2_PLACEMENT_3D ( 'NONE', #2331, #11, #3110 ) ;
#1605 = DIRECTION ( 'NONE',  ( -1.000000000000000000, 0.000000000000000000, 0.000000000000000000 ) ) ;
#1606 = DIRECTION ( 'NONE',  ( -0.000000000000000000, -1.000000000000000000, -0.000000000000000000 ) ) ;
#1607 = ORIENTED_EDGE ( 'NONE', *, *, #1038, .F. ) ;
#1608 =( LENGTH_UNIT ( ) NAMED_UNIT ( * ) SI_UNIT ( $, .METRE. ) );
#1609 = EDGE_CURVE ( 'NONE', #2464, #2517, #901, .T. ) ;
#1610 = VERTEX_POINT ( 'NONE', #967 ) ;
#1611 = DIRECTION ( 'NONE',  ( -0.000000000000000000, -1.000000000000000000, -0.000000000000000000 ) ) ;
#1612 = CARTESIAN_POINT ( 'NONE',  ( 0.07499999999999999722, -1.707404996040164512E-17, -0.02500000000000000139 ) ) ;
#1613 = CARTESIAN_POINT ( 'NONE',  ( 0.02500000000000000486, 0.1260000000000000009, 0.01550000000000000856 ) ) ;
#1614 = EDGE_CURVE ( 'NONE', #551, #2436, #2830, .T. ) ;
#1615 = FACE_OUTER_BOUND ( 'NONE', #1077, .T. ) ;
#1616 = AXIS2_PLACEMENT_3D ( 'NONE', #746, #1748, #1721 ) ;
#1617 = EDGE_CURVE ( 'NONE', #4011, #1138, #157, .T. ) ;
#1618 = FACE_BOUND ( 'NONE', #3598, .T. ) ;
#1619 = VERTEX_POINT ( 'NONE', #3949 ) ;
#1620 = VECTOR ( 'NONE', #1966, 39.37007874015748143 ) ;
#1621 = ORIENTED_EDGE ( 'NONE', *, *, #465, .F. ) ;
#1622 = DIRECTION ( 'NONE',  ( -0.000000000000000000, -1.000000000000000000, -0.000000000000000000 ) ) ;
#1623 = ORIENTED_EDGE ( 'NONE', *, *, #2520, .T. ) ;
#1624 = VERTEX_POINT ( 'NONE', #1658 ) ;
#1625 = AXIS2_PLACEMENT_3D ( 'NONE', #1478, #2570, #635 ) ;
#1626 = DIRECTION ( 'NONE',  ( -0.000000000000000000, -1.000000000000000000, -0.000000000000000000 ) ) ;
#1627 = DIRECTION ( 'NONE',  ( 0.000000000000000000, -1.000000000000000000, -0.000000000000000000 ) ) ;
#1628 = CARTESIAN_POINT ( 'NONE',  ( 0.07499999999999998335, 0.1565000000000000280, -0.02500000000000000139 ) ) ;
#1629 = CARTESIAN_POINT ( 'NONE',  ( -0.07499999999999999722, 0.1247499999999999998, -0.02500000000000000139 ) ) ;
#1630 = ORIENTED_EDGE ( 'NONE', *, *, #3462, .T. ) ;
#1631 = DIMENSIONAL_EXPONENTS ( 1.000000000000000000, 0.000000000000000000, 0.000000000000000000, 0.000000000000000000, 0.000000000000000000, 0.000000000000000000, 0.000000000000000000 ) ;
#1632 = EDGE_LOOP ( 'NONE', ( #3071, #1193, #1161, #3623 ) ) ;
#1633 = CARTESIAN_POINT ( 'NONE',  ( 0.06550000000000000266, 0.1260000000000000009, -0.02500000000000000139 ) ) ;
#1634 = PLANE ( 'NONE',  #2596 ) ;
#1635 = ORIENTED_EDGE ( 'NONE', *, *, #2528, .F. ) ;
#1636 = CARTESIAN_POINT ( 'NONE',  ( 0.02500000000000000486, 0.1565000000000000280, 0.01550000000000000856 ) ) ;
#1637 = DIRECTION ( 'NONE',  ( 0.000000000000000000, 0.000000000000000000, -1.000000000000000000 ) ) ;
#1638 = LINE ( 'NONE', #4677, #649 ) ;
#1639 = AXIS2_PLACEMENT_3D ( 'NONE', #4249, #1158, #3536 ) ;
#1640 = DIMENSIONAL_EXPONENTS ( 1.000000000000000000, 0.000000000000000000, 0.000000000000000000, 0.000000000000000000, 0.000000000000000000, 0.000000000000000000, 0.000000000000000000 ) ;
#1641 = ADVANCED_FACE ( 'NONE', ( #2035 ), #3200, .T. ) ;
#1642 = EDGE_CURVE ( 'NONE', #1875, #1138, #1790, .T. ) ;
#1643 = LINE ( 'NONE', #596, #1814 ) ;
#1644 = LINE ( 'NONE', #4277, #53 ) ;
#1645 = CARTESIAN_POINT ( 'NONE',  ( 0.02500000000000000486, -1.707404996040164512E-17, 0.02500000000000000139 ) ) ;
#1646 = CIRCLE ( 'NONE', #1330, 0.009499999999999985886 ) ;
#1647 = CARTESIAN_POINT ( 'NONE',  ( 0.05650000000000000161, 0.008999999999999975034, -0.02500000000000000139 ) ) ;
#1648 = ORIENTED_EDGE ( 'NONE', *, *, #2999, .F. ) ;
#1649 = AXIS2_PLACEMENT_3D ( 'NONE', #2248, #4462, #2553 ) ;
#1650 = ADVANCED_FACE ( 'NONE', ( #2441 ), #527, .F. ) ;
#1651 = VERTEX_POINT ( 'NONE', #2845 ) ;
#1652 = FACE_OUTER_BOUND ( 'NONE', #4269, .T. ) ;
#1653 = EDGE_LOOP ( 'NONE', ( #77, #3082, #396, #4550 ) ) ;
#1654 = ORIENTED_EDGE ( 'NONE', *, *, #4851, .T. ) ;
#1655 = DIRECTION ( 'NONE',  ( 0.000000000000000000, 0.000000000000000000, -1.000000000000000000 ) ) ;
#1656 = CARTESIAN_POINT ( 'NONE',  ( -0.07499999999999999722, 0.1247499999999999998, 0.007500000000000001457 ) ) ;
#1657 = DIRECTION ( 'NONE',  ( -0.000000000000000000, -1.000000000000000000, -0.000000000000000000 ) ) ;
#1658 = CARTESIAN_POINT ( 'NONE',  ( -0.02499999999999999792, 0.1247499999999999998, 0.04250000000000000999 ) ) ;
#1659 = EDGE_LOOP ( 'NONE', ( #3528, #1119 ) ) ;
#1660 = SURFACE_STYLE_USAGE ( .BOTH. , #3229 ) ;
#1661 = PRESENTATION_LAYER_ASSIGNMENT (  '', '', ( #4306 ) ) ;
#1662 = ORIENTED_EDGE ( 'NONE', *, *, #2268, .T. ) ;
#1663 = CIRCLE ( 'NONE', #2307, 0.01850000000000000949 ) ;
#1664 = DIRECTION ( 'NONE',  ( -0.000000000000000000, -1.000000000000000000, -0.000000000000000000 ) ) ;
#1665 = SPHERICAL_SURFACE ( 'NONE', #1864, 0.009499999999999985886 ) ;
#1666 = ORIENTED_EDGE ( 'NONE', *, *, #3533, .T. ) ;
#1667 = CARTESIAN_POINT ( 'NONE',  ( -0.07499999999999999722, 0.01499999999999997689, -0.02500000000000000139 ) ) ;
#1668 = LINE ( 'NONE', #3130, #2096 ) ;
#1669 = DIRECTION ( 'NONE',  ( 0.000000000000000000, -1.000000000000000000, -0.000000000000000000 ) ) ;
#1670 = CARTESIAN_POINT ( 'NONE',  ( 0.02500000000000000486, 0.02350000000000000352, 0.02500000000000000139 ) ) ;
#1671 = CARTESIAN_POINT ( 'NONE',  ( -0.02499999999999999792, 0.01499999999999997689, 0.02500000000000000139 ) ) ;
#1672 = CARTESIAN_POINT ( 'NONE',  ( -0.02499999999999999792, -1.707404996040164512E-17, -0.02500000000000000139 ) ) ;
#1673 = ADVANCED_FACE ( 'NONE', ( #1079, #2219 ), #658, .F. ) ;
#1674 = CARTESIAN_POINT ( 'NONE',  ( -0.02499999999999999445, 0.01499999999999997689, -0.006499999999999997967 ) ) ;
#1675 = ORIENTED_EDGE ( 'NONE', *, *, #3990, .F. ) ;
#1676 = ORIENTED_EDGE ( 'NONE', *, *, #694, .T. ) ;
#1677 = DIRECTION ( 'NONE',  ( -0.000000000000000000, 1.000000000000000000, -0.000000000000000000 ) ) ;
#1678 = ORIENTED_EDGE ( 'NONE', *, *, #610, .F. ) ;
#1679 = ORIENTED_EDGE ( 'NONE', *, *, #4788, .F. ) ;
#1680 = EDGE_CURVE ( 'NONE', #4356, #3080, #3397, .T. ) ;
#1681 = EDGE_CURVE ( 'NONE', #423, #2941, #3726, .T. ) ;
#1682 = CARTESIAN_POINT ( 'NONE',  ( 0.07499999999999998335, 0.1565000000000000280, -0.02500000000000000139 ) ) ;
#1683 = DIRECTION ( 'NONE',  ( 0.000000000000000000, 0.000000000000000000, -1.000000000000000000 ) ) ;
#1684 = CARTESIAN_POINT ( 'NONE',  ( 0.02500000000000001180, 0.02349999999999998618, -0.007500000000000001457 ) ) ;
#1685 = ORIENTED_EDGE ( 'NONE', *, *, #2491, .F. ) ;
#1686 = AXIS2_PLACEMENT_3D ( 'NONE', #4420, #4447, #1377 ) ;
#1687 = ORIENTED_EDGE ( 'NONE', *, *, #4536, .T. ) ;
#1688 = VECTOR ( 'NONE', #4163, 39.37007874015748143 ) ;
#1689 = DIRECTION ( 'NONE',  ( 0.000000000000000000, 0.000000000000000000, -1.000000000000000000 ) ) ;
#1690 = CARTESIAN_POINT ( 'NONE',  ( -0.07499999999999999722, 0.1260000000000000009, -0.02500000000000000139 ) ) ;
#1691 = ORIENTED_EDGE ( 'NONE', *, *, #4019, .F. ) ;
#1692 = FACE_OUTER_BOUND ( 'NONE', #1419, .T. ) ;
#1693 = CARTESIAN_POINT ( 'NONE',  ( -0.07499999999999999722, 0.02350000000000000352, -0.02500000000000000139 ) ) ;
#1694 = CARTESIAN_POINT ( 'NONE',  ( -0.07499999999999999722, 0.01499999999999997689, -0.003500000000000006144 ) ) ;
#1695 = MECHANICAL_DESIGN_GEOMETRIC_PRESENTATION_REPRESENTATION (  '', ( #325 ), #86 ) ;
#1696 = DIRECTION ( 'NONE',  ( -0.000000000000000000, -1.000000000000000000, -0.000000000000000000 ) ) ;
#1697 = CARTESIAN_POINT ( 'NONE',  ( -0.02499999999999999792, 0.1260000000000000009, 0.04125000000000000194 ) ) ;
#1698 = DIRECTION ( 'NONE',  ( 0.000000000000000000, -1.000000000000000000, -0.000000000000000000 ) ) ;
#1699 = DIRECTION ( 'NONE',  ( 0.000000000000000000, 0.000000000000000000, -1.000000000000000000 ) ) ;
#1700 = CIRCLE ( 'NONE', #4829, 0.01850000000000000949 ) ;
#1701 = VERTEX_POINT ( 'NONE', #725 ) ;
#1702 = VERTEX_POINT ( 'NONE', #279 ) ;
#1703 = EDGE_LOOP ( 'NONE', ( #187, #1367, #791, #4693 ) ) ;
#1704 = AXIS2_PLACEMENT_3D ( 'NONE', #210, #2527, #2148 ) ;
#1705 = EDGE_LOOP ( 'NONE', ( #235, #718 ) ) ;
#1706 = CIRCLE ( 'NONE', #4752, 0.009499999999999994560 ) ;
#1707 = CARTESIAN_POINT ( 'NONE',  ( 0.07499999999999999722, -1.707404996040164512E-17, 0.02500000000000000139 ) ) ;
#1708 = CARTESIAN_POINT ( 'NONE',  ( -0.07499999999999999722, 0.02350000000000000352, -0.04250000000000000999 ) ) ;
#1709 = ORIENTED_EDGE ( 'NONE', *, *, #4280, .T. ) ;
#1710 = DIRECTION ( 'NONE',  ( -0.000000000000000000, -1.000000000000000000, -0.000000000000000000 ) ) ;
#1711 = EDGE_CURVE ( 'NONE', #3615, #1910, #3482, .T. ) ;
#1712 = CIRCLE ( 'NONE', #1072, 0.01850000000000000949 ) ;
#1713 = PLANE ( 'NONE',  #1067 ) ;
#1714 =( LENGTH_UNIT ( ) NAMED_UNIT ( * ) SI_UNIT ( $, .METRE. ) );
#1715 = VERTEX_POINT ( 'NONE', #2265 ) ;
#1716 = EDGE_CURVE ( 'NONE', #3661, #1572, #1811, .T. ) ;
#1717 = CARTESIAN_POINT ( 'NONE',  ( -0.02499999999999999445, -1.707404996040164512E-17, -0.006499999999999997967 ) ) ;
#1718 = DIRECTION ( 'NONE',  ( 0.000000000000000000, 1.000000000000000000, 0.000000000000000000 ) ) ;
#1719 = VERTEX_POINT ( 'NONE', #3016 ) ;
#1720 = DIRECTION ( 'NONE',  ( 0.000000000000000000, 0.000000000000000000, -1.000000000000000000 ) ) ;
#1721 = DIRECTION ( 'NONE',  ( 0.000000000000000000, 0.000000000000000000, -1.000000000000000000 ) ) ;
#1722 = DIRECTION ( 'NONE',  ( -0.000000000000000000, -1.000000000000000000, -0.000000000000000000 ) ) ;
#1723 = DIRECTION ( 'NONE',  ( -0.000000000000000000, -1.000000000000000000, -0.000000000000000000 ) ) ;
#1724 =( NAMED_UNIT ( * ) SI_UNIT ( $, .STERADIAN. ) SOLID_ANGLE_UNIT ( ) );
#1725 = DIRECTION ( 'NONE',  ( 0.000000000000000000, 0.000000000000000000, 1.000000000000000000 ) ) ;
#1726 = VECTOR ( 'NONE', #1696, 39.37007874015748143 ) ;
#1727 = DIRECTION ( 'NONE',  ( 0.000000000000000000, 0.000000000000000000, -1.000000000000000000 ) ) ;
#1728 = EDGE_LOOP ( 'NONE', ( #1912, #4456, #106, #4646 ) ) ;
#1729 = ORIENTED_EDGE ( 'NONE', *, *, #4139, .T. ) ;
#1730 = AXIS2_PLACEMENT_3D ( 'NONE', #737, #1891, #3810 ) ;
#1731 = CARTESIAN_POINT ( 'NONE',  ( -0.07499999999999999722, 0.02349999999999998618, 0.02500000000000000139 ) ) ;
#1732 = ORIENTED_EDGE ( 'NONE', *, *, #4138, .F. ) ;
#1733 = EDGE_LOOP ( 'NONE', ( #1228, #1000 ) ) ;
#1734 = CIRCLE ( 'NONE', #121, 0.01850000000000000949 ) ;
#1735 = DIRECTION ( 'NONE',  ( 0.000000000000000000, 0.000000000000000000, -1.000000000000000000 ) ) ;
#1736 = EDGE_LOOP ( 'NONE', ( #1549, #3844, #639, #159 ) ) ;
#1737 = DIRECTION ( 'NONE',  ( 0.000000000000000000, 0.000000000000000000, -1.000000000000000000 ) ) ;
#1738 = CARTESIAN_POINT ( 'NONE',  ( -0.07499999999999999722, 0.01499999999999997689, -0.02500000000000000139 ) ) ;
#1739 = ADVANCED_FACE ( 'NONE', ( #2616 ), #3757, .F. ) ;
#1740 = DIRECTION ( 'NONE',  ( -0.000000000000000000, -1.000000000000000000, -0.000000000000000000 ) ) ;
#1741 = MANIFOLD_SOLID_BREP ( 'Cut-Extrude1', #4362 ) ;
#1742 = DIRECTION ( 'NONE',  ( 0.000000000000000000, 0.000000000000000000, -1.000000000000000000 ) ) ;
#1743 = CIRCLE ( 'NONE', #2233, 0.01750000000000000513 ) ;
#1744 = CARTESIAN_POINT ( 'NONE',  ( 0.07499999999999999722, -1.707404996040164512E-17, 0.02500000000000000139 ) ) ;
#1745 = ORIENTED_EDGE ( 'NONE', *, *, #4777, .T. ) ;
#1746 = CARTESIAN_POINT ( 'NONE',  ( -0.02499999999999999792, 0.02350000000000000352, -0.02500000000000000139 ) ) ;
#1747 = EDGE_CURVE ( 'NONE', #1333, #219, #2837, .T. ) ;
#1748 = DIRECTION ( 'NONE',  ( -0.000000000000000000, -1.000000000000000000, -0.000000000000000000 ) ) ;
#1749 = DIRECTION ( 'NONE',  ( -0.000000000000000000, -1.000000000000000000, -0.000000000000000000 ) ) ;
#1750 = ADVANCED_FACE ( 'NONE', ( #2945 ), #1454, .T. ) ;
#1751 = CARTESIAN_POINT ( 'NONE',  ( 0.07499999999999999722, -1.707404996040164512E-17, -0.03850000000000001338 ) ) ;
#1752 = DIRECTION ( 'NONE',  ( -0.000000000000000000, -1.000000000000000000, -0.000000000000000000 ) ) ;
#1753 = AXIS2_PLACEMENT_3D ( 'NONE', #2177, #3805, #329 ) ;
#1754 = CARTESIAN_POINT ( 'NONE',  ( -0.07499999999999999722, 0.1260000000000000009, -0.008750000000000004302 ) ) ;
#1755 = DIRECTION ( 'NONE',  ( 0.000000000000000000, 0.000000000000000000, -1.000000000000000000 ) ) ;
#1756 = ORIENTED_EDGE ( 'NONE', *, *, #1213, .T. ) ;
#1757 = DIRECTION ( 'NONE',  ( -0.000000000000000000, -1.000000000000000000, -0.000000000000000000 ) ) ;
#1758 = EDGE_LOOP ( 'NONE', ( #1548, #3313 ) ) ;
#1759 = LINE ( 'NONE', #493, #904 ) ;
#1760 = ORIENTED_EDGE ( 'NONE', *, *, #981, .F. ) ;
#1761 = DIRECTION ( 'NONE',  ( 0.000000000000000000, 0.000000000000000000, 1.000000000000000000 ) ) ;
#1762 = DIRECTION ( 'NONE',  ( -0.000000000000000000, -1.000000000000000000, -0.000000000000000000 ) ) ;
#1763 = CARTESIAN_POINT ( 'NONE',  ( -0.02499999999999999445, 0.008999999999999975034, 0.04350000000000001088 ) ) ;
#1764 = AXIS2_PLACEMENT_3D ( 'NONE', #2870, #4001, #2032 ) ;
#1765 = LINE ( 'NONE', #2573, #4384 ) ;
#1766 = ADVANCED_FACE ( 'NONE', ( #2595 ), #4126, .T. ) ;
#1767 = SPHERICAL_SURFACE ( 'NONE', #2920, 0.009499999999999985886 ) ;
#1768 = VERTEX_POINT ( 'NONE', #2243 ) ;
#1769 = CARTESIAN_POINT ( 'NONE',  ( 0.07499999999999999722, 0.008999999999999975034, -0.02500000000000000139 ) ) ;
#1770 = VECTOR ( 'NONE', #862, 39.37007874015748143 ) ;
#1771 = FACE_BOUND ( 'NONE', #3431, .T. ) ;
#1772 = ORIENTED_EDGE ( 'NONE', *, *, #2018, .T. ) ;
#1773 = MECHANICAL_DESIGN_GEOMETRIC_PRESENTATION_REPRESENTATION (  '', ( #394 ), #1520 ) ;
#1774 = CIRCLE ( 'NONE', #2185, 0.01850000000000000949 ) ;
#1775 = DIRECTION ( 'NONE',  ( 0.000000000000000000, 0.000000000000000000, -1.000000000000000000 ) ) ;
#1776 =( NAMED_UNIT ( * ) PLANE_ANGLE_UNIT ( ) SI_UNIT ( $, .RADIAN. ) );
#1777 = ADVANCED_FACE ( 'NONE', ( #3779 ), #2748, .T. ) ;
#1778 = EDGE_CURVE ( 'NONE', #3545, #2240, #593, .T. ) ;
#1779 = DIRECTION ( 'NONE',  ( -0.000000000000000000, -1.000000000000000000, -0.000000000000000000 ) ) ;
#1780 = CIRCLE ( 'NONE', #4506, 0.009499999999999994560 ) ;
#1781 = ORIENTED_EDGE ( 'NONE', *, *, #1405, .F. ) ;
#1782 = DIRECTION ( 'NONE',  ( -0.000000000000000000, -1.000000000000000000, -0.000000000000000000 ) ) ;
#1783 = EDGE_CURVE ( 'NONE', #867, #989, #3246, .T. ) ;
#1784 = EDGE_LOOP ( 'NONE', ( #4683, #1433 ) ) ;
#1785 = AXIS2_PLACEMENT_3D ( 'NONE', #4294, #1606, #3047 ) ;
#1786 = CARTESIAN_POINT ( 'NONE',  ( 0.07499999999999999722, 0.1260000000000000009, 0.02500000000000000139 ) ) ;
#1787 = ORIENTED_EDGE ( 'NONE', *, *, #1434, .T. ) ;
#1789 = ORIENTED_EDGE ( 'NONE', *, *, #2856, .F. ) ;
#1788 = DIRECTION ( 'NONE',  ( -0.000000000000000000, -1.000000000000000000, -0.000000000000000000 ) ) ;
#1790 = CIRCLE ( 'NONE', #406, 0.01350000000000001026 ) ;
#1791 = CARTESIAN_POINT ( 'NONE',  ( -0.07499999999999999722, 0.02350000000000000352, -0.02500000000000000139 ) ) ;
#1792 = DIRECTION ( 'NONE',  ( 0.000000000000000000, -0.000000000000000000, 1.000000000000000000 ) ) ;
#1793 = AXIS2_PLACEMENT_3D ( 'NONE', #2347, #2014, #1157 ) ;
#1794 = DIRECTION ( 'NONE',  ( -0.000000000000000000, -1.000000000000000000, -0.000000000000000000 ) ) ;
#1795 = DIRECTION ( 'NONE',  ( 0.000000000000000000, 0.000000000000000000, -1.000000000000000000 ) ) ;
#1796 = ORIENTED_EDGE ( 'NONE', *, *, #1008, .T. ) ;
#1797 = DIRECTION ( 'NONE',  ( -0.000000000000000000, -1.000000000000000000, -0.000000000000000000 ) ) ;
#1798 = VERTEX_POINT ( 'NONE', #1601 ) ;
#1799 = FACE_OUTER_BOUND ( 'NONE', #1949, .T. ) ;
#1800 =( NAMED_UNIT ( * ) PLANE_ANGLE_UNIT ( ) SI_UNIT ( $, .RADIAN. ) );
#1801 = FACE_OUTER_BOUND ( 'NONE', #1018, .T. ) ;
#1802 = EDGE_CURVE ( 'NONE', #3487, #4497, #1712, .T. ) ;
#1803 = EDGE_CURVE ( 'NONE', #4310, #2502, #3521, .T. ) ;
#1804 = ORIENTED_EDGE ( 'NONE', *, *, #2605, .T. ) ;
#1805 = AXIS2_PLACEMENT_3D ( 'NONE', #2081, #4764, #2210 ) ;
#1806 = CARTESIAN_POINT ( 'NONE',  ( -0.07499999999999999722, -1.707404996040164512E-17, 0.003500000000000006144 ) ) ;
#1807 = EDGE_CURVE ( 'NONE', #1240, #3517, #390, .T. ) ;
#1808 = AXIS2_PLACEMENT_3D ( 'NONE', #3857, #452, #2672 ) ;
#1809 = ORIENTED_EDGE ( 'NONE', *, *, #2895, .T. ) ;
#1810 = FACE_OUTER_BOUND ( 'NONE', #2754, .T. ) ;
#1811 = LINE ( 'NONE', #237, #2123 ) ;
#1812 = AXIS2_PLACEMENT_3D ( 'NONE', #475, #1664, #1338 ) ;
#1813 = FACE_OUTER_BOUND ( 'NONE', #2060, .T. ) ;
#1814 = VECTOR ( 'NONE', #2800, 39.37007874015748854 ) ;
#1815 = DIRECTION ( 'NONE',  ( -0.000000000000000000, -1.000000000000000000, -0.000000000000000000 ) ) ;
#1816 = CYLINDRICAL_SURFACE ( 'NONE', #773, 0.01750000000000000513 ) ;
#1817 = ORIENTED_EDGE ( 'NONE', *, *, #3663, .F. ) ;
#1818 = CARTESIAN_POINT ( 'NONE',  ( -0.09349999999999999978, 0.008999999999999975034, 0.02500000000000000139 ) ) ;
#1819 = AXIS2_PLACEMENT_3D ( 'NONE', #3355, #1499, #2988 ) ;
#1820 = ORIENTED_EDGE ( 'NONE', *, *, #2746, .F. ) ;
#1821 = CARTESIAN_POINT ( 'NONE',  ( 0.02500000000000000486, 0.1565000000000000280, -0.03449999999999999595 ) ) ;
#1822 = CARTESIAN_POINT ( 'NONE',  ( -0.07499999999999999722, -1.707404996040164512E-17, 0.02500000000000000139 ) ) ;
#1823 = CARTESIAN_POINT ( 'NONE',  ( -0.02499999999999999792, -1.707404996040164512E-17, 0.03850000000000001338 ) ) ;
#1824 = CIRCLE ( 'NONE', #628, 0.01750000000000000167 ) ;
#1825 = CIRCLE ( 'NONE', #2786, 0.02150000000000000175 ) ;
#1826 = CARTESIAN_POINT ( 'NONE',  ( 0.02500000000000001180, 0.09849999999999999034, 0.007500000000000003192 ) ) ;
#1827 = ORIENTED_EDGE ( 'NONE', *, *, #4754, .T. ) ;
#1828 = EDGE_CURVE ( 'NONE', #2623, #2494, #2352, .T. ) ;
#1829 = AXIS2_PLACEMENT_3D ( 'NONE', #1981, #467, #2712 ) ;
#1830 = CARTESIAN_POINT ( 'NONE',  ( -0.07499999999999999722, 0.1260000000000000009, 0.02500000000000000139 ) ) ;
#1831 = VERTEX_POINT ( 'NONE', #817 ) ;
#1833 = ORIENTED_EDGE ( 'NONE', *, *, #4784, .T. ) ;
#1832 = CARTESIAN_POINT ( 'NONE',  ( 0.07499999999999999722, 0.01499999999999997689, 0.003500000000000006144 ) ) ;
#1834 = EDGE_CURVE ( 'NONE', #1132, #4412, #1170, .T. ) ;
#1835 = DIRECTION ( 'NONE',  ( 0.000000000000000000, 1.000000000000000000, 0.000000000000000000 ) ) ;
#1836 = EDGE_CURVE ( 'NONE', #1715, #1884, #3403, .T. ) ;
#1837 = VERTEX_POINT ( 'NONE', #1905 ) ;
#1838 = DIRECTION ( 'NONE',  ( -0.000000000000000000, -1.000000000000000000, -0.000000000000000000 ) ) ;
#1839 = DIRECTION ( 'NONE',  ( 0.000000000000000000, 0.000000000000000000, -1.000000000000000000 ) ) ;
#1840 = VERTEX_POINT ( 'NONE', #2284 ) ;
#1841 = FILL_AREA_STYLE_COLOUR ( '', #3057 ) ;
#1842 = ORIENTED_EDGE ( 'NONE', *, *, #1582, .F. ) ;
#1843 = CARTESIAN_POINT ( 'NONE',  ( -0.02499999999999999445, 0.02350000000000000352, 0.007500000000000071713 ) ) ;
#1844 = CARTESIAN_POINT ( 'NONE',  ( -0.07500000000000002498, 0.1660000000000000087, 0.02500000000000000139 ) ) ;
#1845 = VECTOR ( 'NONE', #114, 39.37007874015748854 ) ;
#1846 = CYLINDRICAL_SURFACE ( 'NONE', #3758, 0.01850000000000000949 ) ;
#1847 = ORIENTED_EDGE ( 'NONE', *, *, #1519, .T. ) ;
#1848 = VECTOR ( 'NONE', #3787, 39.37007874015748143 ) ;
#1849 = CARTESIAN_POINT ( 'NONE',  ( 0.02500000000000000486, 0.1260000000000000009, -0.01550000000000000856 ) ) ;
#1850 = ORIENTED_EDGE ( 'NONE', *, *, #4898, .T. ) ;
#1852 = ORIENTED_EDGE ( 'NONE', *, *, #981, .T. ) ;
#1851 = CARTESIAN_POINT ( 'NONE',  ( -0.02499999999999999792, 0.1565000000000000280, 0.03449999999999999595 ) ) ;
#1853 =( NAMED_UNIT ( * ) PLANE_ANGLE_UNIT ( ) SI_UNIT ( $, .RADIAN. ) );
#1854 = LINE ( 'NONE', #1369, #3708 ) ;
#1855 = VECTOR ( 'NONE', #1956, 39.37007874015748143 ) ;
#1856 = EDGE_CURVE ( 'NONE', #3116, #626, #3117, .T. ) ;
#1857 = ADVANCED_FACE ( 'NONE', ( #3474, #3449 ), #3799, .F. ) ;
#1858 = FACE_OUTER_BOUND ( 'NONE', #1037, .T. ) ;
#1859 = MECHANICAL_DESIGN_GEOMETRIC_PRESENTATION_REPRESENTATION (  '', ( #4868 ), #3556 ) ;
#1860 = CARTESIAN_POINT ( 'NONE',  ( 0.07499999999999999722, -1.707404996040164512E-17, -0.02500000000000000139 ) ) ;
#1861 = ORIENTED_EDGE ( 'NONE', *, *, #669, .F. ) ;
#1862 = DIRECTION ( 'NONE',  ( -0.000000000000000000, -1.000000000000000000, -0.000000000000000000 ) ) ;
#1863 = ORIENTED_EDGE ( 'NONE', *, *, #303, .T. ) ;
#1864 = AXIS2_PLACEMENT_3D ( 'NONE', #160, #3693, #1366 ) ;
#1865 = EDGE_CURVE ( 'NONE', #4721, #264, #341, .T. ) ;
#1866 = DIRECTION ( 'NONE',  ( 0.000000000000000000, 0.000000000000000000, -1.000000000000000000 ) ) ;
#1867 = SURFACE_STYLE_FILL_AREA ( #3003 ) ;
#1868 = AXIS2_PLACEMENT_3D ( 'NONE', #1222, #1146, #4236 ) ;
#1869 = CARTESIAN_POINT ( 'NONE',  ( 0.02500000000000001180, -1.707404996040164512E-17, -0.003500000000000006144 ) ) ;
#1870 = ADVANCED_FACE ( 'NONE', ( #1527 ), #2683, .T. ) ;
#1871 = CLOSED_SHELL ( 'NONE', ( #2571, #4587, #466, #3259, #4110, #1014, #154, #4191, #1516, #1090, #3260, #1518, #980, #2552, #4453, #4906, #322, #3125, #785 ) ) ;
#1872 = DIRECTION ( 'NONE',  ( 0.000000000000000000, 0.000000000000000000, -1.000000000000000000 ) ) ;
#1873 = ORIENTED_EDGE ( 'NONE', *, *, #870, .T. ) ;
#1874 = DIRECTION ( 'NONE',  ( 0.000000000000000000, 0.000000000000000000, -1.000000000000000000 ) ) ;
#1875 = VERTEX_POINT ( 'NONE', #3043 ) ;
#1877 = ORIENTED_EDGE ( 'NONE', *, *, #4221, .F. ) ;
#1876 = LINE ( 'NONE', #4872, #621 ) ;
#1878 = DIRECTION ( 'NONE',  ( -0.000000000000000000, -1.000000000000000000, -0.000000000000000000 ) ) ;
#1879 = CARTESIAN_POINT ( 'NONE',  ( 0.02499999999999999098, 0.1660000000000000087, 0.02500000000000000139 ) ) ;
#1880 = SPHERICAL_SURFACE ( 'NONE', #2064, 0.009499999999999985886 ) ;
#1881 = AXIS2_PLACEMENT_3D ( 'NONE', #1667, #2448, #4301 ) ;
#1882 = CARTESIAN_POINT ( 'NONE',  ( 0.07499999999999999722, -1.707404996040164512E-17, 0.04649999999999999967 ) ) ;
#1883 = DIRECTION ( 'NONE',  ( -0.000000000000000000, -1.000000000000000000, -0.000000000000000000 ) ) ;
#1884 = VERTEX_POINT ( 'NONE', #4187 ) ;
#1885 = DIRECTION ( 'NONE',  ( 0.000000000000000000, 0.000000000000000000, -1.000000000000000000 ) ) ;
#1886 = EDGE_CURVE ( 'NONE', #1245, #3250, #3328, .T. ) ;
#1887 = ORIENTED_EDGE ( 'NONE', *, *, #3435, .T. ) ;
#1888 = AXIS2_PLACEMENT_3D ( 'NONE', #4298, #1990, #2297 ) ;
#1889 = CARTESIAN_POINT ( 'NONE',  ( 0.02500000000000000486, 0.01499999999999997689, 0.02500000000000000139 ) ) ;
#1890 = VECTOR ( 'NONE', #1432, 39.37007874015748143 ) ;
#1891 = DIRECTION ( 'NONE',  ( -0.000000000000000000, -1.000000000000000000, -0.000000000000000000 ) ) ;
#1892 = EDGE_CURVE ( 'NONE', #3056, #1273, #3872, .T. ) ;
#1893 = EDGE_CURVE ( 'NONE', #4611, #1910, #1954, .T. ) ;
#1894 = EDGE_CURVE ( 'NONE', #3062, #4835, #4444, .T. ) ;
#1895 = CIRCLE ( 'NONE', #4071, 0.01850000000000000255 ) ;
#1896 = SPHERICAL_SURFACE ( 'NONE', #131, 0.009499999999999985886 ) ;
#1897 = VERTEX_POINT ( 'NONE', #1194 ) ;
#1898 = AXIS2_PLACEMENT_3D ( 'NONE', #3008, #4178, #1447 ) ;
#1899 = LINE ( 'NONE', #3910, #4979 ) ;
#1900 = AXIS2_PLACEMENT_3D ( 'NONE', #4134, #689, #443 ) ;
#1901 = ORIENTED_EDGE ( 'NONE', *, *, #3220, .T. ) ;
#1903 = VERTEX_POINT ( 'NONE', #2732 ) ;
#1902 = DIRECTION ( 'NONE',  ( 0.000000000000000000, 0.000000000000000000, -1.000000000000000000 ) ) ;
#1904 = VERTEX_POINT ( 'NONE', #95 ) ;
#1905 = CARTESIAN_POINT ( 'NONE',  ( 0.07499999999999999722, 0.01499999999999997689, 0.006499999999999997967 ) ) ;
#1906 = CIRCLE ( 'NONE', #2075, 0.02150000000000000175 ) ;
#1907 = DIRECTION ( 'NONE',  ( -0.000000000000000000, -1.000000000000000000, -0.000000000000000000 ) ) ;
#1908 = DIRECTION ( 'NONE',  ( 0.000000000000000000, 0.000000000000000000, -1.000000000000000000 ) ) ;
#1909 = DIRECTION ( 'NONE',  ( 0.000000000000000000, 0.000000000000000000, -1.000000000000000000 ) ) ;
#1910 = VERTEX_POINT ( 'NONE', #2002 ) ;
#1911 = DIRECTION ( 'NONE',  ( -0.000000000000000000, -1.000000000000000000, -0.000000000000000000 ) ) ;
#1912 = ORIENTED_EDGE ( 'NONE', *, *, #568, .T. ) ;
#1913 = EDGE_CURVE ( 'NONE', #2434, #581, #411, .T. ) ;
#1914 = CARTESIAN_POINT ( 'NONE',  ( 0.02500000000000000486, 0.1260000000000000009, -0.02500000000000000139 ) ) ;
#1915 = DIRECTION ( 'NONE',  ( 0.000000000000000000, 0.000000000000000000, -1.000000000000000000 ) ) ;
#1916 = CARTESIAN_POINT ( 'NONE',  ( 0.02500000000000000486, -1.707404996040164512E-17, 0.03850000000000001338 ) ) ;
#1917 = ADVANCED_FACE ( 'NONE', ( #461 ), #3535, .F. ) ;
#1918 = EDGE_CURVE ( 'NONE', #200, #633, #1540, .T. ) ;
#1919 = ORIENTED_EDGE ( 'NONE', *, *, #2774, .F. ) ;
#1920 = AXIS2_PLACEMENT_3D ( 'NONE', #1647, #957, #2432 ) ;
#1921 = CIRCLE ( 'NONE', #881, 0.009499999999999994560 ) ;
#1922 = DIRECTION ( 'NONE',  ( -0.000000000000000000, -1.000000000000000000, -0.000000000000000000 ) ) ;
#1923 = AXIS2_PLACEMENT_3D ( 'NONE', #3358, #3335, #2597 ) ;
#1924 = EDGE_CURVE ( 'NONE', #1123, #1507, #4668, .T. ) ;
#1925 = ORIENTED_EDGE ( 'NONE', *, *, #1834, .F. ) ;
#1926 = AXIS2_PLACEMENT_3D ( 'NONE', #720, #4493, #300 ) ;
#1928 = ORIENTED_EDGE ( 'NONE', *, *, #4056, .T. ) ;
#1927 = CYLINDRICAL_SURFACE ( 'NONE', #4299, 0.01850000000000000255 ) ;
#1929 = VERTEX_POINT ( 'NONE', #2768 ) ;
#1930 = ORIENTED_EDGE ( 'NONE', *, *, #3621, .F. ) ;
#1931 = DIRECTION ( 'NONE',  ( 0.000000000000000000, 0.000000000000000000, -1.000000000000000000 ) ) ;
#1932 = CYLINDRICAL_SURFACE ( 'NONE', #4038, 0.01350000000000000679 ) ;
#1933 = FACE_BOUND ( 'NONE', #1064, .T. ) ;
#1934 = VECTOR ( 'NONE', #4173, 39.37007874015748143 ) ;
#1935 = CARTESIAN_POINT ( 'NONE',  ( 0.07499999999999999722, 0.02350000000000000352, 0.04249999999999999611 ) ) ;
#1936 = ORIENTED_EDGE ( 'NONE', *, *, #753, .F. ) ;
#1937 = DIRECTION ( 'NONE',  ( -0.000000000000000000, -1.000000000000000000, -0.000000000000000000 ) ) ;
#1938 = CIRCLE ( 'NONE', #2915, 0.009499999999999994560 ) ;
#1939 = EDGE_LOOP ( 'NONE', ( #1524, #575, #1847, #4078, #1678 ) ) ;
#1940 = CARTESIAN_POINT ( 'NONE',  ( 0.02500000000000000486, 0.008999999999999975034, 0.02500000000000000139 ) ) ;
#1941 = AXIS2_PLACEMENT_3D ( 'NONE', #2125, #4433, #4691 ) ;
#1942 = FACE_OUTER_BOUND ( 'NONE', #2433, .T. ) ;
#1943 = DIRECTION ( 'NONE',  ( 0.000000000000000000, 0.000000000000000000, -1.000000000000000000 ) ) ;
#1944 = AXIS2_PLACEMENT_3D ( 'NONE', #995, #1718, #1340 ) ;
#1945 = AXIS2_PLACEMENT_3D ( 'NONE', #4208, #4261, #368 ) ;
#1946 = DIRECTION ( 'NONE',  ( -0.000000000000000000, -1.000000000000000000, -0.000000000000000000 ) ) ;
#1947 = EDGE_CURVE ( 'NONE', #4681, #4179, #4513, .T. ) ;
#1948 = LINE ( 'NONE', #740, #2583 ) ;
#1949 = EDGE_LOOP ( 'NONE', ( #685, #4914, #17, #3396 ) ) ;
#1950 = VERTEX_POINT ( 'NONE', #425 ) ;
#1951 = DIRECTION ( 'NONE',  ( -0.000000000000000000, -1.000000000000000000, -0.000000000000000000 ) ) ;
#1952 = ORIENTED_EDGE ( 'NONE', *, *, #2849, .F. ) ;
#1953 = ORIENTED_EDGE ( 'NONE', *, *, #4507, .F. ) ;
#1954 = LINE ( 'NONE', #3065, #4592 ) ;
#1955 = EDGE_CURVE ( 'NONE', #1578, #4670, #3104, .T. ) ;
#1956 = DIRECTION ( 'NONE',  ( -0.000000000000000000, -1.000000000000000000, -0.000000000000000000 ) ) ;
#1957 = LINE ( 'NONE', #4594, #1284 ) ;
#1958 = CARTESIAN_POINT ( 'NONE',  ( -0.02499999999999999792, 0.1565000000000000280, -0.02500000000000000139 ) ) ;
#1959 = FACE_BOUND ( 'NONE', #4803, .T. ) ;
#1960 = VERTEX_POINT ( 'NONE', #3459 ) ;
#1961 = CARTESIAN_POINT ( 'NONE',  ( 0.07499999999999999722, -1.707404996040164512E-17, 0.006499999999999997967 ) ) ;
#1962 = VECTOR ( 'NONE', #2454, 39.37007874015748143 ) ;
#1963 = ORIENTED_EDGE ( 'NONE', *, *, #183, .F. ) ;
#1964 = AXIS2_PLACEMENT_3D ( 'NONE', #2326, #403, #3436 ) ;
#1965 = DIRECTION ( 'NONE',  ( -0.000000000000000000, -1.000000000000000000, -0.000000000000000000 ) ) ;
#1966 = DIRECTION ( 'NONE',  ( -0.000000000000000000, -1.000000000000000000, -0.000000000000000000 ) ) ;
#1967 = CARTESIAN_POINT ( 'NONE',  ( 0.02500000000000001180, 0.01499999999999997689, -0.003500000000000006144 ) ) ;
#1968 = CARTESIAN_POINT ( 'NONE',  ( -0.07499999999999999722, -1.707404996040164512E-17, -0.02500000000000000139 ) ) ;
#1969 = PLANE ( 'NONE',  #4100 ) ;
#1970 = VERTEX_POINT ( 'NONE', #3509 ) ;
#1971 = EDGE_LOOP ( 'NONE', ( #2258, #2929 ) ) ;
#1972 = VECTOR ( 'NONE', #1677, 39.37007874015748143 ) ;
#1973 = CARTESIAN_POINT ( 'NONE',  ( -0.02499999999999999445, -1.707404996040164512E-17, -0.007500000000000001457 ) ) ;
#1974 = ADVANCED_FACE ( 'NONE', ( #57 ), #1991, .T. ) ;
#1975 = ORIENTED_EDGE ( 'NONE', *, *, #4028, .T. ) ;
#1976 = VERTEX_POINT ( 'NONE', #1230 ) ;
#1977 = DIRECTION ( 'NONE',  ( -0.000000000000000000, -1.000000000000000000, -0.000000000000000000 ) ) ;
#1978 = AXIS2_PLACEMENT_3D ( 'NONE', #2327, #1946, #4251 ) ;
#1979 = CARTESIAN_POINT ( 'NONE',  ( 0.07499999999999999722, 0.02350000000000000352, 0.04249999999999999611 ) ) ;
#1980 = CARTESIAN_POINT ( 'NONE',  ( 0.02500000000000000486, 0.1260000000000000009, 0.008750000000000004302 ) ) ;
#1981 = CARTESIAN_POINT ( 'NONE',  ( 0.02500000000000000486, 0.1565000000000000280, -0.02500000000000000139 ) ) ;
#1982 = ADVANCED_FACE ( 'NONE', ( #2695, #1184 ), #1634, .F. ) ;
#1983 = EDGE_CURVE ( 'NONE', #3939, #3943, #1208, .T. ) ;
#1984 = AXIS2_PLACEMENT_3D ( 'NONE', #1439, #4171, #4856 ) ;
#1985 = UNCERTAINTY_MEASURE_WITH_UNIT (LENGTH_MEASURE( 1.000000000000000082E-05 ), #556, 'distance_accuracy_value', 'NONE');
#1986 = DIRECTION ( 'NONE',  ( 0.000000000000000000, 0.000000000000000000, -1.000000000000000000 ) ) ;
#1987 = ORIENTED_EDGE ( 'NONE', *, *, #1274, .F. ) ;
#1988 = ORIENTED_EDGE ( 'NONE', *, *, #1400, .T. ) ;
#1989 = ADVANCED_FACE ( 'NONE', ( #3172 ), #19, .T. ) ;
#1990 = DIRECTION ( 'NONE',  ( -0.000000000000000000, -1.000000000000000000, -0.000000000000000000 ) ) ;
#1991 = SPHERICAL_SURFACE ( 'NONE', #1217, 0.009499999999999985886 ) ;
#1992 = CARTESIAN_POINT ( 'NONE',  ( 0.07499999999999999722, 0.1565000000000000280, -0.03449999999999999595 ) ) ;
#1993 = DIRECTION ( 'NONE',  ( 8.659560562354932858E-17, -0.7071067811865474617, 0.7071067811865474617 ) ) ;
#1994 = AXIS2_PLACEMENT_3D ( 'NONE', #3575, #4429, #3632 ) ;
#1995 = FILL_AREA_STYLE_COLOUR ( '', #3599 ) ;
#1996 = DIRECTION ( 'NONE',  ( -0.000000000000000000, -1.000000000000000000, -0.000000000000000000 ) ) ;
#1997 = ORIENTED_EDGE ( 'NONE', *, *, #724, .F. ) ;
#1998 = ORIENTED_EDGE ( 'NONE', *, *, #2721, .T. ) ;
#1999 = CARTESIAN_POINT ( 'NONE',  ( -0.02499999999999999792, 0.02349999999999998618, -0.02500000000000000139 ) ) ;
#2000 = EDGE_LOOP ( 'NONE', ( #2808, #3300 ) ) ;
#2001 = EDGE_LOOP ( 'NONE', ( #2086, #986, #375, #1097 ) ) ;
#2002 = CARTESIAN_POINT ( 'NONE',  ( 0.07499999999999999722, 0.1260000000000000009, -0.03449999999999999595 ) ) ;
#2003 = FACE_OUTER_BOUND ( 'NONE', #180, .T. ) ;
#2004 =( LENGTH_UNIT ( ) NAMED_UNIT ( * ) SI_UNIT ( $, .METRE. ) );
#2005 = VECTOR ( 'NONE', #1295, 39.37007874015748143 ) ;
#2006 = CARTESIAN_POINT ( 'NONE',  ( -0.07499999999999999722, -1.707404996040164512E-17, -0.01550000000000000856 ) ) ;
#2007 = DIRECTION ( 'NONE',  ( -0.000000000000000000, -1.000000000000000000, -0.000000000000000000 ) ) ;
#2008 = ORIENTED_EDGE ( 'NONE', *, *, #1400, .F. ) ;
#2009 =( CONVERSION_BASED_UNIT ( 'INCH', #185 ) LENGTH_UNIT ( ) NAMED_UNIT ( #1640 ) );
#2010 = EDGE_CURVE ( 'NONE', #626, #1950, #3398, .T. ) ;
#2011 = AXIS2_PLACEMENT_3D ( 'NONE', #1533, #1862, #3099 ) ;
#2012 = EDGE_LOOP ( 'NONE', ( #1760, #985, #4205, #120, #2740 ) ) ;
#2013 = DIRECTION ( 'NONE',  ( 0.000000000000000000, 0.000000000000000000, 1.000000000000000000 ) ) ;
#2014 = DIRECTION ( 'NONE',  ( -0.000000000000000000, -1.000000000000000000, -0.000000000000000000 ) ) ;
#2015 = VERTEX_POINT ( 'NONE', #4272 ) ;
#2016 = PLANE ( 'NONE',  #833 ) ;
#2017 = VECTOR ( 'NONE', #1580, 39.37007874015748143 ) ;
#2018 = EDGE_CURVE ( 'NONE', #4736, #4356, #338, .T. ) ;
#2019 = DIRECTION ( 'NONE',  ( 0.000000000000000000, 0.000000000000000000, -1.000000000000000000 ) ) ;
#2020 = PLANE ( 'NONE',  #3457 ) ;
#2021 = DIMENSIONAL_EXPONENTS ( 1.000000000000000000, 0.000000000000000000, 0.000000000000000000, 0.000000000000000000, 0.000000000000000000, 0.000000000000000000, 0.000000000000000000 ) ;
#2022 = CARTESIAN_POINT ( 'NONE',  ( -0.02499999999999999792, -1.707404996040164512E-17, 0.02500000000000000139 ) ) ;
#2023 =( LENGTH_UNIT ( ) NAMED_UNIT ( * ) SI_UNIT ( $, .METRE. ) );
#2024 = DIRECTION ( 'NONE',  ( 0.000000000000000000, 0.000000000000000000, -1.000000000000000000 ) ) ;
#2025 = FACE_OUTER_BOUND ( 'NONE', #3249, .T. ) ;
#2026 = ORIENTED_EDGE ( 'NONE', *, *, #4118, .T. ) ;
#2027 = AXIS2_PLACEMENT_3D ( 'NONE', #1744, #2531, #4355 ) ;
#2028 = EDGE_LOOP ( 'NONE', ( #3612, #1930 ) ) ;
#2029 = CARTESIAN_POINT ( 'NONE',  ( -0.02499999999999999792, 0.02350000000000000352, -0.02500000000000000139 ) ) ;
#2030 = ORIENTED_EDGE ( 'NONE', *, *, #4446, .T. ) ;
#2031 = ORIENTED_EDGE ( 'NONE', *, *, #1411, .F. ) ;
#2032 = DIRECTION ( 'NONE',  ( 0.000000000000000000, 0.000000000000000000, 1.000000000000000000 ) ) ;
#2033 = CARTESIAN_POINT ( 'NONE',  ( 0.02500000000000000486, -1.707404996040164512E-17, 0.02500000000000000139 ) ) ;
#2034 = DIRECTION ( 'NONE',  ( 0.000000000000000000, 0.000000000000000000, -1.000000000000000000 ) ) ;
#2035 = FACE_OUTER_BOUND ( 'NONE', #2207, .T. ) ;
#2036 = VERTEX_POINT ( 'NONE', #402 ) ;
#2037 = VERTEX_POINT ( 'NONE', #2299 ) ;
#2038 = CIRCLE ( 'NONE', #2678, 0.02150000000000000175 ) ;
#2039 = CARTESIAN_POINT ( 'NONE',  ( 0.07499999999999998335, 0.1660000000000000087, -0.02500000000000000139 ) ) ;
#2040 = EDGE_CURVE ( 'NONE', #1903, #696, #3075, .T. ) ;
#2041 = DIRECTION ( 'NONE',  ( 0.000000000000000000, 0.000000000000000000, -1.000000000000000000 ) ) ;
#2042 = ORIENTED_EDGE ( 'NONE', *, *, #778, .F. ) ;
#2043 = DIRECTION ( 'NONE',  ( -1.000000000000000000, 0.000000000000000000, -0.000000000000000000 ) ) ;
#2044 = DIRECTION ( 'NONE',  ( -1.000000000000000000, 0.000000000000000000, 0.000000000000000000 ) ) ;
#2045 = CARTESIAN_POINT ( 'NONE',  ( -0.02499999999999999792, 0.1260000000000000009, -0.04125000000000000194 ) ) ;
#2046 = CIRCLE ( 'NONE', #4060, 0.01624999999999999709 ) ;
#2047 = DIRECTION ( 'NONE',  ( 0.000000000000000000, 0.000000000000000000, -1.000000000000000000 ) ) ;
#2048 = DIRECTION ( 'NONE',  ( 0.000000000000000000, 0.000000000000000000, -1.000000000000000000 ) ) ;
#2049 = EDGE_CURVE ( 'NONE', #2361, #604, #2119, .T. ) ;
#2050 = ADVANCED_FACE ( 'NONE', ( #1942 ), #3077, .T. ) ;
#2051 = DIRECTION ( 'NONE',  ( -0.000000000000000000, -1.000000000000000000, -0.000000000000000000 ) ) ;
#2052 = AXIS2_PLACEMENT_3D ( 'NONE', #1084, #2619, #661 ) ;
#2053 = CARTESIAN_POINT ( 'NONE',  ( -0.02499999999999999792, -1.707404996040164512E-17, 0.03449999999999999595 ) ) ;
#2054 = ORIENTED_EDGE ( 'NONE', *, *, #1214, .T. ) ;
#2055 = CIRCLE ( 'NONE', #2222, 0.01850000000000000255 ) ;
#2056 = EDGE_LOOP ( 'NONE', ( #3997, #3754 ) ) ;
#2057 = CARTESIAN_POINT ( 'NONE',  ( 0.02500000000000000486, 0.1565000000000000280, 0.02500000000000000139 ) ) ;
#2058 = VERTEX_POINT ( 'NONE', #451 ) ;
#2059 = CIRCLE ( 'NONE', #1020, 0.01850000000000000949 ) ;
#2060 = EDGE_LOOP ( 'NONE', ( #1246, #703 ) ) ;
#2061 = DIRECTION ( 'NONE',  ( 0.000000000000000000, 0.000000000000000000, -1.000000000000000000 ) ) ;
#2062 = SURFACE_SIDE_STYLE ('',( #3971 ) ) ;
#2063 = CIRCLE ( 'NONE', #2554, 0.02150000000000000175 ) ;
#2064 = AXIS2_PLACEMENT_3D ( 'NONE', #794, #2686, #4212 ) ;
#2065 = CARTESIAN_POINT ( 'NONE',  ( -0.07499999999999999722, 0.02350000000000000352, 0.007500000000000003192 ) ) ;
#2066 = CARTESIAN_POINT ( 'NONE',  ( -0.03850000000000000644, -1.707404996040164512E-17, -0.02500000000000000139 ) ) ;
#2067 = ORIENTED_EDGE ( 'NONE', *, *, #1100, .T. ) ;
#2068 = COLOUR_RGB ( '',1.000000000000000000, 0.8117647058823529438, 0.5019607843137254832 ) ;
#2069 = ORIENTED_EDGE ( 'NONE', *, *, #2895, .F. ) ;
#2070 = CIRCLE ( 'NONE', #1027, 0.009499999999999994560 ) ;
#2071 = DIRECTION ( 'NONE',  ( 0.000000000000000000, 0.000000000000000000, -1.000000000000000000 ) ) ;
#2072 = FACE_OUTER_BOUND ( 'NONE', #3519, .T. ) ;
#2073 = ORIENTED_EDGE ( 'NONE', *, *, #3696, .F. ) ;
#2074 = DIRECTION ( 'NONE',  ( 0.000000000000000000, 0.000000000000000000, -1.000000000000000000 ) ) ;
#2075 = AXIS2_PLACEMENT_3D ( 'NONE', #4079, #4431, #1737 ) ;
#2076 = DIRECTION ( 'NONE',  ( -0.000000000000000000, -1.000000000000000000, -0.000000000000000000 ) ) ;
#2077 = FACE_OUTER_BOUND ( 'NONE', #388, .T. ) ;
#2078 = ADVANCED_FACE ( 'NONE', ( #2325 ), #3484, .T. ) ;
#2079 = CYLINDRICAL_SURFACE ( 'NONE', #1159, 0.02149999999999999481 ) ;
#2080 = SURFACE_SIDE_STYLE ('',( #3676 ) ) ;
#2081 = CARTESIAN_POINT ( 'NONE',  ( 0.02500000000000000486, 0.02349999999999998618, 0.02500000000000000139 ) ) ;
#2082 = CARTESIAN_POINT ( 'NONE',  ( -0.02499999999999999792, 0.008999999999999975034, 0.02500000000000000139 ) ) ;
#2083 = ADVANCED_FACE ( 'NONE', ( #2423 ), #2350, .T. ) ;
#2085 = ORIENTED_EDGE ( 'NONE', *, *, #38, .T. ) ;
#2084 = EDGE_CURVE ( 'NONE', #3276, #4605, #588, .T. ) ;
#2086 = ORIENTED_EDGE ( 'NONE', *, *, #3500, .T. ) ;
#2087 = FACE_OUTER_BOUND ( 'NONE', #1401, .T. ) ;
#2088 = ORIENTED_EDGE ( 'NONE', *, *, #1947, .F. ) ;
#2089 = ORIENTED_EDGE ( 'NONE', *, *, #1803, .T. ) ;
#2090 = FACE_OUTER_BOUND ( 'NONE', #1736, .T. ) ;
#2091 = ADVANCED_FACE ( 'NONE', ( #2130 ), #1665, .T. ) ;
#2092 = VERTEX_POINT ( 'NONE', #4757 ) ;
#2093 = DIRECTION ( 'NONE',  ( -0.000000000000000000, -1.000000000000000000, -0.000000000000000000 ) ) ;
#2094 = LINE ( 'NONE', #1252, #1537 ) ;
#2095 = SHAPE_DEFINITION_REPRESENTATION ( #2954, #3881 ) ;
#2096 = VECTOR ( 'NONE', #1993, 39.37007874015748854 ) ;
#2097 = ORIENTED_EDGE ( 'NONE', *, *, #4422, .T. ) ;
#2098 = CIRCLE ( 'NONE', #653, 0.01624999999999999709 ) ;
#2099 = CYLINDRICAL_SURFACE ( 'NONE', #432, 0.01850000000000000949 ) ;
#2100 = DIRECTION ( 'NONE',  ( -0.000000000000000000, -1.000000000000000000, -0.000000000000000000 ) ) ;
#2101 = ORIENTED_EDGE ( 'NONE', *, *, #382, .F. ) ;
#2102 = CARTESIAN_POINT ( 'NONE',  ( 0.02500000000000000486, -1.707404996040164512E-17, -0.02500000000000000139 ) ) ;
#2103 = FACE_BOUND ( 'NONE', #1167, .T. ) ;
#2104 = CARTESIAN_POINT ( 'NONE',  ( -0.07499999999999999722, -1.707404996040164512E-17, 0.02500000000000000139 ) ) ;
#2105 = CIRCLE ( 'NONE', #2190, 0.01750000000000000167 ) ;
#2106 = DIRECTION ( 'NONE',  ( -0.000000000000000000, -1.000000000000000000, -0.000000000000000000 ) ) ;
#2107 = DIRECTION ( 'NONE',  ( -0.000000000000000000, -1.000000000000000000, -0.000000000000000000 ) ) ;
#2108 = CARTESIAN_POINT ( 'NONE',  ( -0.04350000000000000394, 0.008999999999999975034, -0.02500000000000000139 ) ) ;
#2109 = CARTESIAN_POINT ( 'NONE',  ( -0.02499999999999999792, -1.707404996040164512E-17, 0.01149999999999999634 ) ) ;
#2110 = VECTOR ( 'NONE', #3551, 39.37007874015748854 ) ;
#2111 = ORIENTED_EDGE ( 'NONE', *, *, #249, .F. ) ;
#2112 = ORIENTED_EDGE ( 'NONE', *, *, #730, .T. ) ;
#2113 = DIRECTION ( 'NONE',  ( 1.000000000000000000, 0.000000000000000000, 0.000000000000000000 ) ) ;
#2114 = CIRCLE ( 'NONE', #3147, 0.01350000000000001026 ) ;
#2115 = ORIENTED_EDGE ( 'NONE', *, *, #2747, .T. ) ;
#2116 = EDGE_CURVE ( 'NONE', #3146, #710, #3730, .T. ) ;
#2117 = ORIENTED_EDGE ( 'NONE', *, *, #4531, .F. ) ;
#2118 = ADVANCED_FACE ( 'NONE', ( #2072 ), #1767, .T. ) ;
#2119 = CIRCLE ( 'NONE', #906, 0.01750000000000000513 ) ;
#2120 = DIRECTION ( 'NONE',  ( 0.000000000000000000, 0.000000000000000000, 1.000000000000000000 ) ) ;
#2121 = ORIENTED_EDGE ( 'NONE', *, *, #4245, .F. ) ;
#2122 = DIRECTION ( 'NONE',  ( -0.000000000000000000, -1.000000000000000000, -0.000000000000000000 ) ) ;
#2123 = VECTOR ( 'NONE', #1762, 39.37007874015748143 ) ;
#2124 = EDGE_CURVE ( 'NONE', #200, #3615, #533, .T. ) ;
#2125 = CARTESIAN_POINT ( 'NONE',  ( 0.02500000000000000486, 0.1565000000000000280, -0.02500000000000000139 ) ) ;
#2126 = EDGE_CURVE ( 'NONE', #2517, #2464, #2199, .T. ) ;
#2127 = CARTESIAN_POINT ( 'NONE',  ( -0.07499999999999999722, 0.1565000000000000280, 0.02500000000000000139 ) ) ;
#2128 = CLOSED_SHELL ( 'NONE', ( #1143, #103, #273, #2722, #437, #2145, #4929, #3324, #4815, #1494, #3525, #4840, #1766, #4745, #846, #4111, #3226, #4454, #4555 ) ) ;
#2129 = CARTESIAN_POINT ( 'NONE',  ( 0.07499999999999999722, 0.1260000000000000009, 0.02500000000000000139 ) ) ;
#2130 = FACE_OUTER_BOUND ( 'NONE', #1703, .T. ) ;
#2131 = ORIENTED_EDGE ( 'NONE', *, *, #1894, .T. ) ;
#2132 = FACE_OUTER_BOUND ( 'NONE', #3817, .T. ) ;
#2133 = DIRECTION ( 'NONE',  ( 0.000000000000000000, 0.000000000000000000, 1.000000000000000000 ) ) ;
#2134 = CARTESIAN_POINT ( 'NONE',  ( 0.02500000000000000486, 0.02350000000000000352, 0.02500000000000000139 ) ) ;
#2135 = CARTESIAN_POINT ( 'NONE',  ( 0.07499999999999999722, -1.707404996040164512E-17, -0.007500000000000001457 ) ) ;
#2136 = DIRECTION ( 'NONE',  ( 0.000000000000000000, 0.000000000000000000, -1.000000000000000000 ) ) ;
#2137 = VECTOR ( 'NONE', #3771, 39.37007874015748143 ) ;
#2138 = DIRECTION ( 'NONE',  ( 0.000000000000000000, 0.000000000000000000, 1.000000000000000000 ) ) ;
#2139 = ORIENTED_EDGE ( 'NONE', *, *, #3524, .F. ) ;
#2140 = AXIS2_PLACEMENT_3D ( 'NONE', #2479, #561, #4357 ) ;
#2141 = CARTESIAN_POINT ( 'NONE',  ( -0.02499999999999999792, 0.02350000000000000352, 0.04249999999999993366 ) ) ;
#2142 = ORIENTED_EDGE ( 'NONE', *, *, #3958, .T. ) ;
#2143 = AXIS2_PLACEMENT_3D ( 'NONE', #1365, #2013, #558 ) ;
#2144 = CARTESIAN_POINT ( 'NONE',  ( 0.02500000000000000486, 0.09849999999999999034, -0.02500000000000000139 ) ) ;
#2145 = ADVANCED_FACE ( 'NONE', ( #943 ), #3982, .T. ) ;
#2146 = ORIENTED_EDGE ( 'NONE', *, *, #1642, .T. ) ;
#2147 = DIRECTION ( 'NONE',  ( -0.000000000000000000, -1.000000000000000000, -0.000000000000000000 ) ) ;
#2148 = DIRECTION ( 'NONE',  ( 0.000000000000000000, 0.000000000000000000, -1.000000000000000000 ) ) ;
#2149 = SURFACE_STYLE_USAGE ( .BOTH. , #3690 ) ;
#2150 = ADVANCED_FACE ( 'NONE', ( #2477 ), #4010, .T. ) ;
#2151 = EDGE_CURVE ( 'NONE', #229, #1408, #2202, .T. ) ;
#2152 = EDGE_CURVE ( 'NONE', #4670, #4768, #1706, .T. ) ;
#2153 = CARTESIAN_POINT ( 'NONE',  ( -0.06550000000000003042, 0.1565000000000000280, 0.02500000000000000139 ) ) ;
#2154 = DIRECTION ( 'NONE',  ( 0.000000000000000000, 0.000000000000000000, -1.000000000000000000 ) ) ;
#2155 = EDGE_LOOP ( 'NONE', ( #1088, #2490, #1007, #721 ) ) ;
#2156 = CYLINDRICAL_SURFACE ( 'NONE', #1059, 0.02149999999999999481 ) ;
#2157 = LINE ( 'NONE', #2266, #3554 ) ;
#2158 = ORIENTED_EDGE ( 'NONE', *, *, #4315, .F. ) ;
#2159 = AXIS2_PLACEMENT_3D ( 'NONE', #2957, #4884, #1001 ) ;
#2160 = VECTOR ( 'NONE', #1752, 39.37007874015748143 ) ;
#2161 = EDGE_CURVE ( 'NONE', #1269, #4295, #188, .T. ) ;
#2162 = UNCERTAINTY_MEASURE_WITH_UNIT (LENGTH_MEASURE( 1.000000000000000082E-05 ), #2009, 'distance_accuracy_value', 'NONE');
#2163 = DIRECTION ( 'NONE',  ( -0.000000000000000000, -1.000000000000000000, -0.000000000000000000 ) ) ;
#2164 = CIRCLE ( 'NONE', #4553, 0.009499999999999994560 ) ;
#2165 = LINE ( 'NONE', #4158, #927 ) ;
#2166 = UNCERTAINTY_MEASURE_WITH_UNIT (LENGTH_MEASURE( 1.000000000000000082E-05 ), #4742, 'distance_accuracy_value', 'NONE');
#2167 = EDGE_LOOP ( 'NONE', ( #4448, #3940 ) ) ;
#2168 = CARTESIAN_POINT ( 'NONE',  ( 0.02500000000000000486, 0.008999999999999975034, -0.03850000000000001338 ) ) ;
#2169 = VERTEX_POINT ( 'NONE', #590 ) ;
#2170 = DIRECTION ( 'NONE',  ( -0.000000000000000000, -1.000000000000000000, -0.000000000000000000 ) ) ;
#2171 = ORIENTED_EDGE ( 'NONE', *, *, #669, .T. ) ;
#2173 = ORIENTED_EDGE ( 'NONE', *, *, #2018, .F. ) ;
#2172 = CYLINDRICAL_SURFACE ( 'NONE', #4005, 0.01749999999999999820 ) ;
#2174 = DIRECTION ( 'NONE',  ( 0.000000000000000000, -0.000000000000000000, 1.000000000000000000 ) ) ;
#2175 =( CONVERSION_BASED_UNIT ( 'INCH', #2551 ) LENGTH_UNIT ( ) NAMED_UNIT ( #1631 ) );
#2176 = CARTESIAN_POINT ( 'NONE',  ( -0.02499999999999999792, -1.707404996040164512E-17, -0.02500000000000000139 ) ) ;
#2177 = CARTESIAN_POINT ( 'NONE',  ( 0.02500000000000000486, 0.1260000000000000009, 0.02500000000000000139 ) ) ;
#2178 = EDGE_LOOP ( 'NONE', ( #477, #958, #414, #3717 ) ) ;
#2179 = DIRECTION ( 'NONE',  ( 0.000000000000000000, 0.000000000000000000, -1.000000000000000000 ) ) ;
#2180 = ADVANCED_FACE ( 'NONE', ( #3263 ), #559, .T. ) ;
#2181 = AXIS2_PLACEMENT_3D ( 'NONE', #1233, #1749, #4386 ) ;
#2182 = EDGE_CURVE ( 'NONE', #4395, #2437, #3649, .T. ) ;
#2183 = ORIENTED_EDGE ( 'NONE', *, *, #844, .F. ) ;
#2184 = AXIS2_PLACEMENT_3D ( 'NONE', #2317, #4616, #4150 ) ;
#2185 = AXIS2_PLACEMENT_3D ( 'NONE', #2354, #1595, #407 ) ;
#2186 = DIRECTION ( 'NONE',  ( 0.000000000000000000, 0.000000000000000000, -1.000000000000000000 ) ) ;
#2187 = SURFACE_SIDE_STYLE ('',( #2276 ) ) ;
#2188 = CARTESIAN_POINT ( 'NONE',  ( 0.07499999999999999722, 0.1260000000000000009, -0.02500000000000000139 ) ) ;
#2189 = EDGE_CURVE ( 'NONE', #2836, #4514, #132, .T. ) ;
#2190 = AXIS2_PLACEMENT_3D ( 'NONE', #397, #4572, #376 ) ;
#2191 = DIRECTION ( 'NONE',  ( -0.000000000000000000, -1.000000000000000000, -0.000000000000000000 ) ) ;
#2192 = ORIENTED_EDGE ( 'NONE', *, *, #2328, .T. ) ;
#2193 = AXIS2_PLACEMENT_3D ( 'NONE', #2713, #3923, #1176 ) ;
#2194 = CARTESIAN_POINT ( 'NONE',  ( 0.02500000000000000486, 0.1565000000000000280, 0.03449999999999999595 ) ) ;
#2195 = VERTEX_POINT ( 'NONE', #3288 ) ;
#2196 = DIRECTION ( 'NONE',  ( 0.000000000000000000, 0.000000000000000000, -1.000000000000000000 ) ) ;
#2197 = AXIS2_PLACEMENT_3D ( 'NONE', #3097, #4240, #2341 ) ;
#2198 = DIRECTION ( 'NONE',  ( 0.000000000000000000, 0.000000000000000000, -1.000000000000000000 ) ) ;
#2199 = CIRCLE ( 'NONE', #1390, 0.01750000000000000513 ) ;
#2200 = PRODUCT ( '855-22-008-30-004101', '855-22-008-30-004101', '', ( #909 ) ) ;
#2201 = DIRECTION ( 'NONE',  ( 0.000000000000000000, 0.000000000000000000, -1.000000000000000000 ) ) ;
#2202 = CIRCLE ( 'NONE', #1944, 0.01749999999999999820 ) ;
#2203 = CARTESIAN_POINT ( 'NONE',  ( -0.07499999999999999722, 0.008999999999999975034, 0.006499999999999997967 ) ) ;
#2204 = DIRECTION ( 'NONE',  ( 0.000000000000000000, 0.000000000000000000, -1.000000000000000000 ) ) ;
#2205 = ORIENTED_EDGE ( 'NONE', *, *, #1100, .F. ) ;
#2206 = DIRECTION ( 'NONE',  ( 0.000000000000000000, 0.000000000000000000, 1.000000000000000000 ) ) ;
#2207 = EDGE_LOOP ( 'NONE', ( #1442, #4428, #1850, #1485 ) ) ;
#2208 = EDGE_CURVE ( 'NONE', #4768, #4670, #3767, .T. ) ;
#2209 = DIRECTION ( 'NONE',  ( 0.000000000000000000, 0.000000000000000000, -1.000000000000000000 ) ) ;
#2210 = DIRECTION ( 'NONE',  ( 0.000000000000000000, 0.000000000000000000, -1.000000000000000000 ) ) ;
#2211 = ADVANCED_FACE ( 'NONE', ( #4152 ), #2224, .F. ) ;
#2212 = ADVANCED_FACE ( 'NONE', ( #709, #4880 ), #2642, .F. ) ;
#2213 = DIRECTION ( 'NONE',  ( 0.000000000000000000, 0.000000000000000000, 1.000000000000000000 ) ) ;
#2214 = ORIENTED_EDGE ( 'NONE', *, *, #2324, .F. ) ;
#2215 = CARTESIAN_POINT ( 'NONE',  ( 0.02500000000000000486, 0.1260000000000000009, -0.02500000000000000139 ) ) ;
#2216 = AXIS2_PLACEMENT_3D ( 'NONE', #1565, #2277, #4577 ) ;
#2217 = ORIENTED_EDGE ( 'NONE', *, *, #2449, .F. ) ;
#2218 = DIRECTION ( 'NONE',  ( -0.000000000000000000, -1.000000000000000000, -0.000000000000000000 ) ) ;
#2219 = FACE_OUTER_BOUND ( 'NONE', #2819, .T. ) ;
#2220 = CIRCLE ( 'NONE', #4140, 0.01625000000000000056 ) ;
#2221 = CARTESIAN_POINT ( 'NONE',  ( 0.07499999999999999722, 0.1260000000000000009, 0.04125000000000000194 ) ) ;
#2222 = AXIS2_PLACEMENT_3D ( 'NONE', #226, #4364, #3182 ) ;
#2223 = DIRECTION ( 'NONE',  ( 8.659560562354932858E-17, -0.7071067811865474617, 0.7071067811865474617 ) ) ;
#2224 = CYLINDRICAL_SURFACE ( 'NONE', #1175, 0.01749999999999999820 ) ;
#2225 = EDGE_LOOP ( 'NONE', ( #4220, #4758 ) ) ;
#2226 = DIRECTION ( 'NONE',  ( 0.000000000000000000, 0.000000000000000000, 1.000000000000000000 ) ) ;
#2227 = AXIS2_PLACEMENT_3D ( 'NONE', #4055, #1307, #1683 ) ;
#2228 = ORIENTED_EDGE ( 'NONE', *, *, #1865, .F. ) ;
#2229 = CONICAL_SURFACE ( 'NONE', #3280, 0.01625000000000000056, 0.7853981633974482790 ) ;
#2230 = CARTESIAN_POINT ( 'NONE',  ( 0.02500000000000000486, 0.02350000000000000352, 0.04249999999999999611 ) ) ;
#2231 = DIRECTION ( 'NONE',  ( -0.000000000000000000, -1.000000000000000000, -0.000000000000000000 ) ) ;
#2232 = DIRECTION ( 'NONE',  ( 0.000000000000000000, 0.000000000000000000, -1.000000000000000000 ) ) ;
#2233 = AXIS2_PLACEMENT_3D ( 'NONE', #4305, #428, #4229 ) ;
#2234 = VECTOR ( 'NONE', #3785, 39.37007874015748143 ) ;
#2235 = DIRECTION ( 'NONE',  ( 0.000000000000000000, 0.000000000000000000, -1.000000000000000000 ) ) ;
#2236 = VERTEX_POINT ( 'NONE', #1484 ) ;
#2237 = EDGE_CURVE ( 'NONE', #1624, #3370, #1085, .T. ) ;
#2238 = ADVANCED_FACE ( 'NONE', ( #2973 ), #4925, .T. ) ;
#2239 = CYLINDRICAL_SURFACE ( 'NONE', #1926, 0.01750000000000000513 ) ;
#2240 = VERTEX_POINT ( 'NONE', #1109 ) ;
#2242 = VERTEX_POINT ( 'NONE', #684 ) ;
#2241 = DIRECTION ( 'NONE',  ( 0.000000000000000000, 1.000000000000000000, 0.000000000000000000 ) ) ;
#2243 = CARTESIAN_POINT ( 'NONE',  ( -0.02499999999999999792, 0.02349999999999998618, -0.04649999999999999967 ) ) ;
#2244 = ADVANCED_FACE ( 'NONE', ( #638 ), #4951, .T. ) ;
#2245 = PLANE ( 'NONE',  #991 ) ;
#2246 = DIRECTION ( 'NONE',  ( 0.000000000000000000, 0.000000000000000000, -1.000000000000000000 ) ) ;
#2247 = VECTOR ( 'NONE', #205, 39.37007874015748143 ) ;
#2248 = CARTESIAN_POINT ( 'NONE',  ( -0.02499999999999999792, 0.02350000000000000352, 0.02500000000000000139 ) ) ;
#2249 = LINE ( 'NONE', #284, #2234 ) ;
#2250 = EDGE_LOOP ( 'NONE', ( #2893, #520, #4969, #1129 ) ) ;
#2251 = FILL_AREA_STYLE ('',( #1841 ) ) ;
#2252 = ORIENTED_EDGE ( 'NONE', *, *, #213, .F. ) ;
#2253 = DIRECTION ( 'NONE',  ( 0.000000000000000000, 0.000000000000000000, 1.000000000000000000 ) ) ;
#2254 = CARTESIAN_POINT ( 'NONE',  ( 0.07499999999999999722, 0.01499999999999997689, -0.04649999999999999967 ) ) ;
#2255 = CARTESIAN_POINT ( 'NONE',  ( 0.07499999999999999722, 0.02349999999999998618, -0.04649999999999999967 ) ) ;
#2256 = CIRCLE ( 'NONE', #3309, 0.01350000000000000679 ) ;
#2257 = PRODUCT_DEFINITION_CONTEXT ( 'detailed design', #2675, 'design' ) ;
#2258 = ORIENTED_EDGE ( 'NONE', *, *, #726, .F. ) ;
#2259 = AXIS2_PLACEMENT_3D ( 'NONE', #241, #2206, #331 ) ;
#2260 = CARTESIAN_POINT ( 'NONE',  ( 0.02500000000000000486, 0.008999999999999975034, -0.02500000000000000139 ) ) ;
#2261 = ORIENTED_EDGE ( 'NONE', *, *, #2208, .F. ) ;
#2262 = EDGE_CURVE ( 'NONE', #3113, #1875, #2249, .T. ) ;
#2263 = CARTESIAN_POINT ( 'NONE',  ( 0.07499999999999999722, 0.01499999999999997689, -0.003500000000000006144 ) ) ;
#2264 = EDGE_CURVE ( 'NONE', #1393, #2242, #3437, .T. ) ;
#2265 = CARTESIAN_POINT ( 'NONE',  ( -0.07499999999999999722, 0.008999999999999975034, 0.03850000000000001338 ) ) ;
#2266 = CARTESIAN_POINT ( 'NONE',  ( -0.1074999999999999983, 0.09849999999999999034, 0.05999999999999999778 ) ) ;
#2267 = CARTESIAN_POINT ( 'NONE',  ( -0.07499999999999999722, -1.707404996040164512E-17, -0.04350000000000001088 ) ) ;
#2268 = EDGE_CURVE ( 'NONE', #2304, #1976, #2391, .T. ) ;
#2269 = EDGE_CURVE ( 'NONE', #3924, #4686, #4801, .T. ) ;
#2270 = DIRECTION ( 'NONE',  ( 0.000000000000000000, 0.000000000000000000, -1.000000000000000000 ) ) ;
#2271 = CARTESIAN_POINT ( 'NONE',  ( -0.02499999999999999792, 0.1260000000000000009, -0.02500000000000000139 ) ) ;
#2272 = ORIENTED_EDGE ( 'NONE', *, *, #3376, .F. ) ;
#2273 =( NAMED_UNIT ( * ) SI_UNIT ( $, .STERADIAN. ) SOLID_ANGLE_UNIT ( ) );
#2274 = ORIENTED_EDGE ( 'NONE', *, *, #2651, .T. ) ;
#2275 = AXIS2_PLACEMENT_3D ( 'NONE', #1612, #1538, #804 ) ;
#2276 = SURFACE_STYLE_FILL_AREA ( #3366 ) ;
#2277 = DIRECTION ( 'NONE',  ( -0.000000000000000000, -1.000000000000000000, -0.000000000000000000 ) ) ;
#2278 = VERTEX_POINT ( 'NONE', #1506 ) ;
#2279 = DIRECTION ( 'NONE',  ( 0.000000000000000000, 0.000000000000000000, -1.000000000000000000 ) ) ;
#2280 = ORIENTED_EDGE ( 'NONE', *, *, #2816, .T. ) ;
#2282 = EDGE_LOOP ( 'NONE', ( #4968, #4800 ) ) ;
#2281 = CYLINDRICAL_SURFACE ( 'NONE', #1819, 0.01749999999999999820 ) ;
#2283 = VERTEX_POINT ( 'NONE', #3737 ) ;
#2284 = CARTESIAN_POINT ( 'NONE',  ( 0.07499999999999999722, 0.02349999999999998618, 0.003500000000000006144 ) ) ;
#2285 = VECTOR ( 'NONE', #829, 39.37007874015748143 ) ;
#2286 = CARTESIAN_POINT ( 'NONE',  ( -0.07499999999999999722, -1.707404996040164512E-17, 0.01149999999999999634 ) ) ;
#2287 = EDGE_CURVE ( 'NONE', #3455, #2621, #4955, .T. ) ;
#2288 = FACE_OUTER_BOUND ( 'NONE', #1192, .T. ) ;
#2289 = AXIS2_PLACEMENT_3D ( 'NONE', #3507, #3052, #56 ) ;
#2290 = DIRECTION ( 'NONE',  ( -0.000000000000000000, 1.000000000000000000, -0.000000000000000000 ) ) ;
#2291 = EDGE_LOOP ( 'NONE', ( #4905, #3824, #2311, #2654 ) ) ;
#2292 = LENGTH_MEASURE_WITH_UNIT ( LENGTH_MEASURE( 0.02539999999999999897 ), #4487 );
#2293 = EDGE_CURVE ( 'NONE', #961, #1768, #3286, .T. ) ;
#2294 = ORIENTED_EDGE ( 'NONE', *, *, #3892, .T. ) ;
#2295 = EDGE_CURVE ( 'NONE', #4586, #3134, #3112, .T. ) ;
#2296 = AXIS2_PLACEMENT_3D ( 'NONE', #4445, #1698, #2861 ) ;
#2297 = DIRECTION ( 'NONE',  ( 0.000000000000000000, 0.000000000000000000, -1.000000000000000000 ) ) ;
#2298 = VECTOR ( 'NONE', #1477, 39.37007874015748143 ) ;
#2299 = CARTESIAN_POINT ( 'NONE',  ( 0.07499999999999999722, 0.02349999999999998618, -0.003500000000000006144 ) ) ;
#2300 = DIRECTION ( 'NONE',  ( -0.000000000000000000, -1.000000000000000000, -0.000000000000000000 ) ) ;
#2301 = ADVANCED_FACE ( 'NONE', ( #3714 ), #1816, .T. ) ;
#2302 = AXIS2_PLACEMENT_3D ( 'NONE', #2839, #2894, #4073 ) ;
#2303 = FACE_OUTER_BOUND ( 'NONE', #2752, .T. ) ;
#2304 = VERTEX_POINT ( 'NONE', #3337 ) ;
#2305 = MECHANICAL_DESIGN_GEOMETRIC_PRESENTATION_REPRESENTATION (  '', ( #1099 ), #137 ) ;
#2306 = DIRECTION ( 'NONE',  ( -0.000000000000000000, 1.000000000000000000, -0.000000000000000000 ) ) ;
#2307 = AXIS2_PLACEMENT_3D ( 'NONE', #495, #4239, #905 ) ;
#2308 = CIRCLE ( 'NONE', #774, 0.02149999999999999481 ) ;
#2309 = VERTEX_POINT ( 'NONE', #1063 ) ;
#2311 = ORIENTED_EDGE ( 'NONE', *, *, #215, .F. ) ;
#2310 = CARTESIAN_POINT ( 'NONE',  ( 0.01550000000000000856, 0.1565000000000000280, -0.02500000000000000139 ) ) ;
#2312 = ORIENTED_EDGE ( 'NONE', *, *, #4960, .T. ) ;
#2313 = VERTEX_POINT ( 'NONE', #3361 ) ;
#2314 = DIRECTION ( 'NONE',  ( -0.000000000000000000, -1.000000000000000000, -0.000000000000000000 ) ) ;
#2315 = CIRCLE ( 'NONE', #305, 0.009499999999999994560 ) ;
#2316 = CARTESIAN_POINT ( 'NONE',  ( 0.07499999999999999722, 0.09849999999999999034, -0.02500000000000000139 ) ) ;
#2317 = CARTESIAN_POINT ( 'NONE',  ( -0.07499999999999999722, 0.1260000000000000009, 0.02500000000000000139 ) ) ;
#2318 = DIRECTION ( 'NONE',  ( 0.000000000000000000, 0.000000000000000000, -1.000000000000000000 ) ) ;
#2319 = ORIENTED_EDGE ( 'NONE', *, *, #579, .T. ) ;
#2320 = CARTESIAN_POINT ( 'NONE',  ( -0.07499999999999999722, -1.707404996040164512E-17, -0.02500000000000000139 ) ) ;
#2321 = ORIENTED_EDGE ( 'NONE', *, *, #2528, .T. ) ;
#2322 = EDGE_CURVE ( 'NONE', #2621, #3455, #372, .T. ) ;
#2323 = DIRECTION ( 'NONE',  ( 0.000000000000000000, 1.000000000000000000, 0.000000000000000000 ) ) ;
#2324 = EDGE_CURVE ( 'NONE', #3626, #3694, #1460, .T. ) ;
#2325 = FACE_OUTER_BOUND ( 'NONE', #3682, .T. ) ;
#2326 = CARTESIAN_POINT ( 'NONE',  ( 0.02500000000000000486, 0.008999999999999975034, -0.02500000000000000139 ) ) ;
#2327 = CARTESIAN_POINT ( 'NONE',  ( -0.02499999999999999792, 0.02349999999999998618, 0.02500000000000000139 ) ) ;
#2328 = EDGE_CURVE ( 'NONE', #1240, #4773, #861, .T. ) ;
#2329 = AXIS2_PLACEMENT_3D ( 'NONE', #3176, #830, #193 ) ;
#2330 = AXIS2_PLACEMENT_3D ( 'NONE', #948, #2452, #595 ) ;
#2331 = CARTESIAN_POINT ( 'NONE',  ( 0.07499999999999999722, 0.01499999999999997689, 0.02500000000000000139 ) ) ;
#2332 = ORIENTED_EDGE ( 'NONE', *, *, #3852, .F. ) ;
#2333 = AXIS2_PLACEMENT_3D ( 'NONE', #2940, #4558, #1450 ) ;
#2334 = DIRECTION ( 'NONE',  ( -0.000000000000000000, -1.000000000000000000, -0.000000000000000000 ) ) ;
#2335 = ORIENTED_EDGE ( 'NONE', *, *, #2293, .T. ) ;
#2336 = ORIENTED_EDGE ( 'NONE', *, *, #2491, .T. ) ;
#2337 = DIRECTION ( 'NONE',  ( 0.000000000000000000, 1.000000000000000000, 0.000000000000000000 ) ) ;
#2338 = CARTESIAN_POINT ( 'NONE',  ( -0.07499999999999999722, 0.1260000000000000009, -0.04125000000000000194 ) ) ;
#2339 = DIRECTION ( 'NONE',  ( -0.000000000000000000, 1.000000000000000000, -0.000000000000000000 ) ) ;
#2340 = CARTESIAN_POINT ( 'NONE',  ( -0.08850000000000000921, -1.707404996040164512E-17, -0.02500000000000000139 ) ) ;
#2341 = DIRECTION ( 'NONE',  ( 0.000000000000000000, 0.000000000000000000, -1.000000000000000000 ) ) ;
#2342 = ORIENTED_EDGE ( 'NONE', *, *, #3462, .F. ) ;
#2343 = FACE_OUTER_BOUND ( 'NONE', #3635, .T. ) ;
#2344 = ORIENTED_EDGE ( 'NONE', *, *, #143, .F. ) ;
#2345 = DIRECTION ( 'NONE',  ( 0.000000000000000000, 0.000000000000000000, -1.000000000000000000 ) ) ;
#2346 = VECTOR ( 'NONE', #4406, 39.37007874015748143 ) ;
#2347 = CARTESIAN_POINT ( 'NONE',  ( -0.07499999999999999722, -1.707404996040164512E-17, 0.02500000000000000139 ) ) ;
#2348 = CARTESIAN_POINT ( 'NONE',  ( 0.07499999999999999722, 0.02349999999999998618, 0.02500000000000000139 ) ) ;
#2349 = UNCERTAINTY_MEASURE_WITH_UNIT (LENGTH_MEASURE( 1.000000000000000082E-05 ), #511, 'distance_accuracy_value', 'NONE');
#2350 = CONICAL_SURFACE ( 'NONE', #3152, 0.01625000000000000056, 0.7853981633974482790 ) ;
#2351 = EDGE_CURVE ( 'NONE', #1610, #548, #3790, .T. ) ;
#2352 = CIRCLE ( 'NONE', #1470, 0.01624999999999999709 ) ;
#2353 = CARTESIAN_POINT ( 'NONE',  ( -0.07499999999999999722, 0.02350000000000000352, 0.02500000000000000139 ) ) ;
#2354 = CARTESIAN_POINT ( 'NONE',  ( 0.02500000000000000486, 0.008999999999999975034, -0.02500000000000000139 ) ) ;
#2355 = EDGE_CURVE ( 'NONE', #2825, #3332, #2164, .T. ) ;
#2357 = ORIENTED_EDGE ( 'NONE', *, *, #2208, .T. ) ;
#2356 = EDGE_CURVE ( 'NONE', #2840, #3515, #1349, .T. ) ;
#2358 = ORIENTED_EDGE ( 'NONE', *, *, #4933, .F. ) ;
#2359 = CARTESIAN_POINT ( 'NONE',  ( -0.02499999999999999792, 0.02350000000000000352, -0.007500000000000003192 ) ) ;
#2360 = VERTEX_POINT ( 'NONE', #4860 ) ;
#2361 = VERTEX_POINT ( 'NONE', #713 ) ;
#2362 = CARTESIAN_POINT ( 'NONE',  ( 0.02500000000000000486, 0.01499999999999997689, 0.02500000000000000139 ) ) ;
#2363 = CARTESIAN_POINT ( 'NONE',  ( 0.07499999999999999722, 0.09849999999999999034, 0.007500000000000003192 ) ) ;
#2364 = DIRECTION ( 'NONE',  ( 0.000000000000000000, 0.000000000000000000, -1.000000000000000000 ) ) ;
#2365 = SPHERICAL_SURFACE ( 'NONE', #4082, 0.009499999999999985886 ) ;
#2366 = DIRECTION ( 'NONE',  ( -0.000000000000000000, -1.000000000000000000, -0.000000000000000000 ) ) ;
#2367 = ORIENTED_EDGE ( 'NONE', *, *, #4531, .T. ) ;
#2368 = SPHERICAL_SURFACE ( 'NONE', #1453, 0.009499999999999985886 ) ;
#2369 = VERTEX_POINT ( 'NONE', #3318 ) ;
#2370 = CONICAL_SURFACE ( 'NONE', #4461, 0.01625000000000000056, 0.7853981633974482790 ) ;
#2371 = LINE ( 'NONE', #2767, #4937 ) ;
#2372 = CARTESIAN_POINT ( 'NONE',  ( -0.02499999999999999792, 0.1247499999999999998, -0.02500000000000000139 ) ) ;
#2373 = LINE ( 'NONE', #30, #3012 ) ;
#2374 = CIRCLE ( 'NONE', #1812, 0.009499999999999994560 ) ;
#2375 = FACE_BOUND ( 'NONE', #1255, .T. ) ;
#2376 = CARTESIAN_POINT ( 'NONE',  ( 0.06550000000000000266, 0.1565000000000000280, 0.02500000000000000139 ) ) ;
#2377 = VECTOR ( 'NONE', #2241, 39.37007874015748143 ) ;
#2378 = DIRECTION ( 'NONE',  ( -0.000000000000000000, -1.000000000000000000, -0.000000000000000000 ) ) ;
#2379 = ORIENTED_EDGE ( 'NONE', *, *, #2264, .F. ) ;
#2380 = ORIENTED_EDGE ( 'NONE', *, *, #4483, .F. ) ;
#2381 = AXIS2_PLACEMENT_3D ( 'NONE', #2057, #3248, #2518 ) ;
#2382 = DIRECTION ( 'NONE',  ( 0.000000000000000000, 0.000000000000000000, -1.000000000000000000 ) ) ;
#2383 = VERTEX_POINT ( 'NONE', #1821 ) ;
#2384 = VERTEX_POINT ( 'NONE', #4489 ) ;
#2385 = ADVANCED_FACE ( 'NONE', ( #3365 ), #644, .T. ) ;
#2386 = DIRECTION ( 'NONE',  ( -0.000000000000000000, -1.000000000000000000, -0.000000000000000000 ) ) ;
#2387 = EDGE_CURVE ( 'NONE', #4476, #3515, #334, .T. ) ;
#2388 = DIRECTION ( 'NONE',  ( -0.000000000000000000, -1.000000000000000000, -0.000000000000000000 ) ) ;
#2389 = FILL_AREA_STYLE ('',( #848 ) ) ;
#2390 = DIRECTION ( 'NONE',  ( 0.000000000000000000, 0.000000000000000000, -1.000000000000000000 ) ) ;
#2391 = CIRCLE ( 'NONE', #3516, 0.01350000000000000679 ) ;
#2392 = EDGE_CURVE ( 'NONE', #3749, #959, #4468, .T. ) ;
#2393 = CARTESIAN_POINT ( 'NONE',  ( -0.02499999999999999792, -1.707404996040164512E-17, -0.02500000000000000139 ) ) ;
#2394 = ORIENTED_EDGE ( 'NONE', *, *, #2747, .F. ) ;
#2395 = ORIENTED_EDGE ( 'NONE', *, *, #1983, .F. ) ;
#2396 = CYLINDRICAL_SURFACE ( 'NONE', #1888, 0.01850000000000000255 ) ;
#2397 = DIRECTION ( 'NONE',  ( 0.000000000000000000, -1.000000000000000000, -0.000000000000000000 ) ) ;
#2398 = VERTEX_POINT ( 'NONE', #3002 ) ;
#2399 = CARTESIAN_POINT ( 'NONE',  ( -0.07499999999999999722, 0.02350000000000000352, -0.007500000000000003192 ) ) ;
#2400 = DIRECTION ( 'NONE',  ( -0.000000000000000000, 1.000000000000000000, -0.000000000000000000 ) ) ;
#2401 = DIRECTION ( 'NONE',  ( 0.000000000000000000, 1.000000000000000000, 0.000000000000000000 ) ) ;
#2402 = DIRECTION ( 'NONE',  ( 0.000000000000000000, 0.000000000000000000, 1.000000000000000000 ) ) ;
#2403 = DIRECTION ( 'NONE',  ( -0.000000000000000000, -1.000000000000000000, -0.000000000000000000 ) ) ;
#2404 = PLANE ( 'NONE',  #1920 ) ;
#2405 = AXIS2_PLACEMENT_3D ( 'NONE', #2523, #1735, #4053 ) ;
#2406 = ORIENTED_EDGE ( 'NONE', *, *, #2658, .T. ) ;
#2407 = ORIENTED_EDGE ( 'NONE', *, *, #2651, .F. ) ;
#2408 = DIRECTION ( 'NONE',  ( 0.000000000000000000, 0.000000000000000000, -1.000000000000000000 ) ) ;
#2409 = VERTEX_POINT ( 'NONE', #2230 ) ;
#2410 = VERTEX_POINT ( 'NONE', #3718 ) ;
#2411 = DIRECTION ( 'NONE',  ( -0.000000000000000000, 1.000000000000000000, -0.000000000000000000 ) ) ;
#2412 = CARTESIAN_POINT ( 'NONE',  ( -0.02499999999999999792, -1.707404996040164512E-17, 0.02500000000000000139 ) ) ;
#2413 = AXIS2_PLACEMENT_3D ( 'NONE', #276, #1098, #2631 ) ;
#2414 = EDGE_CURVE ( 'NONE', #2846, #2313, #1502, .T. ) ;
#2415 = DIRECTION ( 'NONE',  ( -0.000000000000000000, -1.000000000000000000, -0.000000000000000000 ) ) ;
#2416 = CARTESIAN_POINT ( 'NONE',  ( 0.02500000000000000486, -1.707404996040164512E-17, -0.01149999999999999634 ) ) ;
#2417 = ORIENTED_EDGE ( 'NONE', *, *, #379, .T. ) ;
#2418 = AXIS2_PLACEMENT_3D ( 'NONE', #1818, #3739, #711 ) ;
#2419 = ORIENTED_EDGE ( 'NONE', *, *, #2784, .F. ) ;
#2420 = EDGE_CURVE ( 'NONE', #2437, #1242, #4156, .T. ) ;
#2421 = EDGE_CURVE ( 'NONE', #39, #1897, #4948, .T. ) ;
#2422 = DIRECTION ( 'NONE',  ( -0.000000000000000000, -1.000000000000000000, -0.000000000000000000 ) ) ;
#2423 = FACE_OUTER_BOUND ( 'NONE', #8, .T. ) ;
#2424 = ORIENTED_EDGE ( 'NONE', *, *, #49, .T. ) ;
#2425 = CARTESIAN_POINT ( 'NONE',  ( -0.02499999999999999792, -1.707404996040164512E-17, 0.02500000000000000139 ) ) ;
#2426 = AXIS2_PLACEMENT_3D ( 'NONE', #2316, #4262, #370 ) ;
#2427 = DIRECTION ( 'NONE',  ( 0.000000000000000000, -0.000000000000000000, 1.000000000000000000 ) ) ;
#2428 = CARTESIAN_POINT ( 'NONE',  ( -0.06550000000000003042, 0.1565000000000000280, -0.02500000000000000139 ) ) ;
#2429 = CYLINDRICAL_SURFACE ( 'NONE', #4772, 0.01850000000000000255 ) ;
#2430 = CARTESIAN_POINT ( 'NONE',  ( 0.02500000000000000486, 0.01499999999999997689, -0.04350000000000001088 ) ) ;
#2431 = DIRECTION ( 'NONE',  ( 0.000000000000000000, 0.000000000000000000, -1.000000000000000000 ) ) ;
#2432 = DIRECTION ( 'NONE',  ( 0.000000000000000000, -0.000000000000000000, 1.000000000000000000 ) ) ;
#2433 = EDGE_LOOP ( 'NONE', ( #3453, #383, #1525, #516, #253 ) ) ;
#2434 = VERTEX_POINT ( 'NONE', #1091 ) ;
#2435 = CARTESIAN_POINT ( 'NONE',  ( -0.02499999999999999445, 0.008999999999999975034, -0.006499999999999997967 ) ) ;
#2436 = VERTEX_POINT ( 'NONE', #311 ) ;
#2437 = VERTEX_POINT ( 'NONE', #1023 ) ;
#2438 = CARTESIAN_POINT ( 'NONE',  ( -0.07499999999999999722, 0.02349999999999998618, 0.007500000000000001457 ) ) ;
#2439 = FACE_OUTER_BOUND ( 'NONE', #4720, .T. ) ;
#2440 = FACE_OUTER_BOUND ( 'NONE', #2805, .T. ) ;
#2441 = FACE_OUTER_BOUND ( 'NONE', #256, .T. ) ;
#2442 = ORIENTED_EDGE ( 'NONE', *, *, #568, .F. ) ;
#2443 = ADVANCED_FACE ( 'NONE', ( #1799 ), #2536, .T. ) ;
#2444 = VERTEX_POINT ( 'NONE', #2625 ) ;
#2445 = DIRECTION ( 'NONE',  ( 0.000000000000000000, 0.000000000000000000, -1.000000000000000000 ) ) ;
#2446 = CARTESIAN_POINT ( 'NONE',  ( -0.07500000000000002498, 0.1565000000000000280, 0.02500000000000000139 ) ) ;
#2447 = ORIENTED_EDGE ( 'NONE', *, *, #2293, .F. ) ;
#2448 = DIRECTION ( 'NONE',  ( -0.000000000000000000, -1.000000000000000000, -0.000000000000000000 ) ) ;
#2449 = EDGE_CURVE ( 'NONE', #2037, #4476, #1825, .T. ) ;
#2450 = EDGE_CURVE ( 'NONE', #2195, #3332, #4628, .T. ) ;
#2451 = DIRECTION ( 'NONE',  ( 0.000000000000000000, -0.000000000000000000, 1.000000000000000000 ) ) ;
#2452 = DIRECTION ( 'NONE',  ( -0.000000000000000000, -1.000000000000000000, -0.000000000000000000 ) ) ;
#2453 = AXIS2_PLACEMENT_3D ( 'NONE', #2144, #178, #153 ) ;
#2454 = DIRECTION ( 'NONE',  ( -0.000000000000000000, -1.000000000000000000, -0.000000000000000000 ) ) ;
#2455 = CARTESIAN_POINT ( 'NONE',  ( -0.02499999999999999445, -1.707404996040164512E-17, 0.04350000000000001088 ) ) ;
#2456 = DIRECTION ( 'NONE',  ( -0.000000000000000000, -1.000000000000000000, -0.000000000000000000 ) ) ;
#2457 = CIRCLE ( 'NONE', #757, 0.01850000000000000255 ) ;
#2458 = EDGE_CURVE ( 'NONE', #2169, #3530, #2475, .T. ) ;
#2459 = DIRECTION ( 'NONE',  ( 0.000000000000000000, -0.7071067811865474617, -0.7071067811865474617 ) ) ;
#2460 = ORIENTED_EDGE ( 'NONE', *, *, #249, .T. ) ;
#2461 = VECTOR ( 'NONE', #3591, 39.37007874015748143 ) ;
#2462 = ORIENTED_EDGE ( 'NONE', *, *, #3408, .T. ) ;
#2463 = DIRECTION ( 'NONE',  ( 1.224646799147353207E-16, -0.000000000000000000, 1.000000000000000000 ) ) ;
#2464 = VERTEX_POINT ( 'NONE', #666 ) ;
#2465 = AXIS2_PLACEMENT_3D ( 'NONE', #723, #2635, #413 ) ;
#2466 = VERTEX_POINT ( 'NONE', #2603 ) ;
#2467 = DIRECTION ( 'NONE',  ( -0.000000000000000000, -1.000000000000000000, -0.000000000000000000 ) ) ;
#2468 = CARTESIAN_POINT ( 'NONE',  ( -0.07500000000000002498, 0.1660000000000000087, -0.02500000000000000139 ) ) ;
#2469 = AXIS2_PLACEMENT_3D ( 'NONE', #1731, #960, #3326 ) ;
#2470 = AXIS2_PLACEMENT_3D ( 'NONE', #3782, #3068, #707 ) ;
#2471 = LINE ( 'NONE', #4457, #530 ) ;
#2472 = DIRECTION ( 'NONE',  ( 0.000000000000000000, 0.000000000000000000, -1.000000000000000000 ) ) ;
#2473 = ORIENTED_EDGE ( 'NONE', *, *, #4219, .T. ) ;
#2474 = EDGE_LOOP ( 'NONE', ( #2643, #4847, #1887, #1069 ) ) ;
#2475 = CIRCLE ( 'NONE', #4479, 0.02149999999999999481 ) ;
#2476 = FACE_OUTER_BOUND ( 'NONE', #3168, .T. ) ;
#2477 = FACE_OUTER_BOUND ( 'NONE', #2250, .T. ) ;
#2478 = ORIENTED_EDGE ( 'NONE', *, *, #1379, .F. ) ;
#2479 = CARTESIAN_POINT ( 'NONE',  ( -0.07499999999999999722, 0.1565000000000000280, 0.02500000000000000139 ) ) ;
#2480 = VECTOR ( 'NONE', #1788, 39.37007874015748143 ) ;
#2481 = LINE ( 'NONE', #1210, #4244 ) ;
#2482 = DIRECTION ( 'NONE',  ( -0.000000000000000000, -1.000000000000000000, -0.000000000000000000 ) ) ;
#2483 = DIMENSIONAL_EXPONENTS ( 1.000000000000000000, 0.000000000000000000, 0.000000000000000000, 0.000000000000000000, 0.000000000000000000, 0.000000000000000000, 0.000000000000000000 ) ;
#2484 = EDGE_CURVE ( 'NONE', #2036, #3502, #627, .T. ) ;
#2485 = ADVANCED_FACE ( 'NONE', ( #4345 ), #2365, .T. ) ;
#2486 = DIRECTION ( 'NONE',  ( -0.000000000000000000, -1.000000000000000000, -0.000000000000000000 ) ) ;
#2487 = DIRECTION ( 'NONE',  ( 0.000000000000000000, 0.000000000000000000, -1.000000000000000000 ) ) ;
#2488 = FACE_OUTER_BOUND ( 'NONE', #4033, .T. ) ;
#2489 = CARTESIAN_POINT ( 'NONE',  ( 0.02500000000000000486, 0.01499999999999997689, 0.003500000000000006144 ) ) ;
#2490 = ORIENTED_EDGE ( 'NONE', *, *, #3495, .T. ) ;
#2491 = EDGE_CURVE ( 'NONE', #2609, #229, #3093, .T. ) ;
#2492 = ORIENTED_EDGE ( 'NONE', *, *, #3629, .T. ) ;
#2493 = SPHERICAL_SURFACE ( 'NONE', #2302, 0.009499999999999985886 ) ;
#2494 = VERTEX_POINT ( 'NONE', #3947 ) ;
#2495 = ORIENTED_EDGE ( 'NONE', *, *, #4118, .F. ) ;
#2496 = CARTESIAN_POINT ( 'NONE',  ( -0.02499999999999999792, 0.1260000000000000009, 0.008750000000000004302 ) ) ;
#2497 = DIRECTION ( 'NONE',  ( 0.000000000000000000, 0.000000000000000000, 1.000000000000000000 ) ) ;
#2498 = ORIENTED_EDGE ( 'NONE', *, *, #877, .T. ) ;
#2499 = FACE_OUTER_BOUND ( 'NONE', #208, .T. ) ;
#2500 = DIRECTION ( 'NONE',  ( 0.000000000000000000, 0.000000000000000000, -1.000000000000000000 ) ) ;
#2501 = VECTOR ( 'NONE', #4327, 39.37007874015748143 ) ;
#2502 = VERTEX_POINT ( 'NONE', #156 ) ;
#2503 = FACE_OUTER_BOUND ( 'NONE', #191, .T. ) ;
#2504 = DIRECTION ( 'NONE',  ( 0.000000000000000000, 0.000000000000000000, -1.000000000000000000 ) ) ;
#2505 = VERTEX_POINT ( 'NONE', #3549 ) ;
#2506 = LINE ( 'NONE', #4037, #3638 ) ;
#2507 = CIRCLE ( 'NONE', #3944, 0.01350000000000000679 ) ;
#2508 = CARTESIAN_POINT ( 'NONE',  ( -0.07499999999999999722, -1.707404996040164512E-17, -0.04250000000000000999 ) ) ;
#2509 = DIRECTION ( 'NONE',  ( 0.000000000000000000, 0.000000000000000000, -1.000000000000000000 ) ) ;
#2510 = CARTESIAN_POINT ( 'NONE',  ( -0.07499999999999999722, -1.707404996040164512E-17, 0.02500000000000000139 ) ) ;
#2511 = LINE ( 'NONE', #4363, #539 ) ;
#2512 = DIRECTION ( 'NONE',  ( 0.000000000000000000, -0.000000000000000000, 1.000000000000000000 ) ) ;
#2513 = EDGE_CURVE ( 'NONE', #3481, #1619, #1026, .T. ) ;
#2514 = DIRECTION ( 'NONE',  ( -0.000000000000000000, -1.000000000000000000, -0.000000000000000000 ) ) ;
#2515 = AXIS2_PLACEMENT_3D ( 'NONE', #4521, #727, #1081 ) ;
#2516 = ORIENTED_EDGE ( 'NONE', *, *, #1236, .T. ) ;
#2517 = VERTEX_POINT ( 'NONE', #3896 ) ;
#2518 = DIRECTION ( 'NONE',  ( 0.000000000000000000, 0.000000000000000000, -1.000000000000000000 ) ) ;
#2519 = ORIENTED_EDGE ( 'NONE', *, *, #730, .F. ) ;
#2520 = EDGE_CURVE ( 'NONE', #912, #3228, #1663, .T. ) ;
#2521 = EDGE_CURVE ( 'NONE', #2383, #3851, #140, .T. ) ;
#2522 = AXIS2_PLACEMENT_3D ( 'NONE', #218, #4809, #1287 ) ;
#2523 = CARTESIAN_POINT ( 'NONE',  ( 0.02499999999999999098, 0.1565000000000000280, 0.02500000000000000139 ) ) ;
#2524 = ORIENTED_EDGE ( 'NONE', *, *, #1886, .T. ) ;
#2525 = DIRECTION ( 'NONE',  ( -0.000000000000000000, -1.000000000000000000, -0.000000000000000000 ) ) ;
#2526 = AXIS2_PLACEMENT_3D ( 'NONE', #792, #4971, #345 ) ;
#2527 = DIRECTION ( 'NONE',  ( -0.000000000000000000, -1.000000000000000000, -0.000000000000000000 ) ) ;
#2528 = EDGE_CURVE ( 'NONE', #4412, #572, #148, .T. ) ;
#2529 = CARTESIAN_POINT ( 'NONE',  ( -0.04350000000000000394, 0.008999999999999975034, 0.02500000000000000139 ) ) ;
#2530 = CARTESIAN_POINT ( 'NONE',  ( 0.07499999999999999722, 0.02349999999999998618, 0.04649999999999999967 ) ) ;
#2531 = DIRECTION ( 'NONE',  ( -0.000000000000000000, -1.000000000000000000, -0.000000000000000000 ) ) ;
#2532 = ORIENTED_EDGE ( 'NONE', *, *, #917, .F. ) ;
#2533 = FACE_OUTER_BOUND ( 'NONE', #4421, .T. ) ;
#2534 = CARTESIAN_POINT ( 'NONE',  ( -0.07499999999999999722, 0.008999999999999975034, -0.02500000000000000139 ) ) ;
#2535 = ORIENTED_EDGE ( 'NONE', *, *, #2521, .T. ) ;
#2536 = CYLINDRICAL_SURFACE ( 'NONE', #542, 0.01350000000000000679 ) ;
#2537 = CARTESIAN_POINT ( 'NONE',  ( 0.02500000000000000486, 0.1247499999999999998, 0.02500000000000000139 ) ) ;
#2538 = DIRECTION ( 'NONE',  ( 0.000000000000000000, 0.000000000000000000, -1.000000000000000000 ) ) ;
#2539 = AXIS2_PLACEMENT_3D ( 'NONE', #2696, #2300, #3510 ) ;
#2540 = ORIENTED_EDGE ( 'NONE', *, *, #2746, .T. ) ;
#2541 = DIRECTION ( 'NONE',  ( 0.000000000000000000, 0.000000000000000000, -1.000000000000000000 ) ) ;
#2542 = ORIENTED_EDGE ( 'NONE', *, *, #472, .F. ) ;
#2543 = CIRCLE ( 'NONE', #359, 0.009499999999999994560 ) ;
#2544 = CARTESIAN_POINT ( 'NONE',  ( -0.03449999999999998901, 0.1260000000000000009, -0.02500000000000000139 ) ) ;
#2545 = ORIENTED_EDGE ( 'NONE', *, *, #1066, .T. ) ;
#2546 = CIRCLE ( 'NONE', #3683, 0.01750000000000000513 ) ;
#2548 = ORIENTED_EDGE ( 'NONE', *, *, #1609, .T. ) ;
#2547 = CARTESIAN_POINT ( 'NONE',  ( -0.02499999999999999792, 0.1260000000000000009, 0.04125000000000000194 ) ) ;
#2549 = EDGE_CURVE ( 'NONE', #4164, #2058, #4228, .T. ) ;
#2550 = AXIS2_PLACEMENT_3D ( 'NONE', #252, #4425, #629 ) ;
#2551 = LENGTH_MEASURE_WITH_UNIT ( LENGTH_MEASURE( 0.02539999999999999897 ), #3310 );
#2552 = ADVANCED_FACE ( 'NONE', ( #2440 ), #4640, .F. ) ;
#2553 = DIRECTION ( 'NONE',  ( 0.000000000000000000, 0.000000000000000000, 1.000000000000000000 ) ) ;
#2554 = AXIS2_PLACEMENT_3D ( 'NONE', #1999, #1622, #840 ) ;
#2555 = CARTESIAN_POINT ( 'NONE',  ( 0.07499999999999999722, -1.707404996040164512E-17, 0.02500000000000000139 ) ) ;
#2556 = EDGE_LOOP ( 'NONE', ( #3541, #801 ) ) ;
#2557 = DIRECTION ( 'NONE',  ( 0.000000000000000000, -1.000000000000000000, -0.000000000000000000 ) ) ;
#2558 = VERTEX_POINT ( 'NONE', #1199 ) ;
#2559 = VECTOR ( 'NONE', #2561, 39.37007874015748143 ) ;
#2560 = AXIS2_PLACEMENT_3D ( 'NONE', #1822, #2585, #4530 ) ;
#2561 = DIRECTION ( 'NONE',  ( -0.000000000000000000, -1.000000000000000000, -0.000000000000000000 ) ) ;
#2562 = AXIS2_PLACEMENT_3D ( 'NONE', #3662, #3733, #4030 ) ;
#2563 = DIRECTION ( 'NONE',  ( 0.000000000000000000, 0.000000000000000000, -1.000000000000000000 ) ) ;
#2564 = DIRECTION ( 'NONE',  ( 0.000000000000000000, -1.000000000000000000, -0.000000000000000000 ) ) ;
#2565 = ORIENTED_EDGE ( 'NONE', *, *, #2151, .T. ) ;
#2566 = LINE ( 'NONE', #1806, #4104 ) ;
#2567 = ORIENTED_EDGE ( 'NONE', *, *, #3129, .T. ) ;
#2569 = ORIENTED_EDGE ( 'NONE', *, *, #1455, .F. ) ;
#2568 = DIRECTION ( 'NONE',  ( -0.000000000000000000, 1.000000000000000000, -0.000000000000000000 ) ) ;
#2570 = DIRECTION ( 'NONE',  ( -0.000000000000000000, -1.000000000000000000, -0.000000000000000000 ) ) ;
#2571 = ADVANCED_FACE ( 'NONE', ( #3142 ), #3921, .T. ) ;
#2572 = ORIENTED_EDGE ( 'NONE', *, *, #1924, .F. ) ;
#2573 = CARTESIAN_POINT ( 'NONE',  ( -0.02499999999999999792, -1.707404996040164512E-17, 0.01149999999999999634 ) ) ;
#2574 = DIRECTION ( 'NONE',  ( -0.000000000000000000, 1.000000000000000000, -0.000000000000000000 ) ) ;
#2575 = ORIENTED_EDGE ( 'NONE', *, *, #2628, .T. ) ;
#2576 = FACE_BOUND ( 'NONE', #301, .T. ) ;
#2577 = VECTOR ( 'NONE', #2459, 39.37007874015748854 ) ;
#2578 = CIRCLE ( 'NONE', #462, 0.02149999999999999481 ) ;
#2579 = EDGE_CURVE ( 'NONE', #3363, #2058, #4709, .T. ) ;
#2580 = ORIENTED_EDGE ( 'NONE', *, *, #748, .T. ) ;
#2581 = EDGE_CURVE ( 'NONE', #1396, #2092, #1224, .T. ) ;
#2582 = AXIS2_PLACEMENT_3D ( 'NONE', #2529, #1060, #1792 ) ;
#2583 = VECTOR ( 'NONE', #1996, 39.37007874015748143 ) ;
#2584 = CARTESIAN_POINT ( 'NONE',  ( -0.02500000000000001527, 0.1565000000000000280, 0.02500000000000000139 ) ) ;
#2585 = DIRECTION ( 'NONE',  ( -0.000000000000000000, -1.000000000000000000, -0.000000000000000000 ) ) ;
#2586 = DIRECTION ( 'NONE',  ( -0.000000000000000000, -1.000000000000000000, -0.000000000000000000 ) ) ;
#2587 = AXIS2_PLACEMENT_3D ( 'NONE', #2738, #1937, #3072 ) ;
#2588 = CARTESIAN_POINT ( 'NONE',  ( -0.07500000000000002498, 0.1565000000000000280, -0.02500000000000000139 ) ) ;
#2589 = ORIENTED_EDGE ( 'NONE', *, *, #1556, .T. ) ;
#2590 = AXIS2_PLACEMENT_3D ( 'NONE', #797, #3823, #2318 ) ;
#2591 = CARTESIAN_POINT ( 'NONE',  ( -0.07499999999999999722, 0.008999999999999975034, -0.01149999999999999634 ) ) ;
#2592 = ORIENTED_EDGE ( 'NONE', *, *, #1617, .T. ) ;
#2593 = DIRECTION ( 'NONE',  ( 0.000000000000000000, 0.000000000000000000, -1.000000000000000000 ) ) ;
#2594 = VECTOR ( 'NONE', #4006, 39.37007874015748143 ) ;
#2595 = FACE_OUTER_BOUND ( 'NONE', #4376, .T. ) ;
#2596 = AXIS2_PLACEMENT_3D ( 'NONE', #858, #2397, #4649 ) ;
#2597 = DIRECTION ( 'NONE',  ( 0.000000000000000000, 0.000000000000000000, -1.000000000000000000 ) ) ;
#2598 = CARTESIAN_POINT ( 'NONE',  ( -0.07499999999999999722, 0.1260000000000000009, -0.008750000000000004302 ) ) ;
#2599 = DIRECTION ( 'NONE',  ( 0.000000000000000000, 0.000000000000000000, -1.000000000000000000 ) ) ;
#2600 = ORIENTED_EDGE ( 'NONE', *, *, #4841, .F. ) ;
#2601 = FACE_OUTER_BOUND ( 'NONE', #4340, .T. ) ;
#2602 = EDGE_LOOP ( 'NONE', ( #2897, #3124, #1075, #3340 ) ) ;
#2603 = CARTESIAN_POINT ( 'NONE',  ( 0.07499999999999999722, 0.01499999999999997689, 0.04350000000000001088 ) ) ;
#2604 = DIRECTION ( 'NONE',  ( 0.000000000000000000, 0.000000000000000000, -1.000000000000000000 ) ) ;
#2605 = EDGE_CURVE ( 'NONE', #2283, #4768, #4689, .T. ) ;
#2606 = LINE ( 'NONE', #1869, #4200 ) ;
#2607 = CARTESIAN_POINT ( 'NONE',  ( 0.07499999999999999722, 0.02350000000000000352, 0.007500000000000003192 ) ) ;
#2608 = ADVANCED_FACE ( 'NONE', ( #2761 ), #124, .T. ) ;
#2609 = VERTEX_POINT ( 'NONE', #2065 ) ;
#2610 = AXIS2_PLACEMENT_3D ( 'NONE', #2641, #2270, #3269 ) ;
#2611 = DIRECTION ( 'NONE',  ( -0.000000000000000000, 1.000000000000000000, -0.000000000000000000 ) ) ;
#2612 = AXIS2_PLACEMENT_3D ( 'NONE', #2647, #1209, #1943 ) ;
#2613 = ORIENTED_EDGE ( 'NONE', *, *, #3000, .F. ) ;
#2615 = EDGE_LOOP ( 'NONE', ( #171, #1110, #3391, #4713 ) ) ;
#2614 = LINE ( 'NONE', #3777, #2298 ) ;
#2616 = FACE_OUTER_BOUND ( 'NONE', #1659, .T. ) ;
#2617 = AXIS2_PLACEMENT_3D ( 'NONE', #4034, #589, #2071 ) ;
#2618 = CARTESIAN_POINT ( 'NONE',  ( -0.02499999999999999792, 0.02349999999999998618, 0.02500000000000000139 ) ) ;
#2619 = DIRECTION ( 'NONE',  ( -0.000000000000000000, -1.000000000000000000, -0.000000000000000000 ) ) ;
#2620 = CARTESIAN_POINT ( 'NONE',  ( -0.02499999999999999792, 0.01499999999999997689, 0.02500000000000000139 ) ) ;
#2621 = VERTEX_POINT ( 'NONE', #1174 ) ;
#2622 = PLANE ( 'NONE',  #2652 ) ;
#2623 = VERTEX_POINT ( 'NONE', #3198 ) ;
#2624 = AXIS2_PLACEMENT_3D ( 'NONE', #483, #3131, #4198 ) ;
#2625 = CARTESIAN_POINT ( 'NONE',  ( -0.07499999999999999722, 0.1260000000000000009, 0.008750000000000004302 ) ) ;
#2626 = DIRECTION ( 'NONE',  ( 0.000000000000000000, 0.000000000000000000, -1.000000000000000000 ) ) ;
#2627 = CIRCLE ( 'NONE', #2877, 0.01350000000000001026 ) ;
#2628 = EDGE_CURVE ( 'NONE', #3924, #2645, #4718, .T. ) ;
#2629 = AXIS2_PLACEMENT_3D ( 'NONE', #662, #4524, #4463 ) ;
#2630 = ORIENTED_EDGE ( 'NONE', *, *, #3325, .F. ) ;
#2631 = DIRECTION ( 'NONE',  ( 0.000000000000000000, -0.000000000000000000, 1.000000000000000000 ) ) ;
#2632 = EDGE_CURVE ( 'NONE', #385, #2283, #2315, .T. ) ;
#2633 = EDGE_CURVE ( 'NONE', #423, #766, #4265, .T. ) ;
#2634 = EDGE_LOOP ( 'NONE', ( #3009, #3828, #2498, #2088 ) ) ;
#2636 = ORIENTED_EDGE ( 'NONE', *, *, #4777, .F. ) ;
#2635 = DIRECTION ( 'NONE',  ( -0.000000000000000000, -1.000000000000000000, -0.000000000000000000 ) ) ;
#2637 = DIRECTION ( 'NONE',  ( 0.000000000000000000, -0.000000000000000000, 1.000000000000000000 ) ) ;
#2638 = DIRECTION ( 'NONE',  ( 0.000000000000000000, -0.000000000000000000, 1.000000000000000000 ) ) ;
#2639 = FACE_OUTER_BOUND ( 'NONE', #2000, .T. ) ;
#2640 = AXIS2_PLACEMENT_3D ( 'NONE', #2104, #1722, #974 ) ;
#2641 = CARTESIAN_POINT ( 'NONE',  ( 0.000000000000000000, 0.000000000000000000, 0.05999999999999999778 ) ) ;
#2642 = PLANE ( 'NONE',  #1984 ) ;
#2643 = ORIENTED_EDGE ( 'NONE', *, *, #2970, .F. ) ;
#2644 = DIRECTION ( 'NONE',  ( 1.224646799147353207E-16, -0.000000000000000000, 1.000000000000000000 ) ) ;
#2645 = VERTEX_POINT ( 'NONE', #634 ) ;
#2646 = PRESENTATION_STYLE_ASSIGNMENT (( #4885 ) ) ;
#2647 = CARTESIAN_POINT ( 'NONE',  ( 0.07499999999999999722, -1.707404996040164512E-17, -0.02500000000000000139 ) ) ;
#2648 = AXIS2_PLACEMENT_3D ( 'NONE', #2702, #1517, #61 ) ;
#2649 = FACE_BOUND ( 'NONE', #1758, .T. ) ;
#2650 = ORIENTED_EDGE ( 'NONE', *, *, #444, .T. ) ;
#2651 = EDGE_CURVE ( 'NONE', #4797, #2850, #3118, .T. ) ;
#2652 = AXIS2_PLACEMENT_3D ( 'NONE', #4505, #2557, #1462 ) ;
#2653 = PLANE ( 'NONE',  #1050 ) ;
#2654 = ORIENTED_EDGE ( 'NONE', *, *, #1186, .T. ) ;
#2656 = ORIENTED_EDGE ( 'NONE', *, *, #4446, .F. ) ;
#2655 = FACE_OUTER_BOUND ( 'NONE', #3902, .T. ) ;
#2657 = ORIENTED_EDGE ( 'NONE', *, *, #444, .F. ) ;
#2658 = EDGE_CURVE ( 'NONE', #3416, #1624, #609, .T. ) ;
#2659 = CIRCLE ( 'NONE', #4439, 0.01850000000000000255 ) ;
#2660 = ADVANCED_FACE ( 'NONE', ( #3636 ), #3770, .T. ) ;
#2661 = CARTESIAN_POINT ( 'NONE',  ( 0.02500000000000000486, 0.1260000000000000009, 0.02500000000000000139 ) ) ;
#2662 = ADVANCED_FACE ( 'NONE', ( #4475 ), #181, .T. ) ;
#2663 = CARTESIAN_POINT ( 'NONE',  ( 0.01550000000000001203, 0.1260000000000000009, -0.02500000000000000139 ) ) ;
#2664 = CIRCLE ( 'NONE', #4512, 0.009499999999999985886 ) ;
#2665 = ADVANCED_FACE ( 'NONE', ( #2499 ), #4848, .T. ) ;
#2666 = DIRECTION ( 'NONE',  ( -0.000000000000000000, 1.000000000000000000, -0.000000000000000000 ) ) ;
#2667 = ORIENTED_EDGE ( 'NONE', *, *, #1614, .T. ) ;
#2668 = CYLINDRICAL_SURFACE ( 'NONE', #2908, 0.02149999999999999481 ) ;
#2669 = ORIENTED_EDGE ( 'NONE', *, *, #3356, .T. ) ;
#2670 = LINE ( 'NONE', #4673, #613 ) ;
#2671 = CLOSED_SHELL ( 'NONE', ( #3493, #1777, #3728, #4928, #3253, #2238, #4910, #3827, #3991, #1032, #3834, #4190, #1750, #1650, #2091, #3149, #586, #2971, #4279 ) ) ;
#2672 = DIRECTION ( 'NONE',  ( 0.000000000000000000, 0.000000000000000000, 1.000000000000000000 ) ) ;
#2673 =( NAMED_UNIT ( * ) SI_UNIT ( $, .STERADIAN. ) SOLID_ANGLE_UNIT ( ) );
#2674 = ORIENTED_EDGE ( 'NONE', *, *, #1892, .F. ) ;
#2675 = APPLICATION_CONTEXT ( 'automotive_design' ) ;
#2676 = CARTESIAN_POINT ( 'NONE',  ( 0.02500000000000000486, -1.707404996040164512E-17, 0.02500000000000000139 ) ) ;
#2677 = ORIENTED_EDGE ( 'NONE', *, *, #2774, .T. ) ;
#2678 = AXIS2_PLACEMENT_3D ( 'NONE', #4949, #348, #729 ) ;
#2680 = ORIENTED_EDGE ( 'NONE', *, *, #3858, .T. ) ;
#2679 = LINE ( 'NONE', #3815, #1890 ) ;
#2681 = ORIENTED_EDGE ( 'NONE', *, *, #2189, .F. ) ;
#2682 = ORIENTED_EDGE ( 'NONE', *, *, #2605, .F. ) ;
#2683 = CYLINDRICAL_SURFACE ( 'NONE', #496, 0.02150000000000000175 ) ;
#2684 = CIRCLE ( 'NONE', #1964, 0.01850000000000000949 ) ;
#2685 = LINE ( 'NONE', #2788, #2017 ) ;
#2686 = DIRECTION ( 'NONE',  ( 0.000000000000000000, 0.000000000000000000, 1.000000000000000000 ) ) ;
#2687 = EDGE_CURVE ( 'NONE', #1337, #27, #3439, .T. ) ;
#2688 = VECTOR ( 'NONE', #2223, 39.37007874015748854 ) ;
#2689 = DIRECTION ( 'NONE',  ( 0.000000000000000000, 1.000000000000000000, 0.000000000000000000 ) ) ;
#2690 = ORIENTED_EDGE ( 'NONE', *, *, #778, .T. ) ;
#2691 = EDGE_LOOP ( 'NONE', ( #4696, #2779 ) ) ;
#2692 = VECTOR ( 'NONE', #4170, 39.37007874015748143 ) ;
#2693 = EDGE_CURVE ( 'NONE', #4441, #2505, #1906, .T. ) ;
#2694 = CIRCLE ( 'NONE', #849, 0.01350000000000001026 ) ;
#2695 = FACE_OUTER_BOUND ( 'NONE', #3372, .T. ) ;
#2696 = CARTESIAN_POINT ( 'NONE',  ( -0.07499999999999999722, -1.707404996040164512E-17, 0.02500000000000000139 ) ) ;
#2697 = VECTOR ( 'NONE', #339, 39.37007874015748143 ) ;
#2698 = AXIS2_PLACEMENT_3D ( 'NONE', #3920, #97, #933 ) ;
#2699 = DIRECTION ( 'NONE',  ( 0.000000000000000000, 1.000000000000000000, 0.000000000000000000 ) ) ;
#2700 = ORIENTED_EDGE ( 'NONE', *, *, #812, .F. ) ;
#2701 = STYLED_ITEM ( 'NONE', ( #714 ), #3529 ) ;
#2702 = CARTESIAN_POINT ( 'NONE',  ( -0.07499999999999999722, -1.707404996040164512E-17, -0.02500000000000000139 ) ) ;
#2703 = AXIS2_PLACEMENT_3D ( 'NONE', #2620, #1883, #2599 ) ;
#2704 = EDGE_LOOP ( 'NONE', ( #4636, #3159 ) ) ;
#2706 = ORIENTED_EDGE ( 'NONE', *, *, #4133, .F. ) ;
#2705 = FACE_OUTER_BOUND ( 'NONE', #1632, .T. ) ;
#2707 = ORIENTED_EDGE ( 'NONE', *, *, #1836, .F. ) ;
#2708 = ORIENTED_EDGE ( 'NONE', *, *, #1581, .F. ) ;
#2709 = DIRECTION ( 'NONE',  ( 0.000000000000000000, 0.000000000000000000, -1.000000000000000000 ) ) ;
#2710 = DIRECTION ( 'NONE',  ( -0.000000000000000000, -1.000000000000000000, -0.000000000000000000 ) ) ;
#2711 = LINE ( 'NONE', #4546, #3594 ) ;
#2712 = DIRECTION ( 'NONE',  ( 0.000000000000000000, 0.000000000000000000, -1.000000000000000000 ) ) ;
#2713 = CARTESIAN_POINT ( 'NONE',  ( -0.02499999999999999792, 0.008999999999999975034, 0.02500000000000000139 ) ) ;
#2714 = EDGE_LOOP ( 'NONE', ( #366, #665 ) ) ;
#2715 = FACE_OUTER_BOUND ( 'NONE', #3942, .T. ) ;
#2716 = ADVANCED_FACE ( 'NONE', ( #3282 ), #2172, .F. ) ;
#2717 = EDGE_LOOP ( 'NONE', ( #1789, #4658, #4123, #3843 ) ) ;
#2718 = PLANE ( 'NONE',  #522 ) ;
#2719 = DIRECTION ( 'NONE',  ( 0.000000000000000000, 0.000000000000000000, 1.000000000000000000 ) ) ;
#2720 = FACE_OUTER_BOUND ( 'NONE', #1057, .T. ) ;
#2721 = EDGE_CURVE ( 'NONE', #560, #4026, #3225, .T. ) ;
#2722 = ADVANCED_FACE ( 'NONE', ( #3331 ), #656, .T. ) ;
#2723 = DIRECTION ( 'NONE',  ( 0.000000000000000000, 0.000000000000000000, -1.000000000000000000 ) ) ;
#2724 = AXIS2_PLACEMENT_3D ( 'NONE', #1232, #918, #2427 ) ;
#2725 = LINE ( 'NONE', #3058, #1281 ) ;
#2726 = ORIENTED_EDGE ( 'NONE', *, *, #2753, .T. ) ;
#2727 = VERTEX_POINT ( 'NONE', #2900 ) ;
#2728 = AXIS2_PLACEMENT_3D ( 'NONE', #4802, #1358, #4098 ) ;
#2729 = DIRECTION ( 'NONE',  ( -0.000000000000000000, -1.000000000000000000, -0.000000000000000000 ) ) ;
#2730 = ORIENTED_EDGE ( 'NONE', *, *, #2262, .F. ) ;
#2731 = EDGE_LOOP ( 'NONE', ( #741, #2131, #3447, #3448 ) ) ;
#2732 = CARTESIAN_POINT ( 'NONE',  ( 0.02500000000000000486, 0.1260000000000000009, -0.03449999999999999595 ) ) ;
#2733 = CARTESIAN_POINT ( 'NONE',  ( -0.1074999999999999983, 0.02350000000000000352, -0.05999999999999999778 ) ) ;
#2734 = CARTESIAN_POINT ( 'NONE',  ( 0.01550000000000001203, 0.1260000000000000009, 0.02500000000000000139 ) ) ;
#2735 = DIRECTION ( 'NONE',  ( 0.000000000000000000, 0.000000000000000000, -1.000000000000000000 ) ) ;
#2736 = DIRECTION ( 'NONE',  ( 0.000000000000000000, 0.000000000000000000, -1.000000000000000000 ) ) ;
#2737 = ORIENTED_EDGE ( 'NONE', *, *, #3466, .F. ) ;
#2738 = CARTESIAN_POINT ( 'NONE',  ( 0.02500000000000000486, -1.707404996040164512E-17, -0.02500000000000000139 ) ) ;
#2739 = AXIS2_PLACEMENT_3D ( 'NONE', #3121, #468, #4596 ) ;
#2740 = ORIENTED_EDGE ( 'NONE', *, *, #2687, .F. ) ;
#2741 = CIRCLE ( 'NONE', #4263, 0.01749999999999999820 ) ;
#2742 = FACE_OUTER_BOUND ( 'NONE', #3642, .T. ) ;
#2743 = DIRECTION ( 'NONE',  ( 0.000000000000000000, 0.000000000000000000, -1.000000000000000000 ) ) ;
#2744 = DIRECTION ( 'NONE',  ( -0.000000000000000000, -1.000000000000000000, -0.000000000000000000 ) ) ;
#2745 = DIRECTION ( 'NONE',  ( -0.000000000000000000, 1.000000000000000000, -0.000000000000000000 ) ) ;
#2746 = EDGE_CURVE ( 'NONE', #1976, #2304, #1182, .T. ) ;
#2747 = EDGE_CURVE ( 'NONE', #3943, #3213, #4213, .T. ) ;
#2748 = CONICAL_SURFACE ( 'NONE', #1945, 0.01625000000000000056, 0.7853981633974482790 ) ;
#2749 = CARTESIAN_POINT ( 'NONE',  ( 0.07499999999999999722, 0.1260000000000000009, -0.02500000000000000139 ) ) ;
#2750 = VECTOR ( 'NONE', #4522, 39.37007874015748143 ) ;
#2751 = DIRECTION ( 'NONE',  ( 0.000000000000000000, 1.000000000000000000, 0.000000000000000000 ) ) ;
#2752 = EDGE_LOOP ( 'NONE', ( #1082, #2406, #4132, #4939 ) ) ;
#2753 = EDGE_CURVE ( 'NONE', #3876, #1132, #1418, .T. ) ;
#2754 = EDGE_LOOP ( 'NONE', ( #1309, #4585, #3953, #1600 ) ) ;
#2755 = CARTESIAN_POINT ( 'NONE',  ( 0.07499999999999999722, 0.1260000000000000009, -0.008750000000000004302 ) ) ;
#2756 = ORIENTED_EDGE ( 'NONE', *, *, #1405, .T. ) ;
#2757 = ORIENTED_EDGE ( 'NONE', *, *, #327, .T. ) ;
#2758 = CARTESIAN_POINT ( 'NONE',  ( 0.02500000000000000486, 0.02350000000000000352, -0.007500000000000003192 ) ) ;
#2759 = DIRECTION ( 'NONE',  ( 0.000000000000000000, 0.000000000000000000, -1.000000000000000000 ) ) ;
#2760 = LENGTH_MEASURE_WITH_UNIT ( LENGTH_MEASURE( 0.02539999999999999897 ), #2004 );
#2761 = FACE_OUTER_BOUND ( 'NONE', #1298, .T. ) ;
#2762 = CARTESIAN_POINT ( 'NONE',  ( 0.07499999999999999722, 0.1565000000000000280, -0.02500000000000000139 ) ) ;
#2763 = ORIENTED_EDGE ( 'NONE', *, *, #953, .T. ) ;
#2764 = VECTOR ( 'NONE', #1423, 39.37007874015748143 ) ;
#2765 = ORIENTED_EDGE ( 'NONE', *, *, #145, .F. ) ;
#2766 = AXIS2_PLACEMENT_3D ( 'NONE', #1746, #3560, #4675 ) ;
#2767 = CARTESIAN_POINT ( 'NONE',  ( -0.07499999999999999722, -1.707404996040164512E-17, 0.01550000000000000856 ) ) ;
#2768 = CARTESIAN_POINT ( 'NONE',  ( 0.07499999999999999722, 0.1565000000000000280, 0.01550000000000000856 ) ) ;
#2769 = DIRECTION ( 'NONE',  ( 1.000000000000000000, 0.000000000000000000, 0.000000000000000000 ) ) ;
#2770 = CIRCLE ( 'NONE', #3678, 0.01625000000000000056 ) ;
#2771 = DIRECTION ( 'NONE',  ( 0.000000000000000000, 1.000000000000000000, 0.000000000000000000 ) ) ;
#2772 = DIRECTION ( 'NONE',  ( -0.000000000000000000, -1.000000000000000000, -0.000000000000000000 ) ) ;
#2773 =( NAMED_UNIT ( * ) PLANE_ANGLE_UNIT ( ) SI_UNIT ( $, .RADIAN. ) );
#2774 = EDGE_CURVE ( 'NONE', #732, #330, #2471, .T. ) ;
#2775 = CONICAL_SURFACE ( 'NONE', #938, 0.01625000000000000056, 0.7853981633974482790 ) ;
#2776 = EDGE_CURVE ( 'NONE', #3468, #4858, #442, .T. ) ;
#2777 = DIRECTION ( 'NONE',  ( 0.000000000000000000, 0.000000000000000000, 1.000000000000000000 ) ) ;
#2778 = ORIENTED_EDGE ( 'NONE', *, *, #2287, .T. ) ;
#2779 = ORIENTED_EDGE ( 'NONE', *, *, #2944, .F. ) ;
#2780 = AXIS2_PLACEMENT_3D ( 'NONE', #4634, #4609, #2382 ) ;
#2781 = LINE ( 'NONE', #1973, #4942 ) ;
#2782 = ORIENTED_EDGE ( 'NONE', *, *, #4058, .T. ) ;
#2783 = ORIENTED_EDGE ( 'NONE', *, *, #2856, .T. ) ;
#2784 = EDGE_CURVE ( 'NONE', #3738, #3173, #2059, .T. ) ;
#2785 = EDGE_CURVE ( 'NONE', #244, #488, #4405, .T. ) ;
#2786 = AXIS2_PLACEMENT_3D ( 'NONE', #622, #2163, #3700 ) ;
#2787 = CIRCLE ( 'NONE', #3513, 0.009499999999999994560 ) ;
#2788 = CARTESIAN_POINT ( 'NONE',  ( -0.1074999999999999983, 0.02350000000000000352, -0.05999999999999999778 ) ) ;
#2789 = DIRECTION ( 'NONE',  ( 1.000000000000000000, 0.000000000000000000, 0.000000000000000000 ) ) ;
#2790 = AXIS2_PLACEMENT_3D ( 'NONE', #2340, #850, #3871 ) ;
#2791 = CYLINDRICAL_SURFACE ( 'NONE', #3870, 0.01749999999999999820 ) ;
#2792 = VERTEX_POINT ( 'NONE', #1141 ) ;
#2793 = ORIENTED_EDGE ( 'NONE', *, *, #4645, .F. ) ;
#2794 = LINE ( 'NONE', #2879, #216 ) ;
#2795 = CARTESIAN_POINT ( 'NONE',  ( 0.02500000000000000486, 0.02349999999999998618, 0.02500000000000000139 ) ) ;
#2796 = ORIENTED_EDGE ( 'NONE', *, *, #4591, .F. ) ;
#2797 = CARTESIAN_POINT ( 'NONE',  ( 0.07499999999999999722, 0.1247499999999999998, -0.04250000000000000999 ) ) ;
#2798 = DIRECTION ( 'NONE',  ( 0.000000000000000000, -0.000000000000000000, 1.000000000000000000 ) ) ;
#2799 = DIRECTION ( 'NONE',  ( -0.000000000000000000, -1.000000000000000000, -0.000000000000000000 ) ) ;
#2800 = DIRECTION ( 'NONE',  ( 8.659560562354932858E-17, -0.7071067811865474617, 0.7071067811865474617 ) ) ;
#2801 = CARTESIAN_POINT ( 'NONE',  ( 0.02500000000000000486, 0.09849999999999999034, 0.02500000000000000139 ) ) ;
#2802 = CYLINDRICAL_SURFACE ( 'NONE', #4209, 0.01750000000000000513 ) ;
#2803 = SPHERICAL_SURFACE ( 'NONE', #3051, 0.009499999999999985886 ) ;
#2804 = ORIENTED_EDGE ( 'NONE', *, *, #1008, .F. ) ;
#2805 = EDGE_LOOP ( 'NONE', ( #3996, #1316 ) ) ;
#2806 = DIRECTION ( 'NONE',  ( 0.000000000000000000, 0.000000000000000000, -1.000000000000000000 ) ) ;
#2807 = EDGE_CURVE ( 'NONE', #2015, #696, #2679, .T. ) ;
#2808 = ORIENTED_EDGE ( 'NONE', *, *, #3784, .F. ) ;
#2809 = AXIS2_PLACEMENT_3D ( 'NONE', #3697, #973, #221 ) ;
#2810 = AXIS2_PLACEMENT_3D ( 'NONE', #3646, #2772, #3673 ) ;
#2811 = ORIENTED_EDGE ( 'NONE', *, *, #1609, .F. ) ;
#2812 = AXIS2_PLACEMENT_3D ( 'NONE', #636, #4806, #2201 ) ;
#2813 = CARTESIAN_POINT ( 'NONE',  ( 0.07499999999999999722, -1.707404996040164512E-17, 0.03850000000000001338 ) ) ;
#2814 = AXIS2_PLACEMENT_3D ( 'NONE', #455, #3540, #2279 ) ;
#2815 = DIRECTION ( 'NONE',  ( 0.000000000000000000, 0.000000000000000000, -1.000000000000000000 ) ) ;
#2816 = EDGE_CURVE ( 'NONE', #3113, #4011, #1250, .T. ) ;
#2817 = EDGE_CURVE ( 'NONE', #587, #2309, #45, .T. ) ;
#2818 = CARTESIAN_POINT ( 'NONE',  ( 0.02500000000000000486, -1.707404996040164512E-17, -0.02500000000000000139 ) ) ;
#2819 = EDGE_LOOP ( 'NONE', ( #2778, #4282 ) ) ;
#2820 = CARTESIAN_POINT ( 'NONE',  ( 0.000000000000000000, 0.000000000000000000, 0.000000000000000000 ) ) ;
#2821 = ORIENTED_EDGE ( 'NONE', *, *, #215, .T. ) ;
#2822 = EDGE_CURVE ( 'NONE', #4395, #3876, #1570, .T. ) ;
#2823 = CYLINDRICAL_SURFACE ( 'NONE', #3017, 0.009499999999999994560 ) ;
#2824 = DIRECTION ( 'NONE',  ( 0.000000000000000000, 0.000000000000000000, 1.000000000000000000 ) ) ;
#2825 = VERTEX_POINT ( 'NONE', #1851 ) ;
#2826 = DIRECTION ( 'NONE',  ( -0.000000000000000000, -1.000000000000000000, -0.000000000000000000 ) ) ;
#2827 = FACE_BOUND ( 'NONE', #51, .T. ) ;
#2828 = DIRECTION ( 'NONE',  ( 0.000000000000000000, -0.000000000000000000, 1.000000000000000000 ) ) ;
#2829 = DIMENSIONAL_EXPONENTS ( 1.000000000000000000, 0.000000000000000000, 0.000000000000000000, 0.000000000000000000, 0.000000000000000000, 0.000000000000000000, 0.000000000000000000 ) ;
#2830 = CIRCLE ( 'NONE', #2989, 0.01750000000000000513 ) ;
#2831 = CARTESIAN_POINT ( 'NONE',  ( -0.02499999999999999792, 0.02350000000000000352, 0.02500000000000000139 ) ) ;
#2832 = DIRECTION ( 'NONE',  ( 0.000000000000000000, 0.000000000000000000, -1.000000000000000000 ) ) ;
#2833 = AXIS2_PLACEMENT_3D ( 'NONE', #4224, #3558, #2719 ) ;
#2834 = DIRECTION ( 'NONE',  ( 0.000000000000000000, 0.000000000000000000, -1.000000000000000000 ) ) ;
#2835 = CARTESIAN_POINT ( 'NONE',  ( -0.02499999999999999792, 0.008999999999999975034, -0.02500000000000000139 ) ) ;
#2836 = VERTEX_POINT ( 'NONE', #2966 ) ;
#2837 = CIRCLE ( 'NONE', #670, 0.01749999999999999820 ) ;
#2838 = ORIENTED_EDGE ( 'NONE', *, *, #2579, .T. ) ;
#2839 = CARTESIAN_POINT ( 'NONE',  ( 0.02499999999999999098, 0.1565000000000000280, -0.02500000000000000139 ) ) ;
#2840 = VERTEX_POINT ( 'NONE', #2263 ) ;
#2841 = EDGE_LOOP ( 'NONE', ( #4130, #1300, #2442, #2532 ) ) ;
#2842 = DIRECTION ( 'NONE',  ( 0.000000000000000000, -0.7071067811865474617, -0.7071067811865474617 ) ) ;
#2843 = DIRECTION ( 'NONE',  ( 0.000000000000000000, 0.000000000000000000, -1.000000000000000000 ) ) ;
#2844 = DIRECTION ( 'NONE',  ( 0.000000000000000000, 0.000000000000000000, -1.000000000000000000 ) ) ;
#2845 = CARTESIAN_POINT ( 'NONE',  ( 0.02500000000000001180, 0.02350000000000000352, 0.007500000000000003192 ) ) ;
#2846 = VERTEX_POINT ( 'NONE', #3060 ) ;
#2847 =( NAMED_UNIT ( * ) PLANE_ANGLE_UNIT ( ) SI_UNIT ( $, .RADIAN. ) );
#2848 = ADVANCED_FACE ( 'NONE', ( #3797 ), #4183, .F. ) ;
#2849 = EDGE_CURVE ( 'NONE', #1701, #460, #2694, .T. ) ;
#2850 = VERTEX_POINT ( 'NONE', #2310 ) ;
#2851 = AXIS2_PLACEMENT_3D ( 'NONE', #2831, #2859, #2402 ) ;
#2852 = DIRECTION ( 'NONE',  ( 0.000000000000000000, 0.000000000000000000, -1.000000000000000000 ) ) ;
#2853 = DIRECTION ( 'NONE',  ( 0.000000000000000000, 0.000000000000000000, -1.000000000000000000 ) ) ;
#2854 = ORIENTED_EDGE ( 'NONE', *, *, #3722, .F. ) ;
#2855 = CARTESIAN_POINT ( 'NONE',  ( 0.02500000000000001180, 0.02350000000000000352, -0.04250000000000000999 ) ) ;
#2856 = EDGE_CURVE ( 'NONE', #3064, #4310, #4918, .T. ) ;
#2857 = DIRECTION ( 'NONE',  ( 0.000000000000000000, -0.000000000000000000, -1.000000000000000000 ) ) ;
#2858 = DIRECTION ( 'NONE',  ( 0.000000000000000000, 0.000000000000000000, -1.000000000000000000 ) ) ;
#2859 = DIRECTION ( 'NONE',  ( 0.000000000000000000, 1.000000000000000000, 0.000000000000000000 ) ) ;
#2860 = FACE_OUTER_BOUND ( 'NONE', #1971, .T. ) ;
#2861 = DIRECTION ( 'NONE',  ( 0.000000000000000000, 0.000000000000000000, -1.000000000000000000 ) ) ;
#2862 = CARTESIAN_POINT ( 'NONE',  ( 0.07499999999999998335, 0.1565000000000000280, 0.02500000000000000139 ) ) ;
#2863 = EDGE_LOOP ( 'NONE', ( #367, #1201 ) ) ;
#2864 = AXIS2_PLACEMENT_3D ( 'NONE', #922, #4818, #3935 ) ;
#2865 = ORIENTED_EDGE ( 'NONE', *, *, #4651, .F. ) ;
#2866 = CARTESIAN_POINT ( 'NONE',  ( 0.02500000000000000486, 0.1247499999999999998, 0.007500000000000001457 ) ) ;
#2867 = VERTEX_POINT ( 'NONE', #1832 ) ;
#2868 = VECTOR ( 'NONE', #3421, 39.37007874015748143 ) ;
#2869 = VERTEX_POINT ( 'NONE', #4584 ) ;
#2870 = CARTESIAN_POINT ( 'NONE',  ( -0.07499999999999999722, 0.02350000000000000352, 0.02500000000000000139 ) ) ;
#2871 = DIRECTION ( 'NONE',  ( 0.000000000000000000, 0.000000000000000000, -1.000000000000000000 ) ) ;
#2872 = VERTEX_POINT ( 'NONE', #4496 ) ;
#2873 = AXIS2_PLACEMENT_3D ( 'NONE', #1276, #4291, #1603 ) ;
#2874 = DIRECTION ( 'NONE',  ( 1.000000000000000000, 0.000000000000000000, 0.000000000000000000 ) ) ;
#2875 = DIRECTION ( 'NONE',  ( -0.000000000000000000, -1.000000000000000000, -0.000000000000000000 ) ) ;
#2876 = DIRECTION ( 'NONE',  ( 0.000000000000000000, 0.000000000000000000, 1.000000000000000000 ) ) ;
#2877 = AXIS2_PLACEMENT_3D ( 'NONE', #1968, #3108, #3909 ) ;
#2878 = ORIENTED_EDGE ( 'NONE', *, *, #3292, .F. ) ;
#2879 = CARTESIAN_POINT ( 'NONE',  ( 0.07499999999999999722, -1.707404996040164512E-17, -0.003500000000000006144 ) ) ;
#2880 = ADVANCED_FACE ( 'NONE', ( #1810 ), #2281, .F. ) ;
#2881 = ORIENTED_EDGE ( 'NONE', *, *, #3629, .F. ) ;
#2882 = DIRECTION ( 'NONE',  ( -0.000000000000000000, -1.000000000000000000, -0.000000000000000000 ) ) ;
#2883 = CARTESIAN_POINT ( 'NONE',  ( 0.07499999999999999722, 0.02350000000000000352, 0.02500000000000000139 ) ) ;
#2884 = DIRECTION ( 'NONE',  ( 0.000000000000000000, 0.000000000000000000, -1.000000000000000000 ) ) ;
#2885 = FACE_OUTER_BOUND ( 'NONE', #2602, .T. ) ;
#2886 = SURFACE_STYLE_USAGE ( .BOTH. , #2080 ) ;
#2887 = EDGE_CURVE ( 'NONE', #4007, #4608, #1876, .T. ) ;
#2888 = EDGE_CURVE ( 'NONE', #4232, #3505, #1058, .T. ) ;
#2889 = LINE ( 'NONE', #978, #4862 ) ;
#2890 = DIRECTION ( 'NONE',  ( -1.000000000000000000, 0.000000000000000000, 0.000000000000000000 ) ) ;
#2891 = ORIENTED_EDGE ( 'NONE', *, *, #1463, .F. ) ;
#2892 = AXIS2_PLACEMENT_3D ( 'NONE', #4303, #2482, #2884 ) ;
#2893 = ORIENTED_EDGE ( 'NONE', *, *, #3349, .F. ) ;
#2894 = DIRECTION ( 'NONE',  ( 0.000000000000000000, 0.000000000000000000, 1.000000000000000000 ) ) ;
#2895 = EDGE_CURVE ( 'NONE', #2436, #551, #2546, .T. ) ;
#2896 = VERTEX_POINT ( 'NONE', #702 ) ;
#2897 = ORIENTED_EDGE ( 'NONE', *, *, #1551, .F. ) ;
#2898 = CARTESIAN_POINT ( 'NONE',  ( 0.07499999999999999722, 0.1260000000000000009, -0.04125000000000000194 ) ) ;
#2899 = ORIENTED_EDGE ( 'NONE', *, *, #347, .T. ) ;
#2900 = CARTESIAN_POINT ( 'NONE',  ( 0.02500000000000001180, 0.09849999999999999034, -0.04250000000000000999 ) ) ;
#2901 = CARTESIAN_POINT ( 'NONE',  ( 0.07499999999999999722, 0.02350000000000000352, -0.02500000000000000139 ) ) ;
#2902 = AXIS2_PLACEMENT_3D ( 'NONE', #2835, #4045, #1699 ) ;
#2903 = CARTESIAN_POINT ( 'NONE',  ( -0.02499999999999999792, 0.1260000000000000009, 0.01550000000000000856 ) ) ;
#2904 = DIRECTION ( 'NONE',  ( 0.000000000000000000, -1.000000000000000000, -0.000000000000000000 ) ) ;
#2905 = DIRECTION ( 'NONE',  ( 1.000000000000000000, 0.000000000000000000, 0.000000000000000000 ) ) ;
#2906 = ORIENTED_EDGE ( 'NONE', *, *, #1472, .F. ) ;
#2907 = SURFACE_SIDE_STYLE ('',( #4811 ) ) ;
#2908 = AXIS2_PLACEMENT_3D ( 'NONE', #3875, #799, #3901 ) ;
#2909 = DIRECTION ( 'NONE',  ( 0.000000000000000000, 0.000000000000000000, -1.000000000000000000 ) ) ;
#2910 = ORIENTED_EDGE ( 'NONE', *, *, #1893, .F. ) ;
#2911 = DIRECTION ( 'NONE',  ( 0.000000000000000000, 1.000000000000000000, 0.000000000000000000 ) ) ;
#2912 = DIRECTION ( 'NONE',  ( 0.000000000000000000, -1.000000000000000000, -0.000000000000000000 ) ) ;
#2913 = FACE_BOUND ( 'NONE', #4883, .T. ) ;
#2914 = CYLINDRICAL_SURFACE ( 'NONE', #1371, 0.01850000000000000949 ) ;
#2915 = AXIS2_PLACEMENT_3D ( 'NONE', #323, #2993, #2909 ) ;
#2916 = ADVANCED_FACE ( 'NONE', ( #4518 ), #3040, .T. ) ;
#2917 = EDGE_LOOP ( 'NONE', ( #4687, #971, #4574, #2906 ) ) ;
#2918 = FACE_OUTER_BOUND ( 'NONE', #1370, .T. ) ;
#2919 = ORIENTED_EDGE ( 'NONE', *, *, #4391, .T. ) ;
#2920 = AXIS2_PLACEMENT_3D ( 'NONE', #4381, #2824, #2905 ) ;
#2921 = SPHERICAL_SURFACE ( 'NONE', #4936, 0.009499999999999985886 ) ;
#2922 = ADVANCED_FACE ( 'NONE', ( #2655 ), #693, .T. ) ;
#2923 = ORIENTED_EDGE ( 'NONE', *, *, #4656, .T. ) ;
#2924 = LINE ( 'NONE', #3735, #501 ) ;
#2925 = CARTESIAN_POINT ( 'NONE',  ( 0.02500000000000000486, 0.01499999999999997689, -0.04649999999999999967 ) ) ;
#2926 = DIRECTION ( 'NONE',  ( 1.000000000000000000, 0.000000000000000000, 0.000000000000000000 ) ) ;
#2927 = ORIENTED_EDGE ( 'NONE', *, *, #4474, .T. ) ;
#2928 = CARTESIAN_POINT ( 'NONE',  ( 0.07499999999999999722, 0.008999999999999975034, 0.02500000000000000139 ) ) ;
#2929 = ORIENTED_EDGE ( 'NONE', *, *, #2693, .F. ) ;
#2930 = DIRECTION ( 'NONE',  ( -0.000000000000000000, -1.000000000000000000, -0.000000000000000000 ) ) ;
#2931 = DIRECTION ( 'NONE',  ( 0.000000000000000000, 1.000000000000000000, 0.000000000000000000 ) ) ;
#2932 = DIRECTION ( 'NONE',  ( 0.000000000000000000, 0.000000000000000000, -1.000000000000000000 ) ) ;
#2933 = AXIS2_PLACEMENT_3D ( 'NONE', #860, #4326, #2043 ) ;
#2934 = EDGE_LOOP ( 'NONE', ( #2214, #3281, #119, #2782 ) ) ;
#2935 = AXIS2_PLACEMENT_3D ( 'NONE', #238, #3404, #4855 ) ;
#2936 = CARTESIAN_POINT ( 'NONE',  ( 0.02500000000000000486, 0.02350000000000000352, 0.04249999999999999611 ) ) ;
#2937 = VERTEX_POINT ( 'NONE', #1078 ) ;
#2938 = EDGE_CURVE ( 'NONE', #2240, #2169, #2614, .T. ) ;
#2939 = AXIS2_PLACEMENT_3D ( 'NONE', #2510, #2106, #864 ) ;
#2940 = CARTESIAN_POINT ( 'NONE',  ( -0.02499999999999999792, 0.008999999999999975034, 0.02500000000000000139 ) ) ;
#2941 = VERTEX_POINT ( 'NONE', #1102 ) ;
#2942 = AXIS2_PLACEMENT_3D ( 'NONE', #3842, #386, #3941 ) ;
#2943 = DIRECTION ( 'NONE',  ( 0.000000000000000000, 0.000000000000000000, -1.000000000000000000 ) ) ;
#2944 = EDGE_CURVE ( 'NONE', #4877, #3939, #1336, .T. ) ;
#2945 = FACE_OUTER_BOUND ( 'NONE', #4810, .T. ) ;
#2946 = ADVANCED_FACE ( 'NONE', ( #2705 ), #3469, .T. ) ;
#2947 = DIRECTION ( 'NONE',  ( -0.000000000000000000, -1.000000000000000000, -0.000000000000000000 ) ) ;
#2948 = CIRCLE ( 'NONE', #946, 0.009499999999999985886 ) ;
#2949 = FACE_BOUND ( 'NONE', #204, .T. ) ;
#2950 = AXIS2_PLACEMENT_3D ( 'NONE', #2801, #2931, #1422 ) ;
#2951 = DIRECTION ( 'NONE',  ( 0.000000000000000000, 0.000000000000000000, -1.000000000000000000 ) ) ;
#2952 = ORIENTED_EDGE ( 'NONE', *, *, #4788, .T. ) ;
#2953 = EDGE_LOOP ( 'NONE', ( #3444, #4871, #4552, #4424 ) ) ;
#2954 = PRODUCT_DEFINITION_SHAPE ( 'NONE', 'NONE',  #87 ) ;
#2955 = AXIS2_PLACEMENT_3D ( 'NONE', #4088, #3763, #2204 ) ;
#2956 = AXIS2_PLACEMENT_3D ( 'NONE', #4135, #2231, #3769 ) ;
#2957 = CARTESIAN_POINT ( 'NONE',  ( 0.07499999999999999722, 0.008999999999999975034, 0.02500000000000000139 ) ) ;
#2958 = CARTESIAN_POINT ( 'NONE',  ( 0.07499999999999999722, 0.02349999999999998618, 0.02500000000000000139 ) ) ;
#2959 = AXIS2_PLACEMENT_3D ( 'NONE', #525, #1657, #3499 ) ;
#2960 = DIRECTION ( 'NONE',  ( -0.000000000000000000, -1.000000000000000000, -0.000000000000000000 ) ) ;
#2961 = SURFACE_SIDE_STYLE ('',( #4120 ) ) ;
#2962 = ORIENTED_EDGE ( 'NONE', *, *, #2420, .T. ) ;
#2963 = DIRECTION ( 'NONE',  ( -0.000000000000000000, -1.000000000000000000, -0.000000000000000000 ) ) ;
#2964 = ADVANCED_FACE ( 'NONE', ( #814 ), #64, .F. ) ;
#2965 = ORIENTED_EDGE ( 'NONE', *, *, #2324, .T. ) ;
#2967 = ORIENTED_EDGE ( 'NONE', *, *, #3990, .T. ) ;
#2966 = CARTESIAN_POINT ( 'NONE',  ( -0.02499999999999999792, 0.008999999999999975034, 0.03850000000000001338 ) ) ;
#2968 = DIRECTION ( 'NONE',  ( 0.000000000000000000, 0.000000000000000000, -1.000000000000000000 ) ) ;
#2969 = PLANE ( 'NONE',  #4569 ) ;
#2970 = EDGE_CURVE ( 'NONE', #604, #39, #2781, .T. ) ;
#2971 = ADVANCED_FACE ( 'NONE', ( #1652 ), #2775, .T. ) ;
#2972 = CARTESIAN_POINT ( 'NONE',  ( -0.02499999999999999792, 0.1565000000000000280, 0.02500000000000000139 ) ) ;
#2973 = FACE_OUTER_BOUND ( 'NONE', #4739, .T. ) ;
#2974 = ORIENTED_EDGE ( 'NONE', *, *, #2633, .T. ) ;
#2975 = DIRECTION ( 'NONE',  ( -0.000000000000000000, -1.000000000000000000, -0.000000000000000000 ) ) ;
#2976 = AXIS2_PLACEMENT_3D ( 'NONE', #4385, #2076, #1637 ) ;
#2977 = ORIENTED_EDGE ( 'NONE', *, *, #1464, .F. ) ;
#2978 = EDGE_CURVE ( 'NONE', #3370, #3839, #3430, .T. ) ;
#2979 = AXIS2_PLACEMENT_3D ( 'NONE', #1830, #3371, #3731 ) ;
#2980 = DIRECTION ( 'NONE',  ( 0.000000000000000000, 1.000000000000000000, 0.000000000000000000 ) ) ;
#2981 = SURFACE_SIDE_STYLE ('',( #1867 ) ) ;
#2982 = CARTESIAN_POINT ( 'NONE',  ( 0.06550000000000000266, 0.1260000000000000009, 0.02500000000000000139 ) ) ;
#2983 = AXIS2_PLACEMENT_3D ( 'NONE', #3023, #4551, #1111 ) ;
#2984 = ORIENTED_EDGE ( 'NONE', *, *, #4344, .F. ) ;
#2985 = CIRCLE ( 'NONE', #486, 0.01850000000000000255 ) ;
#2986 = FACE_OUTER_BOUND ( 'NONE', #4321, .T. ) ;
#2987 = ORIENTED_EDGE ( 'NONE', *, *, #3066, .F. ) ;
#2988 = DIRECTION ( 'NONE',  ( 0.000000000000000000, 0.000000000000000000, 1.000000000000000000 ) ) ;
#2989 = AXIS2_PLACEMENT_3D ( 'NONE', #1629, #3167, #3609 ) ;
#2990 = DIRECTION ( 'NONE',  ( -0.000000000000000000, -1.000000000000000000, -0.000000000000000000 ) ) ;
#2991 = AXIS2_PLACEMENT_3D ( 'NONE', #616, #4035, #1392 ) ;
#2992 = VECTOR ( 'NONE', #2842, 39.37007874015748854 ) ;
#2993 = DIRECTION ( 'NONE',  ( -0.000000000000000000, -1.000000000000000000, -0.000000000000000000 ) ) ;
#2994 = CARTESIAN_POINT ( 'NONE',  ( -0.02499999999999999792, -1.707404996040164512E-17, -0.03850000000000001338 ) ) ;
#2995 = CARTESIAN_POINT ( 'NONE',  ( 0.07499999999999999722, -1.707404996040164512E-17, -0.02500000000000000139 ) ) ;
#2996 = DIRECTION ( 'NONE',  ( -0.000000000000000000, -1.000000000000000000, -0.000000000000000000 ) ) ;
#2997 = ORIENTED_EDGE ( 'NONE', *, *, #145, .T. ) ;
#2998 = LINE ( 'NONE', #1019, #3230 ) ;
#2999 = EDGE_CURVE ( 'NONE', #2872, #27, #14, .T. ) ;
#3000 = EDGE_CURVE ( 'NONE', #2466, #1837, #3179, .T. ) ;
#3001 = ORIENTED_EDGE ( 'NONE', *, *, #3027, .F. ) ;
#3002 = CARTESIAN_POINT ( 'NONE',  ( -0.08450000000000001954, 0.1565000000000000280, -0.02500000000000000139 ) ) ;
#3003 = FILL_AREA_STYLE ('',( #335 ) ) ;
#3004 = DIRECTION ( 'NONE',  ( 1.000000000000000000, 0.000000000000000000, 0.000000000000000000 ) ) ;
#3005 = EDGE_CURVE ( 'NONE', #545, #1573, #1895, .T. ) ;
#3006 = EDGE_CURVE ( 'NONE', #2937, #3050, #4387, .T. ) ;
#3007 = EDGE_CURVE ( 'NONE', #2941, #423, #128, .T. ) ;
#3008 = CARTESIAN_POINT ( 'NONE',  ( -0.02499999999999999792, -1.707404996040164512E-17, -0.02500000000000000139 ) ) ;
#3009 = ORIENTED_EDGE ( 'NONE', *, *, #953, .F. ) ;
#3010 = CIRCLE ( 'NONE', #1639, 0.01749999999999999820 ) ;
#3011 = DIRECTION ( 'NONE',  ( -0.000000000000000000, -1.000000000000000000, -0.000000000000000000 ) ) ;
#3012 = VECTOR ( 'NONE', #4958, 39.37007874015748143 ) ;
#3013 = ORIENTED_EDGE ( 'NONE', *, *, #2817, .F. ) ;
#3015 = ORIENTED_EDGE ( 'NONE', *, *, #1172, .T. ) ;
#3014 = CARTESIAN_POINT ( 'NONE',  ( -0.07499999999999999722, 0.1247499999999999998, -0.02500000000000000139 ) ) ;
#3016 = CARTESIAN_POINT ( 'NONE',  ( -0.02499999999999999792, 0.1565000000000000280, -0.01550000000000000856 ) ) ;
#3017 = AXIS2_PLACEMENT_3D ( 'NONE', #130, #885, #4323 ) ;
#3018 = DIRECTION ( 'NONE',  ( 0.000000000000000000, -1.000000000000000000, -0.000000000000000000 ) ) ;
#3019 = CARTESIAN_POINT ( 'NONE',  ( -0.1074999999999999983, 0.02350000000000000352, 0.05999999999999999778 ) ) ;
#3020 = DIRECTION ( 'NONE',  ( 1.224646799147353207E-16, -0.000000000000000000, 1.000000000000000000 ) ) ;
#3021 = DIRECTION ( 'NONE',  ( 0.000000000000000000, 0.000000000000000000, 1.000000000000000000 ) ) ;
#3022 = ORIENTED_EDGE ( 'NONE', *, *, #1046, .T. ) ;
#3023 = CARTESIAN_POINT ( 'NONE',  ( 0.05350000000000000588, 0.01499999999999997689, -0.02500000000000000139 ) ) ;
#3024 = AXIS2_PLACEMENT_3D ( 'NONE', #3190, #869, #4685 ) ;
#3025 = ORIENTED_EDGE ( 'NONE', *, *, #4028, .F. ) ;
#3026 = CIRCLE ( 'NONE', #3183, 0.01749999999999999820 ) ;
#3027 = EDGE_CURVE ( 'NONE', #62, #4235, #760, .T. ) ;
#3028 =( LENGTH_UNIT ( ) NAMED_UNIT ( * ) SI_UNIT ( $, .METRE. ) );
#3029 = FACE_BOUND ( 'NONE', #2556, .T. ) ;
#3030 = CONICAL_SURFACE ( 'NONE', #3829, 0.01625000000000000056, 0.7853981633974482790 ) ;
#3031 = ADVANCED_FACE ( 'NONE', ( #3864 ), #1927, .T. ) ;
#3032 = EDGE_CURVE ( 'NONE', #1578, #385, #4790, .T. ) ;
#3033 = ADVANCED_FACE ( 'NONE', ( #1575 ), #434, .T. ) ;
#3034 = VECTOR ( 'NONE', #3204, 39.37007874015748143 ) ;
#3035 = CARTESIAN_POINT ( 'NONE',  ( -0.02499999999999999792, 0.1260000000000000009, 0.02500000000000000139 ) ) ;
#3036 = EDGE_LOOP ( 'NONE', ( #4623, #3170 ) ) ;
#3037 = DIRECTION ( 'NONE',  ( 0.000000000000000000, 0.000000000000000000, -1.000000000000000000 ) ) ;
#3038 = ADVANCED_FACE ( 'NONE', ( #3914 ), #3685, .T. ) ;
#3039 = ORIENTED_EDGE ( 'NONE', *, *, #578, .F. ) ;
#3041 = ORIENTED_EDGE ( 'NONE', *, *, #4452, .F. ) ;
#3040 = CYLINDRICAL_SURFACE ( 'NONE', #4617, 0.02149999999999999481 ) ;
#3042 = ORIENTED_EDGE ( 'NONE', *, *, #513, .T. ) ;
#3043 = CARTESIAN_POINT ( 'NONE',  ( 0.02500000000000000486, -1.707404996040164512E-17, -0.03850000000000001338 ) ) ;
#3044 = CARTESIAN_POINT ( 'NONE',  ( 0.07499999999999999722, 0.09849999999999999034, -0.04250000000000000999 ) ) ;
#3045 = FACE_OUTER_BOUND ( 'NONE', #3048, .T. ) ;
#3046 = CARTESIAN_POINT ( 'NONE',  ( -0.02499999999999999792, 0.1247499999999999998, 0.007500000000000001457 ) ) ;
#3047 = DIRECTION ( 'NONE',  ( 0.000000000000000000, 0.000000000000000000, -1.000000000000000000 ) ) ;
#3048 = EDGE_LOOP ( 'NONE', ( #1988, #1559, #607, #4508, #2535 ) ) ;
#3049 = DIRECTION ( 'NONE',  ( 1.000000000000000000, 0.000000000000000000, 0.000000000000000000 ) ) ;
#3050 = VERTEX_POINT ( 'NONE', #2359 ) ;
#3051 = AXIS2_PLACEMENT_3D ( 'NONE', #3938, #2138, #485 ) ;
#3052 = DIRECTION ( 'NONE',  ( -0.000000000000000000, -1.000000000000000000, -0.000000000000000000 ) ) ;
#3053 = CARTESIAN_POINT ( 'NONE',  ( 0.02500000000000000486, 0.008999999999999975034, 0.01149999999999999634 ) ) ;
#3054 = CIRCLE ( 'NONE', #1923, 0.01750000000000000167 ) ;
#3055 = FILL_AREA_STYLE_COLOUR ( '', #625 ) ;
#3056 = VERTEX_POINT ( 'NONE', #3888 ) ;
#3057 = COLOUR_RGB ( '',1.000000000000000000, 0.8117647058823529438, 0.5019607843137254832 ) ;
#3058 = CARTESIAN_POINT ( 'NONE',  ( -0.02499999999999999792, 0.02350000000000000352, -0.007500000000000003192 ) ) ;
#3059 = ORIENTED_EDGE ( 'NONE', *, *, #3893, .F. ) ;
#3061 = EDGE_LOOP ( 'NONE', ( #1430, #3570 ) ) ;
#3060 = CARTESIAN_POINT ( 'NONE',  ( 0.07499999999999999722, 0.008999999999999975034, 0.03850000000000001338 ) ) ;
#3062 = VERTEX_POINT ( 'NONE', #2755 ) ;
#3063 = AXIS2_PLACEMENT_3D ( 'NONE', #3400, #619, #4440 ) ;
#3064 = VERTEX_POINT ( 'NONE', #4284 ) ;
#3065 = CARTESIAN_POINT ( 'NONE',  ( 0.07499999999999999722, -1.707404996040164512E-17, -0.03449999999999999595 ) ) ;
#3066 = EDGE_CURVE ( 'NONE', #1768, #961, #2063, .T. ) ;
#3067 = DIRECTION ( 'NONE',  ( -0.000000000000000000, -1.000000000000000000, -0.000000000000000000 ) ) ;
#3068 = DIRECTION ( 'NONE',  ( -0.000000000000000000, -1.000000000000000000, -0.000000000000000000 ) ) ;
#3069 = CIRCLE ( 'NONE', #4750, 0.009499999999999994560 ) ;
#3070 = FACE_OUTER_BOUND ( 'NONE', #1385, .T. ) ;
#3071 = ORIENTED_EDGE ( 'NONE', *, *, #1802, .T. ) ;
#3072 = DIRECTION ( 'NONE',  ( 0.000000000000000000, 0.000000000000000000, -1.000000000000000000 ) ) ;
#3073 = AXIS2_PLACEMENT_3D ( 'NONE', #3251, #523, #3195 ) ;
#3074 = ORIENTED_EDGE ( 'NONE', *, *, #1463, .T. ) ;
#3075 = CIRCLE ( 'NONE', #270, 0.009499999999999994560 ) ;
#3076 = DIRECTION ( 'NONE',  ( -0.000000000000000000, -1.000000000000000000, -0.000000000000000000 ) ) ;
#3077 = CYLINDRICAL_SURFACE ( 'NONE', #4358, 0.009499999999999994560 ) ;
#3078 = DIRECTION ( 'NONE',  ( 0.000000000000000000, 0.000000000000000000, -1.000000000000000000 ) ) ;
#3079 = CARTESIAN_POINT ( 'NONE',  ( 0.02500000000000000486, -1.707404996040164512E-17, -0.02500000000000000139 ) ) ;
#3080 = VERTEX_POINT ( 'NONE', #3161 ) ;
#3081 = DIRECTION ( 'NONE',  ( 0.000000000000000000, 1.000000000000000000, 0.000000000000000000 ) ) ;
#3082 = ORIENTED_EDGE ( 'NONE', *, *, #3325, .T. ) ;
#3083 = CIRCLE ( 'NONE', #2851, 0.01749999999999992881 ) ;
#3085 = ORIENTED_EDGE ( 'NONE', *, *, #1711, .T. ) ;
#3084 = CARTESIAN_POINT ( 'NONE',  ( -0.07499999999999999722, 0.1565000000000000280, -0.02500000000000000139 ) ) ;
#3086 = EDGE_CURVE ( 'NONE', #710, #3146, #1165, .T. ) ;
#3087 = ORIENTED_EDGE ( 'NONE', *, *, #2944, .T. ) ;
#3088 = ORIENTED_EDGE ( 'NONE', *, *, #298, .T. ) ;
#3089 = DIRECTION ( 'NONE',  ( 0.000000000000000000, 0.000000000000000000, 1.000000000000000000 ) ) ;
#3090 = AXIS2_PLACEMENT_3D ( 'NONE', #3702, #3744, #2232 ) ;
#3091 = CARTESIAN_POINT ( 'NONE',  ( 0.07499999999999999722, -1.707404996040164512E-17, 0.02500000000000000139 ) ) ;
#3092 = PLANE ( 'NONE',  #1421 ) ;
#3093 = LINE ( 'NONE', #821, #4703 ) ;
#3094 = ADVANCED_FACE ( 'NONE', ( #4022 ), #573, .T. ) ;
#3095 = EDGE_CURVE ( 'NONE', #1768, #968, #1299, .T. ) ;
#3096 = CIRCLE ( 'NONE', #4779, 0.01350000000000000679 ) ;
#3097 = CARTESIAN_POINT ( 'NONE',  ( 0.07499999999999999722, 0.1565000000000000280, 0.02500000000000000139 ) ) ;
#3098 = ORIENTED_EDGE ( 'NONE', *, *, #1464, .T. ) ;
#3099 = DIRECTION ( 'NONE',  ( 0.000000000000000000, 0.000000000000000000, -1.000000000000000000 ) ) ;
#3100 = VERTEX_POINT ( 'NONE', #2141 ) ;
#3101 = CIRCLE ( 'NONE', #125, 0.01350000000000000679 ) ;
#3102 = CARTESIAN_POINT ( 'NONE',  ( -0.02499999999999999792, 0.09849999999999999034, -0.02500000000000000139 ) ) ;
#3103 = AXIS2_PLACEMENT_3D ( 'NONE', #4711, #3572, #4233 ) ;
#3104 = LINE ( 'NONE', #105, #1620 ) ;
#3105 = DIRECTION ( 'NONE',  ( -0.000000000000000000, -1.000000000000000000, -0.000000000000000000 ) ) ;
#3106 = AXIS2_PLACEMENT_3D ( 'NONE', #3727, #3347, #2723 ) ;
#3107 = VECTOR ( 'NONE', #1196, 39.37007874015748854 ) ;
#3108 = DIRECTION ( 'NONE',  ( -0.000000000000000000, -1.000000000000000000, -0.000000000000000000 ) ) ;
#3109 = CIRCLE ( 'NONE', #4625, 0.01850000000000000255 ) ;
#3110 = DIRECTION ( 'NONE',  ( 0.000000000000000000, 0.000000000000000000, -1.000000000000000000 ) ) ;
#3111 = EDGE_LOOP ( 'NONE', ( #2358, #1177, #4029, #3137 ) ) ;
#3112 = CIRCLE ( 'NONE', #1753, 0.009499999999999994560 ) ;
#3113 = VERTEX_POINT ( 'NONE', #2168 ) ;
#3114 = CARTESIAN_POINT ( 'NONE',  ( -0.02499999999999999792, -1.707404996040164512E-17, 0.02500000000000000139 ) ) ;
#3115 = ORIENTED_EDGE ( 'NONE', *, *, #4785, .F. ) ;
#3116 = VERTEX_POINT ( 'NONE', #2866 ) ;
#3117 = LINE ( 'NONE', #3867, #4047 ) ;
#3118 = CIRCLE ( 'NONE', #2562, 0.009499999999999985886 ) ;
#3119 = FACE_OUTER_BOUND ( 'NONE', #1465, .T. ) ;
#3120 = LINE ( 'NONE', #3451, #4103 ) ;
#3121 = CARTESIAN_POINT ( 'NONE',  ( 0.02500000000000000486, 0.008999999999999975034, 0.02500000000000000139 ) ) ;
#3122 = ORIENTED_EDGE ( 'NONE', *, *, #3435, .F. ) ;
#3123 = DIRECTION ( 'NONE',  ( -0.000000000000000000, 1.000000000000000000, -0.000000000000000000 ) ) ;
#3124 = ORIENTED_EDGE ( 'NONE', *, *, #4753, .F. ) ;
#3125 = ADVANCED_FACE ( 'NONE', ( #4368 ), #2229, .T. ) ;
#3126 = CARTESIAN_POINT ( 'NONE',  ( -0.07499999999999999722, 0.02349999999999998618, 0.003500000000000006144 ) ) ;
#3127 = DIRECTION ( 'NONE',  ( 1.000000000000000000, 0.000000000000000000, 0.000000000000000000 ) ) ;
#3128 = CARTESIAN_POINT ( 'NONE',  ( -0.02499999999999999792, 0.1565000000000000280, -0.02500000000000000139 ) ) ;
#3129 = EDGE_CURVE ( 'NONE', #1498, #4724, #4148, .T. ) ;
#3130 = CARTESIAN_POINT ( 'NONE',  ( 0.02500000000000000486, 0.1260000000000000009, -0.008750000000000004302 ) ) ;
#3131 = DIRECTION ( 'NONE',  ( -0.000000000000000000, -1.000000000000000000, -0.000000000000000000 ) ) ;
#3132 = AXIS2_PLACEMENT_3D ( 'NONE', #4680, #4707, #2777 ) ;
#3133 = CARTESIAN_POINT ( 'NONE',  ( -0.07500000000000002498, 0.1565000000000000280, 0.02500000000000000139 ) ) ;
#3134 = VERTEX_POINT ( 'NONE', #1381 ) ;
#3135 = ORIENTED_EDGE ( 'NONE', *, *, #692, .F. ) ;
#3136 = DIRECTION ( 'NONE',  ( 0.000000000000000000, 0.000000000000000000, 1.000000000000000000 ) ) ;
#3137 = ORIENTED_EDGE ( 'NONE', *, *, #4319, .F. ) ;
#3138 = EDGE_LOOP ( 'NONE', ( #3975, #813, #4588, #2891 ) ) ;
#3139 =( GEOMETRIC_REPRESENTATION_CONTEXT ( 3 ) GLOBAL_UNCERTAINTY_ASSIGNED_CONTEXT ( ( #1985 ) ) GLOBAL_UNIT_ASSIGNED_CONTEXT ( ( #556, #2847, #4296 ) ) REPRESENTATION_CONTEXT ( 'NONE', 'WORKASPACE' ) );
#3140 = CARTESIAN_POINT ( 'NONE',  ( -0.07499999999999999722, -1.707404996040164512E-17, 0.03449999999999999595 ) ) ;
#3141 = DIRECTION ( 'NONE',  ( 0.000000000000000000, 0.000000000000000000, -1.000000000000000000 ) ) ;
#3142 = FACE_OUTER_BOUND ( 'NONE', #4849, .T. ) ;
#3143 = DIRECTION ( 'NONE',  ( -0.000000000000000000, -1.000000000000000000, -0.000000000000000000 ) ) ;
#3144 = EDGE_LOOP ( 'NONE', ( #3245, #4977 ) ) ;
#3145 = APPLICATION_PROTOCOL_DEFINITION ( 'draft international standard', 'automotive_design', 1998, #2675 ) ;
#3146 = VERTEX_POINT ( 'NONE', #4470 ) ;
#3147 = AXIS2_PLACEMENT_3D ( 'NONE', #4771, #509, #2858 ) ;
#3148 = CARTESIAN_POINT ( 'NONE',  ( 0.07499999999999999722, 0.1260000000000000009, -0.01550000000000000856 ) ) ;
#3149 = ADVANCED_FACE ( 'NONE', ( #2087 ), #4798, .T. ) ;
#3150 = CARTESIAN_POINT ( 'NONE',  ( 0.07499999999999999722, 0.02350000000000000352, -0.02500000000000000139 ) ) ;
#3151 = FACE_OUTER_BOUND ( 'NONE', #3865, .T. ) ;
#3152 = AXIS2_PLACEMENT_3D ( 'NONE', #3234, #503, #2154 ) ;
#3153 = FACE_OUTER_BOUND ( 'NONE', #1428, .T. ) ;
#3154 = COLOUR_RGB ( '',0.2509803921568627416, 0.2509803921568627416, 0.2509803921568627416 ) ;
#3155 = SURFACE_SIDE_STYLE ('',( #3838 ) ) ;
#3156 = EDGE_CURVE ( 'NONE', #1145, #1498, #4304, .T. ) ;
#3157 = EDGE_CURVE ( 'NONE', #959, #1572, #3432, .T. ) ;
#3158 = FACE_OUTER_BOUND ( 'NONE', #4325, .T. ) ;
#3159 = ORIENTED_EDGE ( 'NONE', *, *, #2356, .T. ) ;
#3160 = EDGE_LOOP ( 'NONE', ( #3764, #1005, #4206, #3122 ) ) ;
#3161 = CARTESIAN_POINT ( 'NONE',  ( 0.07499999999999999722, 0.09849999999999999034, -0.007500000000000003192 ) ) ;
#3162 = ORIENTED_EDGE ( 'NONE', *, *, #3531, .T. ) ;
#3163 = EDGE_LOOP ( 'NONE', ( #1403, #1687, #350, #457, #63 ) ) ;
#3164 = LINE ( 'NONE', #21, #1855 ) ;
#3165 = DIRECTION ( 'NONE',  ( -0.000000000000000000, -1.000000000000000000, -0.000000000000000000 ) ) ;
#3166 = CARTESIAN_POINT ( 'NONE',  ( -0.07499999999999999722, 0.1260000000000000009, 0.02500000000000000139 ) ) ;
#3167 = DIRECTION ( 'NONE',  ( -0.000000000000000000, -1.000000000000000000, -0.000000000000000000 ) ) ;
#3168 = EDGE_LOOP ( 'NONE', ( #55, #487, #4430, #1679 ) ) ;
#3169 = AXIS2_PLACEMENT_3D ( 'NONE', #715, #2586, #2932 ) ;
#3170 = ORIENTED_EDGE ( 'NONE', *, *, #1581, .T. ) ;
#3171 = CARTESIAN_POINT ( 'NONE',  ( 0.02500000000000000486, -1.707404996040164512E-17, -0.02500000000000000139 ) ) ;
#3172 = FACE_OUTER_BOUND ( 'NONE', #3776, .T. ) ;
#3173 = VERTEX_POINT ( 'NONE', #2435 ) ;
#3174 = DIRECTION ( 'NONE',  ( 0.000000000000000000, 0.000000000000000000, -1.000000000000000000 ) ) ;
#3175 = CIRCLE ( 'NONE', #1649, 0.01749999999999992881 ) ;
#3176 = CARTESIAN_POINT ( 'NONE',  ( 0.02500000000000000486, 0.008999999999999975034, 0.02500000000000000139 ) ) ;
#3177 = DIRECTION ( 'NONE',  ( 0.000000000000000000, 0.000000000000000000, -1.000000000000000000 ) ) ;
#3178 = EDGE_CURVE ( 'NONE', #2240, #3545, #227, .T. ) ;
#3179 = CIRCLE ( 'NONE', #1093, 0.01850000000000000255 ) ;
#3180 = CYLINDRICAL_SURFACE ( 'NONE', #935, 0.01749999999999999820 ) ;
#3181 = DIRECTION ( 'NONE',  ( -0.000000000000000000, -1.000000000000000000, -0.000000000000000000 ) ) ;
#3182 = DIRECTION ( 'NONE',  ( 0.000000000000000000, 0.000000000000000000, -1.000000000000000000 ) ) ;
#3183 = AXIS2_PLACEMENT_3D ( 'NONE', #984, #4843, #603 ) ;
#3184 = DIRECTION ( 'NONE',  ( -0.000000000000000000, -1.000000000000000000, -0.000000000000000000 ) ) ;
#3185 = EDGE_CURVE ( 'NONE', #1273, #3056, #3026, .T. ) ;
#3187 = EDGE_LOOP ( 'NONE', ( #1662, #2540 ) ) ;
#3186 = EDGE_CURVE ( 'NONE', #2409, #4605, #928, .T. ) ;
#3188 = ORIENTED_EDGE ( 'NONE', *, *, #883, .F. ) ;
#3189 = AXIS2_PLACEMENT_3D ( 'NONE', #3962, #977, #2832 ) ;
#3190 = CARTESIAN_POINT ( 'NONE',  ( -0.02499999999999999792, 0.02349999999999998618, 0.02500000000000000139 ) ) ;
#3191 = ORIENTED_EDGE ( 'NONE', *, *, #507, .T. ) ;
#3192 = ORIENTED_EDGE ( 'NONE', *, *, #1856, .T. ) ;
#3193 = AXIS2_PLACEMENT_3D ( 'NONE', #4129, #307, #4901 ) ;
#3194 = COLOUR_RGB ( '',1.000000000000000000, 0.8117647058823529438, 0.5019607843137254832 ) ;
#3195 = DIRECTION ( 'NONE',  ( 0.000000000000000000, 0.000000000000000000, -1.000000000000000000 ) ) ;
#3196 = ADVANCED_FACE ( 'NONE', ( #2918 ), #2493, .T. ) ;
#3197 = CARTESIAN_POINT ( 'NONE',  ( 0.07499999999999999722, 0.1247499999999999998, -0.007500000000000001457 ) ) ;
#3198 = CARTESIAN_POINT ( 'NONE',  ( 0.02500000000000000486, 0.1260000000000000009, 0.04125000000000000194 ) ) ;
#3199 = AXIS2_PLACEMENT_3D ( 'NONE', #1958, #875, #2390 ) ;
#3200 = CYLINDRICAL_SURFACE ( 'NONE', #1301, 0.01850000000000000255 ) ;
#3201 = ORIENTED_EDGE ( 'NONE', *, *, #3157, .F. ) ;
#3202 = EDGE_LOOP ( 'NONE', ( #2312, #1901 ) ) ;
#3203 = CARTESIAN_POINT ( 'NONE',  ( 0.02500000000000000486, -1.707404996040164512E-17, 0.02500000000000000139 ) ) ;
#3204 = DIRECTION ( 'NONE',  ( -0.000000000000000000, -1.000000000000000000, -0.000000000000000000 ) ) ;
#3205 = ORIENTED_EDGE ( 'NONE', *, *, #835, .F. ) ;
#3206 = DIRECTION ( 'NONE',  ( -0.000000000000000000, 1.000000000000000000, -0.000000000000000000 ) ) ;
#3207 = CARTESIAN_POINT ( 'NONE',  ( 0.07499999999999999722, 0.1260000000000000009, 0.008750000000000004302 ) ) ;
#3208 = DIRECTION ( 'NONE',  ( 0.000000000000000000, -0.000000000000000000, 1.000000000000000000 ) ) ;
#3209 = DIRECTION ( 'NONE',  ( -0.000000000000000000, 1.000000000000000000, -0.000000000000000000 ) ) ;
#3210 = FACE_BOUND ( 'NONE', #1302, .T. ) ;
#3211 = DIRECTION ( 'NONE',  ( 0.000000000000000000, 0.000000000000000000, -1.000000000000000000 ) ) ;
#3212 = DIRECTION ( 'NONE',  ( -0.000000000000000000, -1.000000000000000000, -0.000000000000000000 ) ) ;
#3213 = VERTEX_POINT ( 'NONE', #3215 ) ;
#3214 = ORIENTED_EDGE ( 'NONE', *, *, #4899, .F. ) ;
#3215 = CARTESIAN_POINT ( 'NONE',  ( -0.07499999999999999722, 0.008999999999999975034, 0.04350000000000001088 ) ) ;
#3216 = ORIENTED_EDGE ( 'NONE', *, *, #2776, .F. ) ;
#3217 = CIRCLE ( 'NONE', #2902, 0.01350000000000001026 ) ;
#3218 = EDGE_CURVE ( 'NONE', #2792, #3384, #1022, .T. ) ;
#3219 = ORIENTED_EDGE ( 'NONE', *, *, #3373, .F. ) ;
#3220 = EDGE_CURVE ( 'NONE', #4514, #882, #4076, .T. ) ;
#3221 = CIRCLE ( 'NONE', #1118, 0.01625000000000000056 ) ;
#3222 = DIRECTION ( 'NONE',  ( 1.000000000000000000, 0.000000000000000000, 0.000000000000000000 ) ) ;
#3223 = LINE ( 'NONE', #1980, #3107 ) ;
#3224 = VECTOR ( 'NONE', #4201, 39.37007874015748143 ) ;
#3225 = LINE ( 'NONE', #3255, #546 ) ;
#3226 = ADVANCED_FACE ( 'NONE', ( #202, #3275 ), #231, .F. ) ;
#3227 = CARTESIAN_POINT ( 'NONE',  ( 0.07499999999999999722, -1.707404996040164512E-17, 0.02500000000000000139 ) ) ;
#3228 = VERTEX_POINT ( 'NONE', #4450 ) ;
#3229 = SURFACE_SIDE_STYLE ('',( #75 ) ) ;
#3230 = VECTOR ( 'NONE', #618, 39.37007874015748143 ) ;
#3231 = EDGE_LOOP ( 'NONE', ( #3306, #2707 ) ) ;
#3232 = PRODUCT_RELATED_PRODUCT_CATEGORY ( 'part', '', ( #2200 ) ) ;
#3233 = DIRECTION ( 'NONE',  ( -0.000000000000000000, -1.000000000000000000, -0.000000000000000000 ) ) ;
#3234 = CARTESIAN_POINT ( 'NONE',  ( 0.02500000000000000486, 0.1260000000000000009, -0.02500000000000000139 ) ) ;
#3235 = ORIENTED_EDGE ( 'NONE', *, *, #1556, .F. ) ;
#3236 = DIRECTION ( 'NONE',  ( 0.000000000000000000, 0.000000000000000000, -1.000000000000000000 ) ) ;
#3237 = FACE_BOUND ( 'NONE', #4000, .T. ) ;
#3238 = CARTESIAN_POINT ( 'NONE',  ( 0.07499999999999999722, 0.1247499999999999998, 0.007500000000000001457 ) ) ;
#3239 = VECTOR ( 'NONE', #3711, 39.37007874015748143 ) ;
#3240 = CARTESIAN_POINT ( 'NONE',  ( 0.08449999999999997791, 0.1565000000000000280, -0.02500000000000000139 ) ) ;
#3241 = CARTESIAN_POINT ( 'NONE',  ( -0.02499999999999999792, -1.707404996040164512E-17, -0.04250000000000000999 ) ) ;
#3242 = AXIS2_PLACEMENT_3D ( 'NONE', #1124, #2337, #3818 ) ;
#3243 = DIRECTION ( 'NONE',  ( -0.000000000000000000, -1.000000000000000000, -0.000000000000000000 ) ) ;
#3244 = DIRECTION ( 'NONE',  ( 0.000000000000000000, 0.000000000000000000, -1.000000000000000000 ) ) ;
#3245 = ORIENTED_EDGE ( 'NONE', *, *, #4459, .T. ) ;
#3246 = CIRCLE ( 'NONE', #3653, 0.02149999999999999481 ) ;
#3247 = ORIENTED_EDGE ( 'NONE', *, *, #1186, .F. ) ;
#3248 = DIRECTION ( 'NONE',  ( -0.000000000000000000, -1.000000000000000000, -0.000000000000000000 ) ) ;
#3249 = EDGE_LOOP ( 'NONE', ( #553, #1288, #4599, #2910, #3886 ) ) ;
#3250 = VERTEX_POINT ( 'NONE', #2607 ) ;
#3251 = CARTESIAN_POINT ( 'NONE',  ( -0.07499999999999999722, -1.707404996040164512E-17, -0.02500000000000000139 ) ) ;
#3252 = FACE_BOUND ( 'NONE', #2714, .T. ) ;
#3253 = ADVANCED_FACE ( 'NONE', ( #1427 ), #3811, .T. ) ;
#3254 = ORIENTED_EDGE ( 'NONE', *, *, #3095, .T. ) ;
#3255 = CARTESIAN_POINT ( 'NONE',  ( -0.02499999999999999792, 0.1260000000000000009, 0.008750000000000004302 ) ) ;
#3256 = DIRECTION ( 'NONE',  ( 0.000000000000000000, 0.000000000000000000, -1.000000000000000000 ) ) ;
#3257 = MANIFOLD_SOLID_BREP ( 'LPattern1[5]', #1311 ) ;
#3258 = ORIENTED_EDGE ( 'NONE', *, *, #2521, .F. ) ;
#3259 = ADVANCED_FACE ( 'NONE', ( #4491 ), #1896, .T. ) ;
#3260 = ADVANCED_FACE ( 'NONE', ( #1513 ), #1846, .T. ) ;
#3261 = AXIS2_PLACEMENT_3D ( 'NONE', #4763, #2911, #3961 ) ;
#3262 = FACE_OUTER_BOUND ( 'NONE', #1705, .T. ) ;
#3263 = FACE_OUTER_BOUND ( 'NONE', #3163, .T. ) ;
#3264 = EDGE_LOOP ( 'NONE', ( #1035, #2217 ) ) ;
#3265 = CYLINDRICAL_SURFACE ( 'NONE', #1482, 0.02149999999999999481 ) ;
#3266 = CARTESIAN_POINT ( 'NONE',  ( 0.07499999999999999722, 0.1260000000000000009, 0.02500000000000000139 ) ) ;
#3267 = CARTESIAN_POINT ( 'NONE',  ( -0.07499999999999999722, 0.1565000000000000280, -0.02500000000000000139 ) ) ;
#3268 = AXIS2_PLACEMENT_3D ( 'NONE', #1073, #1445, #4095 ) ;
#3269 = DIRECTION ( 'NONE',  ( -1.000000000000000000, 0.000000000000000000, -0.000000000000000000 ) ) ;
#3270 = FACE_OUTER_BOUND ( 'NONE', #3160, .T. ) ;
#3271 = CARTESIAN_POINT ( 'NONE',  ( 0.02500000000000000486, 0.01499999999999997689, -0.02500000000000000139 ) ) ;
#3272 = FACE_OUTER_BOUND ( 'NONE', #3409, .T. ) ;
#3273 = VERTEX_POINT ( 'NONE', #4141 ) ;
#3274 = ORIENTED_EDGE ( 'NONE', *, *, #2513, .F. ) ;
#3275 = FACE_BOUND ( 'NONE', #571, .T. ) ;
#3276 = VERTEX_POINT ( 'NONE', #1826 ) ;
#3277 = AXIS2_PLACEMENT_3D ( 'NONE', #990, #2525, #2196 ) ;
#3278 = VERTEX_POINT ( 'NONE', #3390 ) ;
#3279 = FACE_OUTER_BOUND ( 'NONE', #4597, .T. ) ;
#3280 = AXIS2_PLACEMENT_3D ( 'NONE', #4398, #173, #1402 ) ;
#3281 = ORIENTED_EDGE ( 'NONE', *, *, #3952, .F. ) ;
#3282 = FACE_OUTER_BOUND ( 'NONE', #360, .T. ) ;
#3283 = DIRECTION ( 'NONE',  ( 0.000000000000000000, 0.000000000000000000, -1.000000000000000000 ) ) ;
#3284 = AXIS2_PLACEMENT_3D ( 'NONE', #3648, #3181, #3296 ) ;
#3285 = CARTESIAN_POINT ( 'NONE',  ( -0.02499999999999999445, 0.02349999999999998618, -0.007500000000000001457 ) ) ;
#3286 = CIRCLE ( 'NONE', #2955, 0.02150000000000000175 ) ;
#3287 = SPHERICAL_SURFACE ( 'NONE', #2143, 0.009499999999999985886 ) ;
#3288 = CARTESIAN_POINT ( 'NONE',  ( -0.02500000000000001527, 0.1660000000000000087, 0.02500000000000000139 ) ) ;
#3289 = ORIENTED_EDGE ( 'NONE', *, *, #3719, .F. ) ;
#3290 = FACE_BOUND ( 'NONE', #3231, .T. ) ;
#3291 = EDGE_CURVE ( 'NONE', #275, #385, #4217, .T. ) ;
#3292 = EDGE_CURVE ( 'NONE', #2360, #1408, #3792, .T. ) ;
#3293 = LINE ( 'NONE', #2508, #4974 ) ;
#3294 = ORIENTED_EDGE ( 'NONE', *, *, #1828, .F. ) ;
#3295 = CYLINDRICAL_SURFACE ( 'NONE', #2939, 0.009499999999999994560 ) ;
#3296 = DIRECTION ( 'NONE',  ( 0.000000000000000000, 0.000000000000000000, -1.000000000000000000 ) ) ;
#3297 = CARTESIAN_POINT ( 'NONE',  ( 0.07499999999999999722, 0.01499999999999997689, -0.04350000000000001088 ) ) ;
#3298 = ADVANCED_FACE ( 'NONE', ( #294 ), #3357, .T. ) ;
#3299 = DIRECTION ( 'NONE',  ( -0.000000000000000000, -1.000000000000000000, -0.000000000000000000 ) ) ;
#3300 = ORIENTED_EDGE ( 'NONE', *, *, #4656, .F. ) ;
#3301 = CIRCLE ( 'NONE', #1994, 0.01850000000000000949 ) ;
#3302 = CARTESIAN_POINT ( 'NONE',  ( 0.07499999999999998335, 0.1565000000000000280, 0.02500000000000000139 ) ) ;
#3303 = ORIENTED_EDGE ( 'NONE', *, *, #1807, .F. ) ;
#3304 = AXIS2_PLACEMENT_3D ( 'NONE', #3305, #963, #2061 ) ;
#3305 = CARTESIAN_POINT ( 'NONE',  ( -0.02499999999999999792, -1.707404996040164512E-17, 0.02500000000000000139 ) ) ;
#3306 = ORIENTED_EDGE ( 'NONE', *, *, #1179, .F. ) ;
#3307 = CARTESIAN_POINT ( 'NONE',  ( -0.07499999999999999722, 0.1565000000000000280, 0.02500000000000000139 ) ) ;
#3308 = FILL_AREA_STYLE_COLOUR ( '', #3154 ) ;
#3309 = AXIS2_PLACEMENT_3D ( 'NONE', #2082, #4335, #1755 ) ;
#3310 =( LENGTH_UNIT ( ) NAMED_UNIT ( * ) SI_UNIT ( $, .METRE. ) );
#3311 = FACE_OUTER_BOUND ( 'NONE', #908, .T. ) ;
#3312 = CARTESIAN_POINT ( 'NONE',  ( 0.02500000000000000486, -1.707404996040164512E-17, -0.02500000000000000139 ) ) ;
#3313 = ORIENTED_EDGE ( 'NONE', *, *, #404, .T. ) ;
#3314 = CARTESIAN_POINT ( 'NONE',  ( 0.02500000000000001180, -1.707404996040164512E-17, 0.04350000000000001088 ) ) ;
#3315 = DIRECTION ( 'NONE',  ( -0.000000000000000000, 1.000000000000000000, -0.000000000000000000 ) ) ;
#3316 = ORIENTED_EDGE ( 'NONE', *, *, #3218, .F. ) ;
#3317 = EDGE_CURVE ( 'NONE', #158, #2444, #3908, .T. ) ;
#3318 = CARTESIAN_POINT ( 'NONE',  ( -0.02499999999999999445, 0.09849999999999999034, -0.04250000000000000999 ) ) ;
#3319 = LINE ( 'NONE', #4837, #3762 ) ;
#3320 = AXIS2_PLACEMENT_3D ( 'NONE', #50, #2290, #1558 ) ;
#3321 = CARTESIAN_POINT ( 'NONE',  ( 0.02500000000000001180, 0.02350000000000000352, -0.04249999999999999611 ) ) ;
#3322 = AXIS2_PLACEMENT_3D ( 'NONE', #497, #4320, #2500 ) ;
#3323 = VERTEX_POINT ( 'NONE', #3415 ) ;
#3324 = ADVANCED_FACE ( 'NONE', ( #3440, #2649 ), #4962, .F. ) ;
#3325 = EDGE_CURVE ( 'NONE', #4708, #244, #296, .T. ) ;
#3326 = DIRECTION ( 'NONE',  ( 0.000000000000000000, 0.000000000000000000, -1.000000000000000000 ) ) ;
#3327 = EDGE_LOOP ( 'NONE', ( #3911, #1623, #4539, #2737 ) ) ;
#3328 = CIRCLE ( 'NONE', #1303, 0.01749999999999999820 ) ;
#3329 = FACE_OUTER_BOUND ( 'NONE', #3187, .T. ) ;
#3330 = ORIENTED_EDGE ( 'NONE', *, *, #1924, .T. ) ;
#3332 = VERTEX_POINT ( 'NONE', #1569 ) ;
#3331 = FACE_OUTER_BOUND ( 'NONE', #1272, .T. ) ;
#3333 = CIRCLE ( 'NONE', #23, 0.009499999999999994560 ) ;
#3334 = SURFACE_STYLE_FILL_AREA ( #4081 ) ;
#3335 = DIRECTION ( 'NONE',  ( -0.000000000000000000, -1.000000000000000000, -0.000000000000000000 ) ) ;
#3336 = CARTESIAN_POINT ( 'NONE',  ( -0.07499999999999999722, 0.01499999999999997689, 0.006499999999999997967 ) ) ;
#3337 = CARTESIAN_POINT ( 'NONE',  ( 0.07499999999999999722, -1.707404996040164512E-17, 0.01149999999999999634 ) ) ;
#3338 = ORIENTED_EDGE ( 'NONE', *, *, #1557, .T. ) ;
#3339 = PRESENTATION_STYLE_ASSIGNMENT (( #265 ) ) ;
#3340 = ORIENTED_EDGE ( 'NONE', *, *, #3590, .T. ) ;
#3341 = CIRCLE ( 'NONE', #1805, 0.01750000000000000167 ) ;
#3342 = CARTESIAN_POINT ( 'NONE',  ( -0.02499999999999999792, 0.1565000000000000280, 0.02500000000000000139 ) ) ;
#3343 = CARTESIAN_POINT ( 'NONE',  ( 0.02500000000000000486, 0.01499999999999997689, 0.02500000000000000139 ) ) ;
#3344 = CIRCLE ( 'NONE', #3169, 0.01850000000000000255 ) ;
#3345 = EDGE_CURVE ( 'NONE', #3332, #2872, #1574, .T. ) ;
#3346 = AXIS2_PLACEMENT_3D ( 'NONE', #4061, #4106, #1016 ) ;
#3347 = DIRECTION ( 'NONE',  ( -0.000000000000000000, -1.000000000000000000, -0.000000000000000000 ) ) ;
#3348 = ORIENTED_EDGE ( 'NONE', *, *, #1512, .F. ) ;
#3349 = EDGE_CURVE ( 'NONE', #4497, #4824, #1644, .T. ) ;
#3350 = ADVANCED_FACE ( 'NONE', ( #2303 ), #1339, .T. ) ;
#3351 = AXIS2_PLACEMENT_3D ( 'NONE', #2176, #683, #3736 ) ;
#3352 = FACE_OUTER_BOUND ( 'NONE', #4501, .T. ) ;
#3353 = ORIENTED_EDGE ( 'NONE', *, *, #2387, .T. ) ;
#3354 = AXIS2_PLACEMENT_3D ( 'NONE', #365, #678, #3395 ) ;
#3355 = CARTESIAN_POINT ( 'NONE',  ( 0.02500000000000000486, 0.02350000000000000352, 0.02500000000000000139 ) ) ;
#3356 = EDGE_CURVE ( 'NONE', #2360, #2609, #3511, .T. ) ;
#3357 = CONICAL_SURFACE ( 'NONE', #4544, 0.01624999999999999709, 0.7853981633974482790 ) ;
#3358 = CARTESIAN_POINT ( 'NONE',  ( -0.02499999999999999792, 0.1247499999999999998, 0.02500000000000000139 ) ) ;
#3359 = VECTOR ( 'NONE', #1529, 39.37007874015748143 ) ;
#3360 = DIRECTION ( 'NONE',  ( 0.000000000000000000, 0.000000000000000000, -1.000000000000000000 ) ) ;
#3361 = CARTESIAN_POINT ( 'NONE',  ( 0.07499999999999999722, 0.008999999999999975034, 0.01149999999999999634 ) ) ;
#3362 = EDGE_LOOP ( 'NONE', ( #174, #4155, #868, #617 ) ) ;
#3363 = VERTEX_POINT ( 'NONE', #4655 ) ;
#3364 = AXIS2_PLACEMENT_3D ( 'NONE', #2446, #3641, #2926 ) ;
#3365 = FACE_OUTER_BOUND ( 'NONE', #3628, .T. ) ;
#3366 = FILL_AREA_STYLE ('',( #4175 ) ) ;
#3367 = AXIS2_PLACEMENT_3D ( 'NONE', #4804, #1360, #2874 ) ;
#3368 = PLANE ( 'NONE',  #1326 ) ;
#3369 = DIRECTION ( 'NONE',  ( -0.000000000000000000, -1.000000000000000000, -0.000000000000000000 ) ) ;
#3370 = VERTEX_POINT ( 'NONE', #3882 ) ;
#3371 = DIRECTION ( 'NONE',  ( -0.000000000000000000, -1.000000000000000000, -0.000000000000000000 ) ) ;
#3372 = EDGE_LOOP ( 'NONE', ( #3624, #776 ) ) ;
#3373 = EDGE_CURVE ( 'NONE', #4858, #3468, #1743, .T. ) ;
#3375 = ORIENTED_EDGE ( 'NONE', *, *, #3696, .T. ) ;
#3374 = CARTESIAN_POINT ( 'NONE',  ( 0.07499999999999999722, -1.707404996040164512E-17, -0.04350000000000001088 ) ) ;
#3376 = EDGE_CURVE ( 'NONE', #3273, #1970, #2627, .T. ) ;
#3377 = CARTESIAN_POINT ( 'NONE',  ( -0.07499999999999999722, -1.707404996040164512E-17, 0.02500000000000000139 ) ) ;
#3378 = CYLINDRICAL_SURFACE ( 'NONE', #2812, 0.01750000000000000167 ) ;
#3379 = ADVANCED_FACE ( 'NONE', ( #4630 ), #3030, .T. ) ;
#3380 = LINE ( 'NONE', #1458, #3897 ) ;
#3381 = DIRECTION ( 'NONE',  ( 0.000000000000000000, 0.000000000000000000, -1.000000000000000000 ) ) ;
#3382 = EDGE_LOOP ( 'NONE', ( #4367, #3162, #2272, #1817 ) ) ;
#3383 = DIRECTION ( 'NONE',  ( 0.000000000000000000, 0.000000000000000000, -1.000000000000000000 ) ) ;
#3384 = VERTEX_POINT ( 'NONE', #2376 ) ;
#3385 = AXIS2_PLACEMENT_3D ( 'NONE', #362, #4582, #1139 ) ;
#3386 = CARTESIAN_POINT ( 'NONE',  ( 0.02500000000000000486, 0.02350000000000000352, -0.02500000000000000139 ) ) ;
#3387 = AXIS2_PLACEMENT_3D ( 'NONE', #4978, #351, #1885 ) ;
#3388 = CARTESIAN_POINT ( 'NONE',  ( -0.07499999999999999722, 0.008999999999999975034, -0.02500000000000000139 ) ) ;
#3389 = CIRCLE ( 'NONE', #2011, 0.01350000000000000679 ) ;
#3390 = CARTESIAN_POINT ( 'NONE',  ( -0.01550000000000001724, 0.1565000000000000280, 0.02500000000000000139 ) ) ;
#3391 = ORIENTED_EDGE ( 'NONE', *, *, #1680, .T. ) ;
#3392 = VECTOR ( 'NONE', #2666, 39.37007874015748143 ) ;
#3393 = LINE ( 'NONE', #1031, #1055 ) ;
#3394 = ORIENTED_EDGE ( 'NONE', *, *, #4652, .F. ) ;
#3396 = ORIENTED_EDGE ( 'NONE', *, *, #138, .F. ) ;
#3395 = DIRECTION ( 'NONE',  ( 0.000000000000000000, 0.000000000000000000, -1.000000000000000000 ) ) ;
#3397 = LINE ( 'NONE', #4921, #3239 ) ;
#3398 = CIRCLE ( 'NONE', #1467, 0.01750000000000000167 ) ;
#3399 = MANIFOLD_SOLID_BREP ( 'LPattern1[7]', #4273 ) ;
#3400 = CARTESIAN_POINT ( 'NONE',  ( 0.07499999999999999722, 0.09849999999999999034, -0.02500000000000000139 ) ) ;
#3401 = ADVANCED_FACE ( 'NONE', ( #7 ), #1541, .T. ) ;
#3402 = CYLINDRICAL_SURFACE ( 'NONE', #1052, 0.009499999999999994560 ) ;
#3403 = CIRCLE ( 'NONE', #1868, 0.01350000000000000679 ) ;
#3404 = DIRECTION ( 'NONE',  ( -0.000000000000000000, -1.000000000000000000, -0.000000000000000000 ) ) ;
#3405 = DIRECTION ( 'NONE',  ( 0.000000000000000000, 0.000000000000000000, -1.000000000000000000 ) ) ;
#3406 = ORIENTED_EDGE ( 'NONE', *, *, #1278, .T. ) ;
#3407 = CYLINDRICAL_SURFACE ( 'NONE', #2587, 0.01350000000000001026 ) ;
#3408 = EDGE_CURVE ( 'NONE', #4831, #4608, #856, .T. ) ;
#3409 = EDGE_LOOP ( 'NONE', ( #3956, #4308, #1310, #3812 ) ) ;
#3410 = EDGE_CURVE ( 'NONE', #879, #2558, #1257, .T. ) ;
#3411 = MANIFOLD_SOLID_BREP ( 'LPattern1[2]', #2671 ) ;
#3412 = DIRECTION ( 'NONE',  ( -0.000000000000000000, -1.000000000000000000, -0.000000000000000000 ) ) ;
#3413 = DIRECTION ( 'NONE',  ( -0.000000000000000000, -1.000000000000000000, -0.000000000000000000 ) ) ;
#3414 = ADVANCED_FACE ( 'NONE', ( #4792 ), #3512, .F. ) ;
#3415 = CARTESIAN_POINT ( 'NONE',  ( 0.07499999999999999722, 0.01499999999999997689, 0.04649999999999999967 ) ) ;
#3416 = VERTEX_POINT ( 'NONE', #1697 ) ;
#3417 = AXIS2_PLACEMENT_3D ( 'NONE', #3128, #1185, #3485 ) ;
#3418 = DIRECTION ( 'NONE',  ( -0.000000000000000000, -1.000000000000000000, -0.000000000000000000 ) ) ;
#3419 = CIRCLE ( 'NONE', #2140, 0.009499999999999994560 ) ;
#3420 = ORIENTED_EDGE ( 'NONE', *, *, #4652, .T. ) ;
#3422 = EDGE_LOOP ( 'NONE', ( #2987, #2447 ) ) ;
#3421 = DIRECTION ( 'NONE',  ( -0.000000000000000000, -1.000000000000000000, -0.000000000000000000 ) ) ;
#3423 = CARTESIAN_POINT ( 'NONE',  ( -0.1074999999999999983, 0.09849999999999999034, -0.05999999999999999778 ) ) ;
#3424 = AXIS2_PLACEMENT_3D ( 'NONE', #3954, #3640, #1742 ) ;
#3425 = LINE ( 'NONE', #1126, #1131 ) ;
#3426 = FACE_BOUND ( 'NONE', #4336, .T. ) ;
#3427 = FACE_OUTER_BOUND ( 'NONE', #3889, .T. ) ;
#3428 = CARTESIAN_POINT ( 'NONE',  ( 0.02500000000000000486, -1.707404996040164512E-17, 0.02500000000000000139 ) ) ;
#3429 = ORIENTED_EDGE ( 'NONE', *, *, #38, .F. ) ;
#3430 = CIRCLE ( 'NONE', #3024, 0.01750000000000000167 ) ;
#3431 = EDGE_LOOP ( 'NONE', ( #1043, #902 ) ) ;
#3432 = CIRCLE ( 'NONE', #3593, 0.01750000000000000513 ) ;
#3433 = EDGE_CURVE ( 'NONE', #1573, #545, #3109, .T. ) ;
#3434 = DIRECTION ( 'NONE',  ( 0.000000000000000000, 1.000000000000000000, 0.000000000000000000 ) ) ;
#3435 = EDGE_CURVE ( 'NONE', #2361, #1897, #246, .T. ) ;
#3436 = DIRECTION ( 'NONE',  ( 0.000000000000000000, 0.000000000000000000, -1.000000000000000000 ) ) ;
#3437 = CIRCLE ( 'NONE', #1105, 0.01625000000000000056 ) ;
#3438 = PRESENTATION_LAYER_ASSIGNMENT (  '', '', ( #1424 ) ) ;
#3439 = CIRCLE ( 'NONE', #1262, 0.009499999999999994560 ) ;
#3440 = FACE_OUTER_BOUND ( 'NONE', #751, .T. ) ;
#3441 = ADVANCED_FACE ( 'NONE', ( #2860, #3210 ), #4389, .F. ) ;
#3442 = ORIENTED_EDGE ( 'NONE', *, *, #4536, .F. ) ;
#3443 = DIRECTION ( 'NONE',  ( -0.000000000000000000, -1.000000000000000000, -0.000000000000000000 ) ) ;
#3444 = ORIENTED_EDGE ( 'NONE', *, *, #507, .F. ) ;
#3446 = ORIENTED_EDGE ( 'NONE', *, *, #1557, .F. ) ;
#3445 = DIRECTION ( 'NONE',  ( -1.000000000000000000, 0.000000000000000000, 0.000000000000000000 ) ) ;
#3447 = ORIENTED_EDGE ( 'NONE', *, *, #465, .T. ) ;
#3448 = ORIENTED_EDGE ( 'NONE', *, *, #355, .F. ) ;
#3449 = FACE_OUTER_BOUND ( 'NONE', #3144, .T. ) ;
#3450 = DIRECTION ( 'NONE',  ( 0.000000000000000000, 0.000000000000000000, -1.000000000000000000 ) ) ;
#3451 = CARTESIAN_POINT ( 'NONE',  ( 0.07499999999999999722, -1.707404996040164512E-17, 0.01149999999999999634 ) ) ;
#3452 = FACE_BOUND ( 'NONE', #2691, .T. ) ;
#3453 = ORIENTED_EDGE ( 'NONE', *, *, #2124, .F. ) ;
#3454 = DIRECTION ( 'NONE',  ( -0.000000000000000000, -1.000000000000000000, -0.000000000000000000 ) ) ;
#3455 = VERTEX_POINT ( 'NONE', #1348 ) ;
#3456 = AXIS2_PLACEMENT_3D ( 'NONE', #4964, #3443, #88 ) ;
#3457 = AXIS2_PLACEMENT_3D ( 'NONE', #3618, #1346, #3208 ) ;
#3458 = CARTESIAN_POINT ( 'NONE',  ( -0.02500000000000001527, 0.1565000000000000280, 0.02500000000000000139 ) ) ;
#3459 = CARTESIAN_POINT ( 'NONE',  ( 0.07499999999999999722, 0.1565000000000000280, 0.03449999999999999595 ) ) ;
#3460 = CARTESIAN_POINT ( 'NONE',  ( -0.1074999999999999983, 0.09849999999999999034, 0.05999999999999999778 ) ) ;
#3461 = CIRCLE ( 'NONE', #4499, 0.01850000000000000949 ) ;
#3462 = EDGE_CURVE ( 'NONE', #1573, #62, #4730, .T. ) ;
#3463 = EDGE_LOOP ( 'NONE', ( #752, #4312, #2572, #1086 ) ) ;
#3464 = AXIS2_PLACEMENT_3D ( 'NONE', #1769, #286, #4064 ) ;
#3465 = CARTESIAN_POINT ( 'NONE',  ( 0.07499999999999999722, 0.1260000000000000009, 0.03449999999999999595 ) ) ;
#3466 = EDGE_CURVE ( 'NONE', #3173, #3738, #4950, .T. ) ;
#3467 = EDGE_CURVE ( 'NONE', #675, #1498, #2787, .T. ) ;
#3468 = VERTEX_POINT ( 'NONE', #4702 ) ;
#3470 = VERTEX_POINT ( 'NONE', #4016 ) ;
#3469 = CYLINDRICAL_SURFACE ( 'NONE', #1492, 0.01850000000000000949 ) ;
#3471 = EDGE_LOOP ( 'NONE', ( #2804, #4396, #3442, #3446 ) ) ;
#3472 = CIRCLE ( 'NONE', #3644, 0.02149999999999999481 ) ;
#3473 = ORIENTED_EDGE ( 'NONE', *, *, #4211, .T. ) ;
#3474 = FACE_BOUND ( 'NONE', #4369, .T. ) ;
#3475 = CARTESIAN_POINT ( 'NONE',  ( 0.02500000000000000486, 0.1565000000000000280, 0.02500000000000000139 ) ) ;
#3476 = FACE_BOUND ( 'NONE', #4241, .T. ) ;
#3477 = CIRCLE ( 'NONE', #2197, 0.009499999999999994560 ) ;
#3478 = CARTESIAN_POINT ( 'NONE',  ( -0.07499999999999999722, -1.707404996040164512E-17, 0.03850000000000001338 ) ) ;
#3479 = ORIENTED_EDGE ( 'NONE', *, *, #1836, .T. ) ;
#3480 = FACE_BOUND ( 'NONE', #3571, .T. ) ;
#3481 = VERTEX_POINT ( 'NONE', #4443 ) ;
#3482 = CIRCLE ( 'NONE', #1625, 0.009499999999999994560 ) ;
#3483 = DIRECTION ( 'NONE',  ( -0.000000000000000000, -1.000000000000000000, -0.000000000000000000 ) ) ;
#3484 = CYLINDRICAL_SURFACE ( 'NONE', #12, 0.01750000000000000513 ) ;
#3485 = DIRECTION ( 'NONE',  ( 0.000000000000000000, 0.000000000000000000, -1.000000000000000000 ) ) ;
#3486 = DIRECTION ( 'NONE',  ( -0.000000000000000000, -1.000000000000000000, -0.000000000000000000 ) ) ;
#3487 = VERTEX_POINT ( 'NONE', #2430 ) ;
#3488 = ORIENTED_EDGE ( 'NONE', *, *, #3095, .F. ) ;
#3489 = CIRCLE ( 'NONE', #2864, 0.01350000000000001026 ) ;
#3490 = DIRECTION ( 'NONE',  ( -0.000000000000000000, -1.000000000000000000, -0.000000000000000000 ) ) ;
#3491 = EDGE_LOOP ( 'NONE', ( #4370, #3085 ) ) ;
#3492 = ORIENTED_EDGE ( 'NONE', *, *, #917, .T. ) ;
#3493 = ADVANCED_FACE ( 'NONE', ( #3270 ), #1293, .T. ) ;
#3494 = DIRECTION ( 'NONE',  ( 0.000000000000000000, 0.000000000000000000, -1.000000000000000000 ) ) ;
#3495 = EDGE_CURVE ( 'NONE', #2242, #604, #2511, .T. ) ;
#3496 = CONICAL_SURFACE ( 'NONE', #4283, 0.01624999999999999709, 0.7853981633974482790 ) ;
#3497 = CARTESIAN_POINT ( 'NONE',  ( -0.02499999999999999792, 0.02350000000000000352, 0.02500000000000000139 ) ) ;
#3498 = CARTESIAN_POINT ( 'NONE',  ( -0.07499999999999999722, 0.1260000000000000009, 0.04125000000000000194 ) ) ;
#3499 = DIRECTION ( 'NONE',  ( 0.000000000000000000, 0.000000000000000000, -1.000000000000000000 ) ) ;
#3500 = EDGE_CURVE ( 'NONE', #3116, #4268, #1824, .T. ) ;
#3501 = DIRECTION ( 'NONE',  ( 0.000000000000000000, 0.000000000000000000, -1.000000000000000000 ) ) ;
#3502 = VERTEX_POINT ( 'NONE', #598 ) ;
#3503 = LINE ( 'NONE', #1130, #1934 ) ;
#3504 = MANIFOLD_SOLID_BREP ( 'LPattern1[6]', #4920 ) ;
#3505 = VERTEX_POINT ( 'NONE', #312 ) ;
#3506 = AXIS2_PLACEMENT_3D ( 'NONE', #1294, #956, #168 ) ;
#3507 = CARTESIAN_POINT ( 'NONE',  ( -0.02499999999999999792, 0.1565000000000000280, -0.02500000000000000139 ) ) ;
#3508 = AXIS2_PLACEMENT_3D ( 'NONE', #2029, #1243, #3136 ) ;
#3509 = CARTESIAN_POINT ( 'NONE',  ( -0.07499999999999999722, -1.707404996040164512E-17, -0.01149999999999999634 ) ) ;
#3510 = DIRECTION ( 'NONE',  ( 0.000000000000000000, 0.000000000000000000, -1.000000000000000000 ) ) ;
#3511 = CIRCLE ( 'NONE', #447, 0.01749999999999999820 ) ;
#3512 = PLANE ( 'NONE',  #4222 ) ;
#3513 = AXIS2_PLACEMENT_3D ( 'NONE', #952, #196, #2487 ) ;
#3514 = DIRECTION ( 'NONE',  ( 0.000000000000000000, 0.000000000000000000, -1.000000000000000000 ) ) ;
#3515 = VERTEX_POINT ( 'NONE', #2254 ) ;
#3516 = AXIS2_PLACEMENT_3D ( 'NONE', #2555, #4107, #3405 ) ;
#3517 = VERTEX_POINT ( 'NONE', #1398 ) ;
#3518 = CARTESIAN_POINT ( 'NONE',  ( 0.07499999999999999722, 0.01499999999999997689, 0.02500000000000000139 ) ) ;
#3519 = EDGE_LOOP ( 'NONE', ( #4471, #3191, #3732, #363 ) ) ;
#3520 = EDGE_LOOP ( 'NONE', ( #3025, #871, #2473, #2183 ) ) ;
#3521 = LINE ( 'NONE', #3423, #3877 ) ;
#3522 = DIRECTION ( 'NONE',  ( -0.000000000000000000, -1.000000000000000000, -0.000000000000000000 ) ) ;
#3523 = FACE_OUTER_BOUND ( 'NONE', #435, .T. ) ;
#3524 = EDGE_CURVE ( 'NONE', #4605, #3276, #4870, .T. ) ;
#3525 = ADVANCED_FACE ( 'NONE', ( #1489 ), #4115, .T. ) ;
#3526 = DIRECTION ( 'NONE',  ( 0.000000000000000000, 0.000000000000000000, -1.000000000000000000 ) ) ;
#3527 = DIRECTION ( 'NONE',  ( 0.000000000000000000, -1.000000000000000000, -0.000000000000000000 ) ) ;
#3528 = ORIENTED_EDGE ( 'NONE', *, *, #3561, .T. ) ;
#3529 = MANIFOLD_SOLID_BREP ( 'LPattern1[4]', #1544 ) ;
#3530 = VERTEX_POINT ( 'NONE', #3791 ) ;
#3531 = EDGE_CURVE ( 'NONE', #581, #1970, #3319, .T. ) ;
#3532 = EDGE_CURVE ( 'NONE', #3928, #1840, #2308, .T. ) ;
#3533 = EDGE_CURVE ( 'NONE', #2872, #3278, #3604, .T. ) ;
#3534 = DIRECTION ( 'NONE',  ( 0.000000000000000000, 0.000000000000000000, -1.000000000000000000 ) ) ;
#3535 = CYLINDRICAL_SURFACE ( 'NONE', #2833, 0.01749999999999999820 ) ;
#3536 = DIRECTION ( 'NONE',  ( 0.000000000000000000, 0.000000000000000000, 1.000000000000000000 ) ) ;
#3537 = CARTESIAN_POINT ( 'NONE',  ( -0.09650000000000000244, 0.01499999999999997689, -0.02500000000000000139 ) ) ;
#3538 = FILL_AREA_STYLE ('',( #1995 ) ) ;
#3539 = CIRCLE ( 'NONE', #165, 0.009499999999999985886 ) ;
#3540 = DIRECTION ( 'NONE',  ( -0.000000000000000000, -1.000000000000000000, -0.000000000000000000 ) ) ;
#3541 = ORIENTED_EDGE ( 'NONE', *, *, #3753, .T. ) ;
#3542 = ORIENTED_EDGE ( 'NONE', *, *, #9, .F. ) ;
#3543 = DIRECTION ( 'NONE',  ( 0.000000000000000000, 0.000000000000000000, -1.000000000000000000 ) ) ;
#3544 = ORIENTED_EDGE ( 'NONE', *, *, #358, .T. ) ;
#3545 = VERTEX_POINT ( 'NONE', #3126 ) ;
#3546 = AXIS2_PLACEMENT_3D ( 'NONE', #2320, #1911, #733 ) ;
#3547 = CARTESIAN_POINT ( 'NONE',  ( -0.07499999999999999722, 0.008999999999999975034, -0.02500000000000000139 ) ) ;
#3548 = DIRECTION ( 'NONE',  ( 1.000000000000000000, 0.000000000000000000, 0.000000000000000000 ) ) ;
#3549 = CARTESIAN_POINT ( 'NONE',  ( 0.02500000000000000486, 0.02349999999999998618, -0.04649999999999999967 ) ) ;
#3550 = AXIS2_PLACEMENT_3D ( 'NONE', #100, #3527, #2736 ) ;
#3551 = DIRECTION ( 'NONE',  ( 0.000000000000000000, -0.7071067811865474617, -0.7071067811865474617 ) ) ;
#3552 = ORIENTED_EDGE ( 'NONE', *, *, #2151, .F. ) ;
#3553 = ADVANCED_FACE ( 'NONE', ( #4246 ), #424, .T. ) ;
#3554 = VECTOR ( 'NONE', #4566, 39.37007874015748143 ) ;
#3555 = ORIENTED_EDGE ( 'NONE', *, *, #3588, .T. ) ;
#3556 =( GEOMETRIC_REPRESENTATION_CONTEXT ( 3 ) GLOBAL_UNCERTAINTY_ASSIGNED_CONTEXT ( ( #2166 ) ) GLOBAL_UNIT_ASSIGNED_CONTEXT ( ( #4742, #3633, #4343 ) ) REPRESENTATION_CONTEXT ( 'NONE', 'WORKASPACE' ) );
#3557 = DIRECTION ( 'NONE',  ( 0.000000000000000000, -1.000000000000000000, -0.000000000000000000 ) ) ;
#3558 = DIRECTION ( 'NONE',  ( -0.000000000000000000, 1.000000000000000000, -0.000000000000000000 ) ) ;
#3559 = ORIENTED_EDGE ( 'NONE', *, *, #4391, .F. ) ;
#3560 = DIRECTION ( 'NONE',  ( 0.000000000000000000, 1.000000000000000000, 0.000000000000000000 ) ) ;
#3561 = EDGE_CURVE ( 'NONE', #4179, #4681, #1426, .T. ) ;
#3562 = EDGE_CURVE ( 'NONE', #826, #1436, #2070, .T. ) ;
#3563 = VECTOR ( 'NONE', #886, 39.37007874015748143 ) ;
#3564 = FACE_BOUND ( 'NONE', #3740, .T. ) ;
#3565 = DIRECTION ( 'NONE',  ( -0.000000000000000000, -1.000000000000000000, -0.000000000000000000 ) ) ;
#3566 = CYLINDRICAL_SURFACE ( 'NONE', #691, 0.01350000000000001026 ) ;
#3567 = LINE ( 'NONE', #599, #280 ) ;
#3568 = EDGE_CURVE ( 'NONE', #4686, #3924, #3836, .T. ) ;
#3569 = CYLINDRICAL_SURFACE ( 'NONE', #3627, 0.01350000000000001026 ) ;
#3570 = ORIENTED_EDGE ( 'NONE', *, *, #3317, .F. ) ;
#3571 = EDGE_LOOP ( 'NONE', ( #2332, #2657 ) ) ;
#3572 = DIRECTION ( 'NONE',  ( -0.000000000000000000, 1.000000000000000000, -0.000000000000000000 ) ) ;
#3573 = ORIENTED_EDGE ( 'NONE', *, *, #643, .T. ) ;
#3574 = ORIENTED_EDGE ( 'NONE', *, *, #2295, .F. ) ;
#3575 = CARTESIAN_POINT ( 'NONE',  ( 0.07499999999999999722, 0.01499999999999997689, -0.02500000000000000139 ) ) ;
#3576 = DIRECTION ( 'NONE',  ( 0.000000000000000000, 0.000000000000000000, 1.000000000000000000 ) ) ;
#3577 = DIRECTION ( 'NONE',  ( -0.000000000000000000, 1.000000000000000000, -0.000000000000000000 ) ) ;
#3578 = ORIENTED_EDGE ( 'NONE', *, *, #3032, .F. ) ;
#3579 = VECTOR ( 'NONE', #1317, 39.37007874015748143 ) ;
#3580 = ORIENTED_EDGE ( 'NONE', *, *, #2633, .F. ) ;
#3581 = FACE_BOUND ( 'NONE', #4952, .T. ) ;
#3582 = DIRECTION ( 'NONE',  ( 0.000000000000000000, 0.000000000000000000, -1.000000000000000000 ) ) ;
#3583 = ORIENTED_EDGE ( 'NONE', *, *, #2328, .F. ) ;
#3584 = CARTESIAN_POINT ( 'NONE',  ( 0.02500000000000000486, -1.707404996040164512E-17, 0.02500000000000000139 ) ) ;
#3585 = CIRCLE ( 'NONE', #1568, 0.02150000000000000175 ) ;
#3586 = FACE_BOUND ( 'NONE', #1221, .T. ) ;
#3587 = DIRECTION ( 'NONE',  ( 0.000000000000000000, -0.7071067811865474617, -0.7071067811865474617 ) ) ;
#3588 = EDGE_CURVE ( 'NONE', #2645, #2384, #2457, .T. ) ;
#3589 = AXIS2_PLACEMENT_3D ( 'NONE', #3084, #1219, #37 ) ;
#3590 = EDGE_CURVE ( 'NONE', #1359, #2369, #288, .T. ) ;
#3591 = DIRECTION ( 'NONE',  ( -0.000000000000000000, -1.000000000000000000, -0.000000000000000000 ) ) ;
#3592 = DIRECTION ( 'NONE',  ( -0.000000000000000000, -1.000000000000000000, -0.000000000000000000 ) ) ;
#3593 = AXIS2_PLACEMENT_3D ( 'NONE', #150, #4049, #3967 ) ;
#3594 = VECTOR ( 'NONE', #2339, 39.37007874015748143 ) ;
#3595 = CARTESIAN_POINT ( 'NONE',  ( -0.02499999999999999792, 0.01499999999999997689, -0.04649999999999999967 ) ) ;
#3596 = ORIENTED_EDGE ( 'NONE', *, *, #3292, .T. ) ;
#3597 = ADVANCED_FACE ( 'NONE', ( #2742 ), #2718, .F. ) ;
#3598 = EDGE_LOOP ( 'NONE', ( #1329, #129 ) ) ;
#3599 = COLOUR_RGB ( '',1.000000000000000000, 0.8117647058823529438, 0.5019607843137254832 ) ;
#3600 = CARTESIAN_POINT ( 'NONE',  ( -0.02499999999999999792, -1.707404996040164512E-17, -0.02500000000000000139 ) ) ;
#3601 = EDGE_LOOP ( 'NONE', ( #285, #3015 ) ) ;
#3602 = ORIENTED_EDGE ( 'NONE', *, *, #1013, .T. ) ;
#3603 = AXIS2_PLACEMENT_3D ( 'NONE', #1397, #4836, #2186 ) ;
#3604 = CIRCLE ( 'NONE', #2956, 0.009499999999999994560 ) ;
#3605 = FACE_OUTER_BOUND ( 'NONE', #3705, .T. ) ;
#3606 = CARTESIAN_POINT ( 'NONE',  ( 0.02500000000000000486, -1.707404996040164512E-17, 0.01149999999999999634 ) ) ;
#3607 = DIRECTION ( 'NONE',  ( -0.000000000000000000, 1.000000000000000000, -0.000000000000000000 ) ) ;
#3608 = AXIS2_PLACEMENT_3D ( 'NONE', #1409, #2147, #4101 ) ;
#3609 = DIRECTION ( 'NONE',  ( 0.000000000000000000, 0.000000000000000000, -1.000000000000000000 ) ) ;
#3610 = ORIENTED_EDGE ( 'NONE', *, *, #48, .F. ) ;
#3611 = DIMENSIONAL_EXPONENTS ( 1.000000000000000000, 0.000000000000000000, 0.000000000000000000, 0.000000000000000000, 0.000000000000000000, 0.000000000000000000, 0.000000000000000000 ) ;
#3612 = ORIENTED_EDGE ( 'NONE', *, *, #1046, .F. ) ;
#3613 = FACE_OUTER_BOUND ( 'NONE', #4735, .T. ) ;
#3614 = CARTESIAN_POINT ( 'NONE',  ( 0.07499999999999999722, -1.707404996040164512E-17, -0.01550000000000000856 ) ) ;
#3615 = VERTEX_POINT ( 'NONE', #3148 ) ;
#3616 = CARTESIAN_POINT ( 'NONE',  ( -0.07499999999999999722, 0.1260000000000000009, -0.03449999999999999595 ) ) ;
#3617 = PLANE ( 'NONE',  #1120 ) ;
#3618 = CARTESIAN_POINT ( 'NONE',  ( 0.01149999999999999981, -1.707404996040164512E-17, 0.02500000000000000139 ) ) ;
#3619 = CARTESIAN_POINT ( 'NONE',  ( -0.07499999999999999722, -1.707404996040164512E-17, -0.02500000000000000139 ) ) ;
#3620 = DIRECTION ( 'NONE',  ( 0.000000000000000000, 0.000000000000000000, -1.000000000000000000 ) ) ;
#3621 = EDGE_CURVE ( 'NONE', #4007, #4542, #3096, .T. ) ;
#3622 = DIRECTION ( 'NONE',  ( 0.000000000000000000, 0.000000000000000000, -1.000000000000000000 ) ) ;
#3623 = ORIENTED_EDGE ( 'NONE', *, *, #911, .F. ) ;
#3624 = ORIENTED_EDGE ( 'NONE', *, *, #4959, .F. ) ;
#3625 = CARTESIAN_POINT ( 'NONE',  ( -0.02499999999999999792, -1.707404996040164512E-17, 0.02500000000000000139 ) ) ;
#3626 = VERTEX_POINT ( 'NONE', #3903 ) ;
#3627 = AXIS2_PLACEMENT_3D ( 'NONE', #895, #3184, #1727 ) ;
#3628 = EDGE_LOOP ( 'NONE', ( #1474, #4260, #16, #3059 ) ) ;
#3629 = EDGE_CURVE ( 'NONE', #1702, #4186, #1734, .T. ) ;
#3630 = ADVANCED_FACE ( 'NONE', ( #755 ), #827, .T. ) ;
#3631 = ADVANCED_FACE ( 'NONE', ( #3878 ), #2396, .T. ) ;
#3632 = DIRECTION ( 'NONE',  ( 0.000000000000000000, 0.000000000000000000, -1.000000000000000000 ) ) ;
#3633 =( NAMED_UNIT ( * ) PLANE_ANGLE_UNIT ( ) SI_UNIT ( $, .RADIAN. ) );
#3634 = VECTOR ( 'NONE', #3752, 39.37007874015748143 ) ;
#3635 = EDGE_LOOP ( 'NONE', ( #2682, #1324, #4692, #4492, #2261 ) ) ;
#3636 = FACE_OUTER_BOUND ( 'NONE', #1535, .T. ) ;
#3637 = FACE_BOUND ( 'NONE', #602, .T. ) ;
#3638 = VECTOR ( 'NONE', #592, 39.37007874015748143 ) ;
#3639 = ORIENTED_EDGE ( 'NONE', *, *, #1472, .T. ) ;
#3640 = DIRECTION ( 'NONE',  ( -0.000000000000000000, -1.000000000000000000, -0.000000000000000000 ) ) ;
#3641 = DIRECTION ( 'NONE',  ( 1.224646799147353207E-16, -0.000000000000000000, 1.000000000000000000 ) ) ;
#3642 = EDGE_LOOP ( 'NONE', ( #2146, #2952 ) ) ;
#3643 = DIRECTION ( 'NONE',  ( -0.000000000000000000, -1.000000000000000000, -0.000000000000000000 ) ) ;
#3644 = AXIS2_PLACEMENT_3D ( 'NONE', #2618, #243, #4947 ) ;
#3645 = FACE_BOUND ( 'NONE', #4166, .T. ) ;
#3646 = CARTESIAN_POINT ( 'NONE',  ( 0.07499999999999999722, 0.02349999999999998618, -0.02500000000000000139 ) ) ;
#3647 = CARTESIAN_POINT ( 'NONE',  ( -0.02500000000000001527, 0.1660000000000000087, -0.02500000000000000139 ) ) ;
#3648 = CARTESIAN_POINT ( 'NONE',  ( -0.02499999999999999792, 0.008999999999999975034, -0.02500000000000000139 ) ) ;
#3649 = CIRCLE ( 'NONE', #3364, 0.009499999999999985886 ) ;
#3650 = DIRECTION ( 'NONE',  ( 0.000000000000000000, 1.000000000000000000, 0.000000000000000000 ) ) ;
#3651 = DIRECTION ( 'NONE',  ( -0.000000000000000000, -1.000000000000000000, -0.000000000000000000 ) ) ;
#3652 = ORIENTED_EDGE ( 'NONE', *, *, #674, .T. ) ;
#3653 = AXIS2_PLACEMENT_3D ( 'NONE', #2362, #1977, #1931 ) ;
#3654 = EDGE_LOOP ( 'NONE', ( #1353, #490, #937, #1054 ) ) ;
#3655 = DIRECTION ( 'NONE',  ( 0.000000000000000000, 0.000000000000000000, -1.000000000000000000 ) ) ;
#3656 = ORIENTED_EDGE ( 'NONE', *, *, #382, .T. ) ;
#3657 = ORIENTED_EDGE ( 'NONE', *, *, #299, .F. ) ;
#3658 = CLOSED_SHELL ( 'NONE', ( #46, #3350, #293, #951, #4714, #3031, #2385, #2212, #4085, #1673, #3631, #76, #1248, #2848, #3630, #3033, #84, #3298, #499 ) ) ;
#3659 = CIRCLE ( 'NONE', #2728, 0.009499999999999985886 ) ;
#3660 = CARTESIAN_POINT ( 'NONE',  ( -0.07499999999999999722, 0.1260000000000000009, 0.01550000000000000856 ) ) ;
#3661 = VERTEX_POINT ( 'NONE', #28 ) ;
#3662 = CARTESIAN_POINT ( 'NONE',  ( 0.02499999999999999098, 0.1565000000000000280, -0.02500000000000000139 ) ) ;
#3663 = EDGE_CURVE ( 'NONE', #2434, #3273, #2670, .T. ) ;
#3664 = CARTESIAN_POINT ( 'NONE',  ( -0.02499999999999999445, 0.02350000000000000352, -0.04249999999999999611 ) ) ;
#3665 = ORIENTED_EDGE ( 'NONE', *, *, #1828, .T. ) ;
#3666 = EDGE_CURVE ( 'NONE', #1270, #3363, #1487, .T. ) ;
#3667 = CIRCLE ( 'NONE', #4377, 0.009499999999999994560 ) ;
#3668 = DIRECTION ( 'NONE',  ( 0.000000000000000000, 0.000000000000000000, -1.000000000000000000 ) ) ;
#3669 = CARTESIAN_POINT ( 'NONE',  ( 0.07499999999999999722, 0.02349999999999998618, -0.02500000000000000139 ) ) ;
#3670 = EDGE_LOOP ( 'NONE', ( #930, #4099, #2101, #1997 ) ) ;
#3671 = LINE ( 'NONE', #4012, #3579 ) ;
#3672 = CARTESIAN_POINT ( 'NONE',  ( 0.02500000000000000486, -1.707404996040164512E-17, -0.01149999999999999634 ) ) ;
#3673 = DIRECTION ( 'NONE',  ( 0.000000000000000000, 0.000000000000000000, -1.000000000000000000 ) ) ;
#3674 = CIRCLE ( 'NONE', #2766, 0.01749999999999999820 ) ;
#3675 = LINE ( 'NONE', #4729, #2461 ) ;
#3676 = SURFACE_STYLE_FILL_AREA ( #60 ) ;
#3677 = CARTESIAN_POINT ( 'NONE',  ( 0.1075000000000000261, 0.02350000000000000352, 0.05999999999999999778 ) ) ;
#3678 = AXIS2_PLACEMENT_3D ( 'NONE', #1914, #2, #1536 ) ;
#3679 = DIRECTION ( 'NONE',  ( 0.000000000000000000, 0.000000000000000000, -1.000000000000000000 ) ) ;
#3680 = ORIENTED_EDGE ( 'NONE', *, *, #4219, .F. ) ;
#3681 = DIRECTION ( 'NONE',  ( -0.000000000000000000, -1.000000000000000000, -0.000000000000000000 ) ) ;
#3682 = EDGE_LOOP ( 'NONE', ( #855, #1756, #965, #1781 ) ) ;
#3683 = AXIS2_PLACEMENT_3D ( 'NONE', #3014, #4893, #2593 ) ;
#3684 = CARTESIAN_POINT ( 'NONE',  ( -0.02499999999999999792, 0.01499999999999997689, 0.006499999999999997967 ) ) ;
#3685 = CONICAL_SURFACE ( 'NONE', #2780, 0.01625000000000000056, 0.7853981633974482790 ) ;
#3686 = ORIENTED_EDGE ( 'NONE', *, *, #1455, .T. ) ;
#3687 = DIRECTION ( 'NONE',  ( 8.659560562354932858E-17, -0.7071067811865474617, 0.7071067811865474617 ) ) ;
#3688 = DIRECTION ( 'NONE',  ( -0.000000000000000000, -1.000000000000000000, -0.000000000000000000 ) ) ;
#3689 = AXIS2_PLACEMENT_3D ( 'NONE', #32, #1160, #786 ) ;
#3690 = SURFACE_SIDE_STYLE ('',( #4897 ) ) ;
#3691 = AXIS2_PLACEMENT_3D ( 'NONE', #4907, #3742, #1443 ) ;
#3692 = DIRECTION ( 'NONE',  ( -0.000000000000000000, -1.000000000000000000, -0.000000000000000000 ) ) ;
#3693 = DIRECTION ( 'NONE',  ( 0.000000000000000000, 0.000000000000000000, 1.000000000000000000 ) ) ;
#3694 = VERTEX_POINT ( 'NONE', #3830 ) ;
#3695 = DIRECTION ( 'NONE',  ( 0.000000000000000000, 0.000000000000000000, -1.000000000000000000 ) ) ;
#3696 = EDGE_CURVE ( 'NONE', #1242, #572, #2371, .T. ) ;
#3697 = CARTESIAN_POINT ( 'NONE',  ( -0.07499999999999999722, -1.707404996040164512E-17, 0.02500000000000000139 ) ) ;
#3698 = ORIENTED_EDGE ( 'NONE', *, *, #2822, .T. ) ;
#3699 = ADVANCED_FACE ( 'NONE', ( #4575 ), #4195, .F. ) ;
#3700 = DIRECTION ( 'NONE',  ( 0.000000000000000000, 0.000000000000000000, -1.000000000000000000 ) ) ;
#3701 = CARTESIAN_POINT ( 'NONE',  ( 0.007500000000000005794, 0.02349999999999998618, -0.02500000000000000139 ) ) ;
#3702 = CARTESIAN_POINT ( 'NONE',  ( -0.07499999999999999722, 0.1260000000000000009, 0.02500000000000000139 ) ) ;
#3703 = ORIENTED_EDGE ( 'NONE', *, *, #1094, .T. ) ;
#3704 = DIRECTION ( 'NONE',  ( -0.000000000000000000, -1.000000000000000000, -0.000000000000000000 ) ) ;
#3705 = EDGE_LOOP ( 'NONE', ( #1685, #3863, #3596, #3707 ) ) ;
#3706 = PLANE ( 'NONE',  #884 ) ;
#3707 = ORIENTED_EDGE ( 'NONE', *, *, #1372, .T. ) ;
#3708 = VECTOR ( 'NONE', #4545, 39.37007874015748143 ) ;
#3709 = AXIS2_PLACEMENT_3D ( 'NONE', #4762, #2799, #1264 ) ;
#3710 = DIRECTION ( 'NONE',  ( 0.000000000000000000, -0.7071067811865474617, -0.7071067811865474617 ) ) ;
#3711 = DIRECTION ( 'NONE',  ( -0.000000000000000000, 1.000000000000000000, -0.000000000000000000 ) ) ;
#3712 = FACE_OUTER_BOUND ( 'NONE', #3362, .T. ) ;
#3713 = CARTESIAN_POINT ( 'NONE',  ( 0.02500000000000000486, 0.01499999999999997689, 0.006499999999999997967 ) ) ;
#3714 = FACE_OUTER_BOUND ( 'NONE', #534, .T. ) ;
#3715 = ORIENTED_EDGE ( 'NONE', *, *, #1747, .F. ) ;
#3716 = CARTESIAN_POINT ( 'NONE',  ( 0.07499999999999999722, 0.1260000000000000009, -0.04125000000000000194 ) ) ;
#3717 = ORIENTED_EDGE ( 'NONE', *, *, #2322, .F. ) ;
#3718 = CARTESIAN_POINT ( 'NONE',  ( 0.07499999999999999722, 0.1260000000000000009, 0.008750000000000004302 ) ) ;
#3719 = EDGE_CURVE ( 'NONE', #4620, #1831, #2770, .T. ) ;
#3720 = LENGTH_MEASURE_WITH_UNIT ( LENGTH_MEASURE( 0.02539999999999999897 ), #667 );
#3721 = AXIS2_PLACEMENT_3D ( 'NONE', #3475, #1528, #1602 ) ;
#3722 = EDGE_CURVE ( 'NONE', #2037, #2840, #2794, .T. ) ;
#3723 = EDGE_CURVE ( 'NONE', #839, #574, #2374, .T. ) ;
#3724 = DIRECTION ( 'NONE',  ( 0.000000000000000000, 0.000000000000000000, 1.000000000000000000 ) ) ;
#3725 = UNCERTAINTY_MEASURE_WITH_UNIT (LENGTH_MEASURE( 1.000000000000000082E-05 ), #1137, 'distance_accuracy_value', 'NONE');
#3726 = CIRCLE ( 'NONE', #186, 0.01750000000000000167 ) ;
#3727 = CARTESIAN_POINT ( 'NONE',  ( -0.07499999999999999722, 0.1247499999999999998, 0.02500000000000000139 ) ) ;
#3728 = ADVANCED_FACE ( 'NONE', ( #3980 ), #2823, .T. ) ;
#3729 = ORIENTED_EDGE ( 'NONE', *, *, #1039, .T. ) ;
#3730 = CIRCLE ( 'NONE', #99, 0.02149999999999999481 ) ;
#3731 = DIRECTION ( 'NONE',  ( 0.000000000000000000, 0.000000000000000000, -1.000000000000000000 ) ) ;
#3732 = ORIENTED_EDGE ( 'NONE', *, *, #4352, .F. ) ;
#3733 = DIRECTION ( 'NONE',  ( 1.224646799147353207E-16, -0.000000000000000000, 1.000000000000000000 ) ) ;
#3734 = DIRECTION ( 'NONE',  ( 0.000000000000000000, 1.000000000000000000, 0.000000000000000000 ) ) ;
#3735 = CARTESIAN_POINT ( 'NONE',  ( 0.07499999999999999722, -1.707404996040164512E-17, -0.04250000000000000999 ) ) ;
#3736 = DIRECTION ( 'NONE',  ( 0.000000000000000000, 0.000000000000000000, -1.000000000000000000 ) ) ;
#3737 = CARTESIAN_POINT ( 'NONE',  ( -0.07499999999999999722, 0.1565000000000000280, -0.01550000000000000856 ) ) ;
#3738 = VERTEX_POINT ( 'NONE', #532 ) ;
#3739 = DIRECTION ( 'NONE',  ( 0.000000000000000000, 1.000000000000000000, 0.000000000000000000 ) ) ;
#3740 = EDGE_LOOP ( 'NONE', ( #2674, #251 ) ) ;
#3741 = VECTOR ( 'NONE', #1321, 39.37007874015748854 ) ;
#3742 = DIRECTION ( 'NONE',  ( -0.000000000000000000, -1.000000000000000000, -0.000000000000000000 ) ) ;
#3743 = LENGTH_MEASURE_WITH_UNIT ( LENGTH_MEASURE( 0.02539999999999999897 ), #3028 );
#3744 = DIRECTION ( 'NONE',  ( -0.000000000000000000, -1.000000000000000000, -0.000000000000000000 ) ) ;
#3745 = AXIS2_PLACEMENT_3D ( 'NONE', #3343, #1399, #2626 ) ;
#3746 = ADVANCED_FACE ( 'NONE', ( #2476 ), #969, .T. ) ;
#3747 = CIRCLE ( 'NONE', #3424, 0.01624999999999999709 ) ;
#3748 = DIRECTION ( 'NONE',  ( -0.000000000000000000, -1.000000000000000000, -0.000000000000000000 ) ) ;
#3749 = VERTEX_POINT ( 'NONE', #4354 ) ;
#3750 = CIRCLE ( 'NONE', #197, 0.01749999999999999820 ) ;
#3751 = VECTOR ( 'NONE', #4417, 39.37007874015748143 ) ;
#3752 = DIRECTION ( 'NONE',  ( -0.000000000000000000, -1.000000000000000000, -0.000000000000000000 ) ) ;
#3753 = EDGE_CURVE ( 'NONE', #574, #839, #838, .T. ) ;
#3754 = ORIENTED_EDGE ( 'NONE', *, *, #2978, .T. ) ;
#3755 = VECTOR ( 'NONE', #4338, 39.37007874015748143 ) ;
#3756 = CARTESIAN_POINT ( 'NONE',  ( -0.07500000000000002498, 0.1565000000000000280, 0.02500000000000000139 ) ) ;
#3757 = PLANE ( 'NONE',  #4915 ) ;
#3758 = AXIS2_PLACEMENT_3D ( 'NONE', #1053, #3748, #4556 ) ;
#3759 = FILL_AREA_STYLE ('',( #4127 ) ) ;
#3760 = VECTOR ( 'NONE', #4264, 39.37007874015748143 ) ;
#3761 = PLANE ( 'NONE',  #4535 ) ;
#3762 = VECTOR ( 'NONE', #1444, 39.37007874015748143 ) ;
#3763 = DIRECTION ( 'NONE',  ( -0.000000000000000000, -1.000000000000000000, -0.000000000000000000 ) ) ;
#3764 = ORIENTED_EDGE ( 'NONE', *, *, #2049, .T. ) ;
#3765 = CARTESIAN_POINT ( 'NONE',  ( -0.07499999999999999722, 0.01499999999999997689, 0.04350000000000001088 ) ) ;
#3766 = ORIENTED_EDGE ( 'NONE', *, *, #4595, .F. ) ;
#3767 = CIRCLE ( 'NONE', #59, 0.009499999999999994560 ) ;
#3768 = DIRECTION ( 'NONE',  ( 1.000000000000000000, 0.000000000000000000, 0.000000000000000000 ) ) ;
#3769 = DIRECTION ( 'NONE',  ( 0.000000000000000000, 0.000000000000000000, -1.000000000000000000 ) ) ;
#3770 = CONICAL_SURFACE ( 'NONE', #4086, 0.01624999999999999709, 0.7853981633974482790 ) ;
#3771 = DIRECTION ( 'NONE',  ( -0.000000000000000000, -1.000000000000000000, -0.000000000000000000 ) ) ;
#3772 = CARTESIAN_POINT ( 'NONE',  ( -0.07500000000000002498, 0.1565000000000000280, -0.02500000000000000139 ) ) ;
#3773 = ORIENTED_EDGE ( 'NONE', *, *, #3495, .F. ) ;
#3774 = ADVANCED_FACE ( 'NONE', ( #2503 ), #217, .T. ) ;
#3775 = CARTESIAN_POINT ( 'NONE',  ( 0.07499999999999999722, -1.707404996040164512E-17, 0.04350000000000001088 ) ) ;
#3776 = EDGE_LOOP ( 'NONE', ( #3983, #4322, #3816, #2111 ) ) ;
#3777 = CARTESIAN_POINT ( 'NONE',  ( -0.07499999999999999722, -1.707404996040164512E-17, 0.04649999999999999967 ) ) ;
#3778 = ADVANCED_FACE ( 'NONE', ( #994 ), #4722, .T. ) ;
#3779 = FACE_OUTER_BOUND ( 'NONE', #2155, .T. ) ;
#3780 = ADVANCED_FACE ( 'NONE', ( #4807 ), #3287, .T. ) ;
#3781 = DIRECTION ( 'NONE',  ( 0.000000000000000000, 0.000000000000000000, -1.000000000000000000 ) ) ;
#3782 = CARTESIAN_POINT ( 'NONE',  ( -0.07499999999999999722, -1.707404996040164512E-17, -0.02500000000000000139 ) ) ;
#3783 = CARTESIAN_POINT ( 'NONE',  ( -0.07499999999999999722, 0.1260000000000000009, -0.02500000000000000139 ) ) ;
#3784 = EDGE_CURVE ( 'NONE', #560, #3416, #3747, .T. ) ;
#3785 = DIRECTION ( 'NONE',  ( -0.000000000000000000, -1.000000000000000000, -0.000000000000000000 ) ) ;
#3786 = ORIENTED_EDGE ( 'NONE', *, *, #2010, .T. ) ;
#3787 = DIRECTION ( 'NONE',  ( -0.000000000000000000, -1.000000000000000000, -0.000000000000000000 ) ) ;
#3788 = AXIS2_PLACEMENT_3D ( 'NONE', #1163, #3486, #1545 ) ;
#3789 = VERTEX_POINT ( 'NONE', #2039 ) ;
#3790 = LINE ( 'NONE', #1468, #955 ) ;
#3791 = CARTESIAN_POINT ( 'NONE',  ( -0.07499999999999999722, 0.01499999999999997689, 0.003500000000000006144 ) ) ;
#3792 = LINE ( 'NONE', #4913, #2697 ) ;
#3793 = ORIENTED_EDGE ( 'NONE', *, *, #4591, .T. ) ;
#3794 = CIRCLE ( 'NONE', #2426, 0.01749999999999999820 ) ;
#3795 = DIRECTION ( 'NONE',  ( 0.000000000000000000, -1.000000000000000000, -0.000000000000000000 ) ) ;
#3796 = ORIENTED_EDGE ( 'NONE', *, *, #3862, .F. ) ;
#3798 = ORIENTED_EDGE ( 'NONE', *, *, #673, .T. ) ;
#3797 = FACE_OUTER_BOUND ( 'NONE', #3202, .T. ) ;
#3799 = PLANE ( 'NONE',  #2526 ) ;
#3800 = PLANE ( 'NONE',  #660 ) ;
#3801 = CARTESIAN_POINT ( 'NONE',  ( 0.07499999999999999722, 0.1565000000000000280, -0.01550000000000000856 ) ) ;
#3802 = ADVANCED_FACE ( 'NONE', ( #3262, #1286 ), #502, .F. ) ;
#3803 =( GEOMETRIC_REPRESENTATION_CONTEXT ( 3 ) GLOBAL_UNCERTAINTY_ASSIGNED_CONTEXT ( ( #250 ) ) GLOBAL_UNIT_ASSIGNED_CONTEXT ( ( #4895, #1853, #679 ) ) REPRESENTATION_CONTEXT ( 'NONE', 'WORKASPACE' ) );
#3804 = CARTESIAN_POINT ( 'NONE',  ( 0.02500000000000000486, 0.008999999999999975034, -0.01149999999999999634 ) ) ;
#3805 = DIRECTION ( 'NONE',  ( -0.000000000000000000, -1.000000000000000000, -0.000000000000000000 ) ) ;
#3806 = ORIENTED_EDGE ( 'NONE', *, *, #4483, .T. ) ;
#3807 = FACE_OUTER_BOUND ( 'NONE', #412, .T. ) ;
#3808 = EDGE_LOOP ( 'NONE', ( #4944, #1045 ) ) ;
#3809 = EDGE_CURVE ( 'NONE', #912, #3173, #4009, .T. ) ;
#3810 = DIRECTION ( 'NONE',  ( 0.000000000000000000, 0.000000000000000000, -1.000000000000000000 ) ) ;
#3811 = CYLINDRICAL_SURFACE ( 'NONE', #1898, 0.01350000000000001026 ) ;
#3812 = ORIENTED_EDGE ( 'NONE', *, *, #4313, .F. ) ;
#3813 = DIRECTION ( 'NONE',  ( 1.000000000000000000, 0.000000000000000000, 0.000000000000000000 ) ) ;
#3814 = ORIENTED_EDGE ( 'NONE', *, *, #3809, .T. ) ;
#3816 = ORIENTED_EDGE ( 'NONE', *, *, #3500, .F. ) ;
#3815 = CARTESIAN_POINT ( 'NONE',  ( 0.02500000000000000486, -1.707404996040164512E-17, -0.01550000000000000856 ) ) ;
#3817 = EDGE_LOOP ( 'NONE', ( #550, #4337, #3574, #3214, #939 ) ) ;
#3818 = DIRECTION ( 'NONE',  ( 0.000000000000000000, 0.000000000000000000, 1.000000000000000000 ) ) ;
#3819 = AXIS2_PLACEMENT_3D ( 'NONE', #2995, #637, #1041 ) ;
#3820 = CARTESIAN_POINT ( 'NONE',  ( 0.07499999999999999722, 0.008999999999999975034, 0.006499999999999997967 ) ) ;
#3821 = DIRECTION ( 'NONE',  ( -0.000000000000000000, -1.000000000000000000, -0.000000000000000000 ) ) ;
#3822 = AXIS2_PLACEMENT_3D ( 'NONE', #3307, #4828, #554 ) ;
#3823 = DIRECTION ( 'NONE',  ( -0.000000000000000000, -1.000000000000000000, -0.000000000000000000 ) ) ;
#3824 = ORIENTED_EDGE ( 'NONE', *, *, #2581, .F. ) ;
#3825 = CYLINDRICAL_SURFACE ( 'NONE', #3387, 0.02150000000000000175 ) ;
#3826 = AXIS2_PLACEMENT_3D ( 'NONE', #3625, #3681, #3655 ) ;
#3827 = ADVANCED_FACE ( 'NONE', ( #4435, #3581 ), #3926, .F. ) ;
#3828 = ORIENTED_EDGE ( 'NONE', *, *, #299, .T. ) ;
#3829 = AXIS2_PLACEMENT_3D ( 'NONE', #2749, #2403, #1594 ) ;
#3830 = CARTESIAN_POINT ( 'NONE',  ( -0.02499999999999999445, 0.09849999999999999034, 0.007500000000000071713 ) ) ;
#3831 = DIRECTION ( 'NONE',  ( -0.000000000000000000, -1.000000000000000000, -0.000000000000000000 ) ) ;
#3832 = DIRECTION ( 'NONE',  ( 0.000000000000000000, 0.000000000000000000, -1.000000000000000000 ) ) ;
#3833 = ADVANCED_FACE ( 'NONE', ( #3613 ), #1258, .T. ) ;
#3834 = ADVANCED_FACE ( 'NONE', ( #940 ), #2099, .T. ) ;
#3835 = AXIS2_PLACEMENT_3D ( 'NONE', #4318, #4292, #3973 ) ;
#3836 = CIRCLE ( 'NONE', #4480, 0.01850000000000000255 ) ;
#3837 = AXIS2_PLACEMENT_3D ( 'NONE', #1034, #2122, #582 ) ;
#3838 = SURFACE_STYLE_FILL_AREA ( #3538 ) ;
#3839 = VERTEX_POINT ( 'NONE', #4484 ) ;
#3840 = CARTESIAN_POINT ( 'NONE',  ( -0.1074999999999999983, 0.02350000000000000352, 0.05999999999999999778 ) ) ;
#3841 = ORIENTED_EDGE ( 'NONE', *, *, #3858, .F. ) ;
#3843 = ORIENTED_EDGE ( 'NONE', *, *, #1803, .F. ) ;
#3842 = CARTESIAN_POINT ( 'NONE',  ( 0.07499999999999999722, 0.1247499999999999998, 0.02500000000000000139 ) ) ;
#3844 = ORIENTED_EDGE ( 'NONE', *, *, #78, .T. ) ;
#3845 = ORIENTED_EDGE ( 'NONE', *, *, #579, .F. ) ;
#3846 = DIRECTION ( 'NONE',  ( 0.000000000000000000, 0.000000000000000000, -1.000000000000000000 ) ) ;
#3847 = DIRECTION ( 'NONE',  ( 0.000000000000000000, 0.000000000000000000, -1.000000000000000000 ) ) ;
#3848 = LINE ( 'NONE', #1504, #4393 ) ;
#3849 = CYLINDRICAL_SURFACE ( 'NONE', #1785, 0.01750000000000000513 ) ;
#3850 = EDGE_LOOP ( 'NONE', ( #2139, #642 ) ) ;
#3851 = VERTEX_POINT ( 'NONE', #4879 ) ;
#3852 = EDGE_CURVE ( 'NONE', #4232, #1610, #4379, .T. ) ;
#3853 = VECTOR ( 'NONE', #228, 39.37007874015748143 ) ;
#3854 = CIRCLE ( 'NONE', #1282, 0.01749999999999999820 ) ;
#3855 = DIRECTION ( 'NONE',  ( 0.000000000000000000, 0.000000000000000000, 1.000000000000000000 ) ) ;
#3856 = DIRECTION ( 'NONE',  ( 0.000000000000000000, 0.000000000000000000, -1.000000000000000000 ) ) ;
#3857 = CARTESIAN_POINT ( 'NONE',  ( 0.07499999999999999722, 0.02350000000000000352, -0.02500000000000000139 ) ) ;
#3858 = EDGE_CURVE ( 'NONE', #4295, #1269, #2220, .T. ) ;
#3859 = CIRCLE ( 'NONE', #4576, 0.01749999999999999820 ) ;
#3860 = FACE_OUTER_BOUND ( 'NONE', #94, .T. ) ;
#3861 = EDGE_CURVE ( 'NONE', #4164, #1270, #1646, .T. ) ;
#3862 = EDGE_CURVE ( 'NONE', #4773, #1240, #4690, .T. ) ;
#3863 = ORIENTED_EDGE ( 'NONE', *, *, #3356, .F. ) ;
#3864 = FACE_OUTER_BOUND ( 'NONE', #4488, .T. ) ;
#3865 = EDGE_LOOP ( 'NONE', ( #4097, #2294, #4243, #4473 ) ) ;
#3866 = ORIENTED_EDGE ( 'NONE', *, *, #1172, .F. ) ;
#3867 = CARTESIAN_POINT ( 'NONE',  ( 0.02500000000000000486, -1.707404996040164512E-17, 0.007500000000000001457 ) ) ;
#3868 = CARTESIAN_POINT ( 'NONE',  ( -0.02499999999999999445, -1.707404996040164512E-17, 0.04649999999999999967 ) ) ;
#3869 =( NAMED_UNIT ( * ) PLANE_ANGLE_UNIT ( ) SI_UNIT ( $, .RADIAN. ) );
#3870 = AXIS2_PLACEMENT_3D ( 'NONE', #2901, #3577, #555 ) ;
#3871 = DIRECTION ( 'NONE',  ( 0.000000000000000000, -0.000000000000000000, 1.000000000000000000 ) ) ;
#3872 = CIRCLE ( 'NONE', #3242, 0.01749999999999999820 ) ;
#3873 = FACE_OUTER_BOUND ( 'NONE', #127, .T. ) ;
#3874 = ORIENTED_EDGE ( 'NONE', *, *, #4276, .F. ) ;
#3875 = CARTESIAN_POINT ( 'NONE',  ( -0.07499999999999999722, -1.707404996040164512E-17, 0.02500000000000000139 ) ) ;
#3876 = VERTEX_POINT ( 'NONE', #2153 ) ;
#3877 = VECTOR ( 'NONE', #41, 39.37007874015748143 ) ;
#3878 = FACE_OUTER_BOUND ( 'NONE', #841, .T. ) ;
#3879 = CARTESIAN_POINT ( 'NONE',  ( 0.07499999999999999722, 0.1565000000000000280, -0.02500000000000000139 ) ) ;
#3880 = CARTESIAN_POINT ( 'NONE',  ( -0.07499999999999999722, -1.707404996040164512E-17, -0.007500000000000001457 ) ) ;
#3881 = ADVANCED_BREP_SHAPE_REPRESENTATION ( '855-22-008-30-004101', ( #1741, #272, #4887, #3411, #83, #3529, #3257, #3504, #3399, #332 ), #3139 ) ;
#3882 = CARTESIAN_POINT ( 'NONE',  ( -0.02499999999999999445, 0.02349999999999998618, 0.04250000000000000999 ) ) ;
#3883 = ADVANCED_FACE ( 'NONE', ( #1858 ), #708, .T. ) ;
#3884 = EDGE_CURVE ( 'NONE', #488, #3966, #3979, .T. ) ;
#3885 = CARTESIAN_POINT ( 'NONE',  ( 0.02500000000000001180, -1.707404996040164512E-17, 0.04250000000000000999 ) ) ;
#3886 = ORIENTED_EDGE ( 'NONE', *, *, #1488, .T. ) ;
#3887 = ORIENTED_EDGE ( 'NONE', *, *, #1747, .T. ) ;
#3888 = CARTESIAN_POINT ( 'NONE',  ( 0.07499999999999999722, 0.09849999999999999034, 0.04249999999999999611 ) ) ;
#3889 = EDGE_LOOP ( 'NONE', ( #2690, #4230, #2821, #1745 ) ) ;
#3890 = ORIENTED_EDGE ( 'NONE', *, *, #355, .T. ) ;
#3891 = CARTESIAN_POINT ( 'NONE',  ( -0.07499999999999999722, 0.02349999999999998618, 0.02500000000000000139 ) ) ;
#3892 = EDGE_CURVE ( 'NONE', #4295, #2436, #306, .T. ) ;
#3893 = EDGE_CURVE ( 'NONE', #879, #3455, #3380, .T. ) ;
#3894 = CYLINDRICAL_SURFACE ( 'NONE', #4116, 0.01350000000000000679 ) ;
#3895 = DIRECTION ( 'NONE',  ( 0.000000000000000000, 0.000000000000000000, -1.000000000000000000 ) ) ;
#3896 = CARTESIAN_POINT ( 'NONE',  ( 0.07499999999999999722, 0.02349999999999998618, -0.04250000000000000999 ) ) ;
#3897 = VECTOR ( 'NONE', #1815, 39.37007874015748143 ) ;
#3898 = UNCERTAINTY_MEASURE_WITH_UNIT (LENGTH_MEASURE( 1.000000000000000082E-05 ), #777, 'distance_accuracy_value', 'NONE');
#3899 = DIRECTION ( 'NONE',  ( 0.000000000000000000, 0.000000000000000000, -1.000000000000000000 ) ) ;
#3900 = VERTEX_POINT ( 'NONE', #2925 ) ;
#3901 = DIRECTION ( 'NONE',  ( 0.000000000000000000, 0.000000000000000000, -1.000000000000000000 ) ) ;
#3902 = EDGE_LOOP ( 'NONE', ( #459, #2054, #2545, #517 ) ) ;
#3903 = CARTESIAN_POINT ( 'NONE',  ( -0.02499999999999999445, 0.02350000000000000352, 0.007500000000000071713 ) ) ;
#3904 = AXIS2_PLACEMENT_3D ( 'NONE', #4743, #1012, #2844 ) ;
#3905 = DIRECTION ( 'NONE',  ( 0.000000000000000000, 0.000000000000000000, -1.000000000000000000 ) ) ;
#3906 = CYLINDRICAL_SURFACE ( 'NONE', #2539, 0.01750000000000000167 ) ;
#3907 = CARTESIAN_POINT ( 'NONE',  ( -0.1074999999999999983, 0.09849999999999999034, 0.05999999999999999778 ) ) ;
#3908 = CIRCLE ( 'NONE', #4794, 0.01624999999999999709 ) ;
#3909 = DIRECTION ( 'NONE',  ( 0.000000000000000000, 0.000000000000000000, -1.000000000000000000 ) ) ;
#3910 = CARTESIAN_POINT ( 'NONE',  ( 0.1075000000000000261, 0.02350000000000000352, 0.05999999999999999778 ) ) ;
#3911 = ORIENTED_EDGE ( 'NONE', *, *, #3809, .F. ) ;
#3912 = VECTOR ( 'NONE', #2996, 39.37007874015748143 ) ;
#3913 = ORIENTED_EDGE ( 'NONE', *, *, #138, .T. ) ;
#3914 = FACE_OUTER_BOUND ( 'NONE', #3138, .T. ) ;
#3915 = ADVANCED_FACE ( 'NONE', ( #2949, #4502 ), #3761, .F. ) ;
#3916 = EDGE_LOOP ( 'NONE', ( #1103, #4234, #26, #2700 ) ) ;
#3917 = ORIENTED_EDGE ( 'NONE', *, *, #3922, .T. ) ;
#3918 = DIRECTION ( 'NONE',  ( 0.000000000000000000, 0.000000000000000000, -1.000000000000000000 ) ) ;
#3919 = CARTESIAN_POINT ( 'NONE',  ( -0.02499999999999999792, 0.09849999999999999034, -0.007500000000000003192 ) ) ;
#3920 = CARTESIAN_POINT ( 'NONE',  ( 0.02500000000000000486, 0.1260000000000000009, 0.02500000000000000139 ) ) ;
#3921 = CYLINDRICAL_SURFACE ( 'NONE', #4629, 0.01750000000000000513 ) ;
#3922 = EDGE_CURVE ( 'NONE', #3278, #2825, #2543, .T. ) ;
#3923 = DIRECTION ( 'NONE',  ( -0.000000000000000000, -1.000000000000000000, -0.000000000000000000 ) ) ;
#3924 = VERTEX_POINT ( 'NONE', #3713 ) ;
#3925 = EDGE_LOOP ( 'NONE', ( #433, #2492, #2997, #3866 ) ) ;
#3926 = PLANE ( 'NONE',  #1089 ) ;
#3927 = DIRECTION ( 'NONE',  ( 0.000000000000000000, 0.000000000000000000, -1.000000000000000000 ) ) ;
#3928 = VERTEX_POINT ( 'NONE', #2530 ) ;
#3929 = CARTESIAN_POINT ( 'NONE',  ( 0.07499999999999999722, 0.1565000000000000280, -0.02500000000000000139 ) ) ;
#3930 = LINE ( 'NONE', #1263, #2501 ) ;
#3931 = CARTESIAN_POINT ( 'NONE',  ( 0.08449999999999997791, 0.1565000000000000280, 0.02500000000000000139 ) ) ;
#3932 = AXIS2_PLACEMENT_3D ( 'NONE', #170, #544, #3622 ) ;
#3933 = DIRECTION ( 'NONE',  ( 0.000000000000000000, 0.000000000000000000, -1.000000000000000000 ) ) ;
#3934 = SURFACE_STYLE_USAGE ( .BOTH. , #3155 ) ;
#3935 = DIRECTION ( 'NONE',  ( 0.000000000000000000, 0.000000000000000000, -1.000000000000000000 ) ) ;
#3936 = PRESENTATION_LAYER_ASSIGNMENT (  '', '', ( #394 ) ) ;
#3937 = AXIS2_PLACEMENT_3D ( 'NONE', #4181, #1922, #3514 ) ;
#3938 = CARTESIAN_POINT ( 'NONE',  ( -0.02500000000000001527, 0.1565000000000000280, 0.02500000000000000139 ) ) ;
#3939 = VERTEX_POINT ( 'NONE', #3336 ) ;
#3940 = ORIENTED_EDGE ( 'NONE', *, *, #4423, .F. ) ;
#3941 = DIRECTION ( 'NONE',  ( 0.000000000000000000, 0.000000000000000000, -1.000000000000000000 ) ) ;
#3942 = EDGE_LOOP ( 'NONE', ( #759, #504, #3766, #2865 ) ) ;
#3943 = VERTEX_POINT ( 'NONE', #2203 ) ;
#3944 = AXIS2_PLACEMENT_3D ( 'NONE', #2928, #4465, #3695 ) ;
#3945 = DIRECTION ( 'NONE',  ( 0.000000000000000000, 0.000000000000000000, 1.000000000000000000 ) ) ;
#3946 = LINE ( 'NONE', #3606, #297 ) ;
#3947 = CARTESIAN_POINT ( 'NONE',  ( 0.02500000000000000486, 0.1260000000000000009, 0.008750000000000004302 ) ) ;
#3948 = AXIS2_PLACEMENT_3D ( 'NONE', #4210, #3067, #1223 ) ;
#3949 = CARTESIAN_POINT ( 'NONE',  ( -0.07499999999999999722, 0.09849999999999999034, -0.007500000000000003192 ) ) ;
#3950 = EDGE_LOOP ( 'NONE', ( #1963, #4857, #3639, #4063 ) ) ;
#3951 = AXIS2_PLACEMENT_3D ( 'NONE', #1738, #2875, #3283 ) ;
#3952 = EDGE_CURVE ( 'NONE', #3100, #3626, #3175, .T. ) ;
#3953 = ORIENTED_EDGE ( 'NONE', *, *, #3186, .T. ) ;
#3954 = CARTESIAN_POINT ( 'NONE',  ( -0.02499999999999999792, 0.1260000000000000009, 0.02500000000000000139 ) ) ;
#3955 = CARTESIAN_POINT ( 'NONE',  ( -0.07499999999999999722, -1.707404996040164512E-17, 0.02500000000000000139 ) ) ;
#3956 = ORIENTED_EDGE ( 'NONE', *, *, #3531, .F. ) ;
#3957 = DIRECTION ( 'NONE',  ( -0.000000000000000000, -1.000000000000000000, -0.000000000000000000 ) ) ;
#3958 = EDGE_CURVE ( 'NONE', #968, #498, #4467, .T. ) ;
#3959 = DIRECTION ( 'NONE',  ( 0.000000000000000000, 1.000000000000000000, 0.000000000000000000 ) ) ;
#3960 = CARTESIAN_POINT ( 'NONE',  ( 0.006500000000000002304, 0.008999999999999975034, 0.02500000000000000139 ) ) ;
#3961 = DIRECTION ( 'NONE',  ( 0.000000000000000000, 0.000000000000000000, 1.000000000000000000 ) ) ;
#3962 = CARTESIAN_POINT ( 'NONE',  ( -0.02499999999999999792, -1.707404996040164512E-17, -0.02500000000000000139 ) ) ;
#3963 = PLANE ( 'NONE',  #2296 ) ;
#3964 = LINE ( 'NONE', #2053, #2005 ) ;
#3965 = ORIENTED_EDGE ( 'NONE', *, *, #2421, .T. ) ;
#3966 = VERTEX_POINT ( 'NONE', #4924 ) ;
#3967 = DIRECTION ( 'NONE',  ( 0.000000000000000000, 0.000000000000000000, -1.000000000000000000 ) ) ;
#3968 = ORIENTED_EDGE ( 'NONE', *, *, #3086, .T. ) ;
#3969 = ORIENTED_EDGE ( 'NONE', *, *, #3621, .T. ) ;
#3970 = CYLINDRICAL_SURFACE ( 'NONE', #3073, 0.009499999999999994560 ) ;
#3971 = SURFACE_STYLE_FILL_AREA ( #2389 ) ;
#3972 = AXIS2_PLACEMENT_3D ( 'NONE', #4791, #4388, #4814 ) ;
#3973 = DIRECTION ( 'NONE',  ( 0.000000000000000000, 0.000000000000000000, 1.000000000000000000 ) ) ;
#3974 = DIRECTION ( 'NONE',  ( -0.000000000000000000, -1.000000000000000000, -0.000000000000000000 ) ) ;
#3975 = ORIENTED_EDGE ( 'NONE', *, *, #3719, .T. ) ;
#3976 = FILL_AREA_STYLE_COLOUR ( '', #657 ) ;
#3977 = CIRCLE ( 'NONE', #3090, 0.01624999999999999709 ) ;
#3978 = EDGE_LOOP ( 'NONE', ( #1180, #4046, #3201, #1011 ) ) ;
#3979 = CIRCLE ( 'NONE', #2052, 0.01750000000000000167 ) ;
#3980 = FACE_OUTER_BOUND ( 'NONE', #1033, .T. ) ;
#3981 = EDGE_CURVE ( 'NONE', #1897, #39, #1322, .T. ) ;
#3982 = CYLINDRICAL_SURFACE ( 'NONE', #4188, 0.01850000000000000255 ) ;
#3983 = ORIENTED_EDGE ( 'NONE', *, *, #223, .T. ) ;
#3984 = CARTESIAN_POINT ( 'NONE',  ( -0.07499999999999999722, 0.1260000000000000009, -0.01550000000000000856 ) ) ;
#3985 = FACE_BOUND ( 'NONE', #3850, .T. ) ;
#3986 = DIRECTION ( 'NONE',  ( 0.000000000000000000, 0.000000000000000000, -1.000000000000000000 ) ) ;
#3987 = AXIS2_PLACEMENT_3D ( 'NONE', #3756, #1902, #3445 ) ;
#3988 = FACE_OUTER_BOUND ( 'NONE', #2282, .T. ) ;
#3989 = DIRECTION ( 'NONE',  ( 0.000000000000000000, 0.000000000000000000, -1.000000000000000000 ) ) ;
#3990 = EDGE_CURVE ( 'NONE', #1904, #882, #1765, .T. ) ;
#3991 = ADVANCED_FACE ( 'NONE', ( #3311 ), #4087, .T. ) ;
#3992 = DIRECTION ( 'NONE',  ( -0.000000000000000000, -1.000000000000000000, -0.000000000000000000 ) ) ;
#3993 = AXIS2_PLACEMENT_3D ( 'NONE', #4822, #1006, #2541 ) ;
#3994 = CIRCLE ( 'NONE', #2873, 0.01749999999999992881 ) ;
#3995 = CARTESIAN_POINT ( 'NONE',  ( 0.07499999999999999722, -1.707404996040164512E-17, -0.01149999999999999634 ) ) ;
#3996 = ORIENTED_EDGE ( 'NONE', *, *, #3376, .T. ) ;
#3997 = ORIENTED_EDGE ( 'NONE', *, *, #1306, .T. ) ;
#3998 = DIRECTION ( 'NONE',  ( 1.000000000000000000, 0.000000000000000000, 0.000000000000000000 ) ) ;
#3999 = EDGE_LOOP ( 'NONE', ( #3013, #3657 ) ) ;
#4000 = EDGE_LOOP ( 'NONE', ( #762, #1987 ) ) ;
#4001 = DIRECTION ( 'NONE',  ( -0.000000000000000000, 1.000000000000000000, -0.000000000000000000 ) ) ;
#4002 = PRESENTATION_STYLE_ASSIGNMENT (( #70 ) ) ;
#4003 = ORIENTED_EDGE ( 'NONE', *, *, #2776, .T. ) ;
#4004 = CARTESIAN_POINT ( 'NONE',  ( 0.07499999999999999722, -1.707404996040164512E-17, 0.007500000000000001457 ) ) ;
#4005 = AXIS2_PLACEMENT_3D ( 'NONE', #236, #2568, #1761 ) ;
#4006 = DIRECTION ( 'NONE',  ( -0.000000000000000000, 1.000000000000000000, -0.000000000000000000 ) ) ;
#4007 = VERTEX_POINT ( 'NONE', #1438 ) ;
#4008 = ORIENTED_EDGE ( 'NONE', *, *, #1068, .F. ) ;
#4009 = LINE ( 'NONE', #1717, #4070 ) ;
#4010 = CYLINDRICAL_SURFACE ( 'NONE', #4119, 0.01850000000000000949 ) ;
#4011 = VERTEX_POINT ( 'NONE', #3804 ) ;
#4012 = CARTESIAN_POINT ( 'NONE',  ( 0.02500000000000000486, -1.707404996040164512E-17, -0.04649999999999999967 ) ) ;
#4013 = LINE ( 'NONE', #3207, #795 ) ;
#4014 = PLANE ( 'NONE',  #68 ) ;
#4015 = FACE_OUTER_BOUND ( 'NONE', #4451, .T. ) ;
#4016 = CARTESIAN_POINT ( 'NONE',  ( -0.07499999999999999722, 0.008999999999999975034, -0.04350000000000001088 ) ) ;
#4017 = CYLINDRICAL_SURFACE ( 'NONE', #42, 0.01750000000000000167 ) ;
#4018 = LINE ( 'NONE', #515, #1845 ) ;
#4019 = EDGE_CURVE ( 'NONE', #498, #968, #2038, .T. ) ;
#4020 = ORIENTED_EDGE ( 'NONE', *, *, #4956, .T. ) ;
#4021 = EDGE_LOOP ( 'NONE', ( #4954, #1596 ) ) ;
#4022 = FACE_OUTER_BOUND ( 'NONE', #377, .T. ) ;
#4023 = DIMENSIONAL_EXPONENTS ( 1.000000000000000000, 0.000000000000000000, 0.000000000000000000, 0.000000000000000000, 0.000000000000000000, 0.000000000000000000, 0.000000000000000000 ) ;
#4024 = ORIENTED_EDGE ( 'NONE', *, *, #578, .T. ) ;
#4025 = AXIS2_PLACEMENT_3D ( 'NONE', #3537, #2771, #2451 ) ;
#4026 = VERTEX_POINT ( 'NONE', #3046 ) ;
#4027 = CARTESIAN_POINT ( 'NONE',  ( 0.07499999999999999722, 0.008999999999999975034, -0.006499999999999997967 ) ) ;
#4028 = EDGE_CURVE ( 'NONE', #3928, #3323, #1108, .T. ) ;
#4029 = ORIENTED_EDGE ( 'NONE', *, *, #1488, .F. ) ;
#4030 = DIRECTION ( 'NONE',  ( 1.000000000000000000, 0.000000000000000000, 0.000000000000000000 ) ) ;
#4031 = FACE_OUTER_BOUND ( 'NONE', #3601, .T. ) ;
#4032 = PRODUCT_DEFINITION_FORMATION_WITH_SPECIFIED_SOURCE ( 'ANY', '', #2200, .NOT_KNOWN. ) ;
#4033 = EDGE_LOOP ( 'NONE', ( #1936, #4258, #3192, #2984 ) ) ;
#4034 = CARTESIAN_POINT ( 'NONE',  ( 0.02500000000000000486, -1.707404996040164512E-17, 0.02500000000000000139 ) ) ;
#4035 = DIRECTION ( 'NONE',  ( -0.000000000000000000, -1.000000000000000000, -0.000000000000000000 ) ) ;
#4036 = ORIENTED_EDGE ( 'NONE', *, *, #1094, .F. ) ;
#4037 = CARTESIAN_POINT ( 'NONE',  ( -0.07499999999999999722, -1.707404996040164512E-17, -0.006499999999999997967 ) ) ;
#4038 = AXIS2_PLACEMENT_3D ( 'NONE', #4972, #2388, #3141 ) ;
#4039 = FACE_OUTER_BOUND ( 'NONE', #4080, .T. ) ;
#4040 = CARTESIAN_POINT ( 'NONE',  ( -0.08449999999999999178, 0.1260000000000000009, -0.02500000000000000139 ) ) ;
#4041 = LINE ( 'NONE', #1292, #1962 ) ;
#4042 = DIRECTION ( 'NONE',  ( 8.659560562354932858E-17, -0.7071067811865474617, 0.7071067811865474617 ) ) ;
#4043 = AXIS2_PLACEMENT_3D ( 'NONE', #3879, #828, #4248 ) ;
#4044 = FACE_OUTER_BOUND ( 'NONE', #2167, .T. ) ;
#4045 = DIRECTION ( 'NONE',  ( -0.000000000000000000, -1.000000000000000000, -0.000000000000000000 ) ) ;
#4046 = ORIENTED_EDGE ( 'NONE', *, *, #1716, .T. ) ;
#4047 = VECTOR ( 'NONE', #4945, 39.37007874015748143 ) ;
#4048 = ORIENTED_EDGE ( 'NONE', *, *, #327, .F. ) ;
#4049 = DIRECTION ( 'NONE',  ( -0.000000000000000000, -1.000000000000000000, -0.000000000000000000 ) ) ;
#4050 = ORIENTED_EDGE ( 'NONE', *, *, #2938, .F. ) ;
#4051 = ADVANCED_FACE ( 'NONE', ( #3427 ), #1505, .F. ) ;
#4052 = ADVANCED_FACE ( 'NONE', ( #4015 ), #920, .F. ) ;
#4053 = DIRECTION ( 'NONE',  ( -1.000000000000000000, 0.000000000000000000, 0.000000000000000000 ) ) ;
#4054 = ORIENTED_EDGE ( 'NONE', *, *, #4139, .F. ) ;
#4055 = CARTESIAN_POINT ( 'NONE',  ( -0.07499999999999999722, 0.008999999999999975034, 0.02500000000000000139 ) ) ;
#4056 = EDGE_CURVE ( 'NONE', #2409, #1651, #427, .T. ) ;
#4057 = CARTESIAN_POINT ( 'NONE',  ( -0.07500000000000002498, 0.1565000000000000280, -0.02500000000000000139 ) ) ;
#4058 = EDGE_CURVE ( 'NONE', #1798, #3694, #526, .T. ) ;
#4059 = PRESENTATION_STYLE_ASSIGNMENT (( #2149 ) ) ;
#4060 = AXIS2_PLACEMENT_3D ( 'NONE', #357, #4602, #2074 ) ;
#4061 = CARTESIAN_POINT ( 'NONE',  ( 0.02500000000000000486, 0.02350000000000000352, -0.02500000000000000139 ) ) ;
#4062 = DIRECTION ( 'NONE',  ( 0.000000000000000000, 0.000000000000000000, -1.000000000000000000 ) ) ;
#4063 = ORIENTED_EDGE ( 'NONE', *, *, #1892, .T. ) ;
#4064 = DIRECTION ( 'NONE',  ( 0.000000000000000000, 0.000000000000000000, -1.000000000000000000 ) ) ;
#4065 = FACE_OUTER_BOUND ( 'NONE', #1728, .T. ) ;
#4066 = ORIENTED_EDGE ( 'NONE', *, *, #4092, .T. ) ;
#4067 = CIRCLE ( 'NONE', #1881, 0.02150000000000000175 ) ;
#4068 = DIRECTION ( 'NONE',  ( -0.000000000000000000, -1.000000000000000000, -0.000000000000000000 ) ) ;
#4069 = LINE ( 'NONE', #3321, #2764 ) ;
#4070 = VECTOR ( 'NONE', #4694, 39.37007874015748143 ) ;
#4071 = AXIS2_PLACEMENT_3D ( 'NONE', #1191, #2334, #3543 ) ;
#4072 = ORIENTED_EDGE ( 'NONE', *, *, #1783, .F. ) ;
#4073 = DIRECTION ( 'NONE',  ( 1.000000000000000000, 0.000000000000000000, 0.000000000000000000 ) ) ;
#4074 = VERTEX_POINT ( 'NONE', #3240 ) ;
#4075 = FACE_OUTER_BOUND ( 'NONE', #744, .T. ) ;
#4076 = CIRCLE ( 'NONE', #3826, 0.01350000000000000679 ) ;
#4077 = EDGE_CURVE ( 'NONE', #4708, #3966, #3675, .T. ) ;
#4078 = ORIENTED_EDGE ( 'NONE', *, *, #1351, .T. ) ;
#4080 = EDGE_LOOP ( 'NONE', ( #2927, #1787 ) ) ;
#4079 = CARTESIAN_POINT ( 'NONE',  ( 0.02500000000000000486, 0.02349999999999998618, -0.02500000000000000139 ) ) ;
#4081 = FILL_AREA_STYLE ('',( #3308 ) ) ;
#4082 = AXIS2_PLACEMENT_3D ( 'NONE', #1628, #3576, #2789 ) ;
#4083 = PRESENTATION_LAYER_ASSIGNMENT (  '', '', ( #1099 ) ) ;
#4084 = DIRECTION ( 'NONE',  ( 0.000000000000000000, 0.000000000000000000, -1.000000000000000000 ) ) ;
#4085 = ADVANCED_FACE ( 'NONE', ( #540 ), #2079, .T. ) ;
#4086 = AXIS2_PLACEMENT_3D ( 'NONE', #257, #1710, #2943 ) ;
#4087 = CYLINDRICAL_SURFACE ( 'NONE', #3351, 0.02150000000000000175 ) ;
#4088 = CARTESIAN_POINT ( 'NONE',  ( -0.02499999999999999792, 0.02349999999999998618, -0.02500000000000000139 ) ) ;
#4089 = ORIENTED_EDGE ( 'NONE', *, *, #694, .F. ) ;
#4090 = DIRECTION ( 'NONE',  ( -0.000000000000000000, -1.000000000000000000, -0.000000000000000000 ) ) ;
#4091 = ORIENTED_EDGE ( 'NONE', *, *, #1681, .T. ) ;
#4092 = EDGE_CURVE ( 'NONE', #264, #2464, #1374, .T. ) ;
#4093 = CARTESIAN_POINT ( 'NONE',  ( -0.07499999999999999722, 0.01499999999999997689, 0.02500000000000000139 ) ) ;
#4094 =( CONVERSION_BASED_UNIT ( 'INCH', #3743 ) LENGTH_UNIT ( ) NAMED_UNIT ( #4408 ) );
#4095 = DIRECTION ( 'NONE',  ( 0.000000000000000000, 0.000000000000000000, -1.000000000000000000 ) ) ;
#4096 =( NAMED_UNIT ( * ) PLANE_ANGLE_UNIT ( ) SI_UNIT ( $, .RADIAN. ) );
#4097 = ORIENTED_EDGE ( 'NONE', *, *, #2161, .T. ) ;
#4098 = DIRECTION ( 'NONE',  ( -1.000000000000000000, 0.000000000000000000, 0.000000000000000000 ) ) ;
#4099 = ORIENTED_EDGE ( 'NONE', *, *, #2938, .T. ) ;
#4100 = AXIS2_PLACEMENT_3D ( 'NONE', #3840, #3813, #1117 ) ;
#4101 = DIRECTION ( 'NONE',  ( 0.000000000000000000, 0.000000000000000000, -1.000000000000000000 ) ) ;
#4102 = CARTESIAN_POINT ( 'NONE',  ( -0.04649999999999999273, 0.01499999999999997689, 0.02500000000000000139 ) ) ;
#4103 = VECTOR ( 'NONE', #3821, 39.37007874015748143 ) ;
#4104 = VECTOR ( 'NONE', #4143, 39.37007874015748143 ) ;
#4105 = ORIENTED_EDGE ( 'NONE', *, *, #472, .T. ) ;
#4106 = DIRECTION ( 'NONE',  ( 0.000000000000000000, 1.000000000000000000, 0.000000000000000000 ) ) ;
#4107 = DIRECTION ( 'NONE',  ( -0.000000000000000000, -1.000000000000000000, -0.000000000000000000 ) ) ;
#4108 = EDGE_LOOP ( 'NONE', ( #3544, #4105, #2394, #2395 ) ) ;
#4109 = DIRECTION ( 'NONE',  ( 0.000000000000000000, 0.000000000000000000, -1.000000000000000000 ) ) ;
#4110 = ADVANCED_FACE ( 'NONE', ( #1320 ), #3566, .T. ) ;
#4111 = ADVANCED_FACE ( 'NONE', ( #166 ), #3295, .T. ) ;
#4112 = CIRCLE ( 'NONE', #3, 0.02149999999999999481 ) ;
#4113 = ORIENTED_EDGE ( 'NONE', *, *, #2816, .F. ) ;
#4114 = DIRECTION ( 'NONE',  ( 0.000000000000000000, 0.000000000000000000, -1.000000000000000000 ) ) ;
#4115 = CYLINDRICAL_SURFACE ( 'NONE', #2560, 0.01850000000000000255 ) ;
#4116 = AXIS2_PLACEMENT_3D ( 'NONE', #418, #1907, #3450 ) ;
#4117 = CARTESIAN_POINT ( 'NONE',  ( -0.07500000000000002498, 0.1565000000000000280, -0.02500000000000000139 ) ) ;
#4118 = EDGE_CURVE ( 'NONE', #3363, #826, #4041, .T. ) ;
#4119 = AXIS2_PLACEMENT_3D ( 'NONE', #3312, #970, #4062 ) ;
#4120 = SURFACE_STYLE_FILL_AREA ( #4864 ) ;
#4121 = EDGE_LOOP ( 'NONE', ( #74, #1804, #735, #798, #436 ) ) ;
#4122 = DIRECTION ( 'NONE',  ( -0.000000000000000000, -1.000000000000000000, -0.000000000000000000 ) ) ;
#4123 = ORIENTED_EDGE ( 'NONE', *, *, #1373, .F. ) ;
#4124 = CARTESIAN_POINT ( 'NONE',  ( 0.02500000000000000486, -1.707404996040164512E-17, 0.02500000000000000139 ) ) ;
#4125 = AXIS2_PLACEMENT_3D ( 'NONE', #680, #2947, #4084 ) ;
#4126 = CYLINDRICAL_SURFACE ( 'NONE', #818, 0.01350000000000000679 ) ;
#4127 = FILL_AREA_STYLE_COLOUR ( '', #4732 ) ;
#4128 = DIRECTION ( 'NONE',  ( 0.000000000000000000, 0.000000000000000000, -1.000000000000000000 ) ) ;
#4129 = CARTESIAN_POINT ( 'NONE',  ( -0.02499999999999999792, 0.01499999999999997689, 0.02500000000000000139 ) ) ;
#4130 = ORIENTED_EDGE ( 'NONE', *, *, #4416, .T. ) ;
#4131 = DIRECTION ( 'NONE',  ( -0.000000000000000000, -1.000000000000000000, -0.000000000000000000 ) ) ;
#4132 = ORIENTED_EDGE ( 'NONE', *, *, #326, .F. ) ;
#4133 = EDGE_CURVE ( 'NONE', #675, #3134, #482, .T. ) ;
#4134 = CARTESIAN_POINT ( 'NONE',  ( -0.02499999999999999792, -1.707404996040164512E-17, -0.02500000000000000139 ) ) ;
#4135 = CARTESIAN_POINT ( 'NONE',  ( -0.02499999999999999792, 0.1565000000000000280, 0.02500000000000000139 ) ) ;
#4136 = CARTESIAN_POINT ( 'NONE',  ( -0.07499999999999999722, -1.707404996040164512E-17, -0.04649999999999999967 ) ) ;
#4137 = AXIS2_PLACEMENT_3D ( 'NONE', #3388, #3413, #248 ) ;
#4138 = EDGE_CURVE ( 'NONE', #2623, #4268, #1643, .T. ) ;
#4139 = EDGE_CURVE ( 'NONE', #3626, #3100, #3083, .T. ) ;
#4140 = AXIS2_PLACEMENT_3D ( 'NONE', #3783, #4900, #1062 ) ;
#4141 = CARTESIAN_POINT ( 'NONE',  ( -0.07499999999999999722, -1.707404996040164512E-17, -0.03850000000000001338 ) ) ;
#4142 = ORIENTED_EDGE ( 'NONE', *, *, #4624, .T. ) ;
#4143 = DIRECTION ( 'NONE',  ( -0.000000000000000000, -1.000000000000000000, -0.000000000000000000 ) ) ;
#4144 = EDGE_LOOP ( 'NONE', ( #4612, #765, #2031, #2765 ) ) ;
#4145 = AXIS2_PLACEMENT_3D ( 'NONE', #1166, #4257, #1547 ) ;
#4146 = DIRECTION ( 'NONE',  ( -0.000000000000000000, -1.000000000000000000, -0.000000000000000000 ) ) ;
#4147 = DIRECTION ( 'NONE',  ( 0.000000000000000000, 0.000000000000000000, 1.000000000000000000 ) ) ;
#4148 = CIRCLE ( 'NONE', #2381, 0.009499999999999994560 ) ;
#4149 = FACE_BOUND ( 'NONE', #133, .T. ) ;
#4150 = DIRECTION ( 'NONE',  ( 0.000000000000000000, 0.000000000000000000, -1.000000000000000000 ) ) ;
#4151 = DIRECTION ( 'NONE',  ( 0.000000000000000000, 0.000000000000000000, -1.000000000000000000 ) ) ;
#4152 = FACE_OUTER_BOUND ( 'NONE', #3916, .T. ) ;
#4153 = EDGE_LOOP ( 'NONE', ( #4881, #3841 ) ) ;
#4154 = LINE ( 'NONE', #3314, #1848 ) ;
#4155 = ORIENTED_EDGE ( 'NONE', *, *, #2237, .T. ) ;
#4156 = CIRCLE ( 'NONE', #4309, 0.009499999999999994560 ) ;
#4157 = CARTESIAN_POINT ( 'NONE',  ( 0.02500000000000000486, -1.707404996040164512E-17, -0.04250000000000000999 ) ) ;
#4158 = CARTESIAN_POINT ( 'NONE',  ( 0.02500000000000000486, -1.707404996040164512E-17, 0.003500000000000006144 ) ) ;
#4159 = DIRECTION ( 'NONE',  ( 1.000000000000000000, 0.000000000000000000, 0.000000000000000000 ) ) ;
#4160 = EDGE_LOOP ( 'NONE', ( #2280, #2592, #90, #2730 ) ) ;
#4161 = EDGE_CURVE ( 'NONE', #2278, #732, #1080, .T. ) ;
#4162 = AXIS2_PLACEMENT_3D ( 'NONE', #3267, #4787, #3986 ) ;
#4163 = DIRECTION ( 'NONE',  ( -0.000000000000000000, -0.000000000000000000, -1.000000000000000000 ) ) ;
#4164 = VERTEX_POINT ( 'NONE', #3647 ) ;
#4166 = EDGE_LOOP ( 'NONE', ( #630, #3552 ) ) ;
#4165 = CARTESIAN_POINT ( 'NONE',  ( 0.07499999999999999722, 0.1260000000000000009, 0.02500000000000000139 ) ) ;
#4167 = ADVANCED_FACE ( 'NONE', ( #2885 ), #3180, .F. ) ;
#4168 = FACE_OUTER_BOUND ( 'NONE', #2934, .T. ) ;
#4169 = FACE_OUTER_BOUND ( 'NONE', #2841, .T. ) ;
#4170 = DIRECTION ( 'NONE',  ( -0.000000000000000000, -1.000000000000000000, -0.000000000000000000 ) ) ;
#4171 = DIRECTION ( 'NONE',  ( 0.000000000000000000, -1.000000000000000000, -0.000000000000000000 ) ) ;
#4172 = ORIENTED_EDGE ( 'NONE', *, *, #1149, .T. ) ;
#4173 = DIRECTION ( 'NONE',  ( -0.000000000000000000, -1.000000000000000000, -0.000000000000000000 ) ) ;
#4174 = ORIENTED_EDGE ( 'NONE', *, *, #3005, .T. ) ;
#4175 = FILL_AREA_STYLE_COLOUR ( '', #3194 ) ;
#4176 = CYLINDRICAL_SURFACE ( 'NONE', #1808, 0.01749999999999999820 ) ;
#4177 = VECTOR ( 'NONE', #3548, 39.37007874015748143 ) ;
#4178 = DIRECTION ( 'NONE',  ( -0.000000000000000000, -1.000000000000000000, -0.000000000000000000 ) ) ;
#4179 = VERTEX_POINT ( 'NONE', #1751 ) ;
#4180 = AXIS2_PLACEMENT_3D ( 'NONE', #611, #3688, #3256 ) ;
#4181 = CARTESIAN_POINT ( 'NONE',  ( 0.02500000000000000486, 0.1565000000000000280, -0.02500000000000000139 ) ) ;
#4182 = EDGE_LOOP ( 'NONE', ( #1546, #147 ) ) ;
#4184 = EDGE_LOOP ( 'NONE', ( #1550, #4894 ) ) ;
#4183 = PLANE ( 'NONE',  #361 ) ;
#4185 = ADVANCED_FACE ( 'NONE', ( #892 ), #2429, .T. ) ;
#4186 = VERTEX_POINT ( 'NONE', #4361 ) ;
#4187 = CARTESIAN_POINT ( 'NONE',  ( -0.07499999999999999722, 0.008999999999999975034, 0.01149999999999999634 ) ) ;
#4188 = AXIS2_PLACEMENT_3D ( 'NONE', #3955, #4436, #239 ) ;
#4189 = DIRECTION ( 'NONE',  ( -0.000000000000000000, -1.000000000000000000, -0.000000000000000000 ) ) ;
#4190 = ADVANCED_FACE ( 'NONE', ( #139, #3988 ), #566, .F. ) ;
#4191 = ADVANCED_FACE ( 'NONE', ( #4044, #2913 ), #3963, .F. ) ;
#4192 = CYLINDRICAL_SURFACE ( 'NONE', #491, 0.01850000000000000949 ) ;
#4193 = ORIENTED_EDGE ( 'NONE', *, *, #4754, .F. ) ;
#4194 = ORIENTED_EDGE ( 'NONE', *, *, #10, .F. ) ;
#4195 = CYLINDRICAL_SURFACE ( 'NONE', #35, 0.01749999999999992881 ) ;
#4196 = CARTESIAN_POINT ( 'NONE',  ( -0.02499999999999999792, 0.1260000000000000009, -0.02500000000000000139 ) ) ;
#4197 = CIRCLE ( 'NONE', #1154, 0.02150000000000000175 ) ;
#4198 = DIRECTION ( 'NONE',  ( 0.000000000000000000, 0.000000000000000000, -1.000000000000000000 ) ) ;
#4199 = ORIENTED_EDGE ( 'NONE', *, *, #3433, .T. ) ;
#4200 = VECTOR ( 'NONE', #1024, 39.37007874015748143 ) ;
#4201 = DIRECTION ( 'NONE',  ( -0.000000000000000000, -1.000000000000000000, -0.000000000000000000 ) ) ;
#4202 = AXIS2_PLACEMENT_3D ( 'NONE', #3171, #1314, #3668 ) ;
#4203 = ORIENTED_EDGE ( 'NONE', *, *, #2420, .F. ) ;
#4205 = ORIENTED_EDGE ( 'NONE', *, *, #3345, .T. ) ;
#4204 = DIRECTION ( 'NONE',  ( 0.000000000000000000, 0.000000000000000000, -1.000000000000000000 ) ) ;
#4206 = ORIENTED_EDGE ( 'NONE', *, *, #3981, .F. ) ;
#4207 = ORIENTED_EDGE ( 'NONE', *, *, #3178, .F. ) ;
#4208 = CARTESIAN_POINT ( 'NONE',  ( -0.02499999999999999792, 0.1260000000000000009, -0.02500000000000000139 ) ) ;
#4209 = AXIS2_PLACEMENT_3D ( 'NONE', #1672, #4793, #3211 ) ;
#4210 = CARTESIAN_POINT ( 'NONE',  ( -0.02499999999999999792, -1.707404996040164512E-17, 0.02500000000000000139 ) ) ;
#4211 = EDGE_CURVE ( 'NONE', #1507, #1123, #3101, .T. ) ;
#4212 = DIRECTION ( 'NONE',  ( 1.000000000000000000, 0.000000000000000000, 0.000000000000000000 ) ) ;
#4213 = CIRCLE ( 'NONE', #2227, 0.01850000000000000255 ) ;
#4214 = DIRECTION ( 'NONE',  ( 0.000000000000000000, -0.000000000000000000, 1.000000000000000000 ) ) ;
#4215 = ORIENTED_EDGE ( 'NONE', *, *, #2189, .T. ) ;
#4216 = CYLINDRICAL_SURFACE ( 'NONE', #3546, 0.009499999999999994560 ) ;
#4217 = CIRCLE ( 'NONE', #4866, 0.009499999999999994560 ) ;
#4218 = COLOUR_RGB ( '',1.000000000000000000, 0.8117647058823529438, 0.5019607843137254832 ) ;
#4219 = EDGE_CURVE ( 'NONE', #1840, #2867, #3567, .T. ) ;
#4220 = ORIENTED_EDGE ( 'NONE', *, *, #784, .T. ) ;
#4221 = EDGE_CURVE ( 'NONE', #3900, #4563, #3585, .T. ) ;
#4222 = AXIS2_PLACEMENT_3D ( 'NONE', #4418, #1375, #167 ) ;
#4223 = CARTESIAN_POINT ( 'NONE',  ( 0.07499999999999999722, -1.707404996040164512E-17, -0.02500000000000000139 ) ) ;
#4224 = CARTESIAN_POINT ( 'NONE',  ( -0.07499999999999999722, 0.02350000000000000352, 0.02500000000000000139 ) ) ;
#4225 = DIRECTION ( 'NONE',  ( 0.000000000000000000, 0.000000000000000000, -1.000000000000000000 ) ) ;
#4226 = AXIS2_PLACEMENT_3D ( 'NONE', #4223, #4600, #1183 ) ;
#4227 = EDGE_CURVE ( 'NONE', #4356, #4736, #1561, .T. ) ;
#4228 = CIRCLE ( 'NONE', #4482, 0.009499999999999985886 ) ;
#4229 = DIRECTION ( 'NONE',  ( 0.000000000000000000, 0.000000000000000000, -1.000000000000000000 ) ) ;
#4230 = ORIENTED_EDGE ( 'NONE', *, *, #4507, .T. ) ;
#4231 = CYLINDRICAL_SURFACE ( 'NONE', #2648, 0.01750000000000000513 ) ;
#4232 = VERTEX_POINT ( 'NONE', #3297 ) ;
#4233 = DIRECTION ( 'NONE',  ( 0.000000000000000000, 0.000000000000000000, 1.000000000000000000 ) ) ;
#4234 = ORIENTED_EDGE ( 'NONE', *, *, #1551, .T. ) ;
#4235 = VERTEX_POINT ( 'NONE', #1350 ) ;
#4236 = DIRECTION ( 'NONE',  ( 0.000000000000000000, 0.000000000000000000, -1.000000000000000000 ) ) ;
#4237 = CARTESIAN_POINT ( 'NONE',  ( 0.02500000000000000486, 0.1565000000000000280, -0.02500000000000000139 ) ) ;
#4238 = DIRECTION ( 'NONE',  ( 0.000000000000000000, -0.000000000000000000, 1.000000000000000000 ) ) ;
#4239 = DIRECTION ( 'NONE',  ( -0.000000000000000000, -1.000000000000000000, -0.000000000000000000 ) ) ;
#4240 = DIRECTION ( 'NONE',  ( -0.000000000000000000, -1.000000000000000000, -0.000000000000000000 ) ) ;
#4241 = EDGE_LOOP ( 'NONE', ( #4635, #1772 ) ) ;
#4242 = CARTESIAN_POINT ( 'NONE',  ( 0.02500000000000001180, 0.02350000000000000352, 0.007500000000000003192 ) ) ;
#4243 = ORIENTED_EDGE ( 'NONE', *, *, #1614, .F. ) ;
#4244 = VECTOR ( 'NONE', #2745, 39.37007874015748143 ) ;
#4245 = EDGE_CURVE ( 'NONE', #158, #4708, #198, .T. ) ;
#4246 = FACE_OUTER_BOUND ( 'NONE', #304, .T. ) ;
#4247 = EDGE_CURVE ( 'NONE', #1910, #3615, #1404, .T. ) ;
#4248 = DIRECTION ( 'NONE',  ( 0.000000000000000000, 0.000000000000000000, -1.000000000000000000 ) ) ;
#4249 = CARTESIAN_POINT ( 'NONE',  ( 0.07499999999999999722, 0.02350000000000000352, 0.02500000000000000139 ) ) ;
#4250 = AXIS2_PLACEMENT_3D ( 'NONE', #2260, #3011, #698 ) ;
#4251 = DIRECTION ( 'NONE',  ( 0.000000000000000000, 0.000000000000000000, -1.000000000000000000 ) ) ;
#4252 = ADVANCED_FACE ( 'NONE', ( #2488 ), #4017, .T. ) ;
#4253 = AXIS2_PLACEMENT_3D ( 'NONE', #640, #1797, #4109 ) ;
#4254 = SPHERICAL_SURFACE ( 'NONE', #4427, 0.009499999999999985886 ) ;
#4255 = ORIENTED_EDGE ( 'NONE', *, *, #2888, .F. ) ;
#4256 = ORIENTED_EDGE ( 'NONE', *, *, #4290, .F. ) ;
#4257 = DIRECTION ( 'NONE',  ( -0.000000000000000000, -1.000000000000000000, -0.000000000000000000 ) ) ;
#4258 = ORIENTED_EDGE ( 'NONE', *, *, #4934, .T. ) ;
#4259 = AXIS2_PLACEMENT_3D ( 'NONE', #3497, #2411, #440 ) ;
#4260 = ORIENTED_EDGE ( 'NONE', *, *, #1343, .T. ) ;
#4261 = DIRECTION ( 'NONE',  ( -0.000000000000000000, -1.000000000000000000, -0.000000000000000000 ) ) ;
#4262 = DIRECTION ( 'NONE',  ( 0.000000000000000000, 1.000000000000000000, 0.000000000000000000 ) ) ;
#4263 = AXIS2_PLACEMENT_3D ( 'NONE', #964, #4403, #2497 ) ;
#4264 = DIRECTION ( 'NONE',  ( -0.000000000000000000, -1.000000000000000000, -0.000000000000000000 ) ) ;
#4265 = LINE ( 'NONE', #4004, #2480 ) ;
#4266 = AXIS2_PLACEMENT_3D ( 'NONE', #3150, #4324, #1259 ) ;
#4267 = CARTESIAN_POINT ( 'NONE',  ( -0.07499999999999999722, 0.09849999999999999034, 0.04249999999999999611 ) ) ;
#4268 = VERTEX_POINT ( 'NONE', #1003 ) ;
#4269 = EDGE_LOOP ( 'NONE', ( #3773, #3793, #1863, #287 ) ) ;
#4270 = VECTOR ( 'NONE', #4664, 39.37007874015748143 ) ;
#4271 = DIRECTION ( 'NONE',  ( -0.000000000000000000, 1.000000000000000000, -0.000000000000000000 ) ) ;
#4272 = CARTESIAN_POINT ( 'NONE',  ( 0.02500000000000000486, 0.1565000000000000280, -0.01550000000000000856 ) ) ;
#4273 = CLOSED_SHELL ( 'NONE', ( #4532, #807, #2608, #1974, #2443, #577, #1380, #1982, #4715, #1074, #1641, #1238, #1313, #614, #146, #2180, #4353, #2922, #699 ) ) ;
#4274 = CYLINDRICAL_SURFACE ( 'NONE', #2216, 0.01750000000000000167 ) ;
#4275 = CARTESIAN_POINT ( 'NONE',  ( -0.07499999999999999722, -1.707404996040164512E-17, 0.03850000000000001338 ) ) ;
#4276 = EDGE_CURVE ( 'NONE', #4563, #3900, #31, .T. ) ;
#4277 = CARTESIAN_POINT ( 'NONE',  ( 0.02500000000000001180, -1.707404996040164512E-17, -0.006499999999999997967 ) ) ;
#4278 = DIRECTION ( 'NONE',  ( 1.000000000000000000, 0.000000000000000000, 0.000000000000000000 ) ) ;
#4279 = ADVANCED_FACE ( 'NONE', ( #1267 ), #2802, .T. ) ;
#4281 = EDGE_LOOP ( 'NONE', ( #3845, #2274, #3205, #2008 ) ) ;
#4280 = EDGE_CURVE ( 'NONE', #1884, #1123, #2889, .T. ) ;
#4282 = ORIENTED_EDGE ( 'NONE', *, *, #2322, .T. ) ;
#4283 = AXIS2_PLACEMENT_3D ( 'NONE', #4533, #1092, #2538 ) ;
#4284 = CARTESIAN_POINT ( 'NONE',  ( 0.1075000000000000261, 0.02350000000000000352, -0.05999999999999999778 ) ) ;
#4285 = ORIENTED_EDGE ( 'NONE', *, *, #3952, .T. ) ;
#4286 = VERTEX_POINT ( 'NONE', #3677 ) ;
#4287 = CARTESIAN_POINT ( 'NONE',  ( 0.02500000000000000486, -1.707404996040164512E-17, -0.02500000000000000139 ) ) ;
#4288 = VECTOR ( 'NONE', #2769, 39.37007874015748143 ) ;
#4289 = CARTESIAN_POINT ( 'NONE',  ( -0.03449999999999999595, 0.1565000000000000280, -0.02500000000000000139 ) ) ;
#4290 = EDGE_CURVE ( 'NONE', #1837, #2466, #2055, .T. ) ;
#4291 = DIRECTION ( 'NONE',  ( 0.000000000000000000, 1.000000000000000000, 0.000000000000000000 ) ) ;
#4292 = DIRECTION ( 'NONE',  ( 0.000000000000000000, 1.000000000000000000, 0.000000000000000000 ) ) ;
#4293 = AXIS2_PLACEMENT_3D ( 'NONE', #4410, #2422, #2852 ) ;
#4294 = CARTESIAN_POINT ( 'NONE',  ( 0.02500000000000000486, -1.707404996040164512E-17, -0.02500000000000000139 ) ) ;
#4295 = VERTEX_POINT ( 'NONE', #1754 ) ;
#4296 =( NAMED_UNIT ( * ) SI_UNIT ( $, .STERADIAN. ) SOLID_ANGLE_UNIT ( ) );
#4297 = ORIENTED_EDGE ( 'NONE', *, *, #3862, .T. ) ;
#4298 = CARTESIAN_POINT ( 'NONE',  ( -0.02499999999999999792, -1.707404996040164512E-17, 0.02500000000000000139 ) ) ;
#4299 = AXIS2_PLACEMENT_3D ( 'NONE', #4660, #3490, #458 ) ;
#4300 = CARTESIAN_POINT ( 'NONE',  ( 0.02500000000000000486, 0.1260000000000000009, 0.02500000000000000139 ) ) ;
#4301 = DIRECTION ( 'NONE',  ( 0.000000000000000000, 0.000000000000000000, -1.000000000000000000 ) ) ;
#4302 = FACE_OUTER_BOUND ( 'NONE', #3036, .T. ) ;
#4303 = CARTESIAN_POINT ( 'NONE',  ( -0.07499999999999999722, 0.02349999999999998618, 0.02500000000000000139 ) ) ;
#4304 = CIRCLE ( 'NONE', #941, 0.009499999999999985886 ) ;
#4305 = CARTESIAN_POINT ( 'NONE',  ( -0.07499999999999999722, 0.02349999999999998618, -0.02500000000000000139 ) ) ;
#4306 = STYLED_ITEM ( 'NONE', ( #565 ), #3411 ) ;
#4307 = LINE ( 'NONE', #1352, #3853 ) ;
#4308 = ORIENTED_EDGE ( 'NONE', *, *, #4452, .T. ) ;
#4309 = AXIS2_PLACEMENT_3D ( 'NONE', #269, #3412, #1047 ) ;
#4310 = VERTEX_POINT ( 'NONE', #4704 ) ;
#4311 = CARTESIAN_POINT ( 'NONE',  ( -0.02499999999999999792, 0.1260000000000000009, -0.02500000000000000139 ) ) ;
#4312 = ORIENTED_EDGE ( 'NONE', *, *, #1038, .T. ) ;
#4313 = EDGE_CURVE ( 'NONE', #1970, #3273, #3489, .T. ) ;
#4314 = ORIENTED_EDGE ( 'NONE', *, *, #4846, .T. ) ;
#4315 = EDGE_CURVE ( 'NONE', #3515, #2840, #4197, .T. ) ;
#4316 = DIRECTION ( 'NONE',  ( 0.000000000000000000, 0.000000000000000000, -1.000000000000000000 ) ) ;
#4317 = FACE_OUTER_BOUND ( 'NONE', #4571, .T. ) ;
#4318 = CARTESIAN_POINT ( 'NONE',  ( -0.07499999999999999722, 0.09849999999999999034, -0.02500000000000000139 ) ) ;
#4319 = EDGE_CURVE ( 'NONE', #633, #4611, #4852, .T. ) ;
#4320 = DIRECTION ( 'NONE',  ( -0.000000000000000000, -1.000000000000000000, -0.000000000000000000 ) ) ;
#4321 = EDGE_LOOP ( 'NONE', ( #315, #1144, #2974, #4564 ) ) ;
#4322 = ORIENTED_EDGE ( 'NONE', *, *, #4138, .T. ) ;
#4323 = DIRECTION ( 'NONE',  ( 0.000000000000000000, 0.000000000000000000, -1.000000000000000000 ) ) ;
#4324 = DIRECTION ( 'NONE',  ( 0.000000000000000000, 1.000000000000000000, 0.000000000000000000 ) ) ;
#4325 = EDGE_LOOP ( 'NONE', ( #2171, #2424, #4891, #343 ) ) ;
#4326 = DIRECTION ( 'NONE',  ( 0.000000000000000000, 0.000000000000000000, -1.000000000000000000 ) ) ;
#4327 = DIRECTION ( 'NONE',  ( -0.000000000000000000, -1.000000000000000000, -0.000000000000000000 ) ) ;
#4328 = DIRECTION ( 'NONE',  ( 0.000000000000000000, 0.000000000000000000, -1.000000000000000000 ) ) ;
#4329 = AXIS2_PLACEMENT_3D ( 'NONE', #1693, #1503, #2133 ) ;
#4330 = CIRCLE ( 'NONE', #2330, 0.01750000000000000167 ) ;
#4331 = CARTESIAN_POINT ( 'NONE',  ( -0.07499999999999999722, 0.02349999999999998618, -0.02500000000000000139 ) ) ;
#4332 = CARTESIAN_POINT ( 'NONE',  ( 0.07499999999999999722, 0.1565000000000000280, -0.02500000000000000139 ) ) ;
#4333 = CONICAL_SURFACE ( 'NONE', #2184, 0.01624999999999999709, 0.7853981633974482790 ) ;
#4334 = AXIS2_PLACEMENT_3D ( 'NONE', #2676, #2378, #4631 ) ;
#4335 = DIRECTION ( 'NONE',  ( -0.000000000000000000, -1.000000000000000000, -0.000000000000000000 ) ) ;
#4336 = EDGE_LOOP ( 'NONE', ( #2192, #4297 ) ) ;
#4337 = ORIENTED_EDGE ( 'NONE', *, *, #4133, .T. ) ;
#4338 = DIRECTION ( 'NONE',  ( -0.000000000000000000, -1.000000000000000000, -0.000000000000000000 ) ) ;
#4339 = ORIENTED_EDGE ( 'NONE', *, *, #1013, .F. ) ;
#4340 = EDGE_LOOP ( 'NONE', ( #4050, #4466, #115, #149 ) ) ;
#4341 = VECTOR ( 'NONE', #1153, 39.37007874015748143 ) ;
#4342 = LINE ( 'NONE', #2813, #2247 ) ;
#4343 =( NAMED_UNIT ( * ) SI_UNIT ( $, .STERADIAN. ) SOLID_ANGLE_UNIT ( ) );
#4344 = EDGE_CURVE ( 'NONE', #1950, #626, #3341, .T. ) ;
#4345 = FACE_OUTER_BOUND ( 'NONE', #1521, .T. ) ;
#4346 = CIRCLE ( 'NONE', #2739, 0.01850000000000000255 ) ;
#4347 = DIRECTION ( 'NONE',  ( -0.000000000000000000, -1.000000000000000000, -0.000000000000000000 ) ) ;
#4348 = ORIENTED_EDGE ( 'NONE', *, *, #2269, .F. ) ;
#4349 =( NAMED_UNIT ( * ) PLANE_ANGLE_UNIT ( ) SI_UNIT ( $, .RADIAN. ) );
#4350 = AXIS2_PLACEMENT_3D ( 'NONE', #1531, #2689, #4214 ) ;
#4351 = ORIENTED_EDGE ( 'NONE', *, *, #4290, .T. ) ;
#4352 = EDGE_CURVE ( 'NONE', #4724, #2896, #4603, .T. ) ;
#4353 = ADVANCED_FACE ( 'NONE', ( #1801, #3029 ), #3368, .F. ) ;
#4354 = CARTESIAN_POINT ( 'NONE',  ( 0.02500000000000000486, 0.1247499999999999998, -0.04250000000000000999 ) ) ;
#4355 = DIRECTION ( 'NONE',  ( 0.000000000000000000, 0.000000000000000000, -1.000000000000000000 ) ) ;
#4356 = VERTEX_POINT ( 'NONE', #4886 ) ;
#4357 = DIRECTION ( 'NONE',  ( 0.000000000000000000, 0.000000000000000000, -1.000000000000000000 ) ) ;
#4358 = AXIS2_PLACEMENT_3D ( 'NONE', #4601, #782, #3856 ) ;
#4359 = FACE_OUTER_BOUND ( 'NONE', #92, .T. ) ;
#4360 = FACE_OUTER_BOUND ( 'NONE', #712, .T. ) ;
#4361 = CARTESIAN_POINT ( 'NONE',  ( -0.07499999999999999722, 0.01499999999999997689, -0.04350000000000001088 ) ) ;
#4362 = CLOSED_SHELL ( 'NONE', ( #1096, #1917, #3699, #2211, #1234, #1543, #4052, #1116, #3414, #1095, #808, #176, #4051, #4678, #2964, #2880, #4560, #1431, #4167, #1239, #506, #2716 ) ) ;
#4363 = CARTESIAN_POINT ( 'NONE',  ( -0.02499999999999999792, 0.1260000000000000009, -0.008750000000000004302 ) ) ;
#4364 = DIRECTION ( 'NONE',  ( -0.000000000000000000, -1.000000000000000000, -0.000000000000000000 ) ) ;
#4365 = CARTESIAN_POINT ( 'NONE',  ( -0.07499999999999999722, 0.01499999999999997689, -0.04649999999999999967 ) ) ;
#4366 = ORIENTED_EDGE ( 'NONE', *, *, #1040, .T. ) ;
#4367 = ORIENTED_EDGE ( 'NONE', *, *, #1913, .T. ) ;
#4368 = FACE_OUTER_BOUND ( 'NONE', #601, .T. ) ;
#4369 = EDGE_LOOP ( 'NONE', ( #4348, #1142 ) ) ;
#4370 = ORIENTED_EDGE ( 'NONE', *, *, #4247, .T. ) ;
#4371 = DIRECTION ( 'NONE',  ( -0.000000000000000000, -1.000000000000000000, -0.000000000000000000 ) ) ;
#4372 = CARTESIAN_POINT ( 'NONE',  ( -0.1074999999999999983, 0.02350000000000000352, 0.05999999999999999778 ) ) ;
#4373 = AXIS2_PLACEMENT_3D ( 'NONE', #1670, #564, #976 ) ;
#4374 = CARTESIAN_POINT ( 'NONE',  ( -0.02499999999999999792, 0.008999999999999975034, -0.02500000000000000139 ) ) ;
#4375 = CARTESIAN_POINT ( 'NONE',  ( -0.09349999999999999978, 0.008999999999999975034, -0.02500000000000000139 ) ) ;
#4376 = EDGE_LOOP ( 'NONE', ( #1607, #3479, #1709, #1451 ) ) ;
#4377 = AXIS2_PLACEMENT_3D ( 'NONE', #783, #5, #1593 ) ;
#4378 = EDGE_LOOP ( 'NONE', ( #2580, #317 ) ) ;
#4379 = CIRCLE ( 'NONE', #4859, 0.01850000000000000949 ) ;
#4380 = CARTESIAN_POINT ( 'NONE',  ( -0.04249999999999999611, 0.02349999999999998618, -0.02500000000000000139 ) ) ;
#4381 = CARTESIAN_POINT ( 'NONE',  ( 0.02499999999999999098, 0.1565000000000000280, 0.02500000000000000139 ) ) ;
#4382 = ORIENTED_EDGE ( 'NONE', *, *, #3467, .T. ) ;
#4383 = CYLINDRICAL_SURFACE ( 'NONE', #4854, 0.01350000000000000679 ) ;
#4384 = VECTOR ( 'NONE', #4547, 39.37007874015748143 ) ;
#4385 = CARTESIAN_POINT ( 'NONE',  ( 0.07499999999999999722, 0.02349999999999998618, 0.02500000000000000139 ) ) ;
#4386 = DIRECTION ( 'NONE',  ( 0.000000000000000000, 0.000000000000000000, -1.000000000000000000 ) ) ;
#4387 = CIRCLE ( 'NONE', #3508, 0.01749999999999999820 ) ;
#4388 = DIRECTION ( 'NONE',  ( 0.000000000000000000, 1.000000000000000000, 0.000000000000000000 ) ) ;
#4389 = PLANE ( 'NONE',  #4397 ) ;
#4390 = CARTESIAN_POINT ( 'NONE',  ( -0.07499999999999999722, -1.707404996040164512E-17, 0.02500000000000000139 ) ) ;
#4391 = EDGE_CURVE ( 'NONE', #4441, #4563, #2606, .T. ) ;
#4392 = AXIS2_PLACEMENT_3D ( 'NONE', #454, #758, #865 ) ;
#4393 = VECTOR ( 'NONE', #4567, 39.37007874015748143 ) ;
#4394 = CARTESIAN_POINT ( 'NONE',  ( 0.07499999999999999722, -1.707404996040164512E-17, -0.03850000000000001338 ) ) ;
#4395 = VERTEX_POINT ( 'NONE', #1844 ) ;
#4396 = ORIENTED_EDGE ( 'NONE', *, *, #3218, .T. ) ;
#4397 = AXIS2_PLACEMENT_3D ( 'NONE', #3701, #2912, #2048 ) ;
#4398 = CARTESIAN_POINT ( 'NONE',  ( -0.07499999999999999722, 0.1260000000000000009, -0.02500000000000000139 ) ) ;
#4399 = ORIENTED_EDGE ( 'NONE', *, *, #473, .F. ) ;
#4400 = ORIENTED_EDGE ( 'NONE', *, *, #1913, .F. ) ;
#4401 = AXIS2_PLACEMENT_3D ( 'NONE', #3386, #2980, #2253 ) ;
#4402 = DIRECTION ( 'NONE',  ( -0.000000000000000000, -1.000000000000000000, -0.000000000000000000 ) ) ;
#4403 = DIRECTION ( 'NONE',  ( 0.000000000000000000, 1.000000000000000000, 0.000000000000000000 ) ) ;
#4404 = ORIENTED_EDGE ( 'NONE', *, *, #3220, .F. ) ;
#4405 = LINE ( 'NONE', #966, #4863 ) ;
#4406 = DIRECTION ( 'NONE',  ( -0.000000000000000000, -0.000000000000000000, -1.000000000000000000 ) ) ;
#4407 = APPLICATION_PROTOCOL_DEFINITION ( 'draft international standard', 'automotive_design', 1998, #1198 ) ;
#4408 = DIMENSIONAL_EXPONENTS ( 1.000000000000000000, 0.000000000000000000, 0.000000000000000000, 0.000000000000000000, 0.000000000000000000, 0.000000000000000000, 0.000000000000000000 ) ;
#4409 = ORIENTED_EDGE ( 'NONE', *, *, #4092, .F. ) ;
#4410 = CARTESIAN_POINT ( 'NONE',  ( 0.02500000000000000486, -1.707404996040164512E-17, -0.02500000000000000139 ) ) ;
#4411 = CARTESIAN_POINT ( 'NONE',  ( 0.02500000000000000486, 0.02349999999999998618, 0.02500000000000000139 ) ) ;
#4412 = VERTEX_POINT ( 'NONE', #4932 ) ;
#4413 = DIRECTION ( 'NONE',  ( 0.000000000000000000, -0.000000000000000000, 1.000000000000000000 ) ) ;
#4414 = DIRECTION ( 'NONE',  ( -0.000000000000000000, -1.000000000000000000, -0.000000000000000000 ) ) ;
#4415 = DIRECTION ( 'NONE',  ( 0.000000000000000000, 1.000000000000000000, 0.000000000000000000 ) ) ;
#4416 = EDGE_CURVE ( 'NONE', #2444, #158, #3977, .T. ) ;
#4417 = DIRECTION ( 'NONE',  ( -0.000000000000000000, -1.000000000000000000, -0.000000000000000000 ) ) ;
#4418 = CARTESIAN_POINT ( 'NONE',  ( 0.1075000000000000261, 0.02350000000000000352, 0.05999999999999999778 ) ) ;
#4419 = CARTESIAN_POINT ( 'NONE',  ( -0.07499999999999999722, 0.1260000000000000009, 0.04125000000000000194 ) ) ;
#4420 = CARTESIAN_POINT ( 'NONE',  ( 0.02500000000000000486, 0.09849999999999999034, -0.02500000000000000139 ) ) ;
#4421 = EDGE_LOOP ( 'NONE', ( #2115, #1599 ) ) ;
#4422 = EDGE_CURVE ( 'NONE', #710, #989, #2165, .T. ) ;
#4423 = EDGE_CURVE ( 'NONE', #732, #2278, #211, .T. ) ;
#4424 = ORIENTED_EDGE ( 'NONE', *, *, #1312, .F. ) ;
#4425 = DIRECTION ( 'NONE',  ( -0.000000000000000000, -1.000000000000000000, -0.000000000000000000 ) ) ;
#4426 = EDGE_LOOP ( 'NONE', ( #1283, #2367, #2569, #4194 ) ) ;
#4427 = AXIS2_PLACEMENT_3D ( 'NONE', #3133, #4657, #4278 ) ;
#4428 = ORIENTED_EDGE ( 'NONE', *, *, #3000, .T. ) ;
#4429 = DIRECTION ( 'NONE',  ( -0.000000000000000000, -1.000000000000000000, -0.000000000000000000 ) ) ;
#4430 = ORIENTED_EDGE ( 'NONE', *, *, #2262, .T. ) ;
#4431 = DIRECTION ( 'NONE',  ( -0.000000000000000000, -1.000000000000000000, -0.000000000000000000 ) ) ;
#4432 =( GEOMETRIC_REPRESENTATION_CONTEXT ( 3 ) GLOBAL_UNCERTAINTY_ASSIGNED_CONTEXT ( ( #2162 ) ) GLOBAL_UNIT_ASSIGNED_CONTEXT ( ( #2009, #4349, #4748 ) ) REPRESENTATION_CONTEXT ( 'NONE', 'WORKASPACE' ) );
#4433 = DIRECTION ( 'NONE',  ( -0.000000000000000000, -1.000000000000000000, -0.000000000000000000 ) ) ;
#4434 = DIRECTION ( 'NONE',  ( -0.000000000000000000, -1.000000000000000000, -0.000000000000000000 ) ) ;
#4435 = FACE_OUTER_BOUND ( 'NONE', #3422, .T. ) ;
#4436 = DIRECTION ( 'NONE',  ( -0.000000000000000000, -1.000000000000000000, -0.000000000000000000 ) ) ;
#4437 = ORIENTED_EDGE ( 'NONE', *, *, #4459, .F. ) ;
#4438 = CARTESIAN_POINT ( 'NONE',  ( 0.02500000000000001180, 0.008999999999999975034, -0.006499999999999997967 ) ) ;
#4439 = AXIS2_PLACEMENT_3D ( 'NONE', #1195, #2710, #3847 ) ;
#4440 = DIRECTION ( 'NONE',  ( 0.000000000000000000, 0.000000000000000000, 1.000000000000000000 ) ) ;
#4441 = VERTEX_POINT ( 'NONE', #624 ) ;
#4442 = DIRECTION ( 'NONE',  ( -0.000000000000000000, -1.000000000000000000, -0.000000000000000000 ) ) ;
#4443 = CARTESIAN_POINT ( 'NONE',  ( -0.07499999999999999722, 0.09849999999999999034, -0.04250000000000000999 ) ) ;
#4444 = CIRCLE ( 'NONE', #1136, 0.01625000000000000056 ) ;
#4445 = CARTESIAN_POINT ( 'NONE',  ( -0.09249999999999999889, 0.02349999999999998618, -0.02500000000000000139 ) ) ;
#4446 = EDGE_CURVE ( 'NONE', #2278, #925, #313, .T. ) ;
#4447 = DIRECTION ( 'NONE',  ( 0.000000000000000000, 1.000000000000000000, 0.000000000000000000 ) ) ;
#4448 = ORIENTED_EDGE ( 'NONE', *, *, #4161, .F. ) ;
#4449 = STYLED_ITEM ( 'NONE', ( #4458 ), #1741 ) ;
#4450 = CARTESIAN_POINT ( 'NONE',  ( -0.02499999999999999792, 0.01499999999999997689, -0.04350000000000001088 ) ) ;
#4451 = EDGE_LOOP ( 'NONE', ( #4048, #4020, #852, #4583 ) ) ;
#4452 = EDGE_CURVE ( 'NONE', #581, #2434, #1479, .T. ) ;
#4453 = ADVANCED_FACE ( 'NONE', ( #4861 ), #337, .T. ) ;
#4454 = ADVANCED_FACE ( 'NONE', ( #1471 ), #3496, .T. ) ;
#4455 = CARTESIAN_POINT ( 'NONE',  ( 0.02499999999999999098, 0.1565000000000000280, 0.02500000000000000139 ) ) ;
#4456 = ORIENTED_EDGE ( 'NONE', *, *, #4077, .T. ) ;
#4457 = CARTESIAN_POINT ( 'NONE',  ( -0.07499999999999999722, -1.707404996040164512E-17, -0.003500000000000006144 ) ) ;
#4458 = PRESENTATION_STYLE_ASSIGNMENT (( #4850 ) ) ;
#4459 = EDGE_CURVE ( 'NONE', #989, #867, #4931, .T. ) ;
#4460 = PLANE ( 'NONE',  #2582 ) ;
#4461 = AXIS2_PLACEMENT_3D ( 'NONE', #4650, #1511, #4225 ) ;
#4462 = DIRECTION ( 'NONE',  ( 0.000000000000000000, 1.000000000000000000, 0.000000000000000000 ) ) ;
#4463 = DIRECTION ( 'NONE',  ( 0.000000000000000000, 0.000000000000000000, -1.000000000000000000 ) ) ;
#4464 = ORIENTED_EDGE ( 'NONE', *, *, #4933, .T. ) ;
#4465 = DIRECTION ( 'NONE',  ( -0.000000000000000000, -1.000000000000000000, -0.000000000000000000 ) ) ;
#4466 = ORIENTED_EDGE ( 'NONE', *, *, #3178, .T. ) ;
#4467 = CIRCLE ( 'NONE', #2935, 0.02150000000000000175 ) ;
#4468 = LINE ( 'NONE', #4157, #2559 ) ;
#4469 = CARTESIAN_POINT ( 'NONE',  ( 0.02500000000000000486, 0.01499999999999997689, -0.02500000000000000139 ) ) ;
#4470 = CARTESIAN_POINT ( 'NONE',  ( 0.02500000000000001180, 0.02349999999999998618, 0.04649999999999999967 ) ) ;
#4471 = ORIENTED_EDGE ( 'NONE', *, *, #3156, .F. ) ;
#4472 = DIRECTION ( 'NONE',  ( 0.000000000000000000, 0.000000000000000000, -1.000000000000000000 ) ) ;
#4473 = ORIENTED_EDGE ( 'NONE', *, *, #876, .F. ) ;
#4474 = EDGE_CURVE ( 'NONE', #1140, #2869, #3344, .T. ) ;
#4476 = VERTEX_POINT ( 'NONE', #2255 ) ;
#4475 = FACE_OUTER_BOUND ( 'NONE', #4517, .T. ) ;
#4477 = ADVANCED_FACE ( 'NONE', ( #4554 ), #4534, .T. ) ;
#4478 = CARTESIAN_POINT ( 'NONE',  ( -0.02499999999999999792, -1.707404996040164512E-17, -0.02500000000000000139 ) ) ;
#4479 = AXIS2_PLACEMENT_3D ( 'NONE', #4093, #1071, #4114 ) ;
#4480 = AXIS2_PLACEMENT_3D ( 'NONE', #1889, #3076, #1206 ) ;
#4481 = CARTESIAN_POINT ( 'NONE',  ( 0.1075000000000000261, 0.09849999999999999034, 0.05999999999999999778 ) ) ;
#4482 = AXIS2_PLACEMENT_3D ( 'NONE', #796, #2735, #1605 ) ;
#4483 = EDGE_CURVE ( 'NONE', #4773, #2727, #4069, .T. ) ;
#4484 = CARTESIAN_POINT ( 'NONE',  ( -0.02499999999999999792, 0.02349999999999998618, 0.007500000000000001457 ) ) ;
#4485 = DIRECTION ( 'NONE',  ( 0.000000000000000000, 0.000000000000000000, -1.000000000000000000 ) ) ;
#4486 = EDGE_LOOP ( 'NONE', ( #4747, #2923, #1998, #4659 ) ) ;
#4487 =( LENGTH_UNIT ( ) NAMED_UNIT ( * ) SI_UNIT ( $, .METRE. ) );
#4488 = EDGE_LOOP ( 'NONE', ( #4174, #1630, #1, #3235 ) ) ;
#4489 = CARTESIAN_POINT ( 'NONE',  ( 0.02500000000000001180, 0.008999999999999975034, 0.04350000000000001088 ) ) ;
#4490 = LINE ( 'NONE', #1049, #33 ) ;
#4491 = FACE_OUTER_BOUND ( 'NONE', #3654, .T. ) ;
#4492 = ORIENTED_EDGE ( 'NONE', *, *, #1955, .T. ) ;
#4493 = DIRECTION ( 'NONE',  ( -0.000000000000000000, -1.000000000000000000, -0.000000000000000000 ) ) ;
#4494 = ORIENTED_EDGE ( 'NONE', *, *, #2450, .T. ) ;
#4495 = CIRCLE ( 'NONE', #3937, 0.009499999999999994560 ) ;
#4497 = VERTEX_POINT ( 'NONE', #4839 ) ;
#4496 = CARTESIAN_POINT ( 'NONE',  ( -0.02499999999999999792, 0.1565000000000000280, 0.01550000000000000856 ) ) ;
#4498 =( LENGTH_UNIT ( ) NAMED_UNIT ( * ) SI_UNIT ( $, .METRE. ) );
#4499 = AXIS2_PLACEMENT_3D ( 'NONE', #4890, #2170, #1874 ) ;
#4500 = EDGE_CURVE ( 'NONE', #4497, #3487, #1083, .T. ) ;
#4501 = EDGE_LOOP ( 'NONE', ( #1260, #4066, #1356, #3542 ) ) ;
#4502 = FACE_OUTER_BOUND ( 'NONE', #4378, .T. ) ;
#4503 = DIRECTION ( 'NONE',  ( -0.000000000000000000, -1.000000000000000000, -0.000000000000000000 ) ) ;
#4504 = ORIENTED_EDGE ( 'NONE', *, *, #10, .T. ) ;
#4505 = CARTESIAN_POINT ( 'NONE',  ( 0.05750000000000000250, 0.02349999999999998618, -0.02500000000000000139 ) ) ;
#4506 = AXIS2_PLACEMENT_3D ( 'NONE', #4882, #2975, #1368 ) ;
#4507 = EDGE_CURVE ( 'NONE', #40, #4643, #4490, .T. ) ;
#4508 = ORIENTED_EDGE ( 'NONE', *, *, #1351, .F. ) ;
#4509 = DIRECTION ( 'NONE',  ( 1.224646799147353207E-16, -0.000000000000000000, 1.000000000000000000 ) ) ;
#4510 = AXIS2_PLACEMENT_3D ( 'NONE', #463, #4688, #4593 ) ;
#4511 = DIRECTION ( 'NONE',  ( 0.000000000000000000, 0.000000000000000000, -1.000000000000000000 ) ) ;
#4512 = AXIS2_PLACEMENT_3D ( 'NONE', #4057, #126, #184 ) ;
#4513 = CIRCLE ( 'NONE', #2275, 0.01350000000000001026 ) ;
#4514 = VERTEX_POINT ( 'NONE', #1823 ) ;
#4515 = VECTOR ( 'NONE', #769, 39.37007874015748143 ) ;
#4516 = CARTESIAN_POINT ( 'NONE',  ( 0.02500000000000000486, 0.02349999999999998618, 0.003500000000000006144 ) ) ;
#4517 = EDGE_LOOP ( 'NONE', ( #3968, #2067, #4437, #34 ) ) ;
#4519 = ORIENTED_EDGE ( 'NONE', *, *, #4898, .F. ) ;
#4518 = FACE_OUTER_BOUND ( 'NONE', #1495, .T. ) ;
#4520 = DIRECTION ( 'NONE',  ( 0.000000000000000000, 0.000000000000000000, -1.000000000000000000 ) ) ;
#4521 = CARTESIAN_POINT ( 'NONE',  ( -0.07499999999999999722, 0.008999999999999975034, 0.02500000000000000139 ) ) ;
#4522 = DIRECTION ( 'NONE',  ( -0.000000000000000000, -1.000000000000000000, -0.000000000000000000 ) ) ;
#4523 = DIRECTION ( 'NONE',  ( 0.000000000000000000, -0.000000000000000000, 1.000000000000000000 ) ) ;
#4524 = DIRECTION ( 'NONE',  ( -0.000000000000000000, -1.000000000000000000, -0.000000000000000000 ) ) ;
#4525 = ORIENTED_EDGE ( 'NONE', *, *, #4276, .T. ) ;
#4526 = SPHERICAL_SURFACE ( 'NONE', #2259, 0.009499999999999985886 ) ;
#4527 = ORIENTED_EDGE ( 'NONE', *, *, #473, .T. ) ;
#4528 = AXIS2_PLACEMENT_3D ( 'NONE', #2108, #894, #2512 ) ;
#4529 = CARTESIAN_POINT ( 'NONE',  ( -0.02499999999999999792, 0.02349999999999998618, -0.02500000000000000139 ) ) ;
#4530 = DIRECTION ( 'NONE',  ( 0.000000000000000000, 0.000000000000000000, -1.000000000000000000 ) ) ;
#4531 = EDGE_CURVE ( 'NONE', #460, #2036, #2373, .T. ) ;
#4532 = ADVANCED_FACE ( 'NONE', ( #2720 ), #4274, .T. ) ;
#4533 = CARTESIAN_POINT ( 'NONE',  ( -0.07499999999999999722, 0.1260000000000000009, 0.02500000000000000139 ) ) ;
#4534 = CONICAL_SURFACE ( 'NONE', #4776, 0.01625000000000000056, 0.7853981633974482790 ) ;
#4535 = AXIS2_PLACEMENT_3D ( 'NONE', #615, #262, #4523 ) ;
#4536 = EDGE_CURVE ( 'NONE', #1960, #3384, #3667, .T. ) ;
#4537 = ORIENTED_EDGE ( 'NONE', *, *, #2152, .T. ) ;
#4538 = CARTESIAN_POINT ( 'NONE',  ( 0.1075000000000000261, 0.02350000000000000352, 0.05999999999999999778 ) ) ;
#4539 = ORIENTED_EDGE ( 'NONE', *, *, #1181, .T. ) ;
#4540 = AXIS2_PLACEMENT_3D ( 'NONE', #3114, #489, #91 ) ;
#4542 = VERTEX_POINT ( 'NONE', #3053 ) ;
#4541 = DIRECTION ( 'NONE',  ( 0.000000000000000000, 0.000000000000000000, -1.000000000000000000 ) ) ;
#4543 = CARTESIAN_POINT ( 'NONE',  ( 0.06149999999999999911, -1.707404996040164512E-17, -0.02500000000000000139 ) ) ;
#4544 = AXIS2_PLACEMENT_3D ( 'NONE', #3035, #3369, #2235 ) ;
#4545 = DIRECTION ( 'NONE',  ( -0.000000000000000000, -1.000000000000000000, -0.000000000000000000 ) ) ;
#4546 = CARTESIAN_POINT ( 'NONE',  ( 0.07499999999999999722, 0.02350000000000000352, 0.007500000000000003192 ) ) ;
#4547 = DIRECTION ( 'NONE',  ( -0.000000000000000000, -1.000000000000000000, -0.000000000000000000 ) ) ;
#4548 = PRESENTATION_LAYER_ASSIGNMENT (  '', '', ( #2701 ) ) ;
#4549 = DIRECTION ( 'NONE',  ( -0.000000000000000000, -1.000000000000000000, -0.000000000000000000 ) ) ;
#4550 = ORIENTED_EDGE ( 'NONE', *, *, #404, .F. ) ;
#4551 = DIRECTION ( 'NONE',  ( 0.000000000000000000, 1.000000000000000000, 0.000000000000000000 ) ) ;
#4552 = ORIENTED_EDGE ( 'NONE', *, *, #3467, .F. ) ;
#4553 = AXIS2_PLACEMENT_3D ( 'NONE', #3342, #245, #2209 ) ;
#4554 = FACE_OUTER_BOUND ( 'NONE', #1448, .T. ) ;
#4555 = ADVANCED_FACE ( 'NONE', ( #756 ), #3906, .T. ) ;
#4556 = DIRECTION ( 'NONE',  ( 0.000000000000000000, 0.000000000000000000, -1.000000000000000000 ) ) ;
#4557 = ORIENTED_EDGE ( 'NONE', *, *, #3588, .F. ) ;
#4558 = DIRECTION ( 'NONE',  ( -0.000000000000000000, -1.000000000000000000, -0.000000000000000000 ) ) ;
#4559 = EDGE_CURVE ( 'NONE', #4824, #4710, #2684, .T. ) ;
#4560 = ADVANCED_FACE ( 'NONE', ( #1135 ), #4176, .F. ) ;
#4561 = ORIENTED_EDGE ( 'NONE', *, *, #2484, .T. ) ;
#4563 = VERTEX_POINT ( 'NONE', #1967 ) ;
#4562 = CARTESIAN_POINT ( 'NONE',  ( 0.07499999999999999722, 0.008999999999999975034, -0.02500000000000000139 ) ) ;
#4564 = ORIENTED_EDGE ( 'NONE', *, *, #1039, .F. ) ;
#4565 = DIRECTION ( 'NONE',  ( 0.000000000000000000, 1.000000000000000000, 0.000000000000000000 ) ) ;
#4566 = DIRECTION ( 'NONE',  ( -0.000000000000000000, -0.000000000000000000, -1.000000000000000000 ) ) ;
#4567 = DIRECTION ( 'NONE',  ( -0.000000000000000000, 1.000000000000000000, -0.000000000000000000 ) ) ;
#4568 = AXIS2_PLACEMENT_3D ( 'NONE', #4761, #508, #2044 ) ;
#4569 = AXIS2_PLACEMENT_3D ( 'NONE', #419, #44, #2246 ) ;
#4570 = LINE ( 'NONE', #775, #2110 ) ;
#4571 = EDGE_LOOP ( 'NONE', ( #3917, #1852, #267, #1648, #1666 ) ) ;
#4572 = DIRECTION ( 'NONE',  ( -0.000000000000000000, -1.000000000000000000, -0.000000000000000000 ) ) ;
#4573 = AXIS2_PLACEMENT_3D ( 'NONE', #2215, #3418, #676 ) ;
#4574 = ORIENTED_EDGE ( 'NONE', *, *, #3185, .T. ) ;
#4575 = FACE_OUTER_BOUND ( 'NONE', #677, .T. ) ;
#4576 = AXIS2_PLACEMENT_3D ( 'NONE', #1441, #4832, #2226 ) ;
#4577 = DIRECTION ( 'NONE',  ( 0.000000000000000000, 0.000000000000000000, -1.000000000000000000 ) ) ;
#4578 = CIRCLE ( 'NONE', #3721, 0.009499999999999994560 ) ;
#4579 = EDGE_LOOP ( 'NONE', ( #2089, #3247, #1953, #790 ) ) ;
#4580 = EDGE_CURVE ( 'NONE', #766, #2236, #1010, .T. ) ;
#4581 = AXIS2_PLACEMENT_3D ( 'NONE', #2066, #4746, #1308 ) ;
#4582 = DIRECTION ( 'NONE',  ( -0.000000000000000000, -1.000000000000000000, -0.000000000000000000 ) ) ;
#4583 = ORIENTED_EDGE ( 'NONE', *, *, #3186, .F. ) ;
#4585 = ORIENTED_EDGE ( 'NONE', *, *, #4056, .F. ) ;
#4584 = CARTESIAN_POINT ( 'NONE',  ( 0.07499999999999999722, 0.008999999999999975034, 0.04350000000000001088 ) ) ;
#4586 = VERTEX_POINT ( 'NONE', #1613 ) ;
#4587 = ADVANCED_FACE ( 'NONE', ( #3151 ), #2370, .T. ) ;
#4588 = ORIENTED_EDGE ( 'NONE', *, *, #845, .F. ) ;
#4589 = ADVANCED_FACE ( 'NONE', ( #4627 ), #58, .T. ) ;
#4590 = DIRECTION ( 'NONE',  ( -0.000000000000000000, -1.000000000000000000, -0.000000000000000000 ) ) ;
#4591 = EDGE_CURVE ( 'NONE', #2242, #1393, #606, .T. ) ;
#4592 = VECTOR ( 'NONE', #18, 39.37007874015748143 ) ;
#4593 = DIRECTION ( 'NONE',  ( 0.000000000000000000, 0.000000000000000000, 1.000000000000000000 ) ) ;
#4594 = CARTESIAN_POINT ( 'NONE',  ( 0.07499999999999999722, -1.707404996040164512E-17, 0.01550000000000000856 ) ) ;
#4595 = EDGE_CURVE ( 'NONE', #1719, #1270, #206, .T. ) ;
#4596 = DIRECTION ( 'NONE',  ( 0.000000000000000000, 0.000000000000000000, -1.000000000000000000 ) ) ;
#4597 = EDGE_LOOP ( 'NONE', ( #4351, #3798, #1354, #4519 ) ) ;
#4598 = DIRECTION ( 'NONE',  ( 0.000000000000000000, 0.000000000000000000, -1.000000000000000000 ) ) ;
#4599 = ORIENTED_EDGE ( 'NONE', *, *, #4247, .F. ) ;
#4600 = DIRECTION ( 'NONE',  ( -0.000000000000000000, -1.000000000000000000, -0.000000000000000000 ) ) ;
#4601 = CARTESIAN_POINT ( 'NONE',  ( 0.07499999999999999722, -1.707404996040164512E-17, -0.02500000000000000139 ) ) ;
#4602 = DIRECTION ( 'NONE',  ( -0.000000000000000000, -1.000000000000000000, -0.000000000000000000 ) ) ;
#4603 = CIRCLE ( 'NONE', #3268, 0.009499999999999994560 ) ;
#4604 = PRESENTATION_STYLE_ASSIGNMENT (( #3934 ) ) ;
#4605 = VERTEX_POINT ( 'NONE', #381 ) ;
#4606 = AXIS2_PLACEMENT_3D ( 'NONE', #2348, #1113, #82 ) ;
#4607 = DIRECTION ( 'NONE',  ( 0.000000000000000000, -0.000000000000000000, 1.000000000000000000 ) ) ;
#4608 = VERTEX_POINT ( 'NONE', #1916 ) ;
#4610 = ORIENTED_EDGE ( 'NONE', *, *, #4823, .F. ) ;
#4609 = DIRECTION ( 'NONE',  ( -0.000000000000000000, -1.000000000000000000, -0.000000000000000000 ) ) ;
#4611 = VERTEX_POINT ( 'NONE', #1992 ) ;
#4612 = ORIENTED_EDGE ( 'NONE', *, *, #4645, .T. ) ;
#4613 = DIRECTION ( 'NONE',  ( -0.000000000000000000, -1.000000000000000000, -0.000000000000000000 ) ) ;
#4614 = AXIS2_PLACEMENT_3D ( 'NONE', #4331, #2486, #3933 ) ;
#4615 = CARTESIAN_POINT ( 'NONE',  ( -0.02499999999999999792, 0.1260000000000000009, -0.04125000000000000194 ) ) ;
#4616 = DIRECTION ( 'NONE',  ( -0.000000000000000000, -1.000000000000000000, -0.000000000000000000 ) ) ;
#4617 = AXIS2_PLACEMENT_3D ( 'NONE', #4124, #1121, #4541 ) ;
#4618 = CARTESIAN_POINT ( 'NONE',  ( -0.1074999999999999983, 0.02350000000000000352, 0.05999999999999999778 ) ) ;
#4619 = PLANE ( 'NONE',  #4350 ) ;
#4620 = VERTEX_POINT ( 'NONE', #426 ) ;
#4621 = PLANE ( 'NONE',  #2983 ) ;
#4622 = AXIS2_PLACEMENT_3D ( 'NONE', #1028, #2564, #651 ) ;
#4623 = ORIENTED_EDGE ( 'NONE', *, *, #4738, .T. ) ;
#4624 = EDGE_CURVE ( 'NONE', #3250, #1245, #3010, .T. ) ;
#4625 = AXIS2_PLACEMENT_3D ( 'NONE', #1671, #2107, #893 ) ;
#4626 = CARTESIAN_POINT ( 'NONE',  ( 0.07499999999999999722, -1.707404996040164512E-17, -0.02500000000000000139 ) ) ;
#4627 = FACE_OUTER_BOUND ( 'NONE', #2634, .T. ) ;
#4628 = CIRCLE ( 'NONE', #1256, 0.009499999999999985886 ) ;
#4629 = AXIS2_PLACEMENT_3D ( 'NONE', #4667, #2415, #2034 ) ;
#4630 = FACE_OUTER_BOUND ( 'NONE', #2731, .T. ) ;
#4631 = DIRECTION ( 'NONE',  ( 0.000000000000000000, 0.000000000000000000, -1.000000000000000000 ) ) ;
#4632 = ORIENTED_EDGE ( 'NONE', *, *, #353, .F. ) ;
#4633 = ORIENTED_EDGE ( 'NONE', *, *, #1778, .F. ) ;
#4634 = CARTESIAN_POINT ( 'NONE',  ( 0.02500000000000000486, 0.1260000000000000009, -0.02500000000000000139 ) ) ;
#4635 = ORIENTED_EDGE ( 'NONE', *, *, #4227, .T. ) ;
#4636 = ORIENTED_EDGE ( 'NONE', *, *, #4315, .T. ) ;
#4637 = CARTESIAN_POINT ( 'NONE',  ( 0.07499999999999999722, 0.02350000000000000352, 0.02500000000000000139 ) ) ;
#4638 = CARTESIAN_POINT ( 'NONE',  ( 0.02500000000000000486, 0.02350000000000000352, -0.007500000000000003192 ) ) ;
#4639 = FACE_OUTER_BOUND ( 'NONE', #340, .T. ) ;
#4640 = PLANE ( 'NONE',  #2790 ) ;
#4641 = CIRCLE ( 'NONE', #1364, 0.01750000000000000167 ) ;
#4642 = LINE ( 'NONE', #1935, #3392 ) ;
#4643 = VERTEX_POINT ( 'NONE', #3460 ) ;
#4644 = CARTESIAN_POINT ( 'NONE',  ( 0.07499999999999999722, 0.02349999999999998618, 0.02500000000000000139 ) ) ;
#4645 = EDGE_CURVE ( 'NONE', #4186, #1702, #282, .T. ) ;
#4646 = ORIENTED_EDGE ( 'NONE', *, *, #2785, .F. ) ;
#4647 = CIRCLE ( 'NONE', #4568, 0.009499999999999985886 ) ;
#4648 = CARTESIAN_POINT ( 'NONE',  ( -0.02499999999999999792, 0.02350000000000000352, 0.02500000000000000139 ) ) ;
#4649 = DIRECTION ( 'NONE',  ( 0.000000000000000000, 0.000000000000000000, -1.000000000000000000 ) ) ;
#4650 = CARTESIAN_POINT ( 'NONE',  ( -0.07499999999999999722, 0.1260000000000000009, -0.02500000000000000139 ) ) ;
#4651 = EDGE_CURVE ( 'NONE', #2058, #1719, #117, .T. ) ;
#4652 = EDGE_CURVE ( 'NONE', #2436, #3468, #805, .T. ) ;
#4653 = CARTESIAN_POINT ( 'NONE',  ( -0.04649999999999999273, 0.01499999999999997689, -0.02500000000000000139 ) ) ;
#4654 = CIRCLE ( 'NONE', #258, 0.009499999999999994560 ) ;
#4655 = CARTESIAN_POINT ( 'NONE',  ( -0.02499999999999999792, 0.1565000000000000280, -0.03449999999999999595 ) ) ;
#4656 = EDGE_CURVE ( 'NONE', #3416, #560, #2046, .T. ) ;
#4657 = DIRECTION ( 'NONE',  ( 0.000000000000000000, 0.000000000000000000, 1.000000000000000000 ) ) ;
#4658 = ORIENTED_EDGE ( 'NONE', *, *, #1278, .F. ) ;
#4659 = ORIENTED_EDGE ( 'NONE', *, *, #78, .F. ) ;
#4660 = CARTESIAN_POINT ( 'NONE',  ( -0.02499999999999999792, -1.707404996040164512E-17, 0.02500000000000000139 ) ) ;
#4661 = ORIENTED_EDGE ( 'NONE', *, *, #3066, .T. ) ;
#4662 = CIRCLE ( 'NONE', #1616, 0.01750000000000000513 ) ;
#4663 = EDGE_LOOP ( 'NONE', ( #1925, #1833, #2962, #3375, #1635 ) ) ;
#4664 = DIRECTION ( 'NONE',  ( -0.000000000000000000, -1.000000000000000000, -0.000000000000000000 ) ) ;
#4665 = DIRECTION ( 'NONE',  ( -0.000000000000000000, -1.000000000000000000, -0.000000000000000000 ) ) ;
#4666 = AXIS2_PLACEMENT_3D ( 'NONE', #4040, #1669, #2509 ) ;
#4667 = CARTESIAN_POINT ( 'NONE',  ( -0.07499999999999999722, -1.707404996040164512E-17, -0.02500000000000000139 ) ) ;
#4668 = CIRCLE ( 'NONE', #1793, 0.01350000000000000679 ) ;
#4669 = CARTESIAN_POINT ( 'NONE',  ( -0.07499999999999999722, 0.008999999999999975034, -0.02500000000000000139 ) ) ;
#4670 = VERTEX_POINT ( 'NONE', #3616 ) ;
#4671 = ORIENTED_EDGE ( 'NONE', *, *, #2450, .F. ) ;
#4672 = MECHANICAL_DESIGN_GEOMETRIC_PRESENTATION_REPRESENTATION (  '', ( #4449 ), #3803 ) ;
#4673 = CARTESIAN_POINT ( 'NONE',  ( -0.07499999999999999722, -1.707404996040164512E-17, -0.03850000000000001338 ) ) ;
#4674 = CARTESIAN_POINT ( 'NONE',  ( -0.07499999999999999722, -1.707404996040164512E-17, 0.006499999999999997967 ) ) ;
#4675 = DIRECTION ( 'NONE',  ( 0.000000000000000000, 0.000000000000000000, 1.000000000000000000 ) ) ;
#4676 = CYLINDRICAL_SURFACE ( 'NONE', #880, 0.01749999999999999820 ) ;
#4677 = CARTESIAN_POINT ( 'NONE',  ( 0.07499999999999999722, 0.1260000000000000009, -0.008750000000000004302 ) ) ;
#4678 = ADVANCED_FACE ( 'NONE', ( #1261 ), #162, .T. ) ;
#4679 = LENGTH_MEASURE_WITH_UNIT ( LENGTH_MEASURE( 0.02539999999999999897 ), #2023 );
#4680 = CARTESIAN_POINT ( 'NONE',  ( -0.02499999999999999792, 0.09849999999999999034, -0.02500000000000000139 ) ) ;
#4681 = VERTEX_POINT ( 'NONE', #4759 ) ;
#4682 = ADVANCED_FACE ( 'NONE', ( #2132 ), #4783, .T. ) ;
#4683 = ORIENTED_EDGE ( 'NONE', *, *, #3562, .T. ) ;
#4684 = AXIS2_PLACEMENT_3D ( 'NONE', #4117, #3724, #3004 ) ;
#4685 = DIRECTION ( 'NONE',  ( 0.000000000000000000, 0.000000000000000000, -1.000000000000000000 ) ) ;
#4686 = VERTEX_POINT ( 'NONE', #478 ) ;
#4687 = ORIENTED_EDGE ( 'NONE', *, *, #4624, .F. ) ;
#4688 = DIRECTION ( 'NONE',  ( 0.000000000000000000, 1.000000000000000000, 0.000000000000000000 ) ) ;
#4689 = LINE ( 'NONE', #2006, #4878 ) ;
#4690 = CIRCLE ( 'NONE', #3346, 0.01749999999999999820 ) ;
#4691 = DIRECTION ( 'NONE',  ( 0.000000000000000000, 0.000000000000000000, -1.000000000000000000 ) ) ;
#4692 = ORIENTED_EDGE ( 'NONE', *, *, #409, .T. ) ;
#4693 = ORIENTED_EDGE ( 'NONE', *, *, #3666, .F. ) ;
#4694 = DIRECTION ( 'NONE',  ( -0.000000000000000000, -1.000000000000000000, -0.000000000000000000 ) ) ;
#4695 = DIRECTION ( 'NONE',  ( -0.000000000000000000, -1.000000000000000000, -0.000000000000000000 ) ) ;
#4696 = ORIENTED_EDGE ( 'NONE', *, *, #358, .F. ) ;
#4697 = CARTESIAN_POINT ( 'NONE',  ( -0.07499999999999999722, 0.1247499999999999998, 0.04250000000000000999 ) ) ;
#4698 = PLANE ( 'NONE',  #4025 ) ;
#4699 = DIRECTION ( 'NONE',  ( 8.659560562354932858E-17, -0.7071067811865474617, 0.7071067811865474617 ) ) ;
#4700 = VECTOR ( 'NONE', #1782, 39.37007874015748143 ) ;
#4701 = CARTESIAN_POINT ( 'NONE',  ( -0.02499999999999999792, 0.02350000000000000352, -0.02500000000000000139 ) ) ;
#4702 = CARTESIAN_POINT ( 'NONE',  ( -0.07499999999999999722, 0.02349999999999998618, -0.007500000000000001457 ) ) ;
#4703 = VECTOR ( 'NONE', #3607, 39.37007874015748143 ) ;
#4704 = CARTESIAN_POINT ( 'NONE',  ( 0.1075000000000000261, 0.09849999999999999034, -0.05999999999999999778 ) ) ;
#4705 =( GEOMETRIC_REPRESENTATION_CONTEXT ( 3 ) GLOBAL_UNCERTAINTY_ASSIGNED_CONTEXT ( ( #2349 ) ) GLOBAL_UNIT_ASSIGNED_CONTEXT ( ( #511, #541, #1724 ) ) REPRESENTATION_CONTEXT ( 'NONE', 'WORKASPACE' ) );
#4706 = EDGE_CURVE ( 'NONE', #2505, #3900, #3671, .T. ) ;
#4707 = DIRECTION ( 'NONE',  ( 0.000000000000000000, 1.000000000000000000, 0.000000000000000000 ) ) ;
#4708 = VERTEX_POINT ( 'NONE', #4697 ) ;
#4709 = CIRCLE ( 'NONE', #3199, 0.009499999999999994560 ) ;
#4710 = VERTEX_POINT ( 'NONE', #535 ) ;
#4711 = CARTESIAN_POINT ( 'NONE',  ( -0.07499999999999999722, 0.02350000000000000352, -0.02500000000000000139 ) ) ;
#4712 = ORIENTED_EDGE ( 'NONE', *, *, #223, .F. ) ;
#4713 = ORIENTED_EDGE ( 'NONE', *, *, #1150, .T. ) ;
#4714 = ADVANCED_FACE ( 'NONE', ( #1692 ), #4383, .T. ) ;
#4715 = ADVANCED_FACE ( 'NONE', ( #1289 ), #3265, .T. ) ;
#4716 = CARTESIAN_POINT ( 'NONE',  ( -0.02499999999999999445, -1.707404996040164512E-17, -0.003500000000000006144 ) ) ;
#4717 = PLANE ( 'NONE',  #767 ) ;
#4718 = LINE ( 'NONE', #420, #1030 ) ;
#4719 = CARTESIAN_POINT ( 'NONE',  ( -0.02499999999999999445, 0.01499999999999997689, 0.04350000000000001088 ) ) ;
#4720 = EDGE_LOOP ( 'NONE', ( #2726, #175, #3135, #2073, #4751 ) ) ;
#4721 = VERTEX_POINT ( 'NONE', #2797 ) ;
#4722 = CYLINDRICAL_SURFACE ( 'NONE', #4202, 0.009499999999999994560 ) ;
#4723 = CARTESIAN_POINT ( 'NONE',  ( -0.07499999999999999722, 0.1260000000000000009, -0.02500000000000000139 ) ) ;
#4724 = VERTEX_POINT ( 'NONE', #1636 ) ;
#4725 = CARTESIAN_POINT ( 'NONE',  ( -0.1074999999999999983, 0.02350000000000000352, 0.05999999999999999778 ) ) ;
#4726 = PLANE ( 'NONE',  #2724 ) ;
#4727 = CARTESIAN_POINT ( 'NONE',  ( 0.02500000000000000486, 0.1260000000000000009, 0.02500000000000000139 ) ) ;
#4728 = CIRCLE ( 'NONE', #3709, 0.01750000000000000513 ) ;
#4729 = CARTESIAN_POINT ( 'NONE',  ( -0.07499999999999999722, -1.707404996040164512E-17, 0.04250000000000000999 ) ) ;
#4730 = LINE ( 'NONE', #2455, #2160 ) ;
#4731 = DIRECTION ( 'NONE',  ( -0.000000000000000000, -1.000000000000000000, -0.000000000000000000 ) ) ;
#4732 = COLOUR_RGB ( '',1.000000000000000000, 0.8117647058823529438, 0.5019607843137254832 ) ;
#4733 = CIRCLE ( 'NONE', #3385, 0.02150000000000000175 ) ;
#4734 = CYLINDRICAL_SURFACE ( 'NONE', #1446, 0.009499999999999994560 ) ;
#4735 = EDGE_LOOP ( 'NONE', ( #1220, #3969, #4917, #448 ) ) ;
#4736 = VERTEX_POINT ( 'NONE', #505 ) ;
#4737 = CARTESIAN_POINT ( 'NONE',  ( 0.02500000000000000486, 0.02349999999999998618, 0.02500000000000000139 ) ) ;
#4738 = EDGE_CURVE ( 'NONE', #925, #330, #4067, .T. ) ;
#4739 = EDGE_LOOP ( 'NONE', ( #3573, #3814, #2419, #232 ) ) ;
#4740 = ORIENTED_EDGE ( 'NONE', *, *, #3533, .F. ) ;
#4741 = CARTESIAN_POINT ( 'NONE',  ( -0.07499999999999999722, 0.1247499999999999998, -0.04250000000000000999 ) ) ;
#4742 =( CONVERSION_BASED_UNIT ( 'INCH', #2760 ) LENGTH_UNIT ( ) NAMED_UNIT ( #4023 ) );
#4743 = CARTESIAN_POINT ( 'NONE',  ( -0.07499999999999999722, 0.02349999999999998618, -0.02500000000000000139 ) ) ;
#4744 = AXIS2_PLACEMENT_3D ( 'NONE', #3266, #4786, #3781 ) ;
#4745 = ADVANCED_FACE ( 'NONE', ( #1342 ), #2016, .F. ) ;
#4746 = DIRECTION ( 'NONE',  ( 0.000000000000000000, 1.000000000000000000, 0.000000000000000000 ) ) ;
#4747 = ORIENTED_EDGE ( 'NONE', *, *, #2658, .F. ) ;
#4748 =( NAMED_UNIT ( * ) SI_UNIT ( $, .STERADIAN. ) SOLID_ANGLE_UNIT ( ) );
#4749 = DIMENSIONAL_EXPONENTS ( 1.000000000000000000, 0.000000000000000000, 0.000000000000000000, 0.000000000000000000, 0.000000000000000000, 0.000000000000000000, 0.000000000000000000 ) ;
#4750 = AXIS2_PLACEMENT_3D ( 'NONE', #2762, #2007, #1151 ) ;
#4751 = ORIENTED_EDGE ( 'NONE', *, *, #20, .T. ) ;
#4752 = AXIS2_PLACEMENT_3D ( 'NONE', #1690, #1315, #2853 ) ;
#4753 = EDGE_CURVE ( 'NONE', #3050, #2937, #3674, .T. ) ;
#4754 = EDGE_CURVE ( 'NONE', #1333, #1619, #107, .T. ) ;
#4755 = DIRECTION ( 'NONE',  ( 0.000000000000000000, 0.000000000000000000, -1.000000000000000000 ) ) ;
#4756 = VECTOR ( 'NONE', #4371, 39.37007874015748143 ) ;
#4757 = CARTESIAN_POINT ( 'NONE',  ( -0.1074999999999999983, 0.02350000000000000352, -0.05999999999999999778 ) ) ;
#4758 = ORIENTED_EDGE ( 'NONE', *, *, #4841, .T. ) ;
#4759 = CARTESIAN_POINT ( 'NONE',  ( 0.07499999999999999722, -1.707404996040164512E-17, -0.01149999999999999634 ) ) ;
#4760 = AXIS2_PLACEMENT_3D ( 'NONE', #4478, #1435, #2968 ) ;
#4761 = CARTESIAN_POINT ( 'NONE',  ( -0.02500000000000001527, 0.1565000000000000280, 0.02500000000000000139 ) ) ;
#4762 = CARTESIAN_POINT ( 'NONE',  ( 0.07499999999999999722, 0.1247499999999999998, -0.02500000000000000139 ) ) ;
#4763 = CARTESIAN_POINT ( 'NONE',  ( -0.02499999999999999792, 0.09849999999999999034, 0.02500000000000000139 ) ) ;
#4764 = DIRECTION ( 'NONE',  ( -0.000000000000000000, -1.000000000000000000, -0.000000000000000000 ) ) ;
#4765 = EDGE_LOOP ( 'NONE', ( #1842, #926, #3578, #203 ) ) ;
#4766 = EDGE_LOOP ( 'NONE', ( #2173, #4366, #1542, #1514 ) ) ;
#4767 = CARTESIAN_POINT ( 'NONE',  ( 0.02499999999999999098, 0.1565000000000000280, 0.02500000000000000139 ) ) ;
#4768 = VERTEX_POINT ( 'NONE', #3984 ) ;
#4769 = ORIENTED_EDGE ( 'NONE', *, *, #1213, .F. ) ;
#4770 = CARTESIAN_POINT ( 'NONE',  ( -0.07499999999999999722, 0.09849999999999999034, -0.02500000000000000139 ) ) ;
#4771 = CARTESIAN_POINT ( 'NONE',  ( 0.07499999999999999722, 0.008999999999999975034, -0.02500000000000000139 ) ) ;
#4772 = AXIS2_PLACEMENT_3D ( 'NONE', #195, #510, #2047 ) ;
#4773 = VERTEX_POINT ( 'NONE', #2855 ) ;
#4774 = DIRECTION ( 'NONE',  ( -0.000000000000000000, -1.000000000000000000, -0.000000000000000000 ) ) ;
#4775 = DIRECTION ( 'NONE',  ( -0.000000000000000000, -1.000000000000000000, -0.000000000000000000 ) ) ;
#4776 = AXIS2_PLACEMENT_3D ( 'NONE', #2188, #1779, #291 ) ;
#4777 = EDGE_CURVE ( 'NONE', #1396, #4286, #945, .T. ) ;
#4778 = ORIENTED_EDGE ( 'NONE', *, *, #2126, .T. ) ;
#4779 = AXIS2_PLACEMENT_3D ( 'NONE', #4957, #3483, #857 ) ;
#4780 = DIRECTION ( 'NONE',  ( -0.000000000000000000, -1.000000000000000000, -0.000000000000000000 ) ) ;
#4781 = DIRECTION ( 'NONE',  ( -0.000000000000000000, -1.000000000000000000, -0.000000000000000000 ) ) ;
#4782 = ORIENTED_EDGE ( 'NONE', *, *, #4784, .F. ) ;
#4783 = CYLINDRICAL_SURFACE ( 'NONE', #754, 0.009499999999999994560 ) ;
#4784 = EDGE_CURVE ( 'NONE', #1132, #2437, #3419, .T. ) ;
#4785 = EDGE_CURVE ( 'NONE', #4074, #200, #612, .T. ) ;
#4786 = DIRECTION ( 'NONE',  ( -0.000000000000000000, -1.000000000000000000, -0.000000000000000000 ) ) ;
#4787 = DIRECTION ( 'NONE',  ( -0.000000000000000000, -1.000000000000000000, -0.000000000000000000 ) ) ;
#4788 = EDGE_CURVE ( 'NONE', #1138, #1875, #803, .T. ) ;
#4789 = DIMENSIONAL_EXPONENTS ( 1.000000000000000000, 0.000000000000000000, 0.000000000000000000, 0.000000000000000000, 0.000000000000000000, 0.000000000000000000, 0.000000000000000000 ) ;
#4790 = CIRCLE ( 'NONE', #3589, 0.009499999999999994560 ) ;
#4791 = CARTESIAN_POINT ( 'NONE',  ( 0.02500000000000000486, 0.02350000000000000352, 0.02500000000000000139 ) ) ;
#4792 = FACE_OUTER_BOUND ( 'NONE', #4941, .T. ) ;
#4793 = DIRECTION ( 'NONE',  ( -0.000000000000000000, -1.000000000000000000, -0.000000000000000000 ) ) ;
#4794 = AXIS2_PLACEMENT_3D ( 'NONE', #1473, #2191, #1872 ) ;
#4795 = LINE ( 'NONE', #3995, #722 ) ;
#4796 = ORIENTED_EDGE ( 'NONE', *, *, #3562, .F. ) ;
#4797 = VERTEX_POINT ( 'NONE', #972 ) ;
#4798 = CYLINDRICAL_SURFACE ( 'NONE', #1496, 0.009499999999999994560 ) ;
#4799 = ORIENTED_EDGE ( 'NONE', *, *, #674, .F. ) ;
#4800 = ORIENTED_EDGE ( 'NONE', *, *, #3466, .T. ) ;
#4801 = CIRCLE ( 'NONE', #2629, 0.01850000000000000255 ) ;
#4802 = CARTESIAN_POINT ( 'NONE',  ( 0.02499999999999999098, 0.1565000000000000280, -0.02500000000000000139 ) ) ;
#4803 = EDGE_LOOP ( 'NONE', ( #3786, #1164 ) ) ;
#4804 = CARTESIAN_POINT ( 'NONE',  ( -0.07500000000000002498, 0.1565000000000000280, 0.02500000000000000139 ) ) ;
#4805 = LINE ( 'NONE', #878, #2346 ) ;
#4806 = DIRECTION ( 'NONE',  ( -0.000000000000000000, -1.000000000000000000, -0.000000000000000000 ) ) ;
#4807 = FACE_OUTER_BOUND ( 'NONE', #3111, .T. ) ;
#4808 = EDGE_CURVE ( 'NONE', #1702, #687, #2506, .T. ) ;
#4809 = DIRECTION ( 'NONE',  ( 0.000000000000000000, 1.000000000000000000, 0.000000000000000000 ) ) ;
#4810 = EDGE_LOOP ( 'NONE', ( #2117, #1588, #4504, #1101 ) ) ;
#4811 = SURFACE_STYLE_FILL_AREA ( #2251 ) ;
#4812 = CYLINDRICAL_SURFACE ( 'NONE', #261, 0.01749999999999999820 ) ;
#4813 = ORIENTED_EDGE ( 'NONE', *, *, #2414, .T. ) ;
#4814 = DIRECTION ( 'NONE',  ( 0.000000000000000000, 0.000000000000000000, 1.000000000000000000 ) ) ;
#4815 = ADVANCED_FACE ( 'NONE', ( #2601 ), #2156, .T. ) ;
#4816 = ADVANCED_FACE ( 'NONE', ( #4903 ), #4526, .T. ) ;
#4817 = EDGE_CURVE ( 'NONE', #604, #2361, #1530, .T. ) ;
#4818 = DIRECTION ( 'NONE',  ( -0.000000000000000000, -1.000000000000000000, -0.000000000000000000 ) ) ;
#4819 = UNCERTAINTY_MEASURE_WITH_UNIT (LENGTH_MEASURE( 1.000000000000000082E-05 ), #2175, 'distance_accuracy_value', 'NONE');
#4820 = FACE_OUTER_BOUND ( 'NONE', #4144, .T. ) ;
#4821 = VERTEX_POINT ( 'NONE', #1417 ) ;
#4822 = CARTESIAN_POINT ( 'NONE',  ( -0.08449999999999999178, 0.1260000000000000009, 0.02500000000000000139 ) ) ;
#4823 = EDGE_CURVE ( 'NONE', #2313, #2846, #2507, .T. ) ;
#4824 = VERTEX_POINT ( 'NONE', #4438 ) ;
#4825 = AXIS2_PLACEMENT_3D ( 'NONE', #4653, #3959, #2798 ) ;
#4826 = FACE_OUTER_BOUND ( 'NONE', #2953, .T. ) ;
#4827 = EDGE_LOOP ( 'NONE', ( #1461, #2919, #1877, #1122 ) ) ;
#4828 = DIRECTION ( 'NONE',  ( -0.000000000000000000, -1.000000000000000000, -0.000000000000000000 ) ) ;
#4829 = AXIS2_PLACEMENT_3D ( 'NONE', #4669, #395, #3501 ) ;
#4830 = CARTESIAN_POINT ( 'NONE',  ( 0.07499999999999999722, 0.01499999999999997689, -0.02500000000000000139 ) ) ;
#4831 = VERTEX_POINT ( 'NONE', #1087 ) ;
#4832 = DIRECTION ( 'NONE',  ( 0.000000000000000000, 1.000000000000000000, 0.000000000000000000 ) ) ;
#4833 = CIRCLE ( 'NONE', #1704, 0.009499999999999994560 ) ;
#4834 = CYLINDRICAL_SURFACE ( 'NONE', #2809, 0.01750000000000000167 ) ;
#4835 = VERTEX_POINT ( 'NONE', #3716 ) ;
#4836 = DIRECTION ( 'NONE',  ( -0.000000000000000000, -1.000000000000000000, -0.000000000000000000 ) ) ;
#4837 = CARTESIAN_POINT ( 'NONE',  ( -0.07499999999999999722, -1.707404996040164512E-17, -0.01149999999999999634 ) ) ;
#4838 = AXIS2_PLACEMENT_3D ( 'NONE', #1501, #4590, #416 ) ;
#4839 = CARTESIAN_POINT ( 'NONE',  ( 0.02500000000000001180, 0.01499999999999997689, -0.006499999999999997967 ) ) ;
#4840 = ADVANCED_FACE ( 'NONE', ( #3290, #2533 ), #1065, .F. ) ;
#4841 = EDGE_CURVE ( 'NONE', #548, #3505, #576, .T. ) ;
#4842 = ORIENTED_EDGE ( 'NONE', *, *, #3892, .F. ) ;
#4843 = DIRECTION ( 'NONE',  ( 0.000000000000000000, 1.000000000000000000, 0.000000000000000000 ) ) ;
#4844 = ORIENTED_EDGE ( 'NONE', *, *, #3922, .F. ) ;
#4845 = DIRECTION ( 'NONE',  ( -0.000000000000000000, -1.000000000000000000, -0.000000000000000000 ) ) ;
#4846 = EDGE_CURVE ( 'NONE', #1960, #839, #2998, .T. ) ;
#4847 = ORIENTED_EDGE ( 'NONE', *, *, #4817, .T. ) ;
#4849 = EDGE_LOOP ( 'NONE', ( #2667, #3420, #3219, #1029 ) ) ;
#4848 = CYLINDRICAL_SURFACE ( 'NONE', #3608, 0.01350000000000001026 ) ;
#4850 = SURFACE_STYLE_USAGE ( .BOTH. , #259 ) ;
#4851 = EDGE_CURVE ( 'NONE', #4686, #2384, #4154, .T. ) ;
#4852 = CIRCLE ( 'NONE', #514, 0.009499999999999994560 ) ;
#4853 = ORIENTED_EDGE ( 'NONE', *, *, #2269, .T. ) ;
#4854 = AXIS2_PLACEMENT_3D ( 'NONE', #2425, #2882, #3236 ) ;
#4855 = DIRECTION ( 'NONE',  ( 0.000000000000000000, 0.000000000000000000, -1.000000000000000000 ) ) ;
#4856 = DIRECTION ( 'NONE',  ( 0.000000000000000000, 0.000000000000000000, -1.000000000000000000 ) ) ;
#4857 = ORIENTED_EDGE ( 'NONE', *, *, #1886, .F. ) ;
#4858 = VERTEX_POINT ( 'NONE', #1044 ) ;
#4859 = AXIS2_PLACEMENT_3D ( 'NONE', #4830, #1838, #1414 ) ;
#4860 = CARTESIAN_POINT ( 'NONE',  ( -0.07499999999999999722, 0.02350000000000000352, 0.04249999999999999611 ) ) ;
#4861 = FACE_OUTER_BOUND ( 'NONE', #4765, .T. ) ;
#4862 = VECTOR ( 'NONE', #4731, 39.37007874015748143 ) ;
#4863 = VECTOR ( 'NONE', #2218, 39.37007874015748143 ) ;
#4864 = FILL_AREA_STYLE ('',( #3055 ) ) ;
#4865 = ORIENTED_EDGE ( 'NONE', *, *, #143, .T. ) ;
#4866 = AXIS2_PLACEMENT_3D ( 'NONE', #2588, #695, #4938 ) ;
#4867 = EDGE_CURVE ( 'NONE', #27, #1337, #1780, .T. ) ;
#4868 = STYLED_ITEM ( 'NONE', ( #4002 ), #272 ) ;
#4869 = DIRECTION ( 'NONE',  ( 0.000000000000000000, 0.000000000000000000, -1.000000000000000000 ) ) ;
#4870 = CIRCLE ( 'NONE', #2950, 0.01749999999999999820 ) ;
#4871 = ORIENTED_EDGE ( 'NONE', *, *, #3156, .T. ) ;
#4872 = CARTESIAN_POINT ( 'NONE',  ( 0.02500000000000000486, -1.707404996040164512E-17, 0.03850000000000001338 ) ) ;
#4873 = ADVANCED_FACE ( 'NONE', ( #686, #2576 ), #2622, .F. ) ;
#4874 = EDGE_CURVE ( 'NONE', #219, #1333, #3859, .T. ) ;
#4875 = EDGE_CURVE ( 'NONE', #1436, #826, #4654, .T. ) ;
#4876 = AXIS2_PLACEMENT_3D ( 'NONE', #349, #4503, #2951 ) ;
#4877 = VERTEX_POINT ( 'NONE', #3765 ) ;
#4878 = VECTOR ( 'NONE', #1251, 39.37007874015748143 ) ;
#4879 = CARTESIAN_POINT ( 'NONE',  ( 0.03449999999999998901, 0.1565000000000000280, -0.02500000000000000139 ) ) ;
#4880 = FACE_BOUND ( 'NONE', #2056, .T. ) ;
#4881 = ORIENTED_EDGE ( 'NONE', *, *, #2161, .F. ) ;
#4882 = CARTESIAN_POINT ( 'NONE',  ( -0.02499999999999999792, 0.1260000000000000009, 0.02500000000000000139 ) ) ;
#4883 = EDGE_LOOP ( 'NONE', ( #531, #4003 ) ) ;
#4884 = DIRECTION ( 'NONE',  ( -0.000000000000000000, -1.000000000000000000, -0.000000000000000000 ) ) ;
#4885 = SURFACE_STYLE_USAGE ( .BOTH. , #2981 ) ;
#4886 = CARTESIAN_POINT ( 'NONE',  ( 0.07499999999999999722, 0.02350000000000000352, -0.007500000000000003192 ) ) ;
#4887 = MANIFOLD_SOLID_BREP ( 'LPattern1[1]', #2128 ) ;
#4888 =( NAMED_UNIT ( * ) SI_UNIT ( $, .STERADIAN. ) SOLID_ANGLE_UNIT ( ) );
#4889 = ORIENTED_EDGE ( 'NONE', *, *, #2182, .T. ) ;
#4890 = CARTESIAN_POINT ( 'NONE',  ( -0.02499999999999999792, 0.01499999999999997689, -0.02500000000000000139 ) ) ;
#4891 = ORIENTED_EDGE ( 'NONE', *, *, #1681, .F. ) ;
#4892 = CIRCLE ( 'NONE', #2329, 0.01350000000000000679 ) ;
#4894 = ORIENTED_EDGE ( 'NONE', *, *, #3433, .F. ) ;
#4893 = DIRECTION ( 'NONE',  ( -0.000000000000000000, -1.000000000000000000, -0.000000000000000000 ) ) ;
#4895 =( CONVERSION_BASED_UNIT ( 'INCH', #1036 ) LENGTH_UNIT ( ) NAMED_UNIT ( #2829 ) );
#4896 = CIRCLE ( 'NONE', #2979, 0.009499999999999994560 ) ;
#4897 = SURFACE_STYLE_FILL_AREA ( #3759 ) ;
#4898 = EDGE_CURVE ( 'NONE', #1837, #1140, #309, .T. ) ;
#4899 = EDGE_CURVE ( 'NONE', #4724, #4586, #3503, .T. ) ;
#4900 = DIRECTION ( 'NONE',  ( -0.000000000000000000, -1.000000000000000000, -0.000000000000000000 ) ) ;
#4901 = DIRECTION ( 'NONE',  ( 0.000000000000000000, 0.000000000000000000, -1.000000000000000000 ) ) ;
#4902 = ORIENTED_EDGE ( 'NONE', *, *, #2355, .F. ) ;
#4903 = FACE_OUTER_BOUND ( 'NONE', #4281, .T. ) ;
#4904 = VECTOR ( 'NONE', #3123, 39.37007874015748143 ) ;
#4905 = ORIENTED_EDGE ( 'NONE', *, *, #1373, .T. ) ;
#4906 = ADVANCED_FACE ( 'NONE', ( #2343 ), #4216, .T. ) ;
#4907 = CARTESIAN_POINT ( 'NONE',  ( 0.07499999999999999722, 0.01499999999999997689, -0.02500000000000000139 ) ) ;
#4908 =( CONVERSION_BASED_UNIT ( 'INCH', #3720 ) LENGTH_UNIT ( ) NAMED_UNIT ( #4789 ) );
#4909 = DIRECTION ( 'NONE',  ( 0.000000000000000000, -1.000000000000000000, -0.000000000000000000 ) ) ;
#4910 = ADVANCED_FACE ( 'NONE', ( #3807 ), #3825, .T. ) ;
#4911 = VECTOR ( 'NONE', #136, 39.37007874015748143 ) ;
#4912 = VECTOR ( 'NONE', #1564, 39.37007874015748143 ) ;
#4913 = CARTESIAN_POINT ( 'NONE',  ( -0.07499999999999999722, 0.02350000000000000352, 0.04249999999999999611 ) ) ;
#4914 = ORIENTED_EDGE ( 'NONE', *, *, #439, .T. ) ;
#4915 = AXIS2_PLACEMENT_3D ( 'NONE', #4543, #3734, #2637 ) ;
#4916 = CARTESIAN_POINT ( 'NONE',  ( 0.06550000000000000266, 0.1565000000000000280, -0.02500000000000000139 ) ) ;
#4917 = ORIENTED_EDGE ( 'NONE', *, *, #214, .T. ) ;
#4919 = EDGE_LOOP ( 'NONE', ( #3887, #1152 ) ) ;
#4918 = LINE ( 'NONE', #278, #2377 ) ;
#4920 = CLOSED_SHELL ( 'NONE', ( #668, #4477, #954, #2485, #2665, #3883, #3094, #4873, #3553, #4965, #1490, #942, #4589, #1739, #3780, #2050, #3802, #3379, #2301 ) ) ;
#4921 = CARTESIAN_POINT ( 'NONE',  ( 0.07499999999999999722, 0.02350000000000000352, -0.007500000000000003192 ) ) ;
#4922 = CARTESIAN_POINT ( 'NONE',  ( 0.05650000000000000161, 0.008999999999999975034, 0.02500000000000000139 ) ) ;
#4923 = LINE ( 'NONE', #2267, #3359 ) ;
#4924 = CARTESIAN_POINT ( 'NONE',  ( -0.07499999999999999722, 0.02349999999999998618, 0.04250000000000000999 ) ) ;
#4925 = CYLINDRICAL_SURFACE ( 'NONE', #4876, 0.01850000000000000949 ) ;
#4926 = ORIENTED_EDGE ( 'NONE', *, *, #1807, .T. ) ;
#4927 = FACE_OUTER_BOUND ( 'NONE', #2704, .T. ) ;
#4928 = ADVANCED_FACE ( 'NONE', ( #2715 ), #2368, .T. ) ;
#4929 = ADVANCED_FACE ( 'NONE', ( #1560 ), #2668, .T. ) ;
#4930 = EDGE_LOOP ( 'NONE', ( #1509, #3729 ) ) ;
#4931 = CIRCLE ( 'NONE', #3745, 0.02149999999999999481 ) ;
#4932 = CARTESIAN_POINT ( 'NONE',  ( -0.07499999999999999722, 0.1260000000000000009, 0.03449999999999999595 ) ) ;
#4933 = EDGE_CURVE ( 'NONE', #3789, #633, #177, .T. ) ;
#4934 = EDGE_CURVE ( 'NONE', #4268, #3116, #2105, .T. ) ;
#4935 = VECTOR ( 'NONE', #3206, 39.37007874015748143 ) ;
#4936 = AXIS2_PLACEMENT_3D ( 'NONE', #4455, #3945, #3222 ) ;
#4937 = VECTOR ( 'NONE', #1591, 39.37007874015748143 ) ;
#4938 = DIRECTION ( 'NONE',  ( -1.000000000000000000, 0.000000000000000000, 0.000000000000000000 ) ) ;
#4939 = ORIENTED_EDGE ( 'NONE', *, *, #2721, .F. ) ;
#4940 = CARTESIAN_POINT ( 'NONE',  ( -0.07499999999999999722, 0.008999999999999975034, -0.006499999999999997967 ) ) ;
#4941 = EDGE_LOOP ( 'NONE', ( #2783, #321, #2042, #3652 ) ) ;
#4942 = VECTOR ( 'NONE', #1271, 39.37007874015748143 ) ;
#4944 = ORIENTED_EDGE ( 'NONE', *, *, #4867, .T. ) ;
#4943 = DIRECTION ( 'NONE',  ( 0.000000000000000000, 0.000000000000000000, -1.000000000000000000 ) ) ;
#4945 = DIRECTION ( 'NONE',  ( -0.000000000000000000, -1.000000000000000000, -0.000000000000000000 ) ) ;
#4946 = MECHANICAL_DESIGN_GEOMETRIC_PRESENTATION_REPRESENTATION (  '', ( #364 ), #697 ) ;
#4947 = DIRECTION ( 'NONE',  ( 0.000000000000000000, 0.000000000000000000, -1.000000000000000000 ) ) ;
#4948 = CIRCLE ( 'NONE', #1425, 0.01750000000000000513 ) ;
#4949 = CARTESIAN_POINT ( 'NONE',  ( -0.02499999999999999792, 0.01499999999999997689, -0.02500000000000000139 ) ) ;
#4950 = CIRCLE ( 'NONE', #3284, 0.01850000000000000949 ) ;
#4951 = CYLINDRICAL_SURFACE ( 'NONE', #233, 0.01850000000000000255 ) ;
#4952 = EDGE_LOOP ( 'NONE', ( #1112, #3965 ) ) ;
#4953 = DIRECTION ( 'NONE',  ( 1.000000000000000000, 0.000000000000000000, 0.000000000000000000 ) ) ;
#4954 = ORIENTED_EDGE ( 'NONE', *, *, #4058, .F. ) ;
#4955 = CIRCLE ( 'NONE', #2703, 0.02149999999999999481 ) ;
#4956 = EDGE_CURVE ( 'NONE', #1651, #3276, #1587, .T. ) ;
#4957 = CARTESIAN_POINT ( 'NONE',  ( 0.02500000000000000486, 0.008999999999999975034, 0.02500000000000000139 ) ) ;
#4958 = DIRECTION ( 'NONE',  ( -0.000000000000000000, -1.000000000000000000, -0.000000000000000000 ) ) ;
#4959 = EDGE_CURVE ( 'NONE', #1840, #3928, #4112, .T. ) ;
#4960 = EDGE_CURVE ( 'NONE', #882, #4514, #3389, .T. ) ;
#4961 = ADVANCED_FACE ( 'NONE', ( #1202 ), #3407, .T. ) ;
#4962 = PLANE ( 'NONE',  #4622 ) ;
#4963 = ORIENTED_EDGE ( 'NONE', *, *, #3590, .F. ) ;
#4964 = CARTESIAN_POINT ( 'NONE',  ( 0.07499999999999999722, 0.1260000000000000009, 0.02500000000000000139 ) ) ;
#4965 = ADVANCED_FACE ( 'NONE', ( #3480, #4927 ), #4621, .F. ) ;
#4966 = EDGE_LOOP ( 'NONE', ( #410, #1975, #3429, #3680 ) ) ;
#4968 = ORIENTED_EDGE ( 'NONE', *, *, #2784, .T. ) ;
#4967 = CARTESIAN_POINT ( 'NONE',  ( -0.03850000000000000644, -1.707404996040164512E-17, 0.02500000000000000139 ) ) ;
#4969 = ORIENTED_EDGE ( 'NONE', *, *, #911, .T. ) ;
#4970 = ORIENTED_EDGE ( 'NONE', *, *, #513, .F. ) ;
#4971 = DIRECTION ( 'NONE',  ( 0.000000000000000000, 1.000000000000000000, 0.000000000000000000 ) ) ;
#4972 = CARTESIAN_POINT ( 'NONE',  ( 0.02500000000000000486, -1.707404996040164512E-17, 0.02500000000000000139 ) ) ;
#4973 =( NAMED_UNIT ( * ) SI_UNIT ( $, .STERADIAN. ) SOLID_ANGLE_UNIT ( ) );
#4974 = VECTOR ( 'NONE', #4189, 39.37007874015748143 ) ;
#4975 = CIRCLE ( 'NONE', #2810, 0.02150000000000000175 ) ;
#4976 = FACE_OUTER_BOUND ( 'NONE', #1562, .T. ) ;
#4977 = ORIENTED_EDGE ( 'NONE', *, *, #1783, .T. ) ;
#4978 = CARTESIAN_POINT ( 'NONE',  ( -0.02499999999999999792, -1.707404996040164512E-17, -0.02500000000000000139 ) ) ;
#4979 = VECTOR ( 'NONE', #3081, 39.37007874015748143 ) ;
ENDSEC;
END-ISO-10303-21;
