ISO-10303-21;
HEADER;
FILE_DESCRIPTION (( 'STEP AP214' ),
    '1' );
FILE_NAME ('06031U160FAT2A.STEP',
    '2025-08-05T07:08:12',
    ( 'LENOVO' ),
    ( '' ),
    'SwSTEP 2.0',
    'SolidWorks 2021',
    '' );
FILE_SCHEMA (( 'AUTOMOTIVE_DESIGN' ));
ENDSEC;

DATA;
#1 = FACE_OUTER_BOUND ( 'NONE', #730, .T. ) ;
#2 = CARTESIAN_POINT ( 'NONE',  ( 500000.0000000000582, 0.8699999999999999956, 0.3666666666232984984 ) ) ;
#3 = CIRCLE ( 'NONE', #555, 0.02666666666666664756 ) ;
#4 = CARTESIAN_POINT ( 'NONE',  ( -0.7599999999999997868, 0.8699999999999999956, 0.3799999999999999489 ) ) ;
#5 = CARTESIAN_POINT ( 'NONE',  ( 0.5099999999999998979, 0.03999999999999999389, -0.3399999999999998579 ) ) ;
#6 = DIRECTION ( 'NONE',  ( 1.000000000000000000, -0.000000000000000000, -1.426581805901979882E-16 ) ) ;
#7 = EDGE_CURVE ( 'NONE', #741, #852, #864, .T. ) ;
#8 = CIRCLE ( 'NONE', #1389, 0.02666666666666664756 ) ;
#9 = STYLED_ITEM ( 'NONE', ( #583 ), #1269 ) ;
#10 = ADVANCED_FACE ( 'NONE', ( #1300 ), #1292, .T. ) ;
#11 = LINE ( 'NONE', #684, #452 ) ;
#12 = CARTESIAN_POINT ( 'NONE',  ( 500000.0000000000582, 0.8699999999999999956, 0.3399999999566317710 ) ) ;
#13 = CARTESIAN_POINT ( 'NONE',  ( 0.5099999999999998979, 0.8699999999999999956, -0.3799999999999998379 ) ) ;
#14 = FACE_OUTER_BOUND ( 'NONE', #249, .T. ) ;
#15 = CARTESIAN_POINT ( 'NONE',  ( 0.5099999999999997868, 0.03999999999999999389, 0.3799999999999999489 ) ) ;
#16 = DIRECTION ( 'NONE',  ( 0.000000000000000000, 0.000000000000000000, 1.000000000000000000 ) ) ;
#17 = CARTESIAN_POINT ( 'NONE',  ( -0.7199999999999998623, 0.8699999999999999956, 0.3399999999999999689 ) ) ;
#18 = LINE ( 'NONE', #359, #47 ) ;
#19 = CIRCLE ( 'NONE', #1022, 0.03999999999999999389 ) ;
#20 = APPLICATION_CONTEXT ( 'automotive_design' ) ;
#21 = EDGE_CURVE ( 'NONE', #654, #1129, #343, .T. ) ;
#22 = FACE_OUTER_BOUND ( 'NONE', #708, .T. ) ;
#23 = DIRECTION ( 'NONE',  ( -1.000000000000000000, -0.000000000000000000, 8.673617379884037937E-17 ) ) ;
#24 = CARTESIAN_POINT ( 'NONE',  ( -0.5099999999999998979, 0.8699999999999999956, 0.3666666666666665853 ) ) ;
#25 = CYLINDRICAL_SURFACE ( 'NONE', #941, 0.03999999999999999389 ) ;
#26 = FILL_AREA_STYLE_COLOUR ( '', #1326 ) ;
#27 = STYLED_ITEM ( 'NONE', ( #1077 ), #479 ) ;
#28 = EDGE_CURVE ( 'NONE', #658, #691, #923, .T. ) ;
#29 = CARTESIAN_POINT ( 'NONE',  ( -0.7199999999999999734, 0.8699999999999999956, -0.3399999999999998579 ) ) ;
#30 = LINE ( 'NONE', #1391, #508 ) ;
#31 = EDGE_CURVE ( 'NONE', #782, #1156, #401, .T. ) ;
#32 = CARTESIAN_POINT ( 'NONE',  ( -0.7599999999999998979, 0.9100000000000000311, -0.3399999999999998579 ) ) ;
#33 = VECTOR ( 'NONE', #504, 1000.000000000000000 ) ;
#34 = AXIS2_PLACEMENT_3D ( 'NONE', #992, #1323, #663 ) ;
#35 = DIRECTION ( 'NONE',  ( 1.000000000000000000, 0.000000000000000000, -1.426581805901979882E-16 ) ) ;
#36 =( NAMED_UNIT ( * ) PLANE_ANGLE_UNIT ( ) SI_UNIT ( $, .RADIAN. ) );
#37 = VECTOR ( 'NONE', #261, 1000.000000000000000 ) ;
#38 = SURFACE_STYLE_USAGE ( .BOTH. , #1352 ) ;
#39 = CYLINDRICAL_SURFACE ( 'NONE', #952, 0.03999999999999999389 ) ;
#40 = SURFACE_SIDE_STYLE ('',( #1346 ) ) ;
#41 = VECTOR ( 'NONE', #602, 1000.000000000000000 ) ;
#42 = PLANE ( 'NONE',  #1035 ) ;
#43 = EDGE_CURVE ( 'NONE', #698, #658, #899, .T. ) ;
#44 =( NAMED_UNIT ( * ) SI_UNIT ( $, .STERADIAN. ) SOLID_ANGLE_UNIT ( ) );
#45 = LINE ( 'NONE', #61, #964 ) ;
#46 = DIRECTION ( 'NONE',  ( 0.000000000000000000, -0.000000000000000000, 1.000000000000000000 ) ) ;
#47 = VECTOR ( 'NONE', #464, 1000.000000000000000 ) ;
#48 = AXIS2_PLACEMENT_3D ( 'NONE', #1099, #1327, #987 ) ;
#49 = EDGE_CURVE ( 'NONE', #1278, #725, #1375, .T. ) ;
#50 = EDGE_CURVE ( 'NONE', #1195, #725, #355, .T. ) ;
#51 = CARTESIAN_POINT ( 'NONE',  ( 0.7199999999999998623, 0.8699999999999999956, 0.3399999999999999689 ) ) ;
#52 = FACE_OUTER_BOUND ( 'NONE', #375, .T. ) ;
#53 = DIRECTION ( 'NONE',  ( 0.000000000000000000, -1.000000000000000000, 0.000000000000000000 ) ) ;
#54 = PRESENTATION_LAYER_ASSIGNMENT (  '', '', ( #536 ) ) ;
#55 = FACE_OUTER_BOUND ( 'NONE', #176, .T. ) ;
#56 = PRODUCT_CONTEXT ( 'NONE', #20, 'mechanical' ) ;
#57 = LINE ( 'NONE', #1356, #33 ) ;
#58 = MECHANICAL_DESIGN_GEOMETRIC_PRESENTATION_REPRESENTATION (  '', ( #982 ), #656 ) ;
#59 = CARTESIAN_POINT ( 'NONE',  ( 500000.0000000000582, 0.03999999999999999389, -0.3400000000433680558 ) ) ;
#60 = VECTOR ( 'NONE', #969, 1000.000000000000000 ) ;
#61 = CARTESIAN_POINT ( 'NONE',  ( -0.5099999999999998979, 0.03999999999999999389, -0.3666666666666665853 ) ) ;
#62 = SPHERICAL_SURFACE ( 'NONE', #1330, 0.04000000000000000083 ) ;
#63 = EDGE_CURVE ( 'NONE', #1228, #158, #366, .T. ) ;
#64 = DIRECTION ( 'NONE',  ( 0.000000000000000000, -1.000000000000000000, 0.000000000000000000 ) ) ;
#65 = CARTESIAN_POINT ( 'NONE',  ( 0.7599999999999997868, 0.03999999999999999389, 0.3399999999999999689 ) ) ;
#66 = EDGE_CURVE ( 'NONE', #1156, #658, #914, .T. ) ;
#67 = CARTESIAN_POINT ( 'NONE',  ( -0.7199999999999999734, 0.04000000000000000083, -0.3399999999999998579 ) ) ;
#68 = PRESENTATION_LAYER_ASSIGNMENT (  '', '', ( #389 ) ) ;
#69 = DIRECTION ( 'NONE',  ( -0.000000000000000000, -0.000000000000000000, 1.000000000000000000 ) ) ;
#70 = CARTESIAN_POINT ( 'NONE',  ( 0.5099999999999998979, 0.9100000000000000311, -0.3799999999999998379 ) ) ;
#71 = CARTESIAN_POINT ( 'NONE',  ( 0.7199999999999999734, 0.8699999999999999956, 1.027138900249425480E-16 ) ) ;
#72 = SURFACE_SIDE_STYLE ('',( #1382 ) ) ;
#73 = AXIS2_PLACEMENT_3D ( 'NONE', #1096, #685, #808 ) ;
#74 =( NAMED_UNIT ( * ) SI_UNIT ( $, .STERADIAN. ) SOLID_ANGLE_UNIT ( ) );
#75 = VECTOR ( 'NONE', #636, 1000.000000000000000 ) ;
#76 = UNCERTAINTY_MEASURE_WITH_UNIT (LENGTH_MEASURE( 1.000000000000000082E-05 ), #524, 'distance_accuracy_value', 'NONE');
#77 = LINE ( 'NONE', #1014, #965 ) ;
#78 = CARTESIAN_POINT ( 'NONE',  ( -0.7199999999999999734, 0.03999999999999999389, -0.3799999999999998379 ) ) ;
#79 = CIRCLE ( 'NONE', #719, 0.02666666666666669960 ) ;
#80 = PLANE ( 'NONE',  #328 ) ;
#81 = SURFACE_SIDE_STYLE ('',( #470 ) ) ;
#82 = DIRECTION ( 'NONE',  ( 0.000000000000000000, 0.000000000000000000, 1.000000000000000000 ) ) ;
#83 = DIRECTION ( 'NONE',  ( -1.426581805901979882E-16, -0.000000000000000000, -1.000000000000000000 ) ) ;
#84 = CYLINDRICAL_SURFACE ( 'NONE', #345, 0.03999999999999999389 ) ;
#85 = EDGE_CURVE ( 'NONE', #654, #301, #392, .T. ) ;
#86 = DIRECTION ( 'NONE',  ( 1.426581805901979882E-16, -0.000000000000000000, -1.000000000000000000 ) ) ;
#87 = SURFACE_SIDE_STYLE ('',( #483 ) ) ;
#88 = ADVANCED_FACE ( 'NONE', ( #1351 ), #387, .T. ) ;
#89 = AXIS2_PLACEMENT_3D ( 'NONE', #894, #560, #996 ) ;
#90 = EDGE_CURVE ( 'NONE', #1129, #1190, #1379, .T. ) ;
#91 = DIRECTION ( 'NONE',  ( 0.000000000000000000, 0.000000000000000000, 1.000000000000000000 ) ) ;
#92 = CIRCLE ( 'NONE', #73, 0.03999999999999999389 ) ;
#93 = AXIS2_PLACEMENT_3D ( 'NONE', #919, #1111, #250 ) ;
#94 = CIRCLE ( 'NONE', #889, 0.03999999999999999389 ) ;
#95 = ADVANCED_FACE ( 'NONE', ( #884 ), #1255, .F. ) ;
#96 = FACE_OUTER_BOUND ( 'NONE', #1127, .T. ) ;
#97 = CARTESIAN_POINT ( 'NONE',  ( 0.5100000001334592525, 0.01333333333333333245, -0.3399999999999998024 ) ) ;
#98 = VECTOR ( 'NONE', #1174, 1000.000000000000000 ) ;
#99 = CARTESIAN_POINT ( 'NONE',  ( -0.5099999999999998979, 0.03999999999999999389, -0.3799999999999998379 ) ) ;
#100 = PLANE ( 'NONE',  #621 ) ;
#101 = SURFACE_SIDE_STYLE ('',( #358 ) ) ;
#102 = EDGE_CURVE ( 'NONE', #230, #837, #918, .T. ) ;
#103 = VECTOR ( 'NONE', #339, 1000.000000000000000 ) ;
#104 = VECTOR ( 'NONE', #776, 1000.000000000000000 ) ;
#105 = SURFACE_STYLE_USAGE ( .BOTH. , #993 ) ;
#106 = AXIS2_PLACEMENT_3D ( 'NONE', #116, #344, #991 ) ;
#107 = DIRECTION ( 'NONE',  ( -1.426581805901979882E-16, -0.000000000000000000, -1.000000000000000000 ) ) ;
#108 = CIRCLE ( 'NONE', #647, 0.03999999999999999389 ) ;
#109 = CARTESIAN_POINT ( 'NONE',  ( -0.5099999999999997868, 0.8699999999999999956, 0.3799999999999999489 ) ) ;
#110 = MECHANICAL_DESIGN_GEOMETRIC_PRESENTATION_REPRESENTATION (  '', ( #805 ), #353 ) ;
#111 = DIRECTION ( 'NONE',  ( 0.000000000000000000, 0.000000000000000000, 1.000000000000000000 ) ) ;
#112 = SPHERICAL_SURFACE ( 'NONE', #599, 0.04000000000000000083 ) ;
#113 = MECHANICAL_DESIGN_GEOMETRIC_PRESENTATION_REPRESENTATION (  '', ( #1277 ), #384 ) ;
#114 = COLOUR_RGB ( '',0.4862745098039215619, 0.2352941176470588203, 0.01568627450980392135 ) ;
#115 = LINE ( 'NONE', #149, #578 ) ;
#116 = CARTESIAN_POINT ( 'NONE',  ( 0.7599999999999997868, 0.9100000000000000311, 0.3799999999999999489 ) ) ;
#117 = CARTESIAN_POINT ( 'NONE',  ( -0.7599999999999998979, 0.8699999999999999956, -0.3799999999999998379 ) ) ;
#118 = EDGE_CURVE ( 'NONE', #833, #192, #879, .T. ) ;
#119 = ADVANCED_FACE ( 'NONE', ( #905 ), #1357, .T. ) ;
#120 = CIRCLE ( 'NONE', #1125, 0.02666666666666669960 ) ;
#121 = CARTESIAN_POINT ( 'NONE',  ( 0.5099999999999998979, 0.000000000000000000, -0.3799999999999998379 ) ) ;
#122 = PRODUCT_RELATED_PRODUCT_CATEGORY ( 'part', '', ( #1270 ) ) ;
#123 = COLOUR_RGB ( '',0.4862745098039215619, 0.2352941176470588203, 0.01568627450980392135 ) ;
#124 = DIRECTION ( 'NONE',  ( 0.000000000000000000, 0.000000000000000000, -1.000000000000000000 ) ) ;
#125 = APPLICATION_PROTOCOL_DEFINITION ( 'draft international standard', 'automotive_design', 1998, #20 ) ;
#126 =( NAMED_UNIT ( * ) SI_UNIT ( $, .STERADIAN. ) SOLID_ANGLE_UNIT ( ) );
#127 = AXIS2_PLACEMENT_3D ( 'NONE', #819, #236, #1191 ) ;
#128 = CARTESIAN_POINT ( 'NONE',  ( 0.7199999999999999734, 0.04000000000000000083, -0.3399999999999998579 ) ) ;
#129 = CARTESIAN_POINT ( 'NONE',  ( -0.7199999999999999734, 0.000000000000000000, 1.027138900249425480E-16 ) ) ;
#130 = DIRECTION ( 'NONE',  ( -0.000000000000000000, 1.000000000000000000, -0.000000000000000000 ) ) ;
#131 = EDGE_LOOP ( 'NONE', ( #624, #348, #842, #198 ) ) ;
#132 = ORIENTED_EDGE ( 'NONE', *, *, #102, .T. ) ;
#133 = DIRECTION ( 'NONE',  ( -1.000000000000000000, -0.000000000000000000, 8.673617379884037937E-17 ) ) ;
#134 = CARTESIAN_POINT ( 'NONE',  ( -0.7199999999999999734, 0.8699999999999999956, -0.3399999999999998579 ) ) ;
#135 = ORIENTED_EDGE ( 'NONE', *, *, #580, .F. ) ;
#136 = DIRECTION ( 'NONE',  ( -1.000000000000000000, 0.000000000000000000, 0.000000000000000000 ) ) ;
#137 = ORIENTED_EDGE ( 'NONE', *, *, #49, .T. ) ;
#138 = AXIS2_PLACEMENT_3D ( 'NONE', #481, #911, #1132 ) ;
#139 = EDGE_CURVE ( 'NONE', #1073, #852, #880, .T. ) ;
#140 = ORIENTED_EDGE ( 'NONE', *, *, #148, .F. ) ;
#141 = ORIENTED_EDGE ( 'NONE', *, *, #165, .T. ) ;
#142 = ORIENTED_EDGE ( 'NONE', *, *, #90, .F. ) ;
#143 = DIRECTION ( 'NONE',  ( 1.426581805901979882E-16, -0.000000000000000000, 1.000000000000000000 ) ) ;
#144 = CYLINDRICAL_SURFACE ( 'NONE', #1176, 0.02666666666666664756 ) ;
#145 = EDGE_LOOP ( 'NONE', ( #734, #351, #799, #1142 ) ) ;
#146 = PLANE ( 'NONE',  #397 ) ;
#147 = ORIENTED_EDGE ( 'NONE', *, *, #801, .F. ) ;
#148 = EDGE_CURVE ( 'NONE', #301, #273, #405, .T. ) ;
#149 = CARTESIAN_POINT ( 'NONE',  ( 0.000000000000000000, 0.000000000000000000, 0.3399999999999999689 ) ) ;
#150 = DIRECTION ( 'NONE',  ( -1.426581805901979882E-16, 0.000000000000000000, 1.000000000000000000 ) ) ;
#151 = AXIS2_PLACEMENT_3D ( 'NONE', #943, #939, #482 ) ;
#152 = EDGE_CURVE ( 'NONE', #1156, #1228, #421, .T. ) ;
#153 = ORIENTED_EDGE ( 'NONE', *, *, #180, .T. ) ;
#154 = DIRECTION ( 'NONE',  ( -1.000000000000000000, -0.000000000000000000, 8.673617379884037937E-17 ) ) ;
#155 = DIRECTION ( 'NONE',  ( 0.000000000000000000, 1.000000000000000000, 0.000000000000000000 ) ) ;
#156 = ORIENTED_EDGE ( 'NONE', *, *, #929, .T. ) ;
#157 = AXIS2_PLACEMENT_3D ( 'NONE', #1152, #1141, #496 ) ;
#158 = VERTEX_POINT ( 'NONE', #774 ) ;
#159 = FILL_AREA_STYLE_COLOUR ( '', #623 ) ;
#160 = ORIENTED_EDGE ( 'NONE', *, *, #600, .T. ) ;
#161 = DIRECTION ( 'NONE',  ( 0.000000000000000000, 0.000000000000000000, -1.000000000000000000 ) ) ;
#162 = ORIENTED_EDGE ( 'NONE', *, *, #610, .T. ) ;
#163 = DIRECTION ( 'NONE',  ( -1.000000000000000000, 0.000000000000000000, 0.000000000000000000 ) ) ;
#164 = ORIENTED_EDGE ( 'NONE', *, *, #668, .F. ) ;
#165 = EDGE_CURVE ( 'NONE', #158, #1210, #1344, .T. ) ;
#166 = ORIENTED_EDGE ( 'NONE', *, *, #1211, .T. ) ;
#167 = CARTESIAN_POINT ( 'NONE',  ( -0.5099999999999998979, 0.8966666666666667229, -0.3399999999999999134 ) ) ;
#168 = ORIENTED_EDGE ( 'NONE', *, *, #85, .T. ) ;
#169 = AXIS2_PLACEMENT_3D ( 'NONE', #1221, #1133, #1262 ) ;
#170 = ORIENTED_EDGE ( 'NONE', *, *, #1232, .F. ) ;
#171 = CARTESIAN_POINT ( 'NONE',  ( 0.7199999999999999734, 0.03999999999999999389, -0.3799999999999998379 ) ) ;
#172 = ORIENTED_EDGE ( 'NONE', *, *, #1347, .F. ) ;
#173 = PRESENTATION_LAYER_ASSIGNMENT (  '', '', ( #528 ) ) ;
#174 = ORIENTED_EDGE ( 'NONE', *, *, #1406, .F. ) ;
#175 = CARTESIAN_POINT ( 'NONE',  ( -0.7199999999999998623, 0.8699999999999999956, 0.3399999999999999689 ) ) ;
#176 = EDGE_LOOP ( 'NONE', ( #1261, #1104, #1153, #222 ) ) ;
#177 = EDGE_LOOP ( 'NONE', ( #810, #1243, #310 ) ) ;
#178 = CARTESIAN_POINT ( 'NONE',  ( -0.7599999999999998979, 0.9100000000000000311, -0.3799999999999998379 ) ) ;
#179 = VERTEX_POINT ( 'NONE', #687 ) ;
#180 = EDGE_CURVE ( 'NONE', #246, #835, #390, .T. ) ;
#181 = FILL_AREA_STYLE_COLOUR ( '', #891 ) ;
#182 = SURFACE_STYLE_USAGE ( .BOTH. , #81 ) ;
#183 = AXIS2_PLACEMENT_3D ( 'NONE', #1095, #659, #1212 ) ;
#184 = ORIENTED_EDGE ( 'NONE', *, *, #1347, .T. ) ;
#185 = PRODUCT_DEFINITION_CONTEXT ( 'detailed design', #915, 'design' ) ;
#186 = DIRECTION ( 'NONE',  ( 0.000000000000000000, 0.000000000000000000, 1.000000000000000000 ) ) ;
#187 = CARTESIAN_POINT ( 'NONE',  ( -0.7199999999999998623, 0.03999999999999999389, 0.3399999999999999689 ) ) ;
#188 = VERTEX_POINT ( 'NONE', #350 ) ;
#189 = ORIENTED_EDGE ( 'NONE', *, *, #152, .T. ) ;
#190 = DIRECTION ( 'NONE',  ( 1.000000000000000000, 0.000000000000000000, 1.426581805901979882E-16 ) ) ;
#191 =( NAMED_UNIT ( * ) PLANE_ANGLE_UNIT ( ) SI_UNIT ( $, .RADIAN. ) );
#192 = VERTEX_POINT ( 'NONE', #13 ) ;
#193 = PRESENTATION_LAYER_ASSIGNMENT (  '', '', ( #640 ) ) ;
#194 = ADVANCED_FACE ( 'NONE', ( #1363 ), #422, .T. ) ;
#195 = ORIENTED_EDGE ( 'NONE', *, *, #66, .F. ) ;
#196 = DIRECTION ( 'NONE',  ( -1.000000000000000000, 0.000000000000000000, -1.426581805901979882E-16 ) ) ;
#197 = DIRECTION ( 'NONE',  ( 0.000000000000000000, 0.000000000000000000, -1.000000000000000000 ) ) ;
#198 = ORIENTED_EDGE ( 'NONE', *, *, #909, .F. ) ;
#199 = ADVANCED_FACE ( 'NONE', ( #1367 ), #928, .F. ) ;
#200 = EDGE_LOOP ( 'NONE', ( #1266, #770, #785, #294 ) ) ;
#201 = DIRECTION ( 'NONE',  ( 0.000000000000000000, 0.000000000000000000, 1.000000000000000000 ) ) ;
#202 = ORIENTED_EDGE ( 'NONE', *, *, #1390, .F. ) ;
#203 = AXIS2_PLACEMENT_3D ( 'NONE', #1188, #531, #1162 ) ;
#204 = AXIS2_PLACEMENT_3D ( 'NONE', #51, #260, #269 ) ;
#205 = EDGE_CURVE ( 'NONE', #1306, #698, #396, .T. ) ;
#206 = ORIENTED_EDGE ( 'NONE', *, *, #503, .F. ) ;
#207 = CARTESIAN_POINT ( 'NONE',  ( -0.7599999999999997868, 0.8699999999999999956, 0.3399999999999999689 ) ) ;
#208 = PLANE ( 'NONE',  #1257 ) ;
#209 = ADVANCED_FACE ( 'NONE', ( #910 ), #1008, .F. ) ;
#210 = EDGE_LOOP ( 'NONE', ( #278, #1065, #302 ) ) ;
#211 = AXIS2_PLACEMENT_3D ( 'NONE', #535, #853, #718 ) ;
#212 = EDGE_LOOP ( 'NONE', ( #206, #674, #1124, #763 ) ) ;
#213 =( NAMED_UNIT ( * ) PLANE_ANGLE_UNIT ( ) SI_UNIT ( $, .RADIAN. ) );
#214 = VERTEX_POINT ( 'NONE', #1025 ) ;
#215 = DIRECTION ( 'NONE',  ( 0.000000000000000000, 0.000000000000000000, 1.000000000000000000 ) ) ;
#216 = ORIENTED_EDGE ( 'NONE', *, *, #442, .T. ) ;
#217 = DIRECTION ( 'NONE',  ( 1.000000000000000000, 0.000000000000000000, 1.426581805901979882E-16 ) ) ;
#218 = CARTESIAN_POINT ( 'NONE',  ( 0.7599999999999998979, 0.03999999999999999389, -0.3399999999999998579 ) ) ;
#219 = ORIENTED_EDGE ( 'NONE', *, *, #226, .F. ) ;
#220 = EDGE_CURVE ( 'NONE', #272, #715, #415, .T. ) ;
#221 = ADVANCED_FACE ( 'NONE', ( #400 ), #408, .T. ) ;
#222 = ORIENTED_EDGE ( 'NONE', *, *, #1406, .T. ) ;
#223 = CARTESIAN_POINT ( 'NONE',  ( -0.7199999999999999734, 0.000000000000000000, -0.3399999999999998579 ) ) ;
#224 = AXIS2_PLACEMENT_3D ( 'NONE', #67, #1021, #1115 ) ;
#225 = ORIENTED_EDGE ( 'NONE', *, *, #50, .F. ) ;
#226 = EDGE_CURVE ( 'NONE', #861, #782, #901, .T. ) ;
#227 = ORIENTED_EDGE ( 'NONE', *, *, #1308, .F. ) ;
#228 = CARTESIAN_POINT ( 'NONE',  ( -0.7199999999999998623, 0.8699999999999999956, 0.3399999999999999689 ) ) ;
#229 = PRESENTATION_LAYER_ASSIGNMENT (  '', '', ( #424 ) ) ;
#230 = VERTEX_POINT ( 'NONE', #570 ) ;
#231 = CARTESIAN_POINT ( 'NONE',  ( -0.5099999999999997868, 0.9100000000000000311, 0.3399999999999999689 ) ) ;
#232 = ORIENTED_EDGE ( 'NONE', *, *, #778, .F. ) ;
#233 = CARTESIAN_POINT ( 'NONE',  ( 500000.0000000000582, 0.8699999999999999956, -0.3666666667100347277 ) ) ;
#234 = ORIENTED_EDGE ( 'NONE', *, *, #240, .F. ) ;
#235 = DIRECTION ( 'NONE',  ( 0.000000000000000000, 0.000000000000000000, 1.000000000000000000 ) ) ;
#236 = DIRECTION ( 'NONE',  ( 1.000000000000000000, 0.000000000000000000, -8.673617379884036705E-17 ) ) ;
#237 = ORIENTED_EDGE ( 'NONE', *, *, #735, .T. ) ;
#238 = DIRECTION ( 'NONE',  ( 1.000000000000000000, 0.000000000000000000, -8.673617379884036705E-17 ) ) ;
#239 = CARTESIAN_POINT ( 'NONE',  ( -0.7199999999999999734, 0.8699999999999999956, -0.3399999999999998579 ) ) ;
#240 = EDGE_CURVE ( 'NONE', #1312, #815, #1340, .T. ) ;
#241 = ORIENTED_EDGE ( 'NONE', *, *, #1066, .F. ) ;
#242 = DIRECTION ( 'NONE',  ( 0.000000000000000000, -1.000000000000000000, 0.000000000000000000 ) ) ;
#243 = VERTEX_POINT ( 'NONE', #1086 ) ;
#244 = MANIFOLD_SOLID_BREP ( 'Mirror2', #1241 ) ;
#245 = CARTESIAN_POINT ( 'NONE',  ( 0.7199999999999999734, 0.8699999999999999956, -0.3799999999999998379 ) ) ;
#246 = VERTEX_POINT ( 'NONE', #754 ) ;
#247 =( NAMED_UNIT ( * ) PLANE_ANGLE_UNIT ( ) SI_UNIT ( $, .RADIAN. ) );
#248 = DIRECTION ( 'NONE',  ( 0.000000000000000000, -1.000000000000000000, 0.000000000000000000 ) ) ;
#249 = EDGE_LOOP ( 'NONE', ( #824, #641, #333, #1150 ) ) ;
#250 = DIRECTION ( 'NONE',  ( 0.000000000000000000, -0.000000000000000000, 1.000000000000000000 ) ) ;
#251 = MECHANICAL_DESIGN_GEOMETRIC_PRESENTATION_REPRESENTATION (  '', ( #640 ), #509 ) ;
#252 = UNCERTAINTY_MEASURE_WITH_UNIT (LENGTH_MEASURE( 1.000000000000000082E-05 ), #859, 'distance_accuracy_value', 'NONE');
#253 = EDGE_LOOP ( 'NONE', ( #1110, #141, #806 ) ) ;
#254 = EDGE_LOOP ( 'NONE', ( #266, #717, #325, #327 ) ) ;
#255 = ORIENTED_EDGE ( 'NONE', *, *, #543, .T. ) ;
#256 = ORIENTED_EDGE ( 'NONE', *, *, #551, .T. ) ;
#257 = EDGE_CURVE ( 'NONE', #741, #782, #1319, .T. ) ;
#258 =( GEOMETRIC_REPRESENTATION_CONTEXT ( 3 ) GLOBAL_UNCERTAINTY_ASSIGNED_CONTEXT ( ( #897 ) ) GLOBAL_UNIT_ASSIGNED_CONTEXT ( ( #568, #926, #44 ) ) REPRESENTATION_CONTEXT ( 'NONE', 'WORKASPACE' ) );
#259 = ORIENTED_EDGE ( 'NONE', *, *, #1126, .F. ) ;
#260 = DIRECTION ( 'NONE',  ( -0.000000000000000000, -1.000000000000000000, -0.000000000000000000 ) ) ;
#261 = DIRECTION ( 'NONE',  ( -1.426581805901979882E-16, 0.000000000000000000, 1.000000000000000000 ) ) ;
#262 = ORIENTED_EDGE ( 'NONE', *, *, #566, .T. ) ;
#263 = ORIENTED_EDGE ( 'NONE', *, *, #476, .T. ) ;
#264 = DIRECTION ( 'NONE',  ( -1.000000000000000000, -0.000000000000000000, 8.673617379884037937E-17 ) ) ;
#265 = DIRECTION ( 'NONE',  ( -1.000000000000000000, 0.000000000000000000, 0.000000000000000000 ) ) ;
#266 = ORIENTED_EDGE ( 'NONE', *, *, #102, .F. ) ;
#267 = CARTESIAN_POINT ( 'NONE',  ( -0.7199999999999999734, 0.9100000000000000311, 0.3399999999999999689 ) ) ;
#268 = VERTEX_POINT ( 'NONE', #439 ) ;
#269 = DIRECTION ( 'NONE',  ( 0.000000000000000000, 0.000000000000000000, 1.000000000000000000 ) ) ;
#270 = PLANE ( 'NONE',  #800 ) ;
#271 = ADVANCED_FACE ( 'NONE', ( #336 ), #631, .T. ) ;
#272 = VERTEX_POINT ( 'NONE', #409 ) ;
#273 = VERTEX_POINT ( 'NONE', #218 ) ;
#274 = FILL_AREA_STYLE_COLOUR ( '', #123 ) ;
#275 = EDGE_LOOP ( 'NONE', ( #164, #162, #1084, #711 ) ) ;
#276 =( GEOMETRIC_REPRESENTATION_CONTEXT ( 3 ) GLOBAL_UNCERTAINTY_ASSIGNED_CONTEXT ( ( #565 ) ) GLOBAL_UNIT_ASSIGNED_CONTEXT ( ( #795, #36, #347 ) ) REPRESENTATION_CONTEXT ( 'NONE', 'WORKASPACE' ) );
#277 = EDGE_CURVE ( 'NONE', #1166, #273, #1285, .T. ) ;
#278 = ORIENTED_EDGE ( 'NONE', *, *, #1331, .F. ) ;
#279 = CARTESIAN_POINT ( 'NONE',  ( -0.5099999999999998979, 0.9100000000000000311, -0.3799999999999998379 ) ) ;
#280 = VERTEX_POINT ( 'NONE', #527 ) ;
#281 = MECHANICAL_DESIGN_GEOMETRIC_PRESENTATION_REPRESENTATION (  '', ( #1112 ), #692 ) ;
#282 = ORIENTED_EDGE ( 'NONE', *, *, #63, .F. ) ;
#283 = CARTESIAN_POINT ( 'NONE',  ( -0.5099999999999998979, 0.8699999999999999956, -0.3399999999999999134 ) ) ;
#284 =( LENGTH_UNIT ( ) NAMED_UNIT ( * ) SI_UNIT ( .MILLI., .METRE. ) );
#285 = ORIENTED_EDGE ( 'NONE', *, *, #967, .F. ) ;
#286 = DIRECTION ( 'NONE',  ( 1.000000000000000000, 0.000000000000000000, 0.000000000000000000 ) ) ;
#287 = ORIENTED_EDGE ( 'NONE', *, *, #757, .F. ) ;
#288 = CARTESIAN_POINT ( 'NONE',  ( -0.5099999999999997868, 0.000000000000000000, 0.3399999999999999689 ) ) ;
#289 = VERTEX_POINT ( 'NONE', #314 ) ;
#290 = EDGE_CURVE ( 'NONE', #1116, #815, #377, .T. ) ;
#291 = ORIENTED_EDGE ( 'NONE', *, *, #661, .F. ) ;
#292 = DIRECTION ( 'NONE',  ( 0.000000000000000000, 0.000000000000000000, -1.000000000000000000 ) ) ;
#293 = FILL_AREA_STYLE_COLOUR ( '', #851 ) ;
#294 = ORIENTED_EDGE ( 'NONE', *, *, #518, .F. ) ;
#295 = AXIS2_PLACEMENT_3D ( 'NONE', #1029, #235, #590 ) ;
#296 = EDGE_CURVE ( 'NONE', #691, #243, #818, .T. ) ;
#297 = EDGE_CURVE ( 'NONE', #707, #637, #425, .T. ) ;
#298 = ORIENTED_EDGE ( 'NONE', *, *, #165, .F. ) ;
#299 = DIRECTION ( 'NONE',  ( 0.000000000000000000, 0.000000000000000000, -1.000000000000000000 ) ) ;
#300 = AXIS2_PLACEMENT_3D ( 'NONE', #594, #1051, #1165 ) ;
#301 = VERTEX_POINT ( 'NONE', #516 ) ;
#302 = ORIENTED_EDGE ( 'NONE', *, *, #683, .F. ) ;
#303 = DIRECTION ( 'NONE',  ( 1.000000000000000000, -0.000000000000000000, 0.000000000000000000 ) ) ;
#304 = FILL_AREA_STYLE_COLOUR ( '', #394 ) ;
#305 = ORIENTED_EDGE ( 'NONE', *, *, #661, .T. ) ;
#306 = ADVANCED_FACE ( 'NONE', ( #912 ), #100, .F. ) ;
#307 = ORIENTED_EDGE ( 'NONE', *, *, #1019, .F. ) ;
#308 = DIRECTION ( 'NONE',  ( 0.000000000000000000, 0.000000000000000000, -1.000000000000000000 ) ) ;
#309 = DIRECTION ( 'NONE',  ( 1.000000000000000000, 0.000000000000000000, -8.673617379884036705E-17 ) ) ;
#310 = ORIENTED_EDGE ( 'NONE', *, *, #1033, .F. ) ;
#311 = EDGE_CURVE ( 'NONE', #329, #705, #412, .T. ) ;
#312 = VERTEX_POINT ( 'NONE', #549 ) ;
#313 = DIRECTION ( 'NONE',  ( 0.000000000000000000, 1.000000000000000000, -0.000000000000000000 ) ) ;
#314 = CARTESIAN_POINT ( 'NONE',  ( 0.5100000001334592525, 0.8699999999999999956, 0.3666666666666665297 ) ) ;
#315 = DIRECTION ( 'NONE',  ( 1.000000000000000000, 0.000000000000000000, 0.000000000000000000 ) ) ;
#316 = ORIENTED_EDGE ( 'NONE', *, *, #870, .T. ) ;
#317 = ORIENTED_EDGE ( 'NONE', *, *, #31, .F. ) ;
#318 = PRESENTATION_LAYER_ASSIGNMENT (  '', '', ( #921 ) ) ;
#319 = ORIENTED_EDGE ( 'NONE', *, *, #31, .T. ) ;
#320 = ORIENTED_EDGE ( 'NONE', *, *, #1178, .T. ) ;
#321 = DIRECTION ( 'NONE',  ( 0.000000000000000000, 0.000000000000000000, -1.000000000000000000 ) ) ;
#322 = CARTESIAN_POINT ( 'NONE',  ( 500000.0000000000582, 0.03999999999999999389, -0.3666666667100347277 ) ) ;
#323 = DIRECTION ( 'NONE',  ( 0.000000000000000000, -1.000000000000000000, 0.000000000000000000 ) ) ;
#324 = ORIENTED_EDGE ( 'NONE', *, *, #1211, .F. ) ;
#325 = ORIENTED_EDGE ( 'NONE', *, *, #1252, .T. ) ;
#326 = DIRECTION ( 'NONE',  ( 1.426581805901979882E-16, 0.000000000000000000, -1.000000000000000000 ) ) ;
#327 = ORIENTED_EDGE ( 'NONE', *, *, #364, .F. ) ;
#328 = AXIS2_PLACEMENT_3D ( 'NONE', #178, #35, #1105 ) ;
#329 = VERTEX_POINT ( 'NONE', #655 ) ;
#330 = DIRECTION ( 'NONE',  ( 0.000000000000000000, -1.000000000000000000, -0.000000000000000000 ) ) ;
#331 = EDGE_LOOP ( 'NONE', ( #153, #305, #1186, #622 ) ) ;
#332 = SPHERICAL_SURFACE ( 'NONE', #626, 0.04000000000000000083 ) ;
#333 = ORIENTED_EDGE ( 'NONE', *, *, #1005, .F. ) ;
#334 = VECTOR ( 'NONE', #1411, 1000.000000000000000 ) ;
#335 = CARTESIAN_POINT ( 'NONE',  ( -0.7599999999999998979, 0.03999999999999999389, -0.3399999999999998579 ) ) ;
#336 = FACE_OUTER_BOUND ( 'NONE', #850, .T. ) ;
#337 = DIRECTION ( 'NONE',  ( 0.000000000000000000, 0.000000000000000000, -1.000000000000000000 ) ) ;
#338 = EDGE_LOOP ( 'NONE', ( #189, #665, #342, #319 ) ) ;
#339 = DIRECTION ( 'NONE',  ( -1.000000000000000000, -0.000000000000000000, 8.673617379884037937E-17 ) ) ;
#340 = CIRCLE ( 'NONE', #1026, 0.03999999999999999389 ) ;
#341 = CARTESIAN_POINT ( 'NONE',  ( 500000.0000000000582, 0.8966666666666667229, -0.3400000000433680558 ) ) ;
#342 = ORIENTED_EDGE ( 'NONE', *, *, #226, .T. ) ;
#343 = CIRCLE ( 'NONE', #204, 0.03999999999999999389 ) ;
#344 = DIRECTION ( 'NONE',  ( 0.000000000000000000, 0.000000000000000000, -1.000000000000000000 ) ) ;
#345 = AXIS2_PLACEMENT_3D ( 'NONE', #817, #64, #492 ) ;
#346 = EDGE_CURVE ( 'NONE', #1166, #1278, #340, .T. ) ;
#347 =( NAMED_UNIT ( * ) SI_UNIT ( $, .STERADIAN. ) SOLID_ANGLE_UNIT ( ) );
#348 = ORIENTED_EDGE ( 'NONE', *, *, #220, .T. ) ;
#349 = VECTOR ( 'NONE', #83, 1000.000000000000000 ) ;
#350 = CARTESIAN_POINT ( 'NONE',  ( -0.5099999999999998979, 0.8966666666666667229, -0.3399999999999999134 ) ) ;
#351 = ORIENTED_EDGE ( 'NONE', *, *, #1322, .T. ) ;
#352 = SURFACE_SIDE_STYLE ('',( #573 ) ) ;
#353 =( GEOMETRIC_REPRESENTATION_CONTEXT ( 3 ) GLOBAL_UNCERTAINTY_ASSIGNED_CONTEXT ( ( #486 ) ) GLOBAL_UNIT_ASSIGNED_CONTEXT ( ( #728, #213, #522 ) ) REPRESENTATION_CONTEXT ( 'NONE', 'WORKASPACE' ) );
#354 =( NAMED_UNIT ( * ) PLANE_ANGLE_UNIT ( ) SI_UNIT ( $, .RADIAN. ) );
#355 = LINE ( 'NONE', #121, #1310 ) ;
#356 = DIRECTION ( 'NONE',  ( -1.000000000000000000, 0.000000000000000000, 0.000000000000000000 ) ) ;
#357 = ORIENTED_EDGE ( 'NONE', *, *, #297, .T. ) ;
#358 = SURFACE_STYLE_FILL_AREA ( #1044 ) ;
#359 = CARTESIAN_POINT ( 'NONE',  ( 0.7199999999999999734, 0.9100000000000000311, 0.3799999999999999489 ) ) ;
#360 = MANIFOLD_SOLID_BREP ( 'Boss-Extrude2', #1282 ) ;
#361 = EDGE_LOOP ( 'NONE', ( #174, #291, #775, #633 ) ) ;
#362 =( LENGTH_UNIT ( ) NAMED_UNIT ( * ) SI_UNIT ( .MILLI., .METRE. ) );
#363 = ORIENTED_EDGE ( 'NONE', *, *, #43, .T. ) ;
#364 = EDGE_CURVE ( 'NONE', #837, #188, #862, .T. ) ;
#365 = DIRECTION ( 'NONE',  ( -1.000000000000000000, 0.000000000000000000, 0.000000000000000000 ) ) ;
#366 = CIRCLE ( 'NONE', #721, 0.03999999999999999389 ) ;
#367 = CARTESIAN_POINT ( 'NONE',  ( 0.7199999999999999734, 0.04000000000000000083, -0.3399999999999998579 ) ) ;
#368 = ADVANCED_FACE ( 'NONE', ( #848 ), #332, .T. ) ;
#369 = ORIENTED_EDGE ( 'NONE', *, *, #1000, .T. ) ;
#370 = AXIS2_PLACEMENT_3D ( 'NONE', #838, #303, #292 ) ;
#371 = ORIENTED_EDGE ( 'NONE', *, *, #220, .F. ) ;
#372 = PRESENTATION_LAYER_ASSIGNMENT (  '', '', ( #1112 ) ) ;
#373 = ORIENTED_EDGE ( 'NONE', *, *, #739, .F. ) ;
#374 = AXIS2_PLACEMENT_3D ( 'NONE', #448, #1325, #46 ) ;
#375 = EDGE_LOOP ( 'NONE', ( #1161, #1202, #1136, #840, #680, #378, #216, #1329 ) ) ;
#376 = CARTESIAN_POINT ( 'NONE',  ( 0.5100000000197724148, 0.8966666666666667229, -0.3400000001146970541 ) ) ;
#377 = LINE ( 'NONE', #977, #334 ) ;
#378 = ORIENTED_EDGE ( 'NONE', *, *, #453, .T. ) ;
#379 = CARTESIAN_POINT ( 'NONE',  ( 500000.0000000000582, 0.8699999999999999956, -0.3400000000433680558 ) ) ;
#380 = ORIENTED_EDGE ( 'NONE', *, *, #1005, .T. ) ;
#381 = CARTESIAN_POINT ( 'NONE',  ( 0.5099999999999998979, 0.9100000000000000311, -0.3799999999999998379 ) ) ;
#382 = COLOUR_RGB ( '',0.7921568627450980005, 0.8196078431372548767, 0.9333333333333333481 ) ;
#383 = DIRECTION ( 'NONE',  ( 0.000000000000000000, 0.000000000000000000, 1.000000000000000000 ) ) ;
#384 =( GEOMETRIC_REPRESENTATION_CONTEXT ( 3 ) GLOBAL_UNCERTAINTY_ASSIGNED_CONTEXT ( ( #959 ) ) GLOBAL_UNIT_ASSIGNED_CONTEXT ( ( #1100, #354, #1218 ) ) REPRESENTATION_CONTEXT ( 'NONE', 'WORKASPACE' ) );
#385 = FACE_OUTER_BOUND ( 'NONE', #771, .T. ) ;
#386 = DIRECTION ( 'NONE',  ( 0.000000000000000000, 0.000000000000000000, -1.000000000000000000 ) ) ;
#387 = CYLINDRICAL_SURFACE ( 'NONE', #1233, 0.02666666666666664756 ) ;
#388 = ADVANCED_FACE ( 'NONE', ( #1304 ), #846, .T. ) ;
#389 = STYLED_ITEM ( 'NONE', ( #839 ), #271 ) ;
#390 = CIRCLE ( 'NONE', #710, 0.03999999999999999389 ) ;
#391 = DIRECTION ( 'NONE',  ( 0.000000000000000000, 0.000000000000000000, 1.000000000000000000 ) ) ;
#392 = LINE ( 'NONE', #1013, #429 ) ;
#393 = CARTESIAN_POINT ( 'NONE',  ( -0.5099999999999998979, 0.8699999999999999956, -0.3666666666666665853 ) ) ;
#394 = COLOUR_RGB ( '',0.4862745098039215619, 0.2352941176470588203, 0.01568627450980392135 ) ;
#395 = CIRCLE ( 'NONE', #34, 0.03999999999999999389 ) ;
#396 = LINE ( 'NONE', #4, #1366 ) ;
#397 = AXIS2_PLACEMENT_3D ( 'NONE', #279, #597, #925 ) ;
#398 = VECTOR ( 'NONE', #1201, 1000.000000000000000 ) ;
#399 = CARTESIAN_POINT ( 'NONE',  ( -0.7599999999999998979, 0.03999999999999999389, -0.3799999999999998379 ) ) ;
#400 = FACE_OUTER_BOUND ( 'NONE', #1295, .T. ) ;
#401 = LINE ( 'NONE', #679, #866 ) ;
#402 = CARTESIAN_POINT ( 'NONE',  ( -0.5099999999999998979, 0.03999999999999999389, -0.3399999999999999134 ) ) ;
#403 = VECTOR ( 'NONE', #1259, 1000.000000000000000 ) ;
#404 = SURFACE_STYLE_USAGE ( .BOTH. , #72 ) ;
#405 = LINE ( 'NONE', #1339, #1338 ) ;
#406 = SURFACE_STYLE_FILL_AREA ( #428 ) ;
#407 = CARTESIAN_POINT ( 'NONE',  ( 0.5099999999999997868, 0.000000000000000000, 0.3399999999999999689 ) ) ;
#408 = CYLINDRICAL_SURFACE ( 'NONE', #1040, 0.03999999999999999389 ) ;
#409 = CARTESIAN_POINT ( 'NONE',  ( 0.5100000001334592525, 0.03999999999999999389, -0.3666666666666666963 ) ) ;
#410 = VECTOR ( 'NONE', #892, 1000.000000000000000 ) ;
#411 = VECTOR ( 'NONE', #1268, 1000.000000000000000 ) ;
#412 = CIRCLE ( 'NONE', #1429, 0.03999999999999999389 ) ;
#413 = CARTESIAN_POINT ( 'NONE',  ( 0.5100000000197724148, 0.8699999999999999956, 0.3666666666666664742 ) ) ;
#414 = CARTESIAN_POINT ( 'NONE',  ( 500000.0000000000582, 0.8966666666666667229, 0.3399999999566315489 ) ) ;
#415 = LINE ( 'NONE', #1097, #1359 ) ;
#416 = DIRECTION ( 'NONE',  ( 1.000000000000000000, 0.000000000000000000, 1.426581805901979882E-16 ) ) ;
#417 = SURFACE_STYLE_FILL_AREA ( #664 ) ;
#418 = LINE ( 'NONE', #904, #410 ) ;
#419 = AXIS2_PLACEMENT_3D ( 'NONE', #783, #1199, #124 ) ;
#420 = VECTOR ( 'NONE', #548, 1000.000000000000000 ) ;
#421 = LINE ( 'NONE', #117, #871 ) ;
#422 = CYLINDRICAL_SURFACE ( 'NONE', #1075, 0.03999999999999999389 ) ;
#423 = CARTESIAN_POINT ( 'NONE',  ( -0.7199999999999998623, 0.000000000000000000, 0.3399999999999999689 ) ) ;
#424 = STYLED_ITEM ( 'NONE', ( #1314 ), #436 ) ;
#425 = LINE ( 'NONE', #766, #1387 ) ;
#426 = DIRECTION ( 'NONE',  ( 0.000000000000000000, -1.000000000000000000, -0.000000000000000000 ) ) ;
#427 = SURFACE_STYLE_FILL_AREA ( #1227 ) ;
#428 = FILL_AREA_STYLE ('',( #304 ) ) ;
#429 = VECTOR ( 'NONE', #1114, 1000.000000000000000 ) ;
#430 = UNCERTAINTY_MEASURE_WITH_UNIT (LENGTH_MEASURE( 1.000000000000000082E-05 ), #1247, 'distance_accuracy_value', 'NONE');
#431 = PRESENTATION_STYLE_ASSIGNMENT (( #744 ) ) ;
#432 = COLOUR_RGB ( '',0.4862745098039215619, 0.2352941176470588203, 0.01568627450980392135 ) ;
#433 = CARTESIAN_POINT ( 'NONE',  ( -0.7199999999999999734, 0.03999999999999999389, -0.3399999999999998579 ) ) ;
#434 = SURFACE_STYLE_FILL_AREA ( #1328 ) ;
#435 = EDGE_CURVE ( 'NONE', #705, #741, #828, .T. ) ;
#436 = ADVANCED_FACE ( 'NONE', ( #1332 ), #208, .F. ) ;
#437 = PRESENTATION_STYLE_ASSIGNMENT (( #105 ) ) ;
#438 = SURFACE_STYLE_USAGE ( .BOTH. , #352 ) ;
#439 = CARTESIAN_POINT ( 'NONE',  ( 0.7599999999999997868, 0.03999999999999999389, 0.3399999999999999689 ) ) ;
#440 = CIRCLE ( 'NONE', #1130, 0.03999999999999999389 ) ;
#441 = AXIS2_PLACEMENT_3D ( 'NONE', #171, #1171, #446 ) ;
#442 = EDGE_CURVE ( 'NONE', #1306, #329, #1364, .T. ) ;
#443 = LINE ( 'NONE', #399, #1430 ) ;
#444 = PRESENTATION_STYLE_ASSIGNMENT (( #843 ) ) ;
#445 = PRESENTATION_STYLE_ASSIGNMENT (( #182 ) ) ;
#446 = DIRECTION ( 'NONE',  ( -1.000000000000000000, 0.000000000000000000, 0.000000000000000000 ) ) ;
#447 = MECHANICAL_DESIGN_GEOMETRIC_PRESENTATION_REPRESENTATION (  '', ( #528 ), #463 ) ;
#448 = CARTESIAN_POINT ( 'NONE',  ( 0.000000000000000000, 0.000000000000000000, 0.000000000000000000 ) ) ;
#449 = FILL_AREA_STYLE_COLOUR ( '', #114 ) ;
#450 =( NAMED_UNIT ( * ) PLANE_ANGLE_UNIT ( ) SI_UNIT ( $, .RADIAN. ) );
#451 = ADVANCED_FACE ( 'NONE', ( #1361 ), #1412, .T. ) ;
#452 = VECTOR ( 'NONE', #1083, 1000.000000000000000 ) ;
#453 = EDGE_CURVE ( 'NONE', #691, #1306, #1371, .T. ) ;
#454 = FACE_OUTER_BOUND ( 'NONE', #1113, .T. ) ;
#455 = CARTESIAN_POINT ( 'NONE',  ( 0.5100000000197724148, 0.03999999999999999389, -0.3666666666666666963 ) ) ;
#456 = PRODUCT_DEFINITION_FORMATION_WITH_SPECIFIED_SOURCE ( 'ANY', '', #1270, .NOT_KNOWN. ) ;
#457 = FILL_AREA_STYLE_COLOUR ( '', #1370 ) ;
#458 = VECTOR ( 'NONE', #1016, 1000.000000000000000 ) ;
#459 = DIRECTION ( 'NONE',  ( 1.000000000000000000, 0.000000000000000000, 0.000000000000000000 ) ) ;
#460 = DIRECTION ( 'NONE',  ( 0.000000000000000000, -1.000000000000000000, 0.000000000000000000 ) ) ;
#461 = CYLINDRICAL_SURFACE ( 'NONE', #875, 0.03999999999999999389 ) ;
#462 = DIRECTION ( 'NONE',  ( 1.000000000000000000, -0.000000000000000000, 0.000000000000000000 ) ) ;
#463 =( GEOMETRIC_REPRESENTATION_CONTEXT ( 3 ) GLOBAL_UNCERTAINTY_ASSIGNED_CONTEXT ( ( #945 ) ) GLOBAL_UNIT_ASSIGNED_CONTEXT ( ( #362, #584, #652 ) ) REPRESENTATION_CONTEXT ( 'NONE', 'WORKASPACE' ) );
#464 = DIRECTION ( 'NONE',  ( -1.426581805901979882E-16, 0.000000000000000000, 1.000000000000000000 ) ) ;
#465 = LINE ( 'NONE', #233, #520 ) ;
#466 = FILL_AREA_STYLE ('',( #274 ) ) ;
#467 = DIRECTION ( 'NONE',  ( 0.000000000000000000, 0.000000000000000000, 1.000000000000000000 ) ) ;
#468 = CARTESIAN_POINT ( 'NONE',  ( 0.7199999999999999734, 0.000000000000000000, -0.3399999999999998579 ) ) ;
#469 = SURFACE_STYLE_USAGE ( .BOTH. , #572 ) ;
#470 = SURFACE_STYLE_FILL_AREA ( #1407 ) ;
#471 = CYLINDRICAL_SURFACE ( 'NONE', #211, 0.03999999999999999389 ) ;
#472 = CARTESIAN_POINT ( 'NONE',  ( 0.7199999999999998623, 0.9100000000000000311, 0.3399999999999999689 ) ) ;
#473 = SPHERICAL_SURFACE ( 'NONE', #1413, 0.04000000000000000083 ) ;
#474 = CARTESIAN_POINT ( 'NONE',  ( -0.7599999999999997868, 0.03999999999999999389, 0.3399999999999999689 ) ) ;
#475 = MECHANICAL_DESIGN_GEOMETRIC_PRESENTATION_REPRESENTATION (  '', ( #1307 ), #855 ) ;
#476 = EDGE_CURVE ( 'NONE', #301, #833, #913, .T. ) ;
#477 =( NAMED_UNIT ( * ) SI_UNIT ( $, .STERADIAN. ) SOLID_ANGLE_UNIT ( ) );
#478 = DIRECTION ( 'NONE',  ( -1.000000000000000000, -0.000000000000000000, -0.000000000000000000 ) ) ;
#479 = ADVANCED_BREP_SHAPE_REPRESENTATION ( '06031U160FAT2A', ( #758, #244, #360, #1405 ), #258 ) ;
#480 = CYLINDRICAL_SURFACE ( 'NONE', #620, 0.02666666666666664756 ) ;
#481 = CARTESIAN_POINT ( 'NONE',  ( -0.7199999999999999734, 0.8699999999999999956, 0.3399999999999999689 ) ) ;
#482 = DIRECTION ( 'NONE',  ( 1.000000000000000000, 0.000000000000000000, -0.000000000000000000 ) ) ;
#483 = SURFACE_STYLE_FILL_AREA ( #981 ) ;
#484 =( NAMED_UNIT ( * ) SI_UNIT ( $, .STERADIAN. ) SOLID_ANGLE_UNIT ( ) );
#485 = CYLINDRICAL_SURFACE ( 'NONE', #441, 0.03999999999999999389 ) ;
#486 = UNCERTAINTY_MEASURE_WITH_UNIT (LENGTH_MEASURE( 1.000000000000000082E-05 ), #728, 'distance_accuracy_value', 'NONE');
#487 = EDGE_CURVE ( 'NONE', #705, #1258, #887, .T. ) ;
#488 = LINE ( 'NONE', #949, #1426 ) ;
#489 = CARTESIAN_POINT ( 'NONE',  ( 0.000000000000000000, 0.000000000000000000, -0.3399999999999998579 ) ) ;
#490 = DIRECTION ( 'NONE',  ( 1.000000000000000000, 0.000000000000000000, 0.000000000000000000 ) ) ;
#491 = AXIS2_PLACEMENT_3D ( 'NONE', #1043, #1283, #82 ) ;
#492 = DIRECTION ( 'NONE',  ( 0.000000000000000000, 0.000000000000000000, -1.000000000000000000 ) ) ;
#493 = DIRECTION ( 'NONE',  ( -2.710505431213761479E-15, -1.000000000000000000, 0.000000000000000000 ) ) ;
#494 = VECTOR ( 'NONE', #803, 1000.000000000000000 ) ;
#495 = AXIS2_PLACEMENT_3D ( 'NONE', #510, #832, #942 ) ;
#496 = DIRECTION ( 'NONE',  ( 0.000000000000000000, 0.000000000000000000, 1.000000000000000000 ) ) ;
#497 = CARTESIAN_POINT ( 'NONE',  ( 0.7599999999999997868, 0.8699999999999999956, 0.3799999999999999489 ) ) ;
#498 = CIRCLE ( 'NONE', #169, 0.03999999999999999389 ) ;
#499 = CARTESIAN_POINT ( 'NONE',  ( 0.7599999999999998979, 0.03999999999999999389, -0.3399999999999998579 ) ) ;
#500 = LINE ( 'NONE', #507, #513 ) ;
#501 = DIRECTION ( 'NONE',  ( -0.000000000000000000, -1.000000000000000000, -0.000000000000000000 ) ) ;
#502 = LINE ( 'NONE', #834, #494 ) ;
#503 = EDGE_CURVE ( 'NONE', #246, #797, #908, .T. ) ;
#504 = DIRECTION ( 'NONE',  ( 1.000000000000000000, 0.000000000000000000, 0.000000000000000000 ) ) ;
#505 = ADVANCED_FACE ( 'NONE', ( #1392 ), #924, .T. ) ;
#506 = FACE_OUTER_BOUND ( 'NONE', #212, .T. ) ;
#507 = CARTESIAN_POINT ( 'NONE',  ( -0.5099999999999998979, 0.9100000000000000311, -0.3799999999999998379 ) ) ;
#508 = VECTOR ( 'NONE', #1275, 1000.000000000000000 ) ;
#509 =( GEOMETRIC_REPRESENTATION_CONTEXT ( 3 ) GLOBAL_UNCERTAINTY_ASSIGNED_CONTEXT ( ( #1286 ) ) GLOBAL_UNIT_ASSIGNED_CONTEXT ( ( #796, #984, #484 ) ) REPRESENTATION_CONTEXT ( 'NONE', 'WORKASPACE' ) );
#510 = CARTESIAN_POINT ( 'NONE',  ( 0.7199999999999999734, 0.8699999999999999956, -0.3399999999999998579 ) ) ;
#511 = CIRCLE ( 'NONE', #491, 0.03999999999999999389 ) ;
#512 = CARTESIAN_POINT ( 'NONE',  ( 0.7599999999999998979, 0.03999999999999999389, -0.3799999999999998379 ) ) ;
#513 = VECTOR ( 'NONE', #501, 1000.000000000000000 ) ;
#514 = ADVANCED_FACE ( 'NONE', ( #886 ), #473, .T. ) ;
#515 = CARTESIAN_POINT ( 'NONE',  ( -0.7199999999999999734, 0.8699999999999999956, -0.3799999999999998379 ) ) ;
#516 = CARTESIAN_POINT ( 'NONE',  ( 0.7599999999999998979, 0.8699999999999999956, -0.3399999999999998579 ) ) ;
#517 = LINE ( 'NONE', #1365, #1001 ) ;
#518 = EDGE_CURVE ( 'NONE', #1179, #1073, #443, .T. ) ;
#519 =( GEOMETRIC_REPRESENTATION_CONTEXT ( 3 ) GLOBAL_UNCERTAINTY_ASSIGNED_CONTEXT ( ( #1135 ) ) GLOBAL_UNIT_ASSIGNED_CONTEXT ( ( #634, #191, #1180 ) ) REPRESENTATION_CONTEXT ( 'NONE', 'WORKASPACE' ) );
#520 = VECTOR ( 'NONE', #133, 1000.000000000000000 ) ;
#521 = CARTESIAN_POINT ( 'NONE',  ( -0.5099999999999998979, 0.8699999999999999956, -0.3799999999999998379 ) ) ;
#522 =( NAMED_UNIT ( * ) SI_UNIT ( $, .STERADIAN. ) SOLID_ANGLE_UNIT ( ) );
#523 = CIRCLE ( 'NONE', #224, 0.03999999999999999389 ) ;
#524 =( LENGTH_UNIT ( ) NAMED_UNIT ( * ) SI_UNIT ( .MILLI., .METRE. ) );
#525 = CYLINDRICAL_SURFACE ( 'NONE', #370, 0.03999999999999999389 ) ;
#526 = DIRECTION ( 'NONE',  ( 1.426581805901979882E-16, 0.000000000000000000, -1.000000000000000000 ) ) ;
#527 = CARTESIAN_POINT ( 'NONE',  ( 0.5100000001334592525, 0.01333333333333334286, 0.3399999999999998024 ) ) ;
#528 = STYLED_ITEM ( 'NONE', ( #1343 ), #244 ) ;
#529 = FACE_OUTER_BOUND ( 'NONE', #737, .T. ) ;
#530 = FACE_OUTER_BOUND ( 'NONE', #854, .T. ) ;
#531 = DIRECTION ( 'NONE',  ( 0.000000000000000000, -1.000000000000000000, 0.000000000000000000 ) ) ;
#532 = PLANE ( 'NONE',  #1045 ) ;
#533 = SURFACE_SIDE_STYLE ('',( #406 ) ) ;
#534 = AXIS2_PLACEMENT_3D ( 'NONE', #743, #865, #1061 ) ;
#535 = CARTESIAN_POINT ( 'NONE',  ( 0.000000000000000000, 0.8699999999999999956, -0.3399999999999998579 ) ) ;
#536 = STYLED_ITEM ( 'NONE', ( #1385 ), #588 ) ;
#537 = DIRECTION ( 'NONE',  ( 1.426581805901979882E-16, -0.000000000000000000, 1.000000000000000000 ) ) ;
#538 =( NAMED_UNIT ( * ) PLANE_ANGLE_UNIT ( ) SI_UNIT ( $, .RADIAN. ) );
#539 = DIRECTION ( 'NONE',  ( 8.673617379884036705E-17, -0.000000000000000000, 1.000000000000000000 ) ) ;
#540 = CARTESIAN_POINT ( 'NONE',  ( 0.000000000000000000, 0.9100000000000000311, 0.000000000000000000 ) ) ;
#541 = DIRECTION ( 'NONE',  ( 0.000000000000000000, -1.000000000000000000, 0.000000000000000000 ) ) ;
#542 = UNCERTAINTY_MEASURE_WITH_UNIT (LENGTH_MEASURE( 1.000000000000000082E-05 ), #284, 'distance_accuracy_value', 'NONE');
#543 = EDGE_CURVE ( 'NONE', #707, #272, #950, .T. ) ;
#544 = FACE_OUTER_BOUND ( 'NONE', #1288, .T. ) ;
#545 = DIRECTION ( 'NONE',  ( 0.000000000000000000, -1.000000000000000000, 0.000000000000000000 ) ) ;
#546 = FACE_OUTER_BOUND ( 'NONE', #1320, .T. ) ;
#547 = DIRECTION ( 'NONE',  ( 0.000000000000000000, 0.000000000000000000, 1.000000000000000000 ) ) ;
#548 = DIRECTION ( 'NONE',  ( 1.000000000000000000, -0.000000000000000000, -0.000000000000000000 ) ) ;
#549 = CARTESIAN_POINT ( 'NONE',  ( 0.5099999999999998979, 0.03999999999999999389, -0.3799999999999998379 ) ) ;
#550 = MECHANICAL_DESIGN_GEOMETRIC_PRESENTATION_REPRESENTATION (  '', ( #27 ), #276 ) ;
#551 = EDGE_CURVE ( 'NONE', #192, #797, #1400, .T. ) ;
#552 = DIRECTION ( 'NONE',  ( -1.426581805901979882E-16, 0.000000000000000000, -1.000000000000000000 ) ) ;
#553 = LINE ( 'NONE', #1080, #103 ) ;
#554 = FACE_OUTER_BOUND ( 'NONE', #331, .T. ) ;
#555 = AXIS2_PLACEMENT_3D ( 'NONE', #642, #1418, #1396 ) ;
#556 = ADVANCED_FACE ( 'NONE', ( #1416 ), #882, .T. ) ;
#557 = CARTESIAN_POINT ( 'NONE',  ( -0.7599999999999998979, 0.9100000000000000311, -0.3399999999999998579 ) ) ;
#558 = DIRECTION ( 'NONE',  ( -0.000000000000000000, -1.000000000000000000, -0.000000000000000000 ) ) ;
#559 = DIRECTION ( 'NONE',  ( 0.000000000000000000, 0.000000000000000000, 1.000000000000000000 ) ) ;
#560 = DIRECTION ( 'NONE',  ( -8.673617379884036705E-17, 0.000000000000000000, -1.000000000000000000 ) ) ;
#561 = DIRECTION ( 'NONE',  ( -1.000000000000000000, 0.000000000000000000, 0.000000000000000000 ) ) ;
#562 = DIRECTION ( 'NONE',  ( -1.000000000000000000, -0.000000000000000000, -0.000000000000000000 ) ) ;
#563 = FACE_OUTER_BOUND ( 'NONE', #254, .T. ) ;
#564 = CIRCLE ( 'NONE', #1234, 0.03999999999999999389 ) ;
#565 = UNCERTAINTY_MEASURE_WITH_UNIT (LENGTH_MEASURE( 1.000000000000000082E-05 ), #795, 'distance_accuracy_value', 'NONE');
#566 = EDGE_CURVE ( 'NONE', #797, #214, #418, .T. ) ;
#567 = CARTESIAN_POINT ( 'NONE',  ( 0.7199999999999999734, 0.8699999999999999956, -0.3399999999999998579 ) ) ;
#568 =( LENGTH_UNIT ( ) NAMED_UNIT ( * ) SI_UNIT ( .MILLI., .METRE. ) );
#569 = LINE ( 'NONE', #753, #1039 ) ;
#570 = CARTESIAN_POINT ( 'NONE',  ( 0.5100000001334592525, 0.8699999999999999956, -0.3666666666666666963 ) ) ;
#571 = FILL_AREA_STYLE ('',( #449 ) ) ;
#572 = SURFACE_SIDE_STYLE ('',( #1299 ) ) ;
#573 = SURFACE_STYLE_FILL_AREA ( #571 ) ;
#574 = DIRECTION ( 'NONE',  ( 0.000000000000000000, -0.000000000000000000, 1.000000000000000000 ) ) ;
#575 = VECTOR ( 'NONE', #1137, 1000.000000000000000 ) ;
#576 =( GEOMETRIC_REPRESENTATION_CONTEXT ( 3 ) GLOBAL_UNCERTAINTY_ASSIGNED_CONTEXT ( ( #1244 ) ) GLOBAL_UNIT_ASSIGNED_CONTEXT ( ( #638, #450, #1070 ) ) REPRESENTATION_CONTEXT ( 'NONE', 'WORKASPACE' ) );
#577 = CYLINDRICAL_SURFACE ( 'NONE', #534, 0.03999999999999999389 ) ;
#578 = VECTOR ( 'NONE', #1380, 1000.000000000000000 ) ;
#579 = DIRECTION ( 'NONE',  ( 0.000000000000000000, 1.000000000000000000, 0.000000000000000000 ) ) ;
#580 = EDGE_CURVE ( 'NONE', #214, #833, #395, .T. ) ;
#581 = FACE_OUTER_BOUND ( 'NONE', #275, .T. ) ;
#582 = MECHANICAL_DESIGN_GEOMETRIC_PRESENTATION_REPRESENTATION (  '', ( #9 ), #615 ) ;
#583 = PRESENTATION_STYLE_ASSIGNMENT (( #438 ) ) ;
#584 =( NAMED_UNIT ( * ) PLANE_ANGLE_UNIT ( ) SI_UNIT ( $, .RADIAN. ) );
#585 = LINE ( 'NONE', #167, #98 ) ;
#586 = LINE ( 'NONE', #653, #104 ) ;
#587 = CARTESIAN_POINT ( 'NONE',  ( 0.000000000000000000, 0.8699999999999999956, -0.3399999999999998579 ) ) ;
#588 = ADVANCED_FACE ( 'NONE', ( #385 ), #676, .F. ) ;
#589 = FACE_OUTER_BOUND ( 'NONE', #820, .T. ) ;
#590 = DIRECTION ( 'NONE',  ( -1.000000000000000000, 0.000000000000000000, 0.000000000000000000 ) ) ;
#591 = LINE ( 'NONE', #455, #1053 ) ;
#592 = DIRECTION ( 'NONE',  ( -1.000000000000000000, 2.710505431213761479E-15, -0.000000000000000000 ) ) ;
#593 = PRESENTATION_STYLE_ASSIGNMENT (( #784 ) ) ;
#594 = CARTESIAN_POINT ( 'NONE',  ( 0.5099999999999998979, 0.8699999999999999956, -0.3399999999999998579 ) ) ;
#595 = EDGE_CURVE ( 'NONE', #1290, #1278, #920, .T. ) ;
#596 = VERTEX_POINT ( 'NONE', #521 ) ;
#597 = DIRECTION ( 'NONE',  ( -1.000000000000000000, 0.000000000000000000, 1.426581805901979882E-16 ) ) ;
#598 = ORIENTED_EDGE ( 'NONE', *, *, #118, .F. ) ;
#599 = AXIS2_PLACEMENT_3D ( 'NONE', #228, #1315, #459 ) ;
#600 = EDGE_CURVE ( 'NONE', #1116, #280, #873, .T. ) ;
#601 = ADVANCED_FACE ( 'NONE', ( #1349 ), #1353, .T. ) ;
#602 = DIRECTION ( 'NONE',  ( 0.000000000000000000, -1.000000000000000000, -0.000000000000000000 ) ) ;
#603 = EDGE_LOOP ( 'NONE', ( #1117, #645, #232, #1182, #373, #234, #720, #170 ) ) ;
#604 = MECHANICAL_DESIGN_GEOMETRIC_PRESENTATION_REPRESENTATION (  '', ( #424 ), #827 ) ;
#605 = ORIENTED_EDGE ( 'NONE', *, *, #1158, .F. ) ;
#606 = ORIENTED_EDGE ( 'NONE', *, *, #836, .T. ) ;
#607 = DIRECTION ( 'NONE',  ( -1.000000000000000000, -0.000000000000000000, 8.673617379884037937E-17 ) ) ;
#608 = ORIENTED_EDGE ( 'NONE', *, *, #346, .T. ) ;
#609 = CIRCLE ( 'NONE', #295, 0.03999999999999999389 ) ;
#610 = EDGE_CURVE ( 'NONE', #289, #1312, #876, .T. ) ;
#611 = DIRECTION ( 'NONE',  ( -1.000000000000000000, 0.000000000000000000, 0.000000000000000000 ) ) ;
#612 = ORIENTED_EDGE ( 'NONE', *, *, #7, .F. ) ;
#613 = CARTESIAN_POINT ( 'NONE',  ( 500000.0000000000582, 0.03999999999999999389, 0.3399999999566317710 ) ) ;
#614 =( LENGTH_UNIT ( ) NAMED_UNIT ( * ) SI_UNIT ( .MILLI., .METRE. ) );
#615 =( GEOMETRIC_REPRESENTATION_CONTEXT ( 3 ) GLOBAL_UNCERTAINTY_ASSIGNED_CONTEXT ( ( #646 ) ) GLOBAL_UNIT_ASSIGNED_CONTEXT ( ( #765, #538, #126 ) ) REPRESENTATION_CONTEXT ( 'NONE', 'WORKASPACE' ) );
#616 = ORIENTED_EDGE ( 'NONE', *, *, #739, .T. ) ;
#617 = CARTESIAN_POINT ( 'NONE',  ( 0.7199999999999999734, 0.03999999999999999389, -0.3799999999999998379 ) ) ;
#618 = ORIENTED_EDGE ( 'NONE', *, *, #1308, .T. ) ;
#619 =( NAMED_UNIT ( * ) SI_UNIT ( $, .STERADIAN. ) SOLID_ANGLE_UNIT ( ) );
#620 = AXIS2_PLACEMENT_3D ( 'NONE', #613, #607, #201 ) ;
#621 = AXIS2_PLACEMENT_3D ( 'NONE', #322, #539, #883 ) ;
#622 = ORIENTED_EDGE ( 'NONE', *, *, #1196, .T. ) ;
#623 = COLOUR_RGB ( '',0.7921568627450980005, 0.8196078431372548767, 0.9333333333333333481 ) ;
#624 = ORIENTED_EDGE ( 'NONE', *, *, #1368, .F. ) ;
#625 = DIRECTION ( 'NONE',  ( 0.000000000000000000, 0.000000000000000000, -1.000000000000000000 ) ) ;
#626 = AXIS2_PLACEMENT_3D ( 'NONE', #128, #460, #561 ) ;
#627 = ORIENTED_EDGE ( 'NONE', *, *, #1178, .F. ) ;
#628 =( NAMED_UNIT ( * ) PLANE_ANGLE_UNIT ( ) SI_UNIT ( $, .RADIAN. ) );
#629 = DIRECTION ( 'NONE',  ( 1.426581805901979882E-16, 0.000000000000000000, -1.000000000000000000 ) ) ;
#630 = EDGE_LOOP ( 'NONE', ( #320, #184, #1334, #369 ) ) ;
#631 = PLANE ( 'NONE',  #1297 ) ;
#632 = EDGE_CURVE ( 'NONE', #1210, #596, #903, .T. ) ;
#633 = ORIENTED_EDGE ( 'NONE', *, *, #1000, .F. ) ;
#634 =( LENGTH_UNIT ( ) NAMED_UNIT ( * ) SI_UNIT ( .MILLI., .METRE. ) );
#635 = ORIENTED_EDGE ( 'NONE', *, *, #690, .T. ) ;
#636 = DIRECTION ( 'NONE',  ( -1.000000000000000000, 0.000000000000000000, 0.000000000000000000 ) ) ;
#637 = VERTEX_POINT ( 'NONE', #1260 ) ;
#638 =( LENGTH_UNIT ( ) NAMED_UNIT ( * ) SI_UNIT ( .MILLI., .METRE. ) );
#639 =( NAMED_UNIT ( * ) PLANE_ANGLE_UNIT ( ) SI_UNIT ( $, .RADIAN. ) );
#640 = STYLED_ITEM ( 'NONE', ( #906 ), #199 ) ;
#641 = ORIENTED_EDGE ( 'NONE', *, *, #1322, .F. ) ;
#642 = CARTESIAN_POINT ( 'NONE',  ( -0.5099999999999998979, 0.03999999999999999389, 0.3399999999999999134 ) ) ;
#643 = ORIENTED_EDGE ( 'NONE', *, *, #1232, .T. ) ;
#644 = PLANE ( 'NONE',  #89 ) ;
#645 = ORIENTED_EDGE ( 'NONE', *, *, #1082, .F. ) ;
#646 = UNCERTAINTY_MEASURE_WITH_UNIT (LENGTH_MEASURE( 1.000000000000000082E-05 ), #765, 'distance_accuracy_value', 'NONE');
#647 = AXIS2_PLACEMENT_3D ( 'NONE', #712, #69, #946 ) ;
#648 = EDGE_LOOP ( 'NONE', ( #780, #1177, #616, #1183 ) ) ;
#649 = ORIENTED_EDGE ( 'NONE', *, *, #1055, .F. ) ;
#650 = CARTESIAN_POINT ( 'NONE',  ( 0.7199999999999998623, 0.04000000000000000083, 0.3399999999999999689 ) ) ;
#651 = EDGE_LOOP ( 'NONE', ( #1197, #689, #142 ) ) ;
#652 =( NAMED_UNIT ( * ) SI_UNIT ( $, .STERADIAN. ) SOLID_ANGLE_UNIT ( ) );
#653 = CARTESIAN_POINT ( 'NONE',  ( -0.7599999999999997868, 0.03999999999999999389, 0.3799999999999999489 ) ) ;
#654 = VERTEX_POINT ( 'NONE', #1374 ) ;
#655 = CARTESIAN_POINT ( 'NONE',  ( -0.5099999999999997868, 0.03999999999999999389, 0.3799999999999999489 ) ) ;
#656 =( GEOMETRIC_REPRESENTATION_CONTEXT ( 3 ) GLOBAL_UNCERTAINTY_ASSIGNED_CONTEXT ( ( #430 ) ) GLOBAL_UNIT_ASSIGNED_CONTEXT ( ( #1247, #1376, #932 ) ) REPRESENTATION_CONTEXT ( 'NONE', 'WORKASPACE' ) );
#657 = ORIENTED_EDGE ( 'NONE', *, *, #1121, .T. ) ;
#658 = VERTEX_POINT ( 'NONE', #267 ) ;
#659 = DIRECTION ( 'NONE',  ( 1.000000000000000000, -0.000000000000000000, -1.426581805901979882E-16 ) ) ;
#660 = SURFACE_SIDE_STYLE ('',( #1038 ) ) ;
#661 = EDGE_CURVE ( 'NONE', #835, #1129, #1377, .T. ) ;
#662 = EDGE_LOOP ( 'NONE', ( #657, #1231, #316, #767 ) ) ;
#663 = DIRECTION ( 'NONE',  ( 2.710505431213761479E-15, 0.000000000000000000, 1.000000000000000000 ) ) ;
#664 = FILL_AREA_STYLE ('',( #457 ) ) ;
#665 = ORIENTED_EDGE ( 'NONE', *, *, #1019, .T. ) ;
#666 = ADVANCED_FACE ( 'NONE', ( #1388 ), #480, .T. ) ;
#667 = AXIS2_PLACEMENT_3D ( 'NONE', #961, #196, #526 ) ;
#668 = EDGE_CURVE ( 'NONE', #289, #1116, #953, .T. ) ;
#669 = DIRECTION ( 'NONE',  ( 1.426581805901979882E-16, -0.000000000000000000, -1.000000000000000000 ) ) ;
#670 = EDGE_LOOP ( 'NONE', ( #225, #627, #1192, #1123, #1226, #696, #1063, #227 ) ) ;
#671 = EDGE_LOOP ( 'NONE', ( #1187, #746, #643, #756 ) ) ;
#672 =( GEOMETRIC_REPRESENTATION_CONTEXT ( 3 ) GLOBAL_UNCERTAINTY_ASSIGNED_CONTEXT ( ( #990 ) ) GLOBAL_UNIT_ASSIGNED_CONTEXT ( ( #614, #729, #957 ) ) REPRESENTATION_CONTEXT ( 'NONE', 'WORKASPACE' ) );
#673 = DIRECTION ( 'NONE',  ( 0.000000000000000000, -1.000000000000000000, 0.000000000000000000 ) ) ;
#674 = ORIENTED_EDGE ( 'NONE', *, *, #1196, .F. ) ;
#675 = FILL_AREA_STYLE_COLOUR ( '', #382 ) ;
#676 = PLANE ( 'NONE',  #93 ) ;
#677 = EDGE_LOOP ( 'NONE', ( #380, #1139, #1240 ) ) ;
#678 = DIRECTION ( 'NONE',  ( -1.000000000000000000, -0.000000000000000000, 8.673617379884037937E-17 ) ) ;
#679 = CARTESIAN_POINT ( 'NONE',  ( -0.7599999999999997868, 0.9100000000000000311, 0.3399999999999999689 ) ) ;
#680 = ORIENTED_EDGE ( 'NONE', *, *, #296, .F. ) ;
#681 = CARTESIAN_POINT ( 'NONE',  ( -0.5099999999999998979, 0.8699999999999999956, -0.3399999999999998579 ) ) ;
#682 = ORIENTED_EDGE ( 'NONE', *, *, #28, .T. ) ;
#683 = EDGE_CURVE ( 'NONE', #1159, #268, #1395, .T. ) ;
#684 = CARTESIAN_POINT ( 'NONE',  ( -0.5099999999999998979, 0.01333333333333333245, 0.3399999999999999134 ) ) ;
#685 = DIRECTION ( 'NONE',  ( 0.000000000000000000, 0.000000000000000000, 1.000000000000000000 ) ) ;
#686 = ORIENTED_EDGE ( 'NONE', *, *, #972, .F. ) ;
#687 = CARTESIAN_POINT ( 'NONE',  ( 0.5100000001334592525, 0.8966666666666667229, 0.3399999999999995803 ) ) ;
#688 = STYLED_ITEM ( 'NONE', ( #444 ), #758 ) ;
#689 = ORIENTED_EDGE ( 'NONE', *, *, #1422, .T. ) ;
#690 = EDGE_CURVE ( 'NONE', #1073, #861, #440, .T. ) ;
#691 = VERTEX_POINT ( 'NONE', #1402 ) ;
#692 =( GEOMETRIC_REPRESENTATION_CONTEXT ( 3 ) GLOBAL_UNCERTAINTY_ASSIGNED_CONTEXT ( ( #76 ) ) GLOBAL_UNIT_ASSIGNED_CONTEXT ( ( #524, #628, #740 ) ) REPRESENTATION_CONTEXT ( 'NONE', 'WORKASPACE' ) );
#693 = ORIENTED_EDGE ( 'NONE', *, *, #296, .T. ) ;
#694 = PRESENTATION_LAYER_ASSIGNMENT (  '', '', ( #1277 ) ) ;
#695 = DIRECTION ( 'NONE',  ( -0.000000000000000000, 1.000000000000000000, 0.000000000000000000 ) ) ;
#696 = ORIENTED_EDGE ( 'NONE', *, *, #551, .F. ) ;
#697 = DIRECTION ( 'NONE',  ( 0.000000000000000000, 0.000000000000000000, 1.000000000000000000 ) ) ;
#698 = VERTEX_POINT ( 'NONE', #1301 ) ;
#699 = DIRECTION ( 'NONE',  ( -1.000000000000000000, 0.000000000000000000, 0.000000000000000000 ) ) ;
#700 = ORIENTED_EDGE ( 'NONE', *, *, #85, .F. ) ;
#701 = DIRECTION ( 'NONE',  ( 0.000000000000000000, 0.000000000000000000, -1.000000000000000000 ) ) ;
#702 = EDGE_CURVE ( 'NONE', #1166, #833, #488, .T. ) ;
#703 = ORIENTED_EDGE ( 'NONE', *, *, #297, .F. ) ;
#704 = DIRECTION ( 'NONE',  ( 1.000000000000000000, 0.000000000000000000, 0.000000000000000000 ) ) ;
#705 = VERTEX_POINT ( 'NONE', #288 ) ;
#706 = DIRECTION ( 'NONE',  ( 0.000000000000000000, 0.000000000000000000, -1.000000000000000000 ) ) ;
#707 = VERTEX_POINT ( 'NONE', #97 ) ;
#708 = EDGE_LOOP ( 'NONE', ( #1309, #1237, #792 ) ) ;
#709 = DIRECTION ( 'NONE',  ( 1.000000000000000000, 0.000000000000000000, 0.000000000000000000 ) ) ;
#710 = AXIS2_PLACEMENT_3D ( 'NONE', #995, #1078, #215 ) ;
#711 = ORIENTED_EDGE ( 'NONE', *, *, #290, .F. ) ;
#712 = CARTESIAN_POINT ( 'NONE',  ( 0.7199999999999999734, 0.8699999999999999956, -0.3399999999999998579 ) ) ;
#713 = DIRECTION ( 'NONE',  ( 0.000000000000000000, 1.000000000000000000, 0.000000000000000000 ) ) ;
#714 = ORIENTED_EDGE ( 'NONE', *, *, #1055, .T. ) ;
#715 = VERTEX_POINT ( 'NONE', #750 ) ;
#716 = ADVANCED_FACE ( 'NONE', ( #1 ), #471, .T. ) ;
#717 = ORIENTED_EDGE ( 'NONE', *, *, #909, .T. ) ;
#718 = DIRECTION ( 'NONE',  ( 0.000000000000000000, 0.000000000000000000, -1.000000000000000000 ) ) ;
#719 = AXIS2_PLACEMENT_3D ( 'NONE', #1217, #238, #321 ) ;
#720 = ORIENTED_EDGE ( 'NONE', *, *, #1267, .F. ) ;
#721 = AXIS2_PLACEMENT_3D ( 'NONE', #29, #789, #699 ) ;
#722 = DIRECTION ( 'NONE',  ( 0.000000000000000000, 0.000000000000000000, -1.000000000000000000 ) ) ;
#723 = CARTESIAN_POINT ( 'NONE',  ( -0.5099999999999997868, 0.9100000000000000311, 0.3799999999999999489 ) ) ;
#724 = EDGE_LOOP ( 'NONE', ( #693, #606, #1276, #682 ) ) ;
#725 = VERTEX_POINT ( 'NONE', #1048 ) ;
#726 = CARTESIAN_POINT ( 'NONE',  ( 0.5100000000197724148, 0.03999999999999999389, -0.3400000000000000244 ) ) ;
#727 = ORIENTED_EDGE ( 'NONE', *, *, #610, .F. ) ;
#728 =( LENGTH_UNIT ( ) NAMED_UNIT ( * ) SI_UNIT ( .MILLI., .METRE. ) );
#729 =( NAMED_UNIT ( * ) PLANE_ANGLE_UNIT ( ) SI_UNIT ( $, .RADIAN. ) );
#730 = EDGE_LOOP ( 'NONE', ( #847, #804, #298, #1284 ) ) ;
#731 = CARTESIAN_POINT ( 'NONE',  ( -0.5099999999999998979, 0.01333333333333334286, 0.3399999999999999134 ) ) ;
#732 = FILL_AREA_STYLE ('',( #293 ) ) ;
#733 = CARTESIAN_POINT ( 'NONE',  ( 0.000000000000000000, 0.000000000000000000, 0.3399999999999999689 ) ) ;
#734 = ORIENTED_EDGE ( 'NONE', *, *, #967, .T. ) ;
#735 = EDGE_CURVE ( 'NONE', #273, #268, #1415, .T. ) ;
#736 = ORIENTED_EDGE ( 'NONE', *, *, #801, .T. ) ;
#737 = EDGE_LOOP ( 'NONE', ( #324, #263, #135 ) ) ;
#738 = AXIS2_PLACEMENT_3D ( 'NONE', #134, #558, #1350 ) ;
#739 = EDGE_CURVE ( 'NONE', #815, #1168, #3, .T. ) ;
#740 =( NAMED_UNIT ( * ) SI_UNIT ( $, .STERADIAN. ) SOLID_ANGLE_UNIT ( ) );
#741 = VERTEX_POINT ( 'NONE', #423 ) ;
#742 = ADVANCED_FACE ( 'NONE', ( #927 ), #461, .T. ) ;
#743 = CARTESIAN_POINT ( 'NONE',  ( -0.7199999999999999734, 0.8699999999999999956, 1.027138900249425480E-16 ) ) ;
#744 = SURFACE_STYLE_USAGE ( .BOTH. , #533 ) ;
#745 = DIRECTION ( 'NONE',  ( -1.000000000000000000, 0.000000000000000000, -0.000000000000000000 ) ) ;
#746 = ORIENTED_EDGE ( 'NONE', *, *, #364, .T. ) ;
#747 = MECHANICAL_DESIGN_GEOMETRIC_PRESENTATION_REPRESENTATION (  '', ( #536 ), #672 ) ;
#748 = ORIENTED_EDGE ( 'NONE', *, *, #1033, .T. ) ;
#749 = EDGE_LOOP ( 'NONE', ( #287, #285, #259, #317 ) ) ;
#750 = CARTESIAN_POINT ( 'NONE',  ( -0.5099999999999998979, 0.03999999999999999389, -0.3666666666666665853 ) ) ;
#751 = EDGE_LOOP ( 'NONE', ( #1302, #357, #1220, #371 ) ) ;
#752 = ADVANCED_FACE ( 'NONE', ( #454 ), #485, .T. ) ;
#753 = CARTESIAN_POINT ( 'NONE',  ( 0.5100000000197724148, 0.01333333333333333245, 0.3399999998853027727 ) ) ;
#754 = CARTESIAN_POINT ( 'NONE',  ( 0.5099999999999997868, 0.9100000000000000311, 0.3399999999999999689 ) ) ;
#755 = CARTESIAN_POINT ( 'NONE',  ( 500000.0000000000582, 0.8966666666666667229, -0.3400000000433680558 ) ) ;
#756 = ORIENTED_EDGE ( 'NONE', *, *, #1189, .F. ) ;
#757 = EDGE_CURVE ( 'NONE', #1265, #782, #1397, .T. ) ;
#758 = MANIFOLD_SOLID_BREP ( 'Fillet1', #1318 ) ;
#759 = ORIENTED_EDGE ( 'NONE', *, *, #205, .F. ) ;
#760 = ORIENTED_EDGE ( 'NONE', *, *, #870, .F. ) ;
#761 = CARTESIAN_POINT ( 'NONE',  ( 0.7199999999999998623, 0.03999999999999999389, 0.3399999999999999689 ) ) ;
#762 = AXIS2_PLACEMENT_3D ( 'NONE', #650, #541, #772 ) ;
#763 = ORIENTED_EDGE ( 'NONE', *, *, #566, .F. ) ;
#764 = PRODUCT_DEFINITION_SHAPE ( 'NONE', 'NONE',  #779 ) ;
#765 =( LENGTH_UNIT ( ) NAMED_UNIT ( * ) SI_UNIT ( .MILLI., .METRE. ) );
#766 = CARTESIAN_POINT ( 'NONE',  ( 500000.0000000000582, 0.01333333333333333245, -0.3400000000433678338 ) ) ;
#767 = ORIENTED_EDGE ( 'NONE', *, *, #632, .T. ) ;
#768 = ADVANCED_FACE ( 'NONE', ( #954 ), #1074, .F. ) ;
#769 = AXIS2_PLACEMENT_3D ( 'NONE', #1296, #330, #197 ) ;
#770 = ORIENTED_EDGE ( 'NONE', *, *, #1145, .F. ) ;
#771 = EDGE_LOOP ( 'NONE', ( #816, #791, #826, #703 ) ) ;
#772 = DIRECTION ( 'NONE',  ( -1.000000000000000000, 0.000000000000000000, 0.000000000000000000 ) ) ;
#773 = DIRECTION ( 'NONE',  ( 1.000000000000000000, 0.000000000000000000, 0.000000000000000000 ) ) ;
#774 = CARTESIAN_POINT ( 'NONE',  ( -0.7200000000000000844, 0.9100000000000000311, -0.3399999999999998579 ) ) ;
#775 = ORIENTED_EDGE ( 'NONE', *, *, #1140, .T. ) ;
#776 = DIRECTION ( 'NONE',  ( 1.000000000000000000, -0.000000000000000000, 0.000000000000000000 ) ) ;
#777 = ORIENTED_EDGE ( 'NONE', *, *, #50, .T. ) ;
#778 = EDGE_CURVE ( 'NONE', #637, #715, #8, .T. ) ;
#779 = PRODUCT_DEFINITION ( 'UNKNOWN', '', #456, #185 ) ;
#780 = ORIENTED_EDGE ( 'NONE', *, *, #600, .F. ) ;
#781 = ADVANCED_FACE ( 'NONE', ( #933 ), #80, .F. ) ;
#782 = VERTEX_POINT ( 'NONE', #474 ) ;
#783 = CARTESIAN_POINT ( 'NONE',  ( 0.5100000000197724148, 0.8699999999999999956, 0.3399999999999998024 ) ) ;
#784 = SURFACE_STYLE_USAGE ( .BOTH. , #660 ) ;
#785 = ORIENTED_EDGE ( 'NONE', *, *, #139, .F. ) ;
#786 = CARTESIAN_POINT ( 'NONE',  ( -0.5099999999999998979, 0.8699999999999999956, 0.3666666666666666408 ) ) ;
#787 = AXIS2_PLACEMENT_3D ( 'NONE', #381, #831, #150 ) ;
#788 = ORIENTED_EDGE ( 'NONE', *, *, #735, .F. ) ;
#789 = DIRECTION ( 'NONE',  ( 0.000000000000000000, 0.000000000000000000, -1.000000000000000000 ) ) ;
#790 = PLANE ( 'NONE',  #151 ) ;
#791 = ORIENTED_EDGE ( 'NONE', *, *, #1287, .T. ) ;
#792 = ORIENTED_EDGE ( 'NONE', *, *, #690, .F. ) ;
#793 = ADVANCED_FACE ( 'NONE', ( #1401 ), #960, .T. ) ;
#794 = DIRECTION ( 'NONE',  ( -1.000000000000000000, 0.000000000000000000, 0.000000000000000000 ) ) ;
#795 =( LENGTH_UNIT ( ) NAMED_UNIT ( * ) SI_UNIT ( .MILLI., .METRE. ) );
#796 =( LENGTH_UNIT ( ) NAMED_UNIT ( * ) SI_UNIT ( .MILLI., .METRE. ) );
#797 = VERTEX_POINT ( 'NONE', #1224 ) ;
#798 = CARTESIAN_POINT ( 'NONE',  ( 0.7199999999999999734, 0.000000000000000000, 1.027138900249425480E-16 ) ) ;
#799 = ORIENTED_EDGE ( 'NONE', *, *, #442, .F. ) ;
#800 = AXIS2_PLACEMENT_3D ( 'NONE', #1342, #579, #391 ) ;
#801 = EDGE_CURVE ( 'NONE', #179, #289, #934, .T. ) ;
#802 = DIRECTION ( 'NONE',  ( -0.000000000000000000, 1.000000000000000000, -0.000000000000000000 ) ) ;
#803 = DIRECTION ( 'NONE',  ( 0.000000000000000000, -1.000000000000000000, 0.000000000000000000 ) ) ;
#804 = ORIENTED_EDGE ( 'NONE', *, *, #632, .F. ) ;
#805 = STYLED_ITEM ( 'NONE', ( #437 ), #666 ) ;
#806 = ORIENTED_EDGE ( 'NONE', *, *, #1408, .F. ) ;
#807 = CARTESIAN_POINT ( 'NONE',  ( 0.5099999999999997868, 0.8699999999999999956, 0.3799999999999999489 ) ) ;
#808 = DIRECTION ( 'NONE',  ( -1.000000000000000000, 0.000000000000000000, 0.000000000000000000 ) ) ;
#809 = SURFACE_STYLE_USAGE ( .BOTH. , #917 ) ;
#810 = ORIENTED_EDGE ( 'NONE', *, *, #346, .F. ) ;
#811 = ADVANCED_FACE ( 'NONE', ( #1404 ), #888, .F. ) ;
#812 = ORIENTED_EDGE ( 'NONE', *, *, #1219, .T. ) ;
#813 = SURFACE_STYLE_USAGE ( .BOTH. , #40 ) ;
#814 = CARTESIAN_POINT ( 'NONE',  ( 0.000000000000000000, 0.000000000000000000, 0.000000000000000000 ) ) ;
#815 = VERTEX_POINT ( 'NONE', #900 ) ;
#816 = ORIENTED_EDGE ( 'NONE', *, *, #1219, .F. ) ;
#817 = CARTESIAN_POINT ( 'NONE',  ( -0.7199999999999998623, 0.9100000000000000311, 0.3399999999999999689 ) ) ;
#818 = LINE ( 'NONE', #1185, #349 ) ;
#819 = CARTESIAN_POINT ( 'NONE',  ( -0.5099999999999998979, 0.8699999999999999956, -0.3399999999999999134 ) ) ;
#820 = EDGE_LOOP ( 'NONE', ( #1091, #202, #282, #1076 ) ) ;
#821 = PRESENTATION_LAYER_ASSIGNMENT (  '', '', ( #9 ) ) ;
#822 = EDGE_CURVE ( 'NONE', #1168, #637, #11, .T. ) ;
#823 = CARTESIAN_POINT ( 'NONE',  ( -0.5099999999999998979, 0.000000000000000000, -0.3799999999999998379 ) ) ;
#824 = ORIENTED_EDGE ( 'NONE', *, *, #311, .F. ) ;
#825 = DIRECTION ( 'NONE',  ( 0.000000000000000000, 1.000000000000000000, 0.000000000000000000 ) ) ;
#826 = ORIENTED_EDGE ( 'NONE', *, *, #822, .T. ) ;
#827 =( GEOMETRIC_REPRESENTATION_CONTEXT ( 3 ) GLOBAL_UNCERTAINTY_ASSIGNED_CONTEXT ( ( #542 ) ) GLOBAL_UNIT_ASSIGNED_CONTEXT ( ( #284, #639, #619 ) ) REPRESENTATION_CONTEXT ( 'NONE', 'WORKASPACE' ) );
#828 = LINE ( 'NONE', #733, #1289 ) ;
#829 = VECTOR ( 'NONE', #552, 1000.000000000000000 ) ;
#830 = CARTESIAN_POINT ( 'NONE',  ( 0.7199999999999998623, 0.9100000000000000311, 0.3799999999999999489 ) ) ;
#831 = DIRECTION ( 'NONE',  ( 1.000000000000000000, 0.000000000000000000, 1.426581805901979882E-16 ) ) ;
#832 = DIRECTION ( 'NONE',  ( 0.000000000000000000, 1.000000000000000000, 0.000000000000000000 ) ) ;
#833 = VERTEX_POINT ( 'NONE', #245 ) ;
#834 = CARTESIAN_POINT ( 'NONE',  ( -0.7199999999999998623, 0.9100000000000000311, 0.3799999999999999489 ) ) ;
#835 = VERTEX_POINT ( 'NONE', #807 ) ;
#836 = EDGE_CURVE ( 'NONE', #243, #158, #1420, .T. ) ;
#837 = VERTEX_POINT ( 'NONE', #1321 ) ;
#838 = CARTESIAN_POINT ( 'NONE',  ( -0.7599999999999997868, 0.03999999999999999389, 0.3399999999999999689 ) ) ;
#839 = PRESENTATION_STYLE_ASSIGNMENT (( #1207 ) ) ;
#840 = ORIENTED_EDGE ( 'NONE', *, *, #1046, .T. ) ;
#841 = DIRECTION ( 'NONE',  ( 0.000000000000000000, 1.000000000000000000, 0.000000000000000000 ) ) ;
#842 = ORIENTED_EDGE ( 'NONE', *, *, #1082, .T. ) ;
#843 = SURFACE_STYLE_USAGE ( .BOTH. , #87 ) ;
#844 = EDGE_LOOP ( 'NONE', ( #1067, #760, #635, #307 ) ) ;
#845 = AXIS2_PLACEMENT_3D ( 'NONE', #1203, #1236, #893 ) ;
#846 = SPHERICAL_SURFACE ( 'NONE', #895, 0.04000000000000000083 ) ;
#847 = ORIENTED_EDGE ( 'NONE', *, *, #1046, .F. ) ;
#848 = FACE_OUTER_BOUND ( 'NONE', #177, .T. ) ;
#849 = DIRECTION ( 'NONE',  ( -0.000000000000000000, -1.000000000000000000, -0.000000000000000000 ) ) ;
#850 = EDGE_LOOP ( 'NONE', ( #132, #1238, #736, #1205, #160, #812, #255, #1214 ) ) ;
#851 = COLOUR_RGB ( '',0.4862745098039215619, 0.2352941176470588203, 0.01568627450980392135 ) ;
#852 = VERTEX_POINT ( 'NONE', #223 ) ;
#853 = DIRECTION ( 'NONE',  ( 1.000000000000000000, 0.000000000000000000, 0.000000000000000000 ) ) ;
#854 = EDGE_LOOP ( 'NONE', ( #618, #714, #608, #137 ) ) ;
#855 =( GEOMETRIC_REPRESENTATION_CONTEXT ( 3 ) GLOBAL_UNCERTAINTY_ASSIGNED_CONTEXT ( ( #1403 ) ) GLOBAL_UNIT_ASSIGNED_CONTEXT ( ( #1024, #247, #477 ) ) REPRESENTATION_CONTEXT ( 'NONE', 'WORKASPACE' ) );
#856 = ORIENTED_EDGE ( 'NONE', *, *, #1267, .T. ) ;
#857 = PLANE ( 'NONE',  #667 ) ;
#858 = PRESENTATION_STYLE_ASSIGNMENT (( #469 ) ) ;
#859 =( LENGTH_UNIT ( ) NAMED_UNIT ( * ) SI_UNIT ( .MILLI., .METRE. ) );
#860 = FILL_AREA_STYLE_COLOUR ( '', #1281 ) ;
#861 = VERTEX_POINT ( 'NONE', #335 ) ;
#862 = LINE ( 'NONE', #341, #863 ) ;
#863 = VECTOR ( 'NONE', #678, 1000.000000000000000 ) ;
#864 = LINE ( 'NONE', #129, #829 ) ;
#865 = DIRECTION ( 'NONE',  ( -1.426581805901979882E-16, 0.000000000000000000, -1.000000000000000000 ) ) ;
#866 = VECTOR ( 'NONE', #802, 1000.000000000000000 ) ;
#867 = DIRECTION ( 'NONE',  ( -0.000000000000000000, 1.000000000000000000, -0.000000000000000000 ) ) ;
#868 = CARTESIAN_POINT ( 'NONE',  ( -0.5099999999999998979, 0.8699999999999999956, -0.3799999999999998379 ) ) ;
#869 = PRESENTATION_LAYER_ASSIGNMENT (  '', '', ( #27 ) ) ;
#870 = EDGE_CURVE ( 'NONE', #1073, #1210, #938, .T. ) ;
#871 = VECTOR ( 'NONE', #107, 1000.000000000000000 ) ;
#872 = DIRECTION ( 'NONE',  ( 1.000000000000000000, 0.000000000000000000, -8.673617379884036705E-17 ) ) ;
#873 = CIRCLE ( 'NONE', #1393, 0.02666666666666664756 ) ;
#874 = SURFACE_SIDE_STYLE ('',( #1336 ) ) ;
#875 = AXIS2_PLACEMENT_3D ( 'NONE', #71, #326, #966 ) ;
#876 = LINE ( 'NONE', #2, #398 ) ;
#877 = COLOUR_RGB ( '',0.4862745098039215619, 0.2352941176470588203, 0.01568627450980392135 ) ;
#878 = FILL_AREA_STYLE_COLOUR ( '', #1417 ) ;
#879 = LINE ( 'NONE', #940, #898 ) ;
#880 = CIRCLE ( 'NONE', #958, 0.03999999999999999389 ) ;
#881 = CARTESIAN_POINT ( 'NONE',  ( -0.5099999999999998979, 0.8966666666666667229, 0.3399999999999996914 ) ) ;
#882 = CYLINDRICAL_SURFACE ( 'NONE', #1335, 0.02666666666666664756 ) ;
#883 = DIRECTION ( 'NONE',  ( 1.000000000000000000, 0.000000000000000000, -8.673617379884036705E-17 ) ) ;
#884 = FACE_OUTER_BOUND ( 'NONE', #670, .T. ) ;
#885 = EDGE_CURVE ( 'NONE', #1258, #1179, #1419, .T. ) ;
#886 = FACE_OUTER_BOUND ( 'NONE', #677, .T. ) ;
#887 = LINE ( 'NONE', #823, #411 ) ;
#888 = PLANE ( 'NONE',  #106 ) ;
#889 = AXIS2_PLACEMENT_3D ( 'NONE', #1089, #907, #1009 ) ;
#890 = AXIS2_PLACEMENT_3D ( 'NONE', #1208, #365, #1333 ) ;
#891 = COLOUR_RGB ( '',0.4862745098039215619, 0.2352941176470588203, 0.01568627450980392135 ) ;
#892 = DIRECTION ( 'NONE',  ( 1.000000000000000000, 0.000000000000000000, 0.000000000000000000 ) ) ;
#893 = DIRECTION ( 'NONE',  ( -2.710505431213761479E-15, 0.000000000000000000, 1.000000000000000000 ) ) ;
#894 = CARTESIAN_POINT ( 'NONE',  ( 500000.0000000000582, 0.8699999999999999956, 0.3666666666232984428 ) ) ;
#895 = AXIS2_PLACEMENT_3D ( 'NONE', #239, #713, #315 ) ;
#896 = CARTESIAN_POINT ( 'NONE',  ( 0.7199999999999999734, 0.03999999999999999389, -0.3399999999999998579 ) ) ;
#897 = UNCERTAINTY_MEASURE_WITH_UNIT (LENGTH_MEASURE( 1.000000000000000082E-05 ), #568, 'distance_accuracy_value', 'NONE');
#898 = VECTOR ( 'NONE', #1381, 1000.000000000000000 ) ;
#899 = CIRCLE ( 'NONE', #1107, 0.03999999999999999389 ) ;
#900 = CARTESIAN_POINT ( 'NONE',  ( -0.5099999999999998979, 0.03999999999999999389, 0.3666666666666665853 ) ) ;
#901 = LINE ( 'NONE', #1215, #1372 ) ;
#902 = FILL_AREA_STYLE ('',( #159 ) ) ;
#903 = LINE ( 'NONE', #868, #916 ) ;
#904 = CARTESIAN_POINT ( 'NONE',  ( 0.7599999999999998979, 0.9100000000000000311, -0.3399999999999998579 ) ) ;
#905 = FACE_OUTER_BOUND ( 'NONE', #630, .T. ) ;
#906 = PRESENTATION_STYLE_ASSIGNMENT (( #809 ) ) ;
#907 = DIRECTION ( 'NONE',  ( -1.000000000000000000, -0.000000000000000000, -0.000000000000000000 ) ) ;
#908 = LINE ( 'NONE', #70, #403 ) ;
#909 = EDGE_CURVE ( 'NONE', #230, #1131, #465, .T. ) ;
#910 = FACE_OUTER_BOUND ( 'NONE', #1274, .T. ) ;
#911 = DIRECTION ( 'NONE',  ( -0.000000000000000000, 0.000000000000000000, -1.000000000000000000 ) ) ;
#912 = FACE_OUTER_BOUND ( 'NONE', #131, .T. ) ;
#913 = CIRCLE ( 'NONE', #495, 0.03999999999999999389 ) ;
#914 = CIRCLE ( 'NONE', #138, 0.03999999999999999389 ) ;
#915 = APPLICATION_CONTEXT ( 'automotive_design' ) ;
#916 = VECTOR ( 'NONE', #1246, 1000.000000000000000 ) ;
#917 = SURFACE_SIDE_STYLE ('',( #417 ) ) ;
#918 = CIRCLE ( 'NONE', #1378, 0.02666666666666669960 ) ;
#919 = CARTESIAN_POINT ( 'NONE',  ( 500000.0000000000582, 0.01333333333333333245, 0.3399999999566317710 ) ) ;
#920 = LINE ( 'NONE', #798, #1345 ) ;
#921 = STYLED_ITEM ( 'NONE', ( #431 ), #306 ) ;
#922 = DIRECTION ( 'NONE',  ( -1.000000000000000000, -2.710505431213761479E-15, 0.000000000000000000 ) ) ;
#923 = LINE ( 'NONE', #231, #1360 ) ;
#924 = SPHERICAL_SURFACE ( 'NONE', #956, 0.04000000000000000083 ) ;
#925 = DIRECTION ( 'NONE',  ( 1.426581805901979882E-16, 0.000000000000000000, 1.000000000000000000 ) ) ;
#926 =( NAMED_UNIT ( * ) PLANE_ANGLE_UNIT ( ) SI_UNIT ( $, .RADIAN. ) );
#927 = FACE_OUTER_BOUND ( 'NONE', #1209, .T. ) ;
#928 = PLANE ( 'NONE',  #127 ) ;
#929 = EDGE_CURVE ( 'NONE', #214, #1190, #18, .T. ) ;
#930 = VECTOR ( 'NONE', #1272, 1000.000000000000000 ) ;
#931 = PRESENTATION_LAYER_ASSIGNMENT (  '', '', ( #1307 ) ) ;
#932 =( NAMED_UNIT ( * ) SI_UNIT ( $, .STERADIAN. ) SOLID_ANGLE_UNIT ( ) );
#933 = FACE_OUTER_BOUND ( 'NONE', #338, .T. ) ;
#934 = CIRCLE ( 'NONE', #419, 0.02666666666666669960 ) ;
#935 = DIRECTION ( 'NONE',  ( 1.000000000000000000, 0.000000000000000000, 1.426581805901979882E-16 ) ) ;
#936 = VECTOR ( 'NONE', #1348, 1000.000000000000000 ) ;
#937 = DIRECTION ( 'NONE',  ( 0.000000000000000000, -1.000000000000000000, 0.000000000000000000 ) ) ;
#938 = LINE ( 'NONE', #1003, #458 ) ;
#939 = DIRECTION ( 'NONE',  ( 0.000000000000000000, 0.000000000000000000, 1.000000000000000000 ) ) ;
#940 = CARTESIAN_POINT ( 'NONE',  ( 0.5099999999999998979, 0.8699999999999999956, -0.3799999999999998379 ) ) ;
#941 = AXIS2_PLACEMENT_3D ( 'NONE', #499, #709, #186 ) ;
#942 = DIRECTION ( 'NONE',  ( 0.000000000000000000, 0.000000000000000000, 1.000000000000000000 ) ) ;
#943 = CARTESIAN_POINT ( 'NONE',  ( -0.7599999999999998979, 0.9100000000000000311, -0.3799999999999998379 ) ) ;
#944 = AXIS2_PLACEMENT_3D ( 'NONE', #78, #537, #773 ) ;
#945 = UNCERTAINTY_MEASURE_WITH_UNIT (LENGTH_MEASURE( 1.000000000000000082E-05 ), #362, 'distance_accuracy_value', 'NONE');
#946 = DIRECTION ( 'NONE',  ( 1.000000000000000000, 0.000000000000000000, 0.000000000000000000 ) ) ;
#947 = ADVANCED_FACE ( 'NONE', ( #529 ), #979, .T. ) ;
#948 = DIRECTION ( 'NONE',  ( 0.000000000000000000, 1.000000000000000000, 0.000000000000000000 ) ) ;
#949 = CARTESIAN_POINT ( 'NONE',  ( 0.7199999999999999734, 0.9100000000000000311, -0.3799999999999998379 ) ) ;
#950 = CIRCLE ( 'NONE', #1010, 0.02666666666666664756 ) ;
#951 = CARTESIAN_POINT ( 'NONE',  ( -0.7199999999999999734, 0.9100000000000000311, -0.3399999999999998579 ) ) ;
#952 = AXIS2_PLACEMENT_3D ( 'NONE', #587, #356, #701 ) ;
#953 = LINE ( 'NONE', #413, #930 ) ;
#954 = FACE_OUTER_BOUND ( 'NONE', #145, .T. ) ;
#955 = DIRECTION ( 'NONE',  ( 0.000000000000000000, 0.000000000000000000, -1.000000000000000000 ) ) ;
#956 = AXIS2_PLACEMENT_3D ( 'NONE', #1245, #937, #1384 ) ;
#957 =( NAMED_UNIT ( * ) SI_UNIT ( $, .STERADIAN. ) SOLID_ANGLE_UNIT ( ) );
#958 = AXIS2_PLACEMENT_3D ( 'NONE', #1242, #1369, #697 ) ;
#959 = UNCERTAINTY_MEASURE_WITH_UNIT (LENGTH_MEASURE( 1.000000000000000082E-05 ), #1100, 'distance_accuracy_value', 'NONE');
#960 = SPHERICAL_SURFACE ( 'NONE', #762, 0.04000000000000000083 ) ;
#961 = CARTESIAN_POINT ( 'NONE',  ( 0.7599999999999998979, 0.9100000000000000311, -0.3799999999999998379 ) ) ;
#962 = DIRECTION ( 'NONE',  ( 1.000000000000000000, 0.000000000000000000, 0.000000000000000000 ) ) ;
#963 = PRESENTATION_LAYER_ASSIGNMENT (  '', '', ( #982 ) ) ;
#964 = VECTOR ( 'NONE', #155, 1000.000000000000000 ) ;
#965 = VECTOR ( 'NONE', #130, 1000.000000000000000 ) ;
#966 = DIRECTION ( 'NONE',  ( 1.000000000000000000, 0.000000000000000000, 1.426581805901981114E-16 ) ) ;
#967 = EDGE_CURVE ( 'NONE', #698, #1265, #502, .T. ) ;
#968 = LINE ( 'NONE', #376, #37 ) ;
#969 = DIRECTION ( 'NONE',  ( -1.000000000000000000, -0.000000000000000000, 8.673617379884037937E-17 ) ) ;
#970 =( NAMED_UNIT ( * ) PLANE_ANGLE_UNIT ( ) SI_UNIT ( $, .RADIAN. ) );
#971 = VECTOR ( 'NONE', #242, 1000.000000000000000 ) ;
#972 = EDGE_CURVE ( 'NONE', #268, #654, #77, .T. ) ;
#973 = FACE_OUTER_BOUND ( 'NONE', #844, .T. ) ;
#974 = CYLINDRICAL_SURFACE ( 'NONE', #1004, 0.03999999999999999389 ) ;
#975 = AXIS2_PLACEMENT_3D ( 'NONE', #187, #1421, #962 ) ;
#976 = CARTESIAN_POINT ( 'NONE',  ( 0.7599999999999998979, 0.9100000000000000311, -0.3799999999999998379 ) ) ;
#977 = CARTESIAN_POINT ( 'NONE',  ( 500000.0000000000582, 0.03999999999999999389, 0.3666666666232984428 ) ) ;
#978 = FACE_OUTER_BOUND ( 'NONE', #662, .T. ) ;
#979 = SPHERICAL_SURFACE ( 'NONE', #1054, 0.04000000000000000083 ) ;
#980 = LINE ( 'NONE', #1049, #41 ) ;
#981 = FILL_AREA_STYLE ('',( #878 ) ) ;
#982 = STYLED_ITEM ( 'NONE', ( #1354 ), #88 ) ;
#983 = VECTOR ( 'NONE', #426, 1000.000000000000000 ) ;
#984 =( NAMED_UNIT ( * ) PLANE_ANGLE_UNIT ( ) SI_UNIT ( $, .RADIAN. ) );
#985 = ADVANCED_FACE ( 'NONE', ( #978 ), #790, .F. ) ;
#986 = EDGE_CURVE ( 'NONE', #837, #179, #968, .T. ) ;
#987 = DIRECTION ( 'NONE',  ( 0.000000000000000000, 0.000000000000000000, 1.000000000000000000 ) ) ;
#988 = LINE ( 'NONE', #414, #60 ) ;
#989 = FACE_OUTER_BOUND ( 'NONE', #1173, .T. ) ;
#990 = UNCERTAINTY_MEASURE_WITH_UNIT (LENGTH_MEASURE( 1.000000000000000082E-05 ), #614, 'distance_accuracy_value', 'NONE');
#991 = DIRECTION ( 'NONE',  ( 1.000000000000000000, 0.000000000000000000, 0.000000000000000000 ) ) ;
#992 = CARTESIAN_POINT ( 'NONE',  ( 0.7200000000000000844, 0.8699999999999999956, -0.3399999999999998579 ) ) ;
#993 = SURFACE_SIDE_STYLE ('',( #434 ) ) ;
#994 = CIRCLE ( 'NONE', #1106, 0.03999999999999999389 ) ;
#995 = CARTESIAN_POINT ( 'NONE',  ( 0.5099999999999997868, 0.8699999999999999956, 0.3399999999999999689 ) ) ;
#996 = DIRECTION ( 'NONE',  ( -1.000000000000000000, 0.000000000000000000, 8.673617379884036705E-17 ) ) ;
#997 = DIRECTION ( 'NONE',  ( -1.000000000000000000, 0.000000000000000000, 0.000000000000000000 ) ) ;
#998 = CIRCLE ( 'NONE', #1160, 0.03999999999999999389 ) ;
#999 = ADVANCED_FACE ( 'NONE', ( #544 ), #42, .F. ) ;
#1000 = EDGE_CURVE ( 'NONE', #1159, #1324, #517, .T. ) ;
#1001 = VECTOR ( 'NONE', #163, 1000.000000000000000 ) ;
#1002 = LINE ( 'NONE', #1052, #983 ) ;
#1003 = CARTESIAN_POINT ( 'NONE',  ( -0.7199999999999999734, 0.9100000000000000311, -0.3799999999999998379 ) ) ;
#1004 = AXIS2_PLACEMENT_3D ( 'NONE', #951, #1398, #386 ) ;
#1005 = EDGE_CURVE ( 'NONE', #741, #1265, #498, .T. ) ;
#1006 = SURFACE_SIDE_STYLE ('',( #1068 ) ) ;
#1007 = CYLINDRICAL_SURFACE ( 'NONE', #1251, 0.03999999999999999389 ) ;
#1008 = PLANE ( 'NONE',  #374 ) ;
#1009 = DIRECTION ( 'NONE',  ( 0.000000000000000000, 0.000000000000000000, 1.000000000000000000 ) ) ;
#1010 = AXIS2_PLACEMENT_3D ( 'NONE', #726, #1034, #1373 ) ;
#1011 = FILL_AREA_STYLE ('',( #26 ) ) ;
#1012 = LINE ( 'NONE', #1294, #75 ) ;
#1013 = CARTESIAN_POINT ( 'NONE',  ( 0.7599999999999998979, 0.8699999999999999956, -0.3799999999999998379 ) ) ;
#1014 = CARTESIAN_POINT ( 'NONE',  ( 0.7599999999999997868, 0.9100000000000000311, 0.3399999999999999689 ) ) ;
#1015 = ADVANCED_FACE ( 'NONE', ( #506 ), #270, .T. ) ;
#1016 = DIRECTION ( 'NONE',  ( -0.000000000000000000, 1.000000000000000000, -0.000000000000000000 ) ) ;
#1017 = DIRECTION ( 'NONE',  ( 0.000000000000000000, -1.000000000000000000, 0.000000000000000000 ) ) ;
#1018 = DIRECTION ( 'NONE',  ( 0.000000000000000000, -1.000000000000000000, 0.000000000000000000 ) ) ;
#1019 = EDGE_CURVE ( 'NONE', #1228, #861, #1028, .T. ) ;
#1020 = DIRECTION ( 'NONE',  ( 2.710505431213761479E-15, -1.000000000000000000, 0.000000000000000000 ) ) ;
#1021 = DIRECTION ( 'NONE',  ( 0.000000000000000000, -0.000000000000000000, -1.000000000000000000 ) ) ;
#1022 = AXIS2_PLACEMENT_3D ( 'NONE', #367, #574, #490 ) ;
#1023 = ADVANCED_FACE ( 'NONE', ( #989 ), #39, .T. ) ;
#1024 =( LENGTH_UNIT ( ) NAMED_UNIT ( * ) SI_UNIT ( .MILLI., .METRE. ) );
#1025 = CARTESIAN_POINT ( 'NONE',  ( 0.7200000000000000844, 0.9100000000000000311, -0.3399999999999998579 ) ) ;
#1026 = AXIS2_PLACEMENT_3D ( 'NONE', #896, #997, #16 ) ;
#1027 = DIRECTION ( 'NONE',  ( 0.000000000000000000, 0.000000000000000000, -1.000000000000000000 ) ) ;
#1028 = LINE ( 'NONE', #32, #971 ) ;
#1029 = CARTESIAN_POINT ( 'NONE',  ( 0.7199999999999998623, 0.03999999999999999389, 0.3399999999999999689 ) ) ;
#1030 = CARTESIAN_POINT ( 'NONE',  ( 0.7199999999999998623, 0.8699999999999999956, 0.3399999999999999689 ) ) ;
#1031 = ADVANCED_FACE ( 'NONE', ( #55 ), #1007, .T. ) ;
#1032 = LINE ( 'NONE', #1225, #575 ) ;
#1033 = EDGE_CURVE ( 'NONE', #1278, #273, #19, .T. ) ;
#1034 = DIRECTION ( 'NONE',  ( 1.000000000000000000, 0.000000000000000000, 1.426581805901979882E-16 ) ) ;
#1035 = AXIS2_PLACEMENT_3D ( 'NONE', #814, #1103, #1143 ) ;
#1036 = VECTOR ( 'NONE', #1017, 1000.000000000000000 ) ;
#1037 = DIRECTION ( 'NONE',  ( 1.000000000000000000, 0.000000000000000000, 0.000000000000000000 ) ) ;
#1038 = SURFACE_STYLE_FILL_AREA ( #466 ) ;
#1039 = VECTOR ( 'NONE', #629, 1000.000000000000000 ) ;
#1040 = AXIS2_PLACEMENT_3D ( 'NONE', #1109, #136, #467 ) ;
#1041 = DIRECTION ( 'NONE',  ( 0.000000000000000000, -0.000000000000000000, 1.000000000000000000 ) ) ;
#1042 = FACE_OUTER_BOUND ( 'NONE', #1229, .T. ) ;
#1043 = CARTESIAN_POINT ( 'NONE',  ( 0.5099999999999997868, 0.03999999999999999389, 0.3399999999999999689 ) ) ;
#1044 = FILL_AREA_STYLE ('',( #860 ) ) ;
#1045 = AXIS2_PLACEMENT_3D ( 'NONE', #976, #1069, #1184 ) ;
#1046 = EDGE_CURVE ( 'NONE', #596, #243, #998, .T. ) ;
#1047 = CIRCLE ( 'NONE', #738, 0.03999999999999999389 ) ;
#1048 = CARTESIAN_POINT ( 'NONE',  ( 0.5099999999999998979, 0.000000000000000000, -0.3399999999999998579 ) ) ;
#1049 = CARTESIAN_POINT ( 'NONE',  ( 0.5099999999999997868, 0.9100000000000000311, 0.3799999999999999489 ) ) ;
#1050 = LINE ( 'NONE', #830, #1036 ) ;
#1051 = DIRECTION ( 'NONE',  ( 1.000000000000000000, 0.000000000000000000, 1.426581805901979882E-16 ) ) ;
#1052 = CARTESIAN_POINT ( 'NONE',  ( 0.5099999999999998979, 0.9100000000000000311, -0.3799999999999998379 ) ) ;
#1053 = VECTOR ( 'NONE', #695, 1000.000000000000000 ) ;
#1054 = AXIS2_PLACEMENT_3D ( 'NONE', #567, #673, #794 ) ;
#1055 = EDGE_CURVE ( 'NONE', #312, #1166, #57, .T. ) ;
#1056 = CYLINDRICAL_SURFACE ( 'NONE', #48, 0.03999999999999999389 ) ;
#1057 = DIRECTION ( 'NONE',  ( 0.000000000000000000, 0.000000000000000000, -1.000000000000000000 ) ) ;
#1058 = AXIS2_PLACEMENT_3D ( 'NONE', #540, #948, #1041 ) ;
#1059 = FACE_OUTER_BOUND ( 'NONE', #749, .T. ) ;
#1060 = FILL_AREA_STYLE_COLOUR ( '', #1423 ) ;
#1061 = DIRECTION ( 'NONE',  ( -1.000000000000000000, 0.000000000000000000, 1.426581805901981114E-16 ) ) ;
#1062 = ADVANCED_FACE ( 'NONE', ( #52 ), #146, .F. ) ;
#1063 = ORIENTED_EDGE ( 'NONE', *, *, #1158, .T. ) ;
#1064 = DIRECTION ( 'NONE',  ( 0.000000000000000000, 1.000000000000000000, 0.000000000000000000 ) ) ;
#1065 = ORIENTED_EDGE ( 'NONE', *, *, #1425, .T. ) ;
#1066 = EDGE_CURVE ( 'NONE', #852, #861, #523, .T. ) ;
#1067 = ORIENTED_EDGE ( 'NONE', *, *, #1408, .T. ) ;
#1068 = SURFACE_STYLE_FILL_AREA ( #902 ) ;
#1069 = DIRECTION ( 'NONE',  ( 0.000000000000000000, 0.000000000000000000, 1.000000000000000000 ) ) ;
#1070 =( NAMED_UNIT ( * ) SI_UNIT ( $, .STERADIAN. ) SOLID_ANGLE_UNIT ( ) );
#1071 = ADVANCED_FACE ( 'NONE', ( #22 ), #62, .T. ) ;
#1072 = ORIENTED_EDGE ( 'NONE', *, *, #277, .F. ) ;
#1073 = VERTEX_POINT ( 'NONE', #1249 ) ;
#1074 = PLANE ( 'NONE',  #1273 ) ;
#1075 = AXIS2_PLACEMENT_3D ( 'NONE', #1313, #1018, #337 ) ;
#1076 = ORIENTED_EDGE ( 'NONE', *, *, #152, .F. ) ;
#1077 = PRESENTATION_STYLE_ASSIGNMENT (( #1337 ) ) ;
#1078 = DIRECTION ( 'NONE',  ( 1.000000000000000000, 0.000000000000000000, 1.426581805901979882E-16 ) ) ;
#1079 = ORIENTED_EDGE ( 'NONE', *, *, #7, .T. ) ;
#1080 = CARTESIAN_POINT ( 'NONE',  ( 500000.0000000000582, 0.01333333333333334286, 0.3399999999566317710 ) ) ;
#1081 = ORIENTED_EDGE ( 'NONE', *, *, #1422, .F. ) ;
#1082 = EDGE_CURVE ( 'NONE', #715, #1131, #45, .T. ) ;
#1083 = DIRECTION ( 'NONE',  ( 0.000000000000000000, 0.000000000000000000, -1.000000000000000000 ) ) ;
#1084 = ORIENTED_EDGE ( 'NONE', *, *, #240, .T. ) ;
#1085 = MECHANICAL_DESIGN_GEOMETRIC_PRESENTATION_REPRESENTATION (  '', ( #688 ), #519 ) ;
#1086 = CARTESIAN_POINT ( 'NONE',  ( -0.5099999999999998979, 0.9100000000000000311, -0.3399999999999998579 ) ) ;
#1087 = ORIENTED_EDGE ( 'NONE', *, *, #702, .F. ) ;
#1088 = SHAPE_DEFINITION_REPRESENTATION ( #764, #479 ) ;
#1089 = CARTESIAN_POINT ( 'NONE',  ( 0.7199999999999998623, 0.04000000000000000083, 0.3399999999999999689 ) ) ;
#1090 = FILL_AREA_STYLE_COLOUR ( '', #432 ) ;
#1091 = ORIENTED_EDGE ( 'NONE', *, *, #66, .T. ) ;
#1092 = ORIENTED_EDGE ( 'NONE', *, *, #257, .T. ) ;
#1093 = AXIS2_PLACEMENT_3D ( 'NONE', #65, #265, #161 ) ;
#1094 = ADVANCED_FACE ( 'NONE', ( #530 ), #25, .T. ) ;
#1095 = CARTESIAN_POINT ( 'NONE',  ( -0.5099999999999998979, 0.03999999999999999389, -0.3399999999999998579 ) ) ;
#1096 = CARTESIAN_POINT ( 'NONE',  ( 0.7199999999999999734, 0.8699999999999999956, 0.3399999999999999689 ) ) ;
#1097 = CARTESIAN_POINT ( 'NONE',  ( 500000.0000000000582, 0.03999999999999999389, -0.3666666667100347277 ) ) ;
#1098 = ORIENTED_EDGE ( 'NONE', *, *, #118, .T. ) ;
#1099 = CARTESIAN_POINT ( 'NONE',  ( 0.000000000000000000, 0.8699999999999999956, 0.3399999999999999689 ) ) ;
#1100 =( LENGTH_UNIT ( ) NAMED_UNIT ( * ) SI_UNIT ( .MILLI., .METRE. ) );
#1101 = ORIENTED_EDGE ( 'NONE', *, *, #49, .F. ) ;
#1102 = FILL_AREA_STYLE ('',( #1355 ) ) ;
#1103 = DIRECTION ( 'NONE',  ( 0.000000000000000000, 1.000000000000000000, 0.000000000000000000 ) ) ;
#1104 = ORIENTED_EDGE ( 'NONE', *, *, #972, .T. ) ;
#1105 = DIRECTION ( 'NONE',  ( -1.426581805901979882E-16, 0.000000000000000000, -1.000000000000000000 ) ) ;
#1106 = AXIS2_PLACEMENT_3D ( 'NONE', #175, #313, #91 ) ;
#1107 = AXIS2_PLACEMENT_3D ( 'NONE', #17, #922, #1020 ) ;
#1108 = ORIENTED_EDGE ( 'NONE', *, *, #595, .T. ) ;
#1109 = CARTESIAN_POINT ( 'NONE',  ( 0.000000000000000000, 0.8699999999999999956, 0.3399999999999999689 ) ) ;
#1110 = ORIENTED_EDGE ( 'NONE', *, *, #63, .T. ) ;
#1111 = DIRECTION ( 'NONE',  ( 0.000000000000000000, 1.000000000000000000, 0.000000000000000000 ) ) ;
#1112 = STYLED_ITEM ( 'NONE', ( #445 ), #556 ) ;
#1113 = EDGE_LOOP ( 'NONE', ( #1316, #1108, #748, #237 ) ) ;
#1114 = DIRECTION ( 'NONE',  ( 1.426581805901979882E-16, -0.000000000000000000, -1.000000000000000000 ) ) ;
#1115 = DIRECTION ( 'NONE',  ( -1.000000000000000000, 0.000000000000000000, 0.000000000000000000 ) ) ;
#1116 = VERTEX_POINT ( 'NONE', #1157 ) ;
#1117 = ORIENTED_EDGE ( 'NONE', *, *, #1252, .F. ) ;
#1118 = DIRECTION ( 'NONE',  ( 0.000000000000000000, 0.000000000000000000, 1.000000000000000000 ) ) ;
#1119 = DIRECTION ( 'NONE',  ( -1.000000000000000000, -0.000000000000000000, 8.673617379884037937E-17 ) ) ;
#1120 = EDGE_LOOP ( 'NONE', ( #147, #1271, #856, #727 ) ) ;
#1121 = EDGE_CURVE ( 'NONE', #596, #1179, #500, .T. ) ;
#1122 = ADVANCED_FACE ( 'NONE', ( #973 ), #974, .T. ) ;
#1123 = ORIENTED_EDGE ( 'NONE', *, *, #180, .F. ) ;
#1124 = ORIENTED_EDGE ( 'NONE', *, *, #929, .F. ) ;
#1125 = AXIS2_PLACEMENT_3D ( 'NONE', #283, #872, #722 ) ;
#1126 = EDGE_CURVE ( 'NONE', #1156, #698, #994, .T. ) ;
#1127 = EDGE_LOOP ( 'NONE', ( #1263, #363, #195 ) ) ;
#1128 = CARTESIAN_POINT ( 'NONE',  ( 0.5100000000197724148, 0.8699999999999999956, -0.3400000000000000244 ) ) ;
#1129 = VERTEX_POINT ( 'NONE', #1167 ) ;
#1130 = AXIS2_PLACEMENT_3D ( 'NONE', #433, #1064, #299 ) ;
#1131 = VERTEX_POINT ( 'NONE', #393 ) ;
#1132 = DIRECTION ( 'NONE',  ( 1.000000000000000000, 0.000000000000000000, 0.000000000000000000 ) ) ;
#1133 = DIRECTION ( 'NONE',  ( -1.000000000000000000, 0.000000000000000000, 0.000000000000000000 ) ) ;
#1134 = ORIENTED_EDGE ( 'NONE', *, *, #28, .F. ) ;
#1135 = UNCERTAINTY_MEASURE_WITH_UNIT (LENGTH_MEASURE( 1.000000000000000082E-05 ), #634, 'distance_accuracy_value', 'NONE');
#1136 = ORIENTED_EDGE ( 'NONE', *, *, #1121, .F. ) ;
#1137 = DIRECTION ( 'NONE',  ( 1.426581805901979882E-16, -0.000000000000000000, 1.000000000000000000 ) ) ;
#1138 = DIRECTION ( 'NONE',  ( 0.000000000000000000, 0.000000000000000000, 1.000000000000000000 ) ) ;
#1139 = ORIENTED_EDGE ( 'NONE', *, *, #757, .T. ) ;
#1140 = EDGE_CURVE ( 'NONE', #835, #1324, #980, .T. ) ;
#1141 = DIRECTION ( 'NONE',  ( 1.000000000000000000, -0.000000000000000000, -1.426581805901979882E-16 ) ) ;
#1142 = ORIENTED_EDGE ( 'NONE', *, *, #205, .T. ) ;
#1143 = DIRECTION ( 'NONE',  ( 0.000000000000000000, 0.000000000000000000, 1.000000000000000000 ) ) ;
#1144 = ORIENTED_EDGE ( 'NONE', *, *, #453, .F. ) ;
#1145 = EDGE_CURVE ( 'NONE', #852, #1258, #30, .T. ) ;
#1146 = ADVANCED_FACE ( 'NONE', ( #14 ), #525, .T. ) ;
#1147 = ORIENTED_EDGE ( 'NONE', *, *, #435, .T. ) ;
#1148 = CARTESIAN_POINT ( 'NONE',  ( 0.7199999999999999734, 0.9100000000000000311, 0.3399999999999999689 ) ) ;
#1149 = SURFACE_STYLE_USAGE ( .BOTH. , #101 ) ;
#1150 = ORIENTED_EDGE ( 'NONE', *, *, #435, .F. ) ;
#1151 = MECHANICAL_DESIGN_GEOMETRIC_PRESENTATION_REPRESENTATION (  '', ( #921 ), #576 ) ;
#1152 = CARTESIAN_POINT ( 'NONE',  ( -0.5099999999999997868, 0.8699999999999999956, 0.3399999999999999689 ) ) ;
#1153 = ORIENTED_EDGE ( 'NONE', *, *, #21, .T. ) ;
#1154 = DIRECTION ( 'NONE',  ( -1.426581805901979882E-16, 0.000000000000000000, 1.000000000000000000 ) ) ;
#1155 = EDGE_LOOP ( 'NONE', ( #1172, #1250, #1072, #1169 ) ) ;
#1156 = VERTEX_POINT ( 'NONE', #207 ) ;
#1157 = CARTESIAN_POINT ( 'NONE',  ( 0.5100000001334592525, 0.03999999999999999389, 0.3666666666666664742 ) ) ;
#1158 = EDGE_CURVE ( 'NONE', #192, #312, #1002, .T. ) ;
#1159 = VERTEX_POINT ( 'NONE', #1410 ) ;
#1160 = AXIS2_PLACEMENT_3D ( 'NONE', #681, #1386, #383 ) ;
#1161 = ORIENTED_EDGE ( 'NONE', *, *, #487, .T. ) ;
#1162 = DIRECTION ( 'NONE',  ( 0.000000000000000000, 0.000000000000000000, -1.000000000000000000 ) ) ;
#1163 = FILL_AREA_STYLE ('',( #181 ) ) ;
#1164 = ORIENTED_EDGE ( 'NONE', *, *, #43, .F. ) ;
#1165 = DIRECTION ( 'NONE',  ( 0.000000000000000000, 0.000000000000000000, 1.000000000000000000 ) ) ;
#1166 = VERTEX_POINT ( 'NONE', #617 ) ;
#1167 = CARTESIAN_POINT ( 'NONE',  ( 0.7199999999999998623, 0.8699999999999999956, 0.3799999999999999489 ) ) ;
#1168 = VERTEX_POINT ( 'NONE', #731 ) ;
#1169 = ORIENTED_EDGE ( 'NONE', *, *, #702, .T. ) ;
#1170 = CARTESIAN_POINT ( 'NONE',  ( 0.5100000000197724148, 0.03999999999999999389, 0.3399999999999998024 ) ) ;
#1171 = DIRECTION ( 'NONE',  ( -1.426581805901979882E-16, 0.000000000000000000, 1.000000000000000000 ) ) ;
#1172 = ORIENTED_EDGE ( 'NONE', *, *, #476, .F. ) ;
#1173 = EDGE_LOOP ( 'NONE', ( #256, #262, #1248, #1098 ) ) ;
#1174 = DIRECTION ( 'NONE',  ( 0.000000000000000000, 0.000000000000000000, 1.000000000000000000 ) ) ;
#1175 = CARTESIAN_POINT ( 'NONE',  ( 0.5099999999999998979, 0.9100000000000000311, -0.3799999999999998379 ) ) ;
#1176 = AXIS2_PLACEMENT_3D ( 'NONE', #379, #264, #1118 ) ;
#1177 = ORIENTED_EDGE ( 'NONE', *, *, #290, .T. ) ;
#1178 = EDGE_CURVE ( 'NONE', #1324, #1195, #511, .T. ) ;
#1179 = VERTEX_POINT ( 'NONE', #99 ) ;
#1180 =( NAMED_UNIT ( * ) SI_UNIT ( $, .STERADIAN. ) SOLID_ANGLE_UNIT ( ) );
#1181 = AXIS2_PLACEMENT_3D ( 'NONE', #761, #867, #625 ) ;
#1182 = ORIENTED_EDGE ( 'NONE', *, *, #822, .F. ) ;
#1183 = ORIENTED_EDGE ( 'NONE', *, *, #1287, .F. ) ;
#1184 = DIRECTION ( 'NONE',  ( -1.000000000000000000, 0.000000000000000000, 0.000000000000000000 ) ) ;
#1185 = CARTESIAN_POINT ( 'NONE',  ( -0.5099999999999998979, 0.9100000000000000311, -0.3799999999999998379 ) ) ;
#1186 = ORIENTED_EDGE ( 'NONE', *, *, #90, .T. ) ;
#1187 = ORIENTED_EDGE ( 'NONE', *, *, #986, .F. ) ;
#1188 = CARTESIAN_POINT ( 'NONE',  ( -0.7199999999999998623, 0.03999999999999999389, 0.3399999999999999689 ) ) ;
#1189 = EDGE_CURVE ( 'NONE', #179, #1279, #988, .T. ) ;
#1190 = VERTEX_POINT ( 'NONE', #1148 ) ;
#1191 = DIRECTION ( 'NONE',  ( -8.673617379884036705E-17, 0.000000000000000000, -1.000000000000000000 ) ) ;
#1192 = ORIENTED_EDGE ( 'NONE', *, *, #1140, .F. ) ;
#1193 = CARTESIAN_POINT ( 'NONE',  ( -0.5099999999999997868, 0.03999999999999999389, 0.3399999999999999689 ) ) ;
#1194 = PRESENTATION_LAYER_ASSIGNMENT (  '', '', ( #688 ) ) ;
#1195 = VERTEX_POINT ( 'NONE', #407 ) ;
#1196 = EDGE_CURVE ( 'NONE', #1190, #246, #1012, .T. ) ;
#1197 = ORIENTED_EDGE ( 'NONE', *, *, #21, .F. ) ;
#1198 = PRESENTATION_LAYER_ASSIGNMENT (  '', '', ( #805 ) ) ;
#1199 = DIRECTION ( 'NONE',  ( 1.000000000000000000, 0.000000000000000000, 1.426581805901979882E-16 ) ) ;
#1200 =( GEOMETRIC_REPRESENTATION_CONTEXT ( 3 ) GLOBAL_UNCERTAINTY_ASSIGNED_CONTEXT ( ( #252 ) ) GLOBAL_UNIT_ASSIGNED_CONTEXT ( ( #859, #970, #74 ) ) REPRESENTATION_CONTEXT ( 'NONE', 'WORKASPACE' ) );
#1201 = DIRECTION ( 'NONE',  ( -1.000000000000000000, -0.000000000000000000, 8.673617379884037937E-17 ) ) ;
#1202 = ORIENTED_EDGE ( 'NONE', *, *, #885, .T. ) ;
#1203 = CARTESIAN_POINT ( 'NONE',  ( -0.7200000000000000844, 0.8699999999999999956, -0.3399999999999998579 ) ) ;
#1204 = ADVANCED_FACE ( 'NONE', ( #546 ), #857, .F. ) ;
#1205 = ORIENTED_EDGE ( 'NONE', *, *, #668, .T. ) ;
#1206 = CARTESIAN_POINT ( 'NONE',  ( 0.7199999999999998623, 0.000000000000000000, 0.3399999999999999689 ) ) ;
#1207 = SURFACE_STYLE_USAGE ( .BOTH. , #874 ) ;
#1208 = CARTESIAN_POINT ( 'NONE',  ( -0.7599999999999998979, 0.03999999999999999389, -0.3399999999999998579 ) ) ;
#1209 = EDGE_LOOP ( 'NONE', ( #1081, #168, #166, #156 ) ) ;
#1210 = VERTEX_POINT ( 'NONE', #515 ) ;
#1211 = EDGE_CURVE ( 'NONE', #301, #214, #108, .T. ) ;
#1212 = DIRECTION ( 'NONE',  ( 0.000000000000000000, 0.000000000000000000, 1.000000000000000000 ) ) ;
#1213 = DIRECTION ( 'NONE',  ( 0.000000000000000000, 0.000000000000000000, 1.000000000000000000 ) ) ;
#1214 = ORIENTED_EDGE ( 'NONE', *, *, #1368, .T. ) ;
#1215 = CARTESIAN_POINT ( 'NONE',  ( -0.7599999999999998979, 0.03999999999999999389, -0.3799999999999998379 ) ) ;
#1216 = EDGE_LOOP ( 'NONE', ( #1092, #219, #241, #612 ) ) ;
#1217 = CARTESIAN_POINT ( 'NONE',  ( -0.5099999999999998979, 0.8699999999999999956, 0.3399999999999999134 ) ) ;
#1218 =( NAMED_UNIT ( * ) SI_UNIT ( $, .STERADIAN. ) SOLID_ANGLE_UNIT ( ) );
#1219 = EDGE_CURVE ( 'NONE', #280, #707, #569, .T. ) ;
#1220 = ORIENTED_EDGE ( 'NONE', *, *, #778, .T. ) ;
#1221 = CARTESIAN_POINT ( 'NONE',  ( -0.7199999999999998623, 0.04000000000000000083, 0.3399999999999999689 ) ) ;
#1222 = ORIENTED_EDGE ( 'NONE', *, *, #1145, .T. ) ;
#1223 = AXIS2_PLACEMENT_3D ( 'NONE', #1030, #592, #493 ) ;
#1224 = CARTESIAN_POINT ( 'NONE',  ( 0.5099999999999998979, 0.9100000000000000311, -0.3399999999999998579 ) ) ;
#1225 = CARTESIAN_POINT ( 'NONE',  ( -0.7199999999999999734, 0.9100000000000000311, 0.3799999999999999489 ) ) ;
#1226 = ORIENTED_EDGE ( 'NONE', *, *, #503, .T. ) ;
#1227 = FILL_AREA_STYLE ('',( #675 ) ) ;
#1228 = VERTEX_POINT ( 'NONE', #1264 ) ;
#1229 = EDGE_LOOP ( 'NONE', ( #605, #598, #1087, #649 ) ) ;
#1230 = ADVANCED_FACE ( 'NONE', ( #589 ), #577, .T. ) ;
#1231 = ORIENTED_EDGE ( 'NONE', *, *, #518, .T. ) ;
#1232 = EDGE_CURVE ( 'NONE', #188, #1279, #585, .T. ) ;
#1233 = AXIS2_PLACEMENT_3D ( 'NONE', #59, #154, #1138 ) ;
#1234 = AXIS2_PLACEMENT_3D ( 'NONE', #5, #217, #547 ) ;
#1235 = ORIENTED_EDGE ( 'NONE', *, *, #595, .F. ) ;
#1236 = DIRECTION ( 'NONE',  ( -1.000000000000000000, 0.000000000000000000, -2.710505431213761479E-15 ) ) ;
#1237 = ORIENTED_EDGE ( 'NONE', *, *, #1066, .T. ) ;
#1238 = ORIENTED_EDGE ( 'NONE', *, *, #986, .T. ) ;
#1239 = CARTESIAN_POINT ( 'NONE',  ( -0.7199999999999999734, 0.04000000000000000083, -0.3399999999999998579 ) ) ;
#1240 = ORIENTED_EDGE ( 'NONE', *, *, #257, .F. ) ;
#1241 = CLOSED_SHELL ( 'NONE', ( #1204, #811, #95, #1256, #1015, #999, #1293, #1031, #119, #505, #793, #1023, #742, #752, #1094, #947, #368, #194 ) ) ;
#1242 = CARTESIAN_POINT ( 'NONE',  ( -0.7199999999999999734, 0.03999999999999999389, -0.3399999999999998579 ) ) ;
#1243 = ORIENTED_EDGE ( 'NONE', *, *, #277, .T. ) ;
#1244 = UNCERTAINTY_MEASURE_WITH_UNIT (LENGTH_MEASURE( 1.000000000000000082E-05 ), #638, 'distance_accuracy_value', 'NONE');
#1245 = CARTESIAN_POINT ( 'NONE',  ( 0.7199999999999998623, 0.8699999999999999956, 0.3399999999999999689 ) ) ;
#1246 = DIRECTION ( 'NONE',  ( 1.000000000000000000, -0.000000000000000000, -0.000000000000000000 ) ) ;
#1247 =( LENGTH_UNIT ( ) NAMED_UNIT ( * ) SI_UNIT ( .MILLI., .METRE. ) );
#1248 = ORIENTED_EDGE ( 'NONE', *, *, #580, .T. ) ;
#1249 = CARTESIAN_POINT ( 'NONE',  ( -0.7199999999999999734, 0.03999999999999999389, -0.3799999999999998379 ) ) ;
#1250 = ORIENTED_EDGE ( 'NONE', *, *, #148, .T. ) ;
#1251 = AXIS2_PLACEMENT_3D ( 'NONE', #472, #53, #1027 ) ;
#1252 = EDGE_CURVE ( 'NONE', #1131, #188, #120, .T. ) ;
#1253 = CARTESIAN_POINT ( 'NONE',  ( 0.000000000000000000, 0.000000000000000000, 0.000000000000000000 ) ) ;
#1254 = ORIENTED_EDGE ( 'NONE', *, *, #487, .F. ) ;
#1255 = PLANE ( 'NONE',  #787 ) ;
#1256 = ADVANCED_FACE ( 'NONE', ( #1042 ), #532, .F. ) ;
#1257 = AXIS2_PLACEMENT_3D ( 'NONE', #755, #323, #1399 ) ;
#1258 = VERTEX_POINT ( 'NONE', #1305 ) ;
#1259 = DIRECTION ( 'NONE',  ( 1.426581805901979882E-16, -0.000000000000000000, -1.000000000000000000 ) ) ;
#1260 = CARTESIAN_POINT ( 'NONE',  ( -0.5099999999999998979, 0.01333333333333333245, -0.3399999999999996914 ) ) ;
#1261 = ORIENTED_EDGE ( 'NONE', *, *, #683, .T. ) ;
#1262 = DIRECTION ( 'NONE',  ( 0.000000000000000000, 0.000000000000000000, 1.000000000000000000 ) ) ;
#1263 = ORIENTED_EDGE ( 'NONE', *, *, #1126, .T. ) ;
#1264 = CARTESIAN_POINT ( 'NONE',  ( -0.7599999999999998979, 0.8699999999999999956, -0.3399999999999998579 ) ) ;
#1265 = VERTEX_POINT ( 'NONE', #1427 ) ;
#1266 = ORIENTED_EDGE ( 'NONE', *, *, #885, .F. ) ;
#1267 = EDGE_CURVE ( 'NONE', #1279, #1312, #79, .T. ) ;
#1268 = DIRECTION ( 'NONE',  ( -1.426581805901979882E-16, -0.000000000000000000, -1.000000000000000000 ) ) ;
#1269 = ADVANCED_FACE ( 'NONE', ( #581 ), #644, .F. ) ;
#1270 = PRODUCT ( '06031U160FAT2A', '06031U160FAT2A', '', ( #56 ) ) ;
#1271 = ORIENTED_EDGE ( 'NONE', *, *, #1189, .T. ) ;
#1272 = DIRECTION ( 'NONE',  ( 0.000000000000000000, -1.000000000000000000, 0.000000000000000000 ) ) ;
#1273 = AXIS2_PLACEMENT_3D ( 'NONE', #1311, #1057, #1280 ) ;
#1274 = EDGE_LOOP ( 'NONE', ( #1079, #1222, #1254, #1147 ) ) ;
#1275 = DIRECTION ( 'NONE',  ( 1.000000000000000000, -0.000000000000000000, -0.000000000000000000 ) ) ;
#1276 = ORIENTED_EDGE ( 'NONE', *, *, #1390, .T. ) ;
#1277 = STYLED_ITEM ( 'NONE', ( #858 ), #360 ) ;
#1278 = VERTEX_POINT ( 'NONE', #468 ) ;
#1279 = VERTEX_POINT ( 'NONE', #881 ) ;
#1280 = DIRECTION ( 'NONE',  ( -1.000000000000000000, 0.000000000000000000, -0.000000000000000000 ) ) ;
#1281 = COLOUR_RGB ( '',0.4862745098039215619, 0.2352941176470588203, 0.01568627450980392135 ) ;
#1282 = CLOSED_SHELL ( 'NONE', ( #271, #199, #306, #88, #588, #666, #1269, #556, #436, #1424 ) ) ;
#1283 = DIRECTION ( 'NONE',  ( 1.000000000000000000, 0.000000000000000000, 1.426581805901979882E-16 ) ) ;
#1284 = ORIENTED_EDGE ( 'NONE', *, *, #836, .F. ) ;
#1285 = CIRCLE ( 'NONE', #769, 0.03999999999999999389 ) ;
#1286 = UNCERTAINTY_MEASURE_WITH_UNIT (LENGTH_MEASURE( 1.000000000000000082E-05 ), #796, 'distance_accuracy_value', 'NONE');
#1287 = EDGE_CURVE ( 'NONE', #280, #1168, #553, .T. ) ;
#1288 = EDGE_LOOP ( 'NONE', ( #1235, #172, #777, #1101 ) ) ;
#1289 = VECTOR ( 'NONE', #745, 1000.000000000000000 ) ;
#1290 = VERTEX_POINT ( 'NONE', #1206 ) ;
#1291 = DIRECTION ( 'NONE',  ( -0.000000000000000000, 1.000000000000000000, -0.000000000000000000 ) ) ;
#1292 = CYLINDRICAL_SURFACE ( 'NONE', #890, 0.03999999999999999389 ) ;
#1293 = ADVANCED_FACE ( 'NONE', ( #554 ), #1056, .T. ) ;
#1294 = CARTESIAN_POINT ( 'NONE',  ( 0.5099999999999997868, 0.9100000000000000311, 0.3399999999999999689 ) ) ;
#1295 = EDGE_LOOP ( 'NONE', ( #1144, #1134, #1164, #759 ) ) ;
#1296 = CARTESIAN_POINT ( 'NONE',  ( 0.7199999999999999734, 0.03999999999999999389, -0.3399999999999998579 ) ) ;
#1297 = AXIS2_PLACEMENT_3D ( 'NONE', #1175, #416, #1317 ) ;
#1298 = VECTOR ( 'NONE', #562, 1000.000000000000000 ) ;
#1299 = SURFACE_STYLE_FILL_AREA ( #1011 ) ;
#1300 = FACE_OUTER_BOUND ( 'NONE', #200, .T. ) ;
#1301 = CARTESIAN_POINT ( 'NONE',  ( -0.7199999999999998623, 0.8699999999999999956, 0.3799999999999999489 ) ) ;
#1302 = ORIENTED_EDGE ( 'NONE', *, *, #543, .F. ) ;
#1303 = ADVANCED_FACE ( 'NONE', ( #96 ), #112, .T. ) ;
#1304 = FACE_OUTER_BOUND ( 'NONE', #253, .T. ) ;
#1305 = CARTESIAN_POINT ( 'NONE',  ( -0.5099999999999998979, 0.000000000000000000, -0.3399999999999998579 ) ) ;
#1306 = VERTEX_POINT ( 'NONE', #109 ) ;
#1307 = STYLED_ITEM ( 'NONE', ( #593 ), #1424 ) ;
#1308 = EDGE_CURVE ( 'NONE', #725, #312, #564, .T. ) ;
#1309 = ORIENTED_EDGE ( 'NONE', *, *, #139, .T. ) ;
#1310 = VECTOR ( 'NONE', #669, 1000.000000000000000 ) ;
#1311 = CARTESIAN_POINT ( 'NONE',  ( -0.7599999999999997868, 0.9100000000000000311, 0.3799999999999999489 ) ) ;
#1312 = VERTEX_POINT ( 'NONE', #786 ) ;
#1313 = CARTESIAN_POINT ( 'NONE',  ( 0.7199999999999999734, 0.9100000000000000311, -0.3399999999999998579 ) ) ;
#1314 = PRESENTATION_STYLE_ASSIGNMENT (( #1149 ) ) ;
#1315 = DIRECTION ( 'NONE',  ( 0.000000000000000000, 1.000000000000000000, 0.000000000000000000 ) ) ;
#1316 = ORIENTED_EDGE ( 'NONE', *, *, #1425, .F. ) ;
#1317 = DIRECTION ( 'NONE',  ( -1.426581805901979882E-16, 0.000000000000000000, 1.000000000000000000 ) ) ;
#1318 = CLOSED_SHELL ( 'NONE', ( #781, #768, #1062, #985, #451, #209, #221, #1414, #1146, #1303, #514, #716, #1230, #601, #10, #388, #1071, #1122 ) ) ;
#1319 = CIRCLE ( 'NONE', #975, 0.03999999999999999389 ) ;
#1320 = EDGE_LOOP ( 'NONE', ( #700, #686, #788, #140 ) ) ;
#1321 = CARTESIAN_POINT ( 'NONE',  ( 0.5100000001334592525, 0.8966666666666667229, -0.3400000000000000244 ) ) ;
#1322 = EDGE_CURVE ( 'NONE', #1265, #329, #586, .T. ) ;
#1323 = DIRECTION ( 'NONE',  ( -1.000000000000000000, -0.000000000000000000, 2.710505431213761479E-15 ) ) ;
#1324 = VERTEX_POINT ( 'NONE', #15 ) ;
#1325 = DIRECTION ( 'NONE',  ( 0.000000000000000000, 1.000000000000000000, 0.000000000000000000 ) ) ;
#1326 = COLOUR_RGB ( '',0.7921568627450980005, 0.8196078431372548767, 0.9333333333333333481 ) ;
#1327 = DIRECTION ( 'NONE',  ( 1.000000000000000000, 0.000000000000000000, 0.000000000000000000 ) ) ;
#1328 = FILL_AREA_STYLE ('',( #1090 ) ) ;
#1329 = ORIENTED_EDGE ( 'NONE', *, *, #311, .T. ) ;
#1330 = AXIS2_PLACEMENT_3D ( 'NONE', #1239, #825, #1037 ) ;
#1331 = EDGE_CURVE ( 'NONE', #1290, #1159, #94, .T. ) ;
#1332 = FACE_OUTER_BOUND ( 'NONE', #671, .T. ) ;
#1333 = DIRECTION ( 'NONE',  ( 0.000000000000000000, 0.000000000000000000, 1.000000000000000000 ) ) ;
#1334 = ORIENTED_EDGE ( 'NONE', *, *, #1331, .T. ) ;
#1335 = AXIS2_PLACEMENT_3D ( 'NONE', #12, #23, #559 ) ;
#1336 = SURFACE_STYLE_FILL_AREA ( #732 ) ;
#1337 = SURFACE_STYLE_USAGE ( .BOTH. , #1006 ) ;
#1338 = VECTOR ( 'NONE', #248, 1000.000000000000000 ) ;
#1339 = CARTESIAN_POINT ( 'NONE',  ( 0.7599999999999998979, 0.9100000000000000311, -0.3399999999999998579 ) ) ;
#1340 = LINE ( 'NONE', #24, #1383 ) ;
#1341 = VECTOR ( 'NONE', #849, 1000.000000000000000 ) ;
#1342 = CARTESIAN_POINT ( 'NONE',  ( 0.000000000000000000, 0.9100000000000000311, 0.000000000000000000 ) ) ;
#1343 = PRESENTATION_STYLE_ASSIGNMENT (( #38 ) ) ;
#1344 = CIRCLE ( 'NONE', #845, 0.03999999999999999389 ) ;
#1345 = VECTOR ( 'NONE', #86, 1000.000000000000000 ) ;
#1346 = SURFACE_STYLE_FILL_AREA ( #1102 ) ;
#1347 = EDGE_CURVE ( 'NONE', #1195, #1290, #115, .T. ) ;
#1348 = DIRECTION ( 'NONE',  ( -1.000000000000000000, 0.000000000000000000, 0.000000000000000000 ) ) ;
#1349 = FACE_OUTER_BOUND ( 'NONE', #1216, .T. ) ;
#1350 = DIRECTION ( 'NONE',  ( 0.000000000000000000, 0.000000000000000000, 1.000000000000000000 ) ) ;
#1351 = FACE_OUTER_BOUND ( 'NONE', #751, .T. ) ;
#1352 = SURFACE_SIDE_STYLE ('',( #427 ) ) ;
#1353 = CYLINDRICAL_SURFACE ( 'NONE', #944, 0.03999999999999999389 ) ;
#1354 = PRESENTATION_STYLE_ASSIGNMENT (( #813 ) ) ;
#1355 = FILL_AREA_STYLE_COLOUR ( '', #877 ) ;
#1356 = CARTESIAN_POINT ( 'NONE',  ( 0.7599999999999998979, 0.03999999999999999389, -0.3799999999999998379 ) ) ;
#1357 = CYLINDRICAL_SURFACE ( 'NONE', #1093, 0.03999999999999999389 ) ;
#1358 = MECHANICAL_DESIGN_GEOMETRIC_PRESENTATION_REPRESENTATION (  '', ( #389 ), #1200 ) ;
#1359 = VECTOR ( 'NONE', #1119, 1000.000000000000000 ) ;
#1360 = VECTOR ( 'NONE', #462, 1000.000000000000000 ) ;
#1361 = FACE_OUTER_BOUND ( 'NONE', #724, .T. ) ;
#1362 = APPLICATION_PROTOCOL_DEFINITION ( 'draft international standard', 'automotive_design', 1998, #915 ) ;
#1363 = FACE_OUTER_BOUND ( 'NONE', #1155, .T. ) ;
#1364 = LINE ( 'NONE', #723, #1341 ) ;
#1365 = CARTESIAN_POINT ( 'NONE',  ( 0.7599999999999997868, 0.03999999999999999389, 0.3799999999999999489 ) ) ;
#1366 = VECTOR ( 'NONE', #478, 1000.000000000000000 ) ;
#1367 = FACE_OUTER_BOUND ( 'NONE', #603, .T. ) ;
#1368 = EDGE_CURVE ( 'NONE', #272, #230, #591, .T. ) ;
#1369 = DIRECTION ( 'NONE',  ( -1.000000000000000000, -0.000000000000000000, -0.000000000000000000 ) ) ;
#1370 = COLOUR_RGB ( '',0.4862745098039215619, 0.2352941176470588203, 0.01568627450980392135 ) ;
#1371 = CIRCLE ( 'NONE', #157, 0.03999999999999999389 ) ;
#1372 = VECTOR ( 'NONE', #143, 1000.000000000000000 ) ;
#1373 = DIRECTION ( 'NONE',  ( 0.000000000000000000, 0.000000000000000000, -1.000000000000000000 ) ) ;
#1374 = CARTESIAN_POINT ( 'NONE',  ( 0.7599999999999997868, 0.8699999999999999956, 0.3399999999999999689 ) ) ;
#1375 = LINE ( 'NONE', #489, #1298 ) ;
#1376 =( NAMED_UNIT ( * ) PLANE_ANGLE_UNIT ( ) SI_UNIT ( $, .RADIAN. ) );
#1377 = LINE ( 'NONE', #497, #420 ) ;
#1378 = AXIS2_PLACEMENT_3D ( 'NONE', #1128, #935, #706 ) ;
#1379 = CIRCLE ( 'NONE', #1223, 0.03999999999999999389 ) ;
#1380 = DIRECTION ( 'NONE',  ( 1.000000000000000000, -0.000000000000000000, -0.000000000000000000 ) ) ;
#1381 = DIRECTION ( 'NONE',  ( -1.000000000000000000, -0.000000000000000000, -0.000000000000000000 ) ) ;
#1382 = SURFACE_STYLE_FILL_AREA ( #1163 ) ;
#1383 = VECTOR ( 'NONE', #545, 1000.000000000000000 ) ;
#1384 = DIRECTION ( 'NONE',  ( -1.000000000000000000, 0.000000000000000000, 0.000000000000000000 ) ) ;
#1385 = PRESENTATION_STYLE_ASSIGNMENT (( #404 ) ) ;
#1386 = DIRECTION ( 'NONE',  ( 1.000000000000000000, -0.000000000000000000, -1.426581805901979882E-16 ) ) ;
#1387 = VECTOR ( 'NONE', #1428, 1000.000000000000000 ) ;
#1388 = FACE_OUTER_BOUND ( 'NONE', #648, .T. ) ;
#1389 = AXIS2_PLACEMENT_3D ( 'NONE', #402, #309, #955 ) ;
#1390 = EDGE_CURVE ( 'NONE', #158, #658, #1032, .T. ) ;
#1391 = CARTESIAN_POINT ( 'NONE',  ( 0.000000000000000000, 0.000000000000000000, -0.3399999999999998579 ) ) ;
#1392 = FACE_OUTER_BOUND ( 'NONE', #651, .T. ) ;
#1393 = AXIS2_PLACEMENT_3D ( 'NONE', #1170, #190, #308 ) ;
#1394 = CARTESIAN_POINT ( 'NONE',  ( -0.7199999999999998623, 0.04000000000000000083, 0.3399999999999999689 ) ) ;
#1395 = CIRCLE ( 'NONE', #1181, 0.03999999999999999389 ) ;
#1396 = DIRECTION ( 'NONE',  ( 0.000000000000000000, 0.000000000000000000, -1.000000000000000000 ) ) ;
#1397 = CIRCLE ( 'NONE', #203, 0.03999999999999999389 ) ;
#1398 = DIRECTION ( 'NONE',  ( 0.000000000000000000, -1.000000000000000000, 0.000000000000000000 ) ) ;
#1399 = DIRECTION ( 'NONE',  ( 0.000000000000000000, -0.000000000000000000, -1.000000000000000000 ) ) ;
#1400 = CIRCLE ( 'NONE', #300, 0.03999999999999999389 ) ;
#1401 = FACE_OUTER_BOUND ( 'NONE', #210, .T. ) ;
#1402 = CARTESIAN_POINT ( 'NONE',  ( -0.5099999999999997868, 0.9100000000000000311, 0.3399999999999999689 ) ) ;
#1403 = UNCERTAINTY_MEASURE_WITH_UNIT (LENGTH_MEASURE( 1.000000000000000082E-05 ), #1024, 'distance_accuracy_value', 'NONE');
#1404 = FACE_OUTER_BOUND ( 'NONE', #361, .T. ) ;
#1405 = AXIS2_PLACEMENT_3D ( 'NONE', #1253, #1213, #704 ) ;
#1406 = EDGE_CURVE ( 'NONE', #1129, #1159, #1050, .T. ) ;
#1407 = FILL_AREA_STYLE ('',( #1060 ) ) ;
#1408 = EDGE_CURVE ( 'NONE', #1228, #1210, #1047, .T. ) ;
#1409 = VECTOR ( 'NONE', #1154, 1000.000000000000000 ) ;
#1410 = CARTESIAN_POINT ( 'NONE',  ( 0.7199999999999998623, 0.03999999999999999389, 0.3799999999999999489 ) ) ;
#1411 = DIRECTION ( 'NONE',  ( -1.000000000000000000, -0.000000000000000000, 8.673617379884037937E-17 ) ) ;
#1412 = PLANE ( 'NONE',  #1058 ) ;
#1413 = AXIS2_PLACEMENT_3D ( 'NONE', #1394, #841, #286 ) ;
#1414 = ADVANCED_FACE ( 'NONE', ( #1059 ), #84, .T. ) ;
#1415 = LINE ( 'NONE', #512, #1409 ) ;
#1416 = FACE_OUTER_BOUND ( 'NONE', #1120, .T. ) ;
#1417 = COLOUR_RGB ( '',0.7921568627450980005, 0.8196078431372548767, 0.9333333333333333481 ) ;
#1418 = DIRECTION ( 'NONE',  ( 1.000000000000000000, 0.000000000000000000, -8.673617379884036705E-17 ) ) ;
#1419 = CIRCLE ( 'NONE', #183, 0.03999999999999999389 ) ;
#1420 = LINE ( 'NONE', #557, #936 ) ;
#1421 = DIRECTION ( 'NONE',  ( -0.000000000000000000, -0.000000000000000000, -1.000000000000000000 ) ) ;
#1422 = EDGE_CURVE ( 'NONE', #654, #1190, #92, .T. ) ;
#1423 = COLOUR_RGB ( '',0.4862745098039215619, 0.2352941176470588203, 0.01568627450980392135 ) ;
#1424 = ADVANCED_FACE ( 'NONE', ( #563 ), #144, .T. ) ;
#1425 = EDGE_CURVE ( 'NONE', #1290, #268, #609, .T. ) ;
#1426 = VECTOR ( 'NONE', #1291, 1000.000000000000000 ) ;
#1427 = CARTESIAN_POINT ( 'NONE',  ( -0.7199999999999998623, 0.03999999999999999389, 0.3799999999999999489 ) ) ;
#1428 = DIRECTION ( 'NONE',  ( -1.000000000000000000, -0.000000000000000000, 8.673617379884037937E-17 ) ) ;
#1429 = AXIS2_PLACEMENT_3D ( 'NONE', #1193, #6, #111 ) ;
#1430 = VECTOR ( 'NONE', #611, 1000.000000000000000 ) ;
ENDSEC;
END-ISO-10303-21;
