ISO-10303-21;
HEADER;
FILE_DESCRIPTION (( 'STEP AP214' ),
    '1' );
FILE_NAME ('JS1300AQ.STEP',
    '2022-07-25T11:28:19',
    ( '' ),
    ( '' ),
    'SwSTEP 2.0',
    'SolidWorks 2017',
    '' );
FILE_SCHEMA (( 'AUTOMOTIVE_DESIGN' ));
ENDSEC;

DATA;
#1 = DIRECTION ( 'NONE',  ( -0.7071067811865885400, 0.7071067811865063800, 0.0000000000000000000 ) ) ;
#2 = EDGE_CURVE ( 'NONE', #5782, #1772, #5959, .T. ) ;
#3 = CARTESIAN_POINT ( 'NONE',  ( 1.064000292494317000, 0.2791117653772569000, 1.305000000000013300 ) ) ;
#4 = DIRECTION ( 'NONE',  ( 0.0000000000000000000, 0.1668683535052396500, 0.9859791846679372100 ) ) ;
#5 = ORIENTED_EDGE ( 'NONE', *, *, #9340, .F. ) ;
#6 = DIRECTION ( 'NONE',  ( -0.7071067811865520100, -0.7071067811865430200, 0.0000000000000000000 ) ) ;
#7 =( LENGTH_UNIT ( ) NAMED_UNIT ( * ) SI_UNIT ( .MILLI., .METRE. ) );
#8 = EDGE_LOOP ( 'NONE', ( #1902, #6694, #3845, #7793 ) ) ;
#9 = CARTESIAN_POINT ( 'NONE',  ( 0.2999999999999937700, 4.915169546265580900, 0.2000061751679519900 ) ) ;
#10 = AXIS2_PLACEMENT_3D ( 'NONE', #2951, #5997, #3054 ) ;
#11 = VECTOR ( 'NONE', #1744, 1000.000000000000000 ) ;
#12 = ORIENTED_EDGE ( 'NONE', *, *, #6501, .T. ) ;
#13 = CARTESIAN_POINT ( 'NONE',  ( 3.491048137816600500, 2.540049851720412600, 0.9000000000000070200 ) ) ;
#14 = CARTESIAN_POINT ( 'NONE',  ( -4.899999997940138700, -1.400000000000034600, 1.014769053845818900E-005 ) ) ;
#15 = B_SPLINE_CURVE_WITH_KNOTS ( 'NONE', 3,
 ( #8835, #5222, #2982, #3878 ),
 .UNSPECIFIED., .F., .F.,
 ( 4, 4 ),
 ( 0.0000000000000000000, 1.000000000000000000 ),
 .UNSPECIFIED. ) ;
#16 = ORIENTED_EDGE ( 'NONE', *, *, #5407, .F. ) ;
#17 = ORIENTED_EDGE ( 'NONE', *, *, #4771, .F. ) ;
#18 = CARTESIAN_POINT ( 'NONE',  ( 1.301651468349403600, -2.318235250477093800, 0.9999999999999879000 ) ) ;
#19 = CARTESIAN_POINT ( 'NONE',  ( -2.199999999999963300, -5.199756585854300000, 0.6996380906312345000 ) ) ;
#20 = EDGE_CURVE ( 'NONE', #801, #3537, #2584, .T. ) ;
#21 = SURFACE_STYLE_FILL_AREA ( #7619 ) ;
#22 = CARTESIAN_POINT ( 'NONE',  ( -1.981049454755359700, -1.382592117261939300, 1.151589969645094000 ) ) ;
#23 = ORIENTED_EDGE ( 'NONE', *, *, #8909, .F. ) ;
#24 = DIRECTION ( 'NONE',  ( 0.0000000000000000000, -0.1668683535052021800, 0.9859791846679436500 ) ) ;
#25 = DIRECTION ( 'NONE',  ( -1.000000000000000000, 0.0000000000000000000, 0.0000000000000000000 ) ) ;
#26 = PLANE ( 'NONE',  #8149 ) ;
#27 = FACE_OUTER_BOUND ( 'NONE', #1300, .T. ) ;
#28 = EDGE_CURVE ( 'NONE', #9677, #5316, #6194, .T. ) ;
#29 = ORIENTED_EDGE ( 'NONE', *, *, #728, .T. ) ;
#30 = ORIENTED_EDGE ( 'NONE', *, *, #1739, .T. ) ;
#31 = CARTESIAN_POINT ( 'NONE',  ( -4.897191345580448100, 0.7999999999999749500, 1.972523996270000100E-005 ) ) ;
#32 = PLANE ( 'NONE',  #6005 ) ;
#33 = VECTOR ( 'NONE', #4363, 1000.000000000000000 ) ;
#34 = ORIENTED_EDGE ( 'NONE', *, *, #9478, .T. ) ;
#35 = DIRECTION ( 'NONE',  ( 0.0000000000000000000, 0.0000000000000000000, 1.000000000000000000 ) ) ;
#36 = CARTESIAN_POINT ( 'NONE',  ( 1.025452868097624000, 0.3980532819992132500, 1.205249755641084200 ) ) ;
#37 = VECTOR ( 'NONE', #7781, 1000.000000000000100 ) ;
#38 = VERTEX_POINT ( 'NONE', #9322 ) ;
#39 = EDGE_CURVE ( 'NONE', #5558, #9256, #7573, .T. ) ;
#40 = CARTESIAN_POINT ( 'NONE',  ( 4.624228355337240100, -3.663063120169116200, 0.9745999999999879200 ) ) ;
#41 = DIRECTION ( 'NONE',  ( 0.0000000000000000000, -0.0004059900380430000700, -0.9999999175860412300 ) ) ;
#42 = DIRECTION ( 'NONE',  ( 0.9999999175860412300, 0.0000000000000000000, -0.0004059900380430000700 ) ) ;
#43 = FACE_OUTER_BOUND ( 'NONE', #7904, .T. ) ;
#44 = ORIENTED_EDGE ( 'NONE', *, *, #1680, .T. ) ;
#45 = LINE ( 'NONE', #2190, #3244 ) ;
#46 = ORIENTED_EDGE ( 'NONE', *, *, #7847, .F. ) ;
#47 = CARTESIAN_POINT ( 'NONE',  ( -2.067423527841998300, -1.351206287613158500, 1.293227589462300200 ) ) ;
#48 = CARTESIAN_POINT ( 'NONE',  ( 0.08674833620590161100, -0.6981401909111869500, 1.180000000000004400 ) ) ;
#49 = EDGE_CURVE ( 'NONE', #8939, #8653, #8434, .T. ) ;
#50 =( GEOMETRIC_REPRESENTATION_CONTEXT ( 3 ) GLOBAL_UNCERTAINTY_ASSIGNED_CONTEXT ( ( #8847 ) ) GLOBAL_UNIT_ASSIGNED_CONTEXT ( ( #952, #2456, #2420 ) ) REPRESENTATION_CONTEXT ( 'NONE', 'WORKASPACE' ) );
#51 = PLANE ( 'NONE',  #9326 ) ;
#52 = ADVANCED_FACE ( 'NONE', ( #3976 ), #2703, .F. ) ;
#53 = DIRECTION ( 'NONE',  ( -0.7071067811865692200, -0.7071067811865259200, 0.0000000000000000000 ) ) ;
#54 = FACE_OUTER_BOUND ( 'NONE', #6509, .T. ) ;
#55 = EDGE_LOOP ( 'NONE', ( #7715, #7342, #6396, #1134, #7828 ) ) ;
#56 = CARTESIAN_POINT ( 'NONE',  ( 4.475735931288076200, -3.797413408594514400, 0.2000000000000128100 ) ) ;
#57 = CARTESIAN_POINT ( 'NONE',  ( -0.4011493371043567400, -1.024563224368877800, 1.151536483913213800 ) ) ;
#58 = LINE ( 'NONE', #7319, #3838 ) ;
#59 = VERTEX_POINT ( 'NONE', #7942 ) ;
#60 = CARTESIAN_POINT ( 'NONE',  ( 2.415229465820476000, -1.309091049545565200, 0.9000000000000067900 ) ) ;
#61 = CARTESIAN_POINT ( 'NONE',  ( -2.199999999999963300, -5.199756585854319500, 0.6996380906312310600 ) ) ;
#62 = ORIENTED_EDGE ( 'NONE', *, *, #5350, .F. ) ;
#63 = CARTESIAN_POINT ( 'NONE',  ( -0.2999999999999937700, 4.963386799015065500, 0.1000257426524401300 ) ) ;
#64 = EDGE_LOOP ( 'NONE', ( #4243, #6269, #3125 ) ) ;
#65 = DIRECTION ( 'NONE',  ( 0.0000000000000000000, 0.0000000000000000000, 1.000000000000000000 ) ) ;
#66 = FACE_OUTER_BOUND ( 'NONE', #3080, .T. ) ;
#67 = DIRECTION ( 'NONE',  ( 0.0000000000000000000, 0.0000000000000000000, 1.000000000000000000 ) ) ;
#68 = ADVANCED_FACE ( 'NONE', ( #2311 ), #4279, .F. ) ;
#69 = SURFACE_STYLE_USAGE ( .BOTH. , #6089 ) ;
#70 = AXIS2_PLACEMENT_3D ( 'NONE', #3647, #4539, #2256 ) ;
#71 = VECTOR ( 'NONE', #3724, 999.9999999999998900 ) ;
#72 = VERTEX_POINT ( 'NONE', #6513 ) ;
#73 = B_SPLINE_CURVE_WITH_KNOTS ( 'NONE', 3,
 ( #2024, #8937, #5269, #7266, #1961, #6484 ),
 .UNSPECIFIED., .F., .F.,
 ( 4, 2, 4 ),
 ( 0.0000000000000000000, 0.4845608381081538100, 0.9691216762163076300 ),
 .UNSPECIFIED. ) ;
#74 = CARTESIAN_POINT ( 'NONE',  ( 3.317843781131911000, -3.074954570961298600, 0.9999999999999881200 ) ) ;
#75 = CARTESIAN_POINT ( 'NONE',  ( 2.611865676496142100, 3.497464163249598600, 0.9999999999999879000 ) ) ;
#76 = AXIS2_PLACEMENT_3D ( 'NONE', #3612, #9517, #4368 ) ;
#77 = VECTOR ( 'NONE', #4665, 1000.000000000000000 ) ;
#78 = DIRECTION ( 'NONE',  ( -0.0000000000000000000, 0.0000000000000000000, -1.000000000000000000 ) ) ;
#79 = VERTEX_POINT ( 'NONE', #2797 ) ;
#80 = DIRECTION ( 'NONE',  ( -0.7071067811865507900, 0.7071067811865442400, 0.0000000000000000000 ) ) ;
#81 = DIRECTION ( 'NONE',  ( 0.0000000000000000000, 0.9859791846679421000, -0.1668683535052109300 ) ) ;
#82 = DIRECTION ( 'NONE',  ( 0.0000000000000000000, 0.0000000000000000000, 1.000000000000000000 ) ) ;
#83 = EDGE_CURVE ( 'NONE', #6610, #5644, #1949, .T. ) ;
#84 = CARTESIAN_POINT ( 'NONE',  ( 1.600000000000026300, -4.900000000000009200, 0.0000000000000000000 ) ) ;
#85 = CARTESIAN_POINT ( 'NONE',  ( -3.598400220000000200E-032, -2.158191010000000100E-032, 0.9999999999999879000 ) ) ;
#86 = CARTESIAN_POINT ( 'NONE',  ( 1.369949099956673500, -2.013944751172945600, 1.175664343299518400 ) ) ;
#87 = CIRCLE ( 'NONE', #143, 1.099999999999994500 ) ;
#88 = CARTESIAN_POINT ( 'NONE',  ( -4.800000000000002500, 0.7999999999999749500, 1.972523996270000100E-005 ) ) ;
#89 = ORIENTED_EDGE ( 'NONE', *, *, #7941, .F. ) ;
#90 = CARTESIAN_POINT ( 'NONE',  ( 1.334580894411543200, 2.126296883538445500, 1.304721894647571400 ) ) ;
#91 = CARTESIAN_POINT ( 'NONE',  ( 2.307421045374403500, -1.313222770835187800, 0.9508422967652366800 ) ) ;
#92 = DIRECTION ( 'NONE',  ( -1.000000000000000000, 0.0000000000000000000, -0.0000000000000000000 ) ) ;
#93 = FACE_OUTER_BOUND ( 'NONE', #5205, .T. ) ;
#94 = EDGE_CURVE ( 'NONE', #2621, #9583, #6003, .T. ) ;
#95 = DIRECTION ( 'NONE',  ( 0.0000000000000000000, 0.0000000000000000000, 1.000000000000000000 ) ) ;
#96 = CARTESIAN_POINT ( 'NONE',  ( 5.103967321807068900, -0.8000000000000003800, 0.7162854755018184200 ) ) ;
#97 = CYLINDRICAL_SURFACE ( 'NONE', #6288, 0.1250000000000080200 ) ;
#98 = EDGE_CURVE ( 'NONE', #8824, #6684, #7492, .T. ) ;
#99 = ADVANCED_FACE ( 'NONE', ( #7695 ), #438, .T. ) ;
#100 = CARTESIAN_POINT ( 'NONE',  ( 1.298808754886732400, -2.547761724222495200, 0.9999999999999881200 ) ) ;
#101 = DIRECTION ( 'NONE',  ( 0.0000000000000000000, 1.000000000000000000, 0.0000000000000000000 ) ) ;
#102 = CARTESIAN_POINT ( 'NONE',  ( 2.120888234622743800, 1.335999707505680600, 1.305000000000012600 ) ) ;
#103 = VERTEX_POINT ( 'NONE', #5042 ) ;
#104 =( LENGTH_UNIT ( ) NAMED_UNIT ( * ) SI_UNIT ( .MILLI., .METRE. ) );
#105 = EDGE_CURVE ( 'NONE', #4739, #8422, #4209, .T. ) ;
#106 = CARTESIAN_POINT ( 'NONE',  ( -1.307775534087834500, 2.269440756501533300, 0.9000000000000069100 ) ) ;
#107 = DIRECTION ( 'NONE',  ( 0.0000000000000000000, 0.1668683535052396500, 0.9859791846679372100 ) ) ;
#108 = CYLINDRICAL_SURFACE ( 'NONE', #7270, 0.1250000000000080200 ) ;
#109 = CARTESIAN_POINT ( 'NONE',  ( 1.307775534087841400, -2.269440756501531500, 1.024999999999989500 ) ) ;
#110 = ADVANCED_FACE ( 'NONE', ( #2194 ), #474, .T. ) ;
#111 = DIRECTION ( 'NONE',  ( 0.0000000000000000000, -0.1668683535052021800, 0.9859791846679436500 ) ) ;
#112 = CARTESIAN_POINT ( 'NONE',  ( -3.313717251608417700, 1.776415499141531500, 1.305000000000012800 ) ) ;
#113 = ORIENTED_EDGE ( 'NONE', *, *, #4026, .F. ) ;
#114 = LINE ( 'NONE', #3395, #2600 ) ;
#115 = FILL_AREA_STYLE_COLOUR ( '', #2849 ) ;
#116 = VERTEX_POINT ( 'NONE', #7263 ) ;
#117 = VERTEX_POINT ( 'NONE', #2763 ) ;
#118 = CARTESIAN_POINT ( 'NONE',  ( -0.3860552488271463700, -1.030050900043294500, 1.175664343299188700 ) ) ;
#119 = CARTESIAN_POINT ( 'NONE',  ( -1.307775534087846100, 2.269440756501535100, 0.9000000000000069100 ) ) ;
#120 = CARTESIAN_POINT ( 'NONE',  ( -4.897191345580448100, -1.400000000000028100, 1.972523996270000100E-005 ) ) ;
#121 = CARTESIAN_POINT ( 'NONE',  ( -1.599999999999975400, -4.800000000000002500, 1.972523996270000100E-005 ) ) ;
#122 = AXIS2_PLACEMENT_3D ( 'NONE', #6728, #78, #3118 ) ;
#123 = EDGE_LOOP ( 'NONE', ( #2694, #9351, #5579, #632 ) ) ;
#124 = CARTESIAN_POINT ( 'NONE',  ( 5.202565240273880700, 1.400000000000013500, 0.6995986401512802600 ) ) ;
#125 = ORIENTED_EDGE ( 'NONE', *, *, #7249, .F. ) ;
#126 = LINE ( 'NONE', #4656, #1420 ) ;
#127 = CARTESIAN_POINT ( 'NONE',  ( -4.800000000000002500, 0.7999999999999749500, 1.972523996270000100E-005 ) ) ;
#128 = ORIENTED_EDGE ( 'NONE', *, *, #914, .F. ) ;
#129 = VERTEX_POINT ( 'NONE', #9456 ) ;
#130 = CARTESIAN_POINT ( 'NONE',  ( 1.298810113508829500, -2.409490610614709400, 1.000000000038100600 ) ) ;
#131 = ORIENTED_EDGE ( 'NONE', *, *, #8462, .F. ) ;
#132 = VERTEX_POINT ( 'NONE', #507 ) ;
#133 = STYLED_ITEM ( 'NONE', ( #3751 ), #6183 ) ;
#134 = FACE_OUTER_BOUND ( 'NONE', #7673, .T. ) ;
#135 = CARTESIAN_POINT ( 'NONE',  ( 3.797413408594517900, -4.475735931288085100, 0.9999999999999879000 ) ) ;
#136 = ORIENTED_EDGE ( 'NONE', *, *, #2228, .F. ) ;
#137 = EDGE_CURVE ( 'NONE', #7109, #5152, #2576, .T. ) ;
#138 = CARTESIAN_POINT ( 'NONE',  ( -0.1305592434984413900, -1.092224465912159400, 0.9745999999999879200 ) ) ;
#139 = ORIENTED_EDGE ( 'NONE', *, *, #3023, .T. ) ;
#140 = CARTESIAN_POINT ( 'NONE',  ( 1.600000000000026300, -5.041451075190003000, 0.1000405990071242000 ) ) ;
#141 = LINE ( 'NONE', #433, #9493 ) ;
#142 = CARTESIAN_POINT ( 'NONE',  ( 1.600000000000026300, -4.912401490849809700, 0.1000456338892922600 ) ) ;
#143 = AXIS2_PLACEMENT_3D ( 'NONE', #5527, #4763, #2523 ) ;
#144 = ORIENTED_EDGE ( 'NONE', *, *, #3159, .F. ) ;
#145 = EDGE_LOOP ( 'NONE', ( #223, #6574, #1356, #4558 ) ) ;
#146 = ORIENTED_EDGE ( 'NONE', *, *, #3546, .T. ) ;
#147 = ORIENTED_EDGE ( 'NONE', *, *, #7614, .T. ) ;
#148 = ADVANCED_FACE ( 'NONE', ( #5719 ), #6418, .F. ) ;
#149 = DIRECTION ( 'NONE',  ( 0.7071067811865073800, -0.7071067811865876500, 0.0000000000000000000 ) ) ;
#150 = CIRCLE ( 'NONE', #3935, 1.099999999999994500 ) ;
#151 = CARTESIAN_POINT ( 'NONE',  ( -4.800000000000002500, -1.400000000000013500, 1.972523996270000100E-005 ) ) ;
#152 = EDGE_LOOP ( 'NONE', ( #6986, #8796, #5450, #6824 ) ) ;
#153 = EDGE_CURVE ( 'NONE', #3936, #6828, #8024, .T. ) ;
#154 = CARTESIAN_POINT ( 'NONE',  ( 2.307424965653063900, 1.313222442051737500, 0.9508434695596035300 ) ) ;
#155 = CARTESIAN_POINT ( 'NONE',  ( -4.617157287525359700, -3.655992052357256700, -4.870566835184716700E-016 ) ) ;
#156 = LINE ( 'NONE', #2294, #9143 ) ;
#157 = ORIENTED_EDGE ( 'NONE', *, *, #3696, .F. ) ;
#158 = CARTESIAN_POINT ( 'NONE',  ( -3.458139529610822400, 2.815354656331559900, 0.9999999999999881200 ) ) ;
#159 = EDGE_CURVE ( 'NONE', #6964, #8408, #6645, .T. ) ;
#160 = LINE ( 'NONE', #8507, #2524 ) ;
#161 = CARTESIAN_POINT ( 'NONE',  ( -2.415222915099839400, -1.309090749938875100, 0.9000000000000067900 ) ) ;
#162 = ORIENTED_EDGE ( 'NONE', *, *, #5587, .F. ) ;
#163 = B_SPLINE_CURVE_WITH_KNOTS ( 'NONE', 3,
 ( #9215, #8415, #7747, #7692 ),
 .UNSPECIFIED., .F., .F.,
 ( 4, 4 ),
 ( 0.0000000000000000000, 1.000000000000000000 ),
 .UNSPECIFIED. ) ;
#164 = CARTESIAN_POINT ( 'NONE',  ( -4.899999997940079200, 0.7999999999999750600, 1.071145111407455000E-005 ) ) ;
#165 = EDGE_CURVE ( 'NONE', #8815, #9281, #9421, .T. ) ;
#166 = FACE_OUTER_BOUND ( 'NONE', #6371, .T. ) ;
#167 = EDGE_LOOP ( 'NONE', ( #399, #6164, #2071, #2244 ) ) ;
#168 = DIRECTION ( 'NONE',  ( -0.0000000000000000000, 0.0000000000000000000, -1.000000000000000000 ) ) ;
#169 = CARTESIAN_POINT ( 'NONE',  ( -0.2999999999999684000, -5.199756585854312400, 0.6996380906312322800 ) ) ;
#170 = LINE ( 'NONE', #5929, #2052 ) ;
#171 = VERTEX_POINT ( 'NONE', #5803 ) ;
#172 = VERTEX_POINT ( 'NONE', #5869 ) ;
#173 = ORIENTED_EDGE ( 'NONE', *, *, #4531, .T. ) ;
#174 = EDGE_CURVE ( 'NONE', #693, #1105, #2787, .T. ) ;
#175 = CARTESIAN_POINT ( 'NONE',  ( -2.199999999999963300, -5.199756585854319500, 0.6996380906312310600 ) ) ;
#176 = VERTEX_POINT ( 'NONE', #7296 ) ;
#177 = DIRECTION ( 'NONE',  ( -1.000000000000000000, 0.0000000000000000000, 0.0000000000000000000 ) ) ;
#178 = VECTOR ( 'NONE', #4277, 1000.000000000000000 ) ;
#179 = VERTEX_POINT ( 'NONE', #8092 ) ;
#180 = LINE ( 'NONE', #8640, #1003 ) ;
#181 = ORIENTED_EDGE ( 'NONE', *, *, #844, .T. ) ;
#182 = VERTEX_POINT ( 'NONE', #1378 ) ;
#183 = AXIS2_PLACEMENT_3D ( 'NONE', #8503, #5632, #3289 ) ;
#184 = ORIENTED_EDGE ( 'NONE', *, *, #1565, .T. ) ;
#185 = CARTESIAN_POINT ( 'NONE',  ( 2.200000000000039300, -5.109556728779593500, 0.1666719549468632900 ) ) ;
#186 = CARTESIAN_POINT ( 'NONE',  ( -1.685931104032522200, 1.533945030602823700, 1.104999999999999500 ) ) ;
#187 = LINE ( 'NONE', #4815, #4790 ) ;
#188 = CARTESIAN_POINT ( 'NONE',  ( -2.398823671904402000, -2.409490608222201400, 0.9000000000000069100 ) ) ;
#189 = ORIENTED_EDGE ( 'NONE', *, *, #4394, .T. ) ;
#190 = CARTESIAN_POINT ( 'NONE',  ( -1.298810113508829200, 2.409490610614733400, 1.000000000038100600 ) ) ;
#191 = CARTESIAN_POINT ( 'NONE',  ( -2.254834007165901400, -3.509490607753333000, 1.305000000000012800 ) ) ;
#192 = CARTESIAN_POINT ( 'NONE',  ( 0.4808326112068958000, -0.4808326112068622700, 0.9999999999999879000 ) ) ;
#193 = AXIS2_PLACEMENT_3D ( 'NONE', #541, #8678, #4311 ) ;
#194 = EDGE_CURVE ( 'NONE', #8923, #9223, #7865, .T. ) ;
#195 = VECTOR ( 'NONE', #3268, 1000.000000000000200 ) ;
#196 = ADVANCED_FACE ( 'NONE', ( #1827 ), #5489, .T. ) ;
#197 = DIRECTION ( 'NONE',  ( -1.000000000000000000, 0.0000000000000000000, -0.0000000000000000000 ) ) ;
#198 = CARTESIAN_POINT ( 'NONE',  ( -2.199999999999963300, -5.010958810312807500, 0.1833587902973828300 ) ) ;
#199 = COLOUR_RGB ( '',0.7921568627450980000, 0.8196078431372548800, 0.9333333333333333500 ) ;
#200 = CARTESIAN_POINT ( 'NONE',  ( 1.025472922904440600, -0.3980016135517265900, 1.205000000000184100 ) ) ;
#201 = B_SPLINE_CURVE_WITH_KNOTS ( 'NONE', 3,
 ( #6447, #7205, #5738, #1984 ),
 .UNSPECIFIED., .F., .F.,
 ( 4, 4 ),
 ( 0.0000000000000000000, 1.000000000000000000 ),
 .UNSPECIFIED. ) ;
#202 =( NAMED_UNIT ( * ) PLANE_ANGLE_UNIT ( ) SI_UNIT ( $, .RADIAN. ) );
#203 = PLANE ( 'NONE',  #8351 ) ;
#204 = ADVANCED_FACE ( 'NONE', ( #7459 ), #9587, .T. ) ;
#205 = EDGE_CURVE ( 'NONE', #1656, #2390, #2695, .T. ) ;
#206 = UNCERTAINTY_MEASURE_WITH_UNIT (LENGTH_MEASURE( 1.000000000000000100E-005 ), #6251, 'distance_accuracy_value', 'NONE');
#207 = CARTESIAN_POINT ( 'NONE',  ( 1.346164917318198700, 0.3844996949045006400, 0.9745999999999879200 ) ) ;
#208 = CARTESIAN_POINT ( 'NONE',  ( -3.804484476406389900, -4.482806999099958400, 0.2000000000000128600 ) ) ;
#209 = EDGE_CURVE ( 'NONE', #734, #2470, #9534, .T. ) ;
#210 = CARTESIAN_POINT ( 'NONE',  ( 4.899999999999984400, -1.399999999999988600, 3.095825364621163300E-006 ) ) ;
#211 = EDGE_CURVE ( 'NONE', #4039, #7196, #4557, .T. ) ;
#212 = DIRECTION ( 'NONE',  ( -0.7071067811865258100, 0.7071067811865692200, 0.0000000000000000000 ) ) ;
#213 = CARTESIAN_POINT ( 'NONE',  ( 2.200000000000039300, -5.010958810312805800, 0.1833587902973832000 ) ) ;
#214 = CARTESIAN_POINT ( 'NONE',  ( -0.1305592434984408600, 1.092224465912157400, 0.9745999999999879200 ) ) ;
#215 = VERTEX_POINT ( 'NONE', #2932 ) ;
#216 = LINE ( 'NONE', #7771, #8639 ) ;
#217 = PLANE ( 'NONE',  #9077 ) ;
#218 = ORIENTED_EDGE ( 'NONE', *, *, #9054, .F. ) ;
#219 = CARTESIAN_POINT ( 'NONE',  ( -1.722822285793131000, -3.289124139015358100, 1.305000000000012800 ) ) ;
#220 = CARTESIAN_POINT ( 'NONE',  ( -2.290873420206676500, -1.314808006368470200, 0.9746002257675691100 ) ) ;
#221 = ORIENTED_EDGE ( 'NONE', *, *, #9207, .F. ) ;
#222 = EDGE_CURVE ( 'NONE', #4901, #8671, #9177, .T. ) ;
#223 = ORIENTED_EDGE ( 'NONE', *, *, #5567, .T. ) ;
#224 = CARTESIAN_POINT ( 'NONE',  ( 1.762541802349382200, -1.481953287564757200, 1.305000000000012600 ) ) ;
#225 = ORIENTED_EDGE ( 'NONE', *, *, #4898, .F. ) ;
#226 = LINE ( 'NONE', #9578, #7264 ) ;
#227 = CARTESIAN_POINT ( 'NONE',  ( -1.023108075141530900, -0.4040947731397757600, 1.175700603074608700 ) ) ;
#228 = CARTESIAN_POINT ( 'NONE',  ( -1.025472922904440600, 0.3980016135517267000, 1.205000000000184100 ) ) ;
#229 = FILL_AREA_STYLE_COLOUR ( '', #9362 ) ;
#230 = ORIENTED_EDGE ( 'NONE', *, *, #8713, .F. ) ;
#231 = EDGE_CURVE ( 'NONE', #7119, #4133, #2681, .T. ) ;
#232 = ORIENTED_EDGE ( 'NONE', *, *, #7376, .T. ) ;
#233 = DIRECTION ( 'NONE',  ( -0.0000000000000000000, 0.0004059900380430000700, 0.9999999175860412300 ) ) ;
#234 = CYLINDRICAL_SURFACE ( 'NONE', #2683, 0.1250000000000079900 ) ;
#235 = ORIENTED_EDGE ( 'NONE', *, *, #4203, .F. ) ;
#236 = VERTEX_POINT ( 'NONE', #8816 ) ;
#237 = ADVANCED_FACE ( 'NONE', ( #663 ), #3028, .T. ) ;
#238 = VERTEX_POINT ( 'NONE', #9695 ) ;
#239 = DIRECTION ( 'NONE',  ( 5.899350156139273100E-017, -5.899350156139278100E-017, -1.000000000000000000 ) ) ;
#240 = ORIENTED_EDGE ( 'NONE', *, *, #8929, .F. ) ;
#241 = CARTESIAN_POINT ( 'NONE',  ( 0.8749168862078131600, 0.2635250315025023900, 1.024999999999989500 ) ) ;
#242 = CARTESIAN_POINT ( 'NONE',  ( 1.307775534087841400, -2.269440756501531500, 1.024999999999989500 ) ) ;
#243 = CARTESIAN_POINT ( 'NONE',  ( -4.624228355337240100, 3.663063120169116600, 0.9745999999999879200 ) ) ;
#244 = LINE ( 'NONE', #5993, #2005 ) ;
#245 = ORIENTED_EDGE ( 'NONE', *, *, #83, .T. ) ;
#246 = CARTESIAN_POINT ( 'NONE',  ( 4.915250744231022900, 0.8000000000000006000, 6.191650733161523500E-006 ) ) ;
#247 = CARTESIAN_POINT ( 'NONE',  ( -1.599999999999975400, -4.897191345580448100, 1.972523996270000100E-005 ) ) ;
#248 = AXIS2_PLACEMENT_3D ( 'NONE', #1549, #8972, #3872 ) ;
#249 = CARTESIAN_POINT ( 'NONE',  ( -3.373149339882636900, 4.900000000000009200, 0.9999999999999879000 ) ) ;
#250 = ORIENTED_EDGE ( 'NONE', *, *, #1102, .T. ) ;
#251 = EDGE_LOOP ( 'NONE', ( #5652, #1076, #8877, #8690, #7506, #6336 ) ) ;
#252 = CARTESIAN_POINT ( 'NONE',  ( 2.199999999999988200, 4.900000000000008300, 3.095825365898940900E-006 ) ) ;
#253 = ADVANCED_FACE ( 'NONE', ( #1485 ), #5202, .T. ) ;
#254 = DIRECTION ( 'NONE',  ( -0.7071067811865746600, 0.7071067811865204800, 0.0000000000000000000 ) ) ;
#255 = AXIS2_PLACEMENT_3D ( 'NONE', #3544, #5863, #2050 ) ;
#256 = CYLINDRICAL_SURFACE ( 'NONE', #9529, 0.1250000000000080200 ) ;
#257 = ORIENTED_EDGE ( 'NONE', *, *, #5896, .T. ) ;
#258 = CARTESIAN_POINT ( 'NONE',  ( 1.335999707505683500, -2.120888234622744200, 1.305000000000012600 ) ) ;
#259 = CARTESIAN_POINT ( 'NONE',  ( -2.120888234622743800, -1.335999707505680600, 1.305000000000012600 ) ) ;
#260 = FACE_OUTER_BOUND ( 'NONE', #8703, .T. ) ;
#261 = ORIENTED_EDGE ( 'NONE', *, *, #4566, .T. ) ;
#262 = EDGE_LOOP ( 'NONE', ( #4134, #2747, #1908, #807, #8822 ) ) ;
#263 = EDGE_CURVE ( 'NONE', #5107, #7119, #3442, .T. ) ;
#264 = LINE ( 'NONE', #8028, #5555 ) ;
#265 = B_SPLINE_CURVE_WITH_KNOTS ( 'NONE', 3,
 ( #8249, #2278, #4526, #6763 ),
 .UNSPECIFIED., .F., .F.,
 ( 4, 4 ),
 ( 0.0000000000000000000, 1.000000000000000000 ),
 .UNSPECIFIED. ) ;
#266 = DIRECTION ( 'NONE',  ( 1.000000000000000000, 1.114223349282877300E-017, -2.775557561562891400E-017 ) ) ;
#267 = ORIENTED_EDGE ( 'NONE', *, *, #1520, .T. ) ;
#268 = CARTESIAN_POINT ( 'NONE',  ( -1.359935025237287300, 2.041177417038407600, 1.256738259174849700 ) ) ;
#269 = PRESENTATION_LAYER_ASSIGNMENT (  '', '', ( #8656 ) ) ;
#270 = LINE ( 'NONE', #5190, #7307 ) ;
#271 = DIRECTION ( 'NONE',  ( -0.0000000000000000000, 0.0000000000000000000, -1.000000000000000000 ) ) ;
#272 = EDGE_LOOP ( 'NONE', ( #8914, #3946, #3560, #8611, #5330 ) ) ;
#273 = CARTESIAN_POINT ( 'NONE',  ( -0.8660549693971662000, -0.7140688959674899000, 1.104999999999999500 ) ) ;
#274 = EDGE_CURVE ( 'NONE', #915, #3123, #2551, .T. ) ;
#275 = CYLINDRICAL_SURFACE ( 'NONE', #7107, 1.099999999999994500 ) ;
#276 = ORIENTED_EDGE ( 'NONE', *, *, #6448, .F. ) ;
#277 = CARTESIAN_POINT ( 'NONE',  ( 1.600000000000001000, 5.013767464732374900, 0.1833193398174311500 ) ) ;
#278 = CARTESIAN_POINT ( 'NONE',  ( -1.599999999999975200, -4.900000000000009200, 0.0000000000000000000 ) ) ;
#279 = DIRECTION ( 'NONE',  ( 1.000000000000000000, 0.0000000000000000000, 0.0000000000000000000 ) ) ;
#280 = SURFACE_SIDE_STYLE ('',( #5935 ) ) ;
#281 = DIRECTION ( 'NONE',  ( -1.000000000000000000, -0.0000000000000000000, -0.0000000000000000000 ) ) ;
#282 = ORIENTED_EDGE ( 'NONE', *, *, #7083, .T. ) ;
#283 = CARTESIAN_POINT ( 'NONE',  ( 0.1306566894250947300, -1.092212817696190500, 1.196541165297672500 ) ) ;
#284 = CARTESIAN_POINT ( 'NONE',  ( -1.307373372357169000, 2.272610209266630000, 0.9999999999999879000 ) ) ;
#285 = EDGE_CURVE ( 'NONE', #9412, #4180, #7231, .T. ) ;
#286 = CARTESIAN_POINT ( 'NONE',  ( 2.278875884175547700, -1.316048238670749000, 1.007938462325858300 ) ) ;
#287 = CIRCLE ( 'NONE', #8762, 1.099999999999994300 ) ;
#288 = ORIENTED_EDGE ( 'NONE', *, *, #2176, .F. ) ;
#289 = CARTESIAN_POINT ( 'NONE',  ( -2.332469345824926200, -1.311421976909130200, 0.9306193455729252500 ) ) ;
#290 = VECTOR ( 'NONE', #4465, 1000.000000000000000 ) ;
#291 = ORIENTED_EDGE ( 'NONE', *, *, #6201, .T. ) ;
#292 = VERTEX_POINT ( 'NONE', #2163 ) ;
#293 = VERTEX_POINT ( 'NONE', #680 ) ;
#294 = ADVANCED_FACE ( 'NONE', ( #420 ), #4477, .T. ) ;
#295 = CARTESIAN_POINT ( 'NONE',  ( 1.335999707505683500, -2.120888234622744200, 1.305000000000012600 ) ) ;
#296 = EDGE_CURVE ( 'NONE', #3936, #3207, #8724, .T. ) ;
#297 = DIRECTION ( 'NONE',  ( -1.000000000000000000, 0.0000000000000000000, 0.0000000000000000000 ) ) ;
#298 = CARTESIAN_POINT ( 'NONE',  ( 1.032159988000000200E-015, 5.516420260000000600E-015, 1.305000000000012600 ) ) ;
#299 = VECTOR ( 'NONE', #1407, 1000.000000000000000 ) ;
#300 = ORIENTED_EDGE ( 'NONE', *, *, #7485, .T. ) ;
#301 = ADVANCED_FACE ( 'NONE', ( #5830 ), #8198, .T. ) ;
#302 = CARTESIAN_POINT ( 'NONE',  ( 2.215924556053529700, -1.324772137486188900, 1.279956066210322200 ) ) ;
#303 = LINE ( 'NONE', #9176, #8489 ) ;
#304 = DIRECTION ( 'NONE',  ( 0.7071067811865863200, 0.7071067811865087100, 0.0000000000000000000 ) ) ;
#305 = ORIENTED_EDGE ( 'NONE', *, *, #8516, .T. ) ;
#306 = DIRECTION ( 'NONE',  ( -1.000000000000000000, 0.0000000000000000000, 1.074200793225718000E-015 ) ) ;
#307 = CARTESIAN_POINT ( 'NONE',  ( 2.289472668228853500, 1.305545699853254200, 0.9621596613030848300 ) ) ;
#308 = CARTESIAN_POINT ( 'NONE',  ( -4.800000000000002500, -1.400000000000013500, 1.972523996270000100E-005 ) ) ;
#309 = CARTESIAN_POINT ( 'NONE',  ( -1.346164917318198400, -0.3844996949045057000, 1.016576877332252300 ) ) ;
#310 = CARTESIAN_POINT ( 'NONE',  ( -2.199999999999963800, -4.899999995880148300, 2.142290222297525000E-005 ) ) ;
#311 = AXIS2_PLACEMENT_3D ( 'NONE', #3102, #1575, #3037 ) ;
#312 = CARTESIAN_POINT ( 'NONE',  ( -0.6760013919724040500, 0.8796335266379927700, 1.555000000000003300 ) ) ;
#313 = PRESENTATION_STYLE_ASSIGNMENT (( #2838 ) ) ;
#314 = CARTESIAN_POINT ( 'NONE',  ( 2.128190694439436200, 1.343302167322377100, 1.305000000000012600 ) ) ;
#315 = VECTOR ( 'NONE', #3183, 1000.000000000000000 ) ;
#316 = CARTESIAN_POINT ( 'NONE',  ( -5.109556728779593500, 0.7999999999999749500, 0.1666719549468379200 ) ) ;
#317 = CARTESIAN_POINT ( 'NONE',  ( 0.3798647017656312500, -1.032328827628328400, 1.205000000000211500 ) ) ;
#318 = DIRECTION ( 'NONE',  ( -0.0000000000000000000, -0.0000000000000000000, -1.000000000000000000 ) ) ;
#319 = EDGE_CURVE ( 'NONE', #2615, #1061, #8612, .T. ) ;
#320 = ORIENTED_EDGE ( 'NONE', *, *, #6550, .F. ) ;
#321 = DIRECTION ( 'NONE',  ( 0.0000000000000000000, 0.0000000000000000000, 1.000000000000000000 ) ) ;
#322 = CARTESIAN_POINT ( 'NONE',  ( 1.600000000000026300, -4.912442089811461800, 4.564213067505599600E-005 ) ) ;
#323 = AXIS2_PLACEMENT_3D ( 'NONE', #5616, #5583, #349 ) ;
#324 = PRODUCT ( 'JS1300AQ', 'JS1300AQ', '', ( #6938 ) ) ;
#325 = B_SPLINE_CURVE_WITH_KNOTS ( 'NONE', 3,
 ( #8631, #4952, #3464, #5721 ),
 .UNSPECIFIED., .F., .F.,
 ( 4, 4 ),
 ( 0.0000000000000000000, 1.000000000000000000 ),
 .UNSPECIFIED. ) ;
#326 =( NAMED_UNIT ( * ) SI_UNIT ( $, .STERADIAN. ) SOLID_ANGLE_UNIT ( ) );
#327 = LINE ( 'NONE', #4933, #5980 ) ;
#328 = ORIENTED_EDGE ( 'NONE', *, *, #7635, .F. ) ;
#329 = CARTESIAN_POINT ( 'NONE',  ( 1.394864049237943800, 1.952431634527124400, 1.114205473947428300 ) ) ;
#330 = EDGE_CURVE ( 'NONE', #4488, #8518, #531, .T. ) ;
#331 = CARTESIAN_POINT ( 'NONE',  ( 4.915250744231022900, 0.8000000000000004900, 6.191650727504161700E-006 ) ) ;
#332 = ORIENTED_EDGE ( 'NONE', *, *, #9207, .T. ) ;
#333 = B_SPLINE_CURVE_WITH_KNOTS ( 'NONE', 3,
 ( #6385, #6325, #1107, #7198, #3444, #7069 ),
 .UNSPECIFIED., .F., .F.,
 ( 4, 2, 4 ),
 ( 0.0000000000000000000, 0.5000000000000000000, 1.000000000000000000 ),
 .UNSPECIFIED. ) ;
#334 = CYLINDRICAL_SURFACE ( 'NONE', #5114, 1.099999999999994300 ) ;
#335 = CARTESIAN_POINT ( 'NONE',  ( 1.346164917318198400, -0.3844996949045010300, 1.024999999999989500 ) ) ;
#336 = EDGE_CURVE ( 'NONE', #1797, #6137, #1168, .T. ) ;
#337 = CARTESIAN_POINT ( 'NONE',  ( -2.982099559921700800, -4.900000000000010100, 6.765127626281661200E-006 ) ) ;
#338 = CARTESIAN_POINT ( 'NONE',  ( -3.499391409949214300, -2.400010496209343800, 0.9000000000000069100 ) ) ;
#339 = CARTESIAN_POINT ( 'NONE',  ( -4.475735931288063800, -3.797413408594547200, 0.2000000000000128100 ) ) ;
#340 = DIRECTION ( 'NONE',  ( 0.7071067811865432400, 0.7071067811865519000, 0.0000000000000000000 ) ) ;
#341 = ORIENTED_EDGE ( 'NONE', *, *, #1406, .T. ) ;
#342 = EDGE_CURVE ( 'NONE', #9017, #654, #6075, .T. ) ;
#343 = CARTESIAN_POINT ( 'NONE',  ( -0.2999999999999684000, -4.900000000000010100, 4.059076573402305300E-005 ) ) ;
#344 = LINE ( 'NONE', #192, #5878 ) ;
#345 = ORIENTED_EDGE ( 'NONE', *, *, #7412, .T. ) ;
#346 = ADVANCED_FACE ( 'NONE', ( #8264 ), #3138, .T. ) ;
#347 = ORIENTED_EDGE ( 'NONE', *, *, #825, .F. ) ;
#348 = DIRECTION ( 'NONE',  ( 0.7071067811865520100, -0.7071067811865431300, -0.0000000000000000000 ) ) ;
#349 = DIRECTION ( 'NONE',  ( 1.000000000000000000, 0.0000000000000000000, -0.0000000000000000000 ) ) ;
#350 = EDGE_CURVE ( 'NONE', #7802, #6739, #3725, .T. ) ;
#351 = DIRECTION ( 'NONE',  ( 0.0004059900380440000900, 0.0000000000000000000, -0.9999999175860412300 ) ) ;
#352 = B_SPLINE_CURVE_WITH_KNOTS ( 'NONE', 3,
 ( #8104, #5876, #3693, #1385 ),
 .UNSPECIFIED., .F., .F.,
 ( 4, 4 ),
 ( 0.0000000000000000000, 1.000000000000000000 ),
 .UNSPECIFIED. ) ;
#353 = ORIENTED_EDGE ( 'NONE', *, *, #5448, .F. ) ;
#354 = CARTESIAN_POINT ( 'NONE',  ( -0.3844996949045078000, 1.346164917318196700, 1.024999999999989500 ) ) ;
#355 = ORIENTED_EDGE ( 'NONE', *, *, #1479, .F. ) ;
#356 = VECTOR ( 'NONE', #2779, 1000.000000000000000 ) ;
#357 = CARTESIAN_POINT ( 'NONE',  ( 1.336534030627088300, 2.121422557744151200, 1.305000000000012600 ) ) ;
#358 = VERTEX_POINT ( 'NONE', #8362 ) ;
#359 = CARTESIAN_POINT ( 'NONE',  ( 1.330658495665104000, -2.145181496184104900, 1.306022053226419100 ) ) ;
#360 = ORIENTED_EDGE ( 'NONE', *, *, #9523, .F. ) ;
#361 = EDGE_CURVE ( 'NONE', #2980, #6149, #1133, .T. ) ;
#362 = ORIENTED_EDGE ( 'NONE', *, *, #1870, .F. ) ;
#363 = ORIENTED_EDGE ( 'NONE', *, *, #5779, .T. ) ;
#364 = LINE ( 'NONE', #2352, #8088 ) ;
#365 = ORIENTED_EDGE ( 'NONE', *, *, #9428, .F. ) ;
#366 = CARTESIAN_POINT ( 'NONE',  ( -1.599999999999975400, -5.010958810312807500, 0.1833587902973828300 ) ) ;
#367 = VECTOR ( 'NONE', #633, 1000.000000000000000 ) ;
#368 = CARTESIAN_POINT ( 'NONE',  ( 4.617157287525367700, 3.655992052357244700, 0.9745999999999880300 ) ) ;
#369 = ORIENTED_EDGE ( 'NONE', *, *, #5548, .T. ) ;
#370 = ORIENTED_EDGE ( 'NONE', *, *, #8367, .F. ) ;
#371 = DIRECTION ( 'NONE',  ( -0.0000000000000000000, -0.0000000000000000000, -1.000000000000000000 ) ) ;
#372 = DIRECTION ( 'NONE',  ( -0.7071067811865258100, -0.7071067811865692200, 0.0000000000000000000 ) ) ;
#373 = DIRECTION ( 'NONE',  ( -0.0000000000000000000, -0.0000000000000000000, -1.000000000000000000 ) ) ;
#374 = DIRECTION ( 'NONE',  ( 1.000000000000000000, 0.0000000000000000000, 0.0000000000000000000 ) ) ;
#375 = AXIS2_PLACEMENT_3D ( 'NONE', #5540, #7627, #3170 ) ;
#376 = FACE_OUTER_BOUND ( 'NONE', #6812, .T. ) ;
#377 = ORIENTED_EDGE ( 'NONE', *, *, #1904, .F. ) ;
#378 = ORIENTED_EDGE ( 'NONE', *, *, #2520, .T. ) ;
#379 = CARTESIAN_POINT ( 'NONE',  ( 1.381117285928402700, 0.4158804489749861100, 0.9999999999999879000 ) ) ;
#380 = CARTESIAN_POINT ( 'NONE',  ( 2.277891258035856600, 1.316158382852638200, 1.016282590891214500 ) ) ;
#381 = LINE ( 'NONE', #3656, #2267 ) ;
#382 = CARTESIAN_POINT ( 'NONE',  ( 0.5003554042673273900, 0.9796144493730506400, 1.104999999999999500 ) ) ;
#383 = AXIS2_PLACEMENT_3D ( 'NONE', #1398, #6642, #8836 ) ;
#384 = ORIENTED_EDGE ( 'NONE', *, *, #4450, .T. ) ;
#385 = CARTESIAN_POINT ( 'NONE',  ( 0.3250831137921622600, -1.463525031502503000, 1.024999999999989500 ) ) ;
#386 = LINE ( 'NONE', #6811, #8358 ) ;
#387 = ORIENTED_EDGE ( 'NONE', *, *, #8902, .F. ) ;
#388 = VECTOR ( 'NONE', #4633, 1000.000000000000000 ) ;
#389 = LINE ( 'NONE', #8845, #6163 ) ;
#390 = ORIENTED_EDGE ( 'NONE', *, *, #5972, .T. ) ;
#391 = EDGE_CURVE ( 'NONE', #2298, #1000, #7912, .T. ) ;
#392 = CARTESIAN_POINT ( 'NONE',  ( 1.307775534087842300, -2.269440756501539500, 1.195162288525711800 ) ) ;
#393 = LINE ( 'NONE', #3041, #6167 ) ;
#394 = ORIENTED_EDGE ( 'NONE', *, *, #3930, .F. ) ;
#395 = ADVANCED_FACE ( 'NONE', ( #893 ), #4548, .T. ) ;
#396 = VECTOR ( 'NONE', #372, 1000.000000000000000 ) ;
#397 = CARTESIAN_POINT ( 'NONE',  ( 1.316095781469156300, 2.215233690075150800, 1.275450590850643500 ) ) ;
#398 = LINE ( 'NONE', #1425, #8127 ) ;
#399 = ORIENTED_EDGE ( 'NONE', *, *, #7745, .F. ) ;
#400 = ORIENTED_EDGE ( 'NONE', *, *, #3071, .T. ) ;
#401 = EDGE_CURVE ( 'NONE', #2206, #1004, #7108, .T. ) ;
#402 = EDGE_LOOP ( 'NONE', ( #9272, #3377, #2812, #7672 ) ) ;
#403 = B_SPLINE_CURVE_WITH_KNOTS ( 'NONE', 3,
 ( #7653, #968, #2562, #5535, #1009, #6203, #7015, #1067 ),
 .UNSPECIFIED., .F., .F.,
 ( 4, 2, 2, 4 ),
 ( 0.0000000000000000000, 0.2500000000000005000, 0.5000000000000010000, 1.000000000000000000 ),
 .UNSPECIFIED. ) ;
#404 = CARTESIAN_POINT ( 'NONE',  ( -1.599999999999975400, -4.960578144595555900, 0.1000651931323800600 ) ) ;
#405 = CARTESIAN_POINT ( 'NONE',  ( 3.373149339882608000, -4.900000000000010100, 0.9999999999999879000 ) ) ;
#407 = CYLINDRICAL_SURFACE ( 'NONE', #193, 0.1250000000000080200 ) ;
#406 = CARTESIAN_POINT ( 'NONE',  ( -1.346956004230697800, -0.3817191672772564100, 0.9999999999999879000 ) ) ;
#408 = ORIENTED_EDGE ( 'NONE', *, *, #7269, .F. ) ;
#409 = CIRCLE ( 'NONE', #434, 1.099999999999992100 ) ;
#410 = VERTEX_POINT ( 'NONE', #1614 ) ;
#411 = ORIENTED_EDGE ( 'NONE', *, *, #450, .T. ) ;
#412 = ORIENTED_EDGE ( 'NONE', *, *, #7390, .F. ) ;
#413 = EDGE_CURVE ( 'NONE', #6635, #7638, #4432, .T. ) ;
#414 = CARTESIAN_POINT ( 'NONE',  ( -2.120907242772587200, -1.335997669737059500, 1.304752958201947000 ) ) ;
#415 = ORIENTED_EDGE ( 'NONE', *, *, #9478, .F. ) ;
#416 = PLANE ( 'NONE',  #5735 ) ;
#417 = DIRECTION ( 'NONE',  ( -1.000000000000000000, 0.0000000000000000000, 0.0000000000000000000 ) ) ;
#418 = LINE ( 'NONE', #5371, #2431 ) ;
#419 = CARTESIAN_POINT ( 'NONE',  ( 2.277830346110243400, -1.316165123696557700, 1.024999999999989500 ) ) ;
#420 = FACE_OUTER_BOUND ( 'NONE', #2174, .T. ) ;
#421 = B_SPLINE_CURVE_WITH_KNOTS ( 'NONE', 3,
 ( #8126, #634, #4442, #5900 ),
 .UNSPECIFIED., .F., .F.,
 ( 4, 4 ),
 ( 0.0000000000000000000, 1.000000000000000000 ),
 .UNSPECIFIED. ) ;
#422 = EDGE_CURVE ( 'NONE', #4425, #7982, #1912, .T. ) ;
#423 = AXIS2_PLACEMENT_3D ( 'NONE', #836, #6943, #1629 ) ;
#424 = CARTESIAN_POINT ( 'NONE',  ( 0.3000000000000192500, -4.898127560973727600, 3.983057407985909300E-005 ) ) ;
#425 = CARTESIAN_POINT ( 'NONE',  ( -2.277830346110265100, 1.316165123696535300, 1.210376700838438100 ) ) ;
#426 = LINE ( 'NONE', #6526, #6199 ) ;
#427 = DIRECTION ( 'NONE',  ( -1.000000000000000000, 0.0000000000000000000, 0.0000000000000000000 ) ) ;
#428 = FACE_OUTER_BOUND ( 'NONE', #4380, .T. ) ;
#429 = CARTESIAN_POINT ( 'NONE',  ( -0.6069109227639667400, -1.086169967869715000, 1.230000000000007800 ) ) ;
#430 = ORIENTED_EDGE ( 'NONE', *, *, #9140, .F. ) ;
#431 = CARTESIAN_POINT ( 'NONE',  ( 4.910140096845126800, -1.399999999999988100, 0.1000041250200265100 ) ) ;
#432 = DIRECTION ( 'NONE',  ( -0.0000000000000000000, 0.0000000000000000000, -1.000000000000000000 ) ) ;
#433 = CARTESIAN_POINT ( 'NONE',  ( -2.277830346110252300, 1.316165123696547900, 0.9000000000000069100 ) ) ;
#434 = AXIS2_PLACEMENT_3D ( 'NONE', #1203, #5663, #4109 ) ;
#435 = CARTESIAN_POINT ( 'NONE',  ( -4.899999997940079200, 0.7999999999999750600, 1.071145111407455000E-005 ) ) ;
#436 = DIRECTION ( 'NONE',  ( 0.0000000000000000000, 0.0000000000000000000, 1.000000000000000000 ) ) ;
#437 = CARTESIAN_POINT ( 'NONE',  ( -0.5003554042673275000, 0.9796144493730506400, 1.104999999999999500 ) ) ;
#438 = PLANE ( 'NONE',  #7498 ) ;
#439 = ADVANCED_FACE ( 'NONE', ( #3485 ), #2406, .T. ) ;
#440 = B_SPLINE_CURVE_WITH_KNOTS ( 'NONE', 3,
 ( #3630, #9571, #5919, #2169, #8820, #7403 ),
 .UNSPECIFIED., .F., .F.,
 ( 4, 2, 4 ),
 ( 0.0000000000000000000, 0.5000000000000000000, 1.000000000000000000 ),
 .UNSPECIFIED. ) ;
#441 = DIRECTION ( 'NONE',  ( -0.0000000000000000000, 0.0000000000000000000, -1.000000000000000000 ) ) ;
#442 = DIRECTION ( 'NONE',  ( 1.000000000000000000, 0.0000000000000000000, 0.0000000000000000000 ) ) ;
#443 = CARTESIAN_POINT ( 'NONE',  ( 1.600000000000026300, -4.904147357777345600, 4.227455181458871500E-005 ) ) ;
#444 = EDGE_CURVE ( 'NONE', #9229, #6726, #6749, .T. ) ;
#445 = CLOSED_SHELL ( 'NONE', ( #8627, #546, #5492, #6019, #5009, #7807, #3075, #237, #6078, #7718, #5441, #3424, #4120, #3880, #8008, #5825, #6258, #5157, #2276, #7190, #8388, #5530, #983, #3031, #9118, #8517, #2876, #1726, #4921, #1339, #3408, #1965, #7768, #4560, #4752, #5429, #7474, #8590, #4058, #5873, #8096, #7818, #6088, #1098, #905, #1600, #1487, #6131, #4960, #1972, #3333, #8425, #8397, #5619, #6907, #7756, #3378, #4251, #7335, #4356, #1532, #2540, #2072, #3912, #9076, #6497, #3520, #2397, #148, #5394, #7424, #1911, #8531, #1927, #8574, #2972 ) ) ;
#446 = VECTOR ( 'NONE', #2116, 1000.000000000000000 ) ;
#447 = DIRECTION ( 'NONE',  ( 0.0000000000000000000, 1.000000000000000000, 0.0000000000000000000 ) ) ;
#448 = STYLED_ITEM ( 'NONE', ( #6950 ), #3799 ) ;
#449 = CARTESIAN_POINT ( 'NONE',  ( 3.205852589709237600, 1.643645530997821500, 1.305000000000012600 ) ) ;
#450 = EDGE_CURVE ( 'NONE', #2171, #8150, #5630, .T. ) ;
#451 = ORIENTED_EDGE ( 'NONE', *, *, #9473, .T. ) ;
#452 = UNCERTAINTY_MEASURE_WITH_UNIT (LENGTH_MEASURE( 1.000000000000000100E-005 ), #3109, 'distance_accuracy_value', 'NONE');
#453 = EDGE_LOOP ( 'NONE', ( #7504, #9487, #9415, #184 ) ) ;
#454 = VECTOR ( 'NONE', #2153, 1000.000000000000000 ) ;
#455 = ORIENTED_EDGE ( 'NONE', *, *, #350, .T. ) ;
#456 = CARTESIAN_POINT ( 'NONE',  ( -4.475735931288068200, 3.797413408594553000, 0.9999999999999879000 ) ) ;
#457 = EDGE_CURVE ( 'NONE', #8927, #5150, #9648, .T. ) ;
#458 = CARTESIAN_POINT ( 'NONE',  ( -1.092198632616882700, 0.1307753580865816100, 1.214857331100720300 ) ) ;
#459 = VERTEX_POINT ( 'NONE', #6752 ) ;
#460 = EDGE_CURVE ( 'NONE', #1590, #8422, #8603, .T. ) ;
#461 = EDGE_LOOP ( 'NONE', ( #8394, #8025, #2107, #1228 ) ) ;
#462 = CARTESIAN_POINT ( 'NONE',  ( 3.499391301225404300, -2.409500413707277700, 0.9000000000000069100 ) ) ;
#463 = DIRECTION ( 'NONE',  ( 1.000000000000000000, -0.0000000000000000000, 0.0000000000000000000 ) ) ;
#464 = CARTESIAN_POINT ( 'NONE',  ( -3.460254556196780100, -2.076055705501445900, 1.305000000000012800 ) ) ;
#465 = LINE ( 'NONE', #7931, #3089 ) ;
#466 = EDGE_LOOP ( 'NONE', ( #3783, #1810, #3642, #3582 ) ) ;
#467 = EDGE_LOOP ( 'NONE', ( #3076, #6354, #5455, #7488 ) ) ;
#468 = CARTESIAN_POINT ( 'NONE',  ( 4.624228355337240100, -3.663063120169116200, 0.9999999999999879000 ) ) ;
#469 = CARTESIAN_POINT ( 'NONE',  ( 3.804484476406383200, 4.482806999099951300, 0.9999999999999879000 ) ) ;
#470 = DIRECTION ( 'NONE',  ( 0.7071067811865430200, -0.7071067811865521200, 0.0000000000000000000 ) ) ;
#471 = CARTESIAN_POINT ( 'NONE',  ( 4.899999999999984400, -3.373149339882595600, 0.9745999999999879200 ) ) ;
#472 = VERTEX_POINT ( 'NONE', #6083 ) ;
#473 = EDGE_CURVE ( 'NONE', #79, #238, #1363, .T. ) ;
#474 = PLANE ( 'NONE',  #7310 ) ;
#475 = DIRECTION ( 'NONE',  ( -0.7071067811865520100, -0.7071067811865431300, -0.0000000000000000000 ) ) ;
#476 = ORIENTED_EDGE ( 'NONE', *, *, #3403, .F. ) ;
#477 = DIRECTION ( 'NONE',  ( 0.7071067811865413600, -0.7071067811865539000, 0.0000000000000000000 ) ) ;
#478 = LINE ( 'NONE', #9299, #1898 ) ;
#479 = DIRECTION ( 'NONE',  ( -0.0000000000000000000, -1.000000000000000000, -0.0000000000000000000 ) ) ;
#480 = ORIENTED_EDGE ( 'NONE', *, *, #8919, .T. ) ;
#481 = EDGE_CURVE ( 'NONE', #2232, #9313, #2622, .T. ) ;
#482 = CARTESIAN_POINT ( 'NONE',  ( 2.190773598339064200, 1.329323579726762200, 1.292754688154924300 ) ) ;
#483 = VERTEX_POINT ( 'NONE', #1014 ) ;
#484 = ORIENTED_EDGE ( 'NONE', *, *, #2066, .F. ) ;
#485 = CARTESIAN_POINT ( 'NONE',  ( 2.199999999999988600, 5.044259729609564100, 0.3109558122168243900 ) ) ;
#486 = VECTOR ( 'NONE', #4906, 999.9999999999998900 ) ;
#487 = VERTEX_POINT ( 'NONE', #3987 ) ;
#488 = CARTESIAN_POINT ( 'NONE',  ( 2.289840725681902400, 1.302270181245392300, 1.305000000000013000 ) ) ;
#489 = AXIS2_PLACEMENT_3D ( 'NONE', #1293, #3539, #4936 ) ;
#490 = CYLINDRICAL_SURFACE ( 'NONE', #5874, 1.099999999999994500 ) ;
#491 = ADVANCED_FACE ( 'NONE', ( #5705 ), #4741, .T. ) ;
#492 = DIRECTION ( 'NONE',  ( 0.0000000000000000000, 0.1668683535052396500, 0.9859791846679372100 ) ) ;
#493 = VERTEX_POINT ( 'NONE', #5454 ) ;
#494 = VERTEX_POINT ( 'NONE', #4013 ) ;
#495 = CARTESIAN_POINT ( 'NONE',  ( -5.010958810312805800, -1.400000000000038800, 0.1833587902973578000 ) ) ;
#496 = VECTOR ( 'NONE', #1239, 1000.000000000000000 ) ;
#497 = ORIENTED_EDGE ( 'NONE', *, *, #7049, .T. ) ;
#498 = PLANE ( 'NONE',  #1953 ) ;
#499 = CARTESIAN_POINT ( 'NONE',  ( 2.277830346110251800, -1.316165123696549700, 1.180000000000004400 ) ) ;
#500 = LINE ( 'NONE', #1111, #2756 ) ;
#501 = CARTESIAN_POINT ( 'NONE',  ( 0.0000000000000000000, 0.0000000000000000000, 0.9745999999999879200 ) ) ;
#502 = VERTEX_POINT ( 'NONE', #3957 ) ;
#503 = DIRECTION ( 'NONE',  ( 0.0000000000000000000, 0.0000000000000000000, 1.000000000000000000 ) ) ;
#504 = AXIS2_PLACEMENT_3D ( 'NONE', #2323, #8346, #4672 ) ;
#505 = EDGE_CURVE ( 'NONE', #4731, #8985, #758, .T. ) ;
#506 = DIRECTION ( 'NONE',  ( 0.0000000000000000000, -0.9999999175860412300, 0.0004059900380430000700 ) ) ;
#507 = CARTESIAN_POINT ( 'NONE',  ( -1.599999999999992300, 4.900000000000009200, 3.095825365892315400E-006 ) ) ;
#508 = VECTOR ( 'NONE', #67, 1000.000000000000000 ) ;
#509 = EDGE_LOOP ( 'NONE', ( #7329, #7843, #6294, #4008 ) ) ;
#510 = DIRECTION ( 'NONE',  ( 0.0000000000000000000, -0.9999999175860412300, -0.0004059900380440000900 ) ) ;
#511 = B_SPLINE_CURVE_WITH_KNOTS ( 'NONE', 3,
 ( #6069, #5352, #9113, #9085, #8981, #4704 ),
 .UNSPECIFIED., .F., .F.,
 ( 4, 2, 4 ),
 ( 0.0000000000000000000, 0.5000000000000013300, 1.000000000000000000 ),
 .UNSPECIFIED. ) ;
#512 = DIRECTION ( 'NONE',  ( 0.0000000000000000000, 0.0000000000000000000, 1.000000000000000000 ) ) ;
#513 = LINE ( 'NONE', #8122, #3472 ) ;
#514 = AXIS2_PLACEMENT_3D ( 'NONE', #4795, #233, #7733 ) ;
#515 = CARTESIAN_POINT ( 'NONE',  ( -2.376214030626345100, -1.299944165221062200, 0.9057506672861023200 ) ) ;
#516 = ORIENTED_EDGE ( 'NONE', *, *, #361, .T. ) ;
#517 = CARTESIAN_POINT ( 'NONE',  ( -2.199999999999963300, -5.041451075190003000, 0.1000405990071242000 ) ) ;
#518 = VECTOR ( 'NONE', #4554, 1000.000000000000000 ) ;
#519 = EDGE_LOOP ( 'NONE', ( #5421, #6253, #1311, #139 ) ) ;
#520 = DIRECTION ( 'NONE',  ( -9.895244941485101000E-017, 1.903455370793504700E-017, 1.000000000000000000 ) ) ;
#521 = EDGE_CURVE ( 'NONE', #3348, #3247, #9411, .T. ) ;
#522 = LINE ( 'NONE', #1979, #2656 ) ;
#523 = VERTEX_POINT ( 'NONE', #5508 ) ;
#524 = DIRECTION ( 'NONE',  ( -0.7071067811865692200, -0.7071067811865259200, 0.0000000000000000000 ) ) ;
#525 = ORIENTED_EDGE ( 'NONE', *, *, #8111, .T. ) ;
#526 = EDGE_LOOP ( 'NONE', ( #4642, #1241, #1580, #4987, #5040, #8458, #9477, #451 ) ) ;
#527 = EDGE_CURVE ( 'NONE', #6967, #9279, #6184, .T. ) ;
#528 = PLANE ( 'NONE',  #9505 ) ;
#529 = VECTOR ( 'NONE', #3104, 1000.000000000000000 ) ;
#530 = CARTESIAN_POINT ( 'NONE',  ( 0.5018598090888138900, -1.286748336205876900, 1.180000000000004400 ) ) ;
#531 = LINE ( 'NONE', #8963, #4319 ) ;
#532 = ORIENTED_EDGE ( 'NONE', *, *, #5320, .F. ) ;
#533 =( NAMED_UNIT ( * ) SI_UNIT ( $, .STERADIAN. ) SOLID_ANGLE_UNIT ( ) );
#534 = CARTESIAN_POINT ( 'NONE',  ( 0.3000000000000192000, -4.960578144595555900, 0.1000651931323800600 ) ) ;
#535 = DIRECTION ( 'NONE',  ( -0.7071067811865885400, -0.7071067811865063800, 0.0000000000000000000 ) ) ;
#536 = CARTESIAN_POINT ( 'NONE',  ( 3.373149339882620900, -4.900000000000009200, 0.9000000000000069100 ) ) ;
#537 = CARTESIAN_POINT ( 'NONE',  ( 5.202565240273880700, 0.8000000000000004900, 0.6995986401512802600 ) ) ;
#538 = CARTESIAN_POINT ( 'NONE',  ( -4.624228355337240100, -3.663063120169116600, 0.9999999999999879000 ) ) ;
#539 = FACE_OUTER_BOUND ( 'NONE', #5791, .T. ) ;
#540 = CARTESIAN_POINT ( 'NONE',  ( 4.899999999999984400, 3.373149339882620900, 0.1000000000000064200 ) ) ;
#541 = CARTESIAN_POINT ( 'NONE',  ( 1.290943131010225300, 0.5060546038931876800, 1.180000000000004400 ) ) ;
#542 = ORIENTED_EDGE ( 'NONE', *, *, #6911, .F. ) ;
#543 = EDGE_CURVE ( 'NONE', #8069, #6734, #2667, .T. ) ;
#544 = CARTESIAN_POINT ( 'NONE',  ( -4.897191345580448100, 1.399999999999977500, 1.972523996270000100E-005 ) ) ;
#545 = CARTESIAN_POINT ( 'NONE',  ( -1.599999999999975400, -4.908294723794403700, 4.395834124040014900E-005 ) ) ;
#546 = ADVANCED_FACE ( 'NONE', ( #8935 ), #3149, .T. ) ;
#547 = CARTESIAN_POINT ( 'NONE',  ( 4.964338312599232400, -0.8000000000000004900, 2.612070577906033100E-005 ) ) ;
#548 = PLANE ( 'NONE',  #1078 ) ;
#549 = CARTESIAN_POINT ( 'NONE',  ( -2.405958072394452700, -1.299515183100704100, 0.9000000000000071300 ) ) ;
#550 = EDGE_CURVE ( 'NONE', #8985, #2907, #7222, .T. ) ;
#551 = AXIS2_PLACEMENT_3D ( 'NONE', #7388, #6569, #2925 ) ;
#552 = FACE_OUTER_BOUND ( 'NONE', #2559, .T. ) ;
#553 = CARTESIAN_POINT ( 'NONE',  ( -2.154896903066509500, 1.336928801043715900, 1.302903149842535900 ) ) ;
#554 = CARTESIAN_POINT ( 'NONE',  ( 1.600000000000026300, -5.101158667387508700, 0.7163249259817507900 ) ) ;
#555 = CARTESIAN_POINT ( 'NONE',  ( -1.995905226860058600, 1.376891924858534500, 1.175700603073933400 ) ) ;
#556 = FACE_OUTER_BOUND ( 'NONE', #1654, .T. ) ;
#557 = ORIENTED_EDGE ( 'NONE', *, *, #8670, .F. ) ;
#558 = DIRECTION ( 'NONE',  ( 0.0000000000000000000, -0.0000000000000000000, 1.000000000000000000 ) ) ;
#559 = CARTESIAN_POINT ( 'NONE',  ( -5.077184635083400900, -1.400000000000039000, 0.07749181265275097200 ) ) ;
#560 = ORIENTED_EDGE ( 'NONE', *, *, #2851, .F. ) ;
#561 = VECTOR ( 'NONE', #625, 1000.000000000000000 ) ;
#562 = PLANE ( 'NONE',  #2977 ) ;
#563 = CARTESIAN_POINT ( 'NONE',  ( 1.307775534087840500, 2.269440756501540400, 0.9000000000000069100 ) ) ;
#564 = CARTESIAN_POINT ( 'NONE',  ( -1.311720679663373100, 2.215556431812734300, 1.305000000000012600 ) ) ;
#565 = CARTESIAN_POINT ( 'NONE',  ( -4.900000000000010100, 0.7999999999999751800, 0.1000101497517858500 ) ) ;
#566 = AXIS2_PLACEMENT_3D ( 'NONE', #8167, #3000, #5203 ) ;
#567 = DIRECTION ( 'NONE',  ( 1.000000000000000000, 0.0000000000000000000, 0.0000000000000000000 ) ) ;
#568 = CARTESIAN_POINT ( 'NONE',  ( -2.199999999999988600, 4.915210145269370800, 0.1000049467274789400 ) ) ;
#569 = EDGE_LOOP ( 'NONE', ( #4244, #7339, #744, #4226 ) ) ;
#570 = CARTESIAN_POINT ( 'NONE',  ( -1.427422521349415600, -2.943778867274065500, 0.9999999999999879000 ) ) ;
#571 = CYLINDRICAL_SURFACE ( 'NONE', #9270, 0.1999999999999874700 ) ;
#572 = CARTESIAN_POINT ( 'NONE',  ( -1.335656462467130800, 2.127170471251730500, 1.305000000000012400 ) ) ;
#573 = B_SPLINE_CURVE_WITH_KNOTS ( 'NONE', 3,
 ( #4879, #5673, #5069, #8007 ),
 .UNSPECIFIED., .F., .F.,
 ( 4, 4 ),
 ( 0.0000000000000000000, 1.000000000000000000 ),
 .UNSPECIFIED. ) ;
#574 = DIRECTION ( 'NONE',  ( -0.7071067811865431300, 0.7071067811865520100, 0.0000000000000000000 ) ) ;
#575 = DIRECTION ( 'NONE',  ( 0.0000000000000000000, -0.9859791846679490900, -0.1668683535051695400 ) ) ;
#576 = EDGE_CURVE ( 'NONE', #8138, #5127, #4679, .T. ) ;
#577 = ORIENTED_EDGE ( 'NONE', *, *, #7261, .T. ) ;
#578 = CARTESIAN_POINT ( 'NONE',  ( 2.199999999999988600, 4.899999999998670800, 0.1000000032965566200 ) ) ;
#579 = ORIENTED_EDGE ( 'NONE', *, *, #6261, .F. ) ;
#580 = AXIS2_PLACEMENT_3D ( 'NONE', #846, #6106, #6751 ) ;
#581 = VECTOR ( 'NONE', #3456, 1000.000000000000100 ) ;
#582 = VERTEX_POINT ( 'NONE', #1663 ) ;
#583 = ORIENTED_EDGE ( 'NONE', *, *, #2094, .T. ) ;
#584 = CARTESIAN_POINT ( 'NONE',  ( -1.481823279040217500, 1.762411793824842700, 1.305000000000012600 ) ) ;
#585 = EDGE_CURVE ( 'NONE', #117, #1874, #1104, .T. ) ;
#586 = VERTEX_POINT ( 'NONE', #9212 ) ;
#587 = ADVANCED_FACE ( 'NONE', ( #6993 ), #5483, .T. ) ;
#588 = ORIENTED_EDGE ( 'NONE', *, *, #2495, .T. ) ;
#589 = CARTESIAN_POINT ( 'NONE',  ( -2.199999999999963300, -5.101754311063978700, 0.1205696156111787000 ) ) ;
#590 = FACE_OUTER_BOUND ( 'NONE', #7617, .T. ) ;
#591 = DIRECTION ( 'NONE',  ( 1.000000000000000000, 0.0000000000000000000, -0.0000000000000000000 ) ) ;
#592 = ORIENTED_EDGE ( 'NONE', *, *, #2119, .T. ) ;
#593 = ORIENTED_EDGE ( 'NONE', *, *, #444, .F. ) ;
#594 = EDGE_CURVE ( 'NONE', #2752, #9108, #9343, .T. ) ;
#595 = CARTESIAN_POINT ( 'NONE',  ( -0.5018598090888138900, 1.286748336205876900, 1.180000000000004400 ) ) ;
#596 = CARTESIAN_POINT ( 'NONE',  ( -0.2999999999999937700, 4.915250744231022900, 6.191650734937880400E-006 ) ) ;
#597 = ORIENTED_EDGE ( 'NONE', *, *, #6908, .T. ) ;
#598 = VERTEX_POINT ( 'NONE', #9185 ) ;
#599 = CARTESIAN_POINT ( 'NONE',  ( 1.722822285793130100, 3.289124139015381100, 1.305000000000012800 ) ) ;
#600 = CARTESIAN_POINT ( 'NONE',  ( 1.092224465912157400, 0.1305592434984409200, 0.9999999999999879000 ) ) ;
#601 = PLANE ( 'NONE',  #255 ) ;
#602 = DIRECTION ( 'NONE',  ( 0.0000000000000000000, 0.0000000000000000000, 1.000000000000000000 ) ) ;
#603 = VECTOR ( 'NONE', #8324, 1000.000000000000000 ) ;
#604 = ORIENTED_EDGE ( 'NONE', *, *, #8159, .F. ) ;
#605 = DIRECTION ( 'NONE',  ( -0.7071067811865565700, 0.7071067811865384700, 5.651048599252062400E-017 ) ) ;
#606 = DIRECTION ( 'NONE',  ( 1.000000000000000000, 0.0000000000000000000, 0.0000000000000000000 ) ) ;
#607 = EDGE_CURVE ( 'NONE', #8069, #6036, #403, .T. ) ;
#608 = DIRECTION ( 'NONE',  ( 0.0000000000000000000, 0.0000000000000000000, 1.000000000000000000 ) ) ;
#609 = CARTESIAN_POINT ( 'NONE',  ( 1.600000000000001000, 5.013767464732366900, 0.1833193398174324000 ) ) ;
#610 = LINE ( 'NONE', #4178, #3811 ) ;
#611 = ORIENTED_EDGE ( 'NONE', *, *, #4455, .T. ) ;
#612 = ORIENTED_EDGE ( 'NONE', *, *, #4259, .F. ) ;
#613 = DIRECTION ( 'NONE',  ( 0.7071067811866104100, -0.7071067811864847300, 0.0000000000000000000 ) ) ;
#614 = CARTESIAN_POINT ( 'NONE',  ( 0.3698988357748729200, -1.035995954430509100, 1.252226072353051600 ) ) ;
#615 = LINE ( 'NONE', #5835, #4639 ) ;
#616 = ORIENTED_EDGE ( 'NONE', *, *, #5750, .T. ) ;
#617 = DIRECTION ( 'NONE',  ( 0.1668683535051944700, 0.0000000000000000000, 0.9859791846679448700 ) ) ;
#618 = DIRECTION ( 'NONE',  ( 0.9999999175860412300, 0.0000000000000000000, 0.0004059900380440000900 ) ) ;
#619 = ORIENTED_EDGE ( 'NONE', *, *, #4531, .F. ) ;
#620 = LINE ( 'NONE', #4413, #6260 ) ;
#621 = ORIENTED_EDGE ( 'NONE', *, *, #4206, .T. ) ;
#622 = DIRECTION ( 'NONE',  ( 1.000000000000000000, 2.571370700173599300E-016, 0.0000000000000000000 ) ) ;
#623 = VERTEX_POINT ( 'NONE', #4081 ) ;
#624 = CARTESIAN_POINT ( 'NONE',  ( 3.655992052357200300, 4.617157287525374800, 0.9745999999999879200 ) ) ;
#625 = DIRECTION ( 'NONE',  ( 1.000000000000000000, 2.571370700173599300E-016, 0.0000000000000000000 ) ) ;
#626 = AXIS2_PLACEMENT_3D ( 'NONE', #6715, #745, #2231 ) ;
#627 = ORIENTED_EDGE ( 'NONE', *, *, #4671, .T. ) ;
#628 = CARTESIAN_POINT ( 'NONE',  ( -1.333203322919201100, -2.131716351070289700, 1.304443789295130400 ) ) ;
#629 = CARTESIAN_POINT ( 'NONE',  ( 1.437658651762083300, 2.963471498303110500, 1.305000000000012600 ) ) ;
#631 = LINE ( 'NONE', #4324, #3710 ) ;
#630 = DIRECTION ( 'NONE',  ( 1.000000000000000000, 0.0000000000000000000, -9.895244941485101000E-017 ) ) ;
#632 = ORIENTED_EDGE ( 'NONE', *, *, #6204, .F. ) ;
#633 = DIRECTION ( 'NONE',  ( 0.7071067811865430200, -0.7071067811865521200, -8.342941000000002700E-017 ) ) ;
#634 = CARTESIAN_POINT ( 'NONE',  ( -0.2999999999999937700, 4.905083581410346800, 2.063883571393829300E-006 ) ) ;
#635 = AXIS2_PLACEMENT_3D ( 'NONE', #3941, #8315, #6771 ) ;
#636 = LINE ( 'NONE', #8055, #9636 ) ;
#637 = ORIENTED_EDGE ( 'NONE', *, *, #3064, .T. ) ;
#638 = ORIENTED_EDGE ( 'NONE', *, *, #4394, .F. ) ;
#639 = EDGE_CURVE ( 'NONE', #358, #1515, #3384, .T. ) ;
#640 = ORIENTED_EDGE ( 'NONE', *, *, #1256, .F. ) ;
#641 = PLANE ( 'NONE',  #551 ) ;
#642 = CARTESIAN_POINT ( 'NONE',  ( -5.109556728779596200, -0.8000000000000258000, 0.1666719549468375600 ) ) ;
#643 = DIRECTION ( 'NONE',  ( 0.0000000000000000000, -1.000000000000000000, 0.0000000000000000000 ) ) ;
#644 = EDGE_LOOP ( 'NONE', ( #5439, #3801, #1131, #2043, #7275 ) ) ;
#645 = B_SPLINE_CURVE_WITH_KNOTS ( 'NONE', 3,
 ( #3506, #589, #6661, #5857, #2137, #8052 ),
 .UNSPECIFIED., .F., .F.,
 ( 4, 2, 4 ),
 ( 0.0000000000000000000, 0.5000000000000000000, 1.000000000000000000 ),
 .UNSPECIFIED. ) ;
#646 = DIRECTION ( 'NONE',  ( 0.0000000000000000000, 0.1668683535052396500, 0.9859791846679372100 ) ) ;
#647 = ADVANCED_FACE ( 'NONE', ( #1475 ), #6634, .F. ) ;
#648 = LINE ( 'NONE', #124, #5590 ) ;
#649 = ORIENTED_EDGE ( 'NONE', *, *, #3891, .F. ) ;
#650 = DIRECTION ( 'NONE',  ( 1.000000000000000000, 0.0000000000000000000, 0.0000000000000000000 ) ) ;
#651 = VECTOR ( 'NONE', #6607, 1000.000000000000000 ) ;
#652 = ORIENTED_EDGE ( 'NONE', *, *, #4435, .T. ) ;
#653 = CARTESIAN_POINT ( 'NONE',  ( -3.299934393082120600, -3.055239467247957500, 0.9999999999999876800 ) ) ;
#654 = VERTEX_POINT ( 'NONE', #1729 ) ;
#655 = DIRECTION ( 'NONE',  ( 0.0000000000000000000, 0.0000000000000000000, 1.000000000000000000 ) ) ;
#656 = ORIENTED_EDGE ( 'NONE', *, *, #7979, .T. ) ;
#657 = ORIENTED_EDGE ( 'NONE', *, *, #9549, .T. ) ;
#658 = CARTESIAN_POINT ( 'NONE',  ( 4.899999999999984400, -1.399999999999988100, -1.554312360000000500E-014 ) ) ;
#659 = EDGE_CURVE ( 'NONE', #8402, #856, #5253, .T. ) ;
#660 = CYLINDRICAL_SURFACE ( 'NONE', #8637, 1.099999999999994500 ) ;
#661 = DIRECTION ( 'NONE',  ( 0.0000000000000000000, 0.1668683535052396500, 0.9859791846679372100 ) ) ;
#662 = CARTESIAN_POINT ( 'NONE',  ( -4.800000000000002500, 1.399999999999962600, 1.972523996270000100E-005 ) ) ;
#663 = FACE_OUTER_BOUND ( 'NONE', #5020, .T. ) ;
#664 = EDGE_CURVE ( 'NONE', #3123, #3700, #6409, .T. ) ;
#665 = DIRECTION ( 'NONE',  ( 0.0000000000000000000, -0.9999999175860412300, -0.0004059900380440000900 ) ) ;
#666 = DIRECTION ( 'NONE',  ( 0.0000000000000000000, -0.1668683535052120100, -0.9859791846679418800 ) ) ;
#667 = VECTOR ( 'NONE', #492, 1000.000000000000200 ) ;
#668 = VECTOR ( 'NONE', #9057, 1000.000000000000000 ) ;
#669 = CARTESIAN_POINT ( 'NONE',  ( 1.883123809859963600, 1.429001027772776700, 1.104999999999999500 ) ) ;
#670 = PLANE ( 'NONE',  #4473 ) ;
#671 = EDGE_CURVE ( 'NONE', #5243, #7914, #5149, .T. ) ;
#672 = CARTESIAN_POINT ( 'NONE',  ( 3.498871687761028900, 2.409490666577847900, 1.305000000000012600 ) ) ;
#673 = FILL_AREA_STYLE ('',( #3024 ) ) ;
#674 = DIRECTION ( 'NONE',  ( -0.7071067811865574500, -0.7071067811865376900, 0.0000000000000000000 ) ) ;
#675 = DIRECTION ( 'NONE',  ( 1.000000000000000000, 0.0000000000000000000, 0.0000000000000000000 ) ) ;
#676 = CARTESIAN_POINT ( 'NONE',  ( -4.900000000000010100, -3.373149339882620000, 0.0000000000000000000 ) ) ;
#677 = ORIENTED_EDGE ( 'NONE', *, *, #2176, .T. ) ;
#678 = EDGE_CURVE ( 'NONE', #38, #4039, #6890, .T. ) ;
#679 = CARTESIAN_POINT ( 'NONE',  ( 1.092224465912155200, -0.1305592434984655400, 1.350000000000010300 ) ) ;
#680 = CARTESIAN_POINT ( 'NONE',  ( -2.123991584049658600, 1.335196243172191800, 1.304839145392799200 ) ) ;
#681 = CARTESIAN_POINT ( 'NONE',  ( 4.902808646178184100, -1.399999999999988100, 0.1000011485238460100 ) ) ;
#683 = LINE ( 'NONE', #861, #5173 ) ;
#682 = AXIS2_PLACEMENT_3D ( 'NONE', #1030, #3284, #7860 ) ;
#684 = DIRECTION ( 'NONE',  ( -1.000000000000000000, 0.0000000000000000000, -0.0000000000000000000 ) ) ;
#685 = CARTESIAN_POINT ( 'NONE',  ( -0.2999999999999937700, 4.899999999998670800, 0.1000000032965566200 ) ) ;
#686 = ORIENTED_EDGE ( 'NONE', *, *, #3306, .T. ) ;
#687 = CIRCLE ( 'NONE', #7765, 1.399999999999988400 ) ;
#688 = B_SPLINE_CURVE_WITH_KNOTS ( 'NONE', 3,
 ( #6577, #614, #2864, #6613 ),
 .UNSPECIFIED., .F., .F.,
 ( 4, 4 ),
 ( 0.0000000000000000000, 1.000000000000000000 ),
 .UNSPECIFIED. ) ;
#689 = ADVANCED_FACE ( 'NONE', ( #5593 ), #6979, .T. ) ;
#690 = CARTESIAN_POINT ( 'NONE',  ( 4.617157287525354400, -3.655992052357232700, -1.811187290653146300E-015 ) ) ;
#691 = CARTESIAN_POINT ( 'NONE',  ( -2.199999999999988600, 5.202565240273884200, 0.6995986401513049100 ) ) ;
#692 = EDGE_CURVE ( 'NONE', #7857, #7433, #1848, .T. ) ;
#693 = VERTEX_POINT ( 'NONE', #7869 ) ;
#694 = CARTESIAN_POINT ( 'NONE',  ( 2.200000000000039300, -4.800000000000002500, 1.972523996270000100E-005 ) ) ;
#695 = CARTESIAN_POINT ( 'NONE',  ( 1.346164917318198400, -0.3844996949045010300, 1.024999999999989500 ) ) ;
#696 = ORIENTED_EDGE ( 'NONE', *, *, #1649, .T. ) ;
#697 = CARTESIAN_POINT ( 'NONE',  ( -4.617157287525378400, 3.655992052357254000, 0.9999999999999879000 ) ) ;
#698 = CARTESIAN_POINT ( 'NONE',  ( 2.200000000000039300, -5.002722156732098700, 0.1346906707209948300 ) ) ;
#699 = LINE ( 'NONE', #3489, #7035 ) ;
#700 = ORIENTED_EDGE ( 'NONE', *, *, #6831, .T. ) ;
#701 = DIRECTION ( 'NONE',  ( 0.0000000000000000000, 0.0000000000000000000, 1.000000000000000000 ) ) ;
#702 = AXIS2_PLACEMENT_3D ( 'NONE', #3706, #5220, #6028 ) ;
#703 = CARTESIAN_POINT ( 'NONE',  ( -3.499391409949214300, -2.400010496209343800, 0.9000000000000069100 ) ) ;
#704 = ORIENTED_EDGE ( 'NONE', *, *, #5843, .T. ) ;
#705 = B_SPLINE_CURVE_WITH_KNOTS ( 'NONE', 3,
 ( #3629, #3733, #5916, #6718, #9536, #8106, #716, #6585, #9672, #1350, #8848, #5238, #8907, #5116, #5851, #9633, #2203, #2869 ),
 .UNSPECIFIED., .F., .F.,
 ( 4, 2, 2, 2, 2, 2, 2, 2, 4 ),
 ( 0.0000000000000000000, 0.2500000000000012200, 0.3750000000000032200, 0.4375000000000043900, 0.5000000000000054400, 0.6250000000000044400, 0.6875000000000045500, 0.7500000000000047700, 1.000000000000000000 ),
 .UNSPECIFIED. ) ;
#706 = EDGE_LOOP ( 'NONE', ( #3607, #4399, #6410, #4663 ) ) ;
#707 = CARTESIAN_POINT ( 'NONE',  ( 0.7333333333333550400, -4.900000000000010100, 2.029538287884498400E-005 ) ) ;
#708 = LINE ( 'NONE', #6627, #5088 ) ;
#709 = CARTESIAN_POINT ( 'NONE',  ( -3.383840661997685300, 1.846430476844348700, 0.9000000000000070200 ) ) ;
#710 = ORIENTED_EDGE ( 'NONE', *, *, #7002, .T. ) ;
#711 = VERTEX_POINT ( 'NONE', #185 ) ;
#712 = EDGE_CURVE ( 'NONE', #2175, #3176, #4140, .T. ) ;
#713 = CARTESIAN_POINT ( 'NONE',  ( -2.998192376562307100, -3.342113749661617600, 0.9999999999999879000 ) ) ;
#714 = CARTESIAN_POINT ( 'NONE',  ( -4.624228355337240100, 3.663063120169116600, 0.9999999999999879000 ) ) ;
#715 = VERTEX_POINT ( 'NONE', #9347 ) ;
#716 = CARTESIAN_POINT ( 'NONE',  ( -2.243886393122841200, -1.320386341385567200, 1.257716217639530900 ) ) ;
#717 = EDGE_CURVE ( 'NONE', #4856, #8474, #409, .T. ) ;
#718 = CIRCLE ( 'NONE', #1838, 1.099999999999994300 ) ;
#719 = EDGE_CURVE ( 'NONE', #915, #472, #7447, .T. ) ;
#720 = DIRECTION ( 'NONE',  ( -0.1668683535052022100, 0.0000000000000000000, -0.9859791846679435400 ) ) ;
#721 = VERTEX_POINT ( 'NONE', #462 ) ;
#722 = CARTESIAN_POINT ( 'NONE',  ( 1.307639946032203700, 2.270497045342888800, 1.016666666684833400 ) ) ;
#723 = VERTEX_POINT ( 'NONE', #6350 ) ;
#724 = VERTEX_POINT ( 'NONE', #1950 ) ;
#725 = VECTOR ( 'NONE', #1106, 1000.000000000000000 ) ;
#726 = CARTESIAN_POINT ( 'NONE',  ( 1.071369944335142100, -0.2879226727952060600, 1.555000000000003300 ) ) ;
#727 = ORIENTED_EDGE ( 'NONE', *, *, #7948, .F. ) ;
#728 = EDGE_CURVE ( 'NONE', #1599, #7443, #5022, .T. ) ;
#729 = DIRECTION ( 'NONE',  ( 0.0000000000000000000, -0.0000000000000000000, 1.000000000000000000 ) ) ;
#730 = CARTESIAN_POINT ( 'NONE',  ( -1.519190145212714600, 3.085492000025674900, 1.305000000000012800 ) ) ;
#731 = ORIENTED_EDGE ( 'NONE', *, *, #4456, .F. ) ;
#732 = CARTESIAN_POINT ( 'NONE',  ( 2.200000000000039300, -4.960578144595555900, 0.1000651931323800600 ) ) ;
#733 = CYLINDRICAL_SURFACE ( 'NONE', #8454, 1.399999999999988400 ) ;
#734 = VERTEX_POINT ( 'NONE', #1914 ) ;
#735 = CARTESIAN_POINT ( 'NONE',  ( 3.498823671904396400, -2.409490608222201400, 0.9000000000000069100 ) ) ;
#736 = CARTESIAN_POINT ( 'NONE',  ( -2.006949509622383900, 1.372605471007080700, 1.228807832538909100 ) ) ;
#737 = EDGE_CURVE ( 'NONE', #1683, #7739, #4784, .T. ) ;
#738 = VERTEX_POINT ( 'NONE', #2720 ) ;
#739 = DIRECTION ( 'NONE',  ( 1.000000000000000000, -0.0000000000000000000, 0.0000000000000000000 ) ) ;
#740 = ADVANCED_FACE ( 'NONE', ( #3017 ), #5730, .T. ) ;
#741 = CARTESIAN_POINT ( 'NONE',  ( -3.663063120169088200, -4.624228355337262300, 0.9999999999999879000 ) ) ;
#742 = DIRECTION ( 'NONE',  ( -1.000000000000000000, 0.0000000000000000000, 0.0000000000000000000 ) ) ;
#743 = LINE ( 'NONE', #3645, #3580 ) ;
#744 = ORIENTED_EDGE ( 'NONE', *, *, #8238, .T. ) ;
#745 = DIRECTION ( 'NONE',  ( -1.000000000000000000, -0.0000000000000000000, 0.0000000000000000000 ) ) ;
#746 = CARTESIAN_POINT ( 'NONE',  ( -2.120907242772587200, -1.335997669737059500, 1.304752958201947000 ) ) ;
#747 = VERTEX_POINT ( 'NONE', #7101 ) ;
#748 = CIRCLE ( 'NONE', #7845, 1.399999999999989300 ) ;
#749 = DIRECTION ( 'NONE',  ( 0.7071067811864824000, -0.7071067811866125200, 0.0000000000000000000 ) ) ;
#750 = ORIENTED_EDGE ( 'NONE', *, *, #1974, .F. ) ;
#751 = B_SPLINE_CURVE_WITH_KNOTS ( 'NONE', 3,
 ( #9015, #3022, #3746, #8216 ),
 .UNSPECIFIED., .F., .F.,
 ( 4, 4 ),
 ( 0.0000000000000000000, 1.000000000000000000 ),
 .UNSPECIFIED. ) ;
#752 = PLANE ( 'NONE',  #2786 ) ;
#753 = VECTOR ( 'NONE', #2989, 999.9999999999998900 ) ;
#754 = EDGE_LOOP ( 'NONE', ( #2365, #3824, #8162, #8348 ) ) ;
#755 = DIRECTION ( 'NONE',  ( 0.7071067811865540100, 0.7071067811865410200, 1.047315000000000100E-031 ) ) ;
#756 = AXIS2_PLACEMENT_3D ( 'NONE', #8059, #503, #5137 ) ;
#757 = DIRECTION ( 'NONE',  ( 1.000000000000000000, -0.0000000000000000000, 0.0000000000000000000 ) ) ;
#758 = LINE ( 'NONE', #213, #2182 ) ;
#759 = ORIENTED_EDGE ( 'NONE', *, *, #5279, .T. ) ;
#760 = ORIENTED_EDGE ( 'NONE', *, *, #2368, .T. ) ;
#761 = VERTEX_POINT ( 'NONE', #2697 ) ;
#762 = DIRECTION ( 'NONE',  ( 0.0000000000000000000, 1.000000000000000000, 0.0000000000000000000 ) ) ;
#763 = CARTESIAN_POINT ( 'NONE',  ( 1.307373372340040000, 2.272610209293488600, 0.9999999999999879000 ) ) ;
#764 =( LENGTH_UNIT ( ) NAMED_UNIT ( * ) SI_UNIT ( .MILLI., .METRE. ) );
#765 = CARTESIAN_POINT ( 'NONE',  ( -2.199999999999963300, 4.905083581410346800, 2.063883571393829300E-006 ) ) ;
#766 = DIRECTION ( 'NONE',  ( -0.7071067811865258100, 0.7071067811865692200, 0.0000000000000000000 ) ) ;
#767 = CYLINDRICAL_SURFACE ( 'NONE', #7471, 1.099999999999994300 ) ;
#768 = EDGE_CURVE ( 'NONE', #8793, #4750, #333, .T. ) ;
#769 = DIRECTION ( 'NONE',  ( 0.0000000000000000000, -0.0000000000000000000, 1.000000000000000000 ) ) ;
#770 = VECTOR ( 'NONE', #6573, 1000.000000000000000 ) ;
#771 = B_SPLINE_CURVE_WITH_KNOTS ( 'NONE', 3,
 ( #7454, #3087, #5282, #829, #6842, #9056, #4632, #5386, #7513, #9016, #6098, #5258, #867, #730, #1459, #3747, #1493, #2249 ),
 .UNSPECIFIED., .F., .F.,
 ( 4, 2, 2, 2, 2, 2, 2, 2, 4 ),
 ( 0.3481772554894688200, 0.4233286800068600300, 0.4984801045242512300, 0.5736315290416425000, 0.6487829535590337000, 0.7239343780764249100, 0.7990858025938161200, 0.8742372271112073300, 0.9493886516285985300 ),
 .UNSPECIFIED. ) ;
#772 =( LENGTH_UNIT ( ) NAMED_UNIT ( * ) SI_UNIT ( .MILLI., .METRE. ) );
#773 = AXIS2_PLACEMENT_3D ( 'NONE', #2341, #6760, #3866 ) ;
#774 = CARTESIAN_POINT ( 'NONE',  ( -4.617157287525374800, -3.655992052357250900, 0.9745999999999879200 ) ) ;
#775 = CARTESIAN_POINT ( 'NONE',  ( -4.617157287525374800, -3.655992052357250900, 0.9745999999999879200 ) ) ;
#776 = PLANE ( 'NONE',  #2140 ) ;
#777 = LINE ( 'NONE', #2482, #3503 ) ;
#778 = CARTESIAN_POINT ( 'NONE',  ( 3.491048137816547700, -2.540049851720793700, 0.9000000000000070200 ) ) ;
#779 = CARTESIAN_POINT ( 'NONE',  ( 1.600000000000026300, -4.912401490849809700, 0.1000456338892871400 ) ) ;
#780 = EDGE_CURVE ( 'NONE', #3176, #8075, #8537, .T. ) ;
#781 = ORIENTED_EDGE ( 'NONE', *, *, #1377, .T. ) ;
#782 = CARTESIAN_POINT ( 'NONE',  ( -3.655992052357224700, -4.617157287525399700, 0.9745999999999879200 ) ) ;
#783 = CARTESIAN_POINT ( 'NONE',  ( 1.025452868097624000, 0.3980532819992132500, 1.205249755641084200 ) ) ;
#784 = DIRECTION ( 'NONE',  ( 0.0000000000000000000, 1.000000000000000000, 0.0000000000000000000 ) ) ;
#785 = COLOUR_RGB ( '',0.2509803921568627400, 0.2509803921568627400, 0.2509803921568627400 ) ;
#786 = CIRCLE ( 'NONE', #2736, 1.099999999999994500 ) ;
#787 = EDGE_CURVE ( 'NONE', #9047, #8306, #180, .T. ) ;
#788 = ADVANCED_FACE ( 'NONE', ( #8831 ), #4142, .T. ) ;
#789 = CARTESIAN_POINT ( 'NONE',  ( 1.427457497384544000, -2.943955022156268700, 0.9999999999999879000 ) ) ;
#790 = CARTESIAN_POINT ( 'NONE',  ( -0.1305592434984406400, -1.092224465912155400, 0.9000000000000069100 ) ) ;
#791 = ORIENTED_EDGE ( 'NONE', *, *, #1935, .T. ) ;
#792 = CARTESIAN_POINT ( 'NONE',  ( 0.2879226727952062200, -1.071369944335141400, 1.555000000000003300 ) ) ;
#793 = FACE_OUTER_BOUND ( 'NONE', #8197, .T. ) ;
#794 = CARTESIAN_POINT ( 'NONE',  ( 1.346164917316761600, -0.3844996949095318400, 1.016576877351559100 ) ) ;
#795 = EDGE_CURVE ( 'NONE', #1772, #9464, #2777, .T. ) ;
#796 = CARTESIAN_POINT ( 'NONE',  ( -0.2999999999999684000, -5.109556728779596200, 0.1666719549468629300 ) ) ;
#797 = CARTESIAN_POINT ( 'NONE',  ( 1.600000000000026300, -5.010958810312807500, 0.1833587902973828300 ) ) ;
#798 = ADVANCED_FACE ( 'NONE', ( #3605 ), #498, .F. ) ;
#799 = CARTESIAN_POINT ( 'NONE',  ( -0.2999999999999684000, -4.912442089811461800, 4.564213067505599600E-005 ) ) ;
#800 = DIRECTION ( 'NONE',  ( -0.0000000000000000000, 0.0000000000000000000, -1.000000000000000000 ) ) ;
#801 = VERTEX_POINT ( 'NONE', #3576 ) ;
#802 = VECTOR ( 'NONE', #3996, 1000.000000000000000 ) ;
#803 = CARTESIAN_POINT ( 'NONE',  ( -3.598400220000000200E-032, -2.158191010000000100E-032, 0.9745999999999879200 ) ) ;
#804 = LINE ( 'NONE', #3322, #8511 ) ;
#805 = CARTESIAN_POINT ( 'NONE',  ( 1.600000000000026300, -5.109556728779596200, 0.1666719549468629300 ) ) ;
#806 = CARTESIAN_POINT ( 'NONE',  ( -3.804484476406386800, 4.482806999099954800, 0.9745999999999879200 ) ) ;
#807 = ORIENTED_EDGE ( 'NONE', *, *, #7062, .T. ) ;
#808 = CARTESIAN_POINT ( 'NONE',  ( 4.915210145269370800, 0.8000000000000006000, 0.1000049467274789600 ) ) ;
#809 = DIRECTION ( 'NONE',  ( -0.7071067811865565700, 0.7071067811865384700, 0.0000000000000000000 ) ) ;
#810 = EDGE_LOOP ( 'NONE', ( #5076, #8969, #8588, #8243 ) ) ;
#811 = VECTOR ( 'NONE', #4276, 1000.000000000000000 ) ;
#812 = CARTESIAN_POINT ( 'NONE',  ( -3.655992052357206500, -4.617157287525381900, 1.403766198207620200E-016 ) ) ;
#813 =( NAMED_UNIT ( * ) SI_UNIT ( $, .STERADIAN. ) SOLID_ANGLE_UNIT ( ) );
#814 = MECHANICAL_DESIGN_GEOMETRIC_PRESENTATION_REPRESENTATION (  '', ( #7168 ), #1322 ) ;
#815 = ORIENTED_EDGE ( 'NONE', *, *, #6902, .F. ) ;
#816 = B_SPLINE_CURVE_WITH_KNOTS ( 'NONE', 3,
 ( #2735, #2799, #7944, #1991, #547, #8746 ),
 .UNSPECIFIED., .F., .F.,
 ( 4, 2, 4 ),
 ( 0.0000000000000000000, 0.5000000000000000000, 1.000000000000000000 ),
 .UNSPECIFIED. ) ;
#817 = ORIENTED_EDGE ( 'NONE', *, *, #8552, .F. ) ;
#818 = CARTESIAN_POINT ( 'NONE',  ( 0.3000000000000192500, -5.101754311063978700, 0.1205696156111787100 ) ) ;
#819 = LINE ( 'NONE', #8423, #2831 ) ;
#820 = CARTESIAN_POINT ( 'NONE',  ( -4.912442089811461800, 1.399999999999962600, 4.564213066621158900E-005 ) ) ;
#821 = ORIENTED_EDGE ( 'NONE', *, *, #5428, .T. ) ;
#822 = ORIENTED_EDGE ( 'NONE', *, *, #2563, .T. ) ;
#823 = PRESENTATION_LAYER_ASSIGNMENT (  '', '', ( #133 ) ) ;
#824 = DIRECTION ( 'NONE',  ( -0.7071067811865269200, 0.7071067811865681100, 0.0000000000000000000 ) ) ;
#825 = EDGE_CURVE ( 'NONE', #7165, #5612, #1604, .T. ) ;
#826 = DIRECTION ( 'NONE',  ( -1.000000000000000000, 0.0000000000000000000, 0.0000000000000000000 ) ) ;
#827 = CARTESIAN_POINT ( 'NONE',  ( 3.074825059243880200, -3.289124138344465800, 1.305000000000012800 ) ) ;
#828 = VERTEX_POINT ( 'NONE', #2078 ) ;
#829 = CARTESIAN_POINT ( 'NONE',  ( -3.359988695444351000, 2.963471492841637900, 1.305000000000012600 ) ) ;
#830 = CARTESIAN_POINT ( 'NONE',  ( 4.899999999999984400, -1.399999999999988100, -1.554312360000000500E-014 ) ) ;
#831 = VERTEX_POINT ( 'NONE', #8704 ) ;
#832 = CARTESIAN_POINT ( 'NONE',  ( -4.900000000000009200, -0.2666666666666925900, 2.029538285347465300E-005 ) ) ;
#833 = STYLED_ITEM ( 'NONE', ( #2013 ), #3261 ) ;
#834 = COLOUR_RGB ( '',0.7921568627450980000, 0.8196078431372548800, 0.9333333333333333500 ) ;
#835 = ORIENTED_EDGE ( 'NONE', *, *, #5102, .F. ) ;
#836 = CARTESIAN_POINT ( 'NONE',  ( -3.598400220000000200E-032, -2.158191010000000100E-032, 1.350000000000010300 ) ) ;
#837 = DIRECTION ( 'NONE',  ( 1.000000000000000000, 0.0000000000000000000, -0.0000000000000000000 ) ) ;
#838 = DIRECTION ( 'NONE',  ( -1.000000000000000000, -0.0000000000000000000, -0.0000000000000000000 ) ) ;
#839 = ADVANCED_FACE ( 'NONE', ( #4545 ), #6469, .T. ) ;
#840 = ORIENTED_EDGE ( 'NONE', *, *, #9614, .F. ) ;
#841 = ORIENTED_EDGE ( 'NONE', *, *, #6193, .F. ) ;
#842 = CARTESIAN_POINT ( 'NONE',  ( -1.599999999999985700, 4.899999999998670800, 0.1000000032965566200 ) ) ;
#843 = DIRECTION ( 'NONE',  ( 0.0000000000000000000, -0.0004059900380430000700, -0.9999999175860412300 ) ) ;
#844 = EDGE_CURVE ( 'NONE', #5430, #6967, #1815, .T. ) ;
#845 = CARTESIAN_POINT ( 'NONE',  ( 2.445007224288389100, 1.305107341172108400, 0.8999999999999978000 ) ) ;
#846 = CARTESIAN_POINT ( 'NONE',  ( -4.912360891846019800, -0.8000000000000258000, 0.2000456256478774200 ) ) ;
#847 = ORIENTED_EDGE ( 'NONE', *, *, #2505, .T. ) ;
#848 = CARTESIAN_POINT ( 'NONE',  ( -0.2999999999999937700, 5.103967321807094700, 0.7162854755018253100 ) ) ;
#849 = VECTOR ( 'NONE', #1174, 1000.000000000000000 ) ;
#850 = EDGE_CURVE ( 'NONE', #3074, #4045, #58, .T. ) ;
#851 = ORIENTED_EDGE ( 'NONE', *, *, #8382, .T. ) ;
#852 = ORIENTED_EDGE ( 'NONE', *, *, #3593, .F. ) ;
#853 = CARTESIAN_POINT ( 'NONE',  ( 0.9709989722272242000, 0.5168761901400376100, 1.104999999999999500 ) ) ;
#854 = CARTESIAN_POINT ( 'NONE',  ( -5.101158667387508700, -0.8000000000000258000, 0.7163249259817521300 ) ) ;
#855 = LINE ( 'NONE', #6770, #4163 ) ;
#856 = VERTEX_POINT ( 'NONE', #6560 ) ;
#857 = ORIENTED_EDGE ( 'NONE', *, *, #7674, .T. ) ;
#858 = B_SPLINE_CURVE_WITH_KNOTS ( 'NONE', 3,
 ( #4239, #4272, #4440, #5899 ),
 .UNSPECIFIED., .F., .F.,
 ( 4, 4 ),
 ( 0.0000000000000000000, 1.000000000000000000 ),
 .UNSPECIFIED. ) ;
#859 = CARTESIAN_POINT ( 'NONE',  ( -3.797413408594518800, 4.475735931288086000, 0.9999999999999879000 ) ) ;
#860 = EDGE_CURVE ( 'NONE', #5127, #9229, #8016, .T. ) ;
#861 = CARTESIAN_POINT ( 'NONE',  ( 0.5203083823854977000, 1.172772508248182600, 1.205000000000212800 ) ) ;
#862 = FACE_OUTER_BOUND ( 'NONE', #8, .T. ) ;
#863 = ORIENTED_EDGE ( 'NONE', *, *, #4408, .T. ) ;
#864 = DIRECTION ( 'NONE',  ( 0.0000000000000000000, 0.0000000000000000000, 1.000000000000000000 ) ) ;
#865 = EDGE_CURVE ( 'NONE', #2289, #5856, #636, .T. ) ;
#866 = CARTESIAN_POINT ( 'NONE',  ( 0.9710488006423473300, -0.5167825720465767400, 1.104999999999999500 ) ) ;
#867 = CARTESIAN_POINT ( 'NONE',  ( -1.722822279105164800, 3.289124134148647000, 1.305000000000012600 ) ) ;
#869 = CIRCLE ( 'NONE', #5427, 1.099999999999994500 ) ;
#868 = CARTESIAN_POINT ( 'NONE',  ( 0.7883143458293638800, 0.1769224911240529200, 0.9999999999999879000 ) ) ;
#870 = ORIENTED_EDGE ( 'NONE', *, *, #664, .F. ) ;
#871 = DIRECTION ( 'NONE',  ( -0.0000000000000000000, -1.000000000000000000, 0.0000000000000000000 ) ) ;
#872 = FACE_OUTER_BOUND ( 'NONE', #7954, .T. ) ;
#873 = ORIENTED_EDGE ( 'NONE', *, *, #671, .F. ) ;
#874 = DIRECTION ( 'NONE',  ( 0.0000000000000000000, 0.0000000000000000000, -1.000000000000000000 ) ) ;
#875 = CARTESIAN_POINT ( 'NONE',  ( -0.3844996949045082500, -1.346164917318196900, 1.350000000000010300 ) ) ;
#876 = EDGE_CURVE ( 'NONE', #1515, #1061, #9520, .T. ) ;
#877 = AXIS2_PLACEMENT_3D ( 'NONE', #1756, #9213, #7834 ) ;
#878 = VECTOR ( 'NONE', #720, 1000.000000000000200 ) ;
#879 = ORIENTED_EDGE ( 'NONE', *, *, #2119, .F. ) ;
#880 = CARTESIAN_POINT ( 'NONE',  ( -2.199999999999963300, -4.797191345580442200, 3.945047992540000200E-005 ) ) ;
#881 = DIRECTION ( 'NONE',  ( 0.0000000000000000000, 0.9859791846679421000, -0.1668683535052109300 ) ) ;
#882 = LINE ( 'NONE', #1822, #8592 ) ;
#883 = VECTOR ( 'NONE', #1238, 1000.000000000000000 ) ;
#884 = ORIENTED_EDGE ( 'NONE', *, *, #4959, .F. ) ;
#885 = CARTESIAN_POINT ( 'NONE',  ( -4.898127560973727600, -1.400000000000038800, 3.983057407985909300E-005 ) ) ;
#886 = EDGE_LOOP ( 'NONE', ( #611, #1041, #4035, #686 ) ) ;
#887 = DIRECTION ( 'NONE',  ( 0.0000000000000000000, 0.0000000000000000000, -1.000000000000000000 ) ) ;
#888 = ORIENTED_EDGE ( 'NONE', *, *, #3255, .T. ) ;
#889 = DIRECTION ( 'NONE',  ( -0.1668683535052022100, 0.0000000000000000000, -0.9859791846679435400 ) ) ;
#890 = LINE ( 'NONE', #4518, #1472 ) ;
#891 = ORIENTED_EDGE ( 'NONE', *, *, #7505, .F. ) ;
#892 = DIRECTION ( 'NONE',  ( 0.7071067811865520100, 0.7071067811865431300, 1.047315000000000100E-031 ) ) ;
#893 = FACE_OUTER_BOUND ( 'NONE', #8108, .T. ) ;
#894 = ORIENTED_EDGE ( 'NONE', *, *, #7128, .T. ) ;
#895 = ORIENTED_EDGE ( 'NONE', *, *, #4516, .T. ) ;
#896 = ADVANCED_FACE ( 'NONE', ( #9275 ), #562, .F. ) ;
#897 = MANIFOLD_SOLID_BREP ( 'Split1[1]', #3440 ) ;
#898 = CARTESIAN_POINT ( 'NONE',  ( -4.800000000000002500, 1.399999999999962600, 1.972523996270000100E-005 ) ) ;
#899 = CARTESIAN_POINT ( 'NONE',  ( -1.025472922904443900, -0.3980016135517229800, 1.205000000000183300 ) ) ;
#900 = AXIS2_PLACEMENT_3D ( 'NONE', #2596, #4938, #340 ) ;
#901 = CYLINDRICAL_SURFACE ( 'NONE', #7829, 1.399999999999988400 ) ;
#902 = ORIENTED_EDGE ( 'NONE', *, *, #4959, .T. ) ;
#903 = CARTESIAN_POINT ( 'NONE',  ( 4.899999999999984400, 3.373149339882620000, 0.9745999999999879200 ) ) ;
#904 = PLANE ( 'NONE',  #6737 ) ;
#905 = ADVANCED_FACE ( 'NONE', ( #1589 ), #5366, .T. ) ;
#906 = EDGE_CURVE ( 'NONE', #3966, #828, #9280, .T. ) ;
#907 = LINE ( 'NONE', #8339, #8154 ) ;
#908 = CARTESIAN_POINT ( 'NONE',  ( 2.614721060899722400, 3.293043583593275900, 0.2000000000000130000 ) ) ;
#909 = LINE ( 'NONE', #4543, #6654 ) ;
#910 = SURFACE_SIDE_STYLE ('',( #21 ) ) ;
#911 =( NAMED_UNIT ( * ) PLANE_ANGLE_UNIT ( ) SI_UNIT ( $, .RADIAN. ) );
#912 = CARTESIAN_POINT ( 'NONE',  ( -2.398823671904402000, 2.409490608222226700, 0.9999999999999879000 ) ) ;
#913 = DIRECTION ( 'NONE',  ( -0.7071067811870028800, 0.7071067811860921600, 0.0000000000000000000 ) ) ;
#914 = EDGE_CURVE ( 'NONE', #1347, #4892, #2542, .T. ) ;
#915 = VERTEX_POINT ( 'NONE', #8080 ) ;
#916 = CARTESIAN_POINT ( 'NONE',  ( -0.7940316588792036800, -0.1826398041738918900, 0.9745999999999879200 ) ) ;
#917 = CARTESIAN_POINT ( 'NONE',  ( -1.883217427953445700, 1.428951199357646300, 1.104999999999999500 ) ) ;
#918 = CARTESIAN_POINT ( 'NONE',  ( -0.2999999999999684000, -4.912401490849809700, 0.1000456338892871400 ) ) ;
#919 = LINE ( 'NONE', #9174, #6664 ) ;
#920 = B_SPLINE_CURVE_WITH_KNOTS ( 'NONE', 3,
 ( #8901, #9561, #1441, #1380 ),
 .UNSPECIFIED., .F., .F.,
 ( 4, 4 ),
 ( 0.0000000000000000000, 1.000000000000000000 ),
 .UNSPECIFIED. ) ;
#921 = EDGE_CURVE ( 'NONE', #9006, #3346, #6172, .T. ) ;
#922 = CARTESIAN_POINT ( 'NONE',  ( 0.2999999999999937700, 5.103967321807094700, 0.7162854755018252000 ) ) ;
#923 = ORIENTED_EDGE ( 'NONE', *, *, #3263, .F. ) ;
#924 = PLANE ( 'NONE',  #6862 ) ;
#925 = ORIENTED_EDGE ( 'NONE', *, *, #6018, .F. ) ;
#926 = DIRECTION ( 'NONE',  ( 0.0000000000000000000, 0.0000000000000000000, 1.000000000000000000 ) ) ;
#927 = EDGE_CURVE ( 'NONE', #2470, #4162, #522, .T. ) ;
#928 = PLANE ( 'NONE',  #8838 ) ;
#930 = LINE ( 'NONE', #1602, #8404 ) ;
#929 = AXIS2_PLACEMENT_3D ( 'NONE', #5858, #5183, #666 ) ;
#931 = CARTESIAN_POINT ( 'NONE',  ( -2.398823671904402000, -2.409490608222201400, 0.9999999999999879000 ) ) ;
#932 = CARTESIAN_POINT ( 'NONE',  ( 4.915210145269370800, 0.8000000000000006000, 0.1000049467274789600 ) ) ;
#933 = ADVANCED_FACE ( 'NONE', ( #7787 ), #4666, .T. ) ;
#934 = ORIENTED_EDGE ( 'NONE', *, *, #4158, .T. ) ;
#935 = ORIENTED_EDGE ( 'NONE', *, *, #9490, .T. ) ;
#936 = FACE_OUTER_BOUND ( 'NONE', #3014, .T. ) ;
#937 = DIRECTION ( 'NONE',  ( 0.0000000000000000000, 0.0000000000000000000, 1.000000000000000000 ) ) ;
#938 = VERTEX_POINT ( 'NONE', #8256 ) ;
#939 = DIRECTION ( 'NONE',  ( -0.0000000000000000000, 0.0000000000000000000, -1.000000000000000000 ) ) ;
#940 = CARTESIAN_POINT ( 'NONE',  ( -1.522041902291841900, 1.700618003610023800, 1.104999999999999500 ) ) ;
#941 = DIRECTION ( 'NONE',  ( 0.0000000000000000000, 0.0000000000000000000, 1.000000000000000000 ) ) ;
#942 = ORIENTED_EDGE ( 'NONE', *, *, #4638, .T. ) ;
#943 = ORIENTED_EDGE ( 'NONE', *, *, #5081, .F. ) ;
#944 = LINE ( 'NONE', #9200, #6129 ) ;
#945 = CARTESIAN_POINT ( 'NONE',  ( 2.199999999999988600, 4.900000000000009200, 0.03333333333333547700 ) ) ;
#946 = ORIENTED_EDGE ( 'NONE', *, *, #4080, .F. ) ;
#947 = ADVANCED_FACE ( 'NONE', ( #6292 ), #8920, .T. ) ;
#948 = VERTEX_POINT ( 'NONE', #6730 ) ;
#949 = AXIS2_PLACEMENT_3D ( 'NONE', #4175, #9382, #4236 ) ;
#950 = DIRECTION ( 'NONE',  ( 0.0000000000000000000, -0.1668683535051944900, -0.9859791846679448700 ) ) ;
#951 = CLOSED_SHELL ( 'NONE', ( #9102, #8684, #8051, #2492, #7859, #4765, #3622, #5106, #4810, #4707, #4021, #9706, #7144, #5923, #4844, #647, #6273, #8191, #3174, #346, #5291, #9242, #2340, #1863, #2828, #395, #7957, #1198, #2225, #2928, #1286, #2682, #6362, #2586, #253, #6944 ) ) ;
#952 =( LENGTH_UNIT ( ) NAMED_UNIT ( * ) SI_UNIT ( .MILLI., .METRE. ) );
#953 = LINE ( 'NONE', #4818, #1306 ) ;
#954 = CARTESIAN_POINT ( 'NONE',  ( -1.599999999999975400, -5.005766807287230300, 0.01712039946240332900 ) ) ;
#955 = ORIENTED_EDGE ( 'NONE', *, *, #4129, .T. ) ;
#956 = EDGE_CURVE ( 'NONE', #6148, #5380, #4904, .T. ) ;
#957 = CARTESIAN_POINT ( 'NONE',  ( -3.598400220000000200E-032, -2.158191010000000100E-032, 0.9745999999999879200 ) ) ;
#958 = B_SPLINE_CURVE_WITH_KNOTS ( 'NONE', 3,
 ( #6705, #6038, #4503, #2326 ),
 .UNSPECIFIED., .F., .F.,
 ( 4, 4 ),
 ( 0.0000000000000000000, 1.000000000000000000 ),
 .UNSPECIFIED. ) ;
#959 = VECTOR ( 'NONE', #766, 1000.000000000000000 ) ;
#960 = CARTESIAN_POINT ( 'NONE',  ( -4.900000000000009200, 3.373149339882620900, 0.9745999999999879200 ) ) ;
#961 = ORIENTED_EDGE ( 'NONE', *, *, #527, .F. ) ;
#962 = ORIENTED_EDGE ( 'NONE', *, *, #3497, .T. ) ;
#963 = CARTESIAN_POINT ( 'NONE',  ( -2.415229465818262300, 1.309091049545488600, 0.9000000000000071300 ) ) ;
#964 = ORIENTED_EDGE ( 'NONE', *, *, #1283, .F. ) ;
#965 = EDGE_CURVE ( 'NONE', #3097, #483, #7327, .T. ) ;
#966 = DIRECTION ( 'NONE',  ( -1.074200793225718000E-015, -9.562137901029192500E-016, -1.000000000000000000 ) ) ;
#967 = VECTOR ( 'NONE', #2092, 1000.000000000000000 ) ;
#968 = CARTESIAN_POINT ( 'NONE',  ( -0.1306566894250745500, 1.092212817696192500, 1.196541165298068000 ) ) ;
#969 = ORIENTED_EDGE ( 'NONE', *, *, #5587, .T. ) ;
#970 = EDGE_CURVE ( 'NONE', #7442, #7070, #3955, .T. ) ;
#971 = DIRECTION ( 'NONE',  ( 0.7071067811865520100, 0.7071067811865430200, 1.047315000000000100E-031 ) ) ;
#972 = CARTESIAN_POINT ( 'NONE',  ( -0.2999999999999684000, -5.199756585854300000, 0.6996380906312345000 ) ) ;
#973 = CARTESIAN_POINT ( 'NONE',  ( 0.7940316588792032400, 0.1826398041738923100, 0.9745999999999879200 ) ) ;
#974 = CARTESIAN_POINT ( 'NONE',  ( -0.3844996949045078000, 1.346164917318196700, 0.9745999999999879200 ) ) ;
#975 = EDGE_LOOP ( 'NONE', ( #7113, #2274, #3372, #5799, #1646, #2954, #7780, #6721 ) ) ;
#976 = ORIENTED_EDGE ( 'NONE', *, *, #3814, .T. ) ;
#977 = CARTESIAN_POINT ( 'NONE',  ( 4.899999999999984400, -3.373149339882595100, -1.942890450000000600E-015 ) ) ;
#978 = EDGE_CURVE ( 'NONE', #8213, #8864, #4306, .T. ) ;
#979 = CARTESIAN_POINT ( 'NONE',  ( -4.482806999099937100, -3.804484476406420500, 0.9999999999999879000 ) ) ;
#980 = CARTESIAN_POINT ( 'NONE',  ( -3.074825052287086800, -3.289124143417796900, 1.305000000000012800 ) ) ;
#981 = CYLINDRICAL_SURFACE ( 'NONE', #900, 0.1250000000000079900 ) ;
#982 = ORIENTED_EDGE ( 'NONE', *, *, #4262, .F. ) ;
#983 = ADVANCED_FACE ( 'NONE', ( #9050 ), #2301, .T. ) ;
#984 = CARTESIAN_POINT ( 'NONE',  ( 4.899999999999984400, 3.373149339882620000, 0.9999999999999879000 ) ) ;
#985 = EDGE_CURVE ( 'NONE', #761, #734, #6382, .T. ) ;
#986 = VECTOR ( 'NONE', #6481, 1000.000000000000000 ) ;
#987 = EDGE_LOOP ( 'NONE', ( #8202, #6833, #3660, #9236 ) ) ;
#988 = CARTESIAN_POINT ( 'NONE',  ( -4.899999997940137900, 1.399999999999971000, 3.044307340546954200E-005 ) ) ;
#989 = PRESENTATION_STYLE_ASSIGNMENT (( #2948 ) ) ;
#990 = CARTESIAN_POINT ( 'NONE',  ( 1.092224465912157600, 0.1305592434984419200, 0.9999999999999879000 ) ) ;
#991 = LINE ( 'NONE', #3791, #5356 ) ;
#992 = ORIENTED_EDGE ( 'NONE', *, *, #336, .T. ) ;
#993 = ORIENTED_EDGE ( 'NONE', *, *, #3366, .T. ) ;
#994 = EDGE_CURVE ( 'NONE', #9108, #1409, #6062, .T. ) ;
#995 = CARTESIAN_POINT ( 'NONE',  ( -5.199756585854311600, 0.7999999999999748400, 0.6996380906312323900 ) ) ;
#996 = CARTESIAN_POINT ( 'NONE',  ( 0.0000000000000000000, 0.0000000000000000000, 0.0000000000000000000 ) ) ;
#997 = CARTESIAN_POINT ( 'NONE',  ( -1.365518740471038700, 2.025984795411115400, 1.232719495441310100 ) ) ;
#998 = VERTEX_POINT ( 'NONE', #3 ) ;
#999 = VECTOR ( 'NONE', #3391, 1000.000000000000200 ) ;
#1000 = VERTEX_POINT ( 'NONE', #5280 ) ;
#1001 = ADVANCED_FACE ( 'NONE', ( #1122 ), #8949, .F. ) ;
#1002 = DIRECTION ( 'NONE',  ( -1.000000000000000000, -0.0000000000000000000, 0.0000000000000000000 ) ) ;
#1003 = VECTOR ( 'NONE', #7937, 1000.000000000000000 ) ;
#1004 = VERTEX_POINT ( 'NONE', #6027 ) ;
#1005 = ORIENTED_EDGE ( 'NONE', *, *, #3329, .F. ) ;
#1006 = STYLED_ITEM ( 'NONE', ( #6268 ), #6429 ) ;
#1007 = ORIENTED_EDGE ( 'NONE', *, *, #1850, .T. ) ;
#1008 = CARTESIAN_POINT ( 'NONE',  ( 0.2999999999999937700, 5.008575461706789700, 0.01708094898245298600 ) ) ;
#1009 = CARTESIAN_POINT ( 'NONE',  ( -0.1604992051105401900, 1.088303710601913300, 1.255110244032548600 ) ) ;
#1010 = CARTESIAN_POINT ( 'NONE',  ( -2.199999999999988600, 4.915210145269370800, 0.1000049467274789400 ) ) ;
#1012 = LINE ( 'NONE', #7952, #6758 ) ;
#1011 = CARTESIAN_POINT ( 'NONE',  ( 1.406372341969495300, -1.927080177652734900, 1.104999999999999500 ) ) ;
#1013 = CARTESIAN_POINT ( 'NONE',  ( 3.804484476406383200, -4.482806999099951300, 0.9745999999999879200 ) ) ;
#1014 = CARTESIAN_POINT ( 'NONE',  ( 0.1305592434984409700, -1.092224465912159400, 0.9999999999999879000 ) ) ;
#1015 = DIRECTION ( 'NONE',  ( 0.0000000000000000000, 0.1668683535052089300, 0.9859791846679425400 ) ) ;
#1016 = ORIENTED_EDGE ( 'NONE', *, *, #1971, .T. ) ;
#1017 = CARTESIAN_POINT ( 'NONE',  ( -1.325464473692324500, 2.686958411837173000, 0.9999999999999879000 ) ) ;
#1018 = DIRECTION ( 'NONE',  ( 0.0000000000000000000, 0.0000000000000000000, 1.000000000000000000 ) ) ;
#1019 = CARTESIAN_POINT ( 'NONE',  ( 4.899999999999986100, 3.373149339882622200, 0.0000000000000000000 ) ) ;
#1020 = LINE ( 'NONE', #7610, #77 ) ;
#1021 = EDGE_CURVE ( 'NONE', #8102, #2129, #7130, .T. ) ;
#1022 = ORIENTED_EDGE ( 'NONE', *, *, #5882, .F. ) ;
#1023 = CARTESIAN_POINT ( 'NONE',  ( 1.600000000000001200, 4.915250744231022900, 6.191650734937880400E-006 ) ) ;
#1024 = AXIS2_PLACEMENT_3D ( 'NONE', #4579, #5326, #7596 ) ;
#1025 = CARTESIAN_POINT ( 'NONE',  ( 1.298823669963857100, 2.312519594343288400, 1.305000000000012600 ) ) ;
#1026 = DIRECTION ( 'NONE',  ( 0.7071067811862221700, 0.7071067811868728700, 0.0000000000000000000 ) ) ;
#1027 = B_SPLINE_CURVE_WITH_KNOTS ( 'NONE', 3,
 ( #2087, #8060, #9555, #47, #6672, #2255 ),
 .UNSPECIFIED., .F., .F.,
 ( 4, 2, 4 ),
 ( 0.0000000000000000000, 0.4829106388987610100, 0.9658212777975220300 ),
 .UNSPECIFIED. ) ;
#1028 = DIRECTION ( 'NONE',  ( 0.0000000000000000000, 0.0000000000000000000, 1.000000000000000000 ) ) ;
#1029 = PLANE ( 'NONE',  #514 ) ;
#1030 = CARTESIAN_POINT ( 'NONE',  ( 3.663063120169088200, 4.624228355337262300, 0.9745999999999879200 ) ) ;
#1031 = EDGE_CURVE ( 'NONE', #5912, #5702, #398, .T. ) ;
#1032 = DIRECTION ( 'NONE',  ( -0.0000000000000000000, -0.0000000000000000000, 1.000000000000000000 ) ) ;
#1033 = LINE ( 'NONE', #9135, #8283 ) ;
#1034 = ORIENTED_EDGE ( 'NONE', *, *, #4288, .F. ) ;
#1035 = CARTESIAN_POINT ( 'NONE',  ( 0.2999999999999938300, 5.079993289502964700, 0.07745236217282761000 ) ) ;
#1036 = EDGE_CURVE ( 'NONE', #5314, #2318, #7096, .T. ) ;
#1037 = CARTESIAN_POINT ( 'NONE',  ( -5.002722156732098700, 0.7999999999999749500, 0.1346906707209699100 ) ) ;
#1038 = DIRECTION ( 'NONE',  ( 0.0000000000000000000, 1.000000000000000000, -0.0000000000000000000 ) ) ;
#1039 = EDGE_CURVE ( 'NONE', #3039, #7725, #5695, .T. ) ;
#1040 = CARTESIAN_POINT ( 'NONE',  ( 0.7020871546763868300, 0.09069529997107618500, 1.304875309625544100 ) ) ;
#1041 = ORIENTED_EDGE ( 'NONE', *, *, #4525, .F. ) ;
#1042 = FACE_OUTER_BOUND ( 'NONE', #2511, .T. ) ;
#1043 = DIRECTION ( 'NONE',  ( 0.0000000000000000000, -0.9999999175860412300, 0.0004059900380430000700 ) ) ;
#1044 = FACE_OUTER_BOUND ( 'NONE', #4841, .T. ) ;
#1045 = ORIENTED_EDGE ( 'NONE', *, *, #342, .T. ) ;
#1046 = DIRECTION ( 'NONE',  ( 0.0000000000000000000, 0.1668683535052089300, 0.9859791846679425400 ) ) ;
#1047 = ADVANCED_FACE ( 'NONE', ( #8821 ), #2144, .T. ) ;
#1048 = DIRECTION ( 'NONE',  ( 0.7071067811865203700, 0.7071067811865747700, 0.0000000000000000000 ) ) ;
#1049 = ORIENTED_EDGE ( 'NONE', *, *, #8473, .T. ) ;
#1050 = EDGE_CURVE ( 'NONE', #5108, #4762, #6879, .T. ) ;
#1051 = ORIENTED_EDGE ( 'NONE', *, *, #8971, .T. ) ;
#1052 = CARTESIAN_POINT ( 'NONE',  ( 1.333229517684931100, -2.131741901360055800, 1.304721275325027000 ) ) ;
#1053 = FACE_OUTER_BOUND ( 'NONE', #7097, .T. ) ;
#1054 = CARTESIAN_POINT ( 'NONE',  ( 4.899999999999315600, -0.8000000000000003800, 0.1000000016482815300 ) ) ;
#1055 = CARTESIAN_POINT ( 'NONE',  ( -2.199999999999963300, -5.101158667387508700, 0.7163249259817507900 ) ) ;
#1056 = ORIENTED_EDGE ( 'NONE', *, *, #9013, .F. ) ;
#1057 = EDGE_CURVE ( 'NONE', #9583, #2142, #170, .T. ) ;
#1058 =( NAMED_UNIT ( * ) SI_UNIT ( $, .STERADIAN. ) SOLID_ANGLE_UNIT ( ) );
#1059 = EDGE_LOOP ( 'NONE', ( #131, #7790, #2723, #3753, #8626, #597 ) ) ;
#1060 = CIRCLE ( 'NONE', #1277, 1.399999999999988400 ) ;
#1061 = VERTEX_POINT ( 'NONE', #1458 ) ;
#1062 = ORIENTED_EDGE ( 'NONE', *, *, #2702, .F. ) ;
#1063 = PLANE ( 'NONE',  #8501 ) ;
#1064 = ORIENTED_EDGE ( 'NONE', *, *, #825, .T. ) ;
#1065 = DIRECTION ( 'NONE',  ( 0.0000000000000000000, 1.000000000000000000, -5.899350156139278100E-017 ) ) ;
#1066 = ORIENTED_EDGE ( 'NONE', *, *, #994, .T. ) ;
#1067 = CARTESIAN_POINT ( 'NONE',  ( -0.2628539873737368900, 1.068132848986816700, 1.304165683834840800 ) ) ;
#1068 = CARTESIAN_POINT ( 'NONE',  ( -3.598400220000000200E-032, -2.158191010000000100E-032, 1.350000000000010300 ) ) ;
#1069 = CARTESIAN_POINT ( 'NONE',  ( 3.373149339882544500, 4.900000000000009200, 0.9999999999999879000 ) ) ;
#1070 = ORIENTED_EDGE ( 'NONE', *, *, #7512, .T. ) ;
#1071 = CARTESIAN_POINT ( 'NONE',  ( 0.0000000000000000000, 0.0000000000000000000, 1.350000000000010300 ) ) ;
#1072 = AXIS2_PLACEMENT_3D ( 'NONE', #48, #7554, #1603 ) ;
#1073 = ORIENTED_EDGE ( 'NONE', *, *, #2643, .T. ) ;
#1074 = CARTESIAN_POINT ( 'NONE',  ( -1.298819703932383400, 2.409490612559277400, 1.305000000000012600 ) ) ;
#1075 = VERTEX_POINT ( 'NONE', #7584 ) ;
#1076 = ORIENTED_EDGE ( 'NONE', *, *, #1479, .T. ) ;
#1077 = CARTESIAN_POINT ( 'NONE',  ( -1.317943778446166100, -2.205087456303652900, 1.282042296647746000 ) ) ;
#1078 = AXIS2_PLACEMENT_3D ( 'NONE', #3494, #574, #5810 ) ;
#1079 = FACE_OUTER_BOUND ( 'NONE', #2658, .T. ) ;
#1080 = DIRECTION ( 'NONE',  ( 0.7071067811864981700, 0.7071067811865968700, 0.0000000000000000000 ) ) ;
#1081 = ORIENTED_EDGE ( 'NONE', *, *, #8066, .T. ) ;
#1082 = ADVANCED_FACE ( 'NONE', ( #1701 ), #7671, .T. ) ;
#1083 = CARTESIAN_POINT ( 'NONE',  ( 0.0000000000000000000, 0.0000000000000000000, 0.9999999999999879000 ) ) ;
#1084 = VERTEX_POINT ( 'NONE', #6096 ) ;
#1085 = DIRECTION ( 'NONE',  ( 0.7071067811865520100, 0.7071067811865431300, 0.0000000000000000000 ) ) ;
#1086 = FACE_OUTER_BOUND ( 'NONE', #4881, .T. ) ;
#1087 = ORIENTED_EDGE ( 'NONE', *, *, #1962, .F. ) ;
#1088 = EDGE_LOOP ( 'NONE', ( #4470, #4307, #1693, #7647 ) ) ;
#1089 = CARTESIAN_POINT ( 'NONE',  ( -5.041451075190003000, -0.8000000000000258000, 0.1000405990071242000 ) ) ;
#1090 = EDGE_CURVE ( 'NONE', #4739, #3097, #2423, .T. ) ;
#1091 = LINE ( 'NONE', #563, #33 ) ;
#1092 = ORIENTED_EDGE ( 'NONE', *, *, #39, .T. ) ;
#1093 = CARTESIAN_POINT ( 'NONE',  ( 5.103967321807069800, 0.8000000000000004900, 0.7162854755018253100 ) ) ;
#1094 = B_SPLINE_CURVE_WITH_KNOTS ( 'NONE', 3,
 ( #8390, #9123, #1700, #210 ),
 .UNSPECIFIED., .F., .F.,
 ( 4, 4 ),
 ( 0.0000000000000000000, 1.000000000000000000 ),
 .UNSPECIFIED. ) ;
#1095 = VERTEX_POINT ( 'NONE', #1593 ) ;
#1096 = AXIS2_PLACEMENT_3D ( 'NONE', #7353, #8081, #5057 ) ;
#1097 = FACE_OUTER_BOUND ( 'NONE', #5510, .T. ) ;
#1098 = ADVANCED_FACE ( 'NONE', ( #4190 ), #776, .T. ) ;
#1099 = DIRECTION ( 'NONE',  ( 0.0000000000000000000, 0.0000000000000000000, 1.000000000000000000 ) ) ;
#1100 = ORIENTED_EDGE ( 'NONE', *, *, #9428, .T. ) ;
#1101 = DIRECTION ( 'NONE',  ( 1.000000000000000000, 0.0000000000000000000, 0.0000000000000000000 ) ) ;
#1102 = EDGE_CURVE ( 'NONE', #6234, #582, #8628, .T. ) ;
#1104 = B_SPLINE_CURVE_WITH_KNOTS ( 'NONE', 3,
 ( #3264, #1789, #4043, #3193, #8444, #3226, #307, #5449 ),
 .UNSPECIFIED., .F., .F.,
 ( 4, 2, 2, 4 ),
 ( 0.0000000000000000000, 0.4306180122563186800, 0.6459270183844813000, 0.8612360245126439200 ),
 .UNSPECIFIED. ) ;
#1103 = FACE_OUTER_BOUND ( 'NONE', #4528, .T. ) ;
#1105 = VERTEX_POINT ( 'NONE', #4616 ) ;
#1106 = DIRECTION ( 'NONE',  ( -0.0000000000000000000, -0.0000000000000000000, 1.000000000000000000 ) ) ;
#1107 = CARTESIAN_POINT ( 'NONE',  ( -0.9970994375141134500, 0.4652215288734840000, 1.113782543012456800 ) ) ;
#1108 = FACE_OUTER_BOUND ( 'NONE', #9260, .T. ) ;
#1109 = CARTESIAN_POINT ( 'NONE',  ( -3.797413408594511700, -4.475735931288081600, 0.9745999999999880300 ) ) ;
#1110 = ORIENTED_EDGE ( 'NONE', *, *, #6241, .T. ) ;
#1111 = CARTESIAN_POINT ( 'NONE',  ( -4.912442089811461800, -0.8000000000000258000, 4.564213066621158900E-005 ) ) ;
#1112 = DIRECTION ( 'NONE',  ( 0.7071067811865203700, 0.7071067811865747700, 0.0000000000000000000 ) ) ;
#1113 = DIRECTION ( 'NONE',  ( -0.0000000000000000000, 0.0000000000000000000, -1.000000000000000000 ) ) ;
#1114 = EDGE_CURVE ( 'NONE', #472, #502, #5572, .T. ) ;
#1115 = CARTESIAN_POINT ( 'NONE',  ( 2.277830346110243400, -1.316165123696557700, 1.024999999999989500 ) ) ;
#1116 = LINE ( 'NONE', #6809, #6057 ) ;
#1117 = ORIENTED_EDGE ( 'NONE', *, *, #4089, .F. ) ;
#1118 = DIRECTION ( 'NONE',  ( -0.1668683535052110400, 0.0000000000000000000, 0.9859791846679421000 ) ) ;
#1119 = CARTESIAN_POINT ( 'NONE',  ( 3.655992052357211400, -4.617157287525398800, 0.9999999999999879000 ) ) ;
#1120 = VECTOR ( 'NONE', #1403, 1000.000000000000200 ) ;
#1121 = CARTESIAN_POINT ( 'NONE',  ( -3.373149339882570300, -4.900000000000009200, 0.0000000000000000000 ) ) ;
#1122 = FACE_OUTER_BOUND ( 'NONE', #1676, .T. ) ;
#1123 = ORIENTED_EDGE ( 'NONE', *, *, #6065, .F. ) ;
#1124 = ORIENTED_EDGE ( 'NONE', *, *, #6436, .T. ) ;
#1125 = VERTEX_POINT ( 'NONE', #6819 ) ;
#1126 = CARTESIAN_POINT ( 'NONE',  ( 5.013767464732368700, -0.8000000000000004900, 0.1833193398174321500 ) ) ;
#1127 = B_SPLINE_CURVE_WITH_KNOTS ( 'NONE', 3,
 ( #5332, #6084, #4650, #6754, #8299, #7624 ),
 .UNSPECIFIED., .F., .F.,
 ( 4, 2, 4 ),
 ( 0.0000000000000000000, 0.5000000000000000000, 1.000000000000000000 ),
 .UNSPECIFIED. ) ;
#1128 = EDGE_CURVE ( 'NONE', #8551, #6615, #5646, .T. ) ;
#1129 = CARTESIAN_POINT ( 'NONE',  ( -3.598400220000000200E-032, -2.158191010000000100E-032, 0.9999999999999879000 ) ) ;
#1130 = LINE ( 'NONE', #5608, #2898 ) ;
#1131 = ORIENTED_EDGE ( 'NONE', *, *, #2321, .F. ) ;
#1132 = DIRECTION ( 'NONE',  ( 0.0000000000000000000, 1.000000000000000000, 0.0000000000000000000 ) ) ;
#1133 = LINE ( 'NONE', #2371, #4914 ) ;
#1134 = ORIENTED_EDGE ( 'NONE', *, *, #8807, .T. ) ;
#1135 = CARTESIAN_POINT ( 'NONE',  ( 1.337068353748490900, -2.121956880865557300, 1.305000000000012600 ) ) ;
#1136 = ORIENTED_EDGE ( 'NONE', *, *, #5832, .F. ) ;
#1137 = CARTESIAN_POINT ( 'NONE',  ( 2.277830346110251800, -1.316165123696549700, 1.180000000000004400 ) ) ;
#1138 = LINE ( 'NONE', #9301, #1374 ) ;
#1139 = AXIS2_PLACEMENT_3D ( 'NONE', #1055, #4064, #5522 ) ;
#1140 = ORIENTED_EDGE ( 'NONE', *, *, #1776, .T. ) ;
#1141 = CARTESIAN_POINT ( 'NONE',  ( -1.307373372340040000, -2.272610209293488600, 0.9999999999999879000 ) ) ;
#1142 = DIRECTION ( 'NONE',  ( 0.0000000000000000000, 1.000000000000000000, 0.0000000000000000000 ) ) ;
#1143 = CARTESIAN_POINT ( 'NONE',  ( 1.600000000000000800, 5.079993289502963800, 0.07745236217282761000 ) ) ;
#1144 = CARTESIAN_POINT ( 'NONE',  ( 3.373149339882608000, -4.900000000000010100, 0.9745999999999879200 ) ) ;
#1145 = DIRECTION ( 'NONE',  ( 0.7071067811865380200, -0.7071067811865571200, 0.0000000000000000000 ) ) ;
#1146 = AXIS2_PLACEMENT_3D ( 'NONE', #188, #941, #7693 ) ;
#1147 = CARTESIAN_POINT ( 'NONE',  ( -1.099999999999994500, 0.1439896632895311400, 1.555000000000003500 ) ) ;
#1148 = VECTOR ( 'NONE', #7228, 999.9999999999998900 ) ;
#1149 = CARTESIAN_POINT ( 'NONE',  ( -4.899999997940137900, 1.399999999999971000, 3.044307340546954200E-005 ) ) ;
#1150 = VECTOR ( 'NONE', #4033, 1000.000000000000000 ) ;
#1151 = CARTESIAN_POINT ( 'NONE',  ( -2.125068511189535300, -1.334915617695059000, 1.304958422756229600 ) ) ;
#1152 = ADVANCED_FACE ( 'NONE', ( #3591 ), #4684, .T. ) ;
#1153 = B_SPLINE_CURVE_WITH_KNOTS ( 'NONE', 3,
 ( #4015, #7717, #3923, #3271, #4780, #6270, #7041, #7749, #6305, #2447 ),
 .UNSPECIFIED., .F., .F.,
 ( 4, 2, 2, 2, 4 ),
 ( 0.0000000000000000000, 0.08704431387236773200, 0.1740886277447354600, 0.2611329416171032100, 0.3481772554894709300 ),
 .UNSPECIFIED. ) ;
#1154 = MECHANICAL_DESIGN_GEOMETRIC_PRESENTATION_REPRESENTATION (  '', ( #6191 ), #6877 ) ;
#1155 = DIRECTION ( 'NONE',  ( 0.7071067811864981700, 0.7071067811865968700, 0.0000000000000000000 ) ) ;
#1156 = EDGE_CURVE ( 'NONE', #2880, #2934, #6614, .T. ) ;
#1157 = SHAPE_DEFINITION_REPRESENTATION ( #2315, #3500 ) ;
#1158 = ORIENTED_EDGE ( 'NONE', *, *, #4148, .T. ) ;
#1159 = CARTESIAN_POINT ( 'NONE',  ( 0.3000000000000192500, -4.897191345580448100, 1.972523996270000100E-005 ) ) ;
#1160 = CARTESIAN_POINT ( 'NONE',  ( 2.199999999999988600, 5.013767464732382000, 0.1833193398174298700 ) ) ;
#1161 = CARTESIAN_POINT ( 'NONE',  ( 1.313720894189211800, -2.228928252926446300, 1.264585843513902800 ) ) ;
#1162 = FACE_OUTER_BOUND ( 'NONE', #8002, .T. ) ;
#1163 = ORIENTED_EDGE ( 'NONE', *, *, #7929, .T. ) ;
#1164 = DIRECTION ( 'NONE',  ( -0.0000000000000000000, 0.0000000000000000000, 1.000000000000000000 ) ) ;
#1165 = EDGE_CURVE ( 'NONE', #9335, #6036, #2042, .T. ) ;
#1166 = PLANE ( 'NONE',  #2258 ) ;
#1167 = ORIENTED_EDGE ( 'NONE', *, *, #8473, .F. ) ;
#1168 = B_SPLINE_CURVE_WITH_KNOTS ( 'NONE', 3,
 ( #3101, #3066, #6046, #8233 ),
 .UNSPECIFIED., .F., .F.,
 ( 4, 4 ),
 ( 0.0000000000000000000, 1.000000000000000000 ),
 .UNSPECIFIED. ) ;
#1169 = LINE ( 'NONE', #5142, #446 ) ;
#1170 = EDGE_CURVE ( 'NONE', #8939, #3423, #8352, .T. ) ;
#1171 = DIRECTION ( 'NONE',  ( -0.0000000000000000000, 0.0000000000000000000, 1.000000000000000000 ) ) ;
#1172 = CARTESIAN_POINT ( 'NONE',  ( 3.655992052357200300, 4.617157287525374800, 0.9999999999999879000 ) ) ;
#1173 = CARTESIAN_POINT ( 'NONE',  ( 4.482806999099926400, 3.804484476406410300, 0.9745999999999879200 ) ) ;
#1174 = DIRECTION ( 'NONE',  ( 0.7071067811865725500, -0.7071067811865225900, 0.0000000000000000000 ) ) ;
#1175 = DIRECTION ( 'NONE',  ( 0.0000000000000000000, -0.0000000000000000000, -1.000000000000000000 ) ) ;
#1176 = CARTESIAN_POINT ( 'NONE',  ( -4.617157287525374800, -3.655992052357250900, 0.9745999999999879200 ) ) ;
#1177 = DIRECTION ( 'NONE',  ( -0.7071067811865429100, 0.7071067811865521200, -8.342941000000000200E-017 ) ) ;
#1178 = VERTEX_POINT ( 'NONE', #2367 ) ;
#1179 = VERTEX_POINT ( 'NONE', #6856 ) ;
#1180 = EDGE_CURVE ( 'NONE', #7995, #59, #1934, .T. ) ;
#1181 = FACE_OUTER_BOUND ( 'NONE', #6478, .T. ) ;
#1182 = CARTESIAN_POINT ( 'NONE',  ( 0.2999999999999937700, 5.202565240273883300, 0.6995986401513051300 ) ) ;
#1183 = ORIENTED_EDGE ( 'NONE', *, *, #5112, .T. ) ;
#1184 = CARTESIAN_POINT ( 'NONE',  ( 0.4475683654722317200, -1.005135950762326800, 1.114205473947429000 ) ) ;
#1185 = EDGE_CURVE ( 'NONE', #5702, #7637, #6388, .T. ) ;
#1186 = B_SPLINE_CURVE_WITH_KNOTS ( 'NONE', 3,
 ( #4249, #6575, #8040, #9432, #7302, #1305, #5744, #9497 ),
 .UNSPECIFIED., .F., .F.,
 ( 4, 2, 2, 4 ),
 ( 0.0000000000000000000, 0.2500000000000005600, 0.5000000000000011100, 1.000000000000000000 ),
 .UNSPECIFIED. ) ;
#1187 = ORIENTED_EDGE ( 'NONE', *, *, #1910, .F. ) ;
#1188 = DIRECTION ( 'NONE',  ( -0.7071067811865474600, -0.7071067811865474600, 0.0000000000000000000 ) ) ;
#1189 = ORIENTED_EDGE ( 'NONE', *, *, #2557, .F. ) ;
#1190 = CYLINDRICAL_SURFACE ( 'NONE', #773, 0.1250000000000079900 ) ;
#1191 = CARTESIAN_POINT ( 'NONE',  ( -2.277830346110257600, 1.316165123696550400, 1.180000000000004400 ) ) ;
#1192 = EDGE_LOOP ( 'NONE', ( #9481, #5895, #7404, #7856 ) ) ;
#1193 = ORIENTED_EDGE ( 'NONE', *, *, #6562, .F. ) ;
#1194 = CARTESIAN_POINT ( 'NONE',  ( 2.787348223207444200, 1.366963376195710500, 1.305000000000012800 ) ) ;
#1195 = AXIS2_PLACEMENT_3D ( 'NONE', #119, #6105, #5397 ) ;
#1196 = MANIFOLD_SOLID_BREP ( 'Split3[1]', #8083 ) ;
#1197 = ORIENTED_EDGE ( 'NONE', *, *, #4648, .T. ) ;
#1198 = ADVANCED_FACE ( 'NONE', ( #1464 ), #9031, .T. ) ;
#1199 = DIRECTION ( 'NONE',  ( 0.0000000000000000000, -0.0000000000000000000, -1.000000000000000000 ) ) ;
#1200 = FACE_OUTER_BOUND ( 'NONE', #8205, .T. ) ;
#1201 = ORIENTED_EDGE ( 'NONE', *, *, #3568, .F. ) ;
#1202 = LINE ( 'NONE', #5259, #7758 ) ;
#1203 = CARTESIAN_POINT ( 'NONE',  ( -3.598400220000000200E-032, -2.158191010000000100E-032, 0.9999999999999879000 ) ) ;
#1204 = ORIENTED_EDGE ( 'NONE', *, *, #9233, .F. ) ;
#1205 = EDGE_LOOP ( 'NONE', ( #1813, #1828, #3012, #4979 ) ) ;
#1206 = DIRECTION ( 'NONE',  ( -0.7071067811865064900, 0.7071067811865886500, 0.0000000000000000000 ) ) ;
#1207 = CARTESIAN_POINT ( 'NONE',  ( 1.600000000000001200, 4.899999999998670800, 0.1000000032965566200 ) ) ;
#1208 = CARTESIAN_POINT ( 'NONE',  ( -2.199999999999978400, 4.915250744231022900, 6.191650734937880400E-006 ) ) ;
#1209 = CARTESIAN_POINT ( 'NONE',  ( 5.112365383199167100, 0.8000000000000004900, 0.1666325044669145200 ) ) ;
#1210 = AXIS2_PLACEMENT_3D ( 'NONE', #6178, #2672, #9354 ) ;
#1211 = ORIENTED_EDGE ( 'NONE', *, *, #7737, .F. ) ;
#1212 = EDGE_CURVE ( 'NONE', #7227, #8653, #5014, .T. ) ;
#1213 = CARTESIAN_POINT ( 'NONE',  ( 4.899999999999984400, -3.373149339882595600, 0.9745999999999879200 ) ) ;
#1214 = CARTESIAN_POINT ( 'NONE',  ( -0.2999999999999684000, -4.832397115193484400, 3.945047992540000200E-005 ) ) ;
#1215 = DIRECTION ( 'NONE',  ( 0.0000000000000000000, -0.0004059900380440000900, 0.9999999175860412300 ) ) ;
#1216 = CARTESIAN_POINT ( 'NONE',  ( 0.2457079885834291500, 1.072352261649522500, 1.302411383695962800 ) ) ;
#1217 = LINE ( 'NONE', #4897, #8219 ) ;
#1218 = B_SPLINE_CURVE_WITH_KNOTS ( 'NONE', 3,
 ( #3266, #8447, #4609, #6041 ),
 .UNSPECIFIED., .F., .F.,
 ( 4, 4 ),
 ( 0.0000000000000000000, 1.000000000000000000 ),
 .UNSPECIFIED. ) ;
#1219 = DIRECTION ( 'NONE',  ( 0.0000000000000000000, 1.000000000000000000, 0.0000000000000000000 ) ) ;
#1220 = VERTEX_POINT ( 'NONE', #544 ) ;
#1221 = DIRECTION ( 'NONE',  ( 0.7071067811864841800, 0.7071067811866108600, 0.0000000000000000000 ) ) ;
#1222 = CARTESIAN_POINT ( 'NONE',  ( -1.600000000000001200, 4.915250744231022900, 6.191650734937880400E-006 ) ) ;
#1223 = ORIENTED_EDGE ( 'NONE', *, *, #1978, .F. ) ;
#1224 = ORIENTED_EDGE ( 'NONE', *, *, #4016, .T. ) ;
#1225 = CARTESIAN_POINT ( 'NONE',  ( 0.3000000000000193100, -4.899999995880150100, 2.142290222297503300E-005 ) ) ;
#1226 = DIRECTION ( 'NONE',  ( 0.7071067811865474600, 0.7071067811865476800, 0.0000000000000000000 ) ) ;
#1227 = LINE ( 'NONE', #7326, #9502 ) ;
#1228 = ORIENTED_EDGE ( 'NONE', *, *, #3886, .F. ) ;
#1229 = EDGE_CURVE ( 'NONE', #3966, #2621, #6404, .T. ) ;
#1230 = VECTOR ( 'NONE', #5982, 1000.000000000000000 ) ;
#1231 = ORIENTED_EDGE ( 'NONE', *, *, #5462, .T. ) ;
#1232 = EDGE_CURVE ( 'NONE', #7875, #4488, #991, .T. ) ;
#1233 = LINE ( 'NONE', #6503, #3124 ) ;
#1234 = CARTESIAN_POINT ( 'NONE',  ( 5.013767464732357100, 0.8000000000000004900, 0.1833193398174339000 ) ) ;
#1235 = ORIENTED_EDGE ( 'NONE', *, *, #6439, .F. ) ;
#1236 = ORIENTED_EDGE ( 'NONE', *, *, #2306, .F. ) ;
#1237 = ADVANCED_FACE ( 'NONE', ( #3246 ), #2648, .F. ) ;
#1238 = DIRECTION ( 'NONE',  ( 0.7071067811865436900, 0.7071067811865513500, 0.0000000000000000000 ) ) ;
#1239 = DIRECTION ( 'NONE',  ( 0.0000000000000000000, 0.0000000000000000000, -1.000000000000000000 ) ) ;
#1240 = FACE_OUTER_BOUND ( 'NONE', #5184, .T. ) ;
#1241 = ORIENTED_EDGE ( 'NONE', *, *, #914, .T. ) ;
#1242 = CARTESIAN_POINT ( 'NONE',  ( -4.897191345580448100, 1.399999999999962600, 3.945047992540000200E-005 ) ) ;
#1243 = CARTESIAN_POINT ( 'NONE',  ( 0.2999999999999937700, 5.112365383199158200, 0.1666325044669162400 ) ) ;
#1244 = VECTOR ( 'NONE', #1142, 1000.000000000000000 ) ;
#1245 = VERTEX_POINT ( 'NONE', #8364 ) ;
#1246 = ORIENTED_EDGE ( 'NONE', *, *, #5577, .T. ) ;
#1247 = ORIENTED_EDGE ( 'NONE', *, *, #5032, .T. ) ;
#1248 = EDGE_CURVE ( 'NONE', #5600, #4017, #2642, .T. ) ;
#1249 = CARTESIAN_POINT ( 'NONE',  ( -0.1307541748108858000, -1.092201164763466000, 1.213089028680347300 ) ) ;
#1250 = CARTESIAN_POINT ( 'NONE',  ( 2.199999999999988600, 4.915210145269370800, 0.1000049467274789600 ) ) ;
#1251 = ADVANCED_FACE ( 'NONE', ( #6738 ), #2770, .T. ) ;
#1252 = DIRECTION ( 'NONE',  ( 1.000000000000000000, 0.0000000000000000000, 0.0000000000000000000 ) ) ;
#1253 = FACE_OUTER_BOUND ( 'NONE', #5533, .T. ) ;
#1254 = CARTESIAN_POINT ( 'NONE',  ( -2.445007224288388200, -1.305107341172100400, 0.8999999999999978000 ) ) ;
#1255 = VECTOR ( 'NONE', #5610, 1000.000000000000000 ) ;
#1256 = EDGE_CURVE ( 'NONE', #5478, #9313, #9041, .T. ) ;
#1257 = AXIS2_PLACEMENT_3D ( 'NONE', #6165, #1658, #5444 ) ;
#1258 = DIRECTION ( 'NONE',  ( 0.0000000000000000000, 0.0000000000000000000, 1.000000000000000000 ) ) ;
#1259 = CARTESIAN_POINT ( 'NONE',  ( -0.2999999999999684000, -5.041451075190003000, 0.3109952626967752400 ) ) ;
#1260 = LINE ( 'NONE', #5277, #9666 ) ;
#1261 = VERTEX_POINT ( 'NONE', #4584 ) ;
#1262 = DIRECTION ( 'NONE',  ( -0.0000000000000000000, -1.000000000000000000, -0.0000000000000000000 ) ) ;
#1263 = CARTESIAN_POINT ( 'NONE',  ( 1.327498335640857000, 2.160033768233927500, 1.300487797377528600 ) ) ;
#1264 = DIRECTION ( 'NONE',  ( 1.000000000000000000, 0.0000000000000000000, 0.0000000000000000000 ) ) ;
#1265 = AXIS2_PLACEMENT_3D ( 'NONE', #3614, #1266, #1373 ) ;
#1266 = DIRECTION ( 'NONE',  ( 1.000000000000000000, 0.0000000000000000000, 0.0000000000000000000 ) ) ;
#1267 = VECTOR ( 'NONE', #168, 1000.000000000000000 ) ;
#1268 = DIRECTION ( 'NONE',  ( -0.0000000000000000000, -0.0000000000000000000, 1.000000000000000000 ) ) ;
#1269 = DIRECTION ( 'NONE',  ( 0.0000000000000000000, -0.9999999175860412300, -0.0004059900380440000900 ) ) ;
#1270 = B_SPLINE_CURVE_WITH_KNOTS ( 'NONE', 3,
 ( #4602, #1524, #6913, #7546 ),
 .UNSPECIFIED., .F., .F.,
 ( 4, 4 ),
 ( 0.0000000000000000000, 1.000000000000000000 ),
 .UNSPECIFIED. ) ;
#1271 = CARTESIAN_POINT ( 'NONE',  ( -1.367671172371680600, -2.020135298234354300, 1.205000000000208100 ) ) ;
#1272 = CARTESIAN_POINT ( 'NONE',  ( -0.4808326112068289100, -0.4808326112068432300, 0.9999999999999879000 ) ) ;
#1273 = CARTESIAN_POINT ( 'NONE',  ( -2.322108519835639500, -1.302698424252216400, 0.9315692961985884100 ) ) ;
#1274 = EDGE_CURVE ( 'NONE', #7742, #4835, #3399, .T. ) ;
#1275 = VERTEX_POINT ( 'NONE', #779 ) ;
#1276 = LINE ( 'NONE', #7590, #1747 ) ;
#1277 = AXIS2_PLACEMENT_3D ( 'NONE', #7048, #8514, #9325 ) ;
#1278 = LINE ( 'NONE', #5781, #9203 ) ;
#1279 = ORIENTED_EDGE ( 'NONE', *, *, #8492, .F. ) ;
#1280 = PLANE ( 'NONE',  #2135 ) ;
#1281 = ORIENTED_EDGE ( 'NONE', *, *, #222, .T. ) ;
#1282 = CARTESIAN_POINT ( 'NONE',  ( -5.077184635083401800, 1.399999999999962600, 0.07749181265275097200 ) ) ;
#1283 = EDGE_CURVE ( 'NONE', #8189, #8272, #7147, .T. ) ;
#1284 = ORIENTED_EDGE ( 'NONE', *, *, #8169, .F. ) ;
#1285 = VECTOR ( 'NONE', #3672, 1000.000000000000000 ) ;
#1286 = ADVANCED_FACE ( 'NONE', ( #4415 ), #3067, .T. ) ;
#1287 = CARTESIAN_POINT ( 'NONE',  ( -3.598400220000000200E-032, -2.158191010000000100E-032, 0.9999999999999879000 ) ) ;
#1288 = DIRECTION ( 'NONE',  ( -0.0000000000000000000, -1.000000000000000000, 0.0000000000000000000 ) ) ;
#1289 = ORIENTED_EDGE ( 'NONE', *, *, #9345, .F. ) ;
#1290 = EDGE_CURVE ( 'NONE', #2384, #711, #1127, .T. ) ;
#1291 = ORIENTED_EDGE ( 'NONE', *, *, #5736, .F. ) ;
#1292 = CARTESIAN_POINT ( 'NONE',  ( 2.200000000000039300, -5.010958810312807500, 0.1833587902973828300 ) ) ;
#1293 = CARTESIAN_POINT ( 'NONE',  ( 2.400000000000001200, -2.400000000000001200, 0.9999999999999879000 ) ) ;
#1294 = CARTESIAN_POINT ( 'NONE',  ( -3.313717259580345200, -1.776415510219176300, 1.305000000000011900 ) ) ;
#1295 = VECTOR ( 'NONE', #254, 999.9999999999998900 ) ;
#1296 = ORIENTED_EDGE ( 'NONE', *, *, #6086, .T. ) ;
#1297 = CLOSED_SHELL ( 'NONE', ( #9607, #6115, #9023, #4993, #5404, #4412, #7232, #439, #7520, #4263 ) ) ;
#1298 = CARTESIAN_POINT ( 'NONE',  ( 2.200000000000039300, -4.898127560973727600, 3.983057407985909300E-005 ) ) ;
#1299 = DIRECTION ( 'NONE',  ( 0.0000000000000000000, -0.0000000000000000000, 1.000000000000000000 ) ) ;
#1300 = EDGE_LOOP ( 'NONE', ( #1661, #128, #7527, #791 ) ) ;
#1301 = EDGE_CURVE ( 'NONE', #176, #4551, #6499, .T. ) ;
#1302 = CARTESIAN_POINT ( 'NONE',  ( 3.373149339882544500, 4.900000000000009200, 0.9745999999999879200 ) ) ;
#1303 = ORIENTED_EDGE ( 'NONE', *, *, #6367, .F. ) ;
#1304 = DIRECTION ( 'NONE',  ( 0.7071067811865431300, 0.7071067811865520100, -8.342941000000002700E-017 ) ) ;
#1305 = CARTESIAN_POINT ( 'NONE',  ( -1.081134466294739700, -0.2047874867310378900, 1.291581531699125300 ) ) ;
#1306 = VECTOR ( 'NONE', #5595, 1000.000000000000000 ) ;
#1307 = DIRECTION ( 'NONE',  ( 0.0000000000000000000, 0.0000000000000000000, -1.000000000000000000 ) ) ;
#1308 = ORIENTED_EDGE ( 'NONE', *, *, #1185, .T. ) ;
#1309 = MANIFOLD_SOLID_BREP ( 'Split4[3]', #1297 ) ;
#1310 = EDGE_LOOP ( 'NONE', ( #577, #2424, #1136, #8436 ) ) ;
#1311 = ORIENTED_EDGE ( 'NONE', *, *, #6776, .T. ) ;
#1312 = CARTESIAN_POINT ( 'NONE',  ( -2.191115163844352200, 1.329222833657888400, 1.292937577541746700 ) ) ;
#1313 = CIRCLE ( 'NONE', #9020, 1.099999999999992100 ) ;
#1314 = DIRECTION ( 'NONE',  ( 2.571370700173599300E-016, -1.000000000000000000, 0.0000000000000000000 ) ) ;
#1315 = ORIENTED_EDGE ( 'NONE', *, *, #2235, .F. ) ;
#1316 = AXIS2_PLACEMENT_3D ( 'NONE', #4463, #8918, #5217 ) ;
#1317 = LINE ( 'NONE', #5035, #7067 ) ;
#1318 = CARTESIAN_POINT ( 'NONE',  ( 4.475735931288055800, -3.797413408594540100, 0.9999999999999879000 ) ) ;
#1319 = VERTEX_POINT ( 'NONE', #9072 ) ;
#1320 = ORIENTED_EDGE ( 'NONE', *, *, #6757, .T. ) ;
#1321 = DIRECTION ( 'NONE',  ( -0.7071067811865408000, -0.7071067811865542300, 0.0000000000000000000 ) ) ;
#1322 =( GEOMETRIC_REPRESENTATION_CONTEXT ( 3 ) GLOBAL_UNCERTAINTY_ASSIGNED_CONTEXT ( ( #2213 ) ) GLOBAL_UNIT_ASSIGNED_CONTEXT ( ( #9696, #6010, #4805 ) ) REPRESENTATION_CONTEXT ( 'NONE', 'WORKASPACE' ) );
#1323 = ORIENTED_EDGE ( 'NONE', *, *, #3199, .T. ) ;
#1324 = DIRECTION ( 'NONE',  ( 0.0000000000000000000, 0.0000000000000000000, -1.000000000000000000 ) ) ;
#1325 = CARTESIAN_POINT ( 'NONE',  ( 0.3000000000000193600, -5.010958810312807500, 0.1833587902973828300 ) ) ;
#1326 =( LENGTH_UNIT ( ) NAMED_UNIT ( * ) SI_UNIT ( .MILLI., .METRE. ) );
#1327 = DIRECTION ( 'NONE',  ( -0.0000000000000000000, 0.0000000000000000000, 1.000000000000000000 ) ) ;
#1328 = LINE ( 'NONE', #2933, #6966 ) ;
#1329 = PLANE ( 'NONE',  #2860 ) ;
#1330 = ORIENTED_EDGE ( 'NONE', *, *, #7303, .T. ) ;
#1331 = PRESENTATION_LAYER_ASSIGNMENT (  '', '', ( #6191 ) ) ;
#1332 = EDGE_CURVE ( 'NONE', #6584, #2657, #9366, .T. ) ;
#1333 = CARTESIAN_POINT ( 'NONE',  ( 1.980497334252665300, -1.382834444269204200, 1.151143760548955200 ) ) ;
#1334 = DIRECTION ( 'NONE',  ( 0.0000000000000000000, 0.0000000000000000000, 1.000000000000000000 ) ) ;
#1335 = FACE_OUTER_BOUND ( 'NONE', #1447, .T. ) ;
#1336 = B_SPLINE_CURVE_WITH_KNOTS ( 'NONE', 3,
 ( #3896, #1584, #7576, #5343, #9044, #4625 ),
 .UNSPECIFIED., .F., .F.,
 ( 4, 2, 4 ),
 ( 0.0000000000000000000, 0.5000000000000000000, 1.000000000000000000 ),
 .UNSPECIFIED. ) ;
#1337 = VERTEX_POINT ( 'NONE', #6176 ) ;
#1338 = CARTESIAN_POINT ( 'NONE',  ( 3.797413408594517900, -4.475735931288085100, 0.9999999999999879000 ) ) ;
#1339 = ADVANCED_FACE ( 'NONE', ( #1108 ), #8580, .T. ) ;
#1340 = B_SPLINE_CURVE_WITH_KNOTS ( 'NONE', 3,
 ( #8806, #5770, #3681, #5167 ),
 .UNSPECIFIED., .F., .F.,
 ( 4, 4 ),
 ( 0.9603849105991646400, 1.000000000000000000 ),
 .UNSPECIFIED. ) ;
#1341 = FACE_OUTER_BOUND ( 'NONE', #7913, .T. ) ;
#1342 = AXIS2_PLACEMENT_3D ( 'NONE', #2160, #5266, #6747 ) ;
#1343 = CARTESIAN_POINT ( 'NONE',  ( -1.600000000000001000, 4.899999999996663500, 0.1000000082413819400 ) ) ;
#1344 = CARTESIAN_POINT ( 'NONE',  ( -2.199999999999963300, -5.101158667387508700, 0.7163249259817507900 ) ) ;
#1345 = PRESENTATION_STYLE_ASSIGNMENT (( #9068 ) ) ;
#1346 = ORIENTED_EDGE ( 'NONE', *, *, #3023, .F. ) ;
#1347 = VERTEX_POINT ( 'NONE', #4778 ) ;
#1348 = VECTOR ( 'NONE', #2099, 1000.000000000000000 ) ;
#1349 = ORIENTED_EDGE ( 'NONE', *, *, #7941, .T. ) ;
#1350 = CARTESIAN_POINT ( 'NONE',  ( -2.222872190718064200, -1.323636238648854500, 1.275520813870825800 ) ) ;
#1351 = EDGE_CURVE ( 'NONE', #5118, #2657, #1809, .T. ) ;
#1352 = VECTOR ( 'NONE', #2247, 1000.000000000000100 ) ;
#1353 = ORIENTED_EDGE ( 'NONE', *, *, #5148, .T. ) ;
#1354 = CARTESIAN_POINT ( 'NONE',  ( -2.280918922848702600, 1.315834664482361100, 1.000003590185851700 ) ) ;
#1355 = ORIENTED_EDGE ( 'NONE', *, *, #3337, .F. ) ;
#1356 = ORIENTED_EDGE ( 'NONE', *, *, #481, .T. ) ;
#1357 = EDGE_CURVE ( 'NONE', #7648, #5314, #6982, .T. ) ;
#1358 = DIRECTION ( 'NONE',  ( -0.7071067811865483500, 0.7071067811865468000, 0.0000000000000000000 ) ) ;
#1359 = ORIENTED_EDGE ( 'NONE', *, *, #6512, .F. ) ;
#1360 = LINE ( 'NONE', #2472, #1823 ) ;
#1361 = ORIENTED_EDGE ( 'NONE', *, *, #3903, .F. ) ;
#1362 = CARTESIAN_POINT ( 'NONE',  ( 4.624228355337240100, 3.663063120169116600, 0.9999999999999879000 ) ) ;
#1363 = LINE ( 'NONE', #973, #9061 ) ;
#1364 = ORIENTED_EDGE ( 'NONE', *, *, #4594, .T. ) ;
#1365 = ORIENTED_EDGE ( 'NONE', *, *, #1128, .T. ) ;
#1366 = CARTESIAN_POINT ( 'NONE',  ( -1.032315355443148300, -0.3793862176168302200, 1.253973635424044900 ) ) ;
#1367 = EDGE_CURVE ( 'NONE', #4856, #8069, #4774, .T. ) ;
#1368 = FILL_AREA_STYLE ('',( #2947 ) ) ;
#1369 = ORIENTED_EDGE ( 'NONE', *, *, #7206, .F. ) ;
#1370 = CARTESIAN_POINT ( 'NONE',  ( -1.367671172371683200, 2.020135298234352100, 1.205000000000208800 ) ) ;
#1371 = PRODUCT_DEFINITION_SHAPE ( 'NONE', 'NONE',  #9713 ) ;
#1372 = PLANE ( 'NONE',  #76 ) ;
#1373 = DIRECTION ( 'NONE',  ( 0.0000000000000000000, 0.0000000000000000000, -1.000000000000000000 ) ) ;
#1374 = VECTOR ( 'NONE', #9258, 1000.000000000000000 ) ;
#1375 = CARTESIAN_POINT ( 'NONE',  ( -3.663063120169086000, 4.624228355337261400, 2.888894916580853800E-031 ) ) ;
#1376 = ORIENTED_EDGE ( 'NONE', *, *, #844, .F. ) ;
#1377 = EDGE_CURVE ( 'NONE', #1806, #7165, #4065, .T. ) ;
#1378 = CARTESIAN_POINT ( 'NONE',  ( -1.025472922904443900, -0.3980016135517229800, 1.205000000000183300 ) ) ;
#1379 = DIRECTION ( 'NONE',  ( 0.7071067811865064900, 0.7071067811865886500, -0.0000000000000000000 ) ) ;
#1380 = CARTESIAN_POINT ( 'NONE',  ( 0.3000000000000192000, -4.912442089811461800, 4.564213067505599600E-005 ) ) ;
#1381 = CARTESIAN_POINT ( 'NONE',  ( -0.3860539724042713100, 1.030051369726966400, 1.175670391990009600 ) ) ;
#1382 = VECTOR ( 'NONE', #7348, 1000.000000000000000 ) ;
#1383 = CARTESIAN_POINT ( 'NONE',  ( 5.005530811151651000, -0.8000000000000004900, 0.1346512202409920800 ) ) ;
#1384 = EDGE_CURVE ( 'NONE', #5380, #3312, #9302, .T. ) ;
#1385 = CARTESIAN_POINT ( 'NONE',  ( -1.331867151833266500, 2.137146006776677400, 1.304165684015486000 ) ) ;
#1386 = VECTOR ( 'NONE', #8960, 1000.000000000000000 ) ;
#1387 = DIRECTION ( 'NONE',  ( 0.0000000000000000000, -1.000000000000000000, 0.0000000000000000000 ) ) ;
#1388 = ADVANCED_FACE ( 'NONE', ( #8814 ), #7694, .T. ) ;
#1389 = CARTESIAN_POINT ( 'NONE',  ( 2.199999999999988600, 5.079993289502964700, 0.07745236217282761000 ) ) ;
#1390 = AXIS2_PLACEMENT_3D ( 'NONE', #9453, #1299, #606 ) ;
#1391 = VECTOR ( 'NONE', #5961, 1000.000000000000100 ) ;
#1392 = CARTESIAN_POINT ( 'NONE',  ( 1.800000000000030500, -4.800000000000002500, 3.945047992540000200E-005 ) ) ;
#1393 = CARTESIAN_POINT ( 'NONE',  ( -3.920474760000000300E-015, -2.636779080000000400E-015, 0.0000000000000000000 ) ) ;
#1394 = CARTESIAN_POINT ( 'NONE',  ( 3.001075118498434800, 1.447477148869762600, 0.9000000000000070200 ) ) ;
#1395 = ORIENTED_EDGE ( 'NONE', *, *, #1128, .F. ) ;
#1396 = DIRECTION ( 'NONE',  ( 0.9859791846679418800, -0.0000000000000000000, 0.1668683535052130100 ) ) ;
#1397 = AXIS2_PLACEMENT_3D ( 'NONE', #1854, #5575, #374 ) ;
#1398 = CARTESIAN_POINT ( 'NONE',  ( 0.4337058420070790100, 1.259375048626602900, 1.180000000000004400 ) ) ;
#1399 = CARTESIAN_POINT ( 'NONE',  ( 2.444109822320299900, -1.305667904609961500, 0.8999999999999982500 ) ) ;
#1400 = ORIENTED_EDGE ( 'NONE', *, *, #795, .F. ) ;
#1401 = B_SPLINE_CURVE_WITH_KNOTS ( 'NONE', 3,
 ( #2104, #3635, #5158, #9575, #2208, #7444 ),
 .UNSPECIFIED., .F., .F.,
 ( 4, 2, 4 ),
 ( 0.0000000000000000000, 0.5000000000000000000, 1.000000000000000000 ),
 .UNSPECIFIED. ) ;
#1402 = LINE ( 'NONE', #5502, #1977 ) ;
#1403 = DIRECTION ( 'NONE',  ( -0.7071067811865453500, -0.7071067811865496800, 0.0000000000000000000 ) ) ;
#1404 = CARTESIAN_POINT ( 'NONE',  ( -1.369949099956696300, 2.013944751172883400, 1.175664343299224900 ) ) ;
#1405 = DIRECTION ( 'NONE',  ( -0.0000000000000000000, -0.0000000000000000000, -1.000000000000000000 ) ) ;
#1406 = EDGE_CURVE ( 'NONE', #8927, #5189, #8558, .T. ) ;
#1407 = DIRECTION ( 'NONE',  ( 0.0000000000000000000, 0.0000000000000000000, 1.000000000000000000 ) ) ;
#1408 = CARTESIAN_POINT ( 'NONE',  ( 4.899999999999984400, 0.8000000000000004900, 3.095825364619322300E-006 ) ) ;
#1409 = VERTEX_POINT ( 'NONE', #247 ) ;
#1410 = LINE ( 'NONE', #4054, #8989 ) ;
#1411 = DIRECTION ( 'NONE',  ( 0.0000000000000000000, 0.0000000000000000000, -1.000000000000000000 ) ) ;
#1412 = VERTEX_POINT ( 'NONE', #8392 ) ;
#1413 = ORIENTED_EDGE ( 'NONE', *, *, #9340, .T. ) ;
#1414 = DIRECTION ( 'NONE',  ( 1.000000000000000000, 0.0000000000000000000, -0.0000000000000000000 ) ) ;
#1415 = CARTESIAN_POINT ( 'NONE',  ( -2.277830346110250000, 1.316165123696558400, 1.024999999999989500 ) ) ;
#1416 = EDGE_CURVE ( 'NONE', #2862, #1555, #4292, .T. ) ;
#1417 = ORIENTED_EDGE ( 'NONE', *, *, #3911, .F. ) ;
#1418 = ORIENTED_EDGE ( 'NONE', *, *, #1971, .F. ) ;
#1419 = DIRECTION ( 'NONE',  ( -0.7071067811865746600, 0.7071067811865204800, 0.0000000000000000000 ) ) ;
#1420 = VECTOR ( 'NONE', #9042, 1000.000000000000000 ) ;
#1421 = CARTESIAN_POINT ( 'NONE',  ( 0.2999999999999937700, 4.961968064955896400, 0.1000251666604915600 ) ) ;
#1422 = ORIENTED_EDGE ( 'NONE', *, *, #6556, .T. ) ;
#1423 = EDGE_LOOP ( 'NONE', ( #2526, #8467, #619, #5594, #232 ) ) ;
#1424 = EDGE_CURVE ( 'NONE', #9471, #5824, #2033, .T. ) ;
#1425 = CARTESIAN_POINT ( 'NONE',  ( 2.199999999999988600, 5.103967321807094700, 0.7162854755018250900 ) ) ;
#1426 = CARTESIAN_POINT ( 'NONE',  ( -0.8749168862078131600, -0.2635250315025023900, 1.024999999999989500 ) ) ;
#1427 = ORIENTED_EDGE ( 'NONE', *, *, #3159, .T. ) ;
#1428 = CARTESIAN_POINT ( 'NONE',  ( 1.519190152437930800, 3.085492009072122500, 1.305000000000012800 ) ) ;
#1429 = DIRECTION ( 'NONE',  ( -1.000000000000000000, 0.0000000000000000000, 0.0000000000000000000 ) ) ;
#1430 = LINE ( 'NONE', #7945, #3438 ) ;
#1431 = ORIENTED_EDGE ( 'NONE', *, *, #6501, .F. ) ;
#1432 = CARTESIAN_POINT ( 'NONE',  ( 1.346164917318198700, 0.3844996949045006400, 1.024999999999989500 ) ) ;
#1433 = DIRECTION ( 'NONE',  ( -0.0000000000000000000, 1.000000000000000000, -0.0000000000000000000 ) ) ;
#1434 = EDGE_CURVE ( 'NONE', #4133, #4622, #6492, .T. ) ;
#1435 = AXIS2_PLACEMENT_3D ( 'NONE', #5636, #2700, #7969 ) ;
#1436 = DIRECTION ( 'NONE',  ( 0.0000000000000000000, 0.0000000000000000000, -1.000000000000000000 ) ) ;
#1437 = FACE_OUTER_BOUND ( 'NONE', #8143, .T. ) ;
#1438 = ADVANCED_FACE ( 'NONE', ( #3235 ), #5509, .T. ) ;
#1439 = ORIENTED_EDGE ( 'NONE', *, *, #6942, .T. ) ;
#1440 = ORIENTED_EDGE ( 'NONE', *, *, #4085, .T. ) ;
#1441 = CARTESIAN_POINT ( 'NONE',  ( 0.3000000000000192500, -4.908294723794403700, 4.395834124040014900E-005 ) ) ;
#1442 = VECTOR ( 'NONE', #6854, 1000.000000000000100 ) ;
#1443 = ORIENTED_EDGE ( 'NONE', *, *, #8909, .T. ) ;
#1444 = CARTESIAN_POINT ( 'NONE',  ( 3.655992052357206000, 4.617157287525381000, 1.403766198207622400E-016 ) ) ;
#1445 = DIRECTION ( 'NONE',  ( 0.0000000000000000000, -0.0000000000000000000, 1.000000000000000000 ) ) ;
#1446 = VECTOR ( 'NONE', #3521, 1000.000000000000000 ) ;
#1447 = EDGE_LOOP ( 'NONE', ( #2251, #1473, #1204, #2645 ) ) ;
#1448 = CARTESIAN_POINT ( 'NONE',  ( -3.373149339882592500, -4.900000000000011900, 0.9745999999999879200 ) ) ;
#1449 = CARTESIAN_POINT ( 'NONE',  ( -4.864794230386966200, 1.399999999999962600, 3.945047992540000200E-005 ) ) ;
#1450 = AXIS2_PLACEMENT_3D ( 'NONE', #2417, #9226, #4789 ) ;
#1451 = LINE ( 'NONE', #5360, #8125 ) ;
#1452 = ORIENTED_EDGE ( 'NONE', *, *, #2762, .F. ) ;
#1453 = B_SPLINE_CURVE_WITH_KNOTS ( 'NONE', 3,
 ( #1254, #549, #515, #3557, #1273, #3623, #5745, #8748 ),
 .UNSPECIFIED., .F., .F.,
 ( 4, 2, 2, 4 ),
 ( 0.0000000000000000000, 0.4306180122564515200, 0.6459270183846740300, 0.8612360245128964900 ),
 .UNSPECIFIED. ) ;
#1454 = CARTESIAN_POINT ( 'NONE',  ( 4.475735931288055800, -3.797413408594540100, 0.9745999999999879200 ) ) ;
#1455 = FACE_OUTER_BOUND ( 'NONE', #4514, .T. ) ;
#1456 = PRESENTATION_LAYER_ASSIGNMENT (  '', '', ( #6355 ) ) ;
#1457 = ORIENTED_EDGE ( 'NONE', *, *, #4816, .F. ) ;
#1458 = CARTESIAN_POINT ( 'NONE',  ( -4.899999997940137900, 1.399999999999971000, 3.044307340546954200E-005 ) ) ;
#1459 = CARTESIAN_POINT ( 'NONE',  ( -1.437658644925972100, 2.963471486875822100, 1.305000000000012600 ) ) ;
#1460 = FACE_OUTER_BOUND ( 'NONE', #3829, .T. ) ;
#1461 = ORIENTED_EDGE ( 'NONE', *, *, #5972, .F. ) ;
#1462 = CARTESIAN_POINT ( 'NONE',  ( 1.600000000000026300, -5.003156392598373100, 0.1372564509686151300 ) ) ;
#1463 = VECTOR ( 'NONE', #9580, 999.9999999999998900 ) ;
#1464 = FACE_OUTER_BOUND ( 'NONE', #3686, .T. ) ;
#1465 = VERTEX_POINT ( 'NONE', #4688 ) ;
#1466 = EDGE_CURVE ( 'NONE', #1105, #3450, #3822, .T. ) ;
#1467 = ORIENTED_EDGE ( 'NONE', *, *, #3897, .T. ) ;
#1468 = CARTESIAN_POINT ( 'NONE',  ( 1.386834598978242200, 0.4101631359251466400, 0.9745999999999879200 ) ) ;
#1469 = CARTESIAN_POINT ( 'NONE',  ( 2.400000000000001200, 2.400000000000001200, 0.9745999999999879200 ) ) ;
#1470 = B_SPLINE_CURVE_WITH_KNOTS ( 'NONE', 3,
 ( #2339, #9701, #6051, #6787 ),
 .UNSPECIFIED., .F., .F.,
 ( 4, 4 ),
 ( 0.0000000000000000000, 1.000000000000000000 ),
 .UNSPECIFIED. ) ;
#1471 = AXIS2_PLACEMENT_3D ( 'NONE', #1093, #4032, #1811 ) ;
#1472 = VECTOR ( 'NONE', #4051, 1000.000000000000000 ) ;
#1473 = ORIENTED_EDGE ( 'NONE', *, *, #8266, .F. ) ;
#1474 = CARTESIAN_POINT ( 'NONE',  ( -4.900000000000009200, -1.400000000000013200, 0.0000000000000000000 ) ) ;
#1475 = FACE_OUTER_BOUND ( 'NONE', #5821, .T. ) ;
#1476 = ORIENTED_EDGE ( 'NONE', *, *, #2168, .T. ) ;
#1477 = DIRECTION ( 'NONE',  ( -5.665971473935551500E-016, 4.486101442707630600E-016, -1.000000000000000000 ) ) ;
#1478 = ORIENTED_EDGE ( 'NONE', *, *, #7643, .F. ) ;
#1479 = EDGE_CURVE ( 'NONE', #3254, #1125, #7201, .T. ) ;
#1480 = EDGE_LOOP ( 'NONE', ( #4077, #3107, #7214, #1193 ) ) ;
#1481 = EDGE_CURVE ( 'NONE', #7725, #4124, #160, .T. ) ;
#1482 = VECTOR ( 'NONE', #6461, 1000.000000000000000 ) ;
#1483 = SURFACE_STYLE_USAGE ( .BOTH. , #9674 ) ;
#1484 = DIRECTION ( 'NONE',  ( -0.7071067811865493500, 0.7071067811865455700, 0.0000000000000000000 ) ) ;
#1485 = FACE_OUTER_BOUND ( 'NONE', #8171, .T. ) ;
#1486 = EDGE_CURVE ( 'NONE', #4657, #9677, #8000, .T. ) ;
#1487 = ADVANCED_FACE ( 'NONE', ( #6725 ), #3945, .T. ) ;
#1488 = CARTESIAN_POINT ( 'NONE',  ( 1.298849319894907200, 2.547941634221952100, 0.9999999999999881200 ) ) ;
#1489 = LINE ( 'NONE', #6312, #7464 ) ;
#1490 = ORIENTED_EDGE ( 'NONE', *, *, #585, .F. ) ;
#1491 = CARTESIAN_POINT ( 'NONE',  ( 1.301670047834823800, 2.318087102279919400, 0.9999999999999879000 ) ) ;
#1492 = EDGE_CURVE ( 'NONE', #6588, #4798, #7085, .T. ) ;
#1493 = CARTESIAN_POINT ( 'NONE',  ( -1.298823672188265800, 2.553480273215084800, 1.305000000000012600 ) ) ;
#1494 = CARTESIAN_POINT ( 'NONE',  ( -3.655992052357224700, -4.617157287525399700, 0.9745999999999879200 ) ) ;
#1495 = CARTESIAN_POINT ( 'NONE',  ( 4.624228355337240100, -3.663063120169116200, 0.9999999999999879000 ) ) ;
#1496 = ORIENTED_EDGE ( 'NONE', *, *, #4057, .T. ) ;
#1497 = CARTESIAN_POINT ( 'NONE',  ( 1.346356943941718500, -2.083258609917138400, 1.291123888014337200 ) ) ;
#1498 = CARTESIAN_POINT ( 'NONE',  ( -0.2999999999999937700, 5.013767464732374900, 0.1833193398174311500 ) ) ;
#1499 = EDGE_CURVE ( 'NONE', #6588, #494, #1801, .T. ) ;
#1500 = CARTESIAN_POINT ( 'NONE',  ( -3.293043583593270100, 2.614721060899738900, 0.2000000000000129500 ) ) ;
#1501 = CARTESIAN_POINT ( 'NONE',  ( -4.900000000000009200, 3.373149339882620900, 0.9999999999999879000 ) ) ;
#1502 = DIRECTION ( 'NONE',  ( -1.000000000000000000, 0.0000000000000000000, 5.665971473935551500E-016 ) ) ;
#1503 = DIRECTION ( 'NONE',  ( 0.0000000000000000000, 0.9999999175860412300, -0.0004059900380430000700 ) ) ;
#1504 = CARTESIAN_POINT ( 'NONE',  ( -1.999999999999967100, -4.800000000000002500, 3.945047992540000200E-005 ) ) ;
#1506 = VECTOR ( 'NONE', #3368, 1000.000000000000000 ) ;
#1505 =( GEOMETRIC_REPRESENTATION_CONTEXT ( 3 ) GLOBAL_UNCERTAINTY_ASSIGNED_CONTEXT ( ( #7555 ) ) GLOBAL_UNIT_ASSIGNED_CONTEXT ( ( #1326, #6667, #2189 ) ) REPRESENTATION_CONTEXT ( 'NONE', 'WORKASPACE' ) );
#1507 = DIRECTION ( 'NONE',  ( 0.1668683535052396500, 0.0000000000000000000, -0.9859791846679372100 ) ) ;
#1508 = CARTESIAN_POINT ( 'NONE',  ( 0.9709989722272293100, 0.5168761901400403800, 1.104999999999999500 ) ) ;
#1509 = ORIENTED_EDGE ( 'NONE', *, *, #6927, .F. ) ;
#1510 = ORIENTED_EDGE ( 'NONE', *, *, #2235, .T. ) ;
#1511 = FACE_OUTER_BOUND ( 'NONE', #1423, .T. ) ;
#1512 = B_SPLINE_CURVE_WITH_KNOTS ( 'NONE', 3,
 ( #5920, #1449, #4424, #662 ),
 .UNSPECIFIED., .F., .F.,
 ( 4, 4 ),
 ( 0.0000000000000000000, 1.000000000000000000 ),
 .UNSPECIFIED. ) ;
#1513 = CARTESIAN_POINT ( 'NONE',  ( -5.041451075190003000, -1.400000000000038800, 0.1000405990071242000 ) ) ;
#1514 = VECTOR ( 'NONE', #4027, 1000.000000000000000 ) ;
#1515 = VERTEX_POINT ( 'NONE', #435 ) ;
#1516 = DIRECTION ( 'NONE',  ( -0.7071067811865497900, 0.7071067811865453500, 0.0000000000000000000 ) ) ;
#1517 = AXIS2_PLACEMENT_3D ( 'NONE', #8064, #5906, #9625 ) ;
#1518 = VERTEX_POINT ( 'NONE', #7136 ) ;
#1519 = CARTESIAN_POINT ( 'NONE',  ( 0.1439896632895316400, -1.099999999999994300, 1.555000000000003500 ) ) ;
#1520 = EDGE_CURVE ( 'NONE', #738, #8300, #1917, .T. ) ;
#1521 = ORIENTED_EDGE ( 'NONE', *, *, #3094, .F. ) ;
#1522 = DIRECTION ( 'NONE',  ( 0.0000000000000000000, 0.0000000000000000000, 1.000000000000000000 ) ) ;
#1523 = DIRECTION ( 'NONE',  ( 0.7071067811865372500, 0.7071067811865579000, 0.0000000000000000000 ) ) ;
#1524 = CARTESIAN_POINT ( 'NONE',  ( 1.600000000000001000, 4.963386799015065500, 0.1000257426524401300 ) ) ;
#1525 = LINE ( 'NONE', #7380, #1285 ) ;
#1526 = DIRECTION ( 'NONE',  ( 0.7071067811865864300, 0.7071067811865087100, 0.0000000000000000000 ) ) ;
#1527 = DIRECTION ( 'NONE',  ( -1.000000000000000000, 0.0000000000000000000, 0.0000000000000000000 ) ) ;
#1528 = CARTESIAN_POINT ( 'NONE',  ( -0.3844996949045078000, 1.346164917318196700, 1.350000000000010300 ) ) ;
#1529 = ORIENTED_EDGE ( 'NONE', *, *, #4387, .T. ) ;
#1530 = B_SPLINE_CURVE_WITH_KNOTS ( 'NONE', 3,
 ( #2846, #7414, #4335, #629, #1428, #599, #5968, #6533, #7322, #6600, #3708, #2046, #2109, #5862, #7354, #8084, #3675, #672 ),
 .UNSPECIFIED., .F., .F.,
 ( 4, 2, 2, 2, 2, 2, 2, 2, 4 ),
 ( 0.05061135182379578700, 0.1257627754707776900, 0.2009141991177596000, 0.2760656227647415000, 0.3512170464117234100, 0.4263684700587053200, 0.5015198937056872800, 0.5766713173526691900, 0.6518227409996511000 ),
 .UNSPECIFIED. ) ;
#1531 = DIRECTION ( 'NONE',  ( 0.0000000000000000000, 0.9999999175860412300, 0.0004059900380440000900 ) ) ;
#1532 = ADVANCED_FACE ( 'NONE', ( #9146 ), #981, .F. ) ;
#1533 = VERTEX_POINT ( 'NONE', #6356 ) ;
#1534 = CARTESIAN_POINT ( 'NONE',  ( 1.883123809859963600, 1.429001027772776700, 1.104999999999999500 ) ) ;
#1535 = LINE ( 'NONE', #5614, #581 ) ;
#1536 = CARTESIAN_POINT ( 'NONE',  ( 1.600000000000026300, -4.897191345580448100, 3.945047992540000200E-005 ) ) ;
#1537 = VERTEX_POINT ( 'NONE', #5704 ) ;
#1538 = ORIENTED_EDGE ( 'NONE', *, *, #1114, .F. ) ;
#1539 = DIRECTION ( 'NONE',  ( 1.000000000000000000, 0.0000000000000000000, 0.0000000000000000000 ) ) ;
#1540 = EDGE_CURVE ( 'NONE', #7796, #6615, #500, .T. ) ;
#1541 = CARTESIAN_POINT ( 'NONE',  ( -1.522041902291842300, -1.700618003610022900, 1.104999999999999500 ) ) ;
#1542 = ORIENTED_EDGE ( 'NONE', *, *, #2038, .T. ) ;
#1543 = CARTESIAN_POINT ( 'NONE',  ( 4.624228355337241000, 3.663063120169118800, -9.757819552369541900E-016 ) ) ;
#1544 = EDGE_CURVE ( 'NONE', #5558, #2619, #9628, .T. ) ;
#1545 = VERTEX_POINT ( 'NONE', #2630 ) ;
#1546 = FACE_OUTER_BOUND ( 'NONE', #3958, .T. ) ;
#1547 = FILL_AREA_STYLE ('',( #3108 ) ) ;
#1548 = EDGE_LOOP ( 'NONE', ( #2054, #6402, #7851, #8019, #2286, #1223 ) ) ;
#1549 = CARTESIAN_POINT ( 'NONE',  ( 1.307775534087846100, -2.269440756501535100, 0.9000000000000069100 ) ) ;
#1550 = ORIENTED_EDGE ( 'NONE', *, *, #1486, .F. ) ;
#1551 = ORIENTED_EDGE ( 'NONE', *, *, #4031, .T. ) ;
#1552 = PLANE ( 'NONE',  #9235 ) ;
#1553 = LINE ( 'NONE', #9314, #6712 ) ;
#1554 = PLANE ( 'NONE',  #2835 ) ;
#1555 = VERTEX_POINT ( 'NONE', #1209 ) ;
#1556 = EDGE_CURVE ( 'NONE', #5561, #7511, #3466, .T. ) ;
#1557 = CARTESIAN_POINT ( 'NONE',  ( 3.498879536753941400, -2.409490626215244900, 1.305000000000012600 ) ) ;
#1558 = CARTESIAN_POINT ( 'NONE',  ( 1.099999999999992100, -2.158191010000000100E-032, 0.9999999999999879000 ) ) ;
#1559 = LINE ( 'NONE', #5164, #2624 ) ;
#1560 = DIRECTION ( 'NONE',  ( 0.0000000000000000000, 0.0000000000000000000, 1.000000000000000000 ) ) ;
#1561 = ORIENTED_EDGE ( 'NONE', *, *, #2313, .T. ) ;
#1562 = ORIENTED_EDGE ( 'NONE', *, *, #1520, .F. ) ;
#1563 = CARTESIAN_POINT ( 'NONE',  ( 1.338995120852131600, -2.108180815067940600, 1.301202091463728800 ) ) ;
#1564 = DIRECTION ( 'NONE',  ( 1.000000000000000000, 0.0000000000000000000, 0.0000000000000000000 ) ) ;
#1565 = EDGE_CURVE ( 'NONE', #1925, #6709, #8916, .T. ) ;
#1566 = AXIS2_PLACEMENT_3D ( 'NONE', #5890, #4328, #5159 ) ;
#1567 = ORIENTED_EDGE ( 'NONE', *, *, #7197, .T. ) ;
#1568 = DIRECTION ( 'NONE',  ( 0.7071067811865380200, 0.7071067811865571200, 0.0000000000000000000 ) ) ;
#1569 = CARTESIAN_POINT ( 'NONE',  ( 2.400000000000001200, -2.400000000000001200, 0.9745999999999879200 ) ) ;
#1570 = VECTOR ( 'NONE', #2887, 1000.000000000000000 ) ;
#1571 = DIRECTION ( 'NONE',  ( -0.7071067811865520100, -0.7071067811865431300, 0.0000000000000000000 ) ) ;
#1572 = ORIENTED_EDGE ( 'NONE', *, *, #1680, .F. ) ;
#1573 = CARTESIAN_POINT ( 'NONE',  ( 2.385109208088745700, -1.309261710631290700, 0.9057609275834832600 ) ) ;
#1574 = CARTESIAN_POINT ( 'NONE',  ( -2.199999999999962900, -4.900000000000009200, 0.0000000000000000000 ) ) ;
#1575 = DIRECTION ( 'NONE',  ( 0.0000000000000000000, 0.0000000000000000000, 1.000000000000000000 ) ) ;
#1576 = LINE ( 'NONE', #917, #2529 ) ;
#1577 = ORIENTED_EDGE ( 'NONE', *, *, #1351, .T. ) ;
#1578 = LINE ( 'NONE', #2755, #8460 ) ;
#1579 = CARTESIAN_POINT ( 'NONE',  ( -2.277830346110257600, 1.316165123696550400, 1.180000000000004400 ) ) ;
#1580 = ORIENTED_EDGE ( 'NONE', *, *, #1685, .T. ) ;
#1581 = AXIS2_PLACEMENT_3D ( 'NONE', #7360, #2893, #5286 ) ;
#1582 = B_SPLINE_CURVE_WITH_KNOTS ( 'NONE', 3,
 ( #2998, #8962, #2334, #6782 ),
 .UNSPECIFIED., .F., .F.,
 ( 4, 4 ),
 ( 0.0000000000000000000, 1.000000000000000000 ),
 .UNSPECIFIED. ) ;
#1583 = ADVANCED_FACE ( 'NONE', ( #1455 ), #5233, .T. ) ;
#1584 = CARTESIAN_POINT ( 'NONE',  ( 5.104562965483540700, -1.399999999999988100, 0.1205301651312310600 ) ) ;
#1585 = LINE ( 'NONE', #9504, #518 ) ;
#1586 = ORIENTED_EDGE ( 'NONE', *, *, #1481, .T. ) ;
#1587 = CARTESIAN_POINT ( 'NONE',  ( -1.331867151833266500, -2.137146006776677000, 1.304165684015486500 ) ) ;
#1588 = CARTESIAN_POINT ( 'NONE',  ( -3.804484476406386800, 4.482806999099954800, 0.9745999999999879200 ) ) ;
#1589 = FACE_OUTER_BOUND ( 'NONE', #4636, .T. ) ;
#1590 = VERTEX_POINT ( 'NONE', #2759 ) ;
#1591 = VERTEX_POINT ( 'NONE', #538 ) ;
#1592 = VERTEX_POINT ( 'NONE', #2051 ) ;
#1593 = CARTESIAN_POINT ( 'NONE',  ( 0.3844996949045076400, 1.346164917318196700, 0.9999999999999879000 ) ) ;
#1594 = CARTESIAN_POINT ( 'NONE',  ( 1.437658644925972700, -2.963471486875798500, 1.305000000000012600 ) ) ;
#1595 = CARTESIAN_POINT ( 'NONE',  ( 2.199999999999988600, 4.915250744231022900, 6.191650734937880400E-006 ) ) ;
#1596 = CARTESIAN_POINT ( 'NONE',  ( 3.496225517721985600, 2.496737246266541800, 0.9000000000000069100 ) ) ;
#1597 = DIRECTION ( 'NONE',  ( 0.0000000000000000000, -1.000000000000000000, 0.0000000000000000000 ) ) ;
#1598 = LINE ( 'NONE', #3358, #7336 ) ;
#1599 = VERTEX_POINT ( 'NONE', #8741 ) ;
#1600 = ADVANCED_FACE ( 'NONE', ( #8228 ), #6535, .T. ) ;
#1601 = EDGE_CURVE ( 'NONE', #3112, #7739, #1227, .T. ) ;
#1602 = CARTESIAN_POINT ( 'NONE',  ( -1.599999999999975400, -5.010958810312805800, 0.1833587902973832000 ) ) ;
#1603 = DIRECTION ( 'NONE',  ( 0.7071067811865431300, -0.7071067811865519000, 0.0000000000000000000 ) ) ;
#1604 = LINE ( 'NONE', #8834, #8140 ) ;
#1605 = VERTEX_POINT ( 'NONE', #1982 ) ;
#1606 = ORIENTED_EDGE ( 'NONE', *, *, #865, .T. ) ;
#1607 = CARTESIAN_POINT ( 'NONE',  ( 2.398823671904402000, -2.409490608222201400, 0.9000000000000069100 ) ) ;
#1608 =( GEOMETRIC_REPRESENTATION_CONTEXT ( 3 ) GLOBAL_UNCERTAINTY_ASSIGNED_CONTEXT ( ( #452 ) ) GLOBAL_UNIT_ASSIGNED_CONTEXT ( ( #3109, #4523, #813 ) ) REPRESENTATION_CONTEXT ( 'NONE', 'WORKASPACE' ) );
#1609 = CARTESIAN_POINT ( 'NONE',  ( 4.899999999999984400, -1.399999999999988600, 3.095825364621163300E-006 ) ) ;
#1610 = CARTESIAN_POINT ( 'NONE',  ( 1.307775534087839200, 2.269440756501538600, 1.024999999999989500 ) ) ;
#1611 = CARTESIAN_POINT ( 'NONE',  ( -1.883217427953447300, 1.428951199357649600, 1.104999999999999500 ) ) ;
#1612 = LINE ( 'NONE', #5311, #3740 ) ;
#1613 = CARTESIAN_POINT ( 'NONE',  ( 2.297702438599009200, -1.314126285730749600, 0.9620769903803213500 ) ) ;
#1614 = CARTESIAN_POINT ( 'NONE',  ( 0.3000000000000192000, -5.101158667387508700, 0.7163249259817521300 ) ) ;
#1615 = EDGE_CURVE ( 'NONE', #2830, #8373, #7821, .T. ) ;
#1616 = ORIENTED_EDGE ( 'NONE', *, *, #5350, .T. ) ;
#1617 = PLANE ( 'NONE',  #6658 ) ;
#1618 = DIRECTION ( 'NONE',  ( 0.7071067811865472400, 0.7071067811865477900, 0.0000000000000000000 ) ) ;
#1619 = FACE_OUTER_BOUND ( 'NONE', #644, .T. ) ;
#1620 = B_SPLINE_CURVE_WITH_KNOTS ( 'NONE', 3,
 ( #3291, #3986, #6983, #9287, #8448, #8769 ),
 .UNSPECIFIED., .F., .F.,
 ( 4, 2, 4 ),
 ( 0.0000000000000000000, 0.5000000000000000000, 1.000000000000000000 ),
 .UNSPECIFIED. ) ;
#1621 = LINE ( 'NONE', #19, #1386 ) ;
#1622 = EDGE_CURVE ( 'NONE', #7648, #4901, #4999, .T. ) ;
#1623 = CARTESIAN_POINT ( 'NONE',  ( 2.200000000000039700, -4.899999995880150100, 2.142290222297503300E-005 ) ) ;
#1624 = CARTESIAN_POINT ( 'NONE',  ( 1.427422521349453600, 2.943778867274192500, 0.9999999999999879000 ) ) ;
#1625 = FACE_OUTER_BOUND ( 'NONE', #7959, .T. ) ;
#1626 = EDGE_CURVE ( 'NONE', #747, #2608, #743, .T. ) ;
#1627 = CARTESIAN_POINT ( 'NONE',  ( 3.491048137816600500, 2.540049851720412600, 0.9000000000000070200 ) ) ;
#1628 = CARTESIAN_POINT ( 'NONE',  ( -4.900000000000009200, 3.373149339882620900, 0.9999999999999879000 ) ) ;
#1629 = DIRECTION ( 'NONE',  ( 1.000000000000000000, 0.0000000000000000000, 0.0000000000000000000 ) ) ;
#1630 = CYLINDRICAL_SURFACE ( 'NONE', #4981, 0.1250000000000080800 ) ;
#1631 = ADVANCED_FACE ( 'NONE', ( #6043 ), #4764, .F. ) ;
#1632 = ORIENTED_EDGE ( 'NONE', *, *, #5832, .T. ) ;
#1633 = CARTESIAN_POINT ( 'NONE',  ( -3.655992052357224700, -4.617157287525399700, 0.9999999999999879000 ) ) ;
#1634 = CARTESIAN_POINT ( 'NONE',  ( 2.199999999999988600, 5.103967321807094700, 0.7162854755018253100 ) ) ;
#1635 = SURFACE_SIDE_STYLE ('',( #3007 ) ) ;
#1636 = ORIENTED_EDGE ( 'NONE', *, *, #8486, .F. ) ;
#1637 = VECTOR ( 'NONE', #874, 1000.000000000000000 ) ;
#1638 = CARTESIAN_POINT ( 'NONE',  ( -0.2999999999999684000, -4.898127560973727600, 3.983057407985909300E-005 ) ) ;
#1639 = ADVANCED_FACE ( 'NONE', ( #6973 ), #5734, .F. ) ;
#1640 = DIRECTION ( 'NONE',  ( 0.9859791846679073500, 0.0000000000000000000, -0.1668683535054161800 ) ) ;
#1641 = AXIS2_PLACEMENT_3D ( 'NONE', #7161, #7905, #3477 ) ;
#1642 = VERTEX_POINT ( 'NONE', #9450 ) ;
#1643 = CARTESIAN_POINT ( 'NONE',  ( -0.3798647017656312500, 1.032328827628328400, 1.205000000000211500 ) ) ;
#1644 = FACE_OUTER_BOUND ( 'NONE', #5552, .T. ) ;
#1645 = CARTESIAN_POINT ( 'NONE',  ( 1.092210708370129300, 0.1306743354949462500, 1.197990980415293500 ) ) ;
#1646 = ORIENTED_EDGE ( 'NONE', *, *, #5471, .T. ) ;
#1647 = ORIENTED_EDGE ( 'NONE', *, *, #4723, .F. ) ;
#1648 = DIRECTION ( 'NONE',  ( 0.9859791846679422100, 0.0000000000000000000, 0.1668683535052100100 ) ) ;
#1649 = EDGE_CURVE ( 'NONE', #5644, #998, #4157, .T. ) ;
#1650 = DIRECTION ( 'NONE',  ( -0.0000000000000000000, -0.0000000000000000000, 1.000000000000000000 ) ) ;
#1651 = ORIENTED_EDGE ( 'NONE', *, *, #8066, .F. ) ;
#1652 = B_SPLINE_CURVE_WITH_KNOTS ( 'NONE', 3,
 ( #8160, #7458, #6073, #1497, #1563, #3718 ),
 .UNSPECIFIED., .F., .F.,
 ( 4, 2, 4 ),
 ( 0.0000000000000000000, 0.5000000000000000000, 1.000000000000000000 ),
 .UNSPECIFIED. ) ;
#1653 = CARTESIAN_POINT ( 'NONE',  ( 3.663063120169086000, 4.624228355337261400, 1.925929944387235900E-031 ) ) ;
#1654 = EDGE_LOOP ( 'NONE', ( #3818, #7892, #3355, #6135, #3905 ) ) ;
#1655 = CARTESIAN_POINT ( 'NONE',  ( -2.120907242772587200, -1.335997669737059500, 1.304752958201947000 ) ) ;
#1656 = VERTEX_POINT ( 'NONE', #8029 ) ;
#1657 = ORIENTED_EDGE ( 'NONE', *, *, #7505, .T. ) ;
#1658 = DIRECTION ( 'NONE',  ( -0.1668683535052100400, 0.0000000000000000000, 0.9859791846679423200 ) ) ;
#1659 = ORIENTED_EDGE ( 'NONE', *, *, #8662, .T. ) ;
#1660 = ORIENTED_EDGE ( 'NONE', *, *, #6403, .T. ) ;
#1661 = ORIENTED_EDGE ( 'NONE', *, *, #4699, .F. ) ;
#1662 = DIRECTION ( 'NONE',  ( 0.7071067811865430200, -0.7071067811865521200, -8.342941000000002700E-017 ) ) ;
#1663 = CARTESIAN_POINT ( 'NONE',  ( -4.800000000000002500, -1.400000000000013500, 1.972523996270000100E-005 ) ) ;
#1664 = EDGE_CURVE ( 'NONE', #8655, #1944, #3704, .T. ) ;
#1665 = LINE ( 'NONE', #903, #5318 ) ;
#1666 = ORIENTED_EDGE ( 'NONE', *, *, #850, .F. ) ;
#1667 = DIRECTION ( 'NONE',  ( -0.9999999175860412300, 0.0000000000000000000, 0.0004059900380430000700 ) ) ;
#1668 = DIRECTION ( 'NONE',  ( 0.7071067811865520100, 0.7071067811865431300, -1.435719920491738200E-015 ) ) ;
#1669 = CARTESIAN_POINT ( 'NONE',  ( -1.503491819628802500, 3.063298431738793200, 0.9999999999999879000 ) ) ;
#1670 = FACE_OUTER_BOUND ( 'NONE', #6076, .T. ) ;
#1671 = EDGE_CURVE ( 'NONE', #1409, #4916, #7887, .T. ) ;
#1672 = ORIENTED_EDGE ( 'NONE', *, *, #3072, .F. ) ;
#1673 = ORIENTED_EDGE ( 'NONE', *, *, #7372, .T. ) ;
#1674 = CARTESIAN_POINT ( 'NONE',  ( -2.686746336949381100, -3.480860554353504300, 1.305000000000012600 ) ) ;
#1675 = CARTESIAN_POINT ( 'NONE',  ( 5.013767464732368700, 1.400000000000013500, 0.1833193398174321500 ) ) ;
#1676 = EDGE_LOOP ( 'NONE', ( #9590, #727, #1561, #8594 ) ) ;
#1677 = B_SPLINE_CURVE_WITH_KNOTS ( 'NONE', 3,
 ( #7779, #4047, #9249, #1758 ),
 .UNSPECIFIED., .F., .F.,
 ( 4, 4 ),
 ( 0.0000000000000000000, 1.000000000000000000 ),
 .UNSPECIFIED. ) ;
#1678 = ADVANCED_FACE ( 'NONE', ( #1691 ), #5061, .T. ) ;
#1679 = CARTESIAN_POINT ( 'NONE',  ( 2.291063733143875700, 1.314796870426305800, 0.9746004515351499600 ) ) ;
#1680 = EDGE_CURVE ( 'NONE', #7312, #7398, #7427, .T. ) ;
#1681 = CARTESIAN_POINT ( 'NONE',  ( 0.2999999999999937700, 5.202565240273880700, 0.6995986401513055700 ) ) ;
#1682 = LINE ( 'NONE', #9461, #1446 ) ;
#1683 = VERTEX_POINT ( 'NONE', #5002 ) ;
#1684 = CARTESIAN_POINT ( 'NONE',  ( 0.0000000000000000000, 0.0000000000000000000, 0.9745999999999879200 ) ) ;
#1685 = EDGE_CURVE ( 'NONE', #4892, #6801, #2996, .T. ) ;
#1686 = CARTESIAN_POINT ( 'NONE',  ( 3.387351087874634000, -1.851825611315351100, 0.9000000000000070200 ) ) ;
#1688 = LINE ( 'NONE', #2927, #1120 ) ;
#1687 = APPLICATION_CONTEXT ( 'automotive_design' ) ;
#1689 = ORIENTED_EDGE ( 'NONE', *, *, #7237, .F. ) ;
#1690 = CARTESIAN_POINT ( 'NONE',  ( -4.899999995880148300, -0.8000000000000255800, 2.142290222814931700E-005 ) ) ;
#1691 = FACE_OUTER_BOUND ( 'NONE', #3669, .T. ) ;
#1692 = ADVANCED_FACE ( 'NONE', ( #7767 ), #9620, .T. ) ;
#1693 = ORIENTED_EDGE ( 'NONE', *, *, #7795, .F. ) ;
#1694 = DIRECTION ( 'NONE',  ( 1.000000000000000000, -0.0000000000000000000, 0.0000000000000000000 ) ) ;
#1695 = VECTOR ( 'NONE', #1018, 1000.000000000000000 ) ;
#1696 = ORIENTED_EDGE ( 'NONE', *, *, #1031, .T. ) ;
#1697 = CARTESIAN_POINT ( 'NONE',  ( 0.2999999999999937700, 4.899999999996663500, 0.1000000082413819400 ) ) ;
#1698 = DIRECTION ( 'NONE',  ( 0.7071067811865468000, 0.7071067811865481300, 0.0000000000000000000 ) ) ;
#1699 = FACE_OUTER_BOUND ( 'NONE', #7750, .T. ) ;
#1700 = CARTESIAN_POINT ( 'NONE',  ( 4.905083581410330900, -1.399999999999988100, 2.063883566946128300E-006 ) ) ;
#1701 = FACE_OUTER_BOUND ( 'NONE', #9052, .T. ) ;
#1702 = EDGE_LOOP ( 'NONE', ( #8832, #1247, #1803, #5541, #3884, #7533, #6539 ) ) ;
#1703 = ORIENTED_EDGE ( 'NONE', *, *, #4954, .F. ) ;
#1704 = CARTESIAN_POINT ( 'NONE',  ( 2.199999999999988600, 4.915210145269370800, 0.1000049467274789600 ) ) ;
#1705 = VERTEX_POINT ( 'NONE', #6568 ) ;
#1706 = CARTESIAN_POINT ( 'NONE',  ( -2.890911273736645800, 3.431841737439923700, 0.9999999999999881200 ) ) ;
#1707 = VECTOR ( 'NONE', #8772, 1000.000000000000000 ) ;
#1708 = ORIENTED_EDGE ( 'NONE', *, *, #8173, .F. ) ;
#1709 = DIRECTION ( 'NONE',  ( 0.0000000000000000000, 0.0000000000000000000, -1.000000000000000000 ) ) ;
#1710 = VECTOR ( 'NONE', #1171, 1000.000000000000000 ) ;
#1711 = ORIENTED_EDGE ( 'NONE', *, *, #9154, .T. ) ;
#1712 = VERTEX_POINT ( 'NONE', #3514 ) ;
#1713 = EDGE_CURVE ( 'NONE', #7802, #4736, #421, .T. ) ;
#1714 = ORIENTED_EDGE ( 'NONE', *, *, #1649, .F. ) ;
#1715 = DIRECTION ( 'NONE',  ( 1.285685350086792000E-016, -1.000000000000000000, 0.0000000000000000000 ) ) ;
#1716 = CARTESIAN_POINT ( 'NONE',  ( 1.091736199282927100, 0.1348341563636489800, 1.214593588328878500 ) ) ;
#1717 = VECTOR ( 'NONE', #4350, 1000.000000000000000 ) ;
#1718 = DIRECTION ( 'NONE',  ( 0.0000000000000000000, 0.0000000000000000000, 1.000000000000000000 ) ) ;
#1719 = ORIENTED_EDGE ( 'NONE', *, *, #2611, .T. ) ;
#1720 = B_SPLINE_CURVE_WITH_KNOTS ( 'NONE', 3,
 ( #932, #2462, #1878, #7738 ),
 .UNSPECIFIED., .F., .F.,
 ( 4, 4 ),
 ( 0.0000000000000000000, 1.000000000000000000 ),
 .UNSPECIFIED. ) ;
#1721 = DIRECTION ( 'NONE',  ( 0.0000000000000000000, -0.0000000000000000000, -1.000000000000000000 ) ) ;
#1722 = EDGE_CURVE ( 'NONE', #2436, #3528, #270, .T. ) ;
#1723 = VECTOR ( 'NONE', #5963, 1000.000000000000000 ) ;
#1724 = DIRECTION ( 'NONE',  ( 0.0000000000000000000, 1.000000000000000000, 0.0000000000000000000 ) ) ;
#1725 = ORIENTED_EDGE ( 'NONE', *, *, #6379, .F. ) ;
#1726 = ADVANCED_FACE ( 'NONE', ( #7540 ), #9253, .T. ) ;
#1727 = CARTESIAN_POINT ( 'NONE',  ( 4.475735931288055800, -3.797413408594540100, 0.9999999999999879000 ) ) ;
#1728 = EDGE_CURVE ( 'NONE', #3096, #8899, #8693, .T. ) ;
#1729 = CARTESIAN_POINT ( 'NONE',  ( -0.2999999999999684000, -5.101158667387508700, 0.7163249259817521300 ) ) ;
#1730 = PLANE ( 'NONE',  #6048 ) ;
#1731 = DIRECTION ( 'NONE',  ( -0.0004059900380430000700, 0.0000000000000000000, -0.9999999175860412300 ) ) ;
#1732 = CARTESIAN_POINT ( 'NONE',  ( 2.200000000000039300, -4.864794230386966200, 3.945047992540000200E-005 ) ) ;
#1733 = ORIENTED_EDGE ( 'NONE', *, *, #7148, .T. ) ;
#1734 = DIRECTION ( 'NONE',  ( 0.7071067811865513500, -0.7071067811865436900, 0.0000000000000000000 ) ) ;
#1735 = DIRECTION ( 'NONE',  ( 0.0000000000000000000, -1.000000000000000000, 0.0000000000000000000 ) ) ;
#1736 = ADVANCED_FACE ( 'NONE', ( #6272 ), #2279, .F. ) ;
#1737 = DIRECTION ( 'NONE',  ( -0.7071067811985773900, -0.7071067811745177500, 0.0000000000000000000 ) ) ;
#1738 = VECTOR ( 'NONE', #9367, 1000.000000000000100 ) ;
#1739 = EDGE_CURVE ( 'NONE', #6310, #9241, #389, .T. ) ;
#1740 = CARTESIAN_POINT ( 'NONE',  ( 1.995903226595492600, 1.376893053068968000, 1.175882558757863000 ) ) ;
#1741 = CARTESIAN_POINT ( 'NONE',  ( 1.335999707505683500, -2.120888234622744200, 1.305000000000012600 ) ) ;
#1742 = EDGE_LOOP ( 'NONE', ( #6810, #5100, #2156, #408, #5526, #516 ) ) ;
#1743 = VERTEX_POINT ( 'NONE', #5235 ) ;
#1744 = DIRECTION ( 'NONE',  ( 0.0000000000000000000, 0.0000000000000000000, 1.000000000000000000 ) ) ;
#1745 = EDGE_CURVE ( 'NONE', #2712, #693, #4177, .T. ) ;
#1747 = VECTOR ( 'NONE', #1694, 1000.000000000000000 ) ;
#1746 = AXIS2_PLACEMENT_3D ( 'NONE', #6848, #1724, #7615 ) ;
#1748 = CARTESIAN_POINT ( 'NONE',  ( -3.655992052357217100, 4.617157287525392600, 0.0000000000000000000 ) ) ;
#1749 = CARTESIAN_POINT ( 'NONE',  ( -3.598400220000000200E-032, -2.158191010000000100E-032, 0.9745999999999879200 ) ) ;
#1750 = EDGE_LOOP ( 'NONE', ( #1666, #1818, #532, #2055 ) ) ;
#1751 = ORIENTED_EDGE ( 'NONE', *, *, #8979, .F. ) ;
#1752 = VERTEX_POINT ( 'NONE', #578 ) ;
#1753 = CIRCLE ( 'NONE', #6458, 1.099999999999994500 ) ;
#1754 = PLANE ( 'NONE',  #7052 ) ;
#1755 = DIRECTION ( 'NONE',  ( -0.9859791846679490900, 0.0000000000000000000, -0.1668683535051695400 ) ) ;
#1756 = CARTESIAN_POINT ( 'NONE',  ( -3.598400220000000200E-032, -2.158191010000000100E-032, 1.350000000000010300 ) ) ;
#1757 = DIRECTION ( 'NONE',  ( 0.0000000000000000000, 0.0000000000000000000, 1.000000000000000000 ) ) ;
#1758 = CARTESIAN_POINT ( 'NONE',  ( -1.600000000000001000, 5.013767464732374900, 0.1833193398174311500 ) ) ;
#1759 = DIRECTION ( 'NONE',  ( 0.7071067811865583400, -0.7071067811865368000, 0.0000000000000000000 ) ) ;
#1760 =( GEOMETRIC_REPRESENTATION_CONTEXT ( 3 ) GLOBAL_UNCERTAINTY_ASSIGNED_CONTEXT ( ( #5129 ) ) GLOBAL_UNIT_ASSIGNED_CONTEXT ( ( #4461, #9642, #5247 ) ) REPRESENTATION_CONTEXT ( 'NONE', 'WORKASPACE' ) );
#1761 = ORIENTED_EDGE ( 'NONE', *, *, #994, .F. ) ;
#1762 = DIRECTION ( 'NONE',  ( -0.7071067811864841800, -0.7071067811866108600, 0.0000000000000000000 ) ) ;
#1763 = ORIENTED_EDGE ( 'NONE', *, *, #985, .F. ) ;
#1764 = VECTOR ( 'NONE', #9167, 1000.000000000000100 ) ;
#1765 = CARTESIAN_POINT ( 'NONE',  ( -1.437658651762082000, -2.963471498303083400, 1.305000000000012800 ) ) ;
#1766 = VERTEX_POINT ( 'NONE', #8940 ) ;
#1767 = ORIENTED_EDGE ( 'NONE', *, *, #2727, .F. ) ;
#1768 = AXIS2_PLACEMENT_3D ( 'NONE', #1071, #7204, #2725 ) ;
#1769 = CARTESIAN_POINT ( 'NONE',  ( 1.883123809859963600, 1.429001027772776700, 1.104999999999999500 ) ) ;
#1770 = VERTEX_POINT ( 'NONE', #7399 ) ;
#1771 = FILL_AREA_STYLE ('',( #4754 ) ) ;
#1772 = VERTEX_POINT ( 'NONE', #2164 ) ;
#1773 = CIRCLE ( 'NONE', #2158, 1.399999999999988400 ) ;
#1774 = CARTESIAN_POINT ( 'NONE',  ( -3.293043583593270100, 2.614721060899738900, 0.2000000000000129500 ) ) ;
#1775 = EDGE_LOOP ( 'NONE', ( #9183, #6108, #6838 ) ) ;
#1776 = EDGE_CURVE ( 'NONE', #2477, #6988, #7652, .T. ) ;
#1777 = CARTESIAN_POINT ( 'NONE',  ( 1.310451491112459800, -2.248729768099326300, 1.242781984782164800 ) ) ;
#1778 = B_SPLINE_CURVE_WITH_KNOTS ( 'NONE', 3,
 ( #8360, #4710, #6228, #7561 ),
 .UNSPECIFIED., .F., .F.,
 ( 4, 4 ),
 ( 0.0000000000000000000, 1.000000000000000000 ),
 .UNSPECIFIED. ) ;
#1779 = ORIENTED_EDGE ( 'NONE', *, *, #7002, .F. ) ;
#1780 = ORIENTED_EDGE ( 'NONE', *, *, #460, .T. ) ;
#1781 = ADVANCED_FACE ( 'NONE', ( #862 ), #7341, .T. ) ;
#1782 = CARTESIAN_POINT ( 'NONE',  ( -4.912442089811461800, -0.8000000000000258000, 4.564213066489702800E-005 ) ) ;
#1783 = FACE_OUTER_BOUND ( 'NONE', #5257, .T. ) ;
#1784 = CARTESIAN_POINT ( 'NONE',  ( 0.1305592434984410900, 1.092224465912158000, 1.180000000000004400 ) ) ;
#1785 = ORIENTED_EDGE ( 'NONE', *, *, #9086, .T. ) ;
#1786 = EDGE_CURVE ( 'NONE', #1766, #9335, #352, .T. ) ;
#1787 = CARTESIAN_POINT ( 'NONE',  ( -1.599999999999975400, -4.832397115193484400, 3.945047992540000200E-005 ) ) ;
#1788 = LINE ( 'NONE', #1887, #6844 ) ;
#1789 = CARTESIAN_POINT ( 'NONE',  ( 2.405958072394455800, 1.299515183100704100, 0.9000000000000070200 ) ) ;
#1790 = EDGE_LOOP ( 'NONE', ( #4680, #7626, #1703, #7283 ) ) ;
#1791 = ORIENTED_EDGE ( 'NONE', *, *, #8231, .F. ) ;
#1792 = CARTESIAN_POINT ( 'NONE',  ( -2.199999999999988600, 5.005530811151651000, 0.1346512202409920800 ) ) ;
#1793 = DIRECTION ( 'NONE',  ( 0.0000000000000000000, -0.1668683535052100400, 0.9859791846679423200 ) ) ;
#1794 = CARTESIAN_POINT ( 'NONE',  ( 4.624228355337240100, -3.663063120169116200, 0.9745999999999879200 ) ) ;
#1795 = CARTESIAN_POINT ( 'NONE',  ( 5.202565240273880700, 0.8000000000000004900, 0.6995986401512802600 ) ) ;
#1796 = FACE_OUTER_BOUND ( 'NONE', #8729, .T. ) ;
#1797 = VERTEX_POINT ( 'NONE', #7368 ) ;
#1798 = PLANE ( 'NONE',  #375 ) ;
#1799 = EDGE_CURVE ( 'NONE', #4192, #9032, #381, .T. ) ;
#1800 = CARTESIAN_POINT ( 'NONE',  ( -1.313720894189110300, 2.228928252926568400, 1.264585843513738000 ) ) ;
#1801 = LINE ( 'NONE', #5604, #5559 ) ;
#1802 = CARTESIAN_POINT ( 'NONE',  ( -2.445007224288388200, -1.305107341172100400, 0.8999999999999978000 ) ) ;
#1803 = ORIENTED_EDGE ( 'NONE', *, *, #7180, .F. ) ;
#1804 = EDGE_CURVE ( 'NONE', #4840, #6237, #1328, .T. ) ;
#1805 = VECTOR ( 'NONE', #2704, 1000.000000000000000 ) ;
#1806 = VERTEX_POINT ( 'NONE', #2200 ) ;
#1807 = SURFACE_STYLE_FILL_AREA ( #673 ) ;
#1808 = DIRECTION ( 'NONE',  ( -1.000000000000000000, -0.0000000000000000000, -0.0000000000000000000 ) ) ;
#1809 = LINE ( 'NONE', #2504, #7551 ) ;
#1810 = ORIENTED_EDGE ( 'NONE', *, *, #6729, .F. ) ;
#1811 = DIRECTION ( 'NONE',  ( 0.1668683535052120100, 0.0000000000000000000, 0.9859791846679418800 ) ) ;
#1812 = LINE ( 'NONE', #8074, #8123 ) ;
#1813 = ORIENTED_EDGE ( 'NONE', *, *, #9054, .T. ) ;
#1814 = DIRECTION ( 'NONE',  ( 0.0000000000000000000, 1.000000000000000000, 0.0000000000000000000 ) ) ;
#1815 = LINE ( 'NONE', #9445, #5937 ) ;
#1816 = ORIENTED_EDGE ( 'NONE', *, *, #8214, .T. ) ;
#1817 = ORIENTED_EDGE ( 'NONE', *, *, #8602, .T. ) ;
#1818 = ORIENTED_EDGE ( 'NONE', *, *, #4262, .T. ) ;
#1819 = ADVANCED_FACE ( 'NONE', ( #3225 ), #6376, .T. ) ;
#1820 = CARTESIAN_POINT ( 'NONE',  ( -1.600000000000001000, 5.112365383199167100, 0.1666325044669145200 ) ) ;
#1821 = DIRECTION ( 'NONE',  ( 1.000000000000000000, 0.0000000000000000000, 0.0000000000000000000 ) ) ;
#1823 = VECTOR ( 'NONE', #8366, 1000.000000000000000 ) ;
#1822 = CARTESIAN_POINT ( 'NONE',  ( -1.381117285928428200, -0.4158804489749861100, 0.9999999999999879000 ) ) ;
#1824 = EDGE_LOOP ( 'NONE', ( #7986, #1417, #5868, #891, #4630 ) ) ;
#1825 = CARTESIAN_POINT ( 'NONE',  ( 4.899999999999986100, 1.400000000000014600, 0.03333333333333028700 ) ) ;
#1826 = AXIS2_PLACEMENT_3D ( 'NONE', #2498, #7711, #4908 ) ;
#1827 = FACE_OUTER_BOUND ( 'NONE', #5370, .T. ) ;
#1828 = ORIENTED_EDGE ( 'NONE', *, *, #8314, .T. ) ;
#1829 = ORIENTED_EDGE ( 'NONE', *, *, #9419, .F. ) ;
#1830 = CARTESIAN_POINT ( 'NONE',  ( -1.307775534087839000, 2.269440756501535500, 1.180000000000004400 ) ) ;
#1831 = ADVANCED_FACE ( 'NONE', ( #7189 ), #8199, .T. ) ;
#1832 = LINE ( 'NONE', #2575, #3982 ) ;
#1833 = AXIS2_PLACEMENT_3D ( 'NONE', #2992, #8190, #6611 ) ;
#1834 = EDGE_CURVE ( 'NONE', #8373, #1261, #1866, .T. ) ;
#1835 = ORIENTED_EDGE ( 'NONE', *, *, #1156, .T. ) ;
#1836 = DIRECTION ( 'NONE',  ( 0.0000000000000000000, -0.0000000000000000000, 1.000000000000000000 ) ) ;
#1837 = CARTESIAN_POINT ( 'NONE',  ( 4.910140096846242300, -0.8000000000000004900, 0.1000000000000064200 ) ) ;
#1838 = AXIS2_PLACEMENT_3D ( 'NONE', #1569, #7524, #5500 ) ;
#1839 = CARTESIAN_POINT ( 'NONE',  ( -5.010958810312806700, -0.8000000000000258000, 0.1833587902973576300 ) ) ;
#1840 = CIRCLE ( 'NONE', #7593, 1.099999999999994300 ) ;
#1841 = DIRECTION ( 'NONE',  ( 0.0000000000000000000, -0.9859791846679490900, -0.1668683535051695400 ) ) ;
#1842 = B_SPLINE_CURVE_WITH_KNOTS ( 'NONE', 3,
 ( #778, #8271, #6859, #4547 ),
 .UNSPECIFIED., .F., .F.,
 ( 4, 4 ),
 ( 0.0000000000000000000, 0.07236113413382491700 ),
 .UNSPECIFIED. ) ;
#1843 = LINE ( 'NONE', #2467, #5609 ) ;
#1844 = CARTESIAN_POINT ( 'NONE',  ( 2.224062096432288800, -1.323449697118377100, 1.274612282249219900 ) ) ;
#1845 = EDGE_CURVE ( 'NONE', #8518, #5480, #2637, .T. ) ;
#1846 = FACE_OUTER_BOUND ( 'NONE', #167, .T. ) ;
#1847 = ORIENTED_EDGE ( 'NONE', *, *, #5577, .F. ) ;
#1848 = B_SPLINE_CURVE_WITH_KNOTS ( 'NONE', 3,
 ( #6419, #7132, #4996, #4935 ),
 .UNSPECIFIED., .F., .F.,
 ( 4, 4 ),
 ( 0.0000000000000000000, 0.8310721416960621400 ),
 .UNSPECIFIED. ) ;
#1849 = CARTESIAN_POINT ( 'NONE',  ( -2.473299704662418600, 3.434464939830578900, 1.403766198207623100E-016 ) ) ;
#1850 = EDGE_CURVE ( 'NONE', #5746, #4924, #4281, .T. ) ;
#1851 = CARTESIAN_POINT ( 'NONE',  ( -5.010958810312795100, 1.399999999999962600, 0.1833587902973594600 ) ) ;
#1852 = DIRECTION ( 'NONE',  ( 0.9859791846679423200, 0.0000000000000000000, -0.1668683535052100400 ) ) ;
#1853 = CARTESIAN_POINT ( 'NONE',  ( -0.7020871546763720600, -0.09069529997106150200, 1.304875309625545000 ) ) ;
#1854 = CARTESIAN_POINT ( 'NONE',  ( -2.400000000000001200, -2.400000000000001200, 0.9745999999999879200 ) ) ;
#1855 = LINE ( 'NONE', #6498, #6102 ) ;
#1856 = CARTESIAN_POINT ( 'NONE',  ( 5.081219228152577600, 1.400000000000013700, 0.07875370247386294400 ) ) ;
#1857 = CARTESIAN_POINT ( 'NONE',  ( -2.400000000000001200, 2.400000000000001200, 0.9999999999999879000 ) ) ;
#1858 = EDGE_CURVE ( 'NONE', #3009, #1537, #4405, .T. ) ;
#1859 = ORIENTED_EDGE ( 'NONE', *, *, #9490, .F. ) ;
#1860 = CARTESIAN_POINT ( 'NONE',  ( -1.330304312083734600, -2.148420819274164300, 1.302883578185787300 ) ) ;
#1861 = CARTESIAN_POINT ( 'NONE',  ( 1.600000000000026300, -4.912442089811461800, 4.564213067505599600E-005 ) ) ;
#1862 = EDGE_CURVE ( 'NONE', #7317, #2142, #1186, .T. ) ;
#1863 = ADVANCED_FACE ( 'NONE', ( #6719 ), #2737, .T. ) ;
#1864 = ORIENTED_EDGE ( 'NONE', *, *, #6314, .T. ) ;
#1865 = DIRECTION ( 'NONE',  ( 1.000000000000000000, 0.0000000000000000000, 0.0000000000000000000 ) ) ;
#1866 = B_SPLINE_CURVE_WITH_KNOTS ( 'NONE', 3,
 ( #1408, #6679, #4478, #5113 ),
 .UNSPECIFIED., .F., .F.,
 ( 4, 4 ),
 ( 0.0000000000000000000, 1.000000000000000000 ),
 .UNSPECIFIED. ) ;
#1867 = LINE ( 'NONE', #1468, #5871 ) ;
#1868 = DIRECTION ( 'NONE',  ( -0.0000000000000000000, 0.0000000000000000000, -1.000000000000000000 ) ) ;
#1869 = CARTESIAN_POINT ( 'NONE',  ( -1.166666666666639900, -4.900000000000010100, 2.029538287884498400E-005 ) ) ;
#1870 = EDGE_CURVE ( 'NONE', #2612, #2171, #2748, .T. ) ;
#1871 = AXIS2_PLACEMENT_3D ( 'NONE', #6631, #2178, #7378 ) ;
#1872 = EDGE_LOOP ( 'NONE', ( #4290, #6284, #5156, #3705 ) ) ;
#1873 = FACE_OUTER_BOUND ( 'NONE', #5585, .T. ) ;
#1874 = VERTEX_POINT ( 'NONE', #2062 ) ;
#1875 = ADVANCED_FACE ( 'NONE', ( #3455 ), #4346, .T. ) ;
#1876 = ORIENTED_EDGE ( 'NONE', *, *, #6314, .F. ) ;
#1877 = DIRECTION ( 'NONE',  ( 0.0000000000000000000, 0.0000000000000000000, 1.000000000000000000 ) ) ;
#1878 = CARTESIAN_POINT ( 'NONE',  ( 5.005965047017934200, 0.8000000000000004900, 0.1372170004886642500 ) ) ;
#1879 = EDGE_LOOP ( 'NONE', ( #2149, #894, #8702, #3142, #2552, #4620, #7209, #7632, #8319, #3895, #5537, #2034, #1586, #525, #8576, #3436, #1427, #8871, #3260, #1983, #9404, #3189, #4185, #5678, #2536, #7675, #8825, #5469, #6347, #8643, #8757, #583, #5310, #1320, #2437, #4398, #1413, #3571, #5496, #5023, #7186, #1816, #5989, #3668, #9151, #9698 ) ) ;
#1880 = CARTESIAN_POINT ( 'NONE',  ( -1.599999999999975400, -5.002722156732098700, 0.1346906707209948300 ) ) ;
#1881 = ORIENTED_EDGE ( 'NONE', *, *, #5886, .F. ) ;
#1882 = CARTESIAN_POINT ( 'NONE',  ( 4.899999999999984400, -1.399999999999988600, 3.095825364621163300E-006 ) ) ;
#1883 = CARTESIAN_POINT ( 'NONE',  ( -2.199999999999963300, -4.832397115193484400, 3.945047992540000200E-005 ) ) ;
#1884 = CARTESIAN_POINT ( 'NONE',  ( -5.199756585854319500, -1.400000000000038800, 0.6996380906312310600 ) ) ;
#1885 = VECTOR ( 'NONE', #3797, 1000.000000000000000 ) ;
#1886 = ORIENTED_EDGE ( 'NONE', *, *, #3212, .F. ) ;
#1887 = CARTESIAN_POINT ( 'NONE',  ( -1.092224465912156500, 0.1305592434984660700, 0.9745999999999879200 ) ) ;
#1888 = DIRECTION ( 'NONE',  ( -0.7071067811865520100, 0.7071067811865430200, 2.030905000000000100E-034 ) ) ;
#1889 = EDGE_LOOP ( 'NONE', ( #1418, #3853, #245, #696 ) ) ;
#1890 = CARTESIAN_POINT ( 'NONE',  ( 5.007349523057185600, 1.400000000000013500, 0.01577960868141314200 ) ) ;
#1891 = DIRECTION ( 'NONE',  ( 0.0000000000000000000, 0.0000000000000000000, -1.000000000000000000 ) ) ;
#1892 = EDGE_LOOP ( 'NONE', ( #1236, #4139, #1606, #6888 ) ) ;
#1893 = VERTEX_POINT ( 'NONE', #8721 ) ;
#1894 = CARTESIAN_POINT ( 'NONE',  ( 2.280919584729826300, 1.315834796693574400, 1.000003574505852200 ) ) ;
#1895 = CARTESIAN_POINT ( 'NONE',  ( -1.331578336294234800, -2.143318419670365400, 1.303610561972509100 ) ) ;
#1896 = B_SPLINE_CURVE_WITH_KNOTS ( 'NONE', 3,
 ( #4965, #6445, #7103, #4111 ),
 .UNSPECIFIED., .F., .F.,
 ( 4, 4 ),
 ( 0.0000000000000000000, 1.000000000000000000 ),
 .UNSPECIFIED. ) ;
#1897 = AXIS2_PLACEMENT_3D ( 'NONE', #3730, #5849, #5914 ) ;
#1898 = VECTOR ( 'NONE', #9327, 1000.000000000000100 ) ;
#1899 = CARTESIAN_POINT ( 'NONE',  ( 4.482806999099926400, -3.804484476406410300, 0.9999999999999879000 ) ) ;
#1900 = ORIENTED_EDGE ( 'NONE', *, *, #2561, .T. ) ;
#1901 = LINE ( 'NONE', #4578, #8332 ) ;
#1902 = ORIENTED_EDGE ( 'NONE', *, *, #7140, .F. ) ;
#1903 = ORIENTED_EDGE ( 'NONE', *, *, #159, .F. ) ;
#1904 = EDGE_CURVE ( 'NONE', #4416, #5108, #6152, .T. ) ;
#1905 = ORIENTED_EDGE ( 'NONE', *, *, #3998, .T. ) ;
#1906 = VECTOR ( 'NONE', #7212, 999.9999999999998900 ) ;
#1907 = DIRECTION ( 'NONE',  ( 1.000000000000000000, 1.243449787580175200E-014, 0.0000000000000000000 ) ) ;
#1908 = ORIENTED_EDGE ( 'NONE', *, *, #4227, .T. ) ;
#1909 = CARTESIAN_POINT ( 'NONE',  ( -1.080686800217691700, 0.2058694756279674500, 1.288972942368972900 ) ) ;
#1910 = EDGE_CURVE ( 'NONE', #8225, #238, #4926, .T. ) ;
#1911 = ADVANCED_FACE ( 'NONE', ( #4755 ), #733, .F. ) ;
#1912 = B_SPLINE_CURVE_WITH_KNOTS ( 'NONE', 3,
 ( #120, #885, #3790, #5331 ),
 .UNSPECIFIED., .F., .F.,
 ( 4, 4 ),
 ( 0.0000000000000000000, 1.000000000000000000 ),
 .UNSPECIFIED. ) ;
#1913 = ORIENTED_EDGE ( 'NONE', *, *, #3772, .F. ) ;
#1914 = CARTESIAN_POINT ( 'NONE',  ( -5.010958810312806700, -1.400000000000038800, 0.1833587902973576300 ) ) ;
#1915 = PLANE ( 'NONE',  #5725 ) ;
#1916 = CARTESIAN_POINT ( 'NONE',  ( -1.346430526989692800, -0.3835733962118519900, 1.008243543998917700 ) ) ;
#1917 = CIRCLE ( 'NONE', #1768, 1.399999999999988100 ) ;
#1918 = DIRECTION ( 'NONE',  ( 0.0000000000000000000, 0.0000000000000000000, -1.000000000000000000 ) ) ;
#1919 = ORIENTED_EDGE ( 'NONE', *, *, #7722, .F. ) ;
#1920 = CARTESIAN_POINT ( 'NONE',  ( 0.3000000000000194200, -4.900000000000009200, 0.0000000000000000000 ) ) ;
#1921 = DIRECTION ( 'NONE',  ( 1.000000000000000000, 0.0000000000000000000, 0.0000000000000000000 ) ) ;
#1922 = CARTESIAN_POINT ( 'NONE',  ( -1.192518571717675200, 1.207481428282326300, 1.104999999999999500 ) ) ;
#1923 = EDGE_CURVE ( 'NONE', #8402, #3559, #5117, .T. ) ;
#1924 = CARTESIAN_POINT ( 'NONE',  ( 5.044259729609564100, -1.399999999999988100, 0.3109558122168243900 ) ) ;
#1925 = VERTEX_POINT ( 'NONE', #4285 ) ;
#1926 = CARTESIAN_POINT ( 'NONE',  ( -3.491048137816586300, 2.540049851720461900, 0.9745999999999879200 ) ) ;
#1927 = ADVANCED_FACE ( 'NONE', ( #2147 ), #4645, .F. ) ;
#1928 = CARTESIAN_POINT ( 'NONE',  ( -4.899999995880148300, -0.8000000000000255800, 2.142290222814931700E-005 ) ) ;
#1929 = VECTOR ( 'NONE', #8267, 1000.000000000000000 ) ;
#1930 = CARTESIAN_POINT ( 'NONE',  ( -2.199999999999988600, 5.103967321807094700, 0.7162854755018252000 ) ) ;
#1931 = ORIENTED_EDGE ( 'NONE', *, *, #3417, .T. ) ;
#1932 = ORIENTED_EDGE ( 'NONE', *, *, #5562, .T. ) ;
#1933 = ORIENTED_EDGE ( 'NONE', *, *, #6286, .T. ) ;
#1934 = B_SPLINE_CURVE_WITH_KNOTS ( 'NONE', 3,
 ( #3823, #8325, #7559, #57, #118, #6080 ),
 .UNSPECIFIED., .F., .F.,
 ( 4, 2, 4 ),
 ( 0.0000000000000000000, 0.5000000000000000000, 1.000000000000000000 ),
 .UNSPECIFIED. ) ;
#1935 = EDGE_CURVE ( 'NONE', #9602, #7909, #8107, .T. ) ;
#1936 = ORIENTED_EDGE ( 'NONE', *, *, #9678, .T. ) ;
#1937 = CARTESIAN_POINT ( 'NONE',  ( 2.204358304694094000, 1.326777636636965900, 1.286511529443186600 ) ) ;
#1938 = FACE_BOUND ( 'NONE', #6130, .T. ) ;
#1939 = ORIENTED_EDGE ( 'NONE', *, *, #3083, .T. ) ;
#1940 = CARTESIAN_POINT ( 'NONE',  ( -4.617157287525375700, 3.655992052357210000, 0.9745999999999879200 ) ) ;
#1941 = VECTOR ( 'NONE', #1755, 1000.000000000000200 ) ;
#1942 = ORIENTED_EDGE ( 'NONE', *, *, #5410, .F. ) ;
#1943 = DIRECTION ( 'NONE',  ( 0.0000000000000000000, -0.9859791846679419900, 0.1668683535052120400 ) ) ;
#1944 = VERTEX_POINT ( 'NONE', #8747 ) ;
#1945 = ORIENTED_EDGE ( 'NONE', *, *, #3903, .T. ) ;
#1946 = CARTESIAN_POINT ( 'NONE',  ( -4.900000000000009200, 3.373149339882620900, 0.9745999999999879200 ) ) ;
#1947 = VECTOR ( 'NONE', #8493, 1000.000000000000000 ) ;
#1948 = CARTESIAN_POINT ( 'NONE',  ( 1.309337699346662800, 2.254137614955033600, 1.245343953164694600 ) ) ;
#1949 = LINE ( 'NONE', #5773, #8943 ) ;
#1950 = CARTESIAN_POINT ( 'NONE',  ( 0.3000000000000192500, -4.800000000000002500, 1.972523996270000100E-005 ) ) ;
#1951 = CARTESIAN_POINT ( 'NONE',  ( 0.6069109227639667400, 1.086169967869715000, 1.230000000000007800 ) ) ;
#1952 = CARTESIAN_POINT ( 'NONE',  ( -2.942575088496100400, -1.438847134316040100, 1.305000000000012800 ) ) ;
#1953 = AXIS2_PLACEMENT_3D ( 'NONE', #6502, #3639, #2815 ) ;
#1954 = CARTESIAN_POINT ( 'NONE',  ( -0.5539808784079861500, 0.9611650271896788900, 1.555000000000003500 ) ) ;
#1955 = CYLINDRICAL_SURFACE ( 'NONE', #7346, 0.1250000000000079900 ) ;
#1956 = CARTESIAN_POINT ( 'NONE',  ( -1.307775534087835900, -2.269440756501540900, 1.180000000000004400 ) ) ;
#1957 = VECTOR ( 'NONE', #479, 1000.000000000000000 ) ;
#1958 = CARTESIAN_POINT ( 'NONE',  ( 1.600000000000026300, -5.041451075190003000, 0.3109952626967752400 ) ) ;
#1959 = DIRECTION ( 'NONE',  ( -1.000000000000000000, -0.0000000000000000000, 0.0000000000000000000 ) ) ;
#1960 = B_SPLINE_CURVE_WITH_KNOTS ( 'NONE', 3,
 ( #4183, #9252, #1214, #3451 ),
 .UNSPECIFIED., .F., .F.,
 ( 4, 4 ),
 ( 0.0000000000000000000, 1.000000000000000000 ),
 .UNSPECIFIED. ) ;
#1961 = CARTESIAN_POINT ( 'NONE',  ( 2.088585473249961600, -1.344569078183301700, 1.301915515106720500 ) ) ;
#1962 = EDGE_CURVE ( 'NONE', #9245, #4327, #1682, .T. ) ;
#1963 = SHAPE_REPRESENTATION_RELATIONSHIP ( 'NONE' , 'NONE' ,  #3500, #6183 ) ;
#1964 = ORIENTED_EDGE ( 'NONE', *, *, #1090, .F. ) ;
#1965 = ADVANCED_FACE ( 'NONE', ( #4167 ), #4989, .T. ) ;
#1966 = ORIENTED_EDGE ( 'NONE', *, *, #4074, .T. ) ;
#1967 = AXIS2_PLACEMENT_3D ( 'NONE', #7124, #4260, #4988 ) ;
#1968 = CARTESIAN_POINT ( 'NONE',  ( 5.112365383199177800, -1.399999999999988100, 0.1666325044669128000 ) ) ;
#1969 = CARTESIAN_POINT ( 'NONE',  ( 2.199999999999988600, 4.900000000000009200, -8.881783100000001500E-015 ) ) ;
#1970 = VECTOR ( 'NONE', #7539, 1000.000000000000100 ) ;
#1971 = EDGE_CURVE ( 'NONE', #129, #998, #3934, .T. ) ;
#1972 = ADVANCED_FACE ( 'NONE', ( #4880 ), #548, .T. ) ;
#1973 = CARTESIAN_POINT ( 'NONE',  ( -4.899999997940137900, 1.399999999999971000, 3.044307340546954200E-005 ) ) ;
#1974 = EDGE_CURVE ( 'NONE', #9482, #8098, #7882, .T. ) ;
#1975 = CARTESIAN_POINT ( 'NONE',  ( 1.336360628209473300, 2.124570248562486400, 1.305000000000012600 ) ) ;
#1976 = ORIENTED_EDGE ( 'NONE', *, *, #7625, .F. ) ;
#1977 = VECTOR ( 'NONE', #1002, 1000.000000000000000 ) ;
#1978 = EDGE_CURVE ( 'NONE', #9006, #3967, #4519, .T. ) ;
#1979 = CARTESIAN_POINT ( 'NONE',  ( -5.010958810312805800, -0.8000000000000258000, 0.1833587902973578000 ) ) ;
#1980 = CARTESIAN_POINT ( 'NONE',  ( 0.2999999999999937700, 5.112365383199177800, 0.1666325044669128000 ) ) ;
#1981 = CARTESIAN_POINT ( 'NONE',  ( 1.600000000000000800, 4.900000000000009200, 0.06666666666667096800 ) ) ;
#1982 = CARTESIAN_POINT ( 'NONE',  ( 1.600000000000026300, -4.912442089811461800, 4.564213067505599600E-005 ) ) ;
#1983 = ORIENTED_EDGE ( 'NONE', *, *, #1626, .T. ) ;
#1984 = CARTESIAN_POINT ( 'NONE',  ( 5.013767464732368700, -1.399999999999988100, 0.1833193398174321500 ) ) ;
#1985 = CARTESIAN_POINT ( 'NONE',  ( 2.398823671904402000, -2.409490608222201400, 0.9999999999999879000 ) ) ;
#1986 = ORIENTED_EDGE ( 'NONE', *, *, #1274, .T. ) ;
#1987 = ORIENTED_EDGE ( 'NONE', *, *, #2246, .F. ) ;
#1988 = EDGE_CURVE ( 'NONE', #3300, #5376, #9376, .T. ) ;
#1989 = LINE ( 'NONE', #7917, #8409 ) ;
#1990 = DIRECTION ( 'NONE',  ( 0.0000000000000000000, 0.0000000000000000000, 1.000000000000000000 ) ) ;
#1991 = CARTESIAN_POINT ( 'NONE',  ( 5.007349523057185600, -0.8000000000000003800, 0.01577960868141314200 ) ) ;
#1992 = CARTESIAN_POINT ( 'NONE',  ( -2.199999999999963300, 4.900000000000009200, 0.06666666666667096800 ) ) ;
#1993 = EDGE_CURVE ( 'NONE', #9677, #5434, #920, .T. ) ;
#1994 = ORIENTED_EDGE ( 'NONE', *, *, #7451, .F. ) ;
#1995 = CARTESIAN_POINT ( 'NONE',  ( 2.128190694439436200, 1.343302167322377100, 1.305000000000012600 ) ) ;
#1996 = VERTEX_POINT ( 'NONE', #6612 ) ;
#1997 = CIRCLE ( 'NONE', #7801, 1.099999999999994300 ) ;
#1998 = CARTESIAN_POINT ( 'NONE',  ( -3.373149339882636900, 4.900000000000009200, 0.9745999999999879200 ) ) ;
#1999 = ORIENTED_EDGE ( 'NONE', *, *, #8629, .T. ) ;
#2000 = VERTEX_POINT ( 'NONE', #741 ) ;
#2001 = DIRECTION ( 'NONE',  ( -0.0000000000000000000, 0.0000000000000000000, -1.000000000000000000 ) ) ;
#2002 = ORIENTED_EDGE ( 'NONE', *, *, #639, .F. ) ;
#2003 = ORIENTED_EDGE ( 'NONE', *, *, #659, .T. ) ;
#2004 = CARTESIAN_POINT ( 'NONE',  ( -1.307775534087839000, 2.269440756501535500, 1.180000000000004400 ) ) ;
#2005 = VECTOR ( 'NONE', #4, 1000.000000000000200 ) ;
#2006 = CARTESIAN_POINT ( 'NONE',  ( 1.600000000000001000, 4.900000000000009200, 3.095825365898941300E-006 ) ) ;
#2007 = ORIENTED_EDGE ( 'NONE', *, *, #1671, .T. ) ;
#2008 = ORIENTED_EDGE ( 'NONE', *, *, #9419, .T. ) ;
#2009 = ORIENTED_EDGE ( 'NONE', *, *, #5896, .F. ) ;
#2010 = CARTESIAN_POINT ( 'NONE',  ( 2.200000000000039700, -4.897191345580448100, 1.972523996270000100E-005 ) ) ;
#2011 = CARTESIAN_POINT ( 'NONE',  ( 1.046141136846126200, 0.3393241099878172600, 1.289740524355354600 ) ) ;
#2012 = AXIS2_PLACEMENT_3D ( 'NONE', #9284, #4143, #4910 ) ;
#2013 = PRESENTATION_STYLE_ASSIGNMENT (( #3164 ) ) ;
#2014 = ORIENTED_EDGE ( 'NONE', *, *, #1290, .T. ) ;
#2015 = EDGE_CURVE ( 'NONE', #2712, #5336, #620, .T. ) ;
#2016 = ORIENTED_EDGE ( 'NONE', *, *, #5333, .F. ) ;
#2017 = CARTESIAN_POINT ( 'NONE',  ( -0.2999999999999684000, -4.800000000000002500, 1.972523996270000100E-005 ) ) ;
#2018 = CARTESIAN_POINT ( 'NONE',  ( -2.199999999999988600, 4.910140096846250300, 0.1000000000000064200 ) ) ;
#2019 = CARTESIAN_POINT ( 'NONE',  ( 0.0000000000000000000, 0.0000000000000000000, 0.9745999999999879200 ) ) ;
#2020 = CARTESIAN_POINT ( 'NONE',  ( 0.1997109337619949500, 1.081826319530340800, 1.285656066105467700 ) ) ;
#2021 = LINE ( 'NONE', #2985, #6144 ) ;
#2022 = ADVANCED_FACE ( 'NONE', ( #8341 ), #3756, .T. ) ;
#2023 = B_SPLINE_CURVE_WITH_KNOTS ( 'NONE', 3,
 ( #5039, #8035, #2018, #568 ),
 .UNSPECIFIED., .F., .F.,
 ( 4, 4 ),
 ( 0.0000000000000000000, 1.000000000000000000 ),
 .UNSPECIFIED. ) ;
#2024 = CARTESIAN_POINT ( 'NONE',  ( 2.001998386448278200, -1.374527077095543800, 1.205000000000183900 ) ) ;
#2025 = AXIS2_PLACEMENT_3D ( 'NONE', #9, #9019, #9618 ) ;
#2026 = VERTEX_POINT ( 'NONE', #4474 ) ;
#2027 = ORIENTED_EDGE ( 'NONE', *, *, #5081, .T. ) ;
#2028 = CARTESIAN_POINT ( 'NONE',  ( 1.092224465912155200, -0.1305592434984655400, 1.350000000000010300 ) ) ;
#2029 = VECTOR ( 'NONE', #2353, 1000.000000000000000 ) ;
#2030 = ORIENTED_EDGE ( 'NONE', *, *, #8857, .T. ) ;
#2031 = CARTESIAN_POINT ( 'NONE',  ( 2.187668636979152500, 1.329921558080875600, 1.294079702802861200 ) ) ;
#2032 = DIRECTION ( 'NONE',  ( 1.000000000000000000, 0.0000000000000000000, 0.0000000000000000000 ) ) ;
#2033 = LINE ( 'NONE', #974, #7661 ) ;
#2034 = ORIENTED_EDGE ( 'NONE', *, *, #1039, .T. ) ;
#2035 = EDGE_CURVE ( 'NONE', #8336, #4961, #150, .T. ) ;
#2036 = FACE_OUTER_BOUND ( 'NONE', #2517, .T. ) ;
#2037 = ORIENTED_EDGE ( 'NONE', *, *, #9595, .T. ) ;
#2038 = EDGE_CURVE ( 'NONE', #7511, #9350, #2452, .T. ) ;
#2039 = VECTOR ( 'NONE', #3414, 1000.000000000000000 ) ;
#2040 = EDGE_CURVE ( 'NONE', #8021, #8076, #2381, .T. ) ;
#2041 = DIRECTION ( 'NONE',  ( -0.7071067811865530100, 0.7071067811865420200, 2.030905000000000100E-034 ) ) ;
#2042 = LINE ( 'NONE', #3063, #4891 ) ;
#2043 = ORIENTED_EDGE ( 'NONE', *, *, #3094, .T. ) ;
#2044 = DIRECTION ( 'NONE',  ( 0.7071067811865432400, 0.7071067811865519000, 0.0000000000000000000 ) ) ;
#2045 = DIRECTION ( 'NONE',  ( 0.7071067811865952000, 0.7071067811864997200, 0.0000000000000000000 ) ) ;
#2046 = CARTESIAN_POINT ( 'NONE',  ( 2.952804539621005200, 3.370655641254511400, 1.305000000000012800 ) ) ;
#2048 = LINE ( 'NONE', #7309, #4662 ) ;
#2047 = CARTESIAN_POINT ( 'NONE',  ( -1.298823671713240600, 2.312519581113754900, 1.305000000000012600 ) ) ;
#2049 = ORIENTED_EDGE ( 'NONE', *, *, #9033, .T. ) ;
#2050 = DIRECTION ( 'NONE',  ( -0.7071067811866342800, 0.7071067811864607500, 0.0000000000000000000 ) ) ;
#2051 = CARTESIAN_POINT ( 'NONE',  ( -1.346956004230697800, -0.3817191672772564100, 0.9999999999999879000 ) ) ;
#2052 = VECTOR ( 'NONE', #2319, 999.9999999999998900 ) ;
#2053 = ORIENTED_EDGE ( 'NONE', *, *, #4728, .F. ) ;
#2054 = ORIENTED_EDGE ( 'NONE', *, *, #7696, .F. ) ;
#2055 = ORIENTED_EDGE ( 'NONE', *, *, #4706, .F. ) ;
#2056 = DIRECTION ( 'NONE',  ( -0.7071067811865520100, -0.7071067811865431300, -4.959015639333548400E-031 ) ) ;
#2057 = CARTESIAN_POINT ( 'NONE',  ( 0.1751366838542251500, -0.7865285385595115500, 1.180000000000004400 ) ) ;
#2058 = EDGE_CURVE ( 'NONE', #410, #215, #5447, .T. ) ;
#2059 = CARTESIAN_POINT ( 'NONE',  ( -1.298849319894906300, -2.547941634221906300, 0.9999999999999879000 ) ) ;
#2060 = DIRECTION ( 'NONE',  ( 0.7071067811865436900, 0.7071067811865513500, 0.0000000000000000000 ) ) ;
#2061 = DIRECTION ( 'NONE',  ( 0.0000000000000000000, -1.000000000000000000, -0.0000000000000000000 ) ) ;
#2062 = CARTESIAN_POINT ( 'NONE',  ( 2.282861793060051400, 1.306346905736519800, 0.9746039290108344800 ) ) ;
#2063 = LINE ( 'NONE', #658, #4686 ) ;
#2064 = VECTOR ( 'NONE', #617, 1000.000000000000100 ) ;
#2065 = VERTEX_POINT ( 'NONE', #2897 ) ;
#2066 = EDGE_CURVE ( 'NONE', #2384, #1605, #5674, .T. ) ;
#2067 = CARTESIAN_POINT ( 'NONE',  ( -2.200381880513826000, 1.327476586686225300, 1.288692290390453200 ) ) ;
#2068 = FACE_OUTER_BOUND ( 'NONE', #9277, .T. ) ;
#2069 = CARTESIAN_POINT ( 'NONE',  ( -1.298823671904407500, -2.409490608222201400, 0.9000000000000069100 ) ) ;
#2070 = CARTESIAN_POINT ( 'NONE',  ( 3.313717259580345700, 1.776415510219203200, 1.305000000000011900 ) ) ;
#2071 = ORIENTED_EDGE ( 'NONE', *, *, #105, .T. ) ;
#2072 = ADVANCED_FACE ( 'NONE', ( #1097 ), #8683, .F. ) ;
#2073 = DIRECTION ( 'NONE',  ( 0.0000000000000000000, -0.0000000000000000000, -1.000000000000000000 ) ) ;
#2074 = CARTESIAN_POINT ( 'NONE',  ( -5.109556728779593500, -1.400000000000038800, 0.1666719549468379200 ) ) ;
#2075 = VECTOR ( 'NONE', #2716, 1000.000000000000000 ) ;
#2076 = AXIS2_PLACEMENT_3D ( 'NONE', #554, #5818, #5176 ) ;
#2077 = VECTOR ( 'NONE', #3944, 1000.000000000000200 ) ;
#2078 = CARTESIAN_POINT ( 'NONE',  ( -1.331867151833266500, -2.137146006776677000, 1.304165684015486500 ) ) ;
#2079 = CARTESIAN_POINT ( 'NONE',  ( -1.025472922904443900, -0.3980016135517229800, 1.205000000000183300 ) ) ;
#2080 = CARTESIAN_POINT ( 'NONE',  ( -4.900000000000008300, -3.373149339882619600, 0.9745999999999879200 ) ) ;
#2081 = CARTESIAN_POINT ( 'NONE',  ( 4.915210145269370800, -1.399999999999988100, 0.1000061834093414800 ) ) ;
#2082 = ORIENTED_EDGE ( 'NONE', *, *, #7996, .F. ) ;
#2083 = CARTESIAN_POINT ( 'NONE',  ( -0.3835733962118310600, 1.346430526989697500, 1.008243543998918600 ) ) ;
#2084 = AXIS2_PLACEMENT_3D ( 'NONE', #8988, #8959, #3032 ) ;
#2085 = DIRECTION ( 'NONE',  ( -0.7071067812033505800, 0.7071067811697445700, 0.0000000000000000000 ) ) ;
#2086 = CIRCLE ( 'NONE', #3404, 1.099999999999994500 ) ;
#2087 = CARTESIAN_POINT ( 'NONE',  ( -2.001998386448282200, -1.374527077095540000, 1.205000000000182800 ) ) ;
#2088 = CARTESIAN_POINT ( 'NONE',  ( 0.3844996949094988100, 1.346164917316770900, 1.016576877351560400 ) ) ;
#2089 = DIRECTION ( 'NONE',  ( 0.0000000000000000000, -0.0000000000000000000, -1.000000000000000000 ) ) ;
#2090 = B_SPLINE_CURVE_WITH_KNOTS ( 'NONE', 3,
 ( #3997, #5433, #8380, #3937, #4758, #228 ),
 .UNSPECIFIED., .F., .F.,
 ( 4, 2, 4 ),
 ( 0.0000000000000000000, 0.5000000000000000000, 1.000000000000000000 ),
 .UNSPECIFIED. ) ;
#2091 = B_SPLINE_CURVE_WITH_KNOTS ( 'NONE', 3,
 ( #5171, #5195, #3652, #8843 ),
 .UNSPECIFIED., .F., .F.,
 ( 4, 4 ),
 ( 0.0000000000000000000, 1.000000000000000000 ),
 .UNSPECIFIED. ) ;
#2092 = DIRECTION ( 'NONE',  ( -1.000000000000000000, 0.0000000000000000000, -0.0000000000000000000 ) ) ;
#2093 = CARTESIAN_POINT ( 'NONE',  ( -3.499391409949214300, 2.400010496209345100, 0.9000000000000069100 ) ) ;
#2094 = EDGE_CURVE ( 'NONE', #1592, #9047, #3116, .T. ) ;
#2095 = COLOUR_RGB ( '',0.7921568627450980000, 0.8196078431372548800, 0.9333333333333333500 ) ;
#2096 = AXIS2_PLACEMENT_3D ( 'NONE', #1426, #4362, #8738 ) ;
#2097 = VERTEX_POINT ( 'NONE', #3653 ) ;
#2098 = DIRECTION ( 'NONE',  ( 1.000000000000000000, 0.0000000000000000000, 0.0000000000000000000 ) ) ;
#2099 = DIRECTION ( 'NONE',  ( 0.0000000000000000000, 0.0000000000000000000, 1.000000000000000000 ) ) ;
#2100 = DIRECTION ( 'NONE',  ( -0.7071067811865429100, 0.7071067811865521200, -8.342941000000000200E-017 ) ) ;
#2101 = AXIS2_PLACEMENT_3D ( 'NONE', #3650, #2895, #4345 ) ;
#2102 = ORIENTED_EDGE ( 'NONE', *, *, #2691, .F. ) ;
#2103 = VECTOR ( 'NONE', #4217, 1000.000000000000000 ) ;
#2104 = CARTESIAN_POINT ( 'NONE',  ( 5.112365383199167100, 0.8000000000000004900, 0.1666325044669145200 ) ) ;
#2105 = PLANE ( 'NONE',  #1566 ) ;
#2106 = EDGE_CURVE ( 'NONE', #2436, #747, #3894, .T. ) ;
#2107 = ORIENTED_EDGE ( 'NONE', *, *, #361, .F. ) ;
#2108 = CARTESIAN_POINT ( 'NONE',  ( 3.797413408594517900, -4.475735931288085100, 0.9745999999999879200 ) ) ;
#2109 = CARTESIAN_POINT ( 'NONE',  ( 3.074825052287085000, 3.289124143417820900, 1.305000000000012600 ) ) ;
#2110 = CARTESIAN_POINT ( 'NONE',  ( 3.373149339882608000, -4.900000000000010100, 0.9745999999999879200 ) ) ;
#2111 = VECTOR ( 'NONE', #6433, 999.9999999999998900 ) ;
#2112 = ORIENTED_EDGE ( 'NONE', *, *, #6101, .F. ) ;
#2113 = ORIENTED_EDGE ( 'NONE', *, *, #3380, .T. ) ;
#2114 = CARTESIAN_POINT ( 'NONE',  ( -0.2999999999999684000, -5.199756585854319500, 0.6996380906312310600 ) ) ;
#2115 = CARTESIAN_POINT ( 'NONE',  ( 1.027374558117012400, 0.3931026820893577800, 1.229306254193080200 ) ) ;
#2116 = DIRECTION ( 'NONE',  ( 0.0000000000000000000, 0.0000000000000000000, 1.000000000000000000 ) ) ;
#2117 = CARTESIAN_POINT ( 'NONE',  ( 4.617157287525374800, 3.655992052357245600, 0.9999999999999879000 ) ) ;
#2118 = ORIENTED_EDGE ( 'NONE', *, *, #3585, .F. ) ;
#2119 = EDGE_CURVE ( 'NONE', #3796, #5400, #8801, .T. ) ;
#2120 = PLANE ( 'NONE',  #8709 ) ;
#2121 = ADVANCED_FACE ( 'NONE', ( #6482 ), #3855, .T. ) ;
#2122 = ORIENTED_EDGE ( 'NONE', *, *, #401, .F. ) ;
#2123 = CARTESIAN_POINT ( 'NONE',  ( 2.398823671904402000, 2.409490608222226700, 0.9999999999999879000 ) ) ;
#2124 = LINE ( 'NONE', #8047, #8779 ) ;
#2125 = CARTESIAN_POINT ( 'NONE',  ( 0.0000000000000000000, 0.0000000000000000000, 0.9745999999999879200 ) ) ;
#2126 = ORIENTED_EDGE ( 'NONE', *, *, #8726, .F. ) ;
#2128 = ORIENTED_EDGE ( 'NONE', *, *, #9543, .T. ) ;
#2127 = DIRECTION ( 'NONE',  ( 0.0000000000000000000, 1.000000000000000000, 0.0000000000000000000 ) ) ;
#2129 = VERTEX_POINT ( 'NONE', #1534 ) ;
#2130 = ORIENTED_EDGE ( 'NONE', *, *, #7868, .F. ) ;
#2131 = CARTESIAN_POINT ( 'NONE',  ( 1.092224465912155200, -0.1305592434984655400, 0.9999999999999879000 ) ) ;
#2132 = LINE ( 'NONE', #8593, #7281 ) ;
#2133 = VERTEX_POINT ( 'NONE', #5325 ) ;
#2134 = CARTESIAN_POINT ( 'NONE',  ( -3.373149339882636900, 4.900000000000009200, 0.9745999999999879200 ) ) ;
#2135 = AXIS2_PLACEMENT_3D ( 'NONE', #1968, #3502, #9469 ) ;
#2136 = FACE_OUTER_BOUND ( 'NONE', #886, .T. ) ;
#2137 = CARTESIAN_POINT ( 'NONE',  ( -2.199999999999963300, -4.959200009505009300, 6.462537199153296700E-005 ) ) ;
#2138 = ORIENTED_EDGE ( 'NONE', *, *, #6142, .F. ) ;
#2139 = ORIENTED_EDGE ( 'NONE', *, *, #1962, .T. ) ;
#2140 = AXIS2_PLACEMENT_3D ( 'NONE', #3133, #5364, #1571 ) ;
#2141 = LINE ( 'NONE', #8739, #5911 ) ;
#2142 = VERTEX_POINT ( 'NONE', #8812 ) ;
#2143 = ORIENTED_EDGE ( 'NONE', *, *, #4793, .F. ) ;
#2144 = PLANE ( 'NONE',  #5000 ) ;
#2145 = DIRECTION ( 'NONE',  ( 1.000000000000000000, 0.0000000000000000000, -0.0000000000000000000 ) ) ;
#2146 = CARTESIAN_POINT ( 'NONE',  ( 3.498824917465951600, 2.129894541256076600, 0.9000000000000069100 ) ) ;
#2147 = FACE_OUTER_BOUND ( 'NONE', #8647, .T. ) ;
#2148 = CARTESIAN_POINT ( 'NONE',  ( 2.200000000000039300, -4.912442089811461800, 4.564213067505599600E-005 ) ) ;
#2149 = ORIENTED_EDGE ( 'NONE', *, *, #2483, .T. ) ;
#2150 = DIRECTION ( 'NONE',  ( 1.000000000000000000, 0.0000000000000000000, 0.0000000000000000000 ) ) ;
#2151 = AXIS2_PLACEMENT_3D ( 'NONE', #7594, #1793, #7519 ) ;
#2152 = EDGE_CURVE ( 'NONE', #6559, #4257, #4658, .T. ) ;
#2153 = DIRECTION ( 'NONE',  ( 0.0000000000000000000, 0.0000000000000000000, 1.000000000000000000 ) ) ;
#2154 = FACE_OUTER_BOUND ( 'NONE', #8606, .T. ) ;
#2155 = B_SPLINE_CURVE_WITH_KNOTS ( 'NONE', 3,
 ( #8446, #4082, #8478, #1143, #7072, #4110 ),
 .UNSPECIFIED., .F., .F.,
 ( 4, 2, 4 ),
 ( 0.0000000000000000000, 0.5000000000000000000, 1.000000000000000000 ),
 .UNSPECIFIED. ) ;
#2156 = ORIENTED_EDGE ( 'NONE', *, *, #2445, .F. ) ;
#2157 = CARTESIAN_POINT ( 'NONE',  ( -0.2999999999999684000, -5.010958810312807500, 0.1833587902973828300 ) ) ;
#2158 = AXIS2_PLACEMENT_3D ( 'NONE', #2686, #3373, #9334 ) ;
#2159 = CARTESIAN_POINT ( 'NONE',  ( 1.298810113508829500, -2.409490610614709400, 1.000000000038100600 ) ) ;
#2160 = CARTESIAN_POINT ( 'NONE',  ( 2.199999999999988600, 4.915169546265580900, 0.2000061751679519900 ) ) ;
#2161 = VECTOR ( 'NONE', #1405, 1000.000000000000000 ) ;
#2162 = ORIENTED_EDGE ( 'NONE', *, *, #7816, .T. ) ;
#2163 = CARTESIAN_POINT ( 'NONE',  ( 4.899999999999984400, -3.373149339882595600, 0.9745999999999879200 ) ) ;
#2164 = CARTESIAN_POINT ( 'NONE',  ( -4.475735931288060200, -3.797413408594544600, 0.9999999999999879000 ) ) ;
#2165 = ORIENTED_EDGE ( 'NONE', *, *, #4387, .F. ) ;
#2166 = CARTESIAN_POINT ( 'NONE',  ( 1.099999999999992100, -2.158191010000000100E-032, 0.9745999999999879200 ) ) ;
#2167 = CIRCLE ( 'NONE', #8158, 1.099999999999992100 ) ;
#2168 = EDGE_CURVE ( 'NONE', #711, #5445, #3694, .T. ) ;
#2169 = CARTESIAN_POINT ( 'NONE',  ( 1.032315355443144300, -0.3793862176168338900, 1.253973635424050500 ) ) ;
#2170 = LINE ( 'NONE', #1536, #3714 ) ;
#2171 = VERTEX_POINT ( 'NONE', #842 ) ;
#2172 = CARTESIAN_POINT ( 'NONE',  ( 1.092224465912155400, -0.1305592434984660400, 0.9000000000000069100 ) ) ;
#2173 = ORIENTED_EDGE ( 'NONE', *, *, #5712, .T. ) ;
#2174 = EDGE_LOOP ( 'NONE', ( #7830, #7472, #7760, #3812, #2572, #6604, #8200, #4915 ) ) ;
#2175 = VERTEX_POINT ( 'NONE', #1609 ) ;
#2176 = EDGE_CURVE ( 'NONE', #7042, #8472, #8908, .T. ) ;
#2177 = ADVANCED_FACE ( 'NONE', ( #2870 ), #7523, .T. ) ;
#2178 = DIRECTION ( 'NONE',  ( 0.0000000000000000000, -1.000000000000000000, 0.0000000000000000000 ) ) ;
#2179 = VECTOR ( 'NONE', #3419, 999.9999999999998900 ) ;
#2180 = ORIENTED_EDGE ( 'NONE', *, *, #7568, .F. ) ;
#2181 = CARTESIAN_POINT ( 'NONE',  ( 0.2999999999999937700, 5.013767464732374900, 0.1833193398174311500 ) ) ;
#2182 = VECTOR ( 'NONE', #4776, 1000.000000000000000 ) ;
#2183 = ORIENTED_EDGE ( 'NONE', *, *, #5320, .T. ) ;
#2184 = ORIENTED_EDGE ( 'NONE', *, *, #7068, .T. ) ;
#2185 = ORIENTED_EDGE ( 'NONE', *, *, #4193, .F. ) ;
#2186 = CARTESIAN_POINT ( 'NONE',  ( 2.000000000000034600, -4.800000000000002500, 3.945047992540000200E-005 ) ) ;
#2187 = DIRECTION ( 'NONE',  ( 0.7071067811865692200, 0.7071067811865259200, 0.0000000000000000000 ) ) ;
#2188 = EDGE_CURVE ( 'NONE', #9464, #3836, #1901, .T. ) ;
#2189 =( NAMED_UNIT ( * ) SI_UNIT ( $, .STERADIAN. ) SOLID_ANGLE_UNIT ( ) );
#2190 = CARTESIAN_POINT ( 'NONE',  ( 1.600000000000026300, -5.199756585854319500, 0.6996380906312310600 ) ) ;
#2191 = CARTESIAN_POINT ( 'NONE',  ( -1.600000000000001000, 5.202565240273889600, 0.6995986401513042400 ) ) ;
#2192 = FACE_OUTER_BOUND ( 'NONE', #1824, .T. ) ;
#2193 = PLANE ( 'NONE',  #3741 ) ;
#2194 = FACE_OUTER_BOUND ( 'NONE', #3203, .T. ) ;
#2195 = EDGE_CURVE ( 'NONE', #4180, #2302, #5335, .T. ) ;
#2196 = DIRECTION ( 'NONE',  ( 0.0000000000000000000, -0.9859791846679490900, -0.1668683535051695400 ) ) ;
#2197 = CARTESIAN_POINT ( 'NONE',  ( -2.726811008915865900, 1.323341682393069700, 0.9000000000000069100 ) ) ;
#2198 = FACE_OUTER_BOUND ( 'NONE', #4050, .T. ) ;
#2199 = CARTESIAN_POINT ( 'NONE',  ( 3.663063120169089100, -4.624228355337263200, 0.9999999999999879000 ) ) ;
#2200 = CARTESIAN_POINT ( 'NONE',  ( 1.065625114319800100, -0.2728426599740672600, 1.304875309525264100 ) ) ;
#2201 = AXIS2_PLACEMENT_3D ( 'NONE', #7245, #9311, #4208 ) ;
#2202 = LINE ( 'NONE', #8465, #1150 ) ;
#2203 = CARTESIAN_POINT ( 'NONE',  ( -2.133404693786399500, -1.341978686300023800, 1.305000000000011900 ) ) ;
#2204 = DIRECTION ( 'NONE',  ( -0.0000000000000000000, 0.0000000000000000000, -1.000000000000000000 ) ) ;
#2205 = CARTESIAN_POINT ( 'NONE',  ( 1.307505891933044200, 2.271553531086990300, 1.008333333369677800 ) ) ;
#2206 = VERTEX_POINT ( 'NONE', #7556 ) ;
#2207 = B_SPLINE_CURVE_WITH_KNOTS ( 'NONE', 3,
 ( #2093, #4475, #709, #4414, #2197, #5977 ),
 .UNSPECIFIED., .F., .F.,
 ( 4, 2, 4 ),
 ( 0.07760597789050187300, 0.5388029889452509200, 1.000000000000000000 ),
 .UNSPECIFIED. ) ;
#2208 = CARTESIAN_POINT ( 'NONE',  ( 4.962008663924571300, 0.8000000000000004900, 2.517489204069586700E-005 ) ) ;
#2209 = CARTESIAN_POINT ( 'NONE',  ( 0.1138300321302856000, -0.5930890772360341000, 1.230000000000007800 ) ) ;
#2210 = AXIS2_PLACEMENT_3D ( 'NONE', #1922, #2701, #4972 ) ;
#2211 = CARTESIAN_POINT ( 'NONE',  ( -1.071369944335141900, -0.2879226727952064500, 1.555000000000003300 ) ) ;
#2212 = EDGE_CURVE ( 'NONE', #3117, #6400, #8791, .T. ) ;
#2213 = UNCERTAINTY_MEASURE_WITH_UNIT (LENGTH_MEASURE( 1.000000000000000100E-005 ), #9696, 'distance_accuracy_value', 'NONE');
#2214 = CARTESIAN_POINT ( 'NONE',  ( 1.327453727949598400, -2.697413282200017200, 1.305000000000012800 ) ) ;
#2215 = FILL_AREA_STYLE_COLOUR ( '', #9372 ) ;
#2216 = SURFACE_SIDE_STYLE ('',( #1807 ) ) ;
#2217 = CARTESIAN_POINT ( 'NONE',  ( -2.400000000000001200, -2.400000000000001200, 0.9999999999999879000 ) ) ;
#2218 = AXIS2_PLACEMENT_3D ( 'NONE', #5092, #6599, #5834 ) ;
#2219 = DIRECTION ( 'NONE',  ( 0.7071067811865682200, 0.7071067811865268100, -0.0000000000000000000 ) ) ;
#2220 = CARTESIAN_POINT ( 'NONE',  ( -1.346164917318200000, -0.3844996949044996400, 1.024999999999989500 ) ) ;
#2221 = ORIENTED_EDGE ( 'NONE', *, *, #6132, .T. ) ;
#2222 = B_SPLINE_CURVE_WITH_KNOTS ( 'NONE', 3,
 ( #6804, #2283, #2322, #7545 ),
 .UNSPECIFIED., .F., .F.,
 ( 4, 4 ),
 ( 0.0000000000000000000, 1.000000000000000000 ),
 .UNSPECIFIED. ) ;
#2223 = VECTOR ( 'NONE', #4860, 1000.000000000000000 ) ;
#2224 = DIRECTION ( 'NONE',  ( 0.0000000000000000000, -0.9859791846679422100, -0.1668683535052110600 ) ) ;
#2225 = ADVANCED_FACE ( 'NONE', ( #27 ), #5733, .T. ) ;
#2226 = DIRECTION ( 'NONE',  ( 0.0000000000000000000, -0.0000000000000000000, 1.000000000000000000 ) ) ;
#2227 = DIRECTION ( 'NONE',  ( -0.0000000000000000000, -0.0000000000000000000, -1.000000000000000000 ) ) ;
#2228 = EDGE_CURVE ( 'NONE', #4903, #6875, #610, .T. ) ;
#2229 = ORIENTED_EDGE ( 'NONE', *, *, #1466, .T. ) ;
#2230 = CARTESIAN_POINT ( 'NONE',  ( -4.482806999099937100, 3.804484476406420500, 0.9745999999999879200 ) ) ;
#2231 = DIRECTION ( 'NONE',  ( 0.0000000000000000000, 0.0000000000000000000, 1.000000000000000000 ) ) ;
#2232 = VERTEX_POINT ( 'NONE', #1208 ) ;
#2233 = VERTEX_POINT ( 'NONE', #9352 ) ;
#2234 = VECTOR ( 'NONE', #6561, 1000.000000000000000 ) ;
#2235 = EDGE_CURVE ( 'NONE', #4416, #4192, #1788, .T. ) ;
#2236 = CARTESIAN_POINT ( 'NONE',  ( 4.915169546265580900, 0.8000000000000004900, 0.2000061751679519900 ) ) ;
#2237 = CARTESIAN_POINT ( 'NONE',  ( -4.475735931288052200, 3.797413408594537000, 0.2000000000000128900 ) ) ;
#2238 = VERTEX_POINT ( 'NONE', #5634 ) ;
#2239 = VERTEX_POINT ( 'NONE', #6474 ) ;
#2240 = CARTESIAN_POINT ( 'NONE',  ( 1.600000000000026300, -5.010958810312799500, 0.1833587902973840600 ) ) ;
#2241 = VECTOR ( 'NONE', #3698, 999.9999999999998900 ) ;
#2242 = CARTESIAN_POINT ( 'NONE',  ( 3.299934393082324800, 3.055239467247761600, 0.9999999999999879000 ) ) ;
#2243 = ORIENTED_EDGE ( 'NONE', *, *, #5771, .T. ) ;
#2244 = ORIENTED_EDGE ( 'NONE', *, *, #460, .F. ) ;
#2245 = PLANE ( 'NONE',  #3350 ) ;
#2246 = EDGE_CURVE ( 'NONE', #7751, #9711, #3339, .T. ) ;
#2247 = DIRECTION ( 'NONE',  ( 0.7071067811985773900, 0.7071067811745177500, 0.0000000000000000000 ) ) ;
#2248 = ORIENTED_EDGE ( 'NONE', *, *, #8556, .F. ) ;
#2249 = CARTESIAN_POINT ( 'NONE',  ( -1.298819703932383400, 2.409490612559277400, 1.305000000000012600 ) ) ;
#2250 = CARTESIAN_POINT ( 'NONE',  ( -2.199999999999963300, 4.910167162820685300, 4.127767151669442800E-006 ) ) ;
#2251 = ORIENTED_EDGE ( 'NONE', *, *, #4828, .T. ) ;
#2252 = CARTESIAN_POINT ( 'NONE',  ( 1.420385550626951200, 1.899644595732674400, 1.104999999999999500 ) ) ;
#2253 = VECTOR ( 'NONE', #1155, 1000.000000000000000 ) ;
#2254 = EDGE_LOOP ( 'NONE', ( #9640, #5783, #6293, #5542, #9227 ) ) ;
#2255 = CARTESIAN_POINT ( 'NONE',  ( -2.120907242772587200, -1.335997669737059500, 1.304752958201947000 ) ) ;
#2256 = DIRECTION ( 'NONE',  ( 1.000000000000000000, 0.0000000000000000000, 0.0000000000000000000 ) ) ;
#2257 = EDGE_CURVE ( 'NONE', #9414, #2980, #9243, .T. ) ;
#2258 = AXIS2_PLACEMENT_3D ( 'NONE', #8666, #8609, #3534 ) ;
#2259 = DIRECTION ( 'NONE',  ( 1.000000000000000000, 0.0000000000000000000, 0.0000000000000000000 ) ) ;
#2260 = VERTEX_POINT ( 'NONE', #9448 ) ;
#2261 = ORIENTED_EDGE ( 'NONE', *, *, #2460, .T. ) ;
#2262 = CARTESIAN_POINT ( 'NONE',  ( 5.005530811151651000, 1.400000000000013500, 0.1346512202409920800 ) ) ;
#2263 = VECTOR ( 'NONE', #937, 1000.000000000000000 ) ;
#2264 = CARTESIAN_POINT ( 'NONE',  ( 2.199999999999988600, 5.202565240273880700, 0.6995986401513055700 ) ) ;
#2265 = ORIENTED_EDGE ( 'NONE', *, *, #2416, .T. ) ;
#2266 = CARTESIAN_POINT ( 'NONE',  ( -2.199999999999988600, 5.202565240273880700, 0.6995986401513055700 ) ) ;
#2267 = VECTOR ( 'NONE', #8067, 1000.000000000000100 ) ;
#2268 = ORIENTED_EDGE ( 'NONE', *, *, #8033, .F. ) ;
#2269 = EDGE_LOOP ( 'NONE', ( #9346, #4782, #5653, #5025 ) ) ;
#2270 = DIRECTION ( 'NONE',  ( 1.000000000000000000, 0.0000000000000000000, 0.0000000000000000000 ) ) ;
#2271 = CARTESIAN_POINT ( 'NONE',  ( -1.335999707505683500, 2.120888234622744200, 1.305000000000012600 ) ) ;
#2272 = AXIS2_PLACEMENT_3D ( 'NONE', #8114, #7313, #665 ) ;
#2273 = LINE ( 'NONE', #106, #2029 ) ;
#2274 = ORIENTED_EDGE ( 'NONE', *, *, #3083, .F. ) ;
#2275 = B_SPLINE_CURVE_WITH_KNOTS ( 'NONE', 3,
 ( #5211, #4352, #6589, #584, #9001, #2271 ),
 .UNSPECIFIED., .F., .F.,
 ( 4, 2, 4 ),
 ( 0.0000000000000000000, 0.5000000000000000000, 1.000000000000000000 ),
 .UNSPECIFIED. ) ;
#2276 = ADVANCED_FACE ( 'NONE', ( #5105 ), #2858, .F. ) ;
#2277 = PLANE ( 'NONE',  #248 ) ;
#2278 = CARTESIAN_POINT ( 'NONE',  ( -1.346164917316764000, 0.3844996949095282300, 1.016576877351560000 ) ) ;
#2279 = CYLINDRICAL_SURFACE ( 'NONE', #3299, 1.099999999999992100 ) ;
#2280 = ORIENTED_EDGE ( 'NONE', *, *, #391, .T. ) ;
#2281 = CARTESIAN_POINT ( 'NONE',  ( 1.685878814723376500, 1.533997268269868400, 1.104999999999999500 ) ) ;
#2282 = CARTESIAN_POINT ( 'NONE',  ( 3.498824917465952900, -2.129894541256055700, 0.9000000000000067900 ) ) ;
#2283 = CARTESIAN_POINT ( 'NONE',  ( 1.600000000000001000, 4.905070048423129800, 0.1000000000000064200 ) ) ;
#2285 = LINE ( 'NONE', #4221, #6049 ) ;
#2284 = CARTESIAN_POINT ( 'NONE',  ( 3.498823477569936300, 2.453116455946508600, 0.9000000000000069100 ) ) ;
#2286 = ORIENTED_EDGE ( 'NONE', *, *, #7741, .F. ) ;
#2287 = CARTESIAN_POINT ( 'NONE',  ( 3.498823671904396400, 2.409490608222226700, 0.9000000000000069100 ) ) ;
#2288 = LINE ( 'NONE', #1494, #5355 ) ;
#2289 = VERTEX_POINT ( 'NONE', #9386 ) ;
#2290 = EDGE_CURVE ( 'NONE', #4118, #6401, #141, .T. ) ;
#2291 = CARTESIAN_POINT ( 'NONE',  ( 4.915210145269370800, -0.8000000000000006000, 0.1000049467274789400 ) ) ;
#2292 = CARTESIAN_POINT ( 'NONE',  ( 1.192518571717675200, -1.207481428282326300, 1.104999999999999500 ) ) ;
#2293 = B_SPLINE_CURVE_WITH_KNOTS ( 'NONE', 3,
 ( #357, #2647, #1025, #4029 ),
 .UNSPECIFIED., .F., .F.,
 ( 4, 4 ),
 ( 0.0000000000000000000, 0.05061135182379578700 ),
 .UNSPECIFIED. ) ;
#2294 = CARTESIAN_POINT ( 'NONE',  ( -5.199756585854304400, -0.8000000000000258000, 0.6996380906312337200 ) ) ;
#2295 = AXIS2_PLACEMENT_3D ( 'NONE', #1969, #7224, #3504 ) ;
#2296 = CARTESIAN_POINT ( 'NONE',  ( -3.598400220000000200E-032, -2.158191010000000100E-032, 1.350000000000010300 ) ) ;
#2297 = FACE_OUTER_BOUND ( 'NONE', #55, .T. ) ;
#2298 = VERTEX_POINT ( 'NONE', #339 ) ;
#2299 = CARTESIAN_POINT ( 'NONE',  ( -5.101158667387508700, 0.7999999999999748400, 0.7163249259817521300 ) ) ;
#2300 = CARTESIAN_POINT ( 'NONE',  ( -5.109556728779593500, -0.8000000000000258000, 0.1666719549468379200 ) ) ;
#2301 = CYLINDRICAL_SURFACE ( 'NONE', #4494, 0.1250000000000080200 ) ;
#2302 = VERTEX_POINT ( 'NONE', #7135 ) ;
#2303 = DIRECTION ( 'NONE',  ( 0.0000000000000000000, -0.0004059900380430000700, -0.9999999175860412300 ) ) ;
#2304 = ORIENTED_EDGE ( 'NONE', *, *, #5693, .T. ) ;
#2305 = CARTESIAN_POINT ( 'NONE',  ( -0.2999999999999937700, 4.915210145269370800, 0.1000049467274789400 ) ) ;
#2306 = EDGE_CURVE ( 'NONE', #3237, #5566, #7645, .T. ) ;
#2307 = ORIENTED_EDGE ( 'NONE', *, *, #5333, .T. ) ;
#2308 = VECTOR ( 'NONE', #6825, 1000.000000000000000 ) ;
#2309 = CARTESIAN_POINT ( 'NONE',  ( -4.832397115193484400, 0.7999999999999749500, 3.945047992540000200E-005 ) ) ;
#2310 = DIRECTION ( 'NONE',  ( -0.7071067811865430200, -0.7071067811865521200, -8.342941000000000200E-017 ) ) ;
#2311 = FACE_OUTER_BOUND ( 'NONE', #6345, .T. ) ;
#2312 = VERTEX_POINT ( 'NONE', #3448 ) ;
#2313 = EDGE_CURVE ( 'NONE', #9276, #5460, #3152, .T. ) ;
#2314 = CARTESIAN_POINT ( 'NONE',  ( 1.325272628317652600, 2.686531000587169400, 0.9999999999999881200 ) ) ;
#2315 = PRODUCT_DEFINITION_SHAPE ( 'NONE', 'NONE',  #4697 ) ;
#2316 = LINE ( 'NONE', #5252, #1723 ) ;
#2317 = DIRECTION ( 'NONE',  ( -9.895244941485101000E-017, -1.903455370793503500E-017, 1.000000000000000000 ) ) ;
#2318 = VERTEX_POINT ( 'NONE', #468 ) ;
#2319 = DIRECTION ( 'NONE',  ( 0.7071067811865520100, 0.7071067811865431300, 1.047315000000000100E-031 ) ) ;
#2320 = CARTESIAN_POINT ( 'NONE',  ( 3.470193614072112400, -2.697413288849856100, 1.305000000000012600 ) ) ;
#2321 = EDGE_CURVE ( 'NONE', #1000, #1537, #9018, .T. ) ;
#2322 = CARTESIAN_POINT ( 'NONE',  ( 1.600000000000001000, 4.910140096846250300, 0.1000000000000064200 ) ) ;
#2323 = CARTESIAN_POINT ( 'NONE',  ( -2.398823671904402000, 2.409490608222226700, 0.9000000000000069100 ) ) ;
#2324 = CARTESIAN_POINT ( 'NONE',  ( -0.2628539873737366600, -1.068132848986816900, 1.304165683834841200 ) ) ;
#2325 = LINE ( 'NONE', #3437, #2075 ) ;
#2326 = CARTESIAN_POINT ( 'NONE',  ( 1.331867151833266500, 2.137146006776677000, 1.304165684015487400 ) ) ;
#2327 = DIRECTION ( 'NONE',  ( 0.0000000000000000000, 0.0000000000000000000, 1.000000000000000000 ) ) ;
#2328 = SURFACE_STYLE_USAGE ( .BOTH. , #280 ) ;
#2329 = FACE_OUTER_BOUND ( 'NONE', #6389, .T. ) ;
#2330 = ADVANCED_FACE ( 'NONE', ( #7531 ), #3415, .T. ) ;
#2331 = CARTESIAN_POINT ( 'NONE',  ( -4.617157287525378400, 3.655992052357254000, 0.9999999999999879000 ) ) ;
#2332 = FILL_AREA_STYLE ('',( #8357 ) ) ;
#2333 = DIRECTION ( 'NONE',  ( -0.7071067811865431300, 0.7071067811865519000, 0.0000000000000000000 ) ) ;
#2334 = CARTESIAN_POINT ( 'NONE',  ( -4.898127560973727600, -0.8000000000000258000, 3.983057407985909300E-005 ) ) ;
#2335 = CARTESIAN_POINT ( 'NONE',  ( -0.2999999999999937700, 5.013767464732374900, 0.1833193398174311500 ) ) ;
#2337 = VECTOR ( 'NONE', #4982, 1000.000000000000000 ) ;
#2336 = AXIS2_PLACEMENT_3D ( 'NONE', #5620, #351, #6337 ) ;
#2338 = ORIENTED_EDGE ( 'NONE', *, *, #728, .F. ) ;
#2339 = CARTESIAN_POINT ( 'NONE',  ( 4.915250744231022900, 1.400000000000013500, 6.191650733161523500E-006 ) ) ;
#2340 = ADVANCED_FACE ( 'NONE', ( #3443 ), #6446, .T. ) ;
#2341 = CARTESIAN_POINT ( 'NONE',  ( -0.5833940063079012800, -0.1291277777121272200, 1.230000000000007800 ) ) ;
#2342 = AXIS2_PLACEMENT_3D ( 'NONE', #2788, #8026, #9479 ) ;
#2343 = CIRCLE ( 'NONE', #5414, 1.099999999999994500 ) ;
#2344 = B_SPLINE_CURVE_WITH_KNOTS ( 'NONE', 3,
 ( #5083, #555, #9472, #4955, #5687, #5820 ),
 .UNSPECIFIED., .F., .F.,
 ( 4, 2, 4 ),
 ( 0.0000000000000000000, 0.4999999999999986700, 1.000000000000000000 ),
 .UNSPECIFIED. ) ;
#2345 = UNCERTAINTY_MEASURE_WITH_UNIT (LENGTH_MEASURE( 1.000000000000000100E-005 ), #104, 'distance_accuracy_value', 'NONE');
#2346 = CARTESIAN_POINT ( 'NONE',  ( -1.311720677934308700, -2.215556438197511000, 1.305000000000012600 ) ) ;
#2347 = ORIENTED_EDGE ( 'NONE', *, *, #5267, .T. ) ;
#2348 = CARTESIAN_POINT ( 'NONE',  ( -4.482806999099937100, 3.804484476406420500, 0.9745999999999879200 ) ) ;
#2349 = CARTESIAN_POINT ( 'NONE',  ( 0.3798647017656312500, -1.032328827628328400, 1.205000000000211500 ) ) ;
#2350 = EDGE_CURVE ( 'NONE', #3375, #293, #8561, .T. ) ;
#2351 = ORIENTED_EDGE ( 'NONE', *, *, #4648, .F. ) ;
#2352 = CARTESIAN_POINT ( 'NONE',  ( 3.373149339882608000, -4.900000000000010100, 0.9745999999999879200 ) ) ;
#2353 = DIRECTION ( 'NONE',  ( -0.0000000000000000000, -0.0000000000000000000, -1.000000000000000000 ) ) ;
#2354 = CARTESIAN_POINT ( 'NONE',  ( 1.346164917318198700, 0.3844996949045006400, 0.9999999999999879000 ) ) ;
#2355 = FACE_OUTER_BOUND ( 'NONE', #5994, .T. ) ;
#2356 = CARTESIAN_POINT ( 'NONE',  ( 1.307373372355059600, -2.272610209268739000, 1.000000000046331800 ) ) ;
#2357 = AXIS2_PLACEMENT_3D ( 'NONE', #385, #7846, #8651 ) ;
#2358 = CARTESIAN_POINT ( 'NONE',  ( -2.297702438600164800, 1.314126285730667700, 0.9620769903808909000 ) ) ;
#2359 = CARTESIAN_POINT ( 'NONE',  ( 0.4729198223471650100, 0.9936276580305570800, 1.104999999999999500 ) ) ;
#2360 = CARTESIAN_POINT ( 'NONE',  ( 1.367671172371683200, -2.020135298234352100, 1.205000000000208800 ) ) ;
#2361 = ORIENTED_EDGE ( 'NONE', *, *, #3126, .T. ) ;
#2362 = CARTESIAN_POINT ( 'NONE',  ( 4.963386799015065500, 1.400000000000013500, 0.1000257426524401300 ) ) ;
#2363 = VECTOR ( 'NONE', #784, 1000.000000000000000 ) ;
#2364 = PLANE ( 'NONE',  #8401 ) ;
#2365 = ORIENTED_EDGE ( 'NONE', *, *, #2391, .T. ) ;
#2366 = EDGE_LOOP ( 'NONE', ( #6459, #362, #6050, #378 ) ) ;
#2367 = CARTESIAN_POINT ( 'NONE',  ( 3.373149339882570700, 4.900000000000009200, 0.0000000000000000000 ) ) ;
#2368 = EDGE_CURVE ( 'NONE', #4622, #3112, #5438, .T. ) ;
#2369 = CARTESIAN_POINT ( 'NONE',  ( -3.598400220000000200E-032, -2.158191010000000100E-032, 1.305000000000012600 ) ) ;
#2370 = CARTESIAN_POINT ( 'NONE',  ( 2.291061568720872600, -1.314796509212421000, 0.9746004651289742500 ) ) ;
#2371 = CARTESIAN_POINT ( 'NONE',  ( 0.4134714614404856300, -1.375136683854178300, 1.024999999999989500 ) ) ;
#2372 = CARTESIAN_POINT ( 'NONE',  ( -0.2999999999999937700, 5.005530811151651000, 0.1346512202409920800 ) ) ;
#2373 = ORIENTED_EDGE ( 'NONE', *, *, #3208, .F. ) ;
#2374 = DIRECTION ( 'NONE',  ( 1.000000000000000000, 0.0000000000000000000, -0.0000000000000000000 ) ) ;
#2375 = EDGE_CURVE ( 'NONE', #132, #2171, #858, .T. ) ;
#2376 = CLOSED_SHELL ( 'NONE', ( #6794, #8291, #3664, #2733, #1631, #4107, #1678, #9066, #4574, #7665 ) ) ;
#2377 = LINE ( 'NONE', #5275, #1885 ) ;
#2378 = CARTESIAN_POINT ( 'NONE',  ( -3.663063120169088200, -4.624228355337262300, 0.9745999999999879200 ) ) ;
#2379 = EDGE_LOOP ( 'NONE', ( #1315, #3800, #2578, #6344 ) ) ;
#2380 = ORIENTED_EDGE ( 'NONE', *, *, #5965, .T. ) ;
#2381 = B_SPLINE_CURVE_WITH_KNOTS ( 'NONE', 3,
 ( #5910, #707, #7366, #8868 ),
 .UNSPECIFIED., .F., .F.,
 ( 4, 4 ),
 ( 0.0000000000000000000, 1.000000000000000000 ),
 .UNSPECIFIED. ) ;
#2382 = ADVANCED_FACE ( 'NONE', ( #2136 ), #2847, .T. ) ;
#2383 = CARTESIAN_POINT ( 'NONE',  ( 0.3000000000000192000, -4.912442089811461800, 4.564213067505599600E-005 ) ) ;
#2384 = VERTEX_POINT ( 'NONE', #2148 ) ;
#2385 = VERTEX_POINT ( 'NONE', #3482 ) ;
#2386 = EDGE_CURVE ( 'NONE', #7875, #5823, #9606, .T. ) ;
#2387 = CARTESIAN_POINT ( 'NONE',  ( -0.9710488006423473300, -0.5167825720465769600, 1.104999999999999500 ) ) ;
#2388 = VECTOR ( 'NONE', #1662, 1000.000000000000000 ) ;
#2389 = CARTESIAN_POINT ( 'NONE',  ( 0.1305592434984410900, 1.092224465912158000, 0.9745999999999879200 ) ) ;
#2390 = VERTEX_POINT ( 'NONE', #5798 ) ;
#2391 = EDGE_CURVE ( 'NONE', #3312, #7449, #6905, .T. ) ;
#2392 = DIRECTION ( 'NONE',  ( 0.0000000000000000000, 0.0000000000000000000, 1.000000000000000000 ) ) ;
#2393 = VECTOR ( 'NONE', #6070, 1000.000000000000000 ) ;
#2394 = CARTESIAN_POINT ( 'NONE',  ( -4.900000000000009200, 0.2666666666666414100, 2.029538285347465300E-005 ) ) ;
#2395 = ORIENTED_EDGE ( 'NONE', *, *, #8486, .T. ) ;
#2396 = ORIENTED_EDGE ( 'NONE', *, *, #2687, .F. ) ;
#2397 = ADVANCED_FACE ( 'NONE', ( #6591 ), #1372, .F. ) ;
#2398 = LINE ( 'NONE', #405, #9024 ) ;
#2399 = CARTESIAN_POINT ( 'NONE',  ( 2.199999999999988600, 5.013767464732374900, 0.1833193398174311500 ) ) ;
#2400 = CARTESIAN_POINT ( 'NONE',  ( -3.460254550870100100, 2.076055689386081800, 1.305000000000012800 ) ) ;
#2401 = EDGE_LOOP ( 'NONE', ( #5836, #2845, #6407, #5772 ) ) ;
#2402 = EDGE_CURVE ( 'NONE', #6891, #6990, #4634, .T. ) ;
#2403 = ORIENTED_EDGE ( 'NONE', *, *, #4136, .F. ) ;
#2404 = VECTOR ( 'NONE', #2999, 1000.000000000000100 ) ;
#2405 = EDGE_LOOP ( 'NONE', ( #8179, #8246, #5586, #2943 ) ) ;
#2406 = PLANE ( 'NONE',  #9646 ) ;
#2407 = CARTESIAN_POINT ( 'NONE',  ( -1.799999999999971400, -4.800000000000002500, 3.945047992540000200E-005 ) ) ;
#2408 = VECTOR ( 'NONE', #8094, 1000.000000000000100 ) ;
#2409 = ORIENTED_EDGE ( 'NONE', *, *, #5442, .F. ) ;
#2410 = CARTESIAN_POINT ( 'NONE',  ( -2.400000000000001200, -2.400000000000001200, 1.305000000000012600 ) ) ;
#2411 = LINE ( 'NONE', #796, #388 ) ;
#2412 = CARTESIAN_POINT ( 'NONE',  ( 3.498823671904396400, -2.409490608222201400, 0.9745999999999879200 ) ) ;
#2413 = LINE ( 'NONE', #1474, #2161 ) ;
#2414 = EDGE_LOOP ( 'NONE', ( #9455, #5939, #2669, #7770, #3487, #4141, #5933, #557 ) ) ;
#2415 = AXIS2_PLACEMENT_3D ( 'NONE', #9635, #5209, #1414 ) ;
#2416 = EDGE_CURVE ( 'NONE', #6485, #7570, #1317, .T. ) ;
#2417 = CARTESIAN_POINT ( 'NONE',  ( -4.900000000000009200, 3.373149339882570300, 0.0000000000000000000 ) ) ;
#2418 = CYLINDRICAL_SURFACE ( 'NONE', #6113, 1.399999999999988100 ) ;
#2419 = VERTEX_POINT ( 'NONE', #7386 ) ;
#2420 =( NAMED_UNIT ( * ) SI_UNIT ( $, .STERADIAN. ) SOLID_ANGLE_UNIT ( ) );
#2421 = AXIS2_PLACEMENT_3D ( 'NONE', #9288, #1888, #9388 ) ;
#2422 = CARTESIAN_POINT ( 'NONE',  ( -1.599999999999975400, -5.101754311063978700, 0.1205696156111787100 ) ) ;
#2423 = CIRCLE ( 'NONE', #4871, 1.399999999999988400 ) ;
#2424 = ORIENTED_EDGE ( 'NONE', *, *, #3306, .F. ) ;
#2425 = ORIENTED_EDGE ( 'NONE', *, *, #6065, .T. ) ;
#2426 = ORIENTED_EDGE ( 'NONE', *, *, #7592, .F. ) ;
#2427 = CARTESIAN_POINT ( 'NONE',  ( -4.912442089811461800, -1.400000000000028300, 4.564213066489702800E-005 ) ) ;
#2428 = B_SPLINE_CURVE_WITH_KNOTS ( 'NONE', 3,
 ( #7320, #534, #4334, #1325 ),
 .UNSPECIFIED., .F., .F.,
 ( 4, 4 ),
 ( 0.0000000000000000000, 1.000000000000000000 ),
 .UNSPECIFIED. ) ;
#2429 = CARTESIAN_POINT ( 'NONE',  ( -5.101158667387508700, -0.8000000000000258000, 0.7163249259817507900 ) ) ;
#2430 = CARTESIAN_POINT ( 'NONE',  ( 2.199999999999988600, 5.112365383199158200, 0.1666325044669162400 ) ) ;
#2431 = VECTOR ( 'NONE', #3040, 1000.000000000000000 ) ;
#2432 = ORIENTED_EDGE ( 'NONE', *, *, #6616, .F. ) ;
#2433 = EDGE_CURVE ( 'NONE', #1179, #5824, #5406, .T. ) ;
#2434 = CARTESIAN_POINT ( 'NONE',  ( -5.010958810312806700, 1.399999999999962600, 0.1833587902973576300 ) ) ;
#2435 = VECTOR ( 'NONE', #7776, 1000.000000000000000 ) ;
#2436 = VERTEX_POINT ( 'NONE', #5135 ) ;
#2437 = ORIENTED_EDGE ( 'NONE', *, *, #7635, .T. ) ;
#2438 = ORIENTED_EDGE ( 'NONE', *, *, #4788, .F. ) ;
#2439 = ADVANCED_FACE ( 'NONE', ( #1670 ), #4338, .F. ) ;
#2440 = DIRECTION ( 'NONE',  ( -0.0000000000000000000, 0.0000000000000000000, -1.000000000000000000 ) ) ;
#2441 = CARTESIAN_POINT ( 'NONE',  ( -4.897191345580448100, 0.7999999999999749500, 1.972523996270000100E-005 ) ) ;
#2442 = VECTOR ( 'NONE', #3793, 1000.000000000000000 ) ;
#2443 = CARTESIAN_POINT ( 'NONE',  ( -2.199999999999988600, 5.008575461706792400, 0.01708094898245299300 ) ) ;
#2444 = CARTESIAN_POINT ( 'NONE',  ( 2.200000000000039300, -4.832397115193484400, 3.945047992540000200E-005 ) ) ;
#2445 = EDGE_CURVE ( 'NONE', #8161, #6584, #6369, .T. ) ;
#2446 = VECTOR ( 'NONE', #8869, 1000.000000000000100 ) ;
#2447 = CARTESIAN_POINT ( 'NONE',  ( 3.498879536753941400, -2.409490626215244900, 1.305000000000012600 ) ) ;
#2448 = CARTESIAN_POINT ( 'NONE',  ( 5.013767464732368700, 0.8000000000000004900, 0.1833193398174321500 ) ) ;
#2449 = ADVANCED_FACE ( 'NONE', ( #9368 ), #601, .T. ) ;
#2450 = DIRECTION ( 'NONE',  ( -0.7071067811865520100, -0.7071067811865430200, 0.0000000000000000000 ) ) ;
#2451 = VECTOR ( 'NONE', #4661, 1000.000000000000000 ) ;
#2452 = B_SPLINE_CURVE_WITH_KNOTS ( 'NONE', 3,
 ( #8932, #2958, #2863, #8065, #1404, #5231 ),
 .UNSPECIFIED., .F., .F.,
 ( 4, 2, 4 ),
 ( 0.0000000000000000000, 0.5000000000000013300, 1.000000000000000000 ),
 .UNSPECIFIED. ) ;
#2453 = LINE ( 'NONE', #8349, #2077 ) ;
#2454 = EDGE_CURVE ( 'NONE', #7428, #1465, #4393, .T. ) ;
#2455 = CARTESIAN_POINT ( 'NONE',  ( 1.928999785732508700, -1.386336464086549600, 1.305000000000012600 ) ) ;
#2456 =( NAMED_UNIT ( * ) PLANE_ANGLE_UNIT ( ) SI_UNIT ( $, .RADIAN. ) );
#2457 = DIRECTION ( 'NONE',  ( 1.000000000000000000, 0.0000000000000000000, 0.0000000000000000000 ) ) ;
#2458 = FACE_OUTER_BOUND ( 'NONE', #9639, .T. ) ;
#2459 = CARTESIAN_POINT ( 'NONE',  ( 2.444109822320299900, -1.305667904609961500, 0.8999999999999982500 ) ) ;
#2460 = EDGE_CURVE ( 'NONE', #2868, #6465, #1559, .T. ) ;
#2461 = CARTESIAN_POINT ( 'NONE',  ( 1.307639946032676400, -2.270497045339181100, 1.016666666692064100 ) ) ;
#2462 = CARTESIAN_POINT ( 'NONE',  ( 4.961968064955896400, 0.8000000000000004900, 0.1000251666604915600 ) ) ;
#2463 = LINE ( 'NONE', #495, #7940 ) ;
#2464 = CARTESIAN_POINT ( 'NONE',  ( 2.473299704662418100, -3.434464939830578900, 1.403766198207623600E-016 ) ) ;
#2465 = DIRECTION ( 'NONE',  ( 0.7071067811865458000, -0.7071067811865492400, 0.0000000000000000000 ) ) ;
#2466 = DIRECTION ( 'NONE',  ( 0.0000000000000000000, -0.0004059900380430000700, -0.9999999175860412300 ) ) ;
#2467 = CARTESIAN_POINT ( 'NONE',  ( -2.277830346110258000, -1.316165123696545900, 0.9000000000000069100 ) ) ;
#2468 = DIRECTION ( 'NONE',  ( -0.7071067811865520100, 0.7071067811865431300, 2.030905000000000100E-034 ) ) ;
#2469 = AXIS2_PLACEMENT_3D ( 'NONE', #3011, #8245, #8945 ) ;
#2470 = VERTEX_POINT ( 'NONE', #2819 ) ;
#2471 = LINE ( 'NONE', #8320, #5290 ) ;
#2472 = CARTESIAN_POINT ( 'NONE',  ( 2.199999999999988600, 4.899999999996663500, 0.1000000082413819400 ) ) ;
#2473 = CARTESIAN_POINT ( 'NONE',  ( -0.09694350365900289400, 0.7083353583643137200, 1.304165684153108600 ) ) ;
#2474 = CARTESIAN_POINT ( 'NONE',  ( -2.307424965652593600, -1.313222442051752200, 0.9508434695595233700 ) ) ;
#2475 = AXIS2_PLACEMENT_3D ( 'NONE', #4649, #2303, #1503 ) ;
#2476 = ADVANCED_FACE ( 'NONE', ( #1437 ), #1329, .T. ) ;
#2477 = VERTEX_POINT ( 'NONE', #565 ) ;
#2478 = CARTESIAN_POINT ( 'NONE',  ( -3.496386762300468300, -2.122000704190873900, 0.9000000000000069100 ) ) ;
#2479 = ORIENTED_EDGE ( 'NONE', *, *, #1728, .F. ) ;
#2480 = FACE_OUTER_BOUND ( 'NONE', #6468, .T. ) ;
#2481 = ORIENTED_EDGE ( 'NONE', *, *, #8971, .F. ) ;
#2482 = CARTESIAN_POINT ( 'NONE',  ( -1.386834598978267600, -0.4101631359251466400, 0.9745999999999879200 ) ) ;
#2483 = EDGE_CURVE ( 'NONE', #8474, #9199, #3684, .T. ) ;
#2484 = DIRECTION ( 'NONE',  ( 0.0000000000000000000, 0.1668683535052474500, -0.9859791846679359900 ) ) ;
#2485 = ORIENTED_EDGE ( 'NONE', *, *, #8902, .T. ) ;
#2486 = B_SPLINE_CURVE_WITH_KNOTS ( 'NONE', 3,
 ( #3349, #273, #3256, #3285 ),
 .UNSPECIFIED., .F., .F.,
 ( 4, 4 ),
 ( 0.0000000000000000000, 1.000000000000000000 ),
 .UNSPECIFIED. ) ;
#2487 = PRODUCT_CONTEXT ( 'NONE', #2555, 'mechanical' ) ;
#2488 = ORIENTED_EDGE ( 'NONE', *, *, #6142, .T. ) ;
#2489 = AXIS2_PLACEMENT_3D ( 'NONE', #5071, #1477, #1502 ) ;
#2490 = FACE_OUTER_BOUND ( 'NONE', #4479, .T. ) ;
#2491 = ORIENTED_EDGE ( 'NONE', *, *, #787, .F. ) ;
#2492 = ADVANCED_FACE ( 'NONE', ( #1086 ), #4160, .F. ) ;
#2493 = ORIENTED_EDGE ( 'NONE', *, *, #1170, .T. ) ;
#2494 = CARTESIAN_POINT ( 'NONE',  ( 1.092224465912155200, -0.1305592434984655400, 1.180250121772941500 ) ) ;
#2495 = EDGE_CURVE ( 'NONE', #5478, #4410, #7182, .T. ) ;
#2496 = ORIENTED_EDGE ( 'NONE', *, *, #8953, .T. ) ;
#2497 = ORIENTED_EDGE ( 'NONE', *, *, #9266, .T. ) ;
#2498 = CARTESIAN_POINT ( 'NONE',  ( 4.899999999999984400, -3.373149339882595600, 0.9745999999999879200 ) ) ;
#2499 = EDGE_CURVE ( 'NONE', #8824, #59, #3206, .T. ) ;
#2500 = DIRECTION ( 'NONE',  ( -0.1668683535052100100, 0.0000000000000000000, -0.9859791846679422100 ) ) ;
#2501 = VECTOR ( 'NONE', #4882, 1000.000000000000000 ) ;
#2502 = VERTEX_POINT ( 'NONE', #6735 ) ;
#2503 = DIRECTION ( 'NONE',  ( -0.7071067811865885400, -0.7071067811865063800, 0.0000000000000000000 ) ) ;
#2504 = CARTESIAN_POINT ( 'NONE',  ( 0.4916646448228233500, -1.296943500471867500, 1.304165684676492200 ) ) ;
#2505 = EDGE_CURVE ( 'NONE', #8102, #4426, #7867, .T. ) ;
#2506 = ORIENTED_EDGE ( 'NONE', *, *, #2931, .T. ) ;
#2507 = ORIENTED_EDGE ( 'NONE', *, *, #1862, .F. ) ;
#2508 = CARTESIAN_POINT ( 'NONE',  ( -1.807662567965890200, -3.347414083138875000, 0.9999999999999876800 ) ) ;
#2509 = CARTESIAN_POINT ( 'NONE',  ( -0.3844996949045078000, 1.346164917318196700, 0.9745999999999879200 ) ) ;
#2510 = CARTESIAN_POINT ( 'NONE',  ( -2.385101783263151400, -1.309261918363459100, 0.9057605071156349400 ) ) ;
#2511 = EDGE_LOOP ( 'NONE', ( #847, #5534, #4995, #3131 ) ) ;
#2512 = EDGE_CURVE ( 'NONE', #7723, #1347, #2021, .T. ) ;
#2513 = ORIENTED_EDGE ( 'NONE', *, *, #2727, .T. ) ;
#2514 = DIRECTION ( 'NONE',  ( 0.0000000000000000000, -0.1668683535051944900, -0.9859791846679448700 ) ) ;
#2515 = VECTOR ( 'NONE', #3821, 1000.000000000000000 ) ;
#2516 = EDGE_LOOP ( 'NONE', ( #8381, #5066, #7155, #6845 ) ) ;
#2517 = EDGE_LOOP ( 'NONE', ( #6578, #1359, #8429, #8544 ) ) ;
#2518 = CARTESIAN_POINT ( 'NONE',  ( 1.074105654929635900, -0.2378302823617403600, 1.300837494889633300 ) ) ;
#2519 = LINE ( 'NONE', #5795, #496 ) ;
#2520 = EDGE_CURVE ( 'NONE', #5524, #132, #5907, .T. ) ;
#2521 = APPLICATION_PROTOCOL_DEFINITION ( 'draft international standard', 'automotive_design', 1998, #8527 ) ;
#2522 = ORIENTED_EDGE ( 'NONE', *, *, #1923, .T. ) ;
#2523 = DIRECTION ( 'NONE',  ( 1.000000000000000000, 0.0000000000000000000, 0.0000000000000000000 ) ) ;
#2524 = VECTOR ( 'NONE', #1759, 999.9999999999998900 ) ;
#2525 = CARTESIAN_POINT ( 'NONE',  ( 2.199999999999988600, 4.915250744231022900, 6.191650734937880400E-006 ) ) ;
#2526 = ORIENTED_EDGE ( 'NONE', *, *, #3952, .F. ) ;
#2527 = DIRECTION ( 'NONE',  ( 0.7071067811865390200, 0.7071067811865561200, -1.047705889746656300E-030 ) ) ;
#2528 = ADVANCED_FACE ( 'NONE', ( #8095 ), #7989, .F. ) ;
#2529 = VECTOR ( 'NONE', #3272, 999.9999999999998900 ) ;
#2530 = ORIENTED_EDGE ( 'NONE', *, *, #5016, .T. ) ;
#2531 = CARTESIAN_POINT ( 'NONE',  ( 1.335999707505683500, -2.120888234622744200, 1.305000000000012600 ) ) ;
#2532 = FACE_OUTER_BOUND ( 'NONE', #8082, .T. ) ;
#2533 = CARTESIAN_POINT ( 'NONE',  ( -3.598400220000000200E-032, -2.158191010000000100E-032, 0.9999999999999879000 ) ) ;
#2534 = CARTESIAN_POINT ( 'NONE',  ( 1.522041902291842600, -1.700618003610023400, 1.104999999999999500 ) ) ;
#2535 = AXIS2_PLACEMENT_3D ( 'NONE', #5568, #6918, #2465 ) ;
#2536 = ORIENTED_EDGE ( 'NONE', *, *, #4332, .T. ) ;
#2537 = DIRECTION ( 'NONE',  ( 0.7071067811865436900, 0.7071067811865513500, 0.0000000000000000000 ) ) ;
#2538 = LINE ( 'NONE', #812, #8247 ) ;
#2539 = EDGE_LOOP ( 'NONE', ( #7040, #6470, #1201, #2130 ) ) ;
#2540 = ADVANCED_FACE ( 'NONE', ( #3215 ), #5788, .T. ) ;
#2541 = AXIS2_PLACEMENT_3D ( 'NONE', #5764, #7288, #5096 ) ;
#2542 = LINE ( 'NONE', #2108, #883 ) ;
#2543 = VERTEX_POINT ( 'NONE', #8924 ) ;
#2544 = ORIENTED_EDGE ( 'NONE', *, *, #1170, .F. ) ;
#2545 = EDGE_CURVE ( 'NONE', #1275, #2899, #6150, .T. ) ;
#2546 = ORIENTED_EDGE ( 'NONE', *, *, #8132, .T. ) ;
#2547 = CARTESIAN_POINT ( 'NONE',  ( -1.600000000000001000, 5.202565240273880700, 0.6995986401513055700 ) ) ;
#2548 = CARTESIAN_POINT ( 'NONE',  ( 5.013767464732366900, 1.400000000000013500, 0.1833193398174324000 ) ) ;
#2549 = AXIS2_PLACEMENT_3D ( 'NONE', #1794, #9187, #212 ) ;
#2550 = VECTOR ( 'NONE', #1507, 1000.000000000000200 ) ;
#2551 = LINE ( 'NONE', #6617, #2446 ) ;
#2552 = ORIENTED_EDGE ( 'NONE', *, *, #5648, .T. ) ;
#2553 = DIRECTION ( 'NONE',  ( -0.7071067811865380200, -0.7071067811865571200, 0.0000000000000000000 ) ) ;
#2554 = B_SPLINE_CURVE_WITH_KNOTS ( 'NONE', 3,
 ( #1611, #186, #940, #5451 ),
 .UNSPECIFIED., .F., .F.,
 ( 4, 4 ),
 ( 0.0000000000000000000, 1.000000000000000000 ),
 .UNSPECIFIED. ) ;
#2555 = APPLICATION_CONTEXT ( 'automotive_design' ) ;
#2556 = CARTESIAN_POINT ( 'NONE',  ( 2.136543011366888800, -1.341237379309588400, 1.305022641003709100 ) ) ;
#2557 = EDGE_CURVE ( 'NONE', #721, #8754, #1202, .T. ) ;
#2558 = LINE ( 'NONE', #4695, #3381 ) ;
#2559 = EDGE_LOOP ( 'NONE', ( #6971, #189, #8455, #5234 ) ) ;
#2560 = CARTESIAN_POINT ( 'NONE',  ( 1.336355922919952200, -2.121244450037015600, 1.305000000000012600 ) ) ;
#2561 = EDGE_CURVE ( 'NONE', #4283, #6891, #2971, .T. ) ;
#2562 = CARTESIAN_POINT ( 'NONE',  ( -0.1342688033017794800, 1.091798214748219700, 1.211983254747868600 ) ) ;
#2563 = EDGE_CURVE ( 'NONE', #4736, #8655, #3969, .T. ) ;
#2564 = CARTESIAN_POINT ( 'NONE',  ( 4.915210145269370800, 0.8000000000000006000, 0.1000049467274789600 ) ) ;
#2565 = DIRECTION ( 'NONE',  ( -0.7071067811865531200, 0.7071067811865420200, 2.030905000000000100E-034 ) ) ;
#2566 = VECTOR ( 'NONE', #8174, 1000.000000000000000 ) ;
#2567 = DIRECTION ( 'NONE',  ( 1.000000000000000000, -0.0000000000000000000, 0.0000000000000000000 ) ) ;
#2568 = FACE_OUTER_BOUND ( 'NONE', #3505, .T. ) ;
#2570 = VERTEX_POINT ( 'NONE', #3846 ) ;
#2569 = CARTESIAN_POINT ( 'NONE',  ( -1.307775534087831600, -2.269440756501548900, 1.210328682473014800 ) ) ;
#2571 = LINE ( 'NONE', #2607, #1506 ) ;
#2572 = ORIENTED_EDGE ( 'NONE', *, *, #9673, .T. ) ;
#2573 = EDGE_CURVE ( 'NONE', #2318, #5480, #8898, .T. ) ;
#2574 = ADVANCED_FACE ( 'NONE', ( #260 ), #8043, .F. ) ;
#2575 = CARTESIAN_POINT ( 'NONE',  ( -4.624228355337241000, -3.663063120169118800, -4.878909776184772900E-016 ) ) ;
#2576 = B_SPLINE_CURVE_WITH_KNOTS ( 'NONE', 3,
 ( #9393, #380, #5640, #1894 ),
 .UNSPECIFIED., .F., .F.,
 ( 4, 4 ),
 ( 0.0000000000000000000, 0.1103473001193866900 ),
 .UNSPECIFIED. ) ;
#2577 = CARTESIAN_POINT ( 'NONE',  ( 1.600000000000026300, -4.959200009505009300, 6.462537199153296700E-005 ) ) ;
#2578 = ORIENTED_EDGE ( 'NONE', *, *, #8713, .T. ) ;
#2579 =( NAMED_UNIT ( * ) SI_UNIT ( $, .STERADIAN. ) SOLID_ANGLE_UNIT ( ) );
#2580 = EDGE_CURVE ( 'NONE', #4131, #4835, #6708, .T. ) ;
#2581 = CARTESIAN_POINT ( 'NONE',  ( 0.0000000000000000000, 0.0000000000000000000, 0.0000000000000000000 ) ) ;
#2583 = AXIS2_PLACEMENT_3D ( 'NONE', #5903, #9525, #506 ) ;
#2582 = VECTOR ( 'NONE', #9510, 1000.000000000000000 ) ;
#2584 = B_SPLINE_CURVE_WITH_KNOTS ( 'NONE', 3,
 ( #4151, #286, #4878, #1115 ),
 .UNSPECIFIED., .F., .F.,
 ( 4, 4 ),
 ( 0.8896712166675560000, 1.000000000000000000 ),
 .UNSPECIFIED. ) ;
#2585 = LINE ( 'NONE', #4271, #2816 ) ;
#2586 = ADVANCED_FACE ( 'NONE', ( #4983 ), #203, .T. ) ;
#2587 = CARTESIAN_POINT ( 'NONE',  ( 4.915210145269370800, 1.400000000000013500, 0.1000049467274789400 ) ) ;
#2588 = CARTESIAN_POINT ( 'NONE',  ( 2.200000000000039300, -4.800000000000002500, 1.972523996270000100E-005 ) ) ;
#2589 = ORIENTED_EDGE ( 'NONE', *, *, #5779, .F. ) ;
#2590 = FACE_OUTER_BOUND ( 'NONE', #8712, .T. ) ;
#2591 = PLANE ( 'NONE',  #7550 ) ;
#2592 = DIRECTION ( 'NONE',  ( 0.7071067811865458000, -0.7071067811865492400, 0.0000000000000000000 ) ) ;
#2593 = DIRECTION ( 'NONE',  ( 0.0000000000000000000, 0.0000000000000000000, 1.000000000000000000 ) ) ;
#2594 = DIRECTION ( 'NONE',  ( 0.0000000000000000000, 0.0000000000000000000, -1.000000000000000000 ) ) ;
#2595 = CARTESIAN_POINT ( 'NONE',  ( -1.338995120852489700, 2.108180815066485800, 1.301202091463579800 ) ) ;
#2596 = CARTESIAN_POINT ( 'NONE',  ( -0.3250831137921622600, 1.463525031502528600, 1.024999999999989500 ) ) ;
#2597 = STYLED_ITEM ( 'NONE', ( #9046 ), #8549 ) ;
#2598 = ORIENTED_EDGE ( 'NONE', *, *, #83, .F. ) ;
#2599 = ORIENTED_EDGE ( 'NONE', *, *, #768, .T. ) ;
#2600 = VECTOR ( 'NONE', #6334, 1000.000000000000000 ) ;
#2601 = CARTESIAN_POINT ( 'NONE',  ( -1.316041724959186900, 2.215528884367392100, 1.275371054342260500 ) ) ;
#2602 = ORIENTED_EDGE ( 'NONE', *, *, #3843, .T. ) ;
#2603 = ORIENTED_EDGE ( 'NONE', *, *, #6896, .T. ) ;
#2604 = CARTESIAN_POINT ( 'NONE',  ( -1.600000000000001000, 4.915210145269370800, 0.1000061834093414800 ) ) ;
#2605 = PLANE ( 'NONE',  #2336 ) ;
#2606 = ORIENTED_EDGE ( 'NONE', *, *, #1434, .T. ) ;
#2607 = CARTESIAN_POINT ( 'NONE',  ( -5.041451075190003000, 1.399999999999962600, 0.1000405990071242000 ) ) ;
#2608 = VERTEX_POINT ( 'NONE', #6128 ) ;
#2609 = DIRECTION ( 'NONE',  ( 0.0000000000000000000, 0.0000000000000000000, 1.000000000000000000 ) ) ;
#2610 = ORIENTED_EDGE ( 'NONE', *, *, #6823, .F. ) ;
#2611 = EDGE_CURVE ( 'NONE', #4596, #2477, #3392, .T. ) ;
#2612 = VERTEX_POINT ( 'NONE', #3980 ) ;
#2613 = B_SPLINE_CURVE_WITH_KNOTS ( 'NONE', 3,
 ( #9034, #7526, #3789, #22, #5368, #4582 ),
 .UNSPECIFIED., .F., .F.,
 ( 4, 2, 4 ),
 ( 0.0000000000000000000, 0.4999999999999986700, 1.000000000000000000 ),
 .UNSPECIFIED. ) ;
#2614 = AXIS2_PLACEMENT_3D ( 'NONE', #6904, #5374, #7470 ) ;
#2615 = VERTEX_POINT ( 'NONE', #3879 ) ;
#2616 = ORIENTED_EDGE ( 'NONE', *, *, #7358, .T. ) ;
#2617 = CARTESIAN_POINT ( 'NONE',  ( 0.3000000000000192000, -5.109556728779593500, 0.1666719549468632900 ) ) ;
#2618 = LINE ( 'NONE', #2604, #5328 ) ;
#2619 = VERTEX_POINT ( 'NONE', #5474 ) ;
#2620 = EDGE_CURVE ( 'NONE', #6450, #723, #8279, .T. ) ;
#2621 = VERTEX_POINT ( 'NONE', #1655 ) ;
#2622 = B_SPLINE_CURVE_WITH_KNOTS ( 'NONE', 3,
 ( #9158, #3230, #2443, #8416, #3196, #8391 ),
 .UNSPECIFIED., .F., .F.,
 ( 4, 2, 4 ),
 ( 0.0000000000000000000, 0.5000000000000000000, 1.000000000000000000 ),
 .UNSPECIFIED. ) ;
#2623 = DIRECTION ( 'NONE',  ( -0.0000000000000000000, -1.000000000000000000, -0.0000000000000000000 ) ) ;
#2624 = VECTOR ( 'NONE', #8086, 1000.000000000000000 ) ;
#2625 = ORIENTED_EDGE ( 'NONE', *, *, #8798, .T. ) ;
#2626 = ORIENTED_EDGE ( 'NONE', *, *, #5750, .F. ) ;
#2627 = CARTESIAN_POINT ( 'NONE',  ( 2.982099559921759500, -4.900000000000010100, 6.765127626281661200E-006 ) ) ;
#2628 = DIRECTION ( 'NONE',  ( -0.7071067811865041600, 0.7071067811865909800, 0.0000000000000000000 ) ) ;
#2629 = DIRECTION ( 'NONE',  ( -0.7071067811865520100, 0.7071067811865431300, 2.030905000000000100E-034 ) ) ;
#2630 = CARTESIAN_POINT ( 'NONE',  ( -4.624228355337241000, -3.663063120169118800, -4.878909776184772900E-016 ) ) ;
#2631 = LINE ( 'NONE', #5059, #4287 ) ;
#2632 = ORIENTED_EDGE ( 'NONE', *, *, #8568, .F. ) ;
#2633 = ORIENTED_EDGE ( 'NONE', *, *, #4980, .F. ) ;
#2634 = CARTESIAN_POINT ( 'NONE',  ( 1.467719826306851600, 0.3292779085965360500, 1.024999999999989500 ) ) ;
#2635 = EDGE_CURVE ( 'NONE', #3559, #5478, #5393, .T. ) ;
#2636 = CARTESIAN_POINT ( 'NONE',  ( -1.310451491112230900, 2.248729768099566600, 1.242781984781610400 ) ) ;
#2637 = LINE ( 'NONE', #9669, #5917 ) ;
#2638 = ADVANCED_FACE ( 'NONE', ( #2568 ), #904, .F. ) ;
#2639 = CARTESIAN_POINT ( 'NONE',  ( -2.199999999999963300, -4.912360891846019800, 0.2000456256479027900 ) ) ;
#2640 = ORIENTED_EDGE ( 'NONE', *, *, #8679, .F. ) ;
#2641 = DIRECTION ( 'NONE',  ( -0.7071067811865390200, -0.7071067811865561200, 5.421010862427762800E-016 ) ) ;
#2642 = B_SPLINE_CURVE_WITH_KNOTS ( 'NONE', 3,
 ( #6047, #1504, #2407, #121 ),
 .UNSPECIFIED., .F., .F.,
 ( 4, 4 ),
 ( 0.0000000000000000000, 1.000000000000000000 ),
 .UNSPECIFIED. ) ;
#2643 = EDGE_CURVE ( 'NONE', #1712, #623, #3870, .T. ) ;
#2644 = LINE ( 'NONE', #2509, #1695 ) ;
#2645 = ORIENTED_EDGE ( 'NONE', *, *, #9148, .T. ) ;
#2646 = CARTESIAN_POINT ( 'NONE',  ( 4.482806999099937100, -3.804484476406421000, 0.2000000000000128100 ) ) ;
#2647 = CARTESIAN_POINT ( 'NONE',  ( 1.311720677934310900, 2.215556438197519900, 1.305000000000012600 ) ) ;
#2648 = CYLINDRICAL_SURFACE ( 'NONE', #8506, 0.1000000000000063900 ) ;
#2649 = ORIENTED_EDGE ( 'NONE', *, *, #1090, .T. ) ;
#2650 = CARTESIAN_POINT ( 'NONE',  ( 0.9709989722272242000, 0.5168761901400376100, 1.104999999999999500 ) ) ;
#2651 = UNCERTAINTY_MEASURE_WITH_UNIT (LENGTH_MEASURE( 1.000000000000000100E-005 ), #6169, 'distance_accuracy_value', 'NONE');
#2652 = VECTOR ( 'NONE', #661, 1000.000000000000200 ) ;
#2653 = EDGE_LOOP ( 'NONE', ( #700, #4337, #1457, #8763 ) ) ;
#2654 = CARTESIAN_POINT ( 'NONE',  ( 2.199999999999988600, 4.905070048420899600, 0.1000020666307042300 ) ) ;
#2655 = FACE_OUTER_BOUND ( 'NONE', #6014, .T. ) ;
#2656 = VECTOR ( 'NONE', #3510, 1000.000000000000100 ) ;
#2657 = VERTEX_POINT ( 'NONE', #4604 ) ;
#2658 = EDGE_LOOP ( 'NONE', ( #62, #3086, #5309, #3926 ) ) ;
#2659 = VERTEX_POINT ( 'NONE', #5388 ) ;
#2660 = ORIENTED_EDGE ( 'NONE', *, *, #2635, .T. ) ;
#2661 = CARTESIAN_POINT ( 'NONE',  ( -1.307505891933041100, -2.271553531086989400, 1.008333333369677800 ) ) ;
#2663 = VECTOR ( 'NONE', #2822, 1000.000000000000200 ) ;
#2662 = CARTESIAN_POINT ( 'NONE',  ( -2.199999999999988600, 5.112365383199167100, 0.1666325044669145200 ) ) ;
#2664 = ORIENTED_EDGE ( 'NONE', *, *, #1290, .F. ) ;
#2665 = DIRECTION ( 'NONE',  ( -0.0000000000000000000, -0.0000000000000000000, 1.000000000000000000 ) ) ;
#2666 = AXIS2_PLACEMENT_3D ( 'NONE', #3760, #4381, #8938 ) ;
#2667 = LINE ( 'NONE', #6174, #5375 ) ;
#2668 = EDGE_LOOP ( 'NONE', ( #23, #9573, #6490, #4785, #9569, #3308, #8062, #7384 ) ) ;
#2669 = ORIENTED_EDGE ( 'NONE', *, *, #4608, .F. ) ;
#2670 = ORIENTED_EDGE ( 'NONE', *, *, #4344, .T. ) ;
#2671 = CARTESIAN_POINT ( 'NONE',  ( 3.373149339882544500, 4.900000000000009200, 0.9999999999999879000 ) ) ;
#2672 = DIRECTION ( 'NONE',  ( -0.0004059900380430000700, 0.0000000000000000000, -0.9999999175860412300 ) ) ;
#2673 = CARTESIAN_POINT ( 'NONE',  ( -2.122978372949802400, -1.335457662556706700, 1.305000000000012600 ) ) ;
#2674 = PLANE ( 'NONE',  #2915 ) ;
#2675 = B_SPLINE_CURVE_WITH_KNOTS ( 'NONE', 3,
 ( #8682, #5714, #545, #9492 ),
 .UNSPECIFIED., .F., .F.,
 ( 4, 4 ),
 ( 0.0000000000000000000, 1.000000000000000000 ),
 .UNSPECIFIED. ) ;
#2676 = CARTESIAN_POINT ( 'NONE',  ( 0.2999999999999938300, 4.900000000000009200, 0.03333333333333547700 ) ) ;
#2677 = VECTOR ( 'NONE', #6655, 1000.000000000000000 ) ;
#2678 =( GEOMETRIC_REPRESENTATION_CONTEXT ( 3 ) GLOBAL_UNCERTAINTY_ASSIGNED_CONTEXT ( ( #206 ) ) GLOBAL_UNIT_ASSIGNED_CONTEXT ( ( #6251, #6287, #326 ) ) REPRESENTATION_CONTEXT ( 'NONE', 'WORKASPACE' ) );
#2679 = CARTESIAN_POINT ( 'NONE',  ( 1.298819703932382100, -2.409490612559253900, 1.305000000000012600 ) ) ;
#2680 = EDGE_CURVE ( 'NONE', #654, #7428, #2453, .T. ) ;
#2681 = LINE ( 'NONE', #8166, #2064 ) ;
#2682 = ADVANCED_FACE ( 'NONE', ( #2329 ), #8384, .T. ) ;
#2683 = AXIS2_PLACEMENT_3D ( 'NONE', #6374, #7151, #2553 ) ;
#2684 = CARTESIAN_POINT ( 'NONE',  ( -3.499391409949214300, 2.400010496209345100, 0.9000000000000069100 ) ) ;
#2685 = CIRCLE ( 'NONE', #9442, 1.399999999999988100 ) ;
#2686 = CARTESIAN_POINT ( 'NONE',  ( 0.0000000000000000000, 0.0000000000000000000, 1.350000000000010300 ) ) ;
#2687 = EDGE_CURVE ( 'NONE', #2390, #831, #786, .T. ) ;
#2688 = LINE ( 'NONE', #679, #71 ) ;
#2689 = ADVANCED_FACE ( 'NONE', ( #6779 ), #6221, .T. ) ;
#2690 = PLANE ( 'NONE',  #5049 ) ;
#2691 = EDGE_CURVE ( 'NONE', #1515, #2543, #7634, .T. ) ;
#2692 = DIRECTION ( 'NONE',  ( 0.0000000000000000000, -0.0000000000000000000, 1.000000000000000000 ) ) ;
#2693 = VECTOR ( 'NONE', #2392, 1000.000000000000000 ) ;
#2694 = ORIENTED_EDGE ( 'NONE', *, *, #3452, .F. ) ;
#2695 = B_SPLINE_CURVE_WITH_KNOTS ( 'NONE', 3,
 ( #5067, #2059, #7362, #570, #9526, #5103, #2508, #7772, #4803, #6618, #7012, #3728, #713, #3626, #653, #7430, #2963, #9596 ),
 .UNSPECIFIED., .F., .F.,
 ( 4, 2, 2, 2, 2, 2, 2, 2, 4 ),
 ( 0.03968901016185175100, 0.1597278838916205700, 0.2797667576213893600, 0.3998056313511582100, 0.5198445050809268300, 0.6398833788106951200, 0.7599222525404634200, 0.8799611262702317100, 1.000000000000000000 ),
 .UNSPECIFIED. ) ;
#2696 = EDGE_CURVE ( 'NONE', #6149, #747, #8375, .T. ) ;
#2697 = CARTESIAN_POINT ( 'NONE',  ( -4.912401490849809700, -1.400000000000038800, 0.1000456338892762700 ) ) ;
#2698 = DIRECTION ( 'NONE',  ( 9.895244941485102300E-017, 1.903455370793504400E-017, 1.000000000000000000 ) ) ;
#2699 = FACE_OUTER_BOUND ( 'NONE', #6359, .T. ) ;
#2700 = DIRECTION ( 'NONE',  ( 0.7071067811865520100, 0.7071067811865430200, 0.0000000000000000000 ) ) ;
#2701 = DIRECTION ( 'NONE',  ( 0.0000000000000000000, 0.0000000000000000000, 1.000000000000000000 ) ) ;
#2702 = EDGE_CURVE ( 'NONE', #9503, #8790, #87, .T. ) ;
#2703 = PLANE ( 'NONE',  #6011 ) ;
#2704 = DIRECTION ( 'NONE',  ( -1.000000000000000000, 0.0000000000000000000, 0.0000000000000000000 ) ) ;
#2705 = CARTESIAN_POINT ( 'NONE',  ( -0.7565990870647889600, 0.04407730304476040900, 1.180000000000004400 ) ) ;
#2706 = EDGE_CURVE ( 'NONE', #7725, #5200, #2202, .T. ) ;
#2707 = ORIENTED_EDGE ( 'NONE', *, *, #5442, .T. ) ;
#2708 = LINE ( 'NONE', #9274, #2223 ) ;
#2709 = CARTESIAN_POINT ( 'NONE',  ( -4.900000000000009200, 3.373149339882620900, 0.9999999999999879000 ) ) ;
#2710 = CARTESIAN_POINT ( 'NONE',  ( -4.959200009505009300, 1.399999999999962800, 6.462537196616263600E-005 ) ) ;
#2711 = MECHANICAL_DESIGN_GEOMETRIC_PRESENTATION_REPRESENTATION (  '', ( #9064 ), #2905 ) ;
#2712 = VERTEX_POINT ( 'NONE', #1748 ) ;
#2713 = EDGE_LOOP ( 'NONE', ( #8536, #3227, #3989, #2871, #710, #2964, #1246, #5111, #9137, #4194, #44, #7055, #30, #7901, #2962, #2229, #7045, #4372, #2901, #4367, #4851, #4296, #888, #8407, #1711, #2497, #8316, #3913, #6263, #3433, #7966, #5517, #5015, #6996, #8936, #1124, #1281, #8461, #6746, #993 ) ) ;
#2714 = CYLINDRICAL_SURFACE ( 'NONE', #8292, 0.1999999999999874100 ) ;
#2715 = ORIENTED_EDGE ( 'NONE', *, *, #5191, .F. ) ;
#2716 = DIRECTION ( 'NONE',  ( 0.0000000000000000000, 0.0000000000000000000, 1.000000000000000000 ) ) ;
#2717 = CARTESIAN_POINT ( 'NONE',  ( 1.600000000000026300, -5.109556728779593500, 0.1666719549468633200 ) ) ;
#2718 = ORIENTED_EDGE ( 'NONE', *, *, #5471, .F. ) ;
#2719 = ORIENTED_EDGE ( 'NONE', *, *, #1416, .T. ) ;
#2720 = CARTESIAN_POINT ( 'NONE',  ( 0.3844996949045076400, 1.346164917318196700, 1.350000000000010300 ) ) ;
#2721 = CARTESIAN_POINT ( 'NONE',  ( 1.600000000000001000, 5.202565240273884200, 0.6995986401513049100 ) ) ;
#2722 = EDGE_LOOP ( 'NONE', ( #9111, #8374 ) ) ;
#2723 = ORIENTED_EDGE ( 'NONE', *, *, #3403, .T. ) ;
#2724 = DIRECTION ( 'NONE',  ( -1.000000000000000000, 0.0000000000000000000, -0.0000000000000000000 ) ) ;
#2725 = DIRECTION ( 'NONE',  ( 1.000000000000000000, 0.0000000000000000000, 0.0000000000000000000 ) ) ;
#2726 = AXIS2_PLACEMENT_3D ( 'NONE', #7265, #1959, #2827 ) ;
#2727 = EDGE_CURVE ( 'NONE', #38, #4488, #5850, .T. ) ;
#2728 = CARTESIAN_POINT ( 'NONE',  ( 3.663063120169089100, -4.624228355337263200, 0.9999999999999879000 ) ) ;
#2729 = CARTESIAN_POINT ( 'NONE',  ( -1.599999999999995900, 4.915210145269370800, 0.1000049467274789600 ) ) ;
#2730 = EDGE_LOOP ( 'NONE', ( #9171, #677, #1660, #240, #6173 ) ) ;
#2731 = DIRECTION ( 'NONE',  ( 0.7071067811865876500, 0.7071067811865073800, -0.0000000000000000000 ) ) ;
#2732 = DIRECTION ( 'NONE',  ( -0.0000000000000000000, -1.000000000000000000, -0.0000000000000000000 ) ) ;
#2733 = ADVANCED_FACE ( 'NONE', ( #428 ), #1029, .T. ) ;
#2734 = B_SPLINE_CURVE_WITH_KNOTS ( 'NONE', 3,
 ( #8553, #3360, #7752, #1895, #1860, #5580, #9296, #4090, #4839, #1077, #7173, #3422, #6333, #3297, #2569, #8487 ),
 .UNSPECIFIED., .F., .F.,
 ( 4, 2, 2, 2, 2, 2, 2, 4 ),
 ( 0.0000000000000000000, 0.1250000000000078300, 0.1875000000000084700, 0.2500000000000091000, 0.3750000000000047200, 0.4375000000000022800, 0.4999999999999998900, 1.000000000000000000 ),
 .UNSPECIFIED. ) ;
#2735 = CARTESIAN_POINT ( 'NONE',  ( 5.112365383199167100, -0.8000000000000004900, 0.1666325044669145200 ) ) ;
#2736 = AXIS2_PLACEMENT_3D ( 'NONE', #931, #6886, #3251 ) ;
#2737 = PLANE ( 'NONE',  #3613 ) ;
#2738 = CYLINDRICAL_SURFACE ( 'NONE', #4756, 1.099999999999994500 ) ;
#2739 = ORIENTED_EDGE ( 'NONE', *, *, #3978, .F. ) ;
#2740 = CARTESIAN_POINT ( 'NONE',  ( -3.804484476406383200, -4.482806999099951300, 0.9999999999999879000 ) ) ;
#2741 = ORIENTED_EDGE ( 'NONE', *, *, #7701, .F. ) ;
#2742 = EDGE_LOOP ( 'NONE', ( #1197, #2530, #3599, #5766, #4521, #7788, #1986 ) ) ;
#2743 = EDGE_CURVE ( 'NONE', #9350, #9335, #4719, .T. ) ;
#2744 = FACE_OUTER_BOUND ( 'NONE', #1205, .T. ) ;
#2745 = VERTEX_POINT ( 'NONE', #9180 ) ;
#2746 = CARTESIAN_POINT ( 'NONE',  ( -2.280919584729702400, -1.315834796693486900, 1.000003574505851500 ) ) ;
#2747 = ORIENTED_EDGE ( 'NONE', *, *, #671, .T. ) ;
#2748 = LINE ( 'NONE', #1343, #8571 ) ;
#2749 = EDGE_CURVE ( 'NONE', #7227, #3423, #9100, .T. ) ;
#2750 = ORIENTED_EDGE ( 'NONE', *, *, #7696, .T. ) ;
#2751 = CARTESIAN_POINT ( 'NONE',  ( 1.317943778447295400, 2.205087456297067500, 1.282042296651624500 ) ) ;
#2752 = VERTEX_POINT ( 'NONE', #310 ) ;
#2753 = FILL_AREA_STYLE ('',( #4361 ) ) ;
#2754 = CARTESIAN_POINT ( 'NONE',  ( 2.614721060899722400, 3.293043583593275900, 0.2000000000000130000 ) ) ;
#2755 = CARTESIAN_POINT ( 'NONE',  ( -3.373149339882620900, 4.900000000000009200, 0.9000000000000069100 ) ) ;
#2756 = VECTOR ( 'NONE', #7939, 1000.000000000000000 ) ;
#2757 = CARTESIAN_POINT ( 'NONE',  ( 1.125560258495300800, 0.6714374764081120200, 1.230000000000007800 ) ) ;
#2758 = ORIENTED_EDGE ( 'NONE', *, *, #8344, .F. ) ;
#2759 = CARTESIAN_POINT ( 'NONE',  ( -0.1305592434984413900, -1.092224465912159400, 1.350000000000010300 ) ) ;
#2760 = CARTESIAN_POINT ( 'NONE',  ( 5.104279421440372400, 1.400000000000013500, 0.1188547814012388300 ) ) ;
#2761 = DIRECTION ( 'NONE',  ( 0.7071067811865520100, 0.7071067811865431300, 1.047315000000000100E-031 ) ) ;
#2762 = EDGE_CURVE ( 'NONE', #2312, #715, #5461, .T. ) ;
#2763 = CARTESIAN_POINT ( 'NONE',  ( 2.445007224288389100, 1.305107341172108400, 0.8999999999999978000 ) ) ;
#2764 = VECTOR ( 'NONE', #8396, 1000.000000000000000 ) ;
#2765 = EDGE_LOOP ( 'NONE', ( #9222, #8900, #2380, #6633, #5793, #4615, #962, #8361 ) ) ;
#2766 = CARTESIAN_POINT ( 'NONE',  ( 0.2628539873737367200, 1.068132848986816900, 1.304165683834841700 ) ) ;
#2767 = DIRECTION ( 'NONE',  ( 0.0000000000000000000, 0.0000000000000000000, -1.000000000000000000 ) ) ;
#2768 = LINE ( 'NONE', #140, #8811 ) ;
#2769 = CARTESIAN_POINT ( 'NONE',  ( -2.199999999999963300, 4.900000000000009200, 0.03333333333333547700 ) ) ;
#2770 = CYLINDRICAL_SURFACE ( 'NONE', #311, 1.399999999999989300 ) ;
#2771 = VERTEX_POINT ( 'NONE', #2564 ) ;
#2772 = EDGE_CURVE ( 'NONE', #3292, #6234, #163, .T. ) ;
#2773 = AXIS2_PLACEMENT_3D ( 'NONE', #2671, #5607, #4917 ) ;
#2774 = CARTESIAN_POINT ( 'NONE',  ( 2.222872190718555800, 1.323636238648759700, 1.275520813870422400 ) ) ;
#2775 = ORIENTED_EDGE ( 'NONE', *, *, #3434, .F. ) ;
#2776 = DIRECTION ( 'NONE',  ( -1.000000000000000000, -0.0000000000000000000, 0.0000000000000000000 ) ) ;
#2777 = LINE ( 'NONE', #8578, #8710 ) ;
#2778 = ORIENTED_EDGE ( 'NONE', *, *, #5213, .T. ) ;
#2779 = DIRECTION ( 'NONE',  ( 0.0000000000000000000, 0.0000000000000000000, 1.000000000000000000 ) ) ;
#2780 = ORIENTED_EDGE ( 'NONE', *, *, #8231, .T. ) ;
#2781 = ORIENTED_EDGE ( 'NONE', *, *, #4370, .F. ) ;
#2782 = ADVANCED_FACE ( 'NONE', ( #4577 ), #5486, .T. ) ;
#2783 = DIRECTION ( 'NONE',  ( -1.000000000000000000, -0.0000000000000000000, -0.0000000000000000000 ) ) ;
#2784 = LINE ( 'NONE', #8331, #529 ) ;
#2785 = DIRECTION ( 'NONE',  ( 0.0000000000000000000, 0.0000000000000000000, 1.000000000000000000 ) ) ;
#2786 = AXIS2_PLACEMENT_3D ( 'NONE', #7475, #3154, #8307 ) ;
#2787 = LINE ( 'NONE', #8808, #3737 ) ;
#2788 = CARTESIAN_POINT ( 'NONE',  ( 3.663063120169089100, -4.624228355337263200, 0.9745999999999879200 ) ) ;
#2789 = CARTESIAN_POINT ( 'NONE',  ( -0.3844996949045082500, -1.346164917318196900, 1.024999999999989500 ) ) ;
#2790 = CARTESIAN_POINT ( 'NONE',  ( -5.101158667387509600, -0.8000000000000258000, 0.7163249259817547900 ) ) ;
#2791 = CARTESIAN_POINT ( 'NONE',  ( -0.3844996949044848200, 1.346164917318203100, 1.016576877332253000 ) ) ;
#2792 = AXIS2_PLACEMENT_3D ( 'NONE', #8329, #887, #6953 ) ;
#2793 = CARTESIAN_POINT ( 'NONE',  ( -1.599999999999975900, -4.899999995880150100, 2.142290222297503300E-005 ) ) ;
#2794 = LINE ( 'NONE', #2389, #4563 ) ;
#2795 = CARTESIAN_POINT ( 'NONE',  ( 0.05937504862660200600, 0.7662941579929216700, 1.180000000000004400 ) ) ;
#2796 = ORIENTED_EDGE ( 'NONE', *, *, #8411, .T. ) ;
#2797 = CARTESIAN_POINT ( 'NONE',  ( 2.291061568720872600, -1.314796509212421000, 0.9746004651289742500 ) ) ;
#2798 = B_SPLINE_CURVE_WITH_KNOTS ( 'NONE', 3,
 ( #6885, #2284, #1596, #1627 ),
 .UNSPECIFIED., .F., .F.,
 ( 4, 4 ),
 ( 0.9276388658663831100, 1.000000000000000000 ),
 .UNSPECIFIED. ) ;
#2799 = CARTESIAN_POINT ( 'NONE',  ( 5.104279421440372400, -0.8000000000000004900, 0.1188547814012388300 ) ) ;
#2800 = CARTESIAN_POINT ( 'NONE',  ( 4.915250744231022900, -1.399999999999988100, 6.191650727504161700E-006 ) ) ;
#2801 = EDGE_CURVE ( 'NONE', #9412, #6463, #4808, .T. ) ;
#2802 = FACE_OUTER_BOUND ( 'NONE', #2254, .T. ) ;
#2803 = VECTOR ( 'NONE', #6197, 1000.000000000000000 ) ;
#2804 = AXIS2_PLACEMENT_3D ( 'NONE', #5556, #6411, #1026 ) ;
#2805 = DIRECTION ( 'NONE',  ( 0.9859791846679073500, 0.0000000000000000000, -0.1668683535054161800 ) ) ;
#2806 = CARTESIAN_POINT ( 'NONE',  ( -3.499391409949214300, 2.400010496209345100, 0.9000000000000069100 ) ) ;
#2807 = LINE ( 'NONE', #517, #7254 ) ;
#2808 = EDGE_CURVE ( 'NONE', #215, #7428, #8387, .T. ) ;
#2809 = ORIENTED_EDGE ( 'NONE', *, *, #2743, .F. ) ;
#2810 = CARTESIAN_POINT ( 'NONE',  ( 2.199999999999988600, 4.910140096845134700, 0.1000041250200265100 ) ) ;
#2811 = PLANE ( 'NONE',  #5973 ) ;
#2812 = ORIENTED_EDGE ( 'NONE', *, *, #8003, .F. ) ;
#2813 = LINE ( 'NONE', #6023, #1970 ) ;
#2814 = EDGE_CURVE ( 'NONE', #8150, #856, #1677, .T. ) ;
#2815 = DIRECTION ( 'NONE',  ( 0.7071067811865384700, 0.7071067811865565700, 0.0000000000000000000 ) ) ;
#2816 = VECTOR ( 'NONE', #5700, 1000.000000000000100 ) ;
#2817 = CARTESIAN_POINT ( 'NONE',  ( 3.387351087874631400, 1.851825611315373700, 0.9000000000000070200 ) ) ;
#2818 = EDGE_LOOP ( 'NONE', ( #4607, #8512, #5943, #1291, #6791, #8934 ) ) ;
#2819 = CARTESIAN_POINT ( 'NONE',  ( -5.010958810312806700, -0.8000000000000258000, 0.1833587902973576300 ) ) ;
#2820 = ORIENTED_EDGE ( 'NONE', *, *, #865, .F. ) ;
#2821 = DIRECTION ( 'NONE',  ( 0.7071067811865520100, -0.7071067811865431300, 0.0000000000000000000 ) ) ;
#2822 = DIRECTION ( 'NONE',  ( 0.7071067811865453500, -0.7071067811865496800, 0.0000000000000000000 ) ) ;
#2823 = VERTEX_POINT ( 'NONE', #4804 ) ;
#2824 = EDGE_CURVE ( 'NONE', #8985, #72, #6428, .T. ) ;
#2825 = CARTESIAN_POINT ( 'NONE',  ( 4.899999999999986100, -0.7999999999999990500, 0.03333333333333028700 ) ) ;
#2826 = LINE ( 'NONE', #540, #811 ) ;
#2827 = DIRECTION ( 'NONE',  ( 0.0000000000000000000, 0.0000000000000000000, 1.000000000000000000 ) ) ;
#2828 = ADVANCED_FACE ( 'NONE', ( #552 ), #9157, .T. ) ;
#2829 = ORIENTED_EDGE ( 'NONE', *, *, #9303, .F. ) ;
#2830 = VERTEX_POINT ( 'NONE', #246 ) ;
#2831 = VECTOR ( 'NONE', #1737, 1000.000000000000100 ) ;
#2832 = CARTESIAN_POINT ( 'NONE',  ( -2.212286692523561800, 1.325384003858292200, 1.282162506929717600 ) ) ;
#2833 = ORIENTED_EDGE ( 'NONE', *, *, #5279, .F. ) ;
#2834 = ORIENTED_EDGE ( 'NONE', *, *, #285, .F. ) ;
#2835 = AXIS2_PLACEMENT_3D ( 'NONE', #8176, #2317, #8250 ) ;
#2836 = ORIENTED_EDGE ( 'NONE', *, *, #6367, .T. ) ;
#2837 = EDGE_LOOP ( 'NONE', ( #560, #2670, #6761, #2438, #3217, #7574 ) ) ;
#2838 = SURFACE_STYLE_USAGE ( .BOTH. , #8852 ) ;
#2839 = LINE ( 'NONE', #2134, #4621 ) ;
#2840 = CARTESIAN_POINT ( 'NONE',  ( -1.600000000000001000, 4.962008663924571300, 2.517489204069586700E-005 ) ) ;
#2841 = EDGE_LOOP ( 'NONE', ( #5790, #5553, #7563, #6044 ) ) ;
#2842 = AXIS2_PLACEMENT_3D ( 'NONE', #5219, #762, #3671 ) ;
#2843 = CARTESIAN_POINT ( 'NONE',  ( -2.199999999999963300, -4.900000000000010100, 4.059076573402305300E-005 ) ) ;
#2844 = ORIENTED_EDGE ( 'NONE', *, *, #1165, .F. ) ;
#2845 = ORIENTED_EDGE ( 'NONE', *, *, #3029, .F. ) ;
#2846 = CARTESIAN_POINT ( 'NONE',  ( 1.298800427932587300, 2.409490652248778000, 1.305000000000012600 ) ) ;
#2847 = PLANE ( 'NONE',  #6434 ) ;
#2848 = AXIS2_PLACEMENT_3D ( 'NONE', #1173, #2628, #6421 ) ;
#2849 = COLOUR_RGB ( '',0.2509803921568627400, 0.2509803921568627400, 0.2509803921568627400 ) ;
#2850 = ORIENTED_EDGE ( 'NONE', *, *, #5756, .T. ) ;
#2851 = EDGE_CURVE ( 'NONE', #3723, #3320, #1843, .T. ) ;
#2852 = CARTESIAN_POINT ( 'NONE',  ( -1.092224465912155400, 0.1305592434984660400, 0.9000000000000069100 ) ) ;
#2853 = CARTESIAN_POINT ( 'NONE',  ( 2.199999999999988600, 5.103967321807094700, 0.7162854755018253100 ) ) ;
#2854 = DIRECTION ( 'NONE',  ( -0.7071067811865540100, 0.7071067811865410200, 2.030905000000000100E-034 ) ) ;
#2855 = VERTEX_POINT ( 'NONE', #5573 ) ;
#2856 = B_SPLINE_CURVE_WITH_KNOTS ( 'NONE', 3,
 ( #5033, #6444, #1883, #3413 ),
 .UNSPECIFIED., .F., .F.,
 ( 4, 4 ),
 ( 0.0000000000000000000, 1.000000000000000000 ),
 .UNSPECIFIED. ) ;
#2857 = DIRECTION ( 'NONE',  ( 1.000000000000000000, -0.0000000000000000000, -0.0000000000000000000 ) ) ;
#2858 = CYLINDRICAL_SURFACE ( 'NONE', #5936, 0.1250000000000079900 ) ;
#2859 = B_SPLINE_CURVE_WITH_KNOTS ( 'NONE', 3,
 ( #8131, #9593, #1389, #5852, #5154, #8046 ),
 .UNSPECIFIED., .F., .F.,
 ( 4, 2, 4 ),
 ( 0.0000000000000000000, 0.5000000000000000000, 1.000000000000000000 ),
 .UNSPECIFIED. ) ;
#2860 = AXIS2_PLACEMENT_3D ( 'NONE', #6603, #3644, #5970 ) ;
#2861 = ORIENTED_EDGE ( 'NONE', *, *, #4074, .F. ) ;
#2862 = VERTEX_POINT ( 'NONE', #6328 ) ;
#2863 = CARTESIAN_POINT ( 'NONE',  ( -1.395131581694097200, 1.951792399350692500, 1.113696359771321000 ) ) ;
#2864 = CARTESIAN_POINT ( 'NONE',  ( 0.3263083717188837700, -1.052517521020312400, 1.297673315072096900 ) ) ;
#2865 = VECTOR ( 'NONE', #6563, 1000.000000000000000 ) ;
#2866 = ORIENTED_EDGE ( 'NONE', *, *, #6671, .F. ) ;
#2867 = CARTESIAN_POINT ( 'NONE',  ( -5.010958810312795100, -0.8000000000000258000, 0.1833587902973594600 ) ) ;
#2868 = VERTEX_POINT ( 'NONE', #4833 ) ;
#2869 = CARTESIAN_POINT ( 'NONE',  ( -2.128190694439434000, -1.343302167322367700, 1.305000000000012600 ) ) ;
#2870 = FACE_OUTER_BOUND ( 'NONE', #272, .T. ) ;
#2871 = ORIENTED_EDGE ( 'NONE', *, *, #5865, .T. ) ;
#2872 = EDGE_CURVE ( 'NONE', #7196, #8671, #6529, .T. ) ;
#2873 = FACE_OUTER_BOUND ( 'NONE', #6275, .T. ) ;
#2874 = ORIENTED_EDGE ( 'NONE', *, *, #2894, .T. ) ;
#2875 = EDGE_CURVE ( 'NONE', #6610, #129, #1620, .T. ) ;
#2876 = ADVANCED_FACE ( 'NONE', ( #4931 ), #7932, .T. ) ;
#2877 = CARTESIAN_POINT ( 'NONE',  ( 4.899999999999984400, 3.373149339882620000, 0.9745999999999879200 ) ) ;
#2878 = FACE_OUTER_BOUND ( 'NONE', #9204, .T. ) ;
#2879 = CARTESIAN_POINT ( 'NONE',  ( -2.398823671904402000, 2.409490608222226700, 0.9000000000000069100 ) ) ;
#2880 = VERTEX_POINT ( 'NONE', #8294 ) ;
#2881 = EDGE_CURVE ( 'NONE', #1275, #7093, #3983, .T. ) ;
#2882 = CARTESIAN_POINT ( 'NONE',  ( -2.277830346110250000, 1.316165123696558400, 1.024999999999989500 ) ) ;
#2883 = FACE_OUTER_BOUND ( 'NONE', #8036, .T. ) ;
#2884 = ORIENTED_EDGE ( 'NONE', *, *, #978, .F. ) ;
#2885 = DIRECTION ( 'NONE',  ( 0.1668683535052089300, -0.0000000000000000000, 0.9859791846679425400 ) ) ;
#2886 = LINE ( 'NONE', #1884, #6623 ) ;
#2887 = DIRECTION ( 'NONE',  ( 1.000000000000000000, -0.0000000000000000000, -0.0000000000000000000 ) ) ;
#2888 = VECTOR ( 'NONE', #5162, 1000.000000000000000 ) ;
#2889 = ORIENTED_EDGE ( 'NONE', *, *, #8411, .F. ) ;
#2890 = EDGE_LOOP ( 'NONE', ( #1353, #1780, #4044, #2265 ) ) ;
#2891 = EDGE_LOOP ( 'NONE', ( #230, #7736, #5787, #7644 ) ) ;
#2892 = CARTESIAN_POINT ( 'NONE',  ( -2.280918922848702600, 1.315834664482361100, 1.000003590185851700 ) ) ;
#2893 = DIRECTION ( 'NONE',  ( -0.7071067811865368000, -0.7071067811865583400, 0.0000000000000000000 ) ) ;
#2894 = EDGE_CURVE ( 'NONE', #3204, #4180, #7595, .T. ) ;
#2895 = DIRECTION ( 'NONE',  ( 0.0000000000000000000, 0.0000000000000000000, 1.000000000000000000 ) ) ;
#2896 = DIRECTION ( 'NONE',  ( -1.000000000000000000, 0.0000000000000000000, 0.0000000000000000000 ) ) ;
#2897 = CARTESIAN_POINT ( 'NONE',  ( 3.655992052357217600, -4.617157287525393400, 0.9745999999999878100 ) ) ;
#2898 = VECTOR ( 'NONE', #9321, 1000.000000000000000 ) ;
#2899 = VERTEX_POINT ( 'NONE', #6518 ) ;
#2900 = VECTOR ( 'NONE', #6266, 1000.000000000000000 ) ;
#2901 = ORIENTED_EDGE ( 'NONE', *, *, #2987, .T. ) ;
#2902 = CARTESIAN_POINT ( 'NONE',  ( -0.4808326112068289100, -0.4808326112068432300, 0.9999999999999879000 ) ) ;
#2903 = EDGE_CURVE ( 'NONE', #6360, #7397, #7351, .T. ) ;
#2904 = CARTESIAN_POINT ( 'NONE',  ( -3.598400220000000200E-032, -2.158191010000000100E-032, 0.9745999999999879200 ) ) ;
#2905 =( GEOMETRIC_REPRESENTATION_CONTEXT ( 3 ) GLOBAL_UNCERTAINTY_ASSIGNED_CONTEXT ( ( #7141 ) ) GLOBAL_UNIT_ASSIGNED_CONTEXT ( ( #764, #8951, #6068 ) ) REPRESENTATION_CONTEXT ( 'NONE', 'WORKASPACE' ) );
#2906 = VERTEX_POINT ( 'NONE', #4379 ) ;
#2907 = VERTEX_POINT ( 'NONE', #7243 ) ;
#2908 = CARTESIAN_POINT ( 'NONE',  ( -1.420385550626950500, -1.899644595732674000, 1.104999999999999500 ) ) ;
#2909 = LINE ( 'NONE', #5722, #6643 ) ;
#2910 = CARTESIAN_POINT ( 'NONE',  ( -3.598400220000000200E-032, -2.158191010000000100E-032, 0.9999999999999879000 ) ) ;
#2911 = ORIENTED_EDGE ( 'NONE', *, *, #9033, .F. ) ;
#2912 = DIRECTION ( 'NONE',  ( 0.0000000000000000000, -1.000000000000000000, 0.0000000000000000000 ) ) ;
#2913 = CARTESIAN_POINT ( 'NONE',  ( -5.101754311063978700, -1.400000000000038800, 0.1205696156111533400 ) ) ;
#2914 = VECTOR ( 'NONE', #7250, 1000.000000000000000 ) ;
#2915 = AXIS2_PLACEMENT_3D ( 'NONE', #7817, #1046, #7784 ) ;
#2916 = EDGE_CURVE ( 'NONE', #948, #2619, #1453, .T. ) ;
#2917 = VECTOR ( 'NONE', #5948, 1000.000000000000000 ) ;
#2918 = DIRECTION ( 'NONE',  ( -0.7071067811865885400, 0.7071067811865063800, 0.0000000000000000000 ) ) ;
#2919 = CARTESIAN_POINT ( 'NONE',  ( -3.491048137816590300, 2.540049851720462400, 0.9000000000000070200 ) ) ;
#2920 = DIRECTION ( 'NONE',  ( -0.7071067811865225900, -0.7071067811865725500, 0.0000000000000000000 ) ) ;
#2921 = DIRECTION ( 'NONE',  ( 1.000000000000000000, 0.0000000000000000000, 0.0000000000000000000 ) ) ;
#2922 = DIRECTION ( 'NONE',  ( -0.0000000000000000000, -0.0000000000000000000, 1.000000000000000000 ) ) ;
#2923 = AXIS2_PLACEMENT_3D ( 'NONE', #6486, #7176, #442 ) ;
#2924 = DIRECTION ( 'NONE',  ( 0.7071067811865692200, -0.7071067811865258100, 0.0000000000000000000 ) ) ;
#2925 = DIRECTION ( 'NONE',  ( -0.7071067811870028800, 0.7071067811860921600, 0.0000000000000000000 ) ) ;
#2926 = B_SPLINE_CURVE_WITH_KNOTS ( 'NONE', 3,
 ( #6247, #3902, #2518, #7727, #3279, #8428, #9082, #3178 ),
 .UNSPECIFIED., .F., .F.,
 ( 4, 2, 2, 4 ),
 ( 0.0000000000000000000, 0.2499999999999998900, 0.4999999999999997800, 1.000000000000000000 ),
 .UNSPECIFIED. ) ;
#2927 = CARTESIAN_POINT ( 'NONE',  ( -4.482806999099937100, 3.804484476406420500, 0.9999999999999879000 ) ) ;
#2928 = ADVANCED_FACE ( 'NONE', ( #6090 ), #9462, .T. ) ;
#2929 = CARTESIAN_POINT ( 'NONE',  ( 1.600000000000026300, -4.912442089811461800, 4.564213066621158900E-005 ) ) ;
#2930 = DIRECTION ( 'NONE',  ( 0.7071067811865579000, -0.7071067811865370300, -5.421010862427763800E-016 ) ) ;
#2931 = EDGE_CURVE ( 'NONE', #1996, #8293, #9308, .T. ) ;
#2932 = CARTESIAN_POINT ( 'NONE',  ( 0.3000000000000194200, -5.199756585854309800, 0.6996380906312328300 ) ) ;
#2933 = CARTESIAN_POINT ( 'NONE',  ( 0.4808326112068666600, -0.4808326112069223900, 0.9999999999999879000 ) ) ;
#2934 = VERTEX_POINT ( 'NONE', #2028 ) ;
#2935 = CARTESIAN_POINT ( 'NONE',  ( -3.373149339882592500, -4.900000000000011900, 0.9745999999999879200 ) ) ;
#2936 = DIRECTION ( 'NONE',  ( -0.7071067811865520100, 0.7071067811865431300, 2.030905000000000100E-034 ) ) ;
#2937 = CARTESIAN_POINT ( 'NONE',  ( -2.277891259979413400, 1.316158382637553800, 1.016282312740130400 ) ) ;
#2938 = EDGE_CURVE ( 'NONE', #2612, #5524, #3869, .T. ) ;
#2939 = ORIENTED_EDGE ( 'NONE', *, *, #5063, .F. ) ;
#2940 = VECTOR ( 'NONE', #304, 1000.000000000000000 ) ;
#2941 = CARTESIAN_POINT ( 'NONE',  ( -3.373149339882592500, -4.900000000000011900, 0.9999999999999879000 ) ) ;
#2942 = EDGE_CURVE ( 'NONE', #4798, #3039, #6318, .T. ) ;
#2943 = ORIENTED_EDGE ( 'NONE', *, *, #3758, .T. ) ;
#2944 = DIRECTION ( 'NONE',  ( 1.000000000000000000, -0.0000000000000000000, 0.0000000000000000000 ) ) ;
#2945 = DIRECTION ( 'NONE',  ( 0.7071067811865258100, 0.7071067811865692200, 0.0000000000000000000 ) ) ;
#2946 = ORIENTED_EDGE ( 'NONE', *, *, #5026, .T. ) ;
#2947 = FILL_AREA_STYLE_COLOUR ( '', #8795 ) ;
#2948 = SURFACE_STYLE_USAGE ( .BOTH. , #2216 ) ;
#2949 = VECTOR ( 'NONE', #8232, 1000.000000000000100 ) ;
#2950 = ORIENTED_EDGE ( 'NONE', *, *, #543, .T. ) ;
#2951 = CARTESIAN_POINT ( 'NONE',  ( -2.398823671904402000, 2.409490608222226700, 0.9000000000000069100 ) ) ;
#2952 = CARTESIAN_POINT ( 'NONE',  ( -1.599999999999975900, -4.899999995880150100, 2.142290222297503300E-005 ) ) ;
#2953 = CARTESIAN_POINT ( 'NONE',  ( -4.900000000000009200, -2.715432893255092800, 0.0000000000000000000 ) ) ;
#2954 = ORIENTED_EDGE ( 'NONE', *, *, #8003, .T. ) ;
#2955 = EDGE_CURVE ( 'NONE', #4162, #4254, #7815, .T. ) ;
#2956 = CARTESIAN_POINT ( 'NONE',  ( 0.3844996949045076400, -1.346164917318196700, 0.9745999999999879200 ) ) ;
#2957 = ORIENTED_EDGE ( 'NONE', *, *, #7376, .F. ) ;
#2958 = CARTESIAN_POINT ( 'NONE',  ( -1.406372341969641200, 1.927080177652449100, 1.104999999999999500 ) ) ;
#2959 = LINE ( 'NONE', #1508, #7273 ) ;
#2960 = CARTESIAN_POINT ( 'NONE',  ( -0.2999999999999684000, -4.912401490849809700, 0.1000456338892871400 ) ) ;
#2961 = ORIENTED_EDGE ( 'NONE', *, *, #4883, .T. ) ;
#2962 = ORIENTED_EDGE ( 'NONE', *, *, #9564, .T. ) ;
#2963 = CARTESIAN_POINT ( 'NONE',  ( -3.474510700846412000, -2.678397721838924600, 0.9999999999999876800 ) ) ;
#2964 = ORIENTED_EDGE ( 'NONE', *, *, #7122, .T. ) ;
#2965 = CARTESIAN_POINT ( 'NONE',  ( 0.4808326112068958000, -0.4808326112068622700, 0.9999999999999879000 ) ) ;
#2966 = LINE ( 'NONE', #175, #6015 ) ;
#2967 = ORIENTED_EDGE ( 'NONE', *, *, #6101, .T. ) ;
#2968 = PLANE ( 'NONE',  #6319 ) ;
#2969 = AXIS2_PLACEMENT_3D ( 'NONE', #5518, #6929, #1715 ) ;
#2971 = LINE ( 'NONE', #2287, #6955 ) ;
#2970 = B_SPLINE_CURVE_WITH_KNOTS ( 'NONE', 3,
 ( #9282, #7775, #1035, #1008, #4864, #5601 ),
 .UNSPECIFIED., .F., .F.,
 ( 4, 2, 4 ),
 ( 0.0000000000000000000, 0.5000000000000000000, 1.000000000000000000 ),
 .UNSPECIFIED. ) ;
#2972 = ADVANCED_FACE ( 'NONE', ( #7125 ), #9078, .F. ) ;
#2973 = CARTESIAN_POINT ( 'NONE',  ( 3.498823671904396400, 2.409490608222226700, 0.9745999999999879200 ) ) ;
#2974 = ORIENTED_EDGE ( 'NONE', *, *, #2680, .F. ) ;
#2975 = ORIENTED_EDGE ( 'NONE', *, *, #5567, .F. ) ;
#2976 = CARTESIAN_POINT ( 'NONE',  ( 3.210234613085857900, 3.165008370689038800, 0.9999999999999879000 ) ) ;
#2977 = AXIS2_PLACEMENT_3D ( 'NONE', #3538, #5860, #1324 ) ;
#2978 = LINE ( 'NONE', #3098, #2263 ) ;
#2979 = CARTESIAN_POINT ( 'NONE',  ( 1.883217427953447300, -1.428951199357649600, 1.104999999999999500 ) ) ;
#2980 = VERTEX_POINT ( 'NONE', #4347 ) ;
#2981 = CARTESIAN_POINT ( 'NONE',  ( 2.110900996713744000, -3.480860551851064200, 1.305000000000012600 ) ) ;
#2982 = CARTESIAN_POINT ( 'NONE',  ( 0.2999999999999937700, 4.910140096845134700, 0.1000041250200265100 ) ) ;
#2983 = DIRECTION ( 'NONE',  ( 0.0000000000000000000, 0.0000000000000000000, 1.000000000000000000 ) ) ;
#2984 = VECTOR ( 'NONE', #9530, 1000.000000000000200 ) ;
#2985 = CARTESIAN_POINT ( 'NONE',  ( -3.373149339882592500, -4.900000000000011900, 0.9745999999999879200 ) ) ;
#2986 = ORIENTED_EDGE ( 'NONE', *, *, #6896, .F. ) ;
#2987 = EDGE_CURVE ( 'NONE', #6933, #6709, #4219, .T. ) ;
#2988 = CARTESIAN_POINT ( 'NONE',  ( 4.899999999999984400, 3.373149339882620000, 0.9745999999999879200 ) ) ;
#2989 = DIRECTION ( 'NONE',  ( 0.7071067811865849900, -0.7071067811865101600, 0.0000000000000000000 ) ) ;
#2990 = B_SPLINE_CURVE_WITH_KNOTS ( 'NONE', 3,
 ( #4135, #2654, #2810, #8732 ),
 .UNSPECIFIED., .F., .F.,
 ( 4, 4 ),
 ( 0.0000000000000000000, 1.000000000000000000 ),
 .UNSPECIFIED. ) ;
#2991 = ORIENTED_EDGE ( 'NONE', *, *, #4587, .F. ) ;
#2992 = CARTESIAN_POINT ( 'NONE',  ( -2.398823671904402000, -2.409490608222201400, 0.9000000000000069100 ) ) ;
#2993 = AXIS2_PLACEMENT_3D ( 'NONE', #8685, #4248, #477 ) ;
#2994 = CARTESIAN_POINT ( 'NONE',  ( 0.0000000000000000000, 0.0000000000000000000, 0.9999999999999879000 ) ) ;
#2995 = CARTESIAN_POINT ( 'NONE',  ( -2.614721060899724200, -3.293043583593277600, 0.2000000000000130000 ) ) ;
#2996 = LINE ( 'NONE', #9425, #3347 ) ;
#2997 = ORIENTED_EDGE ( 'NONE', *, *, #6214, .F. ) ;
#2998 = CARTESIAN_POINT ( 'NONE',  ( -4.899999995880148300, -0.8000000000000255800, 2.142290222814931700E-005 ) ) ;
#2999 = DIRECTION ( 'NONE',  ( 0.7071067811865458000, -0.7071067811865492400, 0.0000000000000000000 ) ) ;
#3000 = DIRECTION ( 'NONE',  ( -0.0000000000000000000, 0.0000000000000000000, -1.000000000000000000 ) ) ;
#3001 = EDGE_CURVE ( 'NONE', #3657, #5561, #4624, .T. ) ;
#3002 = LINE ( 'NONE', #5043, #5121 ) ;
#3003 = EDGE_LOOP ( 'NONE', ( #2481, #4963, #8113, #3852 ) ) ;
#3004 = DIRECTION ( 'NONE',  ( -1.000000000000000000, 0.0000000000000000000, 0.0000000000000000000 ) ) ;
#3005 = LINE ( 'NONE', #7200, #4063 ) ;
#3006 = EDGE_CURVE ( 'NONE', #8408, #2657, #688, .T. ) ;
#3007 = SURFACE_STYLE_FILL_AREA ( #6141 ) ;
#3008 = CLOSED_SHELL ( 'NONE', ( #1001, #3971, #7631, #8867, #294, #4610, #4007, #8826, #8152, #3147 ) ) ;
#3009 = VERTEX_POINT ( 'NONE', #4286 ) ;
#3010 = EDGE_CURVE ( 'NONE', #7537, #7857, #2207, .T. ) ;
#3011 = CARTESIAN_POINT ( 'NONE',  ( -3.797413408594520100, -4.475735931288087800, 0.9745999999999879200 ) ) ;
#3012 = ORIENTED_EDGE ( 'NONE', *, *, #2350, .F. ) ;
#3013 = VECTOR ( 'NONE', #9293, 1000.000000000000000 ) ;
#3014 = EDGE_LOOP ( 'NONE', ( #4586, #6185, #2844, #2809 ) ) ;
#3015 = CARTESIAN_POINT ( 'NONE',  ( -1.367671172371680600, -2.020135298234354300, 1.205000000000208100 ) ) ;
#3016 = CARTESIAN_POINT ( 'NONE',  ( 5.013767464732366900, 0.8000000000000004900, 0.1833193398174324000 ) ) ;
#3017 = FACE_OUTER_BOUND ( 'NONE', #519, .T. ) ;
#3018 = ORIENTED_EDGE ( 'NONE', *, *, #4332, .F. ) ;
#3019 = EDGE_LOOP ( 'NONE', ( #6830, #4173, #1510, #5475 ) ) ;
#3020 = ORIENTED_EDGE ( 'NONE', *, *, #4723, .T. ) ;
#3021 = DIRECTION ( 'NONE',  ( -0.7071067811865408000, -0.7071067811865542300, 0.0000000000000000000 ) ) ;
#3022 = CARTESIAN_POINT ( 'NONE',  ( -0.2999999999999938300, 4.900000000000009200, 0.06666666666667096800 ) ) ;
#3023 = EDGE_CURVE ( 'NONE', #4863, #5729, #8736, .T. ) ;
#3024 = FILL_AREA_STYLE_COLOUR ( '', #7088 ) ;
#3025 = DIRECTION ( 'NONE',  ( 0.0000000000000000000, 0.0000000000000000000, -1.000000000000000000 ) ) ;
#3026 = LINE ( 'NONE', #9038, #2550 ) ;
#3027 = CARTESIAN_POINT ( 'NONE',  ( 3.491048137816604500, 2.540049851720413100, 0.9999999999999879000 ) ) ;
#3028 = CYLINDRICAL_SURFACE ( 'NONE', #5155, 1.099999999999994500 ) ;
#3029 = EDGE_CURVE ( 'NONE', #5639, #7397, #1621, .T. ) ;
#3030 = DIRECTION ( 'NONE',  ( 0.0000000000000000000, 0.0004059900380440000900, -0.9999999175860412300 ) ) ;
#3031 = ADVANCED_FACE ( 'NONE', ( #5160 ), #4102, .T. ) ;
#3032 = DIRECTION ( 'NONE',  ( 0.7071067811871979400, -0.7071067811858970900, 0.0000000000000000000 ) ) ;
#3033 = CARTESIAN_POINT ( 'NONE',  ( 0.3844996949045076900, -1.346164917318196900, 0.9999999999999879000 ) ) ;
#3034 = DIRECTION ( 'NONE',  ( -0.0004059900380430000700, 0.0000000000000000000, -0.9999999175860412300 ) ) ;
#3035 = VECTOR ( 'NONE', #824, 1000.000000000000100 ) ;
#3036 = DIRECTION ( 'NONE',  ( 0.0000000000000000000, 0.0000000000000000000, 1.000000000000000000 ) ) ;
#3037 = DIRECTION ( 'NONE',  ( 1.000000000000000000, 0.0000000000000000000, 0.0000000000000000000 ) ) ;
#3038 = AXIS2_PLACEMENT_3D ( 'NONE', #4532, #6, #8980 ) ;
#3039 = VERTEX_POINT ( 'NONE', #6711 ) ;
#3040 = DIRECTION ( 'NONE',  ( 0.0000000000000000000, 0.0000000000000000000, 1.000000000000000000 ) ) ;
#3041 = CARTESIAN_POINT ( 'NONE',  ( 0.2999999999999937700, 5.013767464732382000, 0.1833193398174298700 ) ) ;
#3042 = MECHANICAL_DESIGN_GEOMETRIC_PRESENTATION_REPRESENTATION (  '', ( #6355 ), #5053 ) ;
#3043 = LINE ( 'NONE', #984, #6315 ) ;
#3044 = B_SPLINE_CURVE_WITH_KNOTS ( 'NONE', 3,
 ( #7762, #7056, #1282, #6553, #2710, #4201 ),
 .UNSPECIFIED., .F., .F.,
 ( 4, 2, 4 ),
 ( 0.0000000000000000000, 0.5000000000000000000, 1.000000000000000000 ),
 .UNSPECIFIED. ) ;
#3045 = CARTESIAN_POINT ( 'NONE',  ( -1.298823669963857300, -2.312519594343270100, 1.305000000000012600 ) ) ;
#3046 = CARTESIAN_POINT ( 'NONE',  ( 2.195436713912174700, 3.499332753235993900, 0.9999999999999879000 ) ) ;
#3047 = AXIS2_PLACEMENT_3D ( 'NONE', #5223, #8182, #630 ) ;
#3048 = EDGE_CURVE ( 'NONE', #487, #6149, #909, .T. ) ;
#3049 = FACE_OUTER_BOUND ( 'NONE', #5584, .T. ) ;
#3050 = EDGE_LOOP ( 'NONE', ( #7620, #46, #1073, #6160 ) ) ;
#3051 = CARTESIAN_POINT ( 'NONE',  ( 1.600000000000026300, -4.899063776367008000, 4.021066823431818400E-005 ) ) ;
#3052 = CARTESIAN_POINT ( 'NONE',  ( -4.899999991758623900, 1.399999999999962600, 0.1000405990037714100 ) ) ;
#3053 = CARTESIAN_POINT ( 'NONE',  ( -2.127157336686804200, -1.334374885575875700, 1.304875309579296900 ) ) ;
#3054 = DIRECTION ( 'NONE',  ( 1.000000000000000000, 0.0000000000000000000, 0.0000000000000000000 ) ) ;
#3055 = CARTESIAN_POINT ( 'NONE',  ( -0.2999999999999684000, -5.109556728779593500, 0.1666719549468633200 ) ) ;
#3056 = ORIENTED_EDGE ( 'NONE', *, *, #2557, .T. ) ;
#3057 = B_SPLINE_CURVE_WITH_KNOTS ( 'NONE', 3,
 ( #9109, #7703, #954, #3156, #2422, #7641 ),
 .UNSPECIFIED., .F., .F.,
 ( 4, 2, 4 ),
 ( 0.0000000000000000000, 0.5000000000000000000, 1.000000000000000000 ),
 .UNSPECIFIED. ) ;
#3058 = FACE_OUTER_BOUND ( 'NONE', #9119, .T. ) ;
#3059 = VECTOR ( 'NONE', #6897, 1000.000000000000000 ) ;
#3060 = VERTEX_POINT ( 'NONE', #5295 ) ;
#3061 = CARTESIAN_POINT ( 'NONE',  ( 4.915210145269370800, 1.400000000000013500, 0.1000049467274789400 ) ) ;
#3062 = DIRECTION ( 'NONE',  ( 0.0000000000000000000, 0.0000000000000000000, 1.000000000000000000 ) ) ;
#3063 = CARTESIAN_POINT ( 'NONE',  ( -0.4916646448228245100, 1.296943500471866400, 1.304165684676492200 ) ) ;
#3064 = EDGE_CURVE ( 'NONE', #2934, #7287, #2688, .T. ) ;
#3065 = VERTEX_POINT ( 'NONE', #7463 ) ;
#3066 = CARTESIAN_POINT ( 'NONE',  ( 0.3263083717189388900, 1.052517521020267100, 1.297673315072085200 ) ) ;
#3067 = PLANE ( 'NONE',  #7663 ) ;
#3068 = VERTEX_POINT ( 'NONE', #8227 ) ;
#3069 = VECTOR ( 'NONE', #605, 1000.000000000000000 ) ;
#3070 = DIRECTION ( 'NONE',  ( 1.000000000000000000, 0.0000000000000000000, 0.0000000000000000000 ) ) ;
#3071 = EDGE_CURVE ( 'NONE', #4863, #3009, #6506, .T. ) ;
#3072 = EDGE_CURVE ( 'NONE', #1533, #3312, #2170, .T. ) ;
#3073 = CARTESIAN_POINT ( 'NONE',  ( -4.864794230386966200, 0.7999999999999749500, 3.945047992540000200E-005 ) ) ;
#3074 = VERTEX_POINT ( 'NONE', #2960 ) ;
#3075 = ADVANCED_FACE ( 'NONE', ( #3163 ), #490, .T. ) ;
#3076 = ORIENTED_EDGE ( 'NONE', *, *, #860, .T. ) ;
#3077 = PLANE ( 'NONE',  #2469 ) ;
#3078 = FACE_OUTER_BOUND ( 'NONE', #3729, .T. ) ;
#3079 = CARTESIAN_POINT ( 'NONE',  ( 1.692948175382787700, 3.264371537468806500, 0.9999999999999879000 ) ) ;
#3080 = EDGE_LOOP ( 'NONE', ( #4492, #1886, #4252, #455 ) ) ;
#3081 = ORIENTED_EDGE ( 'NONE', *, *, #1232, .T. ) ;
#3082 = CARTESIAN_POINT ( 'NONE',  ( -1.099999999999994500, -0.1439896632895316900, 1.555000000000003500 ) ) ;
#3083 = EDGE_CURVE ( 'NONE', #3331, #4030, #2413, .T. ) ;
#3084 = DIRECTION ( 'NONE',  ( 1.000000000000000000, 0.0000000000000000000, 0.0000000000000000000 ) ) ;
#3085 = CARTESIAN_POINT ( 'NONE',  ( 3.278457194400245200, -3.085492005485408900, 1.305000000000012800 ) ) ;
#3086 = ORIENTED_EDGE ( 'NONE', *, *, #8061, .T. ) ;
#3087 = CARTESIAN_POINT ( 'NONE',  ( -3.498823670726814800, 2.553480280042628200, 1.305000000000012600 ) ) ;
#3088 = ORIENTED_EDGE ( 'NONE', *, *, #2696, .T. ) ;
#3089 = VECTOR ( 'NONE', #524, 1000.000000000000100 ) ;
#3090 = EDGE_LOOP ( 'NONE', ( #1365, #4150, #369, #3602 ) ) ;
#3091 = DIRECTION ( 'NONE',  ( 0.0000000000000000000, 0.0000000000000000000, -1.000000000000000000 ) ) ;
#3092 = CARTESIAN_POINT ( 'NONE',  ( -2.942575080919841200, 1.438847130360820300, 1.305000000000012800 ) ) ;
#3093 = EDGE_LOOP ( 'NONE', ( #8471, #8686, #8427, #1876, #291 ) ) ;
#3094 = EDGE_CURVE ( 'NONE', #1000, #3300, #7406, .T. ) ;
#3095 = CARTESIAN_POINT ( 'NONE',  ( -2.199999999999963300, -4.900000000000010100, 4.059076573402305300E-005 ) ) ;
#3096 = VERTEX_POINT ( 'NONE', #3689 ) ;
#3097 = VERTEX_POINT ( 'NONE', #3033 ) ;
#3098 = CARTESIAN_POINT ( 'NONE',  ( 3.797413408594517900, -4.475735931288085100, 0.9745999999999879200 ) ) ;
#3099 = SURFACE_SIDE_STYLE ('',( #6867 ) ) ;
#3100 = ORIENTED_EDGE ( 'NONE', *, *, #1664, .F. ) ;
#3101 = CARTESIAN_POINT ( 'NONE',  ( 0.2628539873737367200, 1.068132848986816900, 1.304165683834841700 ) ) ;
#3102 = CARTESIAN_POINT ( 'NONE',  ( 0.0000000000000000000, 0.0000000000000000000, 0.9745999999999879200 ) ) ;
#3103 = EDGE_LOOP ( 'NONE', ( #5947, #4041, #6961, #9474 ) ) ;
#3104 = DIRECTION ( 'NONE',  ( -0.0000000000000000000, 0.0000000000000000000, 1.000000000000000000 ) ) ;
#3105 = VECTOR ( 'NONE', #2922, 1000.000000000000000 ) ;
#3106 = ORIENTED_EDGE ( 'NONE', *, *, #3316, .F. ) ;
#3107 = ORIENTED_EDGE ( 'NONE', *, *, #4709, .F. ) ;
#3108 = FILL_AREA_STYLE_COLOUR ( '', #9515 ) ;
#3109 =( LENGTH_UNIT ( ) NAMED_UNIT ( * ) SI_UNIT ( .MILLI., .METRE. ) );
#3110 = PRESENTATION_LAYER_ASSIGNMENT (  '', '', ( #2597 ) ) ;
#3111 = VECTOR ( 'NONE', #463, 1000.000000000000000 ) ;
#3112 = VERTEX_POINT ( 'NONE', #4511 ) ;
#3113 = ORIENTED_EDGE ( 'NONE', *, *, #5681, .T. ) ;
#3114 = B_SPLINE_CURVE_WITH_KNOTS ( 'NONE', 3,
 ( #9190, #6274, #6182, #1928 ),
 .UNSPECIFIED., .F., .F.,
 ( 4, 4 ),
 ( 0.0000000000000000000, 1.000000000000000000 ),
 .UNSPECIFIED. ) ;
#3115 = CARTESIAN_POINT ( 'NONE',  ( 3.431759950209385000, 2.812326653658700600, 0.9999999999999879000 ) ) ;
#3116 = CIRCLE ( 'NONE', #5494, 1.399999999999989300 ) ;
#3117 = VERTEX_POINT ( 'NONE', #9693 ) ;
#3118 = DIRECTION ( 'NONE',  ( 1.000000000000000000, 0.0000000000000000000, 0.0000000000000000000 ) ) ;
#3119 = CARTESIAN_POINT ( 'NONE',  ( 2.686746340445218500, -3.480860553638156900, 1.305000000000012800 ) ) ;
#3120 = FILL_AREA_STYLE ('',( #2215 ) ) ;
#3122 = LINE ( 'NONE', #2473, #6608 ) ;
#3121 = DIRECTION ( 'NONE',  ( -0.0000000000000000000, -1.000000000000000000, -0.0000000000000000000 ) ) ;
#3123 = VERTEX_POINT ( 'NONE', #2299 ) ;
#3124 = VECTOR ( 'NONE', #8673, 1000.000000000000000 ) ;
#3125 = ORIENTED_EDGE ( 'NONE', *, *, #8118, .T. ) ;
#3126 = EDGE_CURVE ( 'NONE', #6688, #2615, #6202, .T. ) ;
#3127 = CARTESIAN_POINT ( 'NONE',  ( 1.346164917318198400, -0.3844996949045010300, 0.9745999999999879200 ) ) ;
#3128 = CARTESIAN_POINT ( 'NONE',  ( -2.199999999999988600, 5.013767464732374900, 0.1833193398174311500 ) ) ;
#3129 = ADVANCED_FACE ( 'NONE', ( #5031 ), #6651, .F. ) ;
#3130 = CYLINDRICAL_SURFACE ( 'NONE', #5251, 0.1250000000000079900 ) ;
#3131 = ORIENTED_EDGE ( 'NONE', *, *, #1021, .F. ) ;
#3132 = CARTESIAN_POINT ( 'NONE',  ( 2.398823671904402000, -2.409490608222201400, 0.9999999999999879000 ) ) ;
#3133 = CARTESIAN_POINT ( 'NONE',  ( 0.1305592434984406400, 1.092224465912155400, 0.9000000000000069100 ) ) ;
#3134 = FACE_BOUND ( 'NONE', #5415, .T. ) ;
#3135 = CARTESIAN_POINT ( 'NONE',  ( 0.1305592434984409700, -1.092224465912159400, 0.9745999999999879200 ) ) ;
#3136 = CIRCLE ( 'NONE', #8995, 1.399999999999988100 ) ;
#3137 = ORIENTED_EDGE ( 'NONE', *, *, #6448, .T. ) ;
#3138 = PLANE ( 'NONE',  #8023 ) ;
#3139 = ORIENTED_EDGE ( 'NONE', *, *, #7868, .T. ) ;
#3140 = DIRECTION ( 'NONE',  ( 0.0000000000000000000, 0.9859791846679421000, -0.1668683535052109300 ) ) ;
#3141 = AXIS2_PLACEMENT_3D ( 'NONE', #4409, #643, #2089 ) ;
#3142 = ORIENTED_EDGE ( 'NONE', *, *, #3624, .T. ) ;
#3143 = DIRECTION ( 'NONE',  ( 0.0000000000000000000, 0.0000000000000000000, 1.000000000000000000 ) ) ;
#3144 = FACE_OUTER_BOUND ( 'NONE', #9059, .T. ) ;
#3145 = ORIENTED_EDGE ( 'NONE', *, *, #7805, .F. ) ;
#3146 = CARTESIAN_POINT ( 'NONE',  ( -1.844842797928237100, -3.370655637646700500, 1.305000000000012800 ) ) ;
#3147 = ADVANCED_FACE ( 'NONE', ( #6906 ), #9010, .F. ) ;
#3148 = DIRECTION ( 'NONE',  ( 0.0000000000000000000, 0.0000000000000000000, 1.000000000000000000 ) ) ;
#3149 = CYLINDRICAL_SURFACE ( 'NONE', #1146, 1.099999999999994500 ) ;
#3150 = EDGE_LOOP ( 'NONE', ( #2610, #6984, #181, #4647 ) ) ;
#3151 = VERTEX_POINT ( 'NONE', #9627 ) ;
#3152 = B_SPLINE_CURVE_WITH_KNOTS ( 'NONE', 3,
 ( #8581, #1981, #3388, #6422 ),
 .UNSPECIFIED., .F., .F.,
 ( 4, 4 ),
 ( 0.0000000000000000000, 1.000000000000000000 ),
 .UNSPECIFIED. ) ;
#3153 = EDGE_CURVE ( 'NONE', #1319, #9160, #9132, .T. ) ;
#3154 = DIRECTION ( 'NONE',  ( 0.0000000000000000000, -1.000000000000000000, 0.0000000000000000000 ) ) ;
#3155 = VECTOR ( 'NONE', #4597, 1000.000000000000000 ) ;
#3156 = CARTESIAN_POINT ( 'NONE',  ( -1.599999999999975400, -5.077184635083400900, 0.07749181265277634000 ) ) ;
#3157 = ORIENTED_EDGE ( 'NONE', *, *, #1357, .T. ) ;
#3158 = CARTESIAN_POINT ( 'NONE',  ( 3.001075118498437000, -1.447477148869738000, 0.9000000000000070200 ) ) ;
#3159 = EDGE_CURVE ( 'NONE', #9540, #3695, #7185, .T. ) ;
#3160 = CARTESIAN_POINT ( 'NONE',  ( -5.041451075190003000, 1.399999999999962600, 0.3109952626967498200 ) ) ;
#3161 = LINE ( 'NONE', #1513, #2451 ) ;
#3162 = CARTESIAN_POINT ( 'NONE',  ( -2.345684623234147700, 1.310696191641328900, 0.9230437103333716300 ) ) ;
#3163 = FACE_OUTER_BOUND ( 'NONE', #6441, .T. ) ;
#3164 = SURFACE_STYLE_USAGE ( .BOTH. , #910 ) ;
#3165 =( LENGTH_UNIT ( ) NAMED_UNIT ( * ) SI_UNIT ( .MILLI., .METRE. ) );
#3166 = CARTESIAN_POINT ( 'NONE',  ( -0.08674833620590161100, 0.6981401909112122700, 1.180000000000004400 ) ) ;
#3167 = CARTESIAN_POINT ( 'NONE',  ( 2.199999999999988600, 4.915210145269370800, 0.1000061834093414800 ) ) ;
#3168 = SURFACE_STYLE_USAGE ( .BOTH. , #1635 ) ;
#3169 = AXIS2_PLACEMENT_3D ( 'NONE', #7984, #4291, #2032 ) ;
#3170 = DIRECTION ( 'NONE',  ( -0.7071067811865559000, -0.7071067811865392500, 0.0000000000000000000 ) ) ;
#3171 = DIRECTION ( 'NONE',  ( 1.000000000000000000, 0.0000000000000000000, 0.0000000000000000000 ) ) ;
#3172 = DIRECTION ( 'NONE',  ( 0.0000000000000000000, 0.0000000000000000000, 1.000000000000000000 ) ) ;
#3173 = VECTOR ( 'NONE', #8700, 1000.000000000000000 ) ;
#3174 = ADVANCED_FACE ( 'NONE', ( #6836 ), #6079, .T. ) ;
#3175 = CARTESIAN_POINT ( 'NONE',  ( -2.445007224288388200, -1.305107341172100400, 0.8999999999999978000 ) ) ;
#3176 = VERTEX_POINT ( 'NONE', #8356 ) ;
#3177 = CARTESIAN_POINT ( 'NONE',  ( 5.013767464732366900, -1.399999999999988100, 0.1833193398174324000 ) ) ;
#3178 = CARTESIAN_POINT ( 'NONE',  ( 1.092224465912155200, -0.1305592434984655400, 1.180250121772941500 ) ) ;
#3179 = EDGE_CURVE ( 'NONE', #38, #7440, #2978, .T. ) ;
#3180 = ORIENTED_EDGE ( 'NONE', *, *, #1858, .T. ) ;
#3181 = B_SPLINE_CURVE_WITH_KNOTS ( 'NONE', 3,
 ( #2017, #5064, #5769, #4310 ),
 .UNSPECIFIED., .F., .F.,
 ( 4, 4 ),
 ( 0.0000000000000000000, 1.000000000000000000 ),
 .UNSPECIFIED. ) ;
#3182 = VECTOR ( 'NONE', #4137, 1000.000000000000100 ) ;
#3183 = DIRECTION ( 'NONE',  ( 1.000000000000000000, -0.0000000000000000000, -0.0000000000000000000 ) ) ;
#3184 = AXIS2_PLACEMENT_3D ( 'NONE', #9603, #7373, #5242 ) ;
#3185 = ADVANCED_FACE ( 'NONE', ( #8327 ), #7687, .T. ) ;
#3186 = CARTESIAN_POINT ( 'NONE',  ( 1.331867151833266500, -2.137146006776677400, 1.304165684015486000 ) ) ;
#3187 = AXIS2_PLACEMENT_3D ( 'NONE', #3692, #8905, #5270 ) ;
#3188 = ORIENTED_EDGE ( 'NONE', *, *, #5016, .F. ) ;
#3189 = ORIENTED_EDGE ( 'NONE', *, *, #7269, .T. ) ;
#3190 = VECTOR ( 'NONE', #3727, 1000.000000000000000 ) ;
#3191 = DIRECTION ( 'NONE',  ( 0.0000000000000000000, 0.0000000000000000000, -1.000000000000000000 ) ) ;
#3192 = EDGE_LOOP ( 'NONE', ( #6121, #946, #3717, #3137 ) ) ;
#3193 = CARTESIAN_POINT ( 'NONE',  ( 2.336892589816878200, 1.301733362169037700, 0.9230026691443750100 ) ) ;
#3194 = EDGE_CURVE ( 'NONE', #1075, #7287, #8903, .T. ) ;
#3195 = CARTESIAN_POINT ( 'NONE',  ( 0.3798647017656286400, 1.032328827628331100, 1.205000000000210600 ) ) ;
#3196 = CARTESIAN_POINT ( 'NONE',  ( -2.199999999999988600, 5.104562965483541600, 0.1205301651312310800 ) ) ;
#3197 = EDGE_LOOP ( 'NONE', ( #7337, #9704, #8369, #2833 ) ) ;
#3198 = CARTESIAN_POINT ( 'NONE',  ( -2.056839825920817200, 3.491053943235454100, 0.9999999999999879000 ) ) ;
#3199 = EDGE_CURVE ( 'NONE', #3320, #4014, #6722, .T. ) ;
#3200 = EDGE_LOOP ( 'NONE', ( #6921, #9027, #3157, #5591, #9470, #9395, #3648, #8441 ) ) ;
#3201 = FACE_OUTER_BOUND ( 'NONE', #5909, .T. ) ;
#3202 = CARTESIAN_POINT ( 'NONE',  ( -3.359988688438938300, -2.963471504562642100, 1.305000000000012600 ) ) ;
#3203 = EDGE_LOOP ( 'NONE', ( #6945, #4957, #8322, #411 ) ) ;
#3204 = VERTEX_POINT ( 'NONE', #9029 ) ;
#3205 = CARTESIAN_POINT ( 'NONE',  ( 1.467719826306851600, 0.3292779085965360500, 1.024999999999989500 ) ) ;
#3206 = B_SPLINE_CURVE_WITH_KNOTS ( 'NONE', 3,
 ( #2324, #5317, #8185, #3712 ),
 .UNSPECIFIED., .F., .F.,
 ( 4, 4 ),
 ( 0.0000000000000000000, 1.000000000000000000 ),
 .UNSPECIFIED. ) ;
#3207 = VERTEX_POINT ( 'NONE', #4708 ) ;
#3208 = EDGE_CURVE ( 'NONE', #4039, #7875, #4512, .T. ) ;
#3209 = CARTESIAN_POINT ( 'NONE',  ( 1.087657938357389900, 0.1649840931225340900, 1.260047216628383800 ) ) ;
#3210 = LINE ( 'NONE', #138, #7640 ) ;
#3211 = ORIENTED_EDGE ( 'NONE', *, *, #1722, .T. ) ;
#3212 = EDGE_CURVE ( 'NONE', #8894, #7408, #4629, .T. ) ;
#3213 = CARTESIAN_POINT ( 'NONE',  ( -0.2999999999999684600, -4.899999995880147500, 2.142290222297524000E-005 ) ) ;
#3214 = DIRECTION ( 'NONE',  ( 0.0000000000000000000, 0.0000000000000000000, 1.000000000000000000 ) ) ;
#3215 = FACE_OUTER_BOUND ( 'NONE', #6140, .T. ) ;
#3216 = CARTESIAN_POINT ( 'NONE',  ( 3.373149339882544500, 4.900000000000009200, 0.9999999999999879000 ) ) ;
#3217 = ORIENTED_EDGE ( 'NONE', *, *, #787, .T. ) ;
#3218 = ORIENTED_EDGE ( 'NONE', *, *, #8287, .T. ) ;
#3219 = FACE_OUTER_BOUND ( 'NONE', #5226, .T. ) ;
#3220 = CARTESIAN_POINT ( 'NONE',  ( 2.280919584729826300, 1.315834796693574400, 1.000003574505852200 ) ) ;
#3221 = EDGE_LOOP ( 'NONE', ( #7361, #840, #9147, #9649 ) ) ;
#3222 = AXIS2_PLACEMENT_3D ( 'NONE', #1068, #6326, #1821 ) ;
#3223 = ADVANCED_FACE ( 'NONE', ( #3219 ), #2364, .T. ) ;
#3224 = CARTESIAN_POINT ( 'NONE',  ( -1.346164917318200600, 0.3844996949045027500, 0.9745999999999879200 ) ) ;
#3225 = FACE_OUTER_BOUND ( 'NONE', #3090, .T. ) ;
#3226 = CARTESIAN_POINT ( 'NONE',  ( 2.298706256207541100, 1.304610841623273800, 0.9511013477038162700 ) ) ;
#3227 = ORIENTED_EDGE ( 'NONE', *, *, #2573, .T. ) ;
#3228 = CARTESIAN_POINT ( 'NONE',  ( 2.297705992335967300, 1.314125954100776400, 0.9620784369805659400 ) ) ;
#3229 = CARTESIAN_POINT ( 'NONE',  ( 1.685931104032522400, -1.533945030602823500, 1.104999999999999500 ) ) ;
#3230 = CARTESIAN_POINT ( 'NONE',  ( -2.199999999999988600, 4.962008663924569500, 2.517489204070349100E-005 ) ) ;
#3231 = CARTESIAN_POINT ( 'NONE',  ( 0.1484959982105049100, -1.089954307199598500, 1.240669281950348400 ) ) ;
#3232 = FACE_BOUND ( 'NONE', #5423, .T. ) ;
#3233 = VERTEX_POINT ( 'NONE', #5363 ) ;
#3234 = CARTESIAN_POINT ( 'NONE',  ( -1.519190152437931200, -3.085492009072098100, 1.305000000000012800 ) ) ;
#3235 = FACE_OUTER_BOUND ( 'NONE', #9613, .T. ) ;
#3236 = ADVANCED_FACE ( 'NONE', ( #4859 ), #4683, .T. ) ;
#3237 = VERTEX_POINT ( 'NONE', #1633 ) ;
#3238 = AXIS2_PLACEMENT_3D ( 'NONE', #2853, #4371, #9489 ) ;
#3239 = EDGE_CURVE ( 'NONE', #2906, #7648, #4037, .T. ) ;
#3240 = CARTESIAN_POINT ( 'NONE',  ( 3.491048137816547700, -2.540049851720793700, 0.9000000000000070200 ) ) ;
#3241 = LINE ( 'NONE', #8897, #8696 ) ;
#3242 = ORIENTED_EDGE ( 'NONE', *, *, #2368, .F. ) ;
#3243 = CARTESIAN_POINT ( 'NONE',  ( -1.307775534087835900, 2.269440756501538600, 1.024999999999989500 ) ) ;
#3244 = VECTOR ( 'NONE', #7415, 1000.000000000000100 ) ;
#3245 = CARTESIAN_POINT ( 'NONE',  ( -2.282861252194814800, 1.306346985363170000, 0.9746039772762791200 ) ) ;
#3246 = FACE_OUTER_BOUND ( 'NONE', #123, .T. ) ;
#3247 = VERTEX_POINT ( 'NONE', #6816 ) ;
#3248 = ORIENTED_EDGE ( 'NONE', *, *, #5288, .T. ) ;
#3249 = CARTESIAN_POINT ( 'NONE',  ( 2.728390213984780200, -1.323413909622566600, 0.9000000000000069100 ) ) ;
#3250 = B_SPLINE_CURVE_WITH_KNOTS ( 'NONE', 3,
 ( #899, #227, #9080, #6280, #6999, #2387 ),
 .UNSPECIFIED., .F., .F.,
 ( 4, 2, 4 ),
 ( 0.0000000000000000000, 0.5000000000000000000, 1.000000000000000000 ),
 .UNSPECIFIED. ) ;
#3251 = DIRECTION ( 'NONE',  ( 1.000000000000000000, 1.143340472802901300E-014, 0.0000000000000000000 ) ) ;
#3252 = ORIENTED_EDGE ( 'NONE', *, *, #6437, .F. ) ;
#3253 = VECTOR ( 'NONE', #1433, 1000.000000000000000 ) ;
#3254 = VERTEX_POINT ( 'NONE', #1610 ) ;
#3255 = EDGE_CURVE ( 'NONE', #6400, #6012, #6477, .T. ) ;
#3256 = CARTESIAN_POINT ( 'NONE',  ( -0.6993819963899707800, -0.8779580977081621300, 1.104999999999999500 ) ) ;
#3257 = VECTOR ( 'NONE', #5505, 1000.000000000000000 ) ;
#3258 = ORIENTED_EDGE ( 'NONE', *, *, #8305, .T. ) ;
#3259 = ORIENTED_EDGE ( 'NONE', *, *, #5688, .T. ) ;
#3260 = ORIENTED_EDGE ( 'NONE', *, *, #2106, .T. ) ;
#3261 = MANIFOLD_SOLID_BREP ( 'Cut-Extrude5', #951 ) ;
#3262 = DIRECTION ( 'NONE',  ( -0.7071067811865520100, -0.7071067811865431300, -0.0000000000000000000 ) ) ;
#3263 = EDGE_CURVE ( 'NONE', #3450, #3525, #4749, .T. ) ;
#3264 = CARTESIAN_POINT ( 'NONE',  ( 2.445007224288389100, 1.305107341172108400, 0.8999999999999978000 ) ) ;
#3265 = CARTESIAN_POINT ( 'NONE',  ( -2.199999999999988600, 4.963386799015065500, 0.1000257426524401300 ) ) ;
#3267 = FACE_OUTER_BOUND ( 'NONE', #7510, .T. ) ;
#3266 = CARTESIAN_POINT ( 'NONE',  ( -2.199999999999963300, -4.912442089811461800, 4.564213067505599600E-005 ) ) ;
#3268 = DIRECTION ( 'NONE',  ( 0.0000000000000000000, -0.9859791846679490900, -0.1668683535051695400 ) ) ;
#3269 = CARTESIAN_POINT ( 'NONE',  ( -3.655992052357235300, 4.617157287525418300, 0.9999999999999879000 ) ) ;
#3270 = VECTOR ( 'NONE', #5151, 1000.000000000000100 ) ;
#3271 = CARTESIAN_POINT ( 'NONE',  ( 2.787348216779861800, -1.366963374069309200, 1.305000000000012600 ) ) ;
#3272 = DIRECTION ( 'NONE',  ( 0.7071067811865574500, -0.7071067811865376900, 0.0000000000000000000 ) ) ;
#3273 = CARTESIAN_POINT ( 'NONE',  ( -5.199756585854314200, -0.8000000000000258000, 0.6996380906312319500 ) ) ;
#3274 = VECTOR ( 'NONE', #8212, 1000.000000000000100 ) ;
#3275 = VERTEX_POINT ( 'NONE', #88 ) ;
#3276 = EDGE_LOOP ( 'NONE', ( #657, #4509, #870, #2850 ) ) ;
#3277 = EDGE_CURVE ( 'NONE', #4590, #7537, #8554, .T. ) ;
#3278 = CARTESIAN_POINT ( 'NONE',  ( 4.899999999999991500, 3.373149339882628000, 0.0000000000000000000 ) ) ;
#3279 = CARTESIAN_POINT ( 'NONE',  ( 1.083155531864152400, -0.1923946856339286700, 1.281613537034076900 ) ) ;
#3280 = EDGE_CURVE ( 'NONE', #8306, #3320, #4274, .T. ) ;
#3281 = AXIS2_PLACEMENT_3D ( 'NONE', #5285, #3091, #1527 ) ;
#3282 = CARTESIAN_POINT ( 'NONE',  ( -1.367671172371683200, 2.020135298234352100, 1.205000000000208800 ) ) ;
#3283 = ADVANCED_FACE ( 'NONE', ( #1079 ), #2591, .T. ) ;
#3284 = DIRECTION ( 'NONE',  ( -0.7071067811865259200, 0.7071067811865692200, 0.0000000000000000000 ) ) ;
#3285 = CARTESIAN_POINT ( 'NONE',  ( -0.5003554042673271600, -0.9796144493730506400, 1.104999999999999500 ) ) ;
#3286 = CYLINDRICAL_SURFACE ( 'NONE', #3731, 1.099999999999994300 ) ;
#3287 = CARTESIAN_POINT ( 'NONE',  ( -1.065625114319784400, 0.2728426599740697600, 1.304875309525264800 ) ) ;
#3288 = CARTESIAN_POINT ( 'NONE',  ( -5.101158667387508700, 0.7999999999999749500, 0.7163249259817507900 ) ) ;
#3289 = DIRECTION ( 'NONE',  ( 0.7071067811865849900, -0.7071067811865101600, 0.0000000000000000000 ) ) ;
#3290 =( NAMED_UNIT ( * ) PLANE_ANGLE_UNIT ( ) SI_UNIT ( $, .RADIAN. ) );
#3291 = CARTESIAN_POINT ( 'NONE',  ( 2.001946718000812400, 1.374547131902373400, 1.205249755641084200 ) ) ;
#3292 = VERTEX_POINT ( 'NONE', #6324 ) ;
#3293 = CIRCLE ( 'NONE', #423, 1.099999999999994300 ) ;
#3294 = CARTESIAN_POINT ( 'NONE',  ( -1.307505891933985300, 2.271553531079574000, 1.008333333384138900 ) ) ;
#3295 = FACE_OUTER_BOUND ( 'NONE', #4668, .T. ) ;
#3296 = ORIENTED_EDGE ( 'NONE', *, *, #4094, .F. ) ;
#3297 = CARTESIAN_POINT ( 'NONE',  ( -1.309337699344918800, -2.254137614956776700, 1.245343953162364000 ) ) ;
#3298 = CARTESIAN_POINT ( 'NONE',  ( -0.2999999999999684000, -5.003156392598373100, 0.1372564509686151300 ) ) ;
#3299 = AXIS2_PLACEMENT_3D ( 'NONE', #2904, #9630, #3627 ) ;
#3300 = VERTEX_POINT ( 'NONE', #208 ) ;
#3301 = ORIENTED_EDGE ( 'NONE', *, *, #5623, .T. ) ;
#3302 = DIRECTION ( 'NONE',  ( 0.0000000000000000000, 0.1668683535052110400, -0.9859791846679421000 ) ) ;
#3303 = FACE_OUTER_BOUND ( 'NONE', #9524, .T. ) ;
#3304 = DIRECTION ( 'NONE',  ( 0.0000000000000000000, 1.000000000000000000, 0.0000000000000000000 ) ) ;
#3305 = CARTESIAN_POINT ( 'NONE',  ( -4.959159410536335200, -0.8000000000000258000, 0.1000646171404170100 ) ) ;
#3306 = EDGE_CURVE ( 'NONE', #3233, #5358, #5546, .T. ) ;
#3307 = CARTESIAN_POINT ( 'NONE',  ( 1.314647277948865600, -2.223557459978186200, 1.269126762946847700 ) ) ;
#3308 = ORIENTED_EDGE ( 'NONE', *, *, #9656, .T. ) ;
#3309 = B_SPLINE_CURVE_WITH_KNOTS ( 'NONE', 3,
 ( #7597, #3228, #154, #5484, #3859, #3917, #4738, #845 ),
 .UNSPECIFIED., .F., .F.,
 ( 4, 2, 2, 4 ),
 ( 0.2347512717707409300, 0.4260634538280543300, 0.6173756358853677000, 1.000000000000000000 ),
 .UNSPECIFIED. ) ;
#3310 = ORIENTED_EDGE ( 'NONE', *, *, #5341, .F. ) ;
#3311 = FACE_OUTER_BOUND ( 'NONE', #2379, .T. ) ;
#3312 = VERTEX_POINT ( 'NONE', #4011 ) ;
#3313 = EDGE_LOOP ( 'NONE', ( #4269, #3100, #1976, #282 ) ) ;
#3314 = CARTESIAN_POINT ( 'NONE',  ( 1.420385550626950500, 1.899644595732674000, 1.104999999999999500 ) ) ;
#3315 = CARTESIAN_POINT ( 'NONE',  ( -4.482806999099937100, -3.804484476406421000, 0.2000000000000128100 ) ) ;
#3316 = EDGE_CURVE ( 'NONE', #3207, #4729, #4986, .T. ) ;
#3317 = ADVANCED_FACE ( 'NONE', ( #8211 ), #1754, .T. ) ;
#3318 = ORIENTED_EDGE ( 'NONE', *, *, #4031, .F. ) ;
#3319 = CARTESIAN_POINT ( 'NONE',  ( -1.244077303044761200, 0.4434009129352117800, 1.180000000000004400 ) ) ;
#3320 = VERTEX_POINT ( 'NONE', #9184 ) ;
#3321 = CARTESIAN_POINT ( 'NONE',  ( -4.899999997940079200, 0.7999999999999750600, 1.071145111407455000E-005 ) ) ;
#3322 = CARTESIAN_POINT ( 'NONE',  ( -1.600000000000001000, 5.103967321807094700, 0.7162854755018253100 ) ) ;
#3323 = CARTESIAN_POINT ( 'NONE',  ( 0.3844996949045076400, 1.346164917318196700, 0.9999999999999879000 ) ) ;
#3324 = FACE_OUTER_BOUND ( 'NONE', #3150, .T. ) ;
#3325 = VERTEX_POINT ( 'NONE', #1820 ) ;
#3326 = DIRECTION ( 'NONE',  ( 0.0000000000000000000, -0.0004059900380430000700, -0.9999999175860412300 ) ) ;
#3327 = DIRECTION ( 'NONE',  ( -0.0000000000000000000, -0.0000000000000000000, 1.000000000000000000 ) ) ;
#3328 = CARTESIAN_POINT ( 'NONE',  ( 4.915210145269370800, -1.399999999999988100, 0.1000049467274789600 ) ) ;
#3329 = EDGE_CURVE ( 'NONE', #4017, #1409, #6660, .T. ) ;
#3330 = VERTEX_POINT ( 'NONE', #335 ) ;
#3331 = VERTEX_POINT ( 'NONE', #8538 ) ;
#3332 = DIRECTION ( 'NONE',  ( 0.7071067811865520100, 0.7071067811865431300, -0.0000000000000000000 ) ) ;
#3333 = ADVANCED_FACE ( 'NONE', ( #1783 ), #256, .T. ) ;
#3334 = DIRECTION ( 'NONE',  ( 0.0000000000000000000, 0.0000000000000000000, -1.000000000000000000 ) ) ;
#3335 = ORIENTED_EDGE ( 'NONE', *, *, #9294, .F. ) ;
#3336 = DIRECTION ( 'NONE',  ( 0.7071067811865570100, -0.7071067811865380200, 0.0000000000000000000 ) ) ;
#3337 = EDGE_CURVE ( 'NONE', #1944, #1084, #2970, .T. ) ;
#3338 = DIRECTION ( 'NONE',  ( 0.7071067811865041600, -0.7071067811865909800, 0.0000000000000000000 ) ) ;
#3339 = LINE ( 'NONE', #5703, #7298 ) ;
#3340 = ORIENTED_EDGE ( 'NONE', *, *, #1332, .F. ) ;
#3341 = ORIENTED_EDGE ( 'NONE', *, *, #165, .F. ) ;
#3342 = DIRECTION ( 'NONE',  ( 1.000000000000000000, 0.0000000000000000000, -0.0000000000000000000 ) ) ;
#3343 = FACE_OUTER_BOUND ( 'NONE', #3687, .T. ) ;
#3344 = CARTESIAN_POINT ( 'NONE',  ( -2.269440756501535100, 1.307775534087846100, 1.180000000000004400 ) ) ;
#3345 = FILL_AREA_STYLE_COLOUR ( '', #199 ) ;
#3346 = VERTEX_POINT ( 'NONE', #7100 ) ;
#3347 = VECTOR ( 'NONE', #9584, 1000.000000000000000 ) ;
#3348 = VERTEX_POINT ( 'NONE', #5504 ) ;
#3349 = CARTESIAN_POINT ( 'NONE',  ( -0.9710488006423473300, -0.5167825720465769600, 1.104999999999999500 ) ) ;
#3350 = AXIS2_PLACEMENT_3D ( 'NONE', #8947, #757, #5347 ) ;
#3351 = CYLINDRICAL_SURFACE ( 'NONE', #7604, 1.099999999999994500 ) ;
#3352 = ORIENTED_EDGE ( 'NONE', *, *, #1212, .T. ) ;
#3353 = LINE ( 'NONE', #6032, #8239 ) ;
#3354 = CARTESIAN_POINT ( 'NONE',  ( 2.200000000000039300, -5.101158667387508700, 0.7163249259817507900 ) ) ;
#3355 = ORIENTED_EDGE ( 'NONE', *, *, #9683, .F. ) ;
#3356 = CARTESIAN_POINT ( 'NONE',  ( 0.1439896632895312500, 1.099999999999994500, 1.555000000000003700 ) ) ;
#3357 = ORIENTED_EDGE ( 'NONE', *, *, #2851, .T. ) ;
#3358 = CARTESIAN_POINT ( 'NONE',  ( -3.434464939830573500, 2.473299704662435900, 1.403766198207616500E-016 ) ) ;
#3359 = VERTEX_POINT ( 'NONE', #277 ) ;
#3360 = CARTESIAN_POINT ( 'NONE',  ( -1.336360628211043000, -2.124570248556688400, 1.305000000000012400 ) ) ;
#3361 = CARTESIAN_POINT ( 'NONE',  ( 0.2999999999999938300, 4.899999999998670800, 0.1000000032965566200 ) ) ;
#3362 = AXIS2_PLACEMENT_3D ( 'NONE', #1980, #7323, #4303 ) ;
#3363 = CARTESIAN_POINT ( 'NONE',  ( 4.617157287525372100, -3.655992052357247800, 0.9999999999999879000 ) ) ;
#3364 = EDGE_LOOP ( 'NONE', ( #2221, #3670, #8874, #2506 ) ) ;
#3365 = ORIENTED_EDGE ( 'NONE', *, *, #7460, .T. ) ;
#3366 = EDGE_CURVE ( 'NONE', #6857, #3523, #7525, .T. ) ;
#3367 = ORIENTED_EDGE ( 'NONE', *, *, #9473, .F. ) ;
#3368 = DIRECTION ( 'NONE',  ( -1.000000000000000000, -0.0000000000000000000, -0.0000000000000000000 ) ) ;
#3369 = LINE ( 'NONE', #8997, #9643 ) ;
#3370 = ORIENTED_EDGE ( 'NONE', *, *, #450, .F. ) ;
#3371 = VECTOR ( 'NONE', #8298, 1000.000000000000000 ) ;
#3372 = ORIENTED_EDGE ( 'NONE', *, *, #6951, .T. ) ;
#3373 = DIRECTION ( 'NONE',  ( 0.0000000000000000000, 0.0000000000000000000, 1.000000000000000000 ) ) ;
#3374 = B_SPLINE_CURVE_WITH_KNOTS ( 'NONE', 3,
 ( #3861, #60, #1573, #6820, #5297, #91, #1613, #2370 ),
 .UNSPECIFIED., .F., .F.,
 ( 4, 2, 2, 4 ),
 ( 0.0000000000000000000, 0.3826383280176657300, 0.5739574920264989300, 0.7652766560353321300 ),
 .UNSPECIFIED. ) ;
#3375 = VERTEX_POINT ( 'NONE', #3287 ) ;
#3376 = UNCERTAINTY_MEASURE_WITH_UNIT (LENGTH_MEASURE( 1.000000000000000100E-005 ), #772, 'distance_accuracy_value', 'NONE');
#3377 = ORIENTED_EDGE ( 'NONE', *, *, #9148, .F. ) ;
#3378 = ADVANCED_FACE ( 'NONE', ( #6586 ), #8439, .F. ) ;
#3379 = CARTESIAN_POINT ( 'NONE',  ( 2.175123730098818000, -1.332465087494901800, 1.298236962048351600 ) ) ;
#3380 = EDGE_CURVE ( 'NONE', #7374, #1743, #3738, .T. ) ;
#3381 = VECTOR ( 'NONE', #8426, 1000.000000000000000 ) ;
#3382 = DIRECTION ( 'NONE',  ( 0.7071067811865540100, -0.7071067811865410200, -2.030905000000000100E-034 ) ) ;
#3383 = ORIENTED_EDGE ( 'NONE', *, *, #3638, .F. ) ;
#3384 = B_SPLINE_CURVE_WITH_KNOTS ( 'NONE', 3,
 ( #2441, #4012, #6227, #3321 ),
 .UNSPECIFIED., .F., .F.,
 ( 4, 4 ),
 ( 0.0000000000000000000, 1.000000000000000000 ),
 .UNSPECIFIED. ) ;
#3385 = CARTESIAN_POINT ( 'NONE',  ( 1.336712138334224000, -2.121600665451286900, 1.305000000000012600 ) ) ;
#3386 = EDGE_CURVE ( 'NONE', #3247, #2855, #5378, .T. ) ;
#3387 = CARTESIAN_POINT ( 'NONE',  ( -5.010958810312806700, 0.7999999999999747300, 0.1833587902973576300 ) ) ;
#3388 = CARTESIAN_POINT ( 'NONE',  ( 1.600000000000000800, 4.900000000000009200, 0.03333333333333547700 ) ) ;
#3389 = VECTOR ( 'NONE', #6091, 999.9999999999998900 ) ;
#3390 = DIRECTION ( 'NONE',  ( 0.0000000000000000000, 1.000000000000000000, 0.0000000000000000000 ) ) ;
#3391 = DIRECTION ( 'NONE',  ( -0.9859791846679490900, 0.0000000000000000000, -0.1668683535051695400 ) ) ;
#3392 = LINE ( 'NONE', #8317, #4331 ) ;
#3393 = EDGE_CURVE ( 'NONE', #8490, #938, #9239, .T. ) ;
#3394 = CARTESIAN_POINT ( 'NONE',  ( -1.314647277949015500, 2.223557459977194100, 1.269126762947606000 ) ) ;
#3395 = CARTESIAN_POINT ( 'NONE',  ( -0.1305592434984408600, 1.092224465912157400, 0.9745999999999879200 ) ) ;
#3396 = DIRECTION ( 'NONE',  ( 1.000000000000000000, 0.0000000000000000000, 0.0000000000000000000 ) ) ;
#3397 = EDGE_CURVE ( 'NONE', #2206, #1712, #1553, .T. ) ;
#3398 = CARTESIAN_POINT ( 'NONE',  ( -4.912401490849809700, -0.8000000000000258000, 0.1000456338892762700 ) ) ;
#3399 = B_SPLINE_CURVE_WITH_KNOTS ( 'NONE', 3,
 ( #6861, #1541, #6784, #6900 ),
 .UNSPECIFIED., .F., .F.,
 ( 4, 4 ),
 ( 0.0000000000000000000, 1.000000000000000000 ),
 .UNSPECIFIED. ) ;
#3400 = PLANE ( 'NONE',  #7529 ) ;
#3401 = CARTESIAN_POINT ( 'NONE',  ( 3.491048137816543700, -2.540049851720793200, 0.9745999999999879200 ) ) ;
#3402 = CARTESIAN_POINT ( 'NONE',  ( 1.308034461586965500, -2.265746584930493000, 1.211325739034050600 ) ) ;
#3403 = EDGE_CURVE ( 'NONE', #2823, #8815, #6114, .T. ) ;
#3405 = LINE ( 'NONE', #4358, #2582 ) ;
#3404 = AXIS2_PLACEMENT_3D ( 'NONE', #912, #5420, #5365 ) ;
#3406 = CARTESIAN_POINT ( 'NONE',  ( -4.900000000000009200, -0.8000000000000258000, 4.059076573402270100E-005 ) ) ;
#3407 = CARTESIAN_POINT ( 'NONE',  ( -1.092224465912156500, 0.1305592434984660700, 1.180250121772388900 ) ) ;
#3408 = ADVANCED_FACE ( 'NONE', ( #2744 ), #5099, .T. ) ;
#3409 = ORIENTED_EDGE ( 'NONE', *, *, #3064, .F. ) ;
#3410 = VECTOR ( 'NONE', #4105, 1000.000000000000000 ) ;
#3411 = CARTESIAN_POINT ( 'NONE',  ( -1.307639946032200800, -2.270497045342887900, 1.016666666684833400 ) ) ;
#3412 = CARTESIAN_POINT ( 'NONE',  ( 4.899999999999986100, -1.399999999999986800, 0.06666666666666964900 ) ) ;
#3413 = CARTESIAN_POINT ( 'NONE',  ( -2.199999999999963300, -4.800000000000002500, 1.972523996270000100E-005 ) ) ;
#3414 = DIRECTION ( 'NONE',  ( -0.0000000000000000000, 0.0000000000000000000, -1.000000000000000000 ) ) ;
#3415 = PLANE ( 'NONE',  #6934 ) ;
#3416 = UNCERTAINTY_MEASURE_WITH_UNIT (LENGTH_MEASURE( 1.000000000000000100E-005 ), #4101, 'distance_accuracy_value', 'NONE');
#3417 = EDGE_CURVE ( 'NONE', #2302, #2934, #1313, .T. ) ;
#3418 = CARTESIAN_POINT ( 'NONE',  ( 5.112365383199167100, 1.400000000000013500, 0.1666325044669145200 ) ) ;
#3419 = DIRECTION ( 'NONE',  ( 0.7071067811865520100, 0.7071067811865431300, -0.0000000000000000000 ) ) ;
#3420 = ORIENTED_EDGE ( 'NONE', *, *, #6214, .T. ) ;
#3421 = VECTOR ( 'NONE', #1304, 999.9999999999998900 ) ;
#3422 = CARTESIAN_POINT ( 'NONE',  ( -1.316095781468659400, -2.215233690078828800, 1.275450590848088700 ) ) ;
#3423 = VERTEX_POINT ( 'NONE', #7131 ) ;
#3424 = ADVANCED_FACE ( 'NONE', ( #7292 ), #7885, .T. ) ;
#3425 = ORIENTED_EDGE ( 'NONE', *, *, #6201, .F. ) ;
#3426 = B_SPLINE_CURVE_WITH_KNOTS ( 'NONE', 3,
 ( #406, #1916, #309, #7907 ),
 .UNSPECIFIED., .F., .F.,
 ( 4, 4 ),
 ( 0.0000000000000000000, 1.000000000000000000 ),
 .UNSPECIFIED. ) ;
#3427 = CARTESIAN_POINT ( 'NONE',  ( -1.092224465912156700, 0.1305592434984662000, 0.9999999999999879000 ) ) ;
#3428 = ORIENTED_EDGE ( 'NONE', *, *, #9390, .F. ) ;
#3429 = CARTESIAN_POINT ( 'NONE',  ( 2.400000000000001200, 2.400000000000001200, 0.9999999999999879000 ) ) ;
#3430 = ORIENTED_EDGE ( 'NONE', *, *, #3624, .F. ) ;
#3431 = CARTESIAN_POINT ( 'NONE',  ( -2.215924556064202900, 1.324772137484099500, 1.279956066203475700 ) ) ;
#3432 = ORIENTED_EDGE ( 'NONE', *, *, #550, .F. ) ;
#3433 = ORIENTED_EDGE ( 'NONE', *, *, #2188, .T. ) ;
#3434 = EDGE_CURVE ( 'NONE', #5480, #1642, #7063, .T. ) ;
#3435 = CARTESIAN_POINT ( 'NONE',  ( 1.346164917318198400, 0.3844996949045005300, 0.9999999999999879000 ) ) ;
#3436 = ORIENTED_EDGE ( 'NONE', *, *, #8168, .T. ) ;
#3437 = CARTESIAN_POINT ( 'NONE',  ( -4.482806999099937100, -3.804484476406420500, 0.9745999999999879200 ) ) ;
#3438 = VECTOR ( 'NONE', #6335, 1000.000000000000200 ) ;
#3439 = DIRECTION ( 'NONE',  ( 1.000000000000000000, 0.0000000000000000000, 0.0000000000000000000 ) ) ;
#3440 = CLOSED_SHELL ( 'NONE', ( #3129, #491, #6649, #1819, #8488, #1875, #4660, #9662, #5246, #8775 ) ) ;
#3441 = EDGE_CURVE ( 'NONE', #5697, #6594, #2132, .T. ) ;
#3442 = B_SPLINE_CURVE_WITH_KNOTS ( 'NONE', 3,
 ( #6678, #7340, #1383, #5172 ),
 .UNSPECIFIED., .F., .F.,
 ( 4, 4 ),
 ( 0.0000000000000000000, 1.000000000000000000 ),
 .UNSPECIFIED. ) ;
#3443 = FACE_OUTER_BOUND ( 'NONE', #9159, .T. ) ;
#3444 = CARTESIAN_POINT ( 'NONE',  ( -1.023107586648786600, 0.4040960317680444800, 1.175694550869888200 ) ) ;
#3445 = VERTEX_POINT ( 'NONE', #1222 ) ;
#3446 = ORIENTED_EDGE ( 'NONE', *, *, #8534, .T. ) ;
#3447 = CARTESIAN_POINT ( 'NONE',  ( -0.3844996949045082500, -1.346164917318196900, 1.024999999999989500 ) ) ;
#3448 = CARTESIAN_POINT ( 'NONE',  ( 4.899999999999315600, 1.400000000000013500, 0.1000000016482815300 ) ) ;
#3449 = FACE_OUTER_BOUND ( 'NONE', #7385, .T. ) ;
#3450 = VERTEX_POINT ( 'NONE', #9363 ) ;
#3451 = CARTESIAN_POINT ( 'NONE',  ( -0.2999999999999684000, -4.800000000000002500, 1.972523996270000100E-005 ) ) ;
#3452 = EDGE_CURVE ( 'NONE', #8150, #6177, #2618, .T. ) ;
#3453 = CARTESIAN_POINT ( 'NONE',  ( -0.2296296504862794000, -1.075873071653994800, 1.298358600154217300 ) ) ;
#3454 = CARTESIAN_POINT ( 'NONE',  ( 2.199999999999988600, 4.902808646178184100, 0.1000011485238460100 ) ) ;
#3455 = FACE_OUTER_BOUND ( 'NONE', #7654, .T. ) ;
#3456 = DIRECTION ( 'NONE',  ( 0.9859791846679073500, 0.0000000000000000000, -0.1668683535054161800 ) ) ;
#3457 = ORIENTED_EDGE ( 'NONE', *, *, #4240, .T. ) ;
#3458 = DIRECTION ( 'NONE',  ( 0.9999999175860412300, 0.0000000000000000000, -0.0004059900380430000700 ) ) ;
#3459 = CARTESIAN_POINT ( 'NONE',  ( 1.346164917318198700, 0.3844996949045006400, 0.9745999999999879200 ) ) ;
#3460 = EDGE_CURVE ( 'NONE', #9586, #2233, #7862, .T. ) ;
#3461 = LINE ( 'NONE', #9214, #3954 ) ;
#3462 = AXIS2_PLACEMENT_3D ( 'NONE', #1749, #6321, #8500 ) ;
#3463 = ORIENTED_EDGE ( 'NONE', *, *, #7847, .T. ) ;
#3464 = CARTESIAN_POINT ( 'NONE',  ( 0.2999999999999937700, 4.905083581410346800, 2.063883571393829700E-006 ) ) ;
#3465 = DIRECTION ( 'NONE',  ( -0.7071067811865566800, -0.7071067811865383600, 0.0000000000000000000 ) ) ;
#3466 = LINE ( 'NONE', #7106, #8116 ) ;
#3467 = ORIENTED_EDGE ( 'NONE', *, *, #174, .F. ) ;
#3468 = CARTESIAN_POINT ( 'NONE',  ( 3.491048137816604500, 2.540049851720413100, 0.9745999999999879200 ) ) ;
#3469 = LINE ( 'NONE', #6903, #9259 ) ;
#3470 = ORIENTED_EDGE ( 'NONE', *, *, #6255, .F. ) ;
#3471 = ADVANCED_FACE ( 'NONE', ( #134 ), #7925, .F. ) ;
#3472 = VECTOR ( 'NONE', #8218, 1000.000000000000000 ) ;
#3473 = DIRECTION ( 'NONE',  ( -0.7071067811865418000, -0.7071067811865530100, 0.0000000000000000000 ) ) ;
#3474 = ORIENTED_EDGE ( 'NONE', *, *, #7722, .T. ) ;
#3475 = AXIS2_PLACEMENT_3D ( 'NONE', #4421, #5175, #2098 ) ;
#3476 = ORIENTED_EDGE ( 'NONE', *, *, #8886, .F. ) ;
#3477 = DIRECTION ( 'NONE',  ( 0.7071067811865513500, -0.7071067811865438000, 0.0000000000000000000 ) ) ;
#3478 = CARTESIAN_POINT ( 'NONE',  ( -0.3844996949045082500, -1.346164917318196900, 0.9999999999999879000 ) ) ;
#3480 = CYLINDRICAL_SURFACE ( 'NONE', #7284, 1.099999999999994500 ) ;
#3479 = DIRECTION ( 'NONE',  ( 0.0000000000000000000, 0.9859791846679421000, -0.1668683535052109300 ) ) ;
#3481 = ORIENTED_EDGE ( 'NONE', *, *, #7805, .T. ) ;
#3482 = CARTESIAN_POINT ( 'NONE',  ( 2.200000000000039700, -4.899999995880150100, 2.142290222297503300E-005 ) ) ;
#3483 = AXIS2_PLACEMENT_3D ( 'NONE', #5312, #8887, #5892 ) ;
#3484 = CARTESIAN_POINT ( 'NONE',  ( 1.099999999999994300, 2.694200669593121600E-016, 1.555000000000003300 ) ) ;
#3485 = FACE_OUTER_BOUND ( 'NONE', #2401, .T. ) ;
#3486 = ORIENTED_EDGE ( 'NONE', *, *, #8744, .T. ) ;
#3487 = ORIENTED_EDGE ( 'NONE', *, *, #9595, .F. ) ;
#3488 = VERTEX_POINT ( 'NONE', #6365 ) ;
#3489 = CARTESIAN_POINT ( 'NONE',  ( -1.092224465912159400, -0.1305592434984410600, 0.9745999999999879200 ) ) ;
#3490 = CARTESIAN_POINT ( 'NONE',  ( -2.400000000000001200, 2.400000000000001200, 0.9745999999999879200 ) ) ;
#3491 = CARTESIAN_POINT ( 'NONE',  ( 0.8660549693971667500, -0.7140688959674892400, 1.104999999999999500 ) ) ;
#3492 = B_SPLINE_CURVE_WITH_KNOTS ( 'NONE', 3,
 ( #9161, #158, #8452, #1706, #8395, #3198, #4690, #1669, #4743, #1017, #9218, #190 ),
 .UNSPECIFIED., .F., .F.,
 ( 4, 2, 2, 2, 2, 4 ),
 ( 0.0000000000000000000, 0.2400962276497912700, 0.4801924552995825400, 0.7202886829493735400, 0.8403367967742690900, 0.9603849105991646400 ),
 .UNSPECIFIED. ) ;
#3493 = CARTESIAN_POINT ( 'NONE',  ( 0.0000000000000000000, 0.0000000000000000000, 0.9999999999999879000 ) ) ;
#3494 = CARTESIAN_POINT ( 'NONE',  ( -2.277830346110257600, -1.316165123696543000, 0.9000000000000069100 ) ) ;
#3495 = LINE ( 'NONE', #5592, #6072 ) ;
#3496 = CARTESIAN_POINT ( 'NONE',  ( -2.001998386448282200, -1.374527077095540000, 1.205000000000182800 ) ) ;
#3497 = EDGE_CURVE ( 'NONE', #3700, #5299, #1430, .T. ) ;
#3498 = VECTOR ( 'NONE', #8142, 1000.000000000000000 ) ;
#3499 = CARTESIAN_POINT ( 'NONE',  ( 4.915169546265580900, 0.8000000000000004900, 0.2000061751679519900 ) ) ;
#3500 = SHAPE_REPRESENTATION ( 'JS1300AQ', ( #8031 ), #4056 ) ;
#3501 = AXIS2_PLACEMENT_3D ( 'NONE', #8206, #3765, #6789 ) ;
#3502 = DIRECTION ( 'NONE',  ( 0.9859791846679423200, 0.0000000000000000000, -0.1668683535052100400 ) ) ;
#3503 = VECTOR ( 'NONE', #4698, 999.9999999999998900 ) ;
#3504 = DIRECTION ( 'NONE',  ( 0.0000000000000000000, 0.9999999175860412300, 0.0004059900380440000900 ) ) ;
#3505 = EDGE_LOOP ( 'NONE', ( #4950, #1361, #5661, #3663, #1538, #3715, #2009, #5293 ) ) ;
#3506 = CARTESIAN_POINT ( 'NONE',  ( -2.199999999999963300, -5.109556728779593500, 0.1666719549468633200 ) ) ;
#3507 = EDGE_CURVE ( 'NONE', #1605, #2026, #9641, .T. ) ;
#3508 = DIRECTION ( 'NONE',  ( 0.0000000000000000000, 0.0000000000000000000, 1.000000000000000000 ) ) ;
#3509 = EDGE_CURVE ( 'NONE', #6289, #6450, #478, .T. ) ;
#3510 = DIRECTION ( 'NONE',  ( -0.1668683535051944700, 0.0000000000000000000, 0.9859791846679448700 ) ) ;
#3511 = DIRECTION ( 'NONE',  ( 0.0000000000000000000, 0.0000000000000000000, 1.000000000000000000 ) ) ;
#3512 = CARTESIAN_POINT ( 'NONE',  ( -1.599999999999992300, 4.900000000000009200, 3.095825365892315400E-006 ) ) ;
#3513 = CARTESIAN_POINT ( 'NONE',  ( 5.202565240273885100, -1.399999999999988100, 0.6995986401512794800 ) ) ;
#3514 = CARTESIAN_POINT ( 'NONE',  ( -4.900000000000009200, 3.373149339882620900, 0.9745999999999879200 ) ) ;
#3515 = LINE ( 'NONE', #2646, #9312 ) ;
#3516 = CARTESIAN_POINT ( 'NONE',  ( 2.398823671904402000, -2.409490608222201400, 0.9000000000000069100 ) ) ;
#3517 = EDGE_CURVE ( 'NONE', #6289, #7637, #7178, .T. ) ;
#3518 = CARTESIAN_POINT ( 'NONE',  ( -0.1305592434984413900, -1.092224465912159400, 1.180000000000004400 ) ) ;
#3519 = CARTESIAN_POINT ( 'NONE',  ( 2.277830346110257600, 1.316165123696543000, 1.180000000000004400 ) ) ;
#3520 = ADVANCED_FACE ( 'NONE', ( #6139 ), #5432, .F. ) ;
#3521 = DIRECTION ( 'NONE',  ( 0.0000000000000000000, 0.0000000000000000000, 1.000000000000000000 ) ) ;
#3522 = CARTESIAN_POINT ( 'NONE',  ( 4.899999999999986100, 3.373149339882622200, 0.0000000000000000000 ) ) ;
#3523 = VERTEX_POINT ( 'NONE', #1899 ) ;
#3524 = EDGE_CURVE ( 'NONE', #8518, #292, #3678, .T. ) ;
#3525 = VERTEX_POINT ( 'NONE', #6399 ) ;
#3526 = LINE ( 'NONE', #207, #8970 ) ;
#3527 = CYLINDRICAL_SURFACE ( 'NONE', #7033, 0.1999999999999874700 ) ;
#3528 = VERTEX_POINT ( 'NONE', #2679 ) ;
#3529 = CARTESIAN_POINT ( 'NONE',  ( -1.092224465912156500, 0.1305592434984660700, 0.9999999999999879000 ) ) ;
#3530 = AXIS2_PLACEMENT_3D ( 'NONE', #6387, #1852, #2500 ) ;
#3531 = ORIENTED_EDGE ( 'NONE', *, *, #263, .T. ) ;
#3532 = FACE_OUTER_BOUND ( 'NONE', #509, .T. ) ;
#3533 = DIRECTION ( 'NONE',  ( -0.0000000000000000000, 0.0000000000000000000, -1.000000000000000000 ) ) ;
#3534 = DIRECTION ( 'NONE',  ( 0.0000000000000000000, 0.0000000000000000000, -1.000000000000000000 ) ) ;
#3535 = PRESENTATION_LAYER_ASSIGNMENT (  '', '', ( #7168 ) ) ;
#3536 = ORIENTED_EDGE ( 'NONE', *, *, #5046, .F. ) ;
#3537 = VERTEX_POINT ( 'NONE', #419 ) ;
#3538 = CARTESIAN_POINT ( 'NONE',  ( 4.899999999999986100, 3.373149339882622200, 0.0000000000000000000 ) ) ;
#3539 = DIRECTION ( 'NONE',  ( 0.0000000000000000000, 0.0000000000000000000, -1.000000000000000000 ) ) ;
#3540 = CARTESIAN_POINT ( 'NONE',  ( 0.0000000000000000000, 0.0000000000000000000, 0.9999999999999879000 ) ) ;
#3541 = VECTOR ( 'NONE', #348, 999.9999999999998900 ) ;
#3542 = ORIENTED_EDGE ( 'NONE', *, *, #692, .T. ) ;
#3543 = ORIENTED_EDGE ( 'NONE', *, *, #1671, .F. ) ;
#3544 = CARTESIAN_POINT ( 'NONE',  ( -4.475735931288068200, 3.797413408594553000, 0.9745999999999879200 ) ) ;
#3545 =( GEOMETRIC_REPRESENTATION_CONTEXT ( 3 ) GLOBAL_UNCERTAINTY_ASSIGNED_CONTEXT ( ( #7839 ) ) GLOBAL_UNIT_ASSIGNED_CONTEXT ( ( #7, #3748, #7355 ) ) REPRESENTATION_CONTEXT ( 'NONE', 'WORKASPACE' ) );
#3546 = EDGE_CURVE ( 'NONE', #2880, #1075, #9124, .T. ) ;
#3547 = PLANE ( 'NONE',  #8133 ) ;
#3548 = CARTESIAN_POINT ( 'NONE',  ( -1.599999999999975200, -4.900000000000010100, 0.1000101497517858500 ) ) ;
#3549 = ORIENTED_EDGE ( 'NONE', *, *, #2499, .F. ) ;
#3550 = CARTESIAN_POINT ( 'NONE',  ( 1.307373372340040000, 2.272610209293488600, 0.9999999999999879000 ) ) ;
#3551 = ORIENTED_EDGE ( 'NONE', *, *, #2808, .F. ) ;
#3552 = B_SPLINE_CURVE_WITH_KNOTS ( 'NONE', 3,
 ( #7389, #6673, #5192, #8223 ),
 .UNSPECIFIED., .F., .F.,
 ( 4, 4 ),
 ( 0.0000000000000000000, 1.000000000000000000 ),
 .UNSPECIFIED. ) ;
#3553 = CARTESIAN_POINT ( 'NONE',  ( 1.331867151833266500, 2.137146006776677000, 1.304165684015487400 ) ) ;
#3554 = AXIS2_PLACEMENT_3D ( 'NONE', #3777, #8892, #3025 ) ;
#3555 = CARTESIAN_POINT ( 'NONE',  ( 2.306321504328440000, -1.304439513165887700, 0.9340499370200395800 ) ) ;
#3556 = VECTOR ( 'NONE', #5680, 1000.000000000000000 ) ;
#3557 = CARTESIAN_POINT ( 'NONE',  ( -2.336892589816865800, -1.301733362169039000, 0.9230026691443888900 ) ) ;
#3558 = EDGE_LOOP ( 'NONE', ( #5, #8563, #8236 ) ) ;
#3559 = VERTEX_POINT ( 'NONE', #1930 ) ;
#3560 = ORIENTED_EDGE ( 'NONE', *, *, #5462, .F. ) ;
#3561 = CARTESIAN_POINT ( 'NONE',  ( 2.199999999999988600, 5.202565240273883300, 0.6995986401513051300 ) ) ;
#3562 = EDGE_CURVE ( 'NONE', #238, #7515, #718, .T. ) ;
#3563 = VECTOR ( 'NONE', #7558, 1000.000000000000000 ) ;
#3564 = DIRECTION ( 'NONE',  ( -0.7071067811865570100, -0.7071067811865380200, -1.047315000000000100E-031 ) ) ;
#3565 = ORIENTED_EDGE ( 'NONE', *, *, #5148, .F. ) ;
#3566 = DIRECTION ( 'NONE',  ( 1.000000000000000000, 0.0000000000000000000, 0.0000000000000000000 ) ) ;
#3567 = VECTOR ( 'NONE', #7356, 1000.000000000000100 ) ;
#3568 = EDGE_CURVE ( 'NONE', #3330, #3849, #9705, .T. ) ;
#3569 = ADVANCED_FACE ( 'NONE', ( #1546 ), #7481, .T. ) ;
#3570 = CARTESIAN_POINT ( 'NONE',  ( -0.2999999999999937700, 5.013767464732366900, 0.1833193398174324000 ) ) ;
#3571 = ORIENTED_EDGE ( 'NONE', *, *, #4450, .F. ) ;
#3572 = ORIENTED_EDGE ( 'NONE', *, *, #6646, .T. ) ;
#3573 = EDGE_CURVE ( 'NONE', #9582, #2065, #364, .T. ) ;
#3574 = CARTESIAN_POINT ( 'NONE',  ( 0.0000000000000000000, 0.0000000000000000000, 1.350000000000010300 ) ) ;
#3575 = ORIENTED_EDGE ( 'NONE', *, *, #6426, .T. ) ;
#3576 = CARTESIAN_POINT ( 'NONE',  ( 2.280918922848554700, -1.315834664482394200, 1.000003590185860800 ) ) ;
#3577 = CARTESIAN_POINT ( 'NONE',  ( -0.2999999999999684000, -4.912442089811461800, 4.564213067505599600E-005 ) ) ;
#3578 = CARTESIAN_POINT ( 'NONE',  ( 2.728390213984777500, 1.323413909622591200, 0.9000000000000067900 ) ) ;
#3579 = CARTESIAN_POINT ( 'NONE',  ( -1.331867151833266500, 2.137146006776677400, 1.304165684015486000 ) ) ;
#3580 = VECTOR ( 'NONE', #2085, 1000.000000000000000 ) ;
#3581 = DIRECTION ( 'NONE',  ( 1.000000000000000000, 0.0000000000000000000, -0.0000000000000000000 ) ) ;
#3582 = ORIENTED_EDGE ( 'NONE', *, *, #550, .T. ) ;
#3583 = CARTESIAN_POINT ( 'NONE',  ( 2.001998386448278200, -1.374527077095543800, 1.205000000000183900 ) ) ;
#3584 = DIRECTION ( 'NONE',  ( -0.0000000000000000000, 0.0000000000000000000, -1.000000000000000000 ) ) ;
#3585 = EDGE_CURVE ( 'NONE', #9507, #3528, #8944, .T. ) ;
#3586 = DIRECTION ( 'NONE',  ( 0.7071067811865520100, 0.7071067811865431300, -0.0000000000000000000 ) ) ;
#3587 = LINE ( 'NONE', #2378, #1230 ) ;
#3588 = ORIENTED_EDGE ( 'NONE', *, *, #4240, .F. ) ;
#3589 = CARTESIAN_POINT ( 'NONE',  ( 1.307775534087833600, 2.269440756501544400, 1.180000000000004400 ) ) ;
#3590 = FACE_OUTER_BOUND ( 'NONE', #3313, .T. ) ;
#3591 = FACE_OUTER_BOUND ( 'NONE', #9103, .T. ) ;
#3592 = EDGE_LOOP ( 'NONE', ( #6834, #2030, #365, #5174, #7900, #7947 ) ) ;
#3593 = EDGE_CURVE ( 'NONE', #5656, #7047, #244, .T. ) ;
#3594 = CIRCLE ( 'NONE', #5606, 1.099999999999994300 ) ;
#3595 = ORIENTED_EDGE ( 'NONE', *, *, #8929, .T. ) ;
#3596 = CARTESIAN_POINT ( 'NONE',  ( 2.200000000000039300, -4.908294723794403700, 4.395834124040014900E-005 ) ) ;
#3597 = ORIENTED_EDGE ( 'NONE', *, *, #1351, .F. ) ;
#3598 = DIRECTION ( 'NONE',  ( 0.0000000000000000000, -1.000000000000000000, -0.0000000000000000000 ) ) ;
#3599 = ORIENTED_EDGE ( 'NONE', *, *, #1229, .F. ) ;
#3600 = ORIENTED_EDGE ( 'NONE', *, *, #8061, .F. ) ;
#3601 = LINE ( 'NONE', #916, #7104 ) ;
#3602 = ORIENTED_EDGE ( 'NONE', *, *, #8266, .T. ) ;
#3603 = CARTESIAN_POINT ( 'NONE',  ( -4.912442089811461800, -1.400000000000028300, 4.564213066489702800E-005 ) ) ;
#3604 =( GEOMETRIC_REPRESENTATION_CONTEXT ( 3 ) GLOBAL_UNCERTAINTY_ASSIGNED_CONTEXT ( ( #5416 ) ) GLOBAL_UNIT_ASSIGNED_CONTEXT ( ( #4588, #5301, #5240 ) ) REPRESENTATION_CONTEXT ( 'NONE', 'WORKASPACE' ) );
#3605 = FACE_OUTER_BOUND ( 'NONE', #7330, .T. ) ;
#3606 = ORIENTED_EDGE ( 'NONE', *, *, #2015, .T. ) ;
#3607 = ORIENTED_EDGE ( 'NONE', *, *, #1834, .T. ) ;
#3608 = CARTESIAN_POINT ( 'NONE',  ( -1.334580894411543400, -2.126296883538445900, 1.304721894647571400 ) ) ;
#3609 = CARTESIAN_POINT ( 'NONE',  ( -1.027455755735944300, -0.3928927363259940900, 1.229566404263372300 ) ) ;
#3610 = DIRECTION ( 'NONE',  ( 0.7071067811871979400, -0.7071067811858970900, 0.0000000000000000000 ) ) ;
#3611 = CARTESIAN_POINT ( 'NONE',  ( -3.498823676327993400, -2.242714270721341700, 1.305000000000013300 ) ) ;
#3612 = CARTESIAN_POINT ( 'NONE',  ( 0.0000000000000000000, 0.0000000000000000000, 0.9999999999999879000 ) ) ;
#3613 = AXIS2_PLACEMENT_3D ( 'NONE', #5073, #5846, #4316 ) ;
#3614 = CARTESIAN_POINT ( 'NONE',  ( -0.2999999999999684000, -4.912360891846019800, 0.2000456256479027900 ) ) ;
#3615 = VECTOR ( 'NONE', #950, 1000.000000000000100 ) ;
#3616 = CARTESIAN_POINT ( 'NONE',  ( 3.373149339882608000, -4.900000000000010100, 0.9999999999999879000 ) ) ;
#3617 = DIRECTION ( 'NONE',  ( 1.000000000000000000, 0.0000000000000000000, 0.0000000000000000000 ) ) ;
#3618 = EDGE_LOOP ( 'NONE', ( #7797, #8284, #2829, #4626 ) ) ;
#3619 = CARTESIAN_POINT ( 'NONE',  ( 4.899999999999986100, -0.7999999999999990500, 0.06666666666666834500 ) ) ;
#3620 = B_SPLINE_CURVE_WITH_KNOTS ( 'NONE', 3,
 ( #5306, #2346, #3045, #5379 ),
 .UNSPECIFIED., .F., .F.,
 ( 4, 4 ),
 ( 0.0000000000000000000, 0.05061135182379169300 ),
 .UNSPECIFIED. ) ;
#3621 = DIRECTION ( 'NONE',  ( 1.000000000000000000, 0.0000000000000000000, 0.0000000000000000000 ) ) ;
#3622 = ADVANCED_FACE ( 'NONE', ( #7402 ), #2738, .T. ) ;
#3623 = CARTESIAN_POINT ( 'NONE',  ( -2.298706256207620600, -1.304610841623267600, 0.9511013477037942900 ) ) ;
#3624 = EDGE_CURVE ( 'NONE', #8864, #7042, #6793, .T. ) ;
#3625 = VECTOR ( 'NONE', #1419, 999.9999999999998900 ) ;
#3626 = CARTESIAN_POINT ( 'NONE',  ( -3.210234613085706000, -3.165008370689195200, 0.9999999999999879000 ) ) ;
#3627 = DIRECTION ( 'NONE',  ( 1.000000000000000000, 0.0000000000000000000, 0.0000000000000000000 ) ) ;
#3628 = VECTOR ( 'NONE', #575, 1000.000000000000200 ) ;
#3629 = CARTESIAN_POINT ( 'NONE',  ( -2.277830346110258900, -1.316165123696543300, 1.180000000000004400 ) ) ;
#3630 = CARTESIAN_POINT ( 'NONE',  ( 1.065625114319800100, -0.2728426599740672600, 1.304875309525264100 ) ) ;
#3631 = CARTESIAN_POINT ( 'NONE',  ( 1.307373372340040000, 2.272610209293488600, 0.9999999999999879000 ) ) ;
#3632 = LINE ( 'NONE', #5387, #2693 ) ;
#3633 = LINE ( 'NONE', #3933, #1514 ) ;
#3634 = EDGE_CURVE ( 'NONE', #8076, #1533, #4487, .T. ) ;
#3635 = CARTESIAN_POINT ( 'NONE',  ( 5.104562965483540700, 0.8000000000000004900, 0.1205301651312310600 ) ) ;
#3636 = DIRECTION ( 'NONE',  ( 1.000000000000000000, 0.0000000000000000000, 0.0000000000000000000 ) ) ;
#3637 = PRESENTATION_STYLE_ASSIGNMENT (( #7608 ) ) ;
#3638 = EDGE_CURVE ( 'NONE', #8894, #7802, #751, .T. ) ;
#3639 = DIRECTION ( 'NONE',  ( 0.7071067811865565700, -0.7071067811865384700, 0.0000000000000000000 ) ) ;
#3640 = CARTESIAN_POINT ( 'NONE',  ( -3.496600781998847400, 2.493597883526785400, 0.9000000000000069100 ) ) ;
#3641 = SURFACE_SIDE_STYLE ('',( #6037 ) ) ;
#3642 = ORIENTED_EDGE ( 'NONE', *, *, #2824, .F. ) ;
#3643 = CARTESIAN_POINT ( 'NONE',  ( -4.900000000000010100, -3.373149339882620000, 0.0000000000000000000 ) ) ;
#3644 = DIRECTION ( 'NONE',  ( 0.7071067811865087100, -0.7071067811865864300, 0.0000000000000000000 ) ) ;
#3645 = CARTESIAN_POINT ( 'NONE',  ( 1.307373372357169900, -2.272610209266630500, 0.9999999999999879000 ) ) ;
#3646 = DIRECTION ( 'NONE',  ( -0.7071067811865431300, -0.7071067811865520100, 0.0000000000000000000 ) ) ;
#3647 = CARTESIAN_POINT ( 'NONE',  ( 0.0000000000000000000, 0.0000000000000000000, 1.350000000000010300 ) ) ;
#3648 = ORIENTED_EDGE ( 'NONE', *, *, #5886, .T. ) ;
#3649 = EDGE_CURVE ( 'NONE', #6709, #7838, #5901, .T. ) ;
#3650 = CARTESIAN_POINT ( 'NONE',  ( 0.0000000000000000000, 0.0000000000000000000, 0.9745999999999879200 ) ) ;
#3651 = LINE ( 'NONE', #7649, #9202 ) ;
#3652 = CARTESIAN_POINT ( 'NONE',  ( -2.199999999999963300, -5.003156392598373100, 0.1372564509686151300 ) ) ;
#3653 = CARTESIAN_POINT ( 'NONE',  ( 0.3000000000000192500, -4.897191345580448100, 1.972523996270000100E-005 ) ) ;
#3654 = DIRECTION ( 'NONE',  ( 1.000000000000000000, -0.0000000000000000000, 0.0000000000000000000 ) ) ;
#3655 = CARTESIAN_POINT ( 'NONE',  ( -4.900000000000009200, 2.715432893255043100, 0.0000000000000000000 ) ) ;
#3656 = CARTESIAN_POINT ( 'NONE',  ( -1.092224465912156500, 0.1305592434984660700, 1.350000000000010300 ) ) ;
#3657 = VERTEX_POINT ( 'NONE', #4600 ) ;
#3658 = VECTOR ( 'NONE', #512, 1000.000000000000000 ) ;
#3659 = DIRECTION ( 'NONE',  ( 0.7071067811865747700, -0.7071067811865203700, 0.0000000000000000000 ) ) ;
#3660 = ORIENTED_EDGE ( 'NONE', *, *, #6264, .T. ) ;
#3661 = ORIENTED_EDGE ( 'NONE', *, *, #211, .F. ) ;
#3662 = AXIS2_PLACEMENT_3D ( 'NONE', #4059, #8456, #3302 ) ;
#3663 = ORIENTED_EDGE ( 'NONE', *, *, #9549, .F. ) ;
#3664 = ADVANCED_FACE ( 'NONE', ( #7977 ), #4569, .T. ) ;
#3665 = ORIENTED_EDGE ( 'NONE', *, *, #3772, .T. ) ;
#3666 = FILL_AREA_STYLE_COLOUR ( '', #785 ) ;
#3667 = CARTESIAN_POINT ( 'NONE',  ( -1.600000000000001200, 4.915250744231022900, 6.191650734937880400E-006 ) ) ;
#3668 = ORIENTED_EDGE ( 'NONE', *, *, #6637, .T. ) ;
#3669 = EDGE_LOOP ( 'NONE', ( #8259, #3551, #9125, #1070 ) ) ;
#3670 = ORIENTED_EDGE ( 'NONE', *, *, #9678, .F. ) ;
#3671 = DIRECTION ( 'NONE',  ( 0.0000000000000000000, -0.0000000000000000000, 1.000000000000000000 ) ) ;
#3672 = DIRECTION ( 'NONE',  ( 0.0000000000000000000, 0.0000000000000000000, -1.000000000000000000 ) ) ;
#3673 = ORIENTED_EDGE ( 'NONE', *, *, #7996, .T. ) ;
#3674 = ORIENTED_EDGE ( 'NONE', *, *, #4408, .F. ) ;
#3675 = CARTESIAN_POINT ( 'NONE',  ( 3.498823668085195800, 2.553480298555402600, 1.305000000000012600 ) ) ;
#3676 = DIRECTION ( 'NONE',  ( 0.9859791846679425400, 0.0000000000000000000, -0.1668683535052089300 ) ) ;
#3677 = DIRECTION ( 'NONE',  ( 0.0000000000000000000, 0.0000000000000000000, 1.000000000000000000 ) ) ;
#3678 = LINE ( 'NONE', #4948, #2253 ) ;
#3679 = ORIENTED_EDGE ( 'NONE', *, *, #3417, .F. ) ;
#3680 = EDGE_CURVE ( 'NONE', #721, #8225, #9003, .T. ) ;
#3681 = CARTESIAN_POINT ( 'NONE',  ( -1.301651468349404300, 2.318235250477105800, 0.9999999999999879000 ) ) ;
#3682 = B_SPLINE_CURVE_WITH_KNOTS ( 'NONE', 3,
 ( #2789, #8858, #4438, #8765 ),
 .UNSPECIFIED., .F., .F.,
 ( 4, 4 ),
 ( 0.0000000000000000000, 1.000000000000000000 ),
 .UNSPECIFIED. ) ;
#3683 = CARTESIAN_POINT ( 'NONE',  ( -0.2999999999999684000, -5.109556728779591800, 0.1666719549468636000 ) ) ;
#3684 = LINE ( 'NONE', #5225, #9128 ) ;
#3685 = AXIS2_PLACEMENT_3D ( 'NONE', #3493, #9667, #9431 ) ;
#3686 = EDGE_LOOP ( 'NONE', ( #5915, #6883, #4905, #7325 ) ) ;
#3687 = EDGE_LOOP ( 'NONE', ( #8440, #1187, #4366, #8089, #387 ) ) ;
#3688 = DIRECTION ( 'NONE',  ( 1.000000000000000000, -1.971276677246381500E-014, 0.0000000000000000000 ) ) ;
#3689 = CARTESIAN_POINT ( 'NONE',  ( -3.498823671904396400, 2.409490608222226700, 0.9999999999999879000 ) ) ;
#3690 = FACE_OUTER_BOUND ( 'NONE', #1892, .T. ) ;
#3691 = ORIENTED_EDGE ( 'NONE', *, *, #2499, .T. ) ;
#3692 = CARTESIAN_POINT ( 'NONE',  ( -3.373149339882570300, -4.900000000000009200, 0.0000000000000000000 ) ) ;
#3693 = CARTESIAN_POINT ( 'NONE',  ( -1.333229517684931100, 2.131741901360055800, 1.304721275325026800 ) ) ;
#3694 = LINE ( 'NONE', #805, #5224 ) ;
#3695 = VERTEX_POINT ( 'NONE', #7612 ) ;
#3696 = EDGE_CURVE ( 'NONE', #3097, #6485, #8203, .T. ) ;
#3697 = CARTESIAN_POINT ( 'NONE',  ( 1.298837062506481300, 0.4981606723969318500, 1.180499511281828400 ) ) ;
#3698 = DIRECTION ( 'NONE',  ( 0.7071067811865520100, -0.7071067811865431300, -0.0000000000000000000 ) ) ;
#3699 = VECTOR ( 'NONE', #646, 1000.000000000000200 ) ;
#3700 = VERTEX_POINT ( 'NONE', #995 ) ;
#3701 = EDGE_CURVE ( 'NONE', #7397, #9037, #2966, .T. ) ;
#3702 = DIRECTION ( 'NONE',  ( -0.7071067811865258100, -0.7071067811865692200, 0.0000000000000000000 ) ) ;
#3703 = CARTESIAN_POINT ( 'NONE',  ( -1.600000000000001000, 5.104562965483540700, 0.1205301651312310600 ) ) ;
#3704 = LINE ( 'NONE', #1243, #1570 ) ;
#3705 = ORIENTED_EDGE ( 'NONE', *, *, #3029, .T. ) ;
#3706 = CARTESIAN_POINT ( 'NONE',  ( -5.109556728779591800, 1.399999999999962600, 0.1666719549468382000 ) ) ;
#3707 = EDGE_CURVE ( 'NONE', #8653, #4812, #5922, .T. ) ;
#3708 = CARTESIAN_POINT ( 'NONE',  ( 2.686746336949380300, 3.480860554353529100, 1.305000000000012600 ) ) ;
#3710 = VECTOR ( 'NONE', #2936, 999.9999999999998900 ) ;
#3709 = CARTESIAN_POINT ( 'NONE',  ( -3.797413408594520100, -4.475735931288087800, 0.9999999999999879000 ) ) ;
#3711 = ORIENTED_EDGE ( 'NONE', *, *, #3707, .T. ) ;
#3712 = CARTESIAN_POINT ( 'NONE',  ( -0.3798647017656285300, -1.032328827628331100, 1.205000000000210600 ) ) ;
#3713 = FACE_OUTER_BOUND ( 'NONE', #466, .T. ) ;
#3714 = VECTOR ( 'NONE', #3654, 1000.000000000000000 ) ;
#3715 = ORIENTED_EDGE ( 'NONE', *, *, #5112, .F. ) ;
#3716 = ORIENTED_EDGE ( 'NONE', *, *, #965, .F. ) ;
#3717 = ORIENTED_EDGE ( 'NONE', *, *, #3212, .T. ) ;
#3718 = CARTESIAN_POINT ( 'NONE',  ( 1.331867151833266500, -2.137146006776677400, 1.304165684015486000 ) ) ;
#3719 = EDGE_CURVE ( 'NONE', #4840, #6684, #3210, .T. ) ;
#3720 = CARTESIAN_POINT ( 'NONE',  ( 2.200000000000039300, -5.101158667387508700, 0.7163249259817521300 ) ) ;
#3721 = ADVANCED_FACE ( 'NONE', ( #9230 ), #6703, .F. ) ;
#3722 = VECTOR ( 'NONE', #2567, 1000.000000000000000 ) ;
#3723 = VERTEX_POINT ( 'NONE', #9084 ) ;
#3724 = DIRECTION ( 'NONE',  ( 0.7071067811865583400, -0.7071067811865368000, 0.0000000000000000000 ) ) ;
#3725 = LINE ( 'NONE', #6783, #3371 ) ;
#3726 = ORIENTED_EDGE ( 'NONE', *, *, #2106, .F. ) ;
#3727 = DIRECTION ( 'NONE',  ( -0.0000000000000000000, -1.000000000000000000, -0.0000000000000000000 ) ) ;
#3728 = CARTESIAN_POINT ( 'NONE',  ( -2.874245012075791600, -3.411054822616228100, 0.9999999999999876800 ) ) ;
#3729 = EDGE_LOOP ( 'NONE', ( #9373, #173, #1987, #6799 ) ) ;
#3730 = CARTESIAN_POINT ( 'NONE',  ( -4.912360891846019800, -0.8000000000000258000, 0.2000456256478774200 ) ) ;
#3731 = AXIS2_PLACEMENT_3D ( 'NONE', #2369, #7690, #4685 ) ;
#3732 = ORIENTED_EDGE ( 'NONE', *, *, #1685, .F. ) ;
#3733 = CARTESIAN_POINT ( 'NONE',  ( -2.277830346110261600, -1.316165123696538800, 1.195186307314755900 ) ) ;
#3734 = CIRCLE ( 'NONE', #3169, 1.099999999999994300 ) ;
#3735 = CARTESIAN_POINT ( 'NONE',  ( -1.298800427932589800, -2.409490652248750900, 1.305000000000012600 ) ) ;
#3736 = CARTESIAN_POINT ( 'NONE',  ( 3.797413408594519700, -4.475735931288087800, 0.2000000000000128600 ) ) ;
#3737 = VECTOR ( 'NONE', #608, 1000.000000000000000 ) ;
#3738 = B_SPLINE_CURVE_WITH_KNOTS ( 'NONE', 3,
 ( #2531, #2560, #3385, #7832 ),
 .UNSPECIFIED., .F., .F.,
 ( 4, 4 ),
 ( 0.0000000000000000000, 1.000000000000000000 ),
 .UNSPECIFIED. ) ;
#3739 = CARTESIAN_POINT ( 'NONE',  ( -3.373149339882636900, 4.900000000000009200, 0.9745999999999879200 ) ) ;
#3740 = VECTOR ( 'NONE', #8282, 1000.000000000000000 ) ;
#3741 = AXIS2_PLACEMENT_3D ( 'NONE', #3752, #4445, #6741 ) ;
#3742 = CARTESIAN_POINT ( 'NONE',  ( -3.373149339882592500, -4.900000000000011900, 0.9745999999999879200 ) ) ;
#3743 = EDGE_CURVE ( 'NONE', #3856, #4426, #7405, .T. ) ;
#3744 = EDGE_LOOP ( 'NONE', ( #9022, #6279, #8794, #2939 ) ) ;
#3745 = DIRECTION ( 'NONE',  ( 0.0000000000000000000, 0.0000000000000000000, 1.000000000000000000 ) ) ;
#3746 = CARTESIAN_POINT ( 'NONE',  ( -0.2999999999999938300, 4.900000000000009200, 0.03333333333333547700 ) ) ;
#3747 = CARTESIAN_POINT ( 'NONE',  ( -1.327453727949597700, 2.697413282200041600, 1.305000000000012800 ) ) ;
#3748 =( NAMED_UNIT ( * ) PLANE_ANGLE_UNIT ( ) SI_UNIT ( $, .RADIAN. ) );
#3749 = DIRECTION ( 'NONE',  ( 1.000000000000000000, -0.0000000000000000000, 0.0000000000000000000 ) ) ;
#3750 = AXIS2_PLACEMENT_3D ( 'NONE', #9122, #843, #3951 ) ;
#3751 = PRESENTATION_STYLE_ASSIGNMENT (( #5499 ) ) ;
#3752 = CARTESIAN_POINT ( 'NONE',  ( -3.434464939830575300, -2.473299704662437600, -3.475143577977154700E-016 ) ) ;
#3753 = ORIENTED_EDGE ( 'NONE', *, *, #5228, .F. ) ;
#3754 = ORIENTED_EDGE ( 'NONE', *, *, #5041, .T. ) ;
#3755 = B_SPLINE_CURVE_WITH_KNOTS ( 'NONE', 3,
 ( #6695, #6025, #726, #7581, #8976, #6061, #8885, #792, #1519, #9647, #7478, #6765, #3837, #6800, #5990, #2211, #3082, #4565 ),
 .UNSPECIFIED., .F., .F.,
 ( 4, 2, 2, 2, 2, 2, 2, 2, 4 ),
 ( 0.0000000000000000000, 0.06250000000000002800, 0.1250000000000000300, 0.1875000000000000600, 0.2500000000000000600, 0.3125000000000000000, 0.3750000000000000000, 0.4375000000000000000, 0.5000000000000000000 ),
 .UNSPECIFIED. ) ;
#3756 = PLANE ( 'NONE',  #7609 ) ;
#3757 = CARTESIAN_POINT ( 'NONE',  ( -4.475735931288054000, -3.797413408594557900, 0.9745999999999878100 ) ) ;
#3758 = EDGE_CURVE ( 'NONE', #598, #6168, #1665, .T. ) ;
#3759 = CARTESIAN_POINT ( 'NONE',  ( -3.499999999999995100, 2.400000000000001200, 0.9745999999999879200 ) ) ;
#3760 = CARTESIAN_POINT ( 'NONE',  ( 5.103967321807069800, -1.399999999999988100, 0.7162854755018253100 ) ) ;
#3761 = DIRECTION ( 'NONE',  ( -0.7071067811865746600, 0.7071067811865204800, 0.0000000000000000000 ) ) ;
#3762 = VECTOR ( 'NONE', #3304, 1000.000000000000000 ) ;
#3763 = CARTESIAN_POINT ( 'NONE',  ( 3.498871687761028900, 2.409490666577847900, 1.305000000000012600 ) ) ;
#3764 = EDGE_CURVE ( 'NONE', #4030, #7796, #6872, .T. ) ;
#3765 = DIRECTION ( 'NONE',  ( 0.0000000000000000000, 0.9859791846679418800, 0.1668683535052130100 ) ) ;
#3766 = ORIENTED_EDGE ( 'NONE', *, *, #6951, .F. ) ;
#3767 = VECTOR ( 'NONE', #5166, 1000.000000000000000 ) ;
#3768 = ADVANCED_FACE ( 'NONE', ( #3324 ), #6195, .T. ) ;
#3769 = CARTESIAN_POINT ( 'NONE',  ( 3.797413408594510800, 4.475735931288079800, 0.9745999999999879200 ) ) ;
#3770 = CARTESIAN_POINT ( 'NONE',  ( 1.503280131421735900, 3.063112433012675300, 0.9999999999999879000 ) ) ;
#3771 = ORIENTED_EDGE ( 'NONE', *, *, #8730, .F. ) ;
#3772 = EDGE_CURVE ( 'NONE', #4701, #5316, #4559, .T. ) ;
#3773 = ORIENTED_EDGE ( 'NONE', *, *, #6276, .T. ) ;
#3774 = ORIENTED_EDGE ( 'NONE', *, *, #4973, .F. ) ;
#3775 = PLANE ( 'NONE',  #4930 ) ;
#3776 = LINE ( 'NONE', #5709, #4010 ) ;
#3777 = CARTESIAN_POINT ( 'NONE',  ( 1.600000000000026300, -4.912360891846019800, 0.2000456256479027900 ) ) ;
#3778 = CARTESIAN_POINT ( 'NONE',  ( -0.2999999999999684600, -5.077184635083401800, 0.07749181265277631200 ) ) ;
#3779 = DIRECTION ( 'NONE',  ( 1.000000000000000000, -0.0000000000000000000, 0.0000000000000000000 ) ) ;
#3780 = ORIENTED_EDGE ( 'NONE', *, *, #6204, .T. ) ;
#3781 = EDGE_CURVE ( 'NONE', #9609, #5243, #4153, .T. ) ;
#3782 = DIRECTION ( 'NONE',  ( 1.000000000000000000, -7.105427357601001900E-015, 0.0000000000000000000 ) ) ;
#3783 = ORIENTED_EDGE ( 'NONE', *, *, #3875, .T. ) ;
#3784 = CYLINDRICAL_SURFACE ( 'NONE', #4321, 0.1999999999999874100 ) ;
#3785 = DIRECTION ( 'NONE',  ( -1.000000000000000000, 0.0000000000000000000, 0.0000000000000000000 ) ) ;
#3786 = VERTEX_POINT ( 'NONE', #6219 ) ;
#3787 = VERTEX_POINT ( 'NONE', #9179 ) ;
#3788 = CARTESIAN_POINT ( 'NONE',  ( -4.912442089811461800, -0.8000000000000258000, 4.564213066489702800E-005 ) ) ;
#3789 = CARTESIAN_POINT ( 'NONE',  ( -1.934778471126810600, -1.402900562485758700, 1.113782543013651000 ) ) ;
#3790 = CARTESIAN_POINT ( 'NONE',  ( -4.899063776367008000, -1.400000000000038800, 4.021066823431818400E-005 ) ) ;
#3791 = CARTESIAN_POINT ( 'NONE',  ( 4.475735931288053100, -3.797413408594537000, 0.9745999999999879200 ) ) ;
#3792 = ORIENTED_EDGE ( 'NONE', *, *, #330, .F. ) ;
#3793 = DIRECTION ( 'NONE',  ( 0.7071067811865849900, -0.7071067811865101600, 0.0000000000000000000 ) ) ;
#3794 = EDGE_LOOP ( 'NONE', ( #6796, #9355, #4896, #3665 ) ) ;
#3795 = CARTESIAN_POINT ( 'NONE',  ( 0.6981401909111869500, 0.08674833620587621400, 1.180000000000004400 ) ) ;
#3796 = VERTEX_POINT ( 'NONE', #4759 ) ;
#3797 = DIRECTION ( 'NONE',  ( -0.0000000000000000000, -1.000000000000000000, -0.0000000000000000000 ) ) ;
#3798 = B_SPLINE_CURVE_WITH_KNOTS ( 'NONE', 3,
 ( #685, #7441, #5884, #8170 ),
 .UNSPECIFIED., .F., .F.,
 ( 4, 4 ),
 ( 0.0000000000000000000, 1.000000000000000000 ),
 .UNSPECIFIED. ) ;
#3799 = MANIFOLD_SOLID_BREP ( 'Split2[2]', #3008 ) ;
#3800 = ORIENTED_EDGE ( 'NONE', *, *, #1904, .T. ) ;
#3801 = ORIENTED_EDGE ( 'NONE', *, *, #4471, .F. ) ;
#3802 = CARTESIAN_POINT ( 'NONE',  ( 1.298826156556821500, 2.409490607480023100, 0.9999999999999879000 ) ) ;
#3803 = AXIS2_PLACEMENT_3D ( 'NONE', #681, #4515, #618 ) ;
#3804 = VECTOR ( 'NONE', #3262, 999.9999999999998900 ) ;
#3805 = ORIENTED_EDGE ( 'NONE', *, *, #2402, .T. ) ;
#3806 = CARTESIAN_POINT ( 'NONE',  ( -4.912401490849809700, -1.400000000000038800, 0.1000456338892762700 ) ) ;
#3807 = CARTESIAN_POINT ( 'NONE',  ( 1.346430526988910700, -0.3835733962146156100, 1.008243544018637700 ) ) ;
#3808 = DIRECTION ( 'NONE',  ( 0.7071067811865525700, -0.7071067811865425800, -5.651048599252014300E-017 ) ) ;
#3809 = ORIENTED_EDGE ( 'NONE', *, *, #8287, .F. ) ;
#3810 = DIRECTION ( 'NONE',  ( 0.9859791846679418800, -0.0000000000000000000, 0.1668683535052130100 ) ) ;
#3811 = VECTOR ( 'NONE', #7167, 1000.000000000000000 ) ;
#3812 = ORIENTED_EDGE ( 'NONE', *, *, #6512, .T. ) ;
#3813 = ORIENTED_EDGE ( 'NONE', *, *, #1424, .F. ) ;
#3814 = EDGE_CURVE ( 'NONE', #3700, #171, #953, .T. ) ;
#3815 = LINE ( 'NONE', #9550, #7994 ) ;
#3816 = DIRECTION ( 'NONE',  ( -0.7071067811865268100, 0.7071067811865682200, 0.0000000000000000000 ) ) ;
#3817 = CARTESIAN_POINT ( 'NONE',  ( 4.899999999999984400, 0.8000000000000004900, 3.095825364619322300E-006 ) ) ;
#3818 = ORIENTED_EDGE ( 'NONE', *, *, #8305, .F. ) ;
#3819 = DIRECTION ( 'NONE',  ( -0.0000000000000000000, 0.0000000000000000000, -1.000000000000000000 ) ) ;
#3820 = ADVANCED_FACE ( 'NONE', ( #1200 ), #4929, .T. ) ;
#3821 = DIRECTION ( 'NONE',  ( 0.0000000000000000000, 0.0000000000000000000, 1.000000000000000000 ) ) ;
#3822 = LINE ( 'NONE', #3269, #9385 ) ;
#3823 = CARTESIAN_POINT ( 'NONE',  ( -0.5003554042673271600, -0.9796144493730506400, 1.104999999999999500 ) ) ;
#3824 = ORIENTED_EDGE ( 'NONE', *, *, #9039, .T. ) ;
#3825 = CARTESIAN_POINT ( 'NONE',  ( 0.3000000000000194200, -4.900000000000010100, 0.1000101497517858500 ) ) ;
#3826 = CARTESIAN_POINT ( 'NONE',  ( -1.599999999999975400, 4.905070048420899600, 0.1000020666307042300 ) ) ;
#3827 = CARTESIAN_POINT ( 'NONE',  ( -1.600000000000001000, 4.915169546265580900, 0.2000061751679519900 ) ) ;
#3828 = LINE ( 'NONE', #1302, #1805 ) ;
#3829 = EDGE_LOOP ( 'NONE', ( #7450, #4429, #6590, #6085, #235, #2911, #925, #593 ) ) ;
#3830 = CARTESIAN_POINT ( 'NONE',  ( -4.482806999099937100, 3.804484476406420500, 0.9999999999999879000 ) ) ;
#3831 = DIRECTION ( 'NONE',  ( -0.7071067811866126300, -0.7071067811864825100, 0.0000000000000000000 ) ) ;
#3832 = ORIENTED_EDGE ( 'NONE', *, *, #153, .T. ) ;
#3833 = EDGE_CURVE ( 'NONE', #8422, #6485, #1773, .T. ) ;
#3834 = CARTESIAN_POINT ( 'NONE',  ( 0.3000000000000192500, -5.077184635083400900, 0.07749181265277634000 ) ) ;
#3835 = CIRCLE ( 'NONE', #6790, 1.099999999999992100 ) ;
#3836 = VERTEX_POINT ( 'NONE', #6316 ) ;
#3837 = CARTESIAN_POINT ( 'NONE',  ( -0.6760013919724026100, -0.8796335266379937700, 1.555000000000003300 ) ) ;
#3838 = VECTOR ( 'NONE', #9577, 1000.000000000000000 ) ;
#3839 = ORIENTED_EDGE ( 'NONE', *, *, #7188, .F. ) ;
#3840 = ORIENTED_EDGE ( 'NONE', *, *, #8750, .T. ) ;
#3841 = ORIENTED_EDGE ( 'NONE', *, *, #194, .T. ) ;
#3842 = DIRECTION ( 'NONE',  ( 0.0000000000000000000, 0.9999999175860412300, -0.0004059900380430000700 ) ) ;
#3843 = EDGE_CURVE ( 'NONE', #4118, #6828, #4500, .T. ) ;
#3845 = ORIENTED_EDGE ( 'NONE', *, *, #8886, .T. ) ;
#3844 = DIRECTION ( 'NONE',  ( -0.7071067811865480200, 0.7071067811865470200, -0.0000000000000000000 ) ) ;
#3846 = CARTESIAN_POINT ( 'NONE',  ( -3.373149339882620900, 4.900000000000009200, 0.0000000000000000000 ) ) ;
#3847 = ORIENTED_EDGE ( 'NONE', *, *, #594, .T. ) ;
#3848 = LINE ( 'NONE', #7814, #3013 ) ;
#3849 = VERTEX_POINT ( 'NONE', #6285 ) ;
#3850 = CARTESIAN_POINT ( 'NONE',  ( -2.332465082176109500, 1.311422236491642600, 0.9306211946767962700 ) ) ;
#3851 = CARTESIAN_POINT ( 'NONE',  ( 0.3798647017656286400, 1.032328827628331100, 1.205000000000210600 ) ) ;
#3852 = ORIENTED_EDGE ( 'NONE', *, *, #5771, .F. ) ;
#3853 = ORIENTED_EDGE ( 'NONE', *, *, #2875, .F. ) ;
#3854 = CARTESIAN_POINT ( 'NONE',  ( 1.244077303044761200, -0.4434009129352117800, 1.180000000000004400 ) ) ;
#3855 = PLANE ( 'NONE',  #7290 ) ;
#3856 = VERTEX_POINT ( 'NONE', #2650 ) ;
#3857 = CARTESIAN_POINT ( 'NONE',  ( -2.277891258035849500, -1.316158382852614000, 1.016282590891189000 ) ) ;
#3858 = CARTESIAN_POINT ( 'NONE',  ( -5.077184635083401800, -0.8000000000000259100, 0.07749181265275097200 ) ) ;
#3859 = CARTESIAN_POINT ( 'NONE',  ( 2.345684423683974500, 1.310696230118391500, 0.9230420284623273000 ) ) ;
#3860 = VECTOR ( 'NONE', #6277, 1000.000000000000000 ) ;
#3861 = CARTESIAN_POINT ( 'NONE',  ( 2.444109822320299900, -1.305667904609961500, 0.8999999999999982500 ) ) ;
#3862 = DIRECTION ( 'NONE',  ( 0.0000000000000000000, -0.1668683535052100400, 0.9859791846679423200 ) ) ;
#3863 = ORIENTED_EDGE ( 'NONE', *, *, #7247, .F. ) ;
#3864 = DIRECTION ( 'NONE',  ( 1.000000000000000000, 0.0000000000000000000, 0.0000000000000000000 ) ) ;
#3865 = DIRECTION ( 'NONE',  ( 0.7071067812033602400, -0.7071067811697346900, 0.0000000000000000000 ) ) ;
#3866 = DIRECTION ( 'NONE',  ( -0.7071067811865380200, 0.7071067811865571200, 0.0000000000000000000 ) ) ;
#3867 = AXIS2_PLACEMENT_3D ( 'NONE', #595, #7961, #2044 ) ;
#3868 = VECTOR ( 'NONE', #4427, 1000.000000000000000 ) ;
#3869 = B_SPLINE_CURVE_WITH_KNOTS ( 'NONE', 3,
 ( #9562, #1992, #2769, #8041 ),
 .UNSPECIFIED., .F., .F.,
 ( 4, 4 ),
 ( 0.0000000000000000000, 1.000000000000000000 ),
 .UNSPECIFIED. ) ;
#3870 = LINE ( 'NONE', #960, #668 ) ;
#3871 = ADVANCED_FACE ( 'NONE', ( #4266 ), #4852, .T. ) ;
#3872 = DIRECTION ( 'NONE',  ( 0.7071067811865531200, -0.7071067811865420200, 0.0000000000000000000 ) ) ;
#3873 = CARTESIAN_POINT ( 'NONE',  ( 0.2999999999999937700, 5.013767464732374900, 0.1833193398174311500 ) ) ;
#3874 = CARTESIAN_POINT ( 'NONE',  ( -1.092224465912159400, -0.1305592434984410600, 1.180000000000004400 ) ) ;
#3875 = EDGE_CURVE ( 'NONE', #2907, #3786, #6460, .T. ) ;
#3876 = CIRCLE ( 'NONE', #4735, 1.099999999999992100 ) ;
#3877 = SURFACE_SIDE_STYLE ('',( #6466 ) ) ;
#3878 = CARTESIAN_POINT ( 'NONE',  ( 0.2999999999999937700, 4.915210145269370800, 0.1000049467274789600 ) ) ;
#3879 = CARTESIAN_POINT ( 'NONE',  ( -4.900000000000009200, 3.373149339882570700, 0.0000000000000000000 ) ) ;
#3880 = ADVANCED_FACE ( 'NONE', ( #4849 ), #234, .F. ) ;
#3881 = DIRECTION ( 'NONE',  ( 1.000000000000000000, 0.0000000000000000000, -0.0000000000000000000 ) ) ;
#3882 = CARTESIAN_POINT ( 'NONE',  ( -2.787348216779865800, 1.366963374069335900, 1.305000000000012600 ) ) ;
#3883 = SURFACE_STYLE_FILL_AREA ( #1771 ) ;
#3884 = ORIENTED_EDGE ( 'NONE', *, *, #4464, .F. ) ;
#3885 = CARTESIAN_POINT ( 'NONE',  ( -4.959200009505009300, -0.8000000000000259100, 6.462537196616263600E-005 ) ) ;
#3886 = EDGE_CURVE ( 'NONE', #2608, #2980, #8151, .T. ) ;
#3887 = DIRECTION ( 'NONE',  ( 0.0000000000000000000, 0.0000000000000000000, 1.000000000000000000 ) ) ;
#3888 = DIRECTION ( 'NONE',  ( 0.7071067811865579000, -0.7071067811865370300, 5.651048599252078400E-017 ) ) ;
#3889 = ORIENTED_EDGE ( 'NONE', *, *, #1978, .T. ) ;
#3890 = LINE ( 'NONE', #5038, #9330 ) ;
#3891 = EDGE_CURVE ( 'NONE', #8824, #828, #944, .T. ) ;
#3892 = CARTESIAN_POINT ( 'NONE',  ( -2.542813329479184600, -3.509490608691060200, 1.305000000000012600 ) ) ;
#3893 = CARTESIAN_POINT ( 'NONE',  ( -0.9710488006423473300, -0.5167825720465769600, 1.104999999999999500 ) ) ;
#3894 = B_SPLINE_CURVE_WITH_KNOTS ( 'NONE', 3,
 ( #2159, #7394, #18, #4612 ),
 .UNSPECIFIED., .F., .F.,
 ( 4, 4 ),
 ( 0.9603849105991658600, 1.000000000000000000 ),
 .UNSPECIFIED. ) ;
#3895 = ORIENTED_EDGE ( 'NONE', *, *, #4278, .T. ) ;
#3896 = CARTESIAN_POINT ( 'NONE',  ( 5.112365383199167100, -1.399999999999988100, 0.1666325044669145200 ) ) ;
#3897 = EDGE_CURVE ( 'NONE', #487, #1743, #8878, .T. ) ;
#3898 = FACE_OUTER_BOUND ( 'NONE', #6930, .T. ) ;
#3899 = CARTESIAN_POINT ( 'NONE',  ( 3.655992052357206000, 4.617157287525381000, 0.9745999999999879200 ) ) ;
#3900 = ORIENTED_EDGE ( 'NONE', *, *, #7381, .F. ) ;
#3901 = ORIENTED_EDGE ( 'NONE', *, *, #231, .F. ) ;
#3902 = CARTESIAN_POINT ( 'NONE',  ( 1.070232879278043600, -0.2548463878873935000, 1.304160858513266000 ) ) ;
#3903 = EDGE_CURVE ( 'NONE', #2260, #5776, #3044, .T. ) ;
#3904 = CARTESIAN_POINT ( 'NONE',  ( 1.017407882738116800, -0.4189505452445166400, 1.151589969645593600 ) ) ;
#3905 = ORIENTED_EDGE ( 'NONE', *, *, #585, .T. ) ;
#3906 = CARTESIAN_POINT ( 'NONE',  ( 3.373149339882619600, -4.900000000000009200, 7.444625512977249100E-021 ) ) ;
#3907 = ORIENTED_EDGE ( 'NONE', *, *, #712, .T. ) ;
#3908 = LINE ( 'NONE', #9675, #2241 ) ;
#3909 = EDGE_LOOP ( 'NONE', ( #1903, #9441, #2544, #2781 ) ) ;
#3910 = CARTESIAN_POINT ( 'NONE',  ( -2.444109822320299900, 1.305667904609974400, 0.8999999999999983600 ) ) ;
#3911 = EDGE_CURVE ( 'NONE', #7902, #8073, #5245, .T. ) ;
#3912 = ADVANCED_FACE ( 'NONE', ( #4490 ), #9116, .F. ) ;
#3913 = ORIENTED_EDGE ( 'NONE', *, *, #2, .T. ) ;
#3914 = ORIENTED_EDGE ( 'NONE', *, *, #4816, .T. ) ;
#3915 = CARTESIAN_POINT ( 'NONE',  ( -2.278876193014984800, -1.316048203689776300, 1.007938759835124800 ) ) ;
#3916 = CARTESIAN_POINT ( 'NONE',  ( 1.092224465912155200, -0.1305592434984655400, 0.9745999999999879200 ) ) ;
#3917 = CARTESIAN_POINT ( 'NONE',  ( 2.385101783262422200, 1.309261918363505500, 0.9057605071155872000 ) ) ;
#3918 = VECTOR ( 'NONE', #7213, 999.9999999999998900 ) ;
#3919 = ORIENTED_EDGE ( 'NONE', *, *, #4318, .F. ) ;
#3920 = CARTESIAN_POINT ( 'NONE',  ( -1.599999999999975400, 4.910140096845134700, 0.1000041250200265100 ) ) ;
#3921 = CARTESIAN_POINT ( 'NONE',  ( 3.373149339882570300, 4.900000000000009200, 0.0000000000000000000 ) ) ;
#3922 = ORIENTED_EDGE ( 'NONE', *, *, #3179, .T. ) ;
#3923 = CARTESIAN_POINT ( 'NONE',  ( 2.460865732905233900, -1.298650773417952400, 1.305000000000012600 ) ) ;
#3924 = VECTOR ( 'NONE', #3749, 1000.000000000000000 ) ;
#3925 = VERTEX_POINT ( 'NONE', #3468 ) ;
#3926 = ORIENTED_EDGE ( 'NONE', *, *, #2015, .F. ) ;
#3927 = CARTESIAN_POINT ( 'NONE',  ( 3.804484476406383200, -4.482806999099951300, 0.9999999999999879000 ) ) ;
#3928 = ADVANCED_FACE ( 'NONE', ( #2490 ), #5752, .F. ) ;
#3929 = ORIENTED_EDGE ( 'NONE', *, *, #413, .T. ) ;
#3930 = EDGE_CURVE ( 'NONE', #3060, #8987, #2344, .T. ) ;
#3931 = ORIENTED_EDGE ( 'NONE', *, *, #9225, .T. ) ;
#3932 = CARTESIAN_POINT ( 'NONE',  ( -2.998018799665192400, -1.446027904643367700, 0.9000000000000070200 ) ) ;
#3933 = CARTESIAN_POINT ( 'NONE',  ( -5.101158667387509600, 1.399999999999962600, 0.7163249259817547900 ) ) ;
#3934 = LINE ( 'NONE', #6455, #1906 ) ;
#3935 = AXIS2_PLACEMENT_3D ( 'NONE', #2123, #9664, #3688 ) ;
#3936 = VERTEX_POINT ( 'NONE', #3529 ) ;
#3937 = CARTESIAN_POINT ( 'NONE',  ( -1.032315355443198300, 0.3793862176167576700, 1.253973635424179900 ) ) ;
#3938 = SHAPE_REPRESENTATION ( 'JS1300AQ', ( #4189, #6060 ), #2678 ) ;
#3939 = CARTESIAN_POINT ( 'NONE',  ( -0.2999999999999684000, -4.908294723794403700, 4.395834124040014900E-005 ) ) ;
#3940 = B_SPLINE_CURVE_WITH_KNOTS ( 'NONE', 3,
 ( #3910, #963, #8288, #3162, #3850, #9025, #2358, #6914 ),
 .UNSPECIFIED., .F., .F.,
 ( 4, 2, 2, 4 ),
 ( 0.0000000000000000000, 0.3826383280132015800, 0.5739574920197997300, 0.7652766560263979400 ),
 .UNSPECIFIED. ) ;
#3942 = CYLINDRICAL_SURFACE ( 'NONE', #6670, 1.099999999999992100 ) ;
#3941 = CARTESIAN_POINT ( 'NONE',  ( 3.373149339882608000, -4.900000000000010100, 0.9999999999999879000 ) ) ;
#3943 = ORIENTED_EDGE ( 'NONE', *, *, #8652, .F. ) ;
#3944 = DIRECTION ( 'NONE',  ( 0.0000000000000000000, -0.9859791846679490900, -0.1668683535051695400 ) ) ;
#3945 = CYLINDRICAL_SURFACE ( 'NONE', #2421, 0.1250000000000080200 ) ;
#3946 = ORIENTED_EDGE ( 'NONE', *, *, #8431, .F. ) ;
#3947 = EDGE_CURVE ( 'NONE', #5243, #5558, #6235, .T. ) ;
#3948 = PLANE ( 'NONE',  #1746 ) ;
#3949 = LINE ( 'NONE', #9026, #8466 ) ;
#3950 = EDGE_LOOP ( 'NONE', ( #2165, #7379, #8638, #2138 ) ) ;
#3951 = DIRECTION ( 'NONE',  ( 0.0000000000000000000, 0.9999999175860412300, -0.0004059900380430000700 ) ) ;
#3952 = EDGE_CURVE ( 'NONE', #7398, #6310, #465, .T. ) ;
#3953 = CARTESIAN_POINT ( 'NONE',  ( -2.199999999999963300, -4.898127560973727600, 3.983057407985909300E-005 ) ) ;
#3954 = VECTOR ( 'NONE', #5536, 1000.000000000000000 ) ;
#3955 = LINE ( 'NONE', #7452, #290 ) ;
#3956 = ORIENTED_EDGE ( 'NONE', *, *, #7577, .F. ) ;
#3957 = CARTESIAN_POINT ( 'NONE',  ( -5.101158667387508700, 1.399999999999962600, 0.7163249259817521300 ) ) ;
#3958 = EDGE_LOOP ( 'NONE', ( #2162, #1636, #9144, #976 ) ) ;
#3959 = CARTESIAN_POINT ( 'NONE',  ( 0.2628539873737371600, -1.068132848986816500, 1.304165683834840800 ) ) ;
#3960 = ORIENTED_EDGE ( 'NONE', *, *, #7216, .T. ) ;
#3961 = FACE_OUTER_BOUND ( 'NONE', #526, .T. ) ;
#3962 = ORIENTED_EDGE ( 'NONE', *, *, #2545, .T. ) ;
#3963 = CARTESIAN_POINT ( 'NONE',  ( -3.498823668085196300, -2.553480298555375900, 1.305000000000012600 ) ) ;
#3964 = CARTESIAN_POINT ( 'NONE',  ( -0.2999999999999684000, -4.959159410536335200, 0.1000646171404423900 ) ) ;
#3965 = VECTOR ( 'NONE', #3888, 1000.000000000000100 ) ;
#3966 = VERTEX_POINT ( 'NONE', #8661 ) ;
#3967 = VERTEX_POINT ( 'NONE', #3435 ) ;
#3968 = ORIENTED_EDGE ( 'NONE', *, *, #6255, .T. ) ;
#3969 = B_SPLINE_CURVE_WITH_KNOTS ( 'NONE', 3,
 ( #6034, #8157, #6772, #8983, #7549, #4499 ),
 .UNSPECIFIED., .F., .F.,
 ( 4, 2, 4 ),
 ( 0.0000000000000000000, 0.5000000000000000000, 1.000000000000000000 ),
 .UNSPECIFIED. ) ;
#3970 = EDGE_CURVE ( 'NONE', #623, #5831, #8999, .T. ) ;
#3971 = ADVANCED_FACE ( 'NONE', ( #8657 ), #6464, .T. ) ;
#3972 = CARTESIAN_POINT ( 'NONE',  ( -2.199999999999963300, -5.109556728779596200, 0.1666719549468629300 ) ) ;
#3973 = CARTESIAN_POINT ( 'NONE',  ( 0.2999999999999937700, 4.900000000000009200, -8.881783100000001500E-015 ) ) ;
#3974 = CIRCLE ( 'NONE', #3475, 1.399999999999989300 ) ;
#3975 = CARTESIAN_POINT ( 'NONE',  ( -2.199999999999963300, -5.199756585854312400, 0.6996380906312322800 ) ) ;
#3976 = FACE_OUTER_BOUND ( 'NONE', #7849, .T. ) ;
#3977 = CARTESIAN_POINT ( 'NONE',  ( 0.9709989722272242000, 0.5168761901400376100, 1.104999999999999500 ) ) ;
#3978 = EDGE_CURVE ( 'NONE', #2745, #7312, #5889, .T. ) ;
#3979 = AXIS2_PLACEMENT_3D ( 'NONE', #4826, #5599, #1101 ) ;
#3980 = CARTESIAN_POINT ( 'NONE',  ( -2.199999999999983700, 4.899999999998670800, 0.1000000032965566200 ) ) ;
#3981 = ADVANCED_FACE ( 'NONE', ( #4255 ), #7987, .T. ) ;
#3982 = VECTOR ( 'NONE', #4095, 999.9999999999998900 ) ;
#3983 = LINE ( 'NONE', #142, #8846 ) ;
#3984 = DIRECTION ( 'NONE',  ( 0.7071067811865480200, -0.7071067811865470200, 0.0000000000000000000 ) ) ;
#3985 = DIRECTION ( 'NONE',  ( 0.0000000000000000000, 0.9999999175860412300, -0.0004059900380430000700 ) ) ;
#3986 = CARTESIAN_POINT ( 'NONE',  ( 2.007778374840950300, 1.372283439228694900, 1.233587582749743600 ) ) ;
#3987 = CARTESIAN_POINT ( 'NONE',  ( 1.307775534087837600, -2.269440756501535100, 1.180000000000004400 ) ) ;
#3988 = CARTESIAN_POINT ( 'NONE',  ( 0.1305592434984409700, -1.092224465912159400, 1.180000000000004400 ) ) ;
#3989 = ORIENTED_EDGE ( 'NONE', *, *, #3434, .T. ) ;
#3990 = ORIENTED_EDGE ( 'NONE', *, *, #6209, .T. ) ;
#3991 = CARTESIAN_POINT ( 'NONE',  ( -0.1305592434984415000, -1.092224465912159600, 0.9999999999999879000 ) ) ;
#3992 = CARTESIAN_POINT ( 'NONE',  ( 3.373149339882544500, 4.900000000000009200, 0.9745999999999879200 ) ) ;
#3993 =( GEOMETRIC_REPRESENTATION_CONTEXT ( 3 ) GLOBAL_UNCERTAINTY_ASSIGNED_CONTEXT ( ( #4822 ) ) GLOBAL_UNIT_ASSIGNED_CONTEXT ( ( #9547, #5130, #533 ) ) REPRESENTATION_CONTEXT ( 'NONE', 'WORKASPACE' ) );
#3994 = FACE_OUTER_BOUND ( 'NONE', #6257, .T. ) ;
#3995 = CARTESIAN_POINT ( 'NONE',  ( 2.123991584049659500, -1.335196243172191800, 1.304839145392798800 ) ) ;
#3996 = DIRECTION ( 'NONE',  ( -0.0000000000000000000, -0.0000000000000000000, -1.000000000000000000 ) ) ;
#3997 = CARTESIAN_POINT ( 'NONE',  ( -1.065625114319784400, 0.2728426599740697600, 1.304875309525264800 ) ) ;
#3998 = EDGE_CURVE ( 'NONE', #6584, #487, #7053, .T. ) ;
#3999 = ORIENTED_EDGE ( 'NONE', *, *, #692, .F. ) ;
#4000 = B_SPLINE_CURVE_WITH_KNOTS ( 'NONE', 3,
 ( #1159, #424, #7150, #1225 ),
 .UNSPECIFIED., .F., .F.,
 ( 4, 4 ),
 ( 0.0000000000000000000, 1.000000000000000000 ),
 .UNSPECIFIED. ) ;
#4001 = SURFACE_SIDE_STYLE ('',( #7127 ) ) ;
#4002 = DIRECTION ( 'NONE',  ( 0.0000000000000000000, 0.9859791846679421000, -0.1668683535052109300 ) ) ;
#4003 = AXIS2_PLACEMENT_3D ( 'NONE', #8398, #9131, #1709 ) ;
#4004 = CARTESIAN_POINT ( 'NONE',  ( -2.128190694439434000, -1.343302167322367700, 1.305000000000012600 ) ) ;
#4005 = EDGE_LOOP ( 'NONE', ( #8833, #2347, #6232, #2961 ) ) ;
#4006 = EDGE_CURVE ( 'NONE', #4956, #6401, #5987, .T. ) ;
#4007 = ADVANCED_FACE ( 'NONE', ( #4144 ), #5853, .T. ) ;
#4008 = ORIENTED_EDGE ( 'NONE', *, *, #2620, .T. ) ;
#4009 = ORIENTED_EDGE ( 'NONE', *, *, #850, .T. ) ;
#4010 = VECTOR ( 'NONE', #6358, 1000.000000000000000 ) ;
#4011 = CARTESIAN_POINT ( 'NONE',  ( 2.200000000000039700, -4.897191345580448100, 1.972523996270000100E-005 ) ) ;
#4012 = CARTESIAN_POINT ( 'NONE',  ( -4.898127560973727600, 0.7999999999999749500, 3.983057407985909300E-005 ) ) ;
#4013 = CARTESIAN_POINT ( 'NONE',  ( -1.099999999999994300, -2.158191010000000100E-032, 0.9999999999999879000 ) ) ;
#4014 = VERTEX_POINT ( 'NONE', #2746 ) ;
#4015 = CARTESIAN_POINT ( 'NONE',  ( 2.128190694439434000, -1.343302167322367700, 1.305000000000012400 ) ) ;
#4016 = EDGE_CURVE ( 'NONE', #6401, #4729, #3908, .T. ) ;
#4017 = VERTEX_POINT ( 'NONE', #7893 ) ;
#4018 = LINE ( 'NONE', #9224, #1764 ) ;
#4019 = DIRECTION ( 'NONE',  ( -0.7071067811865384700, -0.7071067811865565700, 1.435719920491736600E-015 ) ) ;
#4020 = ORIENTED_EDGE ( 'NONE', *, *, #1384, .F. ) ;
#4021 = ADVANCED_FACE ( 'NONE', ( #6692 ), #4732, .F. ) ;
#4022 = ORIENTED_EDGE ( 'NONE', *, *, #7318, .F. ) ;
#4023 = PLANE ( 'NONE',  #6677 ) ;
#4024 = PLANE ( 'NONE',  #1450 ) ;
#4025 = ORIENTED_EDGE ( 'NONE', *, *, #7560, .T. ) ;
#4026 = EDGE_CURVE ( 'NONE', #8864, #3254, #7473, .T. ) ;
#4027 = DIRECTION ( 'NONE',  ( 0.0000000000000000000, 1.000000000000000000, -0.0000000000000000000 ) ) ;
#4028 = ORIENTED_EDGE ( 'NONE', *, *, #1786, .F. ) ;
#4029 = CARTESIAN_POINT ( 'NONE',  ( 1.298800427932587300, 2.409490652248778000, 1.305000000000012600 ) ) ;
#4030 = VERTEX_POINT ( 'NONE', #4391 ) ;
#4031 = EDGE_CURVE ( 'NONE', #9364, #5200, #708, .T. ) ;
#4032 = DIRECTION ( 'NONE',  ( -0.9859791846679419900, 0.0000000000000000000, 0.1668683535052120400 ) ) ;
#4033 = DIRECTION ( 'NONE',  ( -0.0000000000000000000, -0.0000000000000000000, 1.000000000000000000 ) ) ;
#4034 = EDGE_LOOP ( 'NONE', ( #8532, #6846, #4261 ) ) ;
#4035 = ORIENTED_EDGE ( 'NONE', *, *, #8405, .F. ) ;
#4036 = CARTESIAN_POINT ( 'NONE',  ( -2.398823671904402000, -2.409490608222201400, 0.9999999999999879000 ) ) ;
#4037 = LINE ( 'NONE', #2464, #2388 ) ;
#4038 = CARTESIAN_POINT ( 'NONE',  ( 4.624228355337241000, -3.663063120169118800, -1.951563910473908400E-015 ) ) ;
#4039 = VERTEX_POINT ( 'NONE', #3736 ) ;
#4040 = PRESENTATION_LAYER_ASSIGNMENT (  '', '', ( #9064 ) ) ;
#4041 = ORIENTED_EDGE ( 'NONE', *, *, #7083, .F. ) ;
#4042 = VECTOR ( 'NONE', #8708, 1000.000000000000000 ) ;
#4043 = CARTESIAN_POINT ( 'NONE',  ( 2.376214030626351700, 1.299944165221062600, 0.9057506672860991000 ) ) ;
#4044 = ORIENTED_EDGE ( 'NONE', *, *, #3833, .T. ) ;
#4045 = VERTEX_POINT ( 'NONE', #7345 ) ;
#4046 = PLANE ( 'NONE',  #877 ) ;
#4047 = CARTESIAN_POINT ( 'NONE',  ( -1.600000000000001000, 4.961968064955896400, 0.1000251666604915600 ) ) ;
#4048 = AXIS2_PLACEMENT_3D ( 'NONE', #6802, #6839, #3084 ) ;
#4049 = CARTESIAN_POINT ( 'NONE',  ( 5.103967321807069800, -0.8000000000000004900, 0.7162854755018253100 ) ) ;
#4050 = EDGE_LOOP ( 'NONE', ( #4258, #4309, #7059, #4149, #6058, #6952, #638, #6583, #5201, #8230 ) ) ;
#4051 = DIRECTION ( 'NONE',  ( -0.7071067811865480200, 0.7071067811865470200, -0.0000000000000000000 ) ) ;
#4052 = CARTESIAN_POINT ( 'NONE',  ( 2.001998386448278200, -1.374527077095543800, 1.205000000000183900 ) ) ;
#4053 = LINE ( 'NONE', #5028, #5390 ) ;
#4054 = CARTESIAN_POINT ( 'NONE',  ( 4.475735931288055800, -3.797413408594540100, 0.9745999999999879200 ) ) ;
#4055 = ORIENTED_EDGE ( 'NONE', *, *, #7689, .F. ) ;
#4056 =( GEOMETRIC_REPRESENTATION_CONTEXT ( 3 ) GLOBAL_UNCERTAINTY_ASSIGNED_CONTEXT ( ( #3416 ) ) GLOBAL_UNIT_ASSIGNED_CONTEXT ( ( #4101, #202, #4761 ) ) REPRESENTATION_CONTEXT ( 'NONE', 'WORKASPACE' ) );
#4057 = EDGE_CURVE ( 'NONE', #1220, #7087, #1512, .T. ) ;
#4058 = ADVANCED_FACE ( 'NONE', ( #8077 ), #6656, .T. ) ;
#4059 = CARTESIAN_POINT ( 'NONE',  ( 1.600000000000026300, -5.109556728779591800, 0.1666719549468636000 ) ) ;
#4060 = VECTOR ( 'NONE', #2060, 1000.000000000000000 ) ;
#4061 = ORIENTED_EDGE ( 'NONE', *, *, #594, .F. ) ;
#4062 = DIRECTION ( 'NONE',  ( 0.7071067811865909800, 0.7071067811865041600, 0.0000000000000000000 ) ) ;
#4063 = VECTOR ( 'NONE', #3479, 1000.000000000000100 ) ;
#4064 = DIRECTION ( 'NONE',  ( 0.0000000000000000000, 0.9859791846679418800, 0.1668683535052130100 ) ) ;
#4065 = LINE ( 'NONE', #1040, #8453 ) ;
#4066 = ORIENTED_EDGE ( 'NONE', *, *, #2643, .F. ) ;
#4067 = CARTESIAN_POINT ( 'NONE',  ( 1.322836695980837300, -2.180783817274528400, 1.294016225117802700 ) ) ;
#4068 = B_SPLINE_CURVE_WITH_KNOTS ( 'NONE', 3,
 ( #9069, #90, #6205, #8414 ),
 .UNSPECIFIED., .F., .F.,
 ( 4, 4 ),
 ( 0.0000000000000000000, 1.000000000000000000 ),
 .UNSPECIFIED. ) ;
#4069 = DIRECTION ( 'NONE',  ( 0.0000000000000000000, 0.0000000000000000000, 1.000000000000000000 ) ) ;
#4070 = FACE_OUTER_BOUND ( 'NONE', #4071, .T. ) ;
#4071 = EDGE_LOOP ( 'NONE', ( #4599, #146, #5214, #3409 ) ) ;
#4072 = ADVANCED_FACE ( 'NONE', ( #6827 ), #2968, .T. ) ;
#4073 = DIRECTION ( 'NONE',  ( 0.7071067811865849900, -0.7071067811865101600, 0.0000000000000000000 ) ) ;
#4074 = EDGE_CURVE ( 'NONE', #2312, #6559, #8207, .T. ) ;
#4075 = CARTESIAN_POINT ( 'NONE',  ( -5.109556728779593500, 0.7999999999999749500, 0.1666719549468379200 ) ) ;
#4076 = VERTEX_POINT ( 'NONE', #2237 ) ;
#4077 = ORIENTED_EDGE ( 'NONE', *, *, #4566, .F. ) ;
#4078 = ORIENTED_EDGE ( 'NONE', *, *, #9140, .T. ) ;
#4079 = CARTESIAN_POINT ( 'NONE',  ( -1.599999999999975400, -4.800000000000002500, 1.972523996270000100E-005 ) ) ;
#4080 = EDGE_CURVE ( 'NONE', #8894, #8189, #3798, .T. ) ;
#4081 = CARTESIAN_POINT ( 'NONE',  ( -4.900000000000008300, -3.373149339882619600, 0.9745999999999879200 ) ) ;
#4082 = CARTESIAN_POINT ( 'NONE',  ( 1.600000000000001000, 4.962008663924569500, 2.517489204070349100E-005 ) ) ;
#4084 = FACE_OUTER_BOUND ( 'NONE', #6412, .T. ) ;
#4083 = DIRECTION ( 'NONE',  ( 1.000000000000000000, 0.0000000000000000000, 0.0000000000000000000 ) ) ;
#4085 = EDGE_CURVE ( 'NONE', #7171, #761, #2124, .T. ) ;
#4086 = CARTESIAN_POINT ( 'NONE',  ( -1.600000000000001000, 5.202565240273880700, 0.6995986401513055700 ) ) ;
#4087 = VECTOR ( 'NONE', #24, 1000.000000000000000 ) ;
#4088 = EDGE_LOOP ( 'NONE', ( #7684, #961, #8764, #4433, #9283 ) ) ;
#4089 = EDGE_CURVE ( 'NONE', #293, #1766, #2275, .T. ) ;
#4090 = CARTESIAN_POINT ( 'NONE',  ( -1.322087919863632400, -2.184192383460477500, 1.292866810087868900 ) ) ;
#4091 = CARTESIAN_POINT ( 'NONE',  ( 0.2999999999999938300, 4.900000000000009200, 0.06666666666667096800 ) ) ;
#4092 = LINE ( 'NONE', #1089, #7804 ) ;
#4093 = ORIENTED_EDGE ( 'NONE', *, *, #7079, .T. ) ;
#4094 = EDGE_CURVE ( 'NONE', #7992, #116, #9592, .T. ) ;
#4095 = DIRECTION ( 'NONE',  ( 0.7071067811865520100, -0.7071067811865431300, 3.589299801229347500E-016 ) ) ;
#4096 = CARTESIAN_POINT ( 'NONE',  ( -0.1138300321302856000, 0.5930890772360341000, 1.230000000000007800 ) ) ;
#4097 = CARTESIAN_POINT ( 'NONE',  ( -1.307373372340040000, -2.272610209293488600, 0.9999999999999879000 ) ) ;
#4098 = VECTOR ( 'NONE', #1358, 999.9999999999998900 ) ;
#4099 = DIRECTION ( 'NONE',  ( 0.7071067811865480200, -0.7071067811865470200, 0.0000000000000000000 ) ) ;
#4100 = EDGE_CURVE ( 'NONE', #5670, #7889, #2839, .T. ) ;
#4101 =( LENGTH_UNIT ( ) NAMED_UNIT ( * ) SI_UNIT ( .MILLI., .METRE. ) );
#4102 = CYLINDRICAL_SURFACE ( 'NONE', #7852, 1.099999999999994300 ) ;
#4103 = MANIFOLD_SOLID_BREP ( 'Split3[2]', #6636 ) ;
#4104 = CARTESIAN_POINT ( 'NONE',  ( -4.617157287525378400, 3.655992052357254000, 0.9745999999999879200 ) ) ;
#4105 = DIRECTION ( 'NONE',  ( 1.000000000000000000, 0.0000000000000000000, -0.0000000000000000000 ) ) ;
#4106 = VECTOR ( 'NONE', #3887, 1000.000000000000000 ) ;
#4107 = ADVANCED_FACE ( 'NONE', ( #590 ), #8304, .T. ) ;
#4108 = CARTESIAN_POINT ( 'NONE',  ( -1.290943131010225300, -0.5060546038931622600, 1.180000000000004400 ) ) ;
#4109 = DIRECTION ( 'NONE',  ( 1.000000000000000000, 0.0000000000000000000, 0.0000000000000000000 ) ) ;
#4110 = CARTESIAN_POINT ( 'NONE',  ( 1.600000000000001000, 5.112365383199167100, 0.1666325044669145200 ) ) ;
#4111 = CARTESIAN_POINT ( 'NONE',  ( 0.3000000000000192500, -4.897191345580448100, 1.972523996270000100E-005 ) ) ;
#4112 = DIRECTION ( 'NONE',  ( 0.0000000000000000000, 0.0000000000000000000, 1.000000000000000000 ) ) ;
#4113 = CARTESIAN_POINT ( 'NONE',  ( -0.8796335266379945500, 0.6760013919724019400, 1.555000000000003500 ) ) ;
#4114 = AXIS2_PLACEMENT_3D ( 'NONE', #3795, #6111, #1618 ) ;
#4115 = CYLINDRICAL_SURFACE ( 'NONE', #4289, 0.1999999999999874700 ) ;
#4116 = CARTESIAN_POINT ( 'NONE',  ( 2.398823671904402000, -2.409490608222201400, 0.9745999999999879200 ) ) ;
#4117 = CARTESIAN_POINT ( 'NONE',  ( -0.9710488006423473300, 0.5167825720465769600, 1.104999999999999500 ) ) ;
#4118 = VERTEX_POINT ( 'NONE', #1579 ) ;
#4119 = CARTESIAN_POINT ( 'NONE',  ( -4.912442089811461800, 0.7999999999999749500, 4.564213066489702800E-005 ) ) ;
#4120 = ADVANCED_FACE ( 'NONE', ( #4378 ), #1190, .F. ) ;
#4121 = CARTESIAN_POINT ( 'NONE',  ( 4.915210145269370800, 0.8000000000000004900, 0.1000061834093414800 ) ) ;
#4122 = AXIS2_PLACEMENT_3D ( 'NONE', #5668, #4834, #5839 ) ;
#4123 = CARTESIAN_POINT ( 'NONE',  ( 1.600000000000026300, -4.908294723794403700, 4.395834124040014900E-005 ) ) ;
#4124 = VERTEX_POINT ( 'NONE', #4589 ) ;
#4125 = CARTESIAN_POINT ( 'NONE',  ( 1.331867151833266500, -2.137146006776677400, 1.304165684015486000 ) ) ;
#4126 = FACE_OUTER_BOUND ( 'NONE', #5465, .T. ) ;
#4127 = CARTESIAN_POINT ( 'NONE',  ( -3.373149339882592500, -4.900000000000011900, 0.9745999999999879200 ) ) ;
#4128 = PLANE ( 'NONE',  #1139 ) ;
#4129 = EDGE_CURVE ( 'NONE', #1996, #9223, #5304, .T. ) ;
#4130 = CARTESIAN_POINT ( 'NONE',  ( 1.317187569243587700, -2.209010917817802300, 1.279851013547338000 ) ) ;
#4131 = VERTEX_POINT ( 'NONE', #3893 ) ;
#4132 = CYLINDRICAL_SURFACE ( 'NONE', #4003, 0.1000000000000064300 ) ;
#4133 = VERTEX_POINT ( 'NONE', #96 ) ;
#4134 = ORIENTED_EDGE ( 'NONE', *, *, #3781, .T. ) ;
#4135 = CARTESIAN_POINT ( 'NONE',  ( 2.199999999999988600, 4.899999999998670800, 0.1000000032965566200 ) ) ;
#4136 = EDGE_CURVE ( 'NONE', #4657, #4045, #2377, .T. ) ;
#4137 = DIRECTION ( 'NONE',  ( 0.7071067811865692200, 0.7071067811865259200, 0.0000000000000000000 ) ) ;
#4138 = EDGE_CURVE ( 'NONE', #2298, #5376, #8880, .T. ) ;
#4139 = ORIENTED_EDGE ( 'NONE', *, *, #7763, .F. ) ;
#4140 = B_SPLINE_CURVE_WITH_KNOTS ( 'NONE', 3,
 ( #1882, #9315, #3412, #4866 ),
 .UNSPECIFIED., .F., .F.,
 ( 4, 4 ),
 ( 0.0000000000000000000, 1.000000000000000000 ),
 .UNSPECIFIED. ) ;
#4141 = ORIENTED_EDGE ( 'NONE', *, *, #1406, .F. ) ;
#4142 = PLANE ( 'NONE',  #949 ) ;
#4143 = DIRECTION ( 'NONE',  ( 0.0000000000000000000, 0.0000000000000000000, 1.000000000000000000 ) ) ;
#4144 = FACE_OUTER_BOUND ( 'NONE', #9427, .T. ) ;
#4145 = ORIENTED_EDGE ( 'NONE', *, *, #7755, .T. ) ;
#4146 = DIRECTION ( 'NONE',  ( -0.7071067811865474600, 0.7071067811865476800, 0.0000000000000000000 ) ) ;
#4147 = CARTESIAN_POINT ( 'NONE',  ( -4.908294723794403700, 1.399999999999962600, 4.395834124040014900E-005 ) ) ;
#4148 = EDGE_CURVE ( 'NONE', #6505, #3074, #126, .T. ) ;
#4149 = ORIENTED_EDGE ( 'NONE', *, *, #6151, .T. ) ;
#4150 = ORIENTED_EDGE ( 'NONE', *, *, #1540, .F. ) ;
#4151 = CARTESIAN_POINT ( 'NONE',  ( 2.280918922848554700, -1.315834664482394200, 1.000003590185860800 ) ) ;
#4152 = CARTESIAN_POINT ( 'NONE',  ( -1.600000000000001000, 5.202565240273883300, 0.6995986401513051300 ) ) ;
#4153 = LINE ( 'NONE', #9141, #8893 ) ;
#4154 = ORIENTED_EDGE ( 'NONE', *, *, #6286, .F. ) ;
#4155 = ADVANCED_FACE ( 'NONE', ( #3201 ), #32, .T. ) ;
#4156 = CARTESIAN_POINT ( 'NONE',  ( 1.334614607529472500, -2.126315073057233100, 1.305000000000011900 ) ) ;
#4157 = B_SPLINE_CURVE_WITH_KNOTS ( 'NONE', 3,
 ( #8804, #2115, #5864, #2011, #7357, #7234 ),
 .UNSPECIFIED., .F., .F.,
 ( 4, 2, 4 ),
 ( 0.0000000000000000000, 0.5000000000000000000, 1.000000000000000000 ),
 .UNSPECIFIED. ) ;
#4158 = EDGE_CURVE ( 'NONE', #7630, #3112, #4966, .T. ) ;
#4159 = CARTESIAN_POINT ( 'NONE',  ( 4.482806999099937100, -3.804484476406421000, 0.2000000000000128100 ) ) ;
#4160 = CYLINDRICAL_SURFACE ( 'NONE', #4376, 1.099999999999994300 ) ;
#4161 = ORIENTED_EDGE ( 'NONE', *, *, #6029, .T. ) ;
#4162 = VERTEX_POINT ( 'NONE', #854 ) ;
#4163 = VECTOR ( 'NONE', #81, 1000.000000000000100 ) ;
#4164 = ORIENTED_EDGE ( 'NONE', *, *, #8750, .F. ) ;
#4165 = CARTESIAN_POINT ( 'NONE',  ( 1.322193242608656400, -2.183854055749228100, 1.292683354232288600 ) ) ;
#4166 = ORIENTED_EDGE ( 'NONE', *, *, #137, .F. ) ;
#4167 = FACE_OUTER_BOUND ( 'NONE', #4517, .T. ) ;
#4168 = ADVANCED_FACE ( 'NONE', ( #8318 ), #6147, .T. ) ;
#4169 = DIRECTION ( 'NONE',  ( 1.000000000000000000, 0.0000000000000000000, 0.0000000000000000000 ) ) ;
#4170 = ORIENTED_EDGE ( 'NONE', *, *, #6947, .F. ) ;
#4171 = CARTESIAN_POINT ( 'NONE',  ( 3.804484476406389900, -4.482806999099958400, 0.2000000000000128600 ) ) ;
#4172 = AXIS2_PLACEMENT_3D ( 'NONE', #298, #9263, #3342 ) ;
#4173 = ORIENTED_EDGE ( 'NONE', *, *, #5882, .T. ) ;
#4174 = CARTESIAN_POINT ( 'NONE',  ( 4.482806999099926400, 3.804484476406410300, 0.9999999999999879000 ) ) ;
#4175 = CARTESIAN_POINT ( 'NONE',  ( 0.2999999999999937700, 5.202565240273880700, 0.6995986401513055700 ) ) ;
#4176 = DIRECTION ( 'NONE',  ( 1.000000000000000000, 0.0000000000000000000, -0.0000000000000000000 ) ) ;
#4177 = LINE ( 'NONE', #8144, #7891 ) ;
#4178 = CARTESIAN_POINT ( 'NONE',  ( 3.100000000000020500, -4.900000000000009200, 0.1000405990071242100 ) ) ;
#4179 = STYLED_ITEM ( 'NONE', ( #7562 ), #897 ) ;
#4180 = VERTEX_POINT ( 'NONE', #7503 ) ;
#4181 = CARTESIAN_POINT ( 'NONE',  ( 0.8796335266379941000, 0.6760013919724021700, 1.555000000000003700 ) ) ;
#4182 = CARTESIAN_POINT ( 'NONE',  ( -0.1305592434984413900, -1.092224465912159400, 0.9999999999999879000 ) ) ;
#4183 = CARTESIAN_POINT ( 'NONE',  ( -0.2999999999999683500, -4.897191345580448100, 1.972523996270000100E-005 ) ) ;
#4184 = DIRECTION ( 'NONE',  ( 0.0000000000000000000, 0.0000000000000000000, -1.000000000000000000 ) ) ;
#4185 = ORIENTED_EDGE ( 'NONE', *, *, #4402, .T. ) ;
#4186 = B_SPLINE_CURVE_WITH_KNOTS ( 'NONE', 3,
 ( #9484, #3611, #464, #1294, #6564, #1952, #7999, #9447, #8800, #8740 ),
 .UNSPECIFIED., .F., .F.,
 ( 4, 2, 2, 2, 4 ),
 ( 0.6518227409996493200, 0.7388670557497371000, 0.8259113704998246600, 0.9129556852499123300, 1.000000000000000000 ),
 .UNSPECIFIED. ) ;
#4187 = CARTESIAN_POINT ( 'NONE',  ( -3.598400220000000200E-032, -2.158191010000000100E-032, 0.9999999999999879000 ) ) ;
#4188 = FACE_OUTER_BOUND ( 'NONE', #2713, .T. ) ;
#4189 = AXIS2_PLACEMENT_3D ( 'NONE', #2581, #4069, #7006 ) ;
#4190 = FACE_OUTER_BOUND ( 'NONE', #251, .T. ) ;
#4191 = VERTEX_POINT ( 'NONE', #8968 ) ;
#4192 = VERTEX_POINT ( 'NONE', #4555 ) ;
#4193 = EDGE_CURVE ( 'NONE', #3856, #2129, #2959, .T. ) ;
#4194 = ORIENTED_EDGE ( 'NONE', *, *, #4751, .T. ) ;
#4195 = AXIS2_PLACEMENT_3D ( 'NONE', #7187, #2001, #3566 ) ;
#4196 = LINE ( 'NONE', #7970, #178 ) ;
#4197 = ORIENTED_EDGE ( 'NONE', *, *, #4587, .T. ) ;
#4198 = CARTESIAN_POINT ( 'NONE',  ( -2.128190694439436600, 1.343302167322377100, 1.305000000000012400 ) ) ;
#4199 = VECTOR ( 'NONE', #4583, 1000.000000000000000 ) ;
#4200 = ORIENTED_EDGE ( 'NONE', *, *, #9410, .T. ) ;
#4201 = CARTESIAN_POINT ( 'NONE',  ( -4.912442089811461800, 1.399999999999962600, 4.564213066489702800E-005 ) ) ;
#4202 = ORIENTED_EDGE ( 'NONE', *, *, #6685, .F. ) ;
#4203 = EDGE_CURVE ( 'NONE', #5683, #6360, #9581, .T. ) ;
#4204 = EDGE_LOOP ( 'NONE', ( #288, #3430, #8595, #3252, #1942, #1657 ) ) ;
#4205 = CARTESIAN_POINT ( 'NONE',  ( -4.899063776367008000, 1.399999999999988100, 4.021066823431818400E-005 ) ) ;
#4206 = EDGE_CURVE ( 'NONE', #6988, #5707, #7840, .T. ) ;
#4207 = FACE_OUTER_BOUND ( 'NONE', #8926, .T. ) ;
#4208 = DIRECTION ( 'NONE',  ( 1.000000000000000000, 0.0000000000000000000, 0.0000000000000000000 ) ) ;
#4209 = LINE ( 'NONE', #7972, #5262 ) ;
#4210 = EDGE_CURVE ( 'NONE', #4488, #6857, #1410, .T. ) ;
#4211 = CARTESIAN_POINT ( 'NONE',  ( 5.112365383199158200, -1.399999999999988100, 0.1666325044669162400 ) ) ;
#4212 = DIRECTION ( 'NONE',  ( 1.000000000000000000, -0.0000000000000000000, 0.0000000000000000000 ) ) ;
#4213 = DIRECTION ( 'NONE',  ( -0.0004059900380430000700, 0.0000000000000000000, -0.9999999175860412300 ) ) ;
#4214 = DIRECTION ( 'NONE',  ( 0.0000000000000000000, 0.0000000000000000000, -1.000000000000000000 ) ) ;
#4215 = LINE ( 'NONE', #8022, #1382 ) ;
#4216 = ORIENTED_EDGE ( 'NONE', *, *, #6426, .F. ) ;
#4217 = DIRECTION ( 'NONE',  ( 0.0000000000000000000, 0.0000000000000000000, 1.000000000000000000 ) ) ;
#4218 = DIRECTION ( 'NONE',  ( 1.000000000000000000, 7.885106708985525500E-016, 0.0000000000000000000 ) ) ;
#4219 = LINE ( 'NONE', #8723, #9671 ) ;
#4220 = EDGE_CURVE ( 'NONE', #7973, #6465, #8872, .T. ) ;
#4221 = CARTESIAN_POINT ( 'NONE',  ( 4.899999999999984400, 0.8000000000000004900, -1.554312360000000500E-014 ) ) ;
#4222 = ADVANCED_FACE ( 'NONE', ( #3311 ), #6307, .T. ) ;
#4223 = DIRECTION ( 'NONE',  ( 0.7071067811865520100, 0.7071067811865430200, 0.0000000000000000000 ) ) ;
#4224 = DIRECTION ( 'NONE',  ( -0.7071067811865580100, 0.7071067811865369100, 0.0000000000000000000 ) ) ;
#4225 = DIRECTION ( 'NONE',  ( 1.000000000000000000, -0.0000000000000000000, 0.0000000000000000000 ) ) ;
#4226 = ORIENTED_EDGE ( 'NONE', *, *, #3441, .T. ) ;
#4227 = EDGE_CURVE ( 'NONE', #7914, #948, #6056, .T. ) ;
#4228 = CARTESIAN_POINT ( 'NONE',  ( 2.231015904107299000, 1.322361072641581300, 1.269303830397811500 ) ) ;
#4229 = DIRECTION ( 'NONE',  ( 1.000000000000000000, 0.0000000000000000000, 9.895244941485101000E-017 ) ) ;
#4230 = CARTESIAN_POINT ( 'NONE',  ( 2.942575088496104400, 1.438847134316067600, 1.305000000000012600 ) ) ;
#4231 = AXIS2_PLACEMENT_3D ( 'NONE', #1951, #4964, #7998 ) ;
#4232 = PLANE ( 'NONE',  #8068 ) ;
#4233 = DIRECTION ( 'NONE',  ( 0.7071067811865410200, -0.7071067811865540100, 0.0000000000000000000 ) ) ;
#4234 = EDGE_LOOP ( 'NONE', ( #616, #430, #3901, #2425 ) ) ;
#4235 = FACE_OUTER_BOUND ( 'NONE', #4496, .T. ) ;
#4236 = DIRECTION ( 'NONE',  ( 0.0000000000000000000, -0.9859791846679425400, 0.1668683535052089300 ) ) ;
#4237 = DIRECTION ( 'NONE',  ( 1.000000000000000000, 0.0000000000000000000, -9.895244941485102300E-017 ) ) ;
#4238 = CARTESIAN_POINT ( 'NONE',  ( -1.600000000000001200, 4.915250744231022900, 6.191650734937880400E-006 ) ) ;
#4239 = CARTESIAN_POINT ( 'NONE',  ( -1.599999999999992300, 4.900000000000009200, 3.095825365892315400E-006 ) ) ;
#4240 = EDGE_CURVE ( 'NONE', #1537, #2289, #4018, .T. ) ;
#4241 = PLANE ( 'NONE',  #2773 ) ;
#4242 = CARTESIAN_POINT ( 'NONE',  ( 0.1305592434984409700, -1.092224465912159400, 0.9999999999999879000 ) ) ;
#4243 = ORIENTED_EDGE ( 'NONE', *, *, #7128, .F. ) ;
#4244 = ORIENTED_EDGE ( 'NONE', *, *, #6488, .T. ) ;
#4245 = LINE ( 'NONE', #7975, #7500 ) ;
#4246 = CARTESIAN_POINT ( 'NONE',  ( 0.1307541748108960200, 1.092201164763464800, 1.213089028679545300 ) ) ;
#4247 = B_SPLINE_CURVE_WITH_KNOTS ( 'NONE', 3,
 ( #7591, #9060, #6775, #3882, #3092, #6889, #112, #2400, #7518, #8984 ),
 .UNSPECIFIED., .F., .F.,
 ( 4, 2, 2, 2, 4 ),
 ( 0.0000000000000000000, 0.08704431387236720400, 0.1740886277447344100, 0.2611329416171016000, 0.3481772554894688200 ),
 .UNSPECIFIED. ) ;
#4248 = DIRECTION ( 'NONE',  ( -0.7071067811865540100, -0.7071067811865410200, -1.047315000000000100E-031 ) ) ;
#4249 = CARTESIAN_POINT ( 'NONE',  ( -1.092224465912159400, -0.1305592434984410600, 1.180000000000004400 ) ) ;
#4250 = DIRECTION ( 'NONE',  ( -0.7071067811865229300, -0.7071067811865722200, 0.0000000000000000000 ) ) ;
#4251 = ADVANCED_FACE ( 'NONE', ( #9468 ), #7734, .F. ) ;
#4252 = ORIENTED_EDGE ( 'NONE', *, *, #3638, .T. ) ;
#4253 = CARTESIAN_POINT ( 'NONE',  ( 2.247298729213980100, 1.319879235060461300, 1.254079479882773000 ) ) ;
#4254 = VERTEX_POINT ( 'NONE', #3273 ) ;
#4255 = FACE_OUTER_BOUND ( 'NONE', #7223, .T. ) ;
#4256 = CARTESIAN_POINT ( 'NONE',  ( 1.298819703932382100, -2.409490612559253900, 1.305000000000012600 ) ) ;
#4257 = VERTEX_POINT ( 'NONE', #1675 ) ;
#4258 = ORIENTED_EDGE ( 'NONE', *, *, #9435, .T. ) ;
#4259 = EDGE_CURVE ( 'NONE', #7960, #4739, #9105, .T. ) ;
#4260 = DIRECTION ( 'NONE',  ( 0.7071067811865520100, 0.7071067811865430200, 0.0000000000000000000 ) ) ;
#4261 = ORIENTED_EDGE ( 'NONE', *, *, #3568, .T. ) ;
#4262 = EDGE_CURVE ( 'NONE', #3074, #9017, #5181, .T. ) ;
#4263 = ADVANCED_FACE ( 'NONE', ( #1644 ), #4132, .F. ) ;
#4264 = VERTEX_POINT ( 'NONE', #4718 ) ;
#4265 = DIRECTION ( 'NONE',  ( 0.0004059900380440000900, 0.0000000000000000000, -0.9999999175860412300 ) ) ;
#4266 = FACE_OUTER_BOUND ( 'NONE', #1310, .T. ) ;
#4267 = CARTESIAN_POINT ( 'NONE',  ( 1.315833892903109000, 2.216724224751297700, 1.274441223443482100 ) ) ;
#4268 = ORIENTED_EDGE ( 'NONE', *, *, #3239, .F. ) ;
#4269 = ORIENTED_EDGE ( 'NONE', *, *, #5699, .T. ) ;
#4270 = ORIENTED_EDGE ( 'NONE', *, *, #1384, .T. ) ;
#4271 = CARTESIAN_POINT ( 'NONE',  ( 1.307775534087846100, 2.269440756501535100, 1.180000000000004400 ) ) ;
#4272 = CARTESIAN_POINT ( 'NONE',  ( -1.599999999999975700, 4.900000000000009200, 0.03333333333333547700 ) ) ;
#4273 = DIRECTION ( 'NONE',  ( -0.1668683535052022100, 0.0000000000000000000, -0.9859791846679435400 ) ) ;
#4274 = LINE ( 'NONE', #4737, #3804 ) ;
#4275 = ORIENTED_EDGE ( 'NONE', *, *, #6689, .T. ) ;
#4276 = DIRECTION ( 'NONE',  ( 0.0000000000000000000, 1.000000000000000000, 0.0000000000000000000 ) ) ;
#4277 = DIRECTION ( 'NONE',  ( 0.0000000000000000000, -0.0000000000000000000, -1.000000000000000000 ) ) ;
#4278 = EDGE_CURVE ( 'NONE', #9586, #7442, #344, .T. ) ;
#4279 = PLANE ( 'NONE',  #6323 ) ;
#4280 = ORIENTED_EDGE ( 'NONE', *, *, #3886, .T. ) ;
#4281 = LINE ( 'NONE', #1444, #6602 ) ;
#4282 = DIRECTION ( 'NONE',  ( 0.7071067811865203700, 0.7071067811865747700, 0.0000000000000000000 ) ) ;
#4283 = VERTEX_POINT ( 'NONE', #5459 ) ;
#4284 = ORIENTED_EDGE ( 'NONE', *, *, #5095, .F. ) ;
#4285 = CARTESIAN_POINT ( 'NONE',  ( -4.475735931288052200, 3.797413408594537000, 0.9745999999999878100 ) ) ;
#4286 = CARTESIAN_POINT ( 'NONE',  ( -4.475735931288063800, -3.797413408594548100, 0.9745999999999878100 ) ) ;
#4287 = VECTOR ( 'NONE', #7133, 1000.000000000000000 ) ;
#4288 = EDGE_CURVE ( 'NONE', #236, #2823, #819, .T. ) ;
#4289 = AXIS2_PLACEMENT_3D ( 'NONE', #6797, #101, #9048 ) ;
#4290 = ORIENTED_EDGE ( 'NONE', *, *, #3701, .T. ) ;
#4291 = DIRECTION ( 'NONE',  ( -0.0000000000000000000, 0.0000000000000000000, -1.000000000000000000 ) ) ;
#4292 = LINE ( 'NONE', #1795, #5797 ) ;
#4293 = VERTEX_POINT ( 'NONE', #1019 ) ;
#4294 = CARTESIAN_POINT ( 'NONE',  ( 0.2999999999999937700, 5.103967321807094700, 0.7162854755018253100 ) ) ;
#4295 = VECTOR ( 'NONE', #3332, 999.9999999999998900 ) ;
#4296 = ORIENTED_EDGE ( 'NONE', *, *, #2212, .T. ) ;
#4297 = DIRECTION ( 'NONE',  ( 1.000000000000000000, 0.0000000000000000000, 0.0000000000000000000 ) ) ;
#4298 = VECTOR ( 'NONE', #7037, 1000.000000000000000 ) ;
#4299 = CARTESIAN_POINT ( 'NONE',  ( 1.325557623944156200, 2.168398837856827700, 1.298192681064549400 ) ) ;
#4300 = ORIENTED_EDGE ( 'NONE', *, *, #8662, .F. ) ;
#4301 = AXIS2_PLACEMENT_3D ( 'NONE', #8240, #6053, #5338 ) ;
#4302 = CARTESIAN_POINT ( 'NONE',  ( 4.482806999099926400, -3.804484476406410300, 0.9999999999999879000 ) ) ;
#4304 = CYLINDRICAL_SURFACE ( 'NONE', #1072, 0.1250000000000079900 ) ;
#4303 = DIRECTION ( 'NONE',  ( 0.0000000000000000000, 0.1668683535052100100, 0.9859791846679422100 ) ) ;
#4305 = ORIENTED_EDGE ( 'NONE', *, *, #4136, .T. ) ;
#4306 = LINE ( 'NONE', #8178, #1352 ) ;
#4307 = ORIENTED_EDGE ( 'NONE', *, *, #8255, .F. ) ;
#4308 = ORIENTED_EDGE ( 'NONE', *, *, #5032, .F. ) ;
#4309 = ORIENTED_EDGE ( 'NONE', *, *, #2512, .F. ) ;
#4310 = CARTESIAN_POINT ( 'NONE',  ( 0.3000000000000192500, -4.800000000000002500, 1.972523996270000100E-005 ) ) ;
#4311 = DIRECTION ( 'NONE',  ( 0.7071067811865430200, -0.7071067811865521200, 0.0000000000000000000 ) ) ;
#4312 = DIRECTION ( 'NONE',  ( 0.0000000000000000000, -0.0004059900380440000900, 0.9999999175860412300 ) ) ;
#4313 = ADVANCED_FACE ( 'NONE', ( #7153 ), #4023, .F. ) ;
#4314 = B_SPLINE_CURVE_WITH_KNOTS ( 'NONE', 3,
 ( #14, #8862, #2953, #676 ),
 .UNSPECIFIED., .F., .F.,
 ( 4, 4 ),
 ( 0.0000000000000000000, 1.000000000000000000 ),
 .UNSPECIFIED. ) ;
#4315 = CARTESIAN_POINT ( 'NONE',  ( 3.655992052357200300, 4.617157287525374800, 0.9745999999999879200 ) ) ;
#4316 = DIRECTION ( 'NONE',  ( 0.0000000000000000000, 0.9999999175860412300, -0.0004059900380430000700 ) ) ;
#4317 = LINE ( 'NONE', #2166, #2677 ) ;
#4318 = EDGE_CURVE ( 'NONE', #6615, #9245, #3114, .T. ) ;
#4319 = VECTOR ( 'NONE', #7528, 1000.000000000000000 ) ;
#4320 = ORIENTED_EDGE ( 'NONE', *, *, #5843, .F. ) ;
#4321 = AXIS2_PLACEMENT_3D ( 'NONE', #2639, #9398, #3334 ) ;
#4322 = CARTESIAN_POINT ( 'NONE',  ( -2.130804394942050500, 1.342638725924877100, 1.305000000000013000 ) ) ;
#4323 = LINE ( 'NONE', #102, #8030 ) ;
#4324 = CARTESIAN_POINT ( 'NONE',  ( -0.6981401909111777400, -0.08674833620586701300, 1.305000000000012400 ) ) ;
#4325 = DIRECTION ( 'NONE',  ( 0.7071067811865531200, -0.7071067811865420200, -2.030905000000000100E-034 ) ) ;
#4326 = EDGE_CURVE ( 'NONE', #5746, #7806, #6118, .T. ) ;
#4327 = VERTEX_POINT ( 'NONE', #7175 ) ;
#4328 = DIRECTION ( 'NONE',  ( 0.7071067811865968700, -0.7071067811864981700, 0.0000000000000000000 ) ) ;
#4329 = VECTOR ( 'NONE', #4990, 1000.000000000000000 ) ;
#4330 = ORIENTED_EDGE ( 'NONE', *, *, #7091, .F. ) ;
#4331 = VECTOR ( 'NONE', #871, 1000.000000000000000 ) ;
#4332 = EDGE_CURVE ( 'NONE', #6237, #236, #1060, .T. ) ;
#4333 = DIRECTION ( 'NONE',  ( -1.000000000000000000, 0.0000000000000000000, 0.0000000000000000000 ) ) ;
#4334 = CARTESIAN_POINT ( 'NONE',  ( 0.3000000000000192000, -5.002722156732098700, 0.1346906707209948300 ) ) ;
#4335 = CARTESIAN_POINT ( 'NONE',  ( 1.327453732472452000, 2.697413298195719300, 1.305000000000012600 ) ) ;
#4336 = CARTESIAN_POINT ( 'NONE',  ( 0.3000000000000192000, -5.199756585854319500, 0.6996380906312310600 ) ) ;
#4337 = ORIENTED_EDGE ( 'NONE', *, *, #5402, .F. ) ;
#4338 = PLANE ( 'NONE',  #6475 ) ;
#4339 = DIRECTION ( 'NONE',  ( 0.0000000000000000000, -0.1668683535052100400, 0.9859791846679423200 ) ) ;
#4340 = LINE ( 'NONE', #3278, #1267 ) ;
#4341 = CARTESIAN_POINT ( 'NONE',  ( 1.883217427953447300, -1.428951199357649600, 1.104999999999999500 ) ) ;
#4342 = DIRECTION ( 'NONE',  ( 1.000000000000000000, 0.0000000000000000000, 0.0000000000000000000 ) ) ;
#4343 = EDGE_LOOP ( 'NONE', ( #7871, #1346, #360, #7916, #9012 ) ) ;
#4344 = EDGE_CURVE ( 'NONE', #3723, #7317, #4613, .T. ) ;
#4345 = DIRECTION ( 'NONE',  ( 1.000000000000000000, 0.0000000000000000000, 0.0000000000000000000 ) ) ;
#4346 = PLANE ( 'NONE',  #4441 ) ;
#4347 = CARTESIAN_POINT ( 'NONE',  ( 0.3844996949045076900, -1.346164917318196900, 1.024999999999989500 ) ) ;
#4348 = VECTOR ( 'NONE', #2514, 1000.000000000000100 ) ;
#4349 = ORIENTED_EDGE ( 'NONE', *, *, #6911, .T. ) ;
#4350 = DIRECTION ( 'NONE',  ( 0.0000000000000000000, 0.0000000000000000000, 1.000000000000000000 ) ) ;
#4351 = PLANE ( 'NONE',  #6595 ) ;
#4352 = CARTESIAN_POINT ( 'NONE',  ( -1.928999785732508700, 1.386336464086549600, 1.305000000000012600 ) ) ;
#4353 = AXIS2_PLACEMENT_3D ( 'NONE', #9305, #1132, #6372 ) ;
#4354 = VERTEX_POINT ( 'NONE', #7844 ) ;
#4355 = VECTOR ( 'NONE', #2045, 1000.000000000000100 ) ;
#4356 = ADVANCED_FACE ( 'NONE', ( #3898 ), #8766, .F. ) ;
#4357 = FILL_AREA_STYLE ('',( #3666 ) ) ;
#4358 = CARTESIAN_POINT ( 'NONE',  ( -4.482806999099937100, 3.804484476406421000, 0.2000000000000128100 ) ) ;
#4359 = AXIS2_PLACEMENT_3D ( 'NONE', #9014, #826, #6067 ) ;
#4360 = ORIENTED_EDGE ( 'NONE', *, *, #5383, .F. ) ;
#4361 = FILL_AREA_STYLE_COLOUR ( '', #5468 ) ;
#4362 = DIRECTION ( 'NONE',  ( -0.7071067811865520100, 0.7071067811865430200, 0.0000000000000000000 ) ) ;
#4363 = DIRECTION ( 'NONE',  ( -0.0000000000000000000, -0.0000000000000000000, -1.000000000000000000 ) ) ;
#4364 = CARTESIAN_POINT ( 'NONE',  ( -1.600000000000001000, 4.905083581410346800, 2.063883571393829700E-006 ) ) ;
#4365 = LINE ( 'NONE', #6515, #3190 ) ;
#4366 = ORIENTED_EDGE ( 'NONE', *, *, #3680, .F. ) ;
#4367 = ORIENTED_EDGE ( 'NONE', *, *, #3649, .T. ) ;
#4368 = DIRECTION ( 'NONE',  ( 1.000000000000000000, 0.0000000000000000000, -0.0000000000000000000 ) ) ;
#4369 = AXIS2_PLACEMENT_3D ( 'NONE', #5133, #2983, #2921 ) ;
#4370 = EDGE_CURVE ( 'NONE', #8408, #8939, #7538, .T. ) ;
#4371 = DIRECTION ( 'NONE',  ( 0.0000000000000000000, -0.9859791846679419900, 0.1668683535052120400 ) ) ;
#4372 = ORIENTED_EDGE ( 'NONE', *, *, #8344, .T. ) ;
#4373 = DIRECTION ( 'NONE',  ( 1.000000000000000000, 0.0000000000000000000, 0.0000000000000000000 ) ) ;
#4374 = B_SPLINE_CURVE_WITH_KNOTS ( 'NONE', 3,
 ( #4256, #5749, #8015, #5047 ),
 .UNSPECIFIED., .F., .F.,
 ( 4, 4 ),
 ( 0.9493886516286024200, 1.000000000000000000 ),
 .UNSPECIFIED. ) ;
#4375 = ORIENTED_EDGE ( 'NONE', *, *, #2246, .T. ) ;
#4376 = AXIS2_PLACEMENT_3D ( 'NONE', #2217, #4572, #1429 ) ;
#4377 = DIRECTION ( 'NONE',  ( -0.0000000000000000000, -0.0000000000000000000, -1.000000000000000000 ) ) ;
#4378 = FACE_OUTER_BOUND ( 'NONE', #5425, .T. ) ;
#4379 = CARTESIAN_POINT ( 'NONE',  ( 3.655992052357217600, -4.617157287525393400, 0.0000000000000000000 ) ) ;
#4380 = EDGE_LOOP ( 'NONE', ( #4009, #2403, #2633, #1158 ) ) ;
#4382 = ORIENTED_EDGE ( 'NONE', *, *, #8849, .T. ) ;
#4381 = DIRECTION ( 'NONE',  ( -0.9859791846679419900, 0.0000000000000000000, 0.1668683535052120400 ) ) ;
#4383 = DIRECTION ( 'NONE',  ( -0.0000000000000000000, -0.0000000000000000000, -1.000000000000000000 ) ) ;
#4384 = ORIENTED_EDGE ( 'NONE', *, *, #7485, .F. ) ;
#4385 = ORIENTED_EDGE ( 'NONE', *, *, #2545, .F. ) ;
#4386 = PLANE ( 'NONE',  #4485 ) ;
#4387 = EDGE_CURVE ( 'NONE', #4354, #1412, #114, .T. ) ;
#4388 = VECTOR ( 'NONE', #7740, 1000.000000000000000 ) ;
#4389 = CARTESIAN_POINT ( 'NONE',  ( 4.617157287525372100, -3.655992052357247800, 0.9745999999999879200 ) ) ;
#4390 = VERTEX_POINT ( 'NONE', #1119 ) ;
#4391 = CARTESIAN_POINT ( 'NONE',  ( -4.899999997940138700, -1.400000000000034600, 1.014769053845818900E-005 ) ) ;
#4392 = ORIENTED_EDGE ( 'NONE', *, *, #9683, .T. ) ;
#4393 = LINE ( 'NONE', #2114, #3567 ) ;
#4394 = EDGE_CURVE ( 'NONE', #8021, #2419, #8529, .T. ) ;
#4395 = CARTESIAN_POINT ( 'NONE',  ( 3.373149339882608000, -4.900000000000010100, 0.9999999999999879000 ) ) ;
#4396 = ORIENTED_EDGE ( 'NONE', *, *, #3562, .T. ) ;
#4397 = ORIENTED_EDGE ( 'NONE', *, *, #5497, .F. ) ;
#4398 = ORIENTED_EDGE ( 'NONE', *, *, #296, .T. ) ;
#4399 = ORIENTED_EDGE ( 'NONE', *, *, #6882, .T. ) ;
#4400 = UNCERTAINTY_MEASURE_WITH_UNIT (LENGTH_MEASURE( 1.000000000000000100E-005 ), #3165, 'distance_accuracy_value', 'NONE');
#4401 = DIRECTION ( 'NONE',  ( -1.000000000000000000, 0.0000000000000000000, 0.0000000000000000000 ) ) ;
#4402 = EDGE_CURVE ( 'NONE', #8161, #4840, #1997, .T. ) ;
#4403 = SURFACE_STYLE_USAGE ( .BOTH. , #3641 ) ;
#4404 = CARTESIAN_POINT ( 'NONE',  ( -4.899999997940079200, 0.7999999999999750600, 1.071145111407455000E-005 ) ) ;
#4405 = LINE ( 'NONE', #7466, #2404 ) ;
#4406 = CARTESIAN_POINT ( 'NONE',  ( 2.398823671904402000, 2.409490608222226700, 0.9745999999999879200 ) ) ;
#4407 = ORIENTED_EDGE ( 'NONE', *, *, #9365, .T. ) ;
#4408 = EDGE_CURVE ( 'NONE', #2771, #6559, #4838, .T. ) ;
#4409 = CARTESIAN_POINT ( 'NONE',  ( -5.041451075190003000, 0.7999999999999749500, 0.3109952626967498200 ) ) ;
#4410 = VERTEX_POINT ( 'NONE', #4152 ) ;
#4411 = DIRECTION ( 'NONE',  ( -0.7071067811865570100, 0.7071067811865380200, 2.030905000000000100E-034 ) ) ;
#4412 = ADVANCED_FACE ( 'NONE', ( #1873 ), #3784, .T. ) ;
#4413 = CARTESIAN_POINT ( 'NONE',  ( -2.473299704662418600, 3.434464939830578900, 1.403766198207623100E-016 ) ) ;
#4414 = CARTESIAN_POINT ( 'NONE',  ( -2.998018799665184400, 1.446027904643388800, 0.9000000000000070200 ) ) ;
#4415 = FACE_OUTER_BOUND ( 'NONE', #3618, .T. ) ;
#4416 = VERTEX_POINT ( 'NONE', #3427 ) ;
#4417 = CARTESIAN_POINT ( 'NONE',  ( -4.900000000000009200, 2.057716446627515500, 0.0000000000000000000 ) ) ;
#4418 = AXIS2_PLACEMENT_3D ( 'NONE', #9422, #6420, #4997 ) ;
#4419 = CYLINDRICAL_SURFACE ( 'NONE', #4114, 0.1250000000000080500 ) ;
#4420 = ORIENTED_EDGE ( 'NONE', *, *, #3911, .T. ) ;
#4421 = CARTESIAN_POINT ( 'NONE',  ( 0.0000000000000000000, 0.0000000000000000000, 1.350000000000010300 ) ) ;
#4422 = LINE ( 'NONE', #6352, #396 ) ;
#4423 = ORIENTED_EDGE ( 'NONE', *, *, #5758, .F. ) ;
#4424 = CARTESIAN_POINT ( 'NONE',  ( -4.832397115193484400, 1.399999999999962600, 3.945047992540000200E-005 ) ) ;
#4425 = VERTEX_POINT ( 'NONE', #9297 ) ;
#4426 = VERTEX_POINT ( 'NONE', #382 ) ;
#4427 = DIRECTION ( 'NONE',  ( 0.0000000000000000000, 1.000000000000000000, 0.0000000000000000000 ) ) ;
#4428 = LINE ( 'NONE', #9097, #6406 ) ;
#4429 = ORIENTED_EDGE ( 'NONE', *, *, #6808, .F. ) ;
#4430 = DIRECTION ( 'NONE',  ( 0.0000000000000000000, 0.0000000000000000000, 1.000000000000000000 ) ) ;
#4431 = AXIS2_PLACEMENT_3D ( 'NONE', #5942, #3779, #8954 ) ;
#4432 = LINE ( 'NONE', #155, #5477 ) ;
#4433 = ORIENTED_EDGE ( 'NONE', *, *, #5168, .T. ) ;
#4434 = VERTEX_POINT ( 'NONE', #9361 ) ;
#4435 = EDGE_CURVE ( 'NONE', #4924, #1599, #9336, .T. ) ;
#4436 = ORIENTED_EDGE ( 'NONE', *, *, #2824, .T. ) ;
#4437 = CARTESIAN_POINT ( 'NONE',  ( -2.199999999999963300, -4.897191345580448100, 3.945047992540000200E-005 ) ) ;
#4438 = CARTESIAN_POINT ( 'NONE',  ( -0.3835733962145824200, -1.346430526988920300, 1.008243544018637000 ) ) ;
#4439 = CARTESIAN_POINT ( 'NONE',  ( 2.200000000000039300, -5.010958810312807500, 0.1833587902973828300 ) ) ;
#4440 = CARTESIAN_POINT ( 'NONE',  ( -1.599999999999975700, 4.900000000000009200, 0.06666666666667096800 ) ) ;
#4441 = AXIS2_PLACEMENT_3D ( 'NONE', #8010, #7923, #3458 ) ;
#4442 = CARTESIAN_POINT ( 'NONE',  ( -0.2999999999999937700, 4.910167162820685300, 4.127767151669442800E-006 ) ) ;
#4443 = CIRCLE ( 'NONE', #7158, 1.399999999999988100 ) ;
#4444 = CARTESIAN_POINT ( 'NONE',  ( -1.346164917318200600, 0.3844996949045027500, 0.9999999999999879000 ) ) ;
#4445 = DIRECTION ( 'NONE',  ( 3.127953244774739000E-016, -1.948083213546850600E-016, -1.000000000000000000 ) ) ;
#4446 = VECTOR ( 'NONE', #8586, 999.9999999999998900 ) ;
#4447 = B_SPLINE_CURVE_WITH_KNOTS ( 'NONE', 3,
 ( #4097, #7794, #8523, #4850 ),
 .UNSPECIFIED., .F., .F.,
 ( 4, 4 ),
 ( 0.0000000000000000000, 0.03968901016185175100 ),
 .UNSPECIFIED. ) ;
#4448 = PLANE ( 'NONE',  #1517 ) ;
#4449 = CARTESIAN_POINT ( 'NONE',  ( -3.804484476406389900, -4.482806999099958400, 0.2000000000000128600 ) ) ;
#4450 = EDGE_CURVE ( 'NONE', #4956, #523, #5528, .T. ) ;
#4451 = FACE_OUTER_BOUND ( 'NONE', #1742, .T. ) ;
#4452 = DIRECTION ( 'NONE',  ( -0.7071067811865580100, 0.7071067811865369100, 0.0000000000000000000 ) ) ;
#4453 = VECTOR ( 'NONE', #5875, 1000.000000000000000 ) ;
#4454 = CARTESIAN_POINT ( 'NONE',  ( 3.663063120169088200, 4.624228355337262300, 0.9745999999999879200 ) ) ;
#4455 = EDGE_CURVE ( 'NONE', #5358, #2862, #1535, .T. ) ;
#4456 = EDGE_CURVE ( 'NONE', #6739, #7408, #8278, .T. ) ;
#4457 = PLANE ( 'NONE',  #2076 ) ;
#4458 = DIRECTION ( 'NONE',  ( 0.7071067811865470200, 0.7071067811865480200, 0.0000000000000000000 ) ) ;
#4459 = ORIENTED_EDGE ( 'NONE', *, *, #5288, .F. ) ;
#4460 = ADVANCED_FACE ( 'NONE', ( #6815 ), #5645, .T. ) ;
#4461 =( LENGTH_UNIT ( ) NAMED_UNIT ( * ) SI_UNIT ( .MILLI., .METRE. ) );
#4462 = CARTESIAN_POINT ( 'NONE',  ( -5.005766807287230300, -1.400000000000039000, 0.01712039946237795300 ) ) ;
#4463 = CARTESIAN_POINT ( 'NONE',  ( -2.199999999999963300, -5.109556728779591800, 0.1666719549468636000 ) ) ;
#4464 = EDGE_CURVE ( 'NONE', #8818, #7165, #73, .T. ) ;
#4465 = DIRECTION ( 'NONE',  ( -0.0000000000000000000, -0.0000000000000000000, 1.000000000000000000 ) ) ;
#4466 = DIRECTION ( 'NONE',  ( 1.000000000000000000, 0.0000000000000000000, 0.0000000000000000000 ) ) ;
#4467 = PLANE ( 'NONE',  #3047 ) ;
#4468 = CARTESIAN_POINT ( 'NONE',  ( -3.496600781998835000, -2.493597883526973200, 0.9000000000000069100 ) ) ;
#4469 = CARTESIAN_POINT ( 'NONE',  ( -2.060570470635490400, 1.353999000289168600, 1.289126084316100100 ) ) ;
#4470 = ORIENTED_EDGE ( 'NONE', *, *, #521, .T. ) ;
#4471 = EDGE_CURVE ( 'NONE', #1537, #9464, #5187, .T. ) ;
#4473 = AXIS2_PLACEMENT_3D ( 'NONE', #1393, #6638, #2145 ) ;
#4472 = VECTOR ( 'NONE', #5476, 1000.000000000000000 ) ;
#4474 = CARTESIAN_POINT ( 'NONE',  ( 1.600000000000025800, -4.899999995880147500, 2.142290222297524000E-005 ) ) ;
#4475 = CARTESIAN_POINT ( 'NONE',  ( -3.496386762300462100, 2.122000704190878400, 0.9000000000000067900 ) ) ;
#4476 = CARTESIAN_POINT ( 'NONE',  ( 2.473299704662418600, 3.434464939830578900, 1.403766198207622400E-016 ) ) ;
#4477 = PLANE ( 'NONE',  #626 ) ;
#4478 = CARTESIAN_POINT ( 'NONE',  ( 4.899999999999986100, 0.8000000000000017100, 0.06666666666666964900 ) ) ;
#4479 = EDGE_LOOP ( 'NONE', ( #1719, #1140, #621, #3754 ) ) ;
#4480 = ORIENTED_EDGE ( 'NONE', *, *, #9463, .F. ) ;
#4481 = CYLINDRICAL_SURFACE ( 'NONE', #9436, 0.1000000000000063900 ) ;
#4482 = DIRECTION ( 'NONE',  ( -0.0000000000000000000, -1.000000000000000000, -0.0000000000000000000 ) ) ;
#4483 = ORIENTED_EDGE ( 'NONE', *, *, #9328, .F. ) ;
#4484 = CARTESIAN_POINT ( 'NONE',  ( -1.298823674785878300, -2.553480291391658800, 1.305000000000012600 ) ) ;
#4485 = AXIS2_PLACEMENT_3D ( 'NONE', #8873, #1411, #684 ) ;
#4486 = VERTEX_POINT ( 'NONE', #3553 ) ;
#4487 = B_SPLINE_CURVE_WITH_KNOTS ( 'NONE', 3,
 ( #8285, #3051, #7453, #5349 ),
 .UNSPECIFIED., .F., .F.,
 ( 4, 4 ),
 ( 0.0000000000000000000, 1.000000000000000000 ),
 .UNSPECIFIED. ) ;
#4488 = VERTEX_POINT ( 'NONE', #9494 ) ;
#4489 = CARTESIAN_POINT ( 'NONE',  ( -1.600000000000001000, 5.103967321807094700, 0.7162854755018252000 ) ) ;
#4490 = FACE_OUTER_BOUND ( 'NONE', #6682, .T. ) ;
#4491 = PLANE ( 'NONE',  #5289 ) ;
#4492 = ORIENTED_EDGE ( 'NONE', *, *, #4456, .T. ) ;
#4493 = ORIENTED_EDGE ( 'NONE', *, *, #137, .T. ) ;
#4494 = AXIS2_PLACEMENT_3D ( 'NONE', #5992, #7480, #3021 ) ;
#4495 = CARTESIAN_POINT ( 'NONE',  ( 5.044259729609564100, -0.8000000000000004900, 0.3109558122168243900 ) ) ;
#4496 = EDGE_LOOP ( 'NONE', ( #1672, #4161, #7552, #4270 ) ) ;
#4497 = PLANE ( 'NONE',  #7177 ) ;
#4498 = ORIENTED_EDGE ( 'NONE', *, *, #7685, .T. ) ;
#4499 = CARTESIAN_POINT ( 'NONE',  ( -0.2999999999999937700, 5.112365383199167100, 0.1666325044669145200 ) ) ;
#4500 = LINE ( 'NONE', #3344, #9476 ) ;
#4501 = ORIENTED_EDGE ( 'NONE', *, *, #3280, .F. ) ;
#4502 = EDGE_CURVE ( 'NONE', #6146, #8079, #5641, .T. ) ;
#4503 = CARTESIAN_POINT ( 'NONE',  ( 1.347482486138946300, 2.073691617813211900, 1.297673311587381300 ) ) ;
#4504 = B_SPLINE_CURVE_WITH_KNOTS ( 'NONE', 3,
 ( #1769, #8376, #6213, #7724, #1740, #5463 ),
 .UNSPECIFIED., .F., .F.,
 ( 4, 2, 4 ),
 ( 0.0000000000000000000, 0.5000000000000000000, 1.000000000000000000 ),
 .UNSPECIFIED. ) ;
#4505 = CARTESIAN_POINT ( 'NONE',  ( -2.199999999999963300, -5.109556728779593500, 0.1666719549468633200 ) ) ;
#4506 = ADVANCED_FACE ( 'NONE', ( #3078 ), #5011, .T. ) ;
#4507 = AXIS2_PLACEMENT_3D ( 'NONE', #4294, #1943, #6523 ) ;
#4508 = VERTEX_POINT ( 'NONE', #1271 ) ;
#4509 = ORIENTED_EDGE ( 'NONE', *, *, #3814, .F. ) ;
#4510 = DIRECTION ( 'NONE',  ( 0.0000000000000000000, -0.0000000000000000000, 1.000000000000000000 ) ) ;
#4511 = CARTESIAN_POINT ( 'NONE',  ( 5.202565240273883300, -1.399999999999988100, 0.6995986401512798200 ) ) ;
#4512 = LINE ( 'NONE', #56, #7985 ) ;
#4513 = CARTESIAN_POINT ( 'NONE',  ( -0.2999999999999937700, 5.202565240273884200, 0.6995986401513049100 ) ) ;
#4514 = EDGE_LOOP ( 'NONE', ( #704, #484, #2014, #1476 ) ) ;
#4515 = DIRECTION ( 'NONE',  ( -0.0004059900380440000900, 0.0000000000000000000, 0.9999999175860412300 ) ) ;
#4516 = EDGE_CURVE ( 'NONE', #3488, #7838, #8308, .T. ) ;
#4517 = EDGE_LOOP ( 'NONE', ( #6826, #3020, #6136, #7668, #3188 ) ) ;
#4518 = CARTESIAN_POINT ( 'NONE',  ( 0.7865285385594892300, 0.1751366838541782400, 1.024999999999989500 ) ) ;
#4519 = CIRCLE ( 'NONE', #9449, 1.399999999999988100 ) ;
#4520 = EDGE_LOOP ( 'NONE', ( #1189, #5215, #7686, #4867 ) ) ;
#4521 = ORIENTED_EDGE ( 'NONE', *, *, #5623, .F. ) ;
#4522 = CARTESIAN_POINT ( 'NONE',  ( 5.202565240273880700, -0.8000000000000004900, 0.6995986401512802600 ) ) ;
#4523 =( NAMED_UNIT ( * ) PLANE_ANGLE_UNIT ( ) SI_UNIT ( $, .RADIAN. ) );
#4524 = EDGE_LOOP ( 'NONE', ( #4423, #3732, #8141, #8014 ) ) ;
#4525 = EDGE_CURVE ( 'NONE', #1245, #2862, #4365, .T. ) ;
#4526 = CARTESIAN_POINT ( 'NONE',  ( -1.346430526988913200, 0.3835733962146119500, 1.008243544018638800 ) ) ;
#4527 = VECTOR ( 'NONE', #4872, 999.9999999999998900 ) ;
#4528 = EDGE_LOOP ( 'NONE', ( #9381, #6375, #4912, #9107, #9629, #6640, #5902, #8105 ) ) ;
#4529 = CARTESIAN_POINT ( 'NONE',  ( 1.346164917318198400, -0.3844996949045010300, 1.350000000000010300 ) ) ;
#4530 = CARTESIAN_POINT ( 'NONE',  ( -4.475735931288068200, 3.797413408594553000, 0.9999999999999879000 ) ) ;
#4531 = EDGE_CURVE ( 'NONE', #4924, #9711, #5417, .T. ) ;
#4532 = CARTESIAN_POINT ( 'NONE',  ( 0.2635250315025278200, -0.8749168862078385800, 1.024999999999989500 ) ) ;
#4534 = CYLINDRICAL_SURFACE ( 'NONE', #6302, 0.1000000000000063900 ) ;
#4533 = DIRECTION ( 'NONE',  ( -0.9859791846679490900, 0.0000000000000000000, -0.1668683535051695400 ) ) ;
#4535 = ORIENTED_EDGE ( 'NONE', *, *, #4326, .F. ) ;
#4536 = COLOUR_RGB ( '',0.7921568627450980000, 0.8196078431372548800, 0.9333333333333333500 ) ;
#4537 = ORIENTED_EDGE ( 'NONE', *, *, #1301, .T. ) ;
#4538 = PLANE ( 'NONE',  #8630 ) ;
#4539 = DIRECTION ( 'NONE',  ( 0.0000000000000000000, 0.0000000000000000000, 1.000000000000000000 ) ) ;
#4540 = EDGE_CURVE ( 'NONE', #1683, #1996, #816, .T. ) ;
#4541 = FACE_OUTER_BOUND ( 'NONE', #7276, .T. ) ;
#4542 = ORIENTED_EDGE ( 'NONE', *, *, #6629, .F. ) ;
#4543 = CARTESIAN_POINT ( 'NONE',  ( 1.307775534087831200, -2.269440756501532900, 0.9000000000000069100 ) ) ;
#4544 = CARTESIAN_POINT ( 'NONE',  ( 0.5003554042673272800, -0.9796144493730502000, 1.104999999999999500 ) ) ;
#4545 = FACE_OUTER_BOUND ( 'NONE', #3200, .T. ) ;
#4546 = VERTEX_POINT ( 'NONE', #5808 ) ;
#4547 = CARTESIAN_POINT ( 'NONE',  ( 3.499391301225404300, -2.409500413707277700, 0.9000000000000069100 ) ) ;
#4548 = PLANE ( 'NONE',  #2475 ) ;
#4549 = ORIENTED_EDGE ( 'NONE', *, *, #6332, .F. ) ;
#4550 = CARTESIAN_POINT ( 'NONE',  ( -1.928647025133928500, -1.386429001310571300, 1.305000000000012800 ) ) ;
#4551 = VERTEX_POINT ( 'NONE', #4513 ) ;
#4552 = DIRECTION ( 'NONE',  ( 1.000000000000000000, 0.0000000000000000000, 0.0000000000000000000 ) ) ;
#4553 = LINE ( 'NONE', #9438, #9655 ) ;
#4554 = DIRECTION ( 'NONE',  ( 0.0000000000000000000, 1.000000000000000000, 0.0000000000000000000 ) ) ;
#4555 = CARTESIAN_POINT ( 'NONE',  ( -1.092224465912156500, 0.1305592434984660700, 1.350000000000010300 ) ) ;
#4556 = AXIS2_PLACEMENT_3D ( 'NONE', #241, #3984, #1698 ) ;
#4557 = LINE ( 'NONE', #9563, #3498 ) ;
#4558 = ORIENTED_EDGE ( 'NONE', *, *, #8979, .T. ) ;
#4559 = B_SPLINE_CURVE_WITH_KNOTS ( 'NONE', 3,
 ( #7728, #3939, #4702, #3213 ),
 .UNSPECIFIED., .F., .F.,
 ( 4, 4 ),
 ( 0.0000000000000000000, 1.000000000000000000 ),
 .UNSPECIFIED. ) ;
#4560 = ADVANCED_FACE ( 'NONE', ( #1181 ), #9220, .T. ) ;
#4561 = CARTESIAN_POINT ( 'NONE',  ( 0.3000000000000193100, -5.005766807287230300, 0.01712039946240332900 ) ) ;
#4562 = DIRECTION ( 'NONE',  ( 0.7071067811865520100, 0.7071067811865431300, 0.0000000000000000000 ) ) ;
#4563 = VECTOR ( 'NONE', #6154, 1000.000000000000000 ) ;
#4564 = MECHANICAL_DESIGN_GEOMETRIC_PRESENTATION_REPRESENTATION (  '', ( #133 ), #5062 ) ;
#4565 = CARTESIAN_POINT ( 'NONE',  ( -1.099999999999994300, -2.694222958124163200E-016, 1.555000000000003300 ) ) ;
#4566 = EDGE_CURVE ( 'NONE', #1095, #2238, #7964, .T. ) ;
#4567 = EDGE_LOOP ( 'NONE', ( #2493, #7628, #3352, #8363 ) ) ;
#4568 = CARTESIAN_POINT ( 'NONE',  ( 1.600000000000026300, -4.800000000000002500, 1.972523996270000100E-005 ) ) ;
#4569 = PLANE ( 'NONE',  #6246 ) ;
#4570 = SURFACE_STYLE_USAGE ( .BOTH. , #9684 ) ;
#4571 = DIRECTION ( 'NONE',  ( 0.1668683535052129800, 0.0000000000000000000, -0.9859791846679417700 ) ) ;
#4572 = DIRECTION ( 'NONE',  ( 0.0000000000000000000, 0.0000000000000000000, -1.000000000000000000 ) ) ;
#4573 = PRESENTATION_LAYER_ASSIGNMENT (  '', '', ( #833 ) ) ;
#4574 = ADVANCED_FACE ( 'NONE', ( #7508 ), #2714, .T. ) ;
#4575 = LINE ( 'NONE', #9544, #3868 ) ;
#4576 = FILL_AREA_STYLE_COLOUR ( '', #7670 ) ;
#4577 = FACE_OUTER_BOUND ( 'NONE', #8550, .T. ) ;
#4578 = CARTESIAN_POINT ( 'NONE',  ( -3.797413408594520100, -4.475735931288087800, 0.9999999999999879000 ) ) ;
#4579 = CARTESIAN_POINT ( 'NONE',  ( 3.373149339882608000, -4.900000000000010100, 0.9745999999999879200 ) ) ;
#4580 = DIRECTION ( 'NONE',  ( 0.0000000000000000000, 0.0000000000000000000, 1.000000000000000000 ) ) ;
#4581 = EDGE_CURVE ( 'NONE', #4762, #2868, #5307, .T. ) ;
#4582 = CARTESIAN_POINT ( 'NONE',  ( -2.001998386448282200, -1.374527077095540000, 1.205000000000182800 ) ) ;
#4583 = DIRECTION ( 'NONE',  ( 0.0000000000000000000, 0.0000000000000000000, -1.000000000000000000 ) ) ;
#4584 = CARTESIAN_POINT ( 'NONE',  ( 4.899999999999315600, 0.8000000000000003800, 0.1000000016482815300 ) ) ;
#4585 = FACE_OUTER_BOUND ( 'NONE', #3093, .T. ) ;
#4586 = ORIENTED_EDGE ( 'NONE', *, *, #5341, .T. ) ;
#4587 = EDGE_CURVE ( 'NONE', #9651, #6566, #4245, .T. ) ;
#4588 =( LENGTH_UNIT ( ) NAMED_UNIT ( * ) SI_UNIT ( .MILLI., .METRE. ) );
#4589 = CARTESIAN_POINT ( 'NONE',  ( 1.346164917318198400, -0.3844996949045010300, 0.9999999999999879000 ) ) ;
#4590 = VERTEX_POINT ( 'NONE', #3759 ) ;
#4591 = CIRCLE ( 'NONE', #5473, 1.399999999999988100 ) ;
#4592 = CARTESIAN_POINT ( 'NONE',  ( 0.3000000000000192000, -5.109556728779593500, 0.1666719549468632900 ) ) ;
#4593 = FACE_OUTER_BOUND ( 'NONE', #9521, .T. ) ;
#4594 = EDGE_CURVE ( 'NONE', #2543, #3292, #1582, .T. ) ;
#4595 = CARTESIAN_POINT ( 'NONE',  ( 1.807662567966062100, 3.347414083138996200, 0.9999999999999879000 ) ) ;
#4596 = VERTEX_POINT ( 'NONE', #5978 ) ;
#4597 = DIRECTION ( 'NONE',  ( 0.0000000000000000000, 0.0000000000000000000, 1.000000000000000000 ) ) ;
#4598 = EDGE_CURVE ( 'NONE', #1261, #2771, #4760, .T. ) ;
#4599 = ORIENTED_EDGE ( 'NONE', *, *, #1156, .F. ) ;
#4600 = CARTESIAN_POINT ( 'NONE',  ( -0.3798647017656312500, 1.032328827628328400, 1.205000000000211500 ) ) ;
#4601 = CARTESIAN_POINT ( 'NONE',  ( 2.199999999999988200, 4.900000000000008300, 3.095825365898940900E-006 ) ) ;
#4602 = CARTESIAN_POINT ( 'NONE',  ( 1.600000000000001200, 4.915210145269370800, 0.1000049467274789400 ) ) ;
#4603 = CYLINDRICAL_SURFACE ( 'NONE', #2096, 0.1250000000000080200 ) ;
#4604 = CARTESIAN_POINT ( 'NONE',  ( 0.2628539873737371600, -1.068132848986816500, 1.304165683834840800 ) ) ;
#4605 = DIRECTION ( 'NONE',  ( 0.0000000000000000000, -0.0000000000000000000, -1.000000000000000000 ) ) ;
#4606 = PLANE ( 'NONE',  #8277 ) ;
#4607 = ORIENTED_EDGE ( 'NONE', *, *, #5085, .F. ) ;
#4608 = EDGE_CURVE ( 'NONE', #7637, #723, #7956, .T. ) ;
#4609 = CARTESIAN_POINT ( 'NONE',  ( -2.199999999999963300, -4.904147357777345600, 4.227455181458871500E-005 ) ) ;
#4610 = ADVANCED_FACE ( 'NONE', ( #3532 ), #571, .T. ) ;
#4611 = ORIENTED_EDGE ( 'NONE', *, *, #4085, .F. ) ;
#4612 = CARTESIAN_POINT ( 'NONE',  ( 1.307373372355059600, -2.272610209268739000, 1.000000000046331800 ) ) ;
#4613 = LINE ( 'NONE', #5677, #2111 ) ;
#4614 = ORIENTED_EDGE ( 'NONE', *, *, #6081, .F. ) ;
#4615 = ORIENTED_EDGE ( 'NONE', *, *, #664, .T. ) ;
#4616 = CARTESIAN_POINT ( 'NONE',  ( -3.655992052357235300, 4.617157287525418300, 0.9999999999999879000 ) ) ;
#4617 = DIRECTION ( 'NONE',  ( -1.000000000000000000, 0.0000000000000000000, 0.0000000000000000000 ) ) ;
#4618 = DIRECTION ( 'NONE',  ( 0.0000000000000000000, -0.1668683535051944900, -0.9859791846679448700 ) ) ;
#4619 = ORIENTED_EDGE ( 'NONE', *, *, #1664, .T. ) ;
#4620 = ORIENTED_EDGE ( 'NONE', *, *, #2035, .T. ) ;
#4621 = VECTOR ( 'NONE', #3148, 1000.000000000000000 ) ;
#4622 = VERTEX_POINT ( 'NONE', #5329 ) ;
#4623 = CARTESIAN_POINT ( 'NONE',  ( 4.915250744231022900, -0.8000000000000006000, 6.191650733161523500E-006 ) ) ;
#4624 = B_SPLINE_CURVE_WITH_KNOTS ( 'NONE', 3,
 ( #9498, #1381, #9533, #8813, #5013, #5110 ),
 .UNSPECIFIED., .F., .F.,
 ( 4, 2, 4 ),
 ( 0.0000000000000000000, 0.5000000000000000000, 1.000000000000000000 ),
 .UNSPECIFIED. ) ;
#4625 = CARTESIAN_POINT ( 'NONE',  ( 4.915250744231022900, -1.399999999999988100, 6.191650733161523500E-006 ) ) ;
#4626 = ORIENTED_EDGE ( 'NONE', *, *, #6841, .F. ) ;
#4627 = ORIENTED_EDGE ( 'NONE', *, *, #342, .F. ) ;
#4628 = CARTESIAN_POINT ( 'NONE',  ( -2.199999999999963300, -4.800000000000002500, 1.972523996270000100E-005 ) ) ;
#4629 = LINE ( 'NONE', #1697, #6024 ) ;
#4630 = ORIENTED_EDGE ( 'NONE', *, *, #6332, .T. ) ;
#4631 = SURFACE_STYLE_USAGE ( .BOTH. , #3877 ) ;
#4632 = CARTESIAN_POINT ( 'NONE',  ( -2.952804545680268500, 3.370655638012003900, 1.305000000000012800 ) ) ;
#4633 = DIRECTION ( 'NONE',  ( -1.000000000000000000, -0.0000000000000000000, -0.0000000000000000000 ) ) ;
#4634 = CIRCLE ( 'NONE', #7417, 1.099999999999994500 ) ;
#4635 = CARTESIAN_POINT ( 'NONE',  ( 3.797413408594517900, -4.475735931288085100, 0.9745999999999879200 ) ) ;
#4636 = EDGE_LOOP ( 'NONE', ( #5147, #7407, #8547, #2950, #4382, #6893 ) ) ;
#4637 = ORIENTED_EDGE ( 'NONE', *, *, #4898, .T. ) ;
#4638 = EDGE_CURVE ( 'NONE', #6994, #721, #1842, .T. ) ;
#4639 = VECTOR ( 'NONE', #5132, 1000.000000000000000 ) ;
#4640 = CARTESIAN_POINT ( 'NONE',  ( 1.192518571717675200, 1.207481428282326300, 1.104999999999999500 ) ) ;
#4641 = CARTESIAN_POINT ( 'NONE',  ( 0.5003554042673273900, 0.9796144493730506400, 1.104999999999999500 ) ) ;
#4642 = ORIENTED_EDGE ( 'NONE', *, *, #2512, .T. ) ;
#4643 = EDGE_LOOP ( 'NONE', ( #7308, #7060, #4154, #4682, #7659, #604 ) ) ;
#4644 = CARTESIAN_POINT ( 'NONE',  ( -3.663063120169086400, 4.624228355337260500, 0.9999999999999879000 ) ) ;
#4645 = CYLINDRICAL_SURFACE ( 'NONE', #2923, 1.399999999999988100 ) ;
#4646 = DIRECTION ( 'NONE',  ( 0.7071067811865474600, -0.7071067811865474600, 0.0000000000000000000 ) ) ;
#4647 = ORIENTED_EDGE ( 'NONE', *, *, #527, .T. ) ;
#4648 = EDGE_CURVE ( 'NONE', #4835, #6026, #2613, .T. ) ;
#4649 = CARTESIAN_POINT ( 'NONE',  ( -2.199999999999963300, -4.897191345580448100, 3.945047992540000200E-005 ) ) ;
#4650 = CARTESIAN_POINT ( 'NONE',  ( 2.200000000000039700, -5.005766807287230300, 0.01712039946240332900 ) ) ;
#4651 = FACE_OUTER_BOUND ( 'NONE', #5086, .T. ) ;
#4652 = EDGE_LOOP ( 'NONE', ( #8749, #2432, #6936, #3463 ) ) ;
#4653 = CARTESIAN_POINT ( 'NONE',  ( 2.199999999999988200, 4.900000000000008300, 3.095825365898940900E-006 ) ) ;
#4654 = LINE ( 'NONE', #7810, #5012 ) ;
#4655 = CARTESIAN_POINT ( 'NONE',  ( 2.398823671904402000, 2.409490608222226700, 0.9000000000000069100 ) ) ;
#4656 = CARTESIAN_POINT ( 'NONE',  ( -0.2999999999999684000, -5.041451075190003000, 0.1000405990071242000 ) ) ;
#4657 = VERTEX_POINT ( 'NONE', #3825 ) ;
#4658 = B_SPLINE_CURVE_WITH_KNOTS ( 'NONE', 3,
 ( #3061, #2362, #2262, #6780 ),
 .UNSPECIFIED., .F., .F.,
 ( 4, 4 ),
 ( 0.0000000000000000000, 1.000000000000000000 ),
 .UNSPECIFIED. ) ;
#4659 = EDGE_CURVE ( 'NONE', #8225, #79, #3374, .T. ) ;
#4660 = ADVANCED_FACE ( 'NONE', ( #6931 ), #7831, .F. ) ;
#4661 = DIRECTION ( 'NONE',  ( -1.000000000000000000, -0.0000000000000000000, -0.0000000000000000000 ) ) ;
#4662 = VECTOR ( 'NONE', #8788, 1000.000000000000000 ) ;
#4663 = ORIENTED_EDGE ( 'NONE', *, *, #8851, .T. ) ;
#4664 = LINE ( 'NONE', #243, #9634 ) ;
#4665 = DIRECTION ( 'NONE',  ( 0.0000000000000000000, 0.0000000000000000000, 1.000000000000000000 ) ) ;
#4666 = CYLINDRICAL_SURFACE ( 'NONE', #7349, 0.1999999999999874700 ) ;
#4667 = EDGE_LOOP ( 'NONE', ( #8948, #1577, #3340, #1905, #1467, #5337 ) ) ;
#4668 = EDGE_LOOP ( 'NONE', ( #7082, #1443, #6471, #9644 ) ) ;
#4669 = ORIENTED_EDGE ( 'NONE', *, *, #8101, .T. ) ;
#4670 = CARTESIAN_POINT ( 'NONE',  ( 0.9854635390216758300, -0.4896968784261397400, 1.104999999999999500 ) ) ;
#4671 = EDGE_CURVE ( 'NONE', #59, #4508, #4724, .T. ) ;
#4672 = DIRECTION ( 'NONE',  ( 1.000000000000000000, 0.0000000000000000000, 0.0000000000000000000 ) ) ;
#4673 = AXIS2_PLACEMENT_3D ( 'NONE', #3973, #8340, #6965 ) ;
#4674 = DIRECTION ( 'NONE',  ( 0.0000000000000000000, 0.9859791846679423200, -0.1668683535052100400 ) ) ;
#4675 = LINE ( 'NONE', #7170, #999 ) ;
#4676 = ORIENTED_EDGE ( 'NONE', *, *, #1499, .F. ) ;
#4677 = ADVANCED_FACE ( 'NONE', ( #1053 ), #9513, .T. ) ;
#4678 = CARTESIAN_POINT ( 'NONE',  ( -2.128190694439436600, 1.343302167322377100, 1.305000000000012400 ) ) ;
#4679 = LINE ( 'NONE', #278, #8371 ) ;
#4680 = ORIENTED_EDGE ( 'NONE', *, *, #9416, .T. ) ;
#4681 = ORIENTED_EDGE ( 'NONE', *, *, #1540, .T. ) ;
#4682 = ORIENTED_EDGE ( 'NONE', *, *, #1804, .F. ) ;
#4683 = PLANE ( 'NONE',  #1024 ) ;
#4684 = PLANE ( 'NONE',  #6528 ) ;
#4685 = DIRECTION ( 'NONE',  ( -1.000000000000000000, 0.0000000000000000000, 0.0000000000000000000 ) ) ;
#4686 = VECTOR ( 'NONE', #4482, 1000.000000000000000 ) ;
#4687 = DIRECTION ( 'NONE',  ( 0.7071067811865531200, -0.7071067811865420200, -0.0000000000000000000 ) ) ;
#4688 = CARTESIAN_POINT ( 'NONE',  ( -0.2999999999999684000, -5.109556728779593500, 0.1666719549468633200 ) ) ;
#4689 = VECTOR ( 'NONE', #2854, 1000.000000000000000 ) ;
#4690 = CARTESIAN_POINT ( 'NONE',  ( -1.788104663124803700, 3.365409144133813400, 0.9999999999999879000 ) ) ;
#4691 = CARTESIAN_POINT ( 'NONE',  ( -1.327453732472451600, -2.697413298195692200, 1.305000000000012200 ) ) ;
#4692 = CARTESIAN_POINT ( 'NONE',  ( -2.345684423683942000, -1.310696230118364900, 0.9230420284625180400 ) ) ;
#4693 = MECHANICAL_DESIGN_GEOMETRIC_PRESENTATION_REPRESENTATION (  '', ( #4179 ), #3993 ) ;
#4694 = VECTOR ( 'NONE', #4002, 1000.000000000000100 ) ;
#4695 = CARTESIAN_POINT ( 'NONE',  ( 0.2999999999999937700, 5.202565240273889600, 0.6995986401513042400 ) ) ;
#4696 = CARTESIAN_POINT ( 'NONE',  ( -3.491048137816586300, 2.540049851720461900, 0.9000000000000069100 ) ) ;
#4697 = PRODUCT_DEFINITION ( 'UNKNOWN', '', #8650, #6534 ) ;
#4698 = DIRECTION ( 'NONE',  ( -0.7071067811865520100, -0.7071067811865431300, -0.0000000000000000000 ) ) ;
#4699 = EDGE_CURVE ( 'NONE', #4892, #7909, #1525, .T. ) ;
#4700 = LINE ( 'NONE', #868, #6657 ) ;
#4701 = VERTEX_POINT ( 'NONE', #3577 ) ;
#4702 = CARTESIAN_POINT ( 'NONE',  ( -0.2999999999999684000, -4.904147357777345600, 4.227455181458871500E-005 ) ) ;
#4703 = B_SPLINE_CURVE_WITH_KNOTS ( 'NONE', 3,
 ( #5125, #1421, #6662, #2181 ),
 .UNSPECIFIED., .F., .F.,
 ( 4, 4 ),
 ( 0.0000000000000000000, 1.000000000000000000 ),
 .UNSPECIFIED. ) ;
#4704 = CARTESIAN_POINT ( 'NONE',  ( -1.420385550626950500, -1.899644595732674000, 1.104999999999999500 ) ) ;
#4705 = DIRECTION ( 'NONE',  ( 0.0000000000000000000, -0.0000000000000000000, 1.000000000000000000 ) ) ;
#4706 = EDGE_CURVE ( 'NONE', #4045, #7621, #2428, .T. ) ;
#4707 = ADVANCED_FACE ( 'NONE', ( #2355 ), #4603, .F. ) ;
#4708 = CARTESIAN_POINT ( 'NONE',  ( -1.346164917318200600, 0.3844996949045028100, 0.9999999999999879000 ) ) ;
#4709 = EDGE_CURVE ( 'NONE', #4264, #1095, #8301, .T. ) ;
#4710 = CARTESIAN_POINT ( 'NONE',  ( 1.600000000000026300, -4.864794230386966200, 3.945047992540000200E-005 ) ) ;
#4711 = DIRECTION ( 'NONE',  ( -0.7071067811865574500, 0.7071067811865376900, 0.0000000000000000000 ) ) ;
#4712 = CARTESIAN_POINT ( 'NONE',  ( 0.1985498567461996800, -1.082237404542128100, 1.287953756762497200 ) ) ;
#4713 = CLOSED_SHELL ( 'NONE', ( #3928, #8668, #9458, #7377, #3569, #6453, #204, #6311, #2638, #2330 ) ) ;
#4714 = LINE ( 'NONE', #3127, #5747 ) ;
#4715 = EDGE_CURVE ( 'NONE', #3523, #2318, #6339, .T. ) ;
#4716 = CARTESIAN_POINT ( 'NONE',  ( 3.655992052357240200, -4.617157287525371200, 8.342940999543041700E-019 ) ) ;
#4717 = ADVANCED_FACE ( 'NONE', ( #2590 ), #5300, .F. ) ;
#4718 = CARTESIAN_POINT ( 'NONE',  ( 0.1305592434984410900, 1.092224465912158000, 0.9999999999999879000 ) ) ;
#4719 = B_SPLINE_CURVE_WITH_KNOTS ( 'NONE', 3,
 ( #3282, #997, #268, #6252, #2595, #6301 ),
 .UNSPECIFIED., .F., .F.,
 ( 4, 2, 4 ),
 ( 0.0000000000000000000, 0.5000000000000000000, 1.000000000000000000 ),
 .UNSPECIFIED. ) ;
#4720 = ORIENTED_EDGE ( 'NONE', *, *, #8568, .T. ) ;
#4721 = DIRECTION ( 'NONE',  ( 1.000000000000000000, -0.0000000000000000000, 0.0000000000000000000 ) ) ;
#4722 = EDGE_LOOP ( 'NONE', ( #8058, #4483, #4886, #9605 ) ) ;
#4723 = EDGE_CURVE ( 'NONE', #182, #2142, #7799, .T. ) ;
#4724 = LINE ( 'NONE', #8120, #8982 ) ;
#4725 = DIRECTION ( 'NONE',  ( -0.0000000000000000000, -0.0000000000000000000, -1.000000000000000000 ) ) ;
#4726 = ORIENTED_EDGE ( 'NONE', *, *, #9410, .F. ) ;
#4727 = CARTESIAN_POINT ( 'NONE',  ( 3.663063120169088200, 4.624228355337262300, 0.9999999999999879000 ) ) ;
#4728 = EDGE_CURVE ( 'NONE', #3925, #6891, #5996, .T. ) ;
#4729 = VERTEX_POINT ( 'NONE', #6666 ) ;
#4730 =( NAMED_UNIT ( * ) PLANE_ANGLE_UNIT ( ) SI_UNIT ( $, .RADIAN. ) );
#4731 = VERTEX_POINT ( 'NONE', #1292 ) ;
#4732 = CYLINDRICAL_SURFACE ( 'NONE', #3184, 1.099999999999994300 ) ;
#4733 = ORIENTED_EDGE ( 'NONE', *, *, #8689, .T. ) ;
#4734 = EDGE_LOOP ( 'NONE', ( #2715, #4974, #5531, #5218 ) ) ;
#4735 = AXIS2_PLACEMENT_3D ( 'NONE', #4773, #371, #279 ) ;
#4736 = VERTEX_POINT ( 'NONE', #596 ) ;
#4737 = CARTESIAN_POINT ( 'NONE',  ( -1.379331478658553500, -0.4176662562448607600, 1.024999999999989500 ) ) ;
#4738 = CARTESIAN_POINT ( 'NONE',  ( 2.415222915099185700, 1.309090749938870400, 0.9000000000000071300 ) ) ;
#4739 = VERTEX_POINT ( 'NONE', #5861 ) ;
#4740 = DIRECTION ( 'NONE',  ( 0.0000000000000000000, 0.0000000000000000000, -1.000000000000000000 ) ) ;
#4741 = PLANE ( 'NONE',  #5538 ) ;
#4742 = DIRECTION ( 'NONE',  ( -0.7071067811865722200, 0.7071067811865229300, 0.0000000000000000000 ) ) ;
#4743 = CARTESIAN_POINT ( 'NONE',  ( -1.427457497384563300, 2.943955022156311800, 0.9999999999999879000 ) ) ;
#4744 = ORIENTED_EDGE ( 'NONE', *, *, #927, .F. ) ;
#4745 = ORIENTED_EDGE ( 'NONE', *, *, #5221, .T. ) ;
#4746 = CARTESIAN_POINT ( 'NONE',  ( -3.470193609461263800, -2.697413305172958500, 1.305000000000012800 ) ) ;
#4747 = CARTESIAN_POINT ( 'NONE',  ( -0.2999999999999684000, -5.010958810312807500, 0.1833587902973828300 ) ) ;
#4748 = AXIS2_PLACEMENT_3D ( 'NONE', #7112, #1113, #4218 ) ;
#4749 = LINE ( 'NONE', #4644, #6364 ) ;
#4750 = VERTEX_POINT ( 'NONE', #6532 ) ;
#4751 = EDGE_CURVE ( 'NONE', #9279, #7312, #226, .T. ) ;
#4752 = ADVANCED_FACE ( 'NONE', ( #9700 ), #334, .T. ) ;
#4753 = CARTESIAN_POINT ( 'NONE',  ( -0.3698988357748876900, 1.035995954430503700, 1.252226072352981900 ) ) ;
#4754 = FILL_AREA_STYLE_COLOUR ( '', #2095 ) ;
#4755 = FACE_OUTER_BOUND ( 'NONE', #8417, .T. ) ;
#4756 = AXIS2_PLACEMENT_3D ( 'NONE', #5281, #8888, #4466 ) ;
#4757 = ORIENTED_EDGE ( 'NONE', *, *, #1923, .F. ) ;
#4758 = CARTESIAN_POINT ( 'NONE',  ( -1.027455755735946900, 0.3928927363259783200, 1.229566404263478900 ) ) ;
#4759 = CARTESIAN_POINT ( 'NONE',  ( 4.475735931288062000, 3.797413408594546300, 0.2000000000000128100 ) ) ;
#4760 = B_SPLINE_CURVE_WITH_KNOTS ( 'NONE', 3,
 ( #7465, #8993, #7564, #808 ),
 .UNSPECIFIED., .F., .F.,
 ( 4, 4 ),
 ( 0.0000000000000000000, 1.000000000000000000 ),
 .UNSPECIFIED. ) ;
#4761 =( NAMED_UNIT ( * ) SI_UNIT ( $, .STERADIAN. ) SOLID_ANGLE_UNIT ( ) );
#4762 = VERTEX_POINT ( 'NONE', #5893 ) ;
#4763 = DIRECTION ( 'NONE',  ( -0.0000000000000000000, 0.0000000000000000000, -1.000000000000000000 ) ) ;
#4764 = CYLINDRICAL_SURFACE ( 'NONE', #1265, 0.1000000000000064300 ) ;
#4765 = ADVANCED_FACE ( 'NONE', ( #3303 ), #670, .F. ) ;
#4766 = ORIENTED_EDGE ( 'NONE', *, *, #8966, .F. ) ;
#4767 = EDGE_CURVE ( 'NONE', #8781, #7537, #7057, .T. ) ;
#4768 = PLANE ( 'NONE',  #9114 ) ;
#4769 = LINE ( 'NONE', #9691, #8457 ) ;
#4770 = ORIENTED_EDGE ( 'NONE', *, *, #391, .F. ) ;
#4771 = EDGE_CURVE ( 'NONE', #8754, #7515, #1753, .T. ) ;
#4772 = LINE ( 'NONE', #8383, #7436 ) ;
#4773 = CARTESIAN_POINT ( 'NONE',  ( -3.598400220000000200E-032, -2.158191010000000100E-032, 1.350000000000010300 ) ) ;
#4774 = LINE ( 'NONE', #214, #8241 ) ;
#4775 = DIRECTION ( 'NONE',  ( -0.0000000000000000000, 0.0000000000000000000, -1.000000000000000000 ) ) ;
#4776 = DIRECTION ( 'NONE',  ( 0.0000000000000000000, -0.1668683535052021800, 0.9859791846679436500 ) ) ;
#4777 = EDGE_LOOP ( 'NONE', ( #5786, #1369, #136, #9342 ) ) ;
#4778 = CARTESIAN_POINT ( 'NONE',  ( 3.373149339882608000, -4.900000000000010100, 0.9745999999999879200 ) ) ;
#4779 = ORIENTED_EDGE ( 'NONE', *, *, #4594, .F. ) ;
#4780 = CARTESIAN_POINT ( 'NONE',  ( 2.942575080919838100, -1.438847130360793300, 1.305000000000012800 ) ) ;
#4781 = FACE_BOUND ( 'NONE', #8663, .T. ) ;
#4782 = ORIENTED_EDGE ( 'NONE', *, *, #2931, .F. ) ;
#4783 = CARTESIAN_POINT ( 'NONE',  ( 3.655992052357200300, 4.617157287525374800, 0.9745999999999879200 ) ) ;
#4784 = LINE ( 'NONE', #4211, #8470 ) ;
#4785 = ORIENTED_EDGE ( 'NONE', *, *, #3386, .T. ) ;
#4786 = ORIENTED_EDGE ( 'NONE', *, *, #5628, .F. ) ;
#4787 = EDGE_LOOP ( 'NONE', ( #1431, #8767, #9637, #7370, #6580, #1439 ) ) ;
#4788 = EDGE_CURVE ( 'NONE', #9047, #2133, #1989, .T. ) ;
#4789 = DIRECTION ( 'NONE',  ( -0.7071067811865390200, -0.7071067811865561200, 0.0000000000000000000 ) ) ;
#4790 = VECTOR ( 'NONE', #4890, 1000.000000000000000 ) ;
#4791 = PLANE ( 'NONE',  #4862 ) ;
#4792 = ORIENTED_EDGE ( 'NONE', *, *, #7026, .F. ) ;
#4793 = EDGE_CURVE ( 'NONE', #7621, #410, #3776, .T. ) ;
#4794 = AXIS2_PLACEMENT_3D ( 'NONE', #9240, #5532, #6380 ) ;
#4795 = CARTESIAN_POINT ( 'NONE',  ( -0.2999999999999684000, -4.899999991758623900, 0.1000405990037968200 ) ) ;
#4796 = CARTESIAN_POINT ( 'NONE',  ( 2.001946718000812400, 1.374547131902373400, 1.205249755641084200 ) ) ;
#4797 = DIRECTION ( 'NONE',  ( 0.0000000000000000000, 0.0000000000000000000, -1.000000000000000000 ) ) ;
#4798 = VERTEX_POINT ( 'NONE', #9320 ) ;
#4799 = ADVANCED_FACE ( 'NONE', ( #8063 ), #4241, .F. ) ;
#4800 = CARTESIAN_POINT ( 'NONE',  ( -1.599999999999975400, -4.897191345580448100, 1.972523996270000100E-005 ) ) ;
#4801 = CARTESIAN_POINT ( 'NONE',  ( 3.797413408594519700, -4.475735931288087800, 0.2000000000000130000 ) ) ;
#4802 = CARTESIAN_POINT ( 'NONE',  ( -4.912401490849809700, 0.7999999999999749500, 0.1000456338892762700 ) ) ;
#4803 = CARTESIAN_POINT ( 'NONE',  ( -2.195436713911990800, -3.499332753235933500, 0.9999999999999876800 ) ) ;
#4804 = CARTESIAN_POINT ( 'NONE',  ( -1.307373372340040000, -2.272610209293488600, 0.9999999999999879000 ) ) ;
#4805 =( NAMED_UNIT ( * ) SI_UNIT ( $, .STERADIAN. ) SOLID_ANGLE_UNIT ( ) );
#4806 = FACE_OUTER_BOUND ( 'NONE', #2841, .T. ) ;
#4807 = AXIS2_PLACEMENT_3D ( 'NONE', #2956, #1379, #7364 ) ;
#4808 = CIRCLE ( 'NONE', #9332, 1.099999999999992100 ) ;
#4809 = CARTESIAN_POINT ( 'NONE',  ( -1.311942098721338400, 2.239509861328638200, 1.253935879002683300 ) ) ;
#4810 = ADVANCED_FACE ( 'NONE', ( #5755 ), #6225, .F. ) ;
#4811 = CYLINDRICAL_SURFACE ( 'NONE', #9375, 0.1250000000000079900 ) ;
#4812 = VERTEX_POINT ( 'NONE', #4942 ) ;
#4813 = CARTESIAN_POINT ( 'NONE',  ( 1.386429001310511400, -1.928647025134157200, 1.305000000000012800 ) ) ;
#4814 = CARTESIAN_POINT ( 'NONE',  ( 1.600000000000026300, -4.900000000000010100, 4.059076573402305300E-005 ) ) ;
#4815 = CARTESIAN_POINT ( 'NONE',  ( -0.2999999999999684000, -5.101158667387509600, 0.7163249259817547900 ) ) ;
#4816 = EDGE_CURVE ( 'NONE', #4434, #103, #5557, .T. ) ;
#4817 = ORIENTED_EDGE ( 'NONE', *, *, #4659, .F. ) ;
#4818 = CARTESIAN_POINT ( 'NONE',  ( -5.199756585854304400, 1.399999999999962600, 0.6996380906312337200 ) ) ;
#4819 = B_SPLINE_CURVE_WITH_KNOTS ( 'NONE', 3,
 ( #5602, #337, #7016, #5506 ),
 .UNSPECIFIED., .F., .F.,
 ( 4, 4 ),
 ( 0.0000000000000000000, 1.000000000000000000 ),
 .UNSPECIFIED. ) ;
#4820 = CARTESIAN_POINT ( 'NONE',  ( 0.0000000000000000000, 0.0000000000000000000, 0.0000000000000000000 ) ) ;
#4821 = FACE_OUTER_BOUND ( 'NONE', #2269, .T. ) ;
#4822 = UNCERTAINTY_MEASURE_WITH_UNIT (LENGTH_MEASURE( 1.000000000000000100E-005 ), #9547, 'distance_accuracy_value', 'NONE');
#4823 = AXIS2_PLACEMENT_3D ( 'NONE', #8799, #5930, #2187 ) ;
#4824 = LINE ( 'NONE', #2548, #1738 ) ;
#4825 = CARTESIAN_POINT ( 'NONE',  ( 2.191115163835809300, -1.329222833660201400, 1.292937577544732500 ) ) ;
#4826 = CARTESIAN_POINT ( 'NONE',  ( 0.0000000000000000000, 0.0000000000000000000, 0.9745999999999879200 ) ) ;
#4827 = ORIENTED_EDGE ( 'NONE', *, *, #7592, .T. ) ;
#4828 = EDGE_CURVE ( 'NONE', #4254, #8551, #6109, .T. ) ;
#4829 = EDGE_LOOP ( 'NONE', ( #6373, #5812, #390, #412, #1016 ) ) ;
#4830 = VECTOR ( 'NONE', #1268, 1000.000000000000000 ) ;
#4831 = CARTESIAN_POINT ( 'NONE',  ( -2.199999999999988600, 5.013767464732374900, 0.1833193398174311500 ) ) ;
#4832 = DIRECTION ( 'NONE',  ( -1.000000000000000000, 0.0000000000000000000, -0.0000000000000000000 ) ) ;
#4833 = CARTESIAN_POINT ( 'NONE',  ( -1.092224465912159400, -0.1305592434984410600, 0.9999999999999879000 ) ) ;
#4834 = DIRECTION ( 'NONE',  ( 1.000000000000000000, 0.0000000000000000000, 0.0000000000000000000 ) ) ;
#4835 = VERTEX_POINT ( 'NONE', #7837 ) ;
#4836 = EDGE_CURVE ( 'NONE', #2133, #7317, #699, .T. ) ;
#4837 = ORIENTED_EDGE ( 'NONE', *, *, #8462, .T. ) ;
#4838 = LINE ( 'NONE', #4121, #6565 ) ;
#4839 = CARTESIAN_POINT ( 'NONE',  ( -1.320208670468656600, -2.193340326093117500, 1.288601694563587200 ) ) ;
#4840 = VERTEX_POINT ( 'NONE', #4182 ) ;
#4841 = EDGE_LOOP ( 'NONE', ( #6383, #480, #9532, #7159, #6881, #9208 ) ) ;
#4842 = CARTESIAN_POINT ( 'NONE',  ( 4.617157287525359700, 3.655992052357252200, -9.749476611369456100E-016 ) ) ;
#4843 = CARTESIAN_POINT ( 'NONE',  ( -3.598400220000000200E-032, -2.158191010000000100E-032, 1.350000000000010300 ) ) ;
#4844 = ADVANCED_FACE ( 'NONE', ( #4126 ), #108, .F. ) ;
#4845 = CARTESIAN_POINT ( 'NONE',  ( 2.398823671904402000, 2.409490608222226700, 0.9000000000000069100 ) ) ;
#4846 = ORIENTED_EDGE ( 'NONE', *, *, #1050, .F. ) ;
#4847 = EDGE_CURVE ( 'NONE', #8049, #6933, #4958, .T. ) ;
#4848 = ORIENTED_EDGE ( 'NONE', *, *, #4954, .T. ) ;
#4849 = FACE_OUTER_BOUND ( 'NONE', #9237, .T. ) ;
#4850 = CARTESIAN_POINT ( 'NONE',  ( -1.298826156556821300, -2.409490607479997800, 0.9999999999999879000 ) ) ;
#4851 = ORIENTED_EDGE ( 'NONE', *, *, #9045, .T. ) ;
#4852 = PLANE ( 'NONE',  #1471 ) ;
#4853 = ORIENTED_EDGE ( 'NONE', *, *, #8744, .F. ) ;
#4854 = DIRECTION ( 'NONE',  ( -3.252606517456513300E-018, 1.000000000000000000, 1.110223024625156500E-016 ) ) ;
#4855 = EDGE_LOOP ( 'NONE', ( #2491, #9073, #7611 ) ) ;
#4856 = VERTEX_POINT ( 'NONE', #4876 ) ;
#4857 = ADVANCED_FACE ( 'NONE', ( #2480 ), #4481, .F. ) ;
#4858 = CARTESIAN_POINT ( 'NONE',  ( 2.149736769556741300, -1.338130041736237800, 1.303624627707792100 ) ) ;
#4859 = FACE_OUTER_BOUND ( 'NONE', #4722, .T. ) ;
#4860 = DIRECTION ( 'NONE',  ( 0.0000000000000000000, 0.0000000000000000000, 1.000000000000000000 ) ) ;
#4861 = ORIENTED_EDGE ( 'NONE', *, *, #4598, .T. ) ;
#4862 = AXIS2_PLACEMENT_3D ( 'NONE', #1774, #520, #4229 ) ;
#4863 = VERTEX_POINT ( 'NONE', #1176 ) ;
#4864 = CARTESIAN_POINT ( 'NONE',  ( 0.2999999999999937700, 4.962008663924571300, 2.517489204069586700E-005 ) ) ;
#4865 = VECTOR ( 'NONE', #2665, 1000.000000000000000 ) ;
#4866 = CARTESIAN_POINT ( 'NONE',  ( 4.899999999999315600, -1.399999999999988100, 0.1000000016482815300 ) ) ;
#4867 = ORIENTED_EDGE ( 'NONE', *, *, #8050, .T. ) ;
#4868 = VERTEX_POINT ( 'NONE', #8677 ) ;
#4869 = PLANE ( 'NONE',  #3530 ) ;
#4870 = CARTESIAN_POINT ( 'NONE',  ( 3.373149339882544500, 4.900000000000009200, 0.9000000000000069100 ) ) ;
#4871 = AXIS2_PLACEMENT_3D ( 'NONE', #5395, #6104, #1539 ) ;
#4872 = DIRECTION ( 'NONE',  ( -0.7071067811865520100, -0.7071067811865431300, -0.0000000000000000000 ) ) ;
#4873 = LINE ( 'NONE', #6472, #5669 ) ;
#4874 = EDGE_LOOP ( 'NONE', ( #9065, #5696, #9129, #7220 ) ) ;
#4875 = ORIENTED_EDGE ( 'NONE', *, *, #3649, .F. ) ;
#4876 = CARTESIAN_POINT ( 'NONE',  ( -0.1305592434984418900, 1.092224465912157600, 0.9999999999999879000 ) ) ;
#4877 = CARTESIAN_POINT ( 'NONE',  ( -4.912442089811461800, 1.399999999999962600, 4.564213066489702800E-005 ) ) ;
#4878 = CARTESIAN_POINT ( 'NONE',  ( 2.277891259979409900, -1.316158382637529200, 1.016282312740030900 ) ) ;
#4879 = CARTESIAN_POINT ( 'NONE',  ( -1.335999707505683500, 2.120888234622744200, 1.305000000000012600 ) ) ;
#4880 = FACE_OUTER_BOUND ( 'NONE', #2837, .T. ) ;
#4881 = EDGE_LOOP ( 'NONE', ( #6593, #1092, #5828, #7272 ) ) ;
#4882 = DIRECTION ( 'NONE',  ( -0.0000000000000000000, -0.0000000000000000000, 1.000000000000000000 ) ) ;
#4883 = EDGE_CURVE ( 'NONE', #6875, #2385, #8645, .T. ) ;
#4884 = CARTESIAN_POINT ( 'NONE',  ( -3.797413408594541000, 4.475735931288065600, 0.9745999999999879200 ) ) ;
#4885 = LINE ( 'NONE', #9527, #986 ) ;
#4886 = ORIENTED_EDGE ( 'NONE', *, *, #3573, .T. ) ;
#4887 = CARTESIAN_POINT ( 'NONE',  ( 2.277830346110257600, 1.316165123696543000, 0.9000000000000069100 ) ) ;
#4888 = VECTOR ( 'NONE', #107, 1000.000000000000200 ) ;
#4889 = AXIS2_PLACEMENT_3D ( 'NONE', #6229, #3326, #6265 ) ;
#4890 = DIRECTION ( 'NONE',  ( -1.000000000000000000, -0.0000000000000000000, -0.0000000000000000000 ) ) ;
#4891 = VECTOR ( 'NONE', #8269, 999.9999999999998900 ) ;
#4892 = VERTEX_POINT ( 'NONE', #1213 ) ;
#4893 = VERTEX_POINT ( 'NONE', #1956 ) ;
#4894 = CARTESIAN_POINT ( 'NONE',  ( 1.320297521145685100, -2.193020639199496600, 1.288568285374524200 ) ) ;
#4895 = FACE_OUTER_BOUND ( 'NONE', #7642, .T. ) ;
#4896 = ORIENTED_EDGE ( 'NONE', *, *, #7022, .T. ) ;
#4897 = CARTESIAN_POINT ( 'NONE',  ( -4.475735931288052200, 3.797413408594537000, 0.9745999999999879200 ) ) ;
#4898 = EDGE_CURVE ( 'NONE', #8075, #1770, #201, .T. ) ;
#4899 = DIRECTION ( 'NONE',  ( -0.0000000000000000000, -1.000000000000000000, -0.0000000000000000000 ) ) ;
#4900 = VECTOR ( 'NONE', #4333, 1000.000000000000000 ) ;
#4901 = VERTEX_POINT ( 'NONE', #2728 ) ;
#4902 = EDGE_LOOP ( 'NONE', ( #2741, #7184, #5761, #7681, #5229, #4436, #7065, #2664 ) ) ;
#4903 = VERTEX_POINT ( 'NONE', #7260 ) ;
#4905 = ORIENTED_EDGE ( 'NONE', *, *, #6767, .T. ) ;
#4904 = B_SPLINE_CURVE_WITH_KNOTS ( 'NONE', 3,
 ( #4568, #1392, #2186, #694 ),
 .UNSPECIFIED., .F., .F.,
 ( 4, 4 ),
 ( 0.0000000000000000000, 1.000000000000000000 ),
 .UNSPECIFIED. ) ;
#4906 = DIRECTION ( 'NONE',  ( -0.7071067811865909800, -0.7071067811865041600, 0.0000000000000000000 ) ) ;
#4907 = EDGE_CURVE ( 'NONE', #4762, #7973, #6683, .T. ) ;
#4908 = DIRECTION ( 'NONE',  ( 0.0000000000000000000, 0.0000000000000000000, -1.000000000000000000 ) ) ;
#4909 = CARTESIAN_POINT ( 'NONE',  ( -4.800000000000002500, -0.8000000000000258000, 1.972523996270000100E-005 ) ) ;
#4911 = LINE ( 'NONE', #2057, #6632 ) ;
#4910 = DIRECTION ( 'NONE',  ( 1.000000000000000000, 0.0000000000000000000, 0.0000000000000000000 ) ) ;
#4912 = ORIENTED_EDGE ( 'NONE', *, *, #1416, .F. ) ;
#4913 = CARTESIAN_POINT ( 'NONE',  ( 0.3844996949045076900, -1.346164917318196900, 0.9745999999999879200 ) ) ;
#4914 = VECTOR ( 'NONE', #4687, 999.9999999999998900 ) ;
#4915 = ORIENTED_EDGE ( 'NONE', *, *, #3509, .T. ) ;
#4916 = VERTEX_POINT ( 'NONE', #8090 ) ;
#4917 = DIRECTION ( 'NONE',  ( 0.0000000000000000000, -0.0000000000000000000, 1.000000000000000000 ) ) ;
#4918 = EDGE_CURVE ( 'NONE', #5336, #7522, #7726, .T. ) ;
#4919 = ORIENTED_EDGE ( 'NONE', *, *, #607, .T. ) ;
#4920 = CARTESIAN_POINT ( 'NONE',  ( -0.9710488006423473300, 0.5167825720465769600, 1.104999999999999500 ) ) ;
#4921 = ADVANCED_FACE ( 'NONE', ( #936 ), #9210, .T. ) ;
#4922 = LINE ( 'NONE', #6143, #5827 ) ;
#4923 = CARTESIAN_POINT ( 'NONE',  ( 2.199999999999988600, 5.202565240273889600, 0.6995986401513042400 ) ) ;
#4924 = VERTEX_POINT ( 'NONE', #9585 ) ;
#4925 = EDGE_CURVE ( 'NONE', #3796, #586, #5520, .T. ) ;
#4926 = B_SPLINE_CURVE_WITH_KNOTS ( 'NONE', 3,
 ( #7242, #5109, #3555, #9401 ),
 .UNSPECIFIED., .F., .F.,
 ( 4, 4 ),
 ( 0.0000000000000000000, 0.8310721416964863600 ),
 .UNSPECIFIED. ) ;
#4927 = DIRECTION ( 'NONE',  ( 0.0000000000000000000, 0.0000000000000000000, -1.000000000000000000 ) ) ;
#4928 = CARTESIAN_POINT ( 'NONE',  ( -0.2999999999999684600, -4.899999995880147500, 2.142290222297524000E-005 ) ) ;
#4929 = PLANE ( 'NONE',  #2804 ) ;
#4930 = AXIS2_PLACEMENT_3D ( 'NONE', #3052, #7482, #42 ) ;
#4931 = FACE_OUTER_BOUND ( 'NONE', #8196, .T. ) ;
#4932 = CARTESIAN_POINT ( 'NONE',  ( 1.406369335569232600, 1.927086063695161900, 1.104999999999999800 ) ) ;
#4933 = CARTESIAN_POINT ( 'NONE',  ( -4.900000000000009200, -3.373149339882620900, 0.1000405990071242100 ) ) ;
#4934 = CARTESIAN_POINT ( 'NONE',  ( -1.307775534087838300, -2.269440756501538600, 1.024999999999989500 ) ) ;
#4935 = CARTESIAN_POINT ( 'NONE',  ( -2.282861252194814800, 1.306346985363170000, 0.9746039772762791200 ) ) ;
#4936 = DIRECTION ( 'NONE',  ( -1.000000000000000000, 0.0000000000000000000, 0.0000000000000000000 ) ) ;
#4937 = PLANE ( 'NONE',  #2848 ) ;
#4938 = DIRECTION ( 'NONE',  ( 0.7071067811865520100, -0.7071067811865430200, 0.0000000000000000000 ) ) ;
#4939 = MECHANICAL_DESIGN_GEOMETRIC_PRESENTATION_REPRESENTATION (  '', ( #2597 ), #3604 ) ;
#4940 = EDGE_CURVE ( 'NONE', #9199, #1125, #9457, .T. ) ;
#4941 = VECTOR ( 'NONE', #5988, 1000.000000000000000 ) ;
#4942 = CARTESIAN_POINT ( 'NONE',  ( 1.025472922904440600, -0.3980016135517265900, 1.205000000000184100 ) ) ;
#4943 = CARTESIAN_POINT ( 'NONE',  ( -4.899999997940138700, -1.400000000000034600, 1.014769053845818900E-005 ) ) ;
#4944 = CARTESIAN_POINT ( 'NONE',  ( -2.127157336686804200, -1.334374885575875700, 1.304875309579296900 ) ) ;
#4945 = ORIENTED_EDGE ( 'NONE', *, *, #3048, .T. ) ;
#4946 = B_SPLINE_CURVE_WITH_KNOTS ( 'NONE', 3,
 ( #1830, #9221, #7114, #7841, #2636, #4809, #6306, #1800, #3394, #2601, #8589, #5642, #6541, #8037, #8745, #7943, #572, #4975 ),
 .UNSPECIFIED., .F., .F.,
 ( 4, 2, 2, 2, 2, 2, 2, 2, 4 ),
 ( 0.0000000000000000000, 0.2500000000000102100, 0.3750000000000125500, 0.4375000000000118200, 0.5000000000000111000, 0.6250000000000139900, 0.6875000000000121000, 0.7500000000000102100, 1.000000000000000000 ),
 .UNSPECIFIED. ) ;
#4947 = CARTESIAN_POINT ( 'NONE',  ( -0.2635250315025278200, 0.8749168862078385800, 1.024999999999989500 ) ) ;
#4948 = CARTESIAN_POINT ( 'NONE',  ( 4.617157287525372100, -3.655992052357247800, 0.9745999999999879200 ) ) ;
#4949 = ADVANCED_FACE ( 'NONE', ( #5068 ), #641, .T. ) ;
#4950 = ORIENTED_EDGE ( 'NONE', *, *, #7988, .F. ) ;
#4951 = LINE ( 'NONE', #9087, #1637 ) ;
#4952 = CARTESIAN_POINT ( 'NONE',  ( 0.2999999999999937700, 4.910167162820685300, 4.127767151669442800E-006 ) ) ;
#4953 = CARTESIAN_POINT ( 'NONE',  ( -2.262215225341006600, 1.317477574848536800, 1.245487166004437100 ) ) ;
#4954 = EDGE_CURVE ( 'NONE', #3176, #8923, #2826, .T. ) ;
#4955 = CARTESIAN_POINT ( 'NONE',  ( -1.935330591629112100, 1.402658235478665400, 1.114228752109790700 ) ) ;
#4956 = VERTEX_POINT ( 'NONE', #2892 ) ;
#4957 = ORIENTED_EDGE ( 'NONE', *, *, #8188, .F. ) ;
#4958 = LINE ( 'NONE', #9391, #2103 ) ;
#4959 = EDGE_CURVE ( 'NONE', #4868, #724, #3181, .T. ) ;
#4960 = ADVANCED_FACE ( 'NONE', ( #6806 ), #3547, .T. ) ;
#4961 = VERTEX_POINT ( 'NONE', #8034 ) ;
#4962 = ORIENTED_EDGE ( 'NONE', *, *, #481, .F. ) ;
#4963 = ORIENTED_EDGE ( 'NONE', *, *, #3277, .T. ) ;
#4964 = DIRECTION ( 'NONE',  ( 0.7071067811865540100, 0.7071067811865410200, 0.0000000000000000000 ) ) ;
#4965 = CARTESIAN_POINT ( 'NONE',  ( 0.3000000000000192500, -4.800000000000002500, 1.972523996270000100E-005 ) ) ;
#4966 = LINE ( 'NONE', #6869, #8420 ) ;
#4967 = ORIENTED_EDGE ( 'NONE', *, *, #8050, .F. ) ;
#4968 = ORIENTED_EDGE ( 'NONE', *, *, #9086, .F. ) ;
#4969 = DIRECTION ( 'NONE',  ( 0.7071067811865384700, 0.7071067811865565700, 0.0000000000000000000 ) ) ;
#4970 = CARTESIAN_POINT ( 'NONE',  ( -0.2879226727952064500, 1.071369944335141700, 1.555000000000003500 ) ) ;
#4971 = CARTESIAN_POINT ( 'NONE',  ( 4.915169546265580900, -1.399999999999988100, 0.2000061751679519900 ) ) ;
#4972 = DIRECTION ( 'NONE',  ( 1.000000000000000000, 0.0000000000000000000, -0.0000000000000000000 ) ) ;
#4973 = EDGE_CURVE ( 'NONE', #8818, #7227, #6317, .T. ) ;
#4974 = ORIENTED_EDGE ( 'NONE', *, *, #7741, .T. ) ;
#4975 = CARTESIAN_POINT ( 'NONE',  ( -1.337068353748492900, 2.121956880865558200, 1.305000000000012600 ) ) ;
#4976 = CARTESIAN_POINT ( 'NONE',  ( 0.5003554042673273900, -0.9796144493730506400, 1.104999999999999500 ) ) ;
#4977 = DIRECTION ( 'NONE',  ( 1.000000000000000000, 0.0000000000000000000, 0.0000000000000000000 ) ) ;
#4978 = DIRECTION ( 'NONE',  ( -0.7071067811865371400, -0.7071067811865580100, 0.0000000000000000000 ) ) ;
#4979 = ORIENTED_EDGE ( 'NONE', *, *, #7429, .T. ) ;
#4980 = EDGE_CURVE ( 'NONE', #6505, #4657, #7613, .T. ) ;
#4981 = AXIS2_PLACEMENT_3D ( 'NONE', #530, #2041, #3473 ) ;
#4982 = DIRECTION ( 'NONE',  ( -1.000000000000000000, -0.0000000000000000000, -0.0000000000000000000 ) ) ;
#4983 = FACE_OUTER_BOUND ( 'NONE', #7076, .T. ) ;
#4984 = ORIENTED_EDGE ( 'NONE', *, *, #5410, .T. ) ;
#4985 = ORIENTED_EDGE ( 'NONE', *, *, #6217, .T. ) ;
#4986 = LINE ( 'NONE', #3224, #725 ) ;
#4987 = ORIENTED_EDGE ( 'NONE', *, *, #6841, .T. ) ;
#4988 = DIRECTION ( 'NONE',  ( -0.7071067811865430200, 0.7071067811865521200, 0.0000000000000000000 ) ) ;
#4989 = CYLINDRICAL_SURFACE ( 'NONE', #7922, 0.1250000000000079900 ) ;
#4990 = DIRECTION ( 'NONE',  ( -0.7071067811866104100, 0.7071067811864847300, 0.0000000000000000000 ) ) ;
#4991 = ORIENTED_EDGE ( 'NONE', *, *, #1935, .F. ) ;
#4992 = CARTESIAN_POINT ( 'NONE',  ( -1.070232879277977800, 0.2548463878876488500, 1.304160858513276700 ) ) ;
#4993 = ADVANCED_FACE ( 'NONE', ( #7716 ), #6644, .T. ) ;
#4994 = VERTEX_POINT ( 'NONE', #3616 ) ;
#4995 = ORIENTED_EDGE ( 'NONE', *, *, #4193, .T. ) ;
#4996 = CARTESIAN_POINT ( 'NONE',  ( -2.306321504328345400, 1.304439513165831500, 0.9340499370201307300 ) ) ;
#4997 = DIRECTION ( 'NONE',  ( 0.0000000000000000000, 0.0000000000000000000, -1.000000000000000000 ) ) ;
#4998 = PLANE ( 'NONE',  #3362 ) ;
#4999 = LINE ( 'NONE', #9553, #5926 ) ;
#5000 = AXIS2_PLACEMENT_3D ( 'NONE', #6696, #80, #7543 ) ;
#5001 = ORIENTED_EDGE ( 'NONE', *, *, #8911, .T. ) ;
#5002 = CARTESIAN_POINT ( 'NONE',  ( 5.112365383199167100, -0.8000000000000004900, 0.1666325044669145200 ) ) ;
#5003 = DIRECTION ( 'NONE',  ( 0.1668683535052396500, 0.0000000000000000000, -0.9859791846679372100 ) ) ;
#5004 = CARTESIAN_POINT ( 'NONE',  ( -0.2999999999999937700, 4.915210145269370800, 0.1000049467274789400 ) ) ;
#5005 = CARTESIAN_POINT ( 'NONE',  ( 3.804484476406383200, 4.482806999099951300, 0.9745999999999879200 ) ) ;
#5006 = VECTOR ( 'NONE', #2857, 1000.000000000000000 ) ;
#5007 = ORIENTED_EDGE ( 'NONE', *, *, #6379, .T. ) ;
#5008 = CARTESIAN_POINT ( 'NONE',  ( 0.1872530918243483200, 1.084038415314757800, 1.278199594472537300 ) ) ;
#5009 = ADVANCED_FACE ( 'NONE', ( #7252 ), #6792, .T. ) ;
#5010 = B_SPLINE_CURVE_WITH_KNOTS ( 'NONE', 3,
 ( #3735, #4484, #4691, #1765, #3234, #219, #3146, #9165, #191, #3892, #1674, #5457, #980, #6924, #3202, #4746, #3963, #7023 ),
 .UNSPECIFIED., .F., .F.,
 ( 4, 2, 2, 2, 2, 2, 2, 2, 4 ),
 ( 0.05061135182379169300, 0.1257627754707739400, 0.2009141991177562100, 0.2760656227647383900, 0.3512170464117205200, 0.4263684700587027100, 0.5015198937056849500, 0.5766713173526670800, 0.6518227409996493200 ),
 .UNSPECIFIED. ) ;
#5011 = PLANE ( 'NONE',  #2489 ) ;
#5012 = VECTOR ( 'NONE', #4212, 1000.000000000000000 ) ;
#5013 = CARTESIAN_POINT ( 'NONE',  ( -0.4729139363038402700, 0.9936306644312783400, 1.104999999999999500 ) ) ;
#5014 = LINE ( 'NONE', #6138, #5126 ) ;
#5015 = ORIENTED_EDGE ( 'NONE', *, *, #2306, .T. ) ;
#5016 = EDGE_CURVE ( 'NONE', #6026, #2621, #1027, .T. ) ;
#5017 = EDGE_LOOP ( 'NONE', ( #942, #3056, #5655, #2485 ) ) ;
#5018 = AXIS2_PLACEMENT_3D ( 'NONE', #7698, #7633, #6925 ) ;
#5019 = LINE ( 'NONE', #5671, #3722 ) ;
#5020 = EDGE_LOOP ( 'NONE', ( #7955, #815, #144, #9130, #8451 ) ) ;
#5021 = CARTESIAN_POINT ( 'NONE',  ( 5.103967321807068900, -1.399999999999988100, 0.7162854755018184200 ) ) ;
#5022 = LINE ( 'NONE', #368, #1710 ) ;
#5023 = ORIENTED_EDGE ( 'NONE', *, *, #1728, .T. ) ;
#5024 = CARTESIAN_POINT ( 'NONE',  ( 3.498823676327991200, 2.242714270721367000, 1.305000000000012600 ) ) ;
#5025 = ORIENTED_EDGE ( 'NONE', *, *, #737, .T. ) ;
#5026 = EDGE_CURVE ( 'NONE', #5430, #938, #1169, .T. ) ;
#5027 = ORIENTED_EDGE ( 'NONE', *, *, #231, .T. ) ;
#5028 = CARTESIAN_POINT ( 'NONE',  ( 3.797413408594510800, 4.475735931288079800, 0.9745999999999880300 ) ) ;
#5029 = FACE_OUTER_BOUND ( 'NONE', #2742, .T. ) ;
#5030 = CARTESIAN_POINT ( 'NONE',  ( -1.065625114319784400, 0.2728426599740697600, 1.304875309525264800 ) ) ;
#5031 = FACE_OUTER_BOUND ( 'NONE', #9496, .T. ) ;
#5032 = EDGE_CURVE ( 'NONE', #6964, #5118, #1652, .T. ) ;
#5033 = CARTESIAN_POINT ( 'NONE',  ( -2.199999999999963300, -4.897191345580448100, 1.972523996270000100E-005 ) ) ;
#5034 = PLANE ( 'NONE',  #2541 ) ;
#5035 = CARTESIAN_POINT ( 'NONE',  ( 0.3844996949045076400, -1.346164917318196700, 1.350000000000010300 ) ) ;
#5036 = CARTESIAN_POINT ( 'NONE',  ( 4.910167162820676400, 0.8000000000000004900, 4.127767147225145600E-006 ) ) ;
#5037 = VECTOR ( 'NONE', #864, 1000.000000000000000 ) ;
#5038 = CARTESIAN_POINT ( 'NONE',  ( -4.900000000000009200, 1.399999999999988100, 0.0000000000000000000 ) ) ;
#5039 = CARTESIAN_POINT ( 'NONE',  ( -2.199999999999983700, 4.899999999998670800, 0.1000000032965566200 ) ) ;
#5040 = ORIENTED_EDGE ( 'NONE', *, *, #6962, .T. ) ;
#5041 = EDGE_CURVE ( 'NONE', #5707, #4596, #3890, .T. ) ;
#5042 = CARTESIAN_POINT ( 'NONE',  ( 4.915250744231022900, 1.400000000000013500, 6.191650733161523500E-006 ) ) ;
#5043 = CARTESIAN_POINT ( 'NONE',  ( 3.498823671904396400, 2.409490608222226700, 0.9000000000000069100 ) ) ;
#5044 = DIRECTION ( 'NONE',  ( 0.7071067811865570100, 0.7071067811865380200, 1.047315000000000100E-031 ) ) ;
#5045 = VECTOR ( 'NONE', #6762, 1000.000000000000000 ) ;
#5046 = EDGE_CURVE ( 'NONE', #1465, #4701, #7730, .T. ) ;
#5047 = CARTESIAN_POINT ( 'NONE',  ( 1.337068353748490900, -2.121956880865557300, 1.305000000000012600 ) ) ;
#5048 = CARTESIAN_POINT ( 'NONE',  ( 3.804484476406383200, 4.482806999099951300, 0.9745999999999879200 ) ) ;
#5050 = FACE_OUTER_BOUND ( 'NONE', #2890, .T. ) ;
#5049 = AXIS2_PLACEMENT_3D ( 'NONE', #5052, #4265, #5789 ) ;
#5051 = ADVANCED_FACE ( 'NONE', ( #3058 ), #4538, .T. ) ;
#5052 = CARTESIAN_POINT ( 'NONE',  ( 4.900000000000009200, 0.8000000000000004900, -1.332267592000000300E-014 ) ) ;
#5053 =( GEOMETRIC_REPRESENTATION_CONTEXT ( 3 ) GLOBAL_UNCERTAINTY_ASSIGNED_CONTEXT ( ( #4400 ) ) GLOBAL_UNIT_ASSIGNED_CONTEXT ( ( #3165, #911, #6170 ) ) REPRESENTATION_CONTEXT ( 'NONE', 'WORKASPACE' ) );
#5054 = ORIENTED_EDGE ( 'NONE', *, *, #9600, .F. ) ;
#5055 = VECTOR ( 'NONE', #8354, 999.9999999999998900 ) ;
#5056 = DIRECTION ( 'NONE',  ( -0.7071067811865483500, 0.7071067811865468000, 0.0000000000000000000 ) ) ;
#5057 = DIRECTION ( 'NONE',  ( 1.000000000000000000, -1.971276677246381500E-014, 0.0000000000000000000 ) ) ;
#5058 = LINE ( 'NONE', #6949, #3059 ) ;
#5059 = CARTESIAN_POINT ( 'NONE',  ( -3.373149339882636900, 4.900000000000009200, 0.9745999999999879200 ) ) ;
#5060 = DIRECTION ( 'NONE',  ( 0.0000000000000000000, 1.000000000000000000, 0.0000000000000000000 ) ) ;
#5061 = PLANE ( 'NONE',  #6122 ) ;
#5062 =( GEOMETRIC_REPRESENTATION_CONTEXT ( 3 ) GLOBAL_UNCERTAINTY_ASSIGNED_CONTEXT ( ( #9612 ) ) GLOBAL_UNIT_ASSIGNED_CONTEXT ( ( #9269, #4730, #1058 ) ) REPRESENTATION_CONTEXT ( 'NONE', 'WORKASPACE' ) );
#5063 = EDGE_CURVE ( 'NONE', #9256, #9609, #5436, .T. ) ;
#5064 = CARTESIAN_POINT ( 'NONE',  ( -0.09999999999997252800, -4.800000000000002500, 3.945047992540000200E-005 ) ) ;
#5065 = CARTESIAN_POINT ( 'NONE',  ( -4.624228355337240100, -3.663063120169116600, 0.9999999999999879000 ) ) ;
#5066 = ORIENTED_EDGE ( 'NONE', *, *, #7822, .T. ) ;
#5067 = CARTESIAN_POINT ( 'NONE',  ( -1.298826156556821300, -2.409490607479997800, 0.9999999999999879000 ) ) ;
#5068 = FACE_OUTER_BOUND ( 'NONE', #9557, .T. ) ;
#5069 = CARTESIAN_POINT ( 'NONE',  ( -1.336712138334224000, 2.121600665451286900, 1.305000000000012600 ) ) ;
#5070 = B_SPLINE_CURVE_WITH_KNOTS ( 'NONE', 3,
 ( #7534, #2309, #3073, #31 ),
 .UNSPECIFIED., .F., .F.,
 ( 4, 4 ),
 ( 0.0000000000000000000, 1.000000000000000000 ),
 .UNSPECIFIED. ) ;
#5071 = CARTESIAN_POINT ( 'NONE',  ( 3.434464939830573500, 2.473299704662435900, -8.354053354161921200E-016 ) ) ;
#5072 = AXIS2_PLACEMENT_3D ( 'NONE', #3216, #6161, #4705 ) ;
#5073 = CARTESIAN_POINT ( 'NONE',  ( 1.600000000000026300, -4.897191345580448100, 3.945047992540000200E-005 ) ) ;
#5074 = DIRECTION ( 'NONE',  ( 1.000000000000000000, 0.0000000000000000000, 0.0000000000000000000 ) ) ;
#5075 = ORIENTED_EDGE ( 'NONE', *, *, #2580, .F. ) ;
#5076 = ORIENTED_EDGE ( 'NONE', *, *, #5813, .F. ) ;
#5077 = VECTOR ( 'NONE', #6960, 1000.000000000000000 ) ;
#5078 = CARTESIAN_POINT ( 'NONE',  ( -2.149736769488202400, 1.338130041753286200, 1.303624627717042500 ) ) ;
#5079 = ORIENTED_EDGE ( 'NONE', *, *, #2801, .T. ) ;
#5080 = ORIENTED_EDGE ( 'NONE', *, *, #3517, .T. ) ;
#5081 = EDGE_CURVE ( 'NONE', #1874, #6990, #1867, .T. ) ;
#5082 = DIRECTION ( 'NONE',  ( 1.000000000000000000, 0.0000000000000000000, 0.0000000000000000000 ) ) ;
#5083 = CARTESIAN_POINT ( 'NONE',  ( -2.001998386448278200, 1.374527077095544000, 1.205000000000183900 ) ) ;
#5084 = ORIENTED_EDGE ( 'NONE', *, *, #263, .F. ) ;
#5085 = EDGE_CURVE ( 'NONE', #9540, #9507, #7375, .T. ) ;
#5086 = EDGE_LOOP ( 'NONE', ( #6303, #2649, #7774, #8072 ) ) ;
#5087 = DIRECTION ( 'NONE',  ( 0.7071067811865475700, 0.7071067811865475700, -0.0000000000000000000 ) ) ;
#5088 = VECTOR ( 'NONE', #1484, 1000.000000000000100 ) ;
#5089 = EDGE_CURVE ( 'NONE', #2239, #2233, #7005, .T. ) ;
#5090 = PLANE ( 'NONE',  #929 ) ;
#5091 = EDGE_LOOP ( 'NONE', ( #8562, #4396, #17, #4967 ) ) ;
#5092 = CARTESIAN_POINT ( 'NONE',  ( -3.598400220000000200E-032, -2.158191010000000100E-032, 0.9745999999999879200 ) ) ;
#5093 = EDGE_LOOP ( 'NONE', ( #1616, #9121, #1733, #2304, #5007, #8177, #4827, #5141 ) ) ;
#5094 = VERTEX_POINT ( 'NONE', #13 ) ;
#5095 = EDGE_CURVE ( 'NONE', #2608, #9414, #687, .T. ) ;
#5096 = DIRECTION ( 'NONE',  ( -0.7071067811865565700, 0.7071067811865384700, 0.0000000000000000000 ) ) ;
#5097 = CARTESIAN_POINT ( 'NONE',  ( 2.200000000000039300, -4.899063776367008000, 4.021066823431818400E-005 ) ) ;
#5098 = DIRECTION ( 'NONE',  ( 0.0000000000000000000, 0.0000000000000000000, 1.000000000000000000 ) ) ;
#5099 = CYLINDRICAL_SURFACE ( 'NONE', #8039, 0.1250000000000079900 ) ;
#5100 = ORIENTED_EDGE ( 'NONE', *, *, #3998, .F. ) ;
#5101 = CARTESIAN_POINT ( 'NONE',  ( 1.910308928272757700, -1.414533370710577200, 1.104999999999999800 ) ) ;
#5102 = EDGE_CURVE ( 'NONE', #179, #4486, #958, .T. ) ;
#5103 = CARTESIAN_POINT ( 'NONE',  ( -1.692948175382689400, -3.264371537468709700, 0.9999999999999879000 ) ) ;
#5104 = CARTESIAN_POINT ( 'NONE',  ( 4.624228355337240100, 3.663063120169116600, 0.9745999999999879200 ) ) ;
#5105 = FACE_OUTER_BOUND ( 'NONE', #6674, .T. ) ;
#5106 = ADVANCED_FACE ( 'NONE', ( #6922 ), #7030, .F. ) ;
#5107 = VERTEX_POINT ( 'NONE', #2291 ) ;
#5108 = VERTEX_POINT ( 'NONE', #4444 ) ;
#5109 = CARTESIAN_POINT ( 'NONE',  ( 2.362905534843916700, -1.297982386911045400, 0.8999999999999746000 ) ) ;
#5110 = CARTESIAN_POINT ( 'NONE',  ( -0.5003554042673275000, 0.9796144493730506400, 1.104999999999999500 ) ) ;
#5111 = ORIENTED_EDGE ( 'NONE', *, *, #3393, .T. ) ;
#5112 = EDGE_CURVE ( 'NONE', #9651, #472, #9201, .T. ) ;
#5113 = CARTESIAN_POINT ( 'NONE',  ( 4.899999999999315600, 0.8000000000000003800, 0.1000000016482815300 ) ) ;
#5114 = AXIS2_PLACEMENT_3D ( 'NONE', #7413, #8856, #4401 ) ;
#5115 = VERTEX_POINT ( 'NONE', #8406 ) ;
#5116 = CARTESIAN_POINT ( 'NONE',  ( -2.190773598338577400, -1.329323579726922100, 1.292754688155146200 ) ) ;
#5117 = LINE ( 'NONE', #5716, #2984 ) ;
#5118 = VERTEX_POINT ( 'NONE', #3186 ) ;
#5119 = CARTESIAN_POINT ( 'NONE',  ( -1.600000000000001000, 5.013767464732366900, 0.1833193398174324000 ) ) ;
#5120 = CARTESIAN_POINT ( 'NONE',  ( 5.202565240273880700, -1.399999999999988100, 0.6995986401512802600 ) ) ;
#5121 = VECTOR ( 'NONE', #1990, 1000.000000000000000 ) ;
#5122 = ORIENTED_EDGE ( 'NONE', *, *, #1283, .T. ) ;
#5123 = DIRECTION ( 'NONE',  ( 0.7071067811865692200, -0.7071067811865258100, 0.0000000000000000000 ) ) ;
#5124 = LINE ( 'NONE', #9654, #1463 ) ;
#5125 = CARTESIAN_POINT ( 'NONE',  ( 0.2999999999999937700, 4.915210145269370800, 0.1000049467274789600 ) ) ;
#5126 = VECTOR ( 'NONE', #4711, 999.9999999999998900 ) ;
#5127 = VERTEX_POINT ( 'NONE', #2952 ) ;
#5128 = AXIS2_PLACEMENT_3D ( 'NONE', #1985, #8743, #9556 ) ;
#5129 = UNCERTAINTY_MEASURE_WITH_UNIT (LENGTH_MEASURE( 1.000000000000000100E-005 ), #4461, 'distance_accuracy_value', 'NONE');
#5130 =( NAMED_UNIT ( * ) PLANE_ANGLE_UNIT ( ) SI_UNIT ( $, .RADIAN. ) );
#5131 = CARTESIAN_POINT ( 'NONE',  ( -1.056949038233488100, -0.3067282793896360400, 1.303530050325986600 ) ) ;
#5132 = DIRECTION ( 'NONE',  ( 0.0000000000000000000, -0.1668683535052021800, 0.9859791846679436500 ) ) ;
#5133 = CARTESIAN_POINT ( 'NONE',  ( 0.0000000000000000000, 0.0000000000000000000, 0.9745999999999879200 ) ) ;
#5134 = ORIENTED_EDGE ( 'NONE', *, *, #5102, .T. ) ;
#5135 = CARTESIAN_POINT ( 'NONE',  ( 1.298810113508829500, -2.409490610614709400, 1.000000000038100600 ) ) ;
#5136 = FACE_OUTER_BOUND ( 'NONE', #1059, .T. ) ;
#5137 = DIRECTION ( 'NONE',  ( 1.000000000000000000, 0.0000000000000000000, -0.0000000000000000000 ) ) ;
#5138 = VECTOR ( 'NONE', #2944, 1000.000000000000000 ) ;
#5139 = ORIENTED_EDGE ( 'NONE', *, *, #921, .T. ) ;
#5140 = ORIENTED_EDGE ( 'NONE', *, *, #3397, .F. ) ;
#5141 = ORIENTED_EDGE ( 'NONE', *, *, #401, .T. ) ;
#5142 = CARTESIAN_POINT ( 'NONE',  ( 4.475735931288051400, 3.797413408594536100, 0.9745999999999879200 ) ) ;
#5143 = B_SPLINE_CURVE_WITH_KNOTS ( 'NONE', 3,
 ( #295, #4156, #1052, #4125 ),
 .UNSPECIFIED., .F., .F.,
 ( 4, 4 ),
 ( 0.0000000000000000000, 1.000000000000000000 ),
 .UNSPECIFIED. ) ;
#5144 = DIRECTION ( 'NONE',  ( -1.000000000000000000, -0.0000000000000000000, 0.0000000000000000000 ) ) ;
#5145 = DIRECTION ( 'NONE',  ( 0.9999999175860412300, 0.0000000000000000000, 0.0004059900380440000900 ) ) ;
#5146 = LINE ( 'NONE', #471, #1707 ) ;
#5147 = ORIENTED_EDGE ( 'NONE', *, *, #1786, .T. ) ;
#5148 = EDGE_CURVE ( 'NONE', #7570, #1590, #3293, .T. ) ;
#5149 = CIRCLE ( 'NONE', #8335, 1.099999999999994500 ) ;
#5150 = VERTEX_POINT ( 'NONE', #7486 ) ;
#5151 = DIRECTION ( 'NONE',  ( 0.7071067811865030500, 0.7071067811865918700, 0.0000000000000000000 ) ) ;
#5152 = VERTEX_POINT ( 'NONE', #3220 ) ;
#5153 = VECTOR ( 'NONE', #6837, 1000.000000000000000 ) ;
#5154 = CARTESIAN_POINT ( 'NONE',  ( 2.199999999999988600, 4.962008663924571300, 2.517489204069586700E-005 ) ) ;
#5155 = AXIS2_PLACEMENT_3D ( 'NONE', #9668, #7367, #6579 ) ;
#5156 = ORIENTED_EDGE ( 'NONE', *, *, #5998, .F. ) ;
#5157 = ADVANCED_FACE ( 'NONE', ( #1042 ), #6100, .T. ) ;
#5158 = CARTESIAN_POINT ( 'NONE',  ( 5.079993289502964700, 0.8000000000000004900, 0.07745236217282761000 ) ) ;
#5159 = DIRECTION ( 'NONE',  ( 0.7071067811864981700, 0.7071067811865968700, 0.0000000000000000000 ) ) ;
#5160 = FACE_OUTER_BOUND ( 'NONE', #1702, .T. ) ;
#5161 = EDGE_CURVE ( 'NONE', #2232, #3445, #1276, .T. ) ;
#5162 = DIRECTION ( 'NONE',  ( 0.0000000000000000000, 1.000000000000000000, 0.0000000000000000000 ) ) ;
#5163 = CARTESIAN_POINT ( 'NONE',  ( -3.499186006422906600, 2.446791412227713900, 0.9000000000000069100 ) ) ;
#5164 = CARTESIAN_POINT ( 'NONE',  ( -1.092224465912159400, -0.1305592434984410600, 0.9745999999999879200 ) ) ;
#5165 = DIRECTION ( 'NONE',  ( 0.7071067811865258100, 0.7071067811865692200, 0.0000000000000000000 ) ) ;
#5166 = DIRECTION ( 'NONE',  ( 1.000000000000000000, 0.0000000000000000000, 0.0000000000000000000 ) ) ;
#5167 = CARTESIAN_POINT ( 'NONE',  ( -1.307373372357169000, 2.272610209266630000, 0.9999999999999879000 ) ) ;
#5168 = EDGE_CURVE ( 'NONE', #586, #2745, #5631, .T. ) ;
#5169 = CARTESIAN_POINT ( 'NONE',  ( 0.02722749175181721900, -0.6796916176145008100, 1.205000000000209700 ) ) ;
#5170 = AXIS2_PLACEMENT_3D ( 'NONE', #429, #6417, #4233 ) ;
#5171 = CARTESIAN_POINT ( 'NONE',  ( -2.199999999999963300, -4.912401490849809700, 0.1000456338892871400 ) ) ;
#5172 = CARTESIAN_POINT ( 'NONE',  ( 5.013767464732368700, -0.8000000000000004900, 0.1833193398174321500 ) ) ;
#5173 = VECTOR ( 'NONE', #755, 1000.000000000000000 ) ;
#5174 = ORIENTED_EDGE ( 'NONE', *, *, #6537, .F. ) ;
#5175 = DIRECTION ( 'NONE',  ( 0.0000000000000000000, 0.0000000000000000000, 1.000000000000000000 ) ) ;
#5176 = DIRECTION ( 'NONE',  ( 0.0000000000000000000, -0.1668683535052129800, 0.9859791846679417700 ) ) ;
#5177 = CARTESIAN_POINT ( 'NONE',  ( -2.278875884175657800, 1.316048238670761700, 1.007938462325970000 ) ) ;
#5178 = AXIS2_PLACEMENT_3D ( 'NONE', #1259, #8071, #7371 ) ;
#5179 = ORIENTED_EDGE ( 'NONE', *, *, #2706, .T. ) ;
#5180 = FACE_OUTER_BOUND ( 'NONE', #6116, .T. ) ;
#5181 = B_SPLINE_CURVE_WITH_KNOTS ( 'NONE', 3,
 ( #918, #3964, #3298, #4747 ),
 .UNSPECIFIED., .F., .F.,
 ( 4, 4 ),
 ( 0.0000000000000000000, 1.000000000000000000 ),
 .UNSPECIFIED. ) ;
#5182 = PLANE ( 'NONE',  #2272 ) ;
#5183 = DIRECTION ( 'NONE',  ( 0.0000000000000000000, -0.9859791846679419900, 0.1668683535052120400 ) ) ;
#5184 = EDGE_LOOP ( 'NONE', ( #6940, #5303, #2513, #6849 ) ) ;
#5185 = DIRECTION ( 'NONE',  ( -1.000000000000000000, 0.0000000000000000000, 0.0000000000000000000 ) ) ;
#5186 = DIRECTION ( 'NONE',  ( 0.7071067811865570100, 0.7071067811865380200, 1.047315000000000100E-031 ) ) ;
#5187 = LINE ( 'NONE', #7115, #3658 ) ;
#5188 = ORIENTED_EDGE ( 'NONE', *, *, #6729, .T. ) ;
#5189 = VERTEX_POINT ( 'NONE', #2399 ) ;
#5190 = CARTESIAN_POINT ( 'NONE',  ( 1.298823671904407500, -2.409490608222201400, 0.9000000000000069100 ) ) ;
#5191 = EDGE_CURVE ( 'NONE', #3967, #3204, #3526, .T. ) ;
#5192 = CARTESIAN_POINT ( 'NONE',  ( 1.600000000000001000, 4.910167162820685300, 4.127767151669442800E-006 ) ) ;
#5193 = ORIENTED_EDGE ( 'NONE', *, *, #6086, .F. ) ;
#5194 = B_SPLINE_CURVE_WITH_KNOTS ( 'NONE', 3,
 ( #4198, #4322, #9501, #5078, #553, #5684, #5817, #1312, #2067, #2832, #3431, #8632, #9371, #4953, #425, #1191 ),
 .UNSPECIFIED., .F., .F.,
 ( 4, 2, 2, 2, 2, 2, 2, 4 ),
 ( 0.0000000000000000000, 0.1249999999999937300, 0.1874999999999934800, 0.2499999999999932300, 0.3749999999999963900, 0.4374999999999984500, 0.5000000000000005600, 1.000000000000000000 ),
 .UNSPECIFIED. ) ;
#5195 = CARTESIAN_POINT ( 'NONE',  ( -2.199999999999963300, -4.959159410536335200, 0.1000646171404423900 ) ) ;
#5196 = ADVANCED_FACE ( 'NONE', ( #5511 ), #3948, .T. ) ;
#5197 = ORIENTED_EDGE ( 'NONE', *, *, #9303, .T. ) ;
#5198 = CARTESIAN_POINT ( 'NONE',  ( -3.655992052357227800, -4.617157287525402300, 0.0000000000000000000 ) ) ;
#5199 = VECTOR ( 'NONE', #1841, 1000.000000000000200 ) ;
#5200 = VERTEX_POINT ( 'NONE', #2494 ) ;
#5201 = ORIENTED_EDGE ( 'NONE', *, *, #9039, .F. ) ;
#5202 = PLANE ( 'NONE',  #3187 ) ;
#5203 = DIRECTION ( 'NONE',  ( 1.000000000000000000, 0.0000000000000000000, 0.0000000000000000000 ) ) ;
#5204 = EDGE_CURVE ( 'NONE', #2855, #3065, #930, .T. ) ;
#5205 = EDGE_LOOP ( 'NONE', ( #4853, #8829, #1529, #3145 ) ) ;
#5206 = DIRECTION ( 'NONE',  ( 0.7071067811865203700, 0.7071067811865747700, 0.0000000000000000000 ) ) ;
#5207 = EDGE_CURVE ( 'NONE', #6012, #5831, #3651, .T. ) ;
#5208 = VECTOR ( 'NONE', #8978, 1000.000000000000000 ) ;
#5209 = DIRECTION ( 'NONE',  ( 0.0000000000000000000, 0.0000000000000000000, 1.000000000000000000 ) ) ;
#5210 = ORIENTED_EDGE ( 'NONE', *, *, #5161, .T. ) ;
#5211 = CARTESIAN_POINT ( 'NONE',  ( -2.123991584049658600, 1.335196243172191800, 1.304839145392799200 ) ) ;
#5212 = VECTOR ( 'NONE', #7431, 1000.000000000000000 ) ;
#5213 = EDGE_CURVE ( 'NONE', #5430, #3796, #4951, .T. ) ;
#5214 = ORIENTED_EDGE ( 'NONE', *, *, #3194, .T. ) ;
#5215 = ORIENTED_EDGE ( 'NONE', *, *, #3680, .T. ) ;
#5216 = VECTOR ( 'NONE', #2623, 1000.000000000000000 ) ;
#5217 = DIRECTION ( 'NONE',  ( 0.0000000000000000000, 0.1668683535052110400, -0.9859791846679421000 ) ) ;
#5218 = ORIENTED_EDGE ( 'NONE', *, *, #2894, .F. ) ;
#5219 = CARTESIAN_POINT ( 'NONE',  ( 3.373149339882544500, 4.900000000000009200, 0.9999999999999879000 ) ) ;
#5220 = DIRECTION ( 'NONE',  ( -0.9859791846679422100, 0.0000000000000000000, -0.1668683535052110600 ) ) ;
#5221 = EDGE_CURVE ( 'NONE', #7857, #9503, #3940, .T. ) ;
#5222 = CARTESIAN_POINT ( 'NONE',  ( 0.2999999999999937700, 4.905070048420899600, 0.1000020666307042300 ) ) ;
#5223 = CARTESIAN_POINT ( 'NONE',  ( 3.293043583593269700, -2.614721060899738000, 0.2000000000000129500 ) ) ;
#5224 = VECTOR ( 'NONE', #8226, 1000.000000000000000 ) ;
#5225 = CARTESIAN_POINT ( 'NONE',  ( -0.4808326112068656000, 0.4808326112069184500, 0.9999999999999879000 ) ) ;
#5226 = EDGE_LOOP ( 'NONE', ( #8333, #8786, #7467, #4275, #1284, #4022, #9133, #9021 ) ) ;
#5227 = CARTESIAN_POINT ( 'NONE',  ( -2.123991584049658600, 1.335196243172191800, 1.304839145392799200 ) ) ;
#5228 = EDGE_CURVE ( 'NONE', #4893, #8815, #2471, .T. ) ;
#5229 = ORIENTED_EDGE ( 'NONE', *, *, #505, .T. ) ;
#5230 = DIRECTION ( 'NONE',  ( -0.0000000000000000000, 0.0000000000000000000, -1.000000000000000000 ) ) ;
#5231 = CARTESIAN_POINT ( 'NONE',  ( -1.367671172371683200, 2.020135298234352100, 1.205000000000208800 ) ) ;
#5232 = CARTESIAN_POINT ( 'NONE',  ( -4.900000000000009200, 3.373149339882570700, 0.0000000000000000000 ) ) ;
#5233 = CYLINDRICAL_SURFACE ( 'NONE', #4122, 0.1999999999999874100 ) ;
#5234 = ORIENTED_EDGE ( 'NONE', *, *, #9294, .T. ) ;
#5235 = CARTESIAN_POINT ( 'NONE',  ( 1.337068353748490900, -2.121956880865557300, 1.305000000000012600 ) ) ;
#5236 = AXIS2_PLACEMENT_3D ( 'NONE', #7255, #7906, #9383 ) ;
#5237 = ORIENTED_EDGE ( 'NONE', *, *, #1499, .T. ) ;
#5238 = CARTESIAN_POINT ( 'NONE',  ( -2.204358304693292000, -1.326777636637206200, 1.286511529443651100 ) ) ;
#5239 = LINE ( 'NONE', #1144, #4298 ) ;
#5240 =( NAMED_UNIT ( * ) SI_UNIT ( $, .STERADIAN. ) SOLID_ANGLE_UNIT ( ) );
#5241 = VECTOR ( 'NONE', #881, 1000.000000000000100 ) ;
#5242 = DIRECTION ( 'NONE',  ( -1.000000000000000000, 0.0000000000000000000, 0.0000000000000000000 ) ) ;
#5243 = VERTEX_POINT ( 'NONE', #6133 ) ;
#5244 = ORIENTED_EDGE ( 'NONE', *, *, #2706, .F. ) ;
#5245 = B_SPLINE_CURVE_WITH_KNOTS ( 'NONE', 3,
 ( #9374, #5024, #9413, #2070, #449, #4230, #1194, #9439, #488, #8633 ),
 .UNSPECIFIED., .F., .F.,
 ( 4, 2, 2, 2, 4 ),
 ( 0.6518227409996511000, 0.7388670557497383200, 0.8259113704998255500, 0.9129556852499127700, 1.000000000000000000 ),
 .UNSPECIFIED. ) ;
#5246 = ADVANCED_FACE ( 'NONE', ( #6442 ), #9120, .T. ) ;
#5247 =( NAMED_UNIT ( * ) SI_UNIT ( $, .STERADIAN. ) SOLID_ANGLE_UNIT ( ) );
#5248 = LINE ( 'NONE', #642, #3253 ) ;
#5249 = ORIENTED_EDGE ( 'NONE', *, *, #8188, .T. ) ;
#5250 = CARTESIAN_POINT ( 'NONE',  ( -1.599999999999975400, -5.199756585854309800, 0.6996380906312328300 ) ) ;
#5251 = AXIS2_PLACEMENT_3D ( 'NONE', #3697, #3564, #6686 ) ;
#5252 = CARTESIAN_POINT ( 'NONE',  ( 2.200000000000039300, -5.041451075190003000, 0.1000405990071242000 ) ) ;
#5253 = LINE ( 'NONE', #9244, #3257 ) ;
#5254 = EDGE_LOOP ( 'NONE', ( #7607, #1708, #3999, #9323 ) ) ;
#5255 = VERTEX_POINT ( 'NONE', #4678 ) ;
#5256 = EDGE_CURVE ( 'NONE', #2771, #8672, #1720, .T. ) ;
#5257 = EDGE_LOOP ( 'NONE', ( #5643, #6456, #2507, #9164, #7578, #2589 ) ) ;
#5258 = CARTESIAN_POINT ( 'NONE',  ( -1.844842792162720800, 3.370655634573522400, 1.305000000000012800 ) ) ;
#5259 = CARTESIAN_POINT ( 'NONE',  ( 3.498823671904396400, -2.409490608222201400, 0.9000000000000069100 ) ) ;
#5260 = AXIS2_PLACEMENT_3D ( 'NONE', #3132, #2440, #6894 ) ;
#5261 = VECTOR ( 'NONE', #65, 1000.000000000000000 ) ;
#5262 = VECTOR ( 'NONE', #8004, 1000.000000000000000 ) ;
#5263 = B_SPLINE_CURVE_WITH_KNOTS ( 'NONE', 3,
 ( #8499, #7803, #2556, #4858, #6290, #7769, #3379, #4825, #8607, #9339, #302, #8533, #1844, #9273, #5627, #1137 ),
 .UNSPECIFIED., .F., .F.,
 ( 4, 2, 2, 2, 2, 2, 2, 4 ),
 ( 0.0000000000000000000, 0.1249999999999925100, 0.1874999999999889500, 0.2499999999999854000, 0.3749999999999827400, 0.4374999999999839600, 0.4999999999999852300, 1.000000000000000000 ),
 .UNSPECIFIED. ) ;
#5264 = CARTESIAN_POINT ( 'NONE',  ( 0.2999999999999937700, 5.103967321807094700, 0.7162854755018250900 ) ) ;
#5265 = DIRECTION ( 'NONE',  ( -0.0004059900380440000900, 0.0000000000000000000, 0.9999999175860412300 ) ) ;
#5266 = DIRECTION ( 'NONE',  ( -1.000000000000000000, 0.0000000000000000000, 0.0000000000000000000 ) ) ;
#5267 = EDGE_CURVE ( 'NONE', #2026, #4903, #8172, .T. ) ;
#5268 = FACE_OUTER_BOUND ( 'NONE', #6704, .T. ) ;
#5269 = CARTESIAN_POINT ( 'NONE',  ( 2.019773085796207700, -1.367996599726552400, 1.252462262788571500 ) ) ;
#5270 = DIRECTION ( 'NONE',  ( 0.7071067811865579000, -0.7071067811865370300, 0.0000000000000000000 ) ) ;
#5271 = ORIENTED_EDGE ( 'NONE', *, *, #2402, .F. ) ;
#5272 = DIRECTION ( 'NONE',  ( 0.0000000000000000000, 0.0000000000000000000, 1.000000000000000000 ) ) ;
#5273 = EDGE_CURVE ( 'NONE', #4124, #3330, #4714, .T. ) ;
#5274 = DIRECTION ( 'NONE',  ( 0.0000000000000000000, 0.0000000000000000000, 1.000000000000000000 ) ) ;
#5275 = CARTESIAN_POINT ( 'NONE',  ( 0.3000000000000192000, -5.041451075190003000, 0.1000405990071242000 ) ) ;
#5276 = CARTESIAN_POINT ( 'NONE',  ( -0.4134714614404858000, 1.375136683854203800, 1.024999999999989500 ) ) ;
#5277 = CARTESIAN_POINT ( 'NONE',  ( -0.4808326112068668200, -0.4808326112069225600, 0.9999999999999879000 ) ) ;
#5278 = LINE ( 'NONE', #4696, #8502 ) ;
#5279 = EDGE_CURVE ( 'NONE', #4131, #7995, #2486, .T. ) ;
#5280 = CARTESIAN_POINT ( 'NONE',  ( -3.797413408594511700, -4.475735931288081600, 0.2000000000000128900 ) ) ;
#5281 = CARTESIAN_POINT ( 'NONE',  ( -2.398823671904402000, -2.409490608222201400, 0.9000000000000069100 ) ) ;
#5282 = CARTESIAN_POINT ( 'NONE',  ( -3.470193614072111500, 2.697413288849884100, 1.305000000000012600 ) ) ;
#5283 = CARTESIAN_POINT ( 'NONE',  ( -4.912442089811461800, 0.7999999999999749500, 4.564213066489702800E-005 ) ) ;
#5284 = CARTESIAN_POINT ( 'NONE',  ( 1.600000000000026300, -4.959159410536335200, 0.1000646171404423900 ) ) ;
#5285 = CARTESIAN_POINT ( 'NONE',  ( -2.400000000000001200, -2.400000000000001200, 0.9999999999999879000 ) ) ;
#5286 = DIRECTION ( 'NONE',  ( 0.7071067811865583400, -0.7071067811865368000, 0.0000000000000000000 ) ) ;
#5287 = ORIENTED_EDGE ( 'NONE', *, *, #4671, .F. ) ;
#5288 = EDGE_CURVE ( 'NONE', #7098, #738, #6220, .T. ) ;
#5290 = VECTOR ( 'NONE', #4605, 1000.000000000000000 ) ;
#5289 = AXIS2_PLACEMENT_3D ( 'NONE', #790, #6093, #4562 ) ;
#5291 = ADVANCED_FACE ( 'NONE', ( #4235 ), #4768, .T. ) ;
#5292 = VECTOR ( 'NONE', #1188, 1000.000000000000100 ) ;
#5293 = ORIENTED_EDGE ( 'NONE', *, *, #5041, .F. ) ;
#5294 = CARTESIAN_POINT ( 'NONE',  ( 1.298823671904407500, 2.409490608222226700, 0.9000000000000069100 ) ) ;
#5295 = CARTESIAN_POINT ( 'NONE',  ( -2.001998386448278200, 1.374527077095544000, 1.205000000000183900 ) ) ;
#5296 = DIRECTION ( 'NONE',  ( -0.9999999175860412300, 0.0000000000000000000, 0.0004059900380430000700 ) ) ;
#5297 = CARTESIAN_POINT ( 'NONE',  ( 2.332465082174715000, -1.311422236491702300, 0.9306211946773752500 ) ) ;
#5298 = DIRECTION ( 'NONE',  ( 0.0000000000000000000, 0.0000000000000000000, 1.000000000000000000 ) ) ;
#5299 = VERTEX_POINT ( 'NONE', #4075 ) ;
#5300 = CYLINDRICAL_SURFACE ( 'NONE', #2218, 1.099999999999994300 ) ;
#5301 =( NAMED_UNIT ( * ) PLANE_ANGLE_UNIT ( ) SI_UNIT ( $, .RADIAN. ) );
#5302 = CARTESIAN_POINT ( 'NONE',  ( -1.346164917318198900, -0.3844996949044999200, 1.350000000000010300 ) ) ;
#5303 = ORIENTED_EDGE ( 'NONE', *, *, #3179, .F. ) ;
#5304 = B_SPLINE_CURVE_WITH_KNOTS ( 'NONE', 3,
 ( #4623, #8275, #6054, #9703 ),
 .UNSPECIFIED., .F., .F.,
 ( 4, 4 ),
 ( 0.0000000000000000000, 1.000000000000000000 ),
 .UNSPECIFIED. ) ;
#5305 = ORIENTED_EDGE ( 'NONE', *, *, #5089, .F. ) ;
#5306 = CARTESIAN_POINT ( 'NONE',  ( -1.336534030627086500, -2.121422557744150800, 1.305000000000012200 ) ) ;
#5307 = LINE ( 'NONE', #8719, #7383 ) ;
#5308 = PLANE ( 'NONE',  #7461 ) ;
#5309 = ORIENTED_EDGE ( 'NONE', *, *, #4918, .F. ) ;
#5310 = ORIENTED_EDGE ( 'NONE', *, *, #4788, .T. ) ;
#5311 = CARTESIAN_POINT ( 'NONE',  ( 4.482806999099926400, 3.804484476406410300, 0.9745999999999879200 ) ) ;
#5312 = CARTESIAN_POINT ( 'NONE',  ( -3.598400220000000200E-032, -2.158191010000000100E-032, 0.9999999999999879000 ) ) ;
#5313 = CARTESIAN_POINT ( 'NONE',  ( 1.346956004230692100, -0.3817191672772730100, 0.9999999999999879000 ) ) ;
#5314 = VERTEX_POINT ( 'NONE', #4038 ) ;
#5315 = CARTESIAN_POINT ( 'NONE',  ( -1.599999999999975400, -5.101158667387508700, 0.7163249259817507900 ) ) ;
#5316 = VERTEX_POINT ( 'NONE', #7064 ) ;
#5317 = CARTESIAN_POINT ( 'NONE',  ( -0.3263083717189388900, -1.052517521020267100, 1.297673315072085200 ) ) ;
#5318 = VECTOR ( 'NONE', #926, 1000.000000000000000 ) ;
#5319 = VERTEX_POINT ( 'NONE', #1784 ) ;
#5320 = EDGE_CURVE ( 'NONE', #7621, #9017, #1402, .T. ) ;
#5321 = DIRECTION ( 'NONE',  ( 0.0000000000000000000, 0.0000000000000000000, 1.000000000000000000 ) ) ;
#5322 = CARTESIAN_POINT ( 'NONE',  ( -1.600000000000001000, 4.900000000000009200, -8.881783100000001500E-015 ) ) ;
#5323 = ORIENTED_EDGE ( 'NONE', *, *, #1993, .F. ) ;
#5324 = ORIENTED_EDGE ( 'NONE', *, *, #5221, .F. ) ;
#5325 = CARTESIAN_POINT ( 'NONE',  ( -1.092224465912159400, -0.1305592434984410600, 0.9999999999999879000 ) ) ;
#5326 = DIRECTION ( 'NONE',  ( 0.7071067811865579000, -0.7071067811865372500, 0.0000000000000000000 ) ) ;
#5327 = CARTESIAN_POINT ( 'NONE',  ( -4.800000000000002500, -1.000000000000021800, 3.945047992540000200E-005 ) ) ;
#5328 = VECTOR ( 'NONE', #9402, 1000.000000000000000 ) ;
#5329 = CARTESIAN_POINT ( 'NONE',  ( 5.202565240273882500, -0.8000000000000004900, 0.6995986401512800400 ) ) ;
#5330 = ORIENTED_EDGE ( 'NONE', *, *, #1622, .T. ) ;
#5331 = CARTESIAN_POINT ( 'NONE',  ( -4.899999997940138700, -1.400000000000034600, 1.014769053845818900E-005 ) ) ;
#5332 = CARTESIAN_POINT ( 'NONE',  ( 2.200000000000039300, -4.912442089811461800, 4.564213067505599600E-005 ) ) ;
#5333 = EDGE_CURVE ( 'NONE', #3559, #6818, #9574, .T. ) ;
#5334 = CARTESIAN_POINT ( 'NONE',  ( 3.373149339882544500, 4.900000000000009200, 0.9745999999999879200 ) ) ;
#5335 = CIRCLE ( 'NONE', #5431, 1.099999999999992100 ) ;
#5336 = VERTEX_POINT ( 'NONE', #6256 ) ;
#5337 = ORIENTED_EDGE ( 'NONE', *, *, #3380, .F. ) ;
#5338 = DIRECTION ( 'NONE',  ( 1.000000000000000000, 0.0000000000000000000, 0.0000000000000000000 ) ) ;
#5339 = LINE ( 'NONE', #8057, #7075 ) ;
#5340 = VERTEX_POINT ( 'NONE', #4004 ) ;
#5341 = EDGE_CURVE ( 'NONE', #9350, #3657, #216, .T. ) ;
#5342 = ADVANCED_FACE ( 'NONE', ( #7149 ), #9182, .T. ) ;
#5343 = CARTESIAN_POINT ( 'NONE',  ( 5.008575461706789700, -1.399999999999988100, 0.01708094898245298600 ) ) ;
#5344 = CARTESIAN_POINT ( 'NONE',  ( 2.874245012076175800, 3.411054822616086400, 0.9999999999999879000 ) ) ;
#5345 = VECTOR ( 'NONE', #7968, 1000.000000000000100 ) ;
#5346 = ORIENTED_EDGE ( 'NONE', *, *, #159, .T. ) ;
#5347 = DIRECTION ( 'NONE',  ( 0.0000000000000000000, 0.0000000000000000000, -1.000000000000000000 ) ) ;
#5348 = CARTESIAN_POINT ( 'NONE',  ( -4.800000000000002500, -0.8000000000000258000, 1.972523996270000100E-005 ) ) ;
#5349 = CARTESIAN_POINT ( 'NONE',  ( 1.600000000000026300, -4.897191345580448100, 1.972523996270000100E-005 ) ) ;
#5350 = EDGE_CURVE ( 'NONE', #1004, #2712, #6676, .T. ) ;
#5351 = PLANE ( 'NONE',  #682 ) ;
#5353 = FACE_OUTER_BOUND ( 'NONE', #8889, .T. ) ;
#5352 = CARTESIAN_POINT ( 'NONE',  ( -1.369948630273013100, -2.013946027595786300, 1.175670391989870100 ) ) ;
#5354 = ORIENTED_EDGE ( 'NONE', *, *, #7303, .F. ) ;
#5355 = VECTOR ( 'NONE', #7483, 1000.000000000000000 ) ;
#5356 = VECTOR ( 'NONE', #5298, 1000.000000000000000 ) ;
#5357 = ADVANCED_FACE ( 'NONE', ( #5180 ), #7950, .F. ) ;
#5358 = VERTEX_POINT ( 'NONE', #8535 ) ;
#5359 = DIRECTION ( 'NONE',  ( 0.0000000000000000000, 0.0000000000000000000, 1.000000000000000000 ) ) ;
#5360 = CARTESIAN_POINT ( 'NONE',  ( -4.900000000000008300, -3.373149339882619600, 0.9999999999999879000 ) ) ;
#5361 = DIRECTION ( 'NONE',  ( -0.7071067811865692200, 0.7071067811865259200, 0.0000000000000000000 ) ) ;
#5362 = ORIENTED_EDGE ( 'NONE', *, *, #7705, .T. ) ;
#5363 = CARTESIAN_POINT ( 'NONE',  ( 5.103967321807068900, 1.400000000000013500, 0.7162854755018184200 ) ) ;
#5364 = DIRECTION ( 'NONE',  ( -0.7071067811865431300, 0.7071067811865520100, 0.0000000000000000000 ) ) ;
#5365 = DIRECTION ( 'NONE',  ( 1.000000000000000000, 0.0000000000000000000, 0.0000000000000000000 ) ) ;
#5366 = CYLINDRICAL_SURFACE ( 'NONE', #3867, 0.1250000000000079900 ) ;
#5367 = ORIENTED_EDGE ( 'NONE', *, *, #6757, .F. ) ;
#5368 = CARTESIAN_POINT ( 'NONE',  ( -1.995903968231684400, -1.376892413351319600, 1.175694550868697800 ) ) ;
#5369 = ORIENTED_EDGE ( 'NONE', *, *, #5928, .F. ) ;
#5370 = EDGE_LOOP ( 'NONE', ( #5574, #3889, #6462, #3809 ) ) ;
#5371 = CARTESIAN_POINT ( 'NONE',  ( -4.900000000000009200, 3.373149339882620900, 0.9745999999999879200 ) ) ;
#5372 = FACE_BOUND ( 'NONE', #5091, .T. ) ;
#5373 = EDGE_LOOP ( 'NONE', ( #8681, #3139, #7032, #6714, #5179, #3318 ) ) ;
#5374 = DIRECTION ( 'NONE',  ( 1.000000000000000000, -0.0000000000000000000, 0.0000000000000000000 ) ) ;
#5375 = VECTOR ( 'NONE', #2468, 999.9999999999998900 ) ;
#5376 = VERTEX_POINT ( 'NONE', #3315 ) ;
#5377 = ORIENTED_EDGE ( 'NONE', *, *, #8556, .T. ) ;
#5378 = B_SPLINE_CURVE_WITH_KNOTS ( 'NONE', 3,
 ( #8577, #404, #1880, #366 ),
 .UNSPECIFIED., .F., .F.,
 ( 4, 4 ),
 ( 0.0000000000000000000, 1.000000000000000000 ),
 .UNSPECIFIED. ) ;
#5379 = CARTESIAN_POINT ( 'NONE',  ( -1.298800427932589800, -2.409490652248750900, 1.305000000000012600 ) ) ;
#5380 = VERTEX_POINT ( 'NONE', #2588 ) ;
#5381 = CARTESIAN_POINT ( 'NONE',  ( 3.491048137816604500, 2.540049851720413100, 0.9999999999999879000 ) ) ;
#5382 = LINE ( 'NONE', #3016, #3274 ) ;
#5383 = EDGE_CURVE ( 'NONE', #831, #3068, #2708, .T. ) ;
#5384 = ORIENTED_EDGE ( 'NONE', *, *, #4581, .F. ) ;
#5385 = CARTESIAN_POINT ( 'NONE',  ( 0.9970994375141759600, -0.4652215288733424500, 1.113782543013146300 ) ) ;
#5386 = CARTESIAN_POINT ( 'NONE',  ( -2.686746340445218500, 3.480860553638182700, 1.305000000000012800 ) ) ;
#5387 = CARTESIAN_POINT ( 'NONE',  ( 0.1305592434984410900, 1.092224465912158000, 0.9745999999999879200 ) ) ;
#5388 = CARTESIAN_POINT ( 'NONE',  ( -3.498879536753974700, 2.409490626215269800, 1.305000000000012600 ) ) ;
#5389 = AXIS2_PLACEMENT_3D ( 'NONE', #3522, #5847, #1307 ) ;
#5390 = VECTOR ( 'NONE', #1164, 1000.000000000000000 ) ;
#5391 = DIRECTION ( 'NONE',  ( 0.0000000000000000000, 0.0000000000000000000, 1.000000000000000000 ) ) ;
#5392 = DIRECTION ( 'NONE',  ( -0.7071067811865559000, -0.7071067811865392500, 0.0000000000000000000 ) ) ;
#5393 = LINE ( 'NONE', #5413, #4694 ) ;
#5394 = ADVANCED_FACE ( 'NONE', ( #5412 ), #5986, .F. ) ;
#5395 = CARTESIAN_POINT ( 'NONE',  ( 0.0000000000000000000, 0.0000000000000000000, 0.9999999999999879000 ) ) ;
#5396 = EDGE_CURVE ( 'NONE', #2000, #3237, #9096, .T. ) ;
#5397 = DIRECTION ( 'NONE',  ( -0.7071067811865520100, 0.7071067811865431300, 0.0000000000000000000 ) ) ;
#5398 = DIRECTION ( 'NONE',  ( -0.7071067811865579000, 0.7071067811865370300, -3.589299801229353900E-016 ) ) ;
#5399 = ITEM_DEFINED_TRANSFORMATION ( 'NONE', 'NONE', #6060,  #8031 ) ;
#5400 = VERTEX_POINT ( 'NONE', #6346 ) ;
#5401 = CARTESIAN_POINT ( 'NONE',  ( -0.1305592434984413900, -1.092224465912159400, 0.9745999999999879200 ) ) ;
#5402 = EDGE_CURVE ( 'NONE', #103, #2830, #9690, .T. ) ;
#5403 = DIRECTION ( 'NONE',  ( 1.000000000000000000, 0.0000000000000000000, 0.0000000000000000000 ) ) ;
#5404 = ADVANCED_FACE ( 'NONE', ( #7490 ), #1166, .T. ) ;
#5405 = VECTOR ( 'NONE', #2785, 1000.000000000000000 ) ;
#5406 = B_SPLINE_CURVE_WITH_KNOTS ( 'NONE', 3,
 ( #8802, #2083, #2791, #9552 ),
 .UNSPECIFIED., .F., .F.,
 ( 4, 4 ),
 ( 0.0000000000000000000, 1.000000000000000000 ),
 .UNSPECIFIED. ) ;
#5407 = EDGE_CURVE ( 'NONE', #4257, #8672, #7709, .T. ) ;
#5408 = CARTESIAN_POINT ( 'NONE',  ( 1.073699217383432100, 0.2421385517796252900, 1.305000000000013000 ) ) ;
#5409 = CARTESIAN_POINT ( 'NONE',  ( 0.2999999999999938300, 4.899999999998670800, 0.1000000032965566200 ) ) ;
#5410 = EDGE_CURVE ( 'NONE', #5479, #8910, #7677, .T. ) ;
#5411 = ORIENTED_EDGE ( 'NONE', *, *, #7879, .F. ) ;
#5412 = FACE_OUTER_BOUND ( 'NONE', #4855, .T. ) ;
#5413 = CARTESIAN_POINT ( 'NONE',  ( -2.199999999999988600, 5.103967321807094700, 0.7162854755018253100 ) ) ;
#5414 = AXIS2_PLACEMENT_3D ( 'NONE', #4036, #271, #4169 ) ;
#5415 = EDGE_LOOP ( 'NONE', ( #370, #3716, #1964, #612 ) ) ;
#5416 = UNCERTAINTY_MEASURE_WITH_UNIT (LENGTH_MEASURE( 1.000000000000000100E-005 ), #4588, 'distance_accuracy_value', 'NONE');
#5417 = LINE ( 'NONE', #4476, #3421 ) ;
#5418 = ORIENTED_EDGE ( 'NONE', *, *, #7437, .F. ) ;
#5419 = ORIENTED_EDGE ( 'NONE', *, *, #6384, .T. ) ;
#5420 = DIRECTION ( 'NONE',  ( -0.0000000000000000000, 0.0000000000000000000, -1.000000000000000000 ) ) ;
#5421 = ORIENTED_EDGE ( 'NONE', *, *, #9154, .F. ) ;
#5422 = CARTESIAN_POINT ( 'NONE',  ( 3.797413408594517900, -4.475735931288085100, 0.9745999999999879200 ) ) ;
#5423 = EDGE_LOOP ( 'NONE', ( #1022, #5384, #4846, #377 ) ) ;
#5424 = CARTESIAN_POINT ( 'NONE',  ( -1.346164917318200600, 0.3844996949045027500, 0.9745999999999879200 ) ) ;
#5425 = EDGE_LOOP ( 'NONE', ( #7183, #2351, #5075, #8879 ) ) ;
#5426 = ORIENTED_EDGE ( 'NONE', *, *, #3930, .T. ) ;
#5427 = AXIS2_PLACEMENT_3D ( 'NONE', #5974, #5230, #3621 ) ;
#5428 = EDGE_CURVE ( 'NONE', #4327, #3331, #327, .T. ) ;
#5429 = ADVANCED_FACE ( 'NONE', ( #9681 ), #1630, .T. ) ;
#5430 = VERTEX_POINT ( 'NONE', #7282 ) ;
#5431 = AXIS2_PLACEMENT_3D ( 'NONE', #2296, #4377, #2150 ) ;
#5432 = CYLINDRICAL_SURFACE ( 'NONE', #2357, 0.1250000000000080500 ) ;
#5433 = CARTESIAN_POINT ( 'NONE',  ( -1.056949038233538700, 0.3067282793895550500, 1.303530050325989200 ) ) ;
#5434 = VERTEX_POINT ( 'NONE', #7863 ) ;
#5435 = CARTESIAN_POINT ( 'NONE',  ( 0.5003554042673273900, 0.9796144493730506400, 1.104999999999999500 ) ) ;
#5436 = B_SPLINE_CURVE_WITH_KNOTS ( 'NONE', 3,
 ( #703, #7553, #4468, #8186 ),
 .UNSPECIFIED., .F., .F.,
 ( 4, 4 ),
 ( 0.9223940221093548400, 1.000000000000000000 ),
 .UNSPECIFIED. ) ;
#5437 = CARTESIAN_POINT ( 'NONE',  ( -4.912401490849809700, 1.399999999999962600, 0.1000456338892762700 ) ) ;
#5438 = LINE ( 'NONE', #3513, #4042 ) ;
#5439 = ORIENTED_EDGE ( 'NONE', *, *, #2188, .F. ) ;
#5440 = ORIENTED_EDGE ( 'NONE', *, *, #211, .T. ) ;
#5441 = ADVANCED_FACE ( 'NONE', ( #3994 ), #8054, .F. ) ;
#5442 = EDGE_CURVE ( 'NONE', #3375, #6828, #6250, .T. ) ;
#5443 = FACE_OUTER_BOUND ( 'NONE', #1192, .T. ) ;
#5444 = DIRECTION ( 'NONE',  ( 0.9859791846679422100, 0.0000000000000000000, 0.1668683535052100100 ) ) ;
#5445 = VERTEX_POINT ( 'NONE', #2717 ) ;
#5446 = DIRECTION ( 'NONE',  ( 0.7071067811865384700, 0.7071067811865565700, -5.651048599251849100E-017 ) ) ;
#5447 = LINE ( 'NONE', #8193, #7081 ) ;
#5448 = EDGE_CURVE ( 'NONE', #2239, #9586, #4591, .T. ) ;
#5449 = CARTESIAN_POINT ( 'NONE',  ( 2.282861793060051400, 1.306346905736519800, 0.9746039290108344800 ) ) ;
#5450 = ORIENTED_EDGE ( 'NONE', *, *, #1713, .T. ) ;
#5451 = CARTESIAN_POINT ( 'NONE',  ( -1.420385550626950500, 1.899644595732674000, 1.104999999999999500 ) ) ;
#5452 = EDGE_CURVE ( 'NONE', #9482, #6370, #1855, .T. ) ;
#5453 = CARTESIAN_POINT ( 'NONE',  ( 2.400000000000001200, 2.400000000000001200, 1.305000000000012600 ) ) ;
#5454 = CARTESIAN_POINT ( 'NONE',  ( -1.337068353748492900, 2.121956880865558200, 1.305000000000012600 ) ) ;
#5455 = ORIENTED_EDGE ( 'NONE', *, *, #7795, .T. ) ;
#5456 = CARTESIAN_POINT ( 'NONE',  ( 1.600000000000026300, -4.899999991758623900, 0.1000405990037968200 ) ) ;
#5457 = CARTESIAN_POINT ( 'NONE',  ( -2.952804539621007000, -3.370655641254484800, 1.305000000000012800 ) ) ;
#5458 = VECTOR ( 'NONE', #5635, 1000.000000000000000 ) ;
#5459 = CARTESIAN_POINT ( 'NONE',  ( 3.499391301225404300, 2.409500413707299500, 0.9000000000000069100 ) ) ;
#5460 = VERTEX_POINT ( 'NONE', #2006 ) ;
#5461 = B_SPLINE_CURVE_WITH_KNOTS ( 'NONE', 3,
 ( #7811, #8481, #1825, #7713 ),
 .UNSPECIFIED., .F., .F.,
 ( 4, 4 ),
 ( 0.0000000000000000000, 1.000000000000000000 ),
 .UNSPECIFIED. ) ;
#5462 = EDGE_CURVE ( 'NONE', #2906, #2065, #7369, .T. ) ;
#5463 = CARTESIAN_POINT ( 'NONE',  ( 2.001946718000812400, 1.374547131902373400, 1.205249755641084200 ) ) ;
#5464 = CYLINDRICAL_SURFACE ( 'NONE', #6926, 0.1000000000000064300 ) ;
#5465 = EDGE_LOOP ( 'NONE', ( #943, #1490, #6454 ) ) ;
#5466 = VECTOR ( 'NONE', #1327, 1000.000000000000000 ) ;
#5467 = CARTESIAN_POINT ( 'NONE',  ( -4.624228355337240100, -3.663063120169116600, 0.9745999999999879200 ) ) ;
#5468 = COLOUR_RGB ( '',0.7921568627450980000, 0.8196078431372548800, 0.9333333333333333500 ) ;
#5469 = ORIENTED_EDGE ( 'NONE', *, *, #205, .T. ) ;
#5470 = EDGE_LOOP ( 'NONE', ( #8530, #2128, #969, #9659 ) ) ;
#5471 = EDGE_CURVE ( 'NONE', #734, #5115, #2463, .T. ) ;
#5472 = DIRECTION ( 'NONE',  ( 1.000000000000000000, 0.0000000000000000000, 0.0000000000000000000 ) ) ;
#5473 = AXIS2_PLACEMENT_3D ( 'NONE', #5694, #2692, #3439 ) ;
#5474 = CARTESIAN_POINT ( 'NONE',  ( -2.282861793060102500, -1.306346905736525800, 0.9746039290108340400 ) ) ;
#5475 = ORIENTED_EDGE ( 'NONE', *, *, #6209, .F. ) ;
#5476 = DIRECTION ( 'NONE',  ( -0.0000000000000000000, 0.0000000000000000000, 1.000000000000000000 ) ) ;
#5477 = VECTOR ( 'NONE', #5398, 1000.000000000000100 ) ;
#5478 = VERTEX_POINT ( 'NONE', #691 ) ;
#5479 = VERTEX_POINT ( 'NONE', #8853 ) ;
#5480 = VERTEX_POINT ( 'NONE', #5829 ) ;
#5481 = ADVANCED_FACE ( 'NONE', ( #1162 ), #2105, .T. ) ;
#5482 = CARTESIAN_POINT ( 'NONE',  ( -3.499999999999995100, 2.400000000000001200, 0.9999999999999879000 ) ) ;
#5483 = PLANE ( 'NONE',  #2535 ) ;
#5484 = CARTESIAN_POINT ( 'NONE',  ( 2.332469345825431500, 1.311421976909124200, 0.9306193455727066500 ) ) ;
#5485 = LINE ( 'NONE', #5401, #2308 ) ;
#5486 = PLANE ( 'NONE',  #2549 ) ;
#5487 = CARTESIAN_POINT ( 'NONE',  ( 2.199999999999988600, 5.005965047017934200, 0.1372170004886642500 ) ) ;
#5488 = AXIS2_PLACEMENT_3D ( 'NONE', #1083, #1836, #8557 ) ;
#5489 = CYLINDRICAL_SURFACE ( 'NONE', #2101, 1.399999999999988100 ) ;
#5490 = CARTESIAN_POINT ( 'NONE',  ( -1.307775534087835900, 2.269440756501538600, 1.024999999999989500 ) ) ;
#5491 = CARTESIAN_POINT ( 'NONE',  ( -0.2999999999999683500, -4.897191345580448100, 1.972523996270000100E-005 ) ) ;
#5492 = ADVANCED_FACE ( 'NONE', ( #8634 ), #9567, .T. ) ;
#5493 = CARTESIAN_POINT ( 'NONE',  ( 0.2999999999999937700, 5.044259729609564100, 0.3109558122168243900 ) ) ;
#5494 = AXIS2_PLACEMENT_3D ( 'NONE', #2994, #4510, #9692 ) ;
#5495 = LINE ( 'NONE', #5467, #5037 ) ;
#5496 = ORIENTED_EDGE ( 'NONE', *, *, #6095, .T. ) ;
#5497 = EDGE_CURVE ( 'NONE', #3488, #116, #3405, .T. ) ;
#5498 = B_SPLINE_CURVE_WITH_KNOTS ( 'NONE', 3,
 ( #8691, #6521, #7927, #7217, #8654, #4253, #7980, #8725, #4228, #2774, #9437, #1937, #9406, #482, #2031, #5748, #6491, #1995 ),
 .UNSPECIFIED., .F., .F.,
 ( 4, 2, 2, 2, 2, 2, 2, 2, 4 ),
 ( 0.0000000000000000000, 0.2500000000000069900, 0.3750000000000104900, 0.4375000000000122100, 0.5000000000000139900, 0.6250000000000093300, 0.6875000000000061100, 0.7500000000000028900, 1.000000000000000000 ),
 .UNSPECIFIED. ) ;
#5499 = SURFACE_STYLE_USAGE ( .BOTH. , #4001 ) ;
#5500 = DIRECTION ( 'NONE',  ( 1.000000000000000000, 0.0000000000000000000, 0.0000000000000000000 ) ) ;
#5501 = MECHANICAL_DESIGN_GEOMETRIC_PRESENTATION_REPRESENTATION (  '', ( #448 ), #8958 ) ;
#5502 = CARTESIAN_POINT ( 'NONE',  ( -0.2999999999999684000, -5.010958810312799500, 0.1833587902973840600 ) ) ;
#5503 = VECTOR ( 'NONE', #7669, 1000.000000000000100 ) ;
#5504 = CARTESIAN_POINT ( 'NONE',  ( -2.199999999999963300, -4.912401490849809700, 0.1000456338892871400 ) ) ;
#5505 = DIRECTION ( 'NONE',  ( 1.000000000000000000, 0.0000000000000000000, 0.0000000000000000000 ) ) ;
#5506 = CARTESIAN_POINT ( 'NONE',  ( -2.199999999999963800, -4.899999995880148300, 2.142290222297525000E-005 ) ) ;
#5507 = CARTESIAN_POINT ( 'NONE',  ( -2.199999999999963300, -4.897191345580448100, 1.972523996270000100E-005 ) ) ;
#5508 = CARTESIAN_POINT ( 'NONE',  ( -1.346956004230698500, 0.3817191672772543600, 0.9999999999999879000 ) ) ;
#5509 = PLANE ( 'NONE',  #7477 ) ;
#5510 = EDGE_LOOP ( 'NONE', ( #8667, #384, #8337, #6995 ) ) ;
#5511 = FACE_OUTER_BOUND ( 'NONE', #6941, .T. ) ;
#5512 = EDGE_CURVE ( 'NONE', #5566, #4994, #6915, .T. ) ;
#5513 = LINE ( 'NONE', #259, #5292 ) ;
#5514 = ORIENTED_EDGE ( 'NONE', *, *, #4318, .T. ) ;
#5515 = DIRECTION ( 'NONE',  ( -1.000000000000000000, 0.0000000000000000000, 0.0000000000000000000 ) ) ;
#5516 = ADVANCED_FACE ( 'NONE', ( #5737 ), #5090, .T. ) ;
#5517 = ORIENTED_EDGE ( 'NONE', *, *, #5396, .T. ) ;
#5518 = CARTESIAN_POINT ( 'NONE',  ( -4.900000000000009200, 3.373149339882620900, 0.9745999999999879200 ) ) ;
#5519 = EDGE_CURVE ( 'NONE', #6688, #6370, #9319, .T. ) ;
#5520 = LINE ( 'NONE', #6510, #3069 ) ;
#5521 = PLANE ( 'NONE',  #6159 ) ;
#5522 = DIRECTION ( 'NONE',  ( 0.0000000000000000000, -0.1668683535052129800, 0.9859791846679417700 ) ) ;
#5523 = CARTESIAN_POINT ( 'NONE',  ( 0.3844996949045040900, -1.346164917318198000, 1.016576877332252100 ) ) ;
#5524 = VERTEX_POINT ( 'NONE', #7315 ) ;
#5525 = CARTESIAN_POINT ( 'NONE',  ( 0.0000000000000000000, 0.0000000000000000000, 0.0000000000000000000 ) ) ;
#5526 = ORIENTED_EDGE ( 'NONE', *, *, #2257, .T. ) ;
#5527 = CARTESIAN_POINT ( 'NONE',  ( -2.398823671904402000, 2.409490608222226700, 0.9745999999999879200 ) ) ;
#5528 = LINE ( 'NONE', #7883, #3541 ) ;
#5529 = ORIENTED_EDGE ( 'NONE', *, *, #6637, .F. ) ;
#5530 = ADVANCED_FACE ( 'NONE', ( #7827 ), #97, .F. ) ;
#5531 = ORIENTED_EDGE ( 'NONE', *, *, #285, .T. ) ;
#5532 = DIRECTION ( 'NONE',  ( 0.0000000000000000000, 0.0000000000000000000, 1.000000000000000000 ) ) ;
#5533 = EDGE_LOOP ( 'NONE', ( #125, #3595, #4420, #1461, #3259, #4493 ) ) ;
#5534 = ORIENTED_EDGE ( 'NONE', *, *, #3743, .F. ) ;
#5535 = CARTESIAN_POINT ( 'NONE',  ( -0.1484959982104663600, 1.089954307199603800, 1.240669281950943700 ) ) ;
#5536 = DIRECTION ( 'NONE',  ( -0.0000000000000000000, -1.000000000000000000, -0.0000000000000000000 ) ) ;
#5537 = ORIENTED_EDGE ( 'NONE', *, *, #9094, .T. ) ;
#5538 = AXIS2_PLACEMENT_3D ( 'NONE', #8449, #1731, #1667 ) ;
#5539 = CARTESIAN_POINT ( 'NONE',  ( 2.199999999999988600, 5.013767464732374900, 0.1833193398174311500 ) ) ;
#5540 = CARTESIAN_POINT ( 'NONE',  ( -3.797413408594518800, 4.475735931288086000, 0.9745999999999879200 ) ) ;
#5541 = ORIENTED_EDGE ( 'NONE', *, *, #7079, .F. ) ;
#5542 = ORIENTED_EDGE ( 'NONE', *, *, #2386, .T. ) ;
#5543 = CARTESIAN_POINT ( 'NONE',  ( -0.2628539873737366600, -1.068132848986816900, 1.304165683834841200 ) ) ;
#5544 = CARTESIAN_POINT ( 'NONE',  ( -2.199999999999963300, -5.010958810312805800, 0.1833587902973832000 ) ) ;
#5545 = AXIS2_PLACEMENT_3D ( 'NONE', #4820, #1028, #5472 ) ;
#5546 = LINE ( 'NONE', #8476, #5216 ) ;
#5547 = ORIENTED_EDGE ( 'NONE', *, *, #153, .F. ) ;
#5548 = EDGE_CURVE ( 'NONE', #7796, #459, #8464, .T. ) ;
#5549 = DIRECTION ( 'NONE',  ( 0.7071067811865408000, 0.7071067811865542300, 0.0000000000000000000 ) ) ;
#5550 = VECTOR ( 'NONE', #2629, 999.9999999999998900 ) ;
#5551 =( GEOMETRIC_REPRESENTATION_CONTEXT ( 3 ) GLOBAL_UNCERTAINTY_ASSIGNED_CONTEXT ( ( #2651 ) ) GLOBAL_UNIT_ASSIGNED_CONTEXT ( ( #6169, #6917, #7066 ) ) REPRESENTATION_CONTEXT ( 'NONE', 'WORKASPACE' ) );
#5552 = EDGE_LOOP ( 'NONE', ( #5657, #2049, #1056, #6342 ) ) ;
#5553 = ORIENTED_EDGE ( 'NONE', *, *, #8851, .F. ) ;
#5554 = CARTESIAN_POINT ( 'NONE',  ( -5.003156392598373100, -0.8000000000000258000, 0.1372564509685897700 ) ) ;
#5555 = VECTOR ( 'NONE', #5186, 1000.000000000000000 ) ;
#5556 = CARTESIAN_POINT ( 'NONE',  ( 4.617157287525374800, 3.655992052357245600, 0.9745999999999879200 ) ) ;
#5557 = B_SPLINE_CURVE_WITH_KNOTS ( 'NONE', 3,
 ( #3418, #2760, #1856, #1890, #7111, #7138 ),
 .UNSPECIFIED., .F., .F.,
 ( 4, 2, 4 ),
 ( 0.0000000000000000000, 0.5000000000000000000, 1.000000000000000000 ),
 .UNSPECIFIED. ) ;
#5558 = VERTEX_POINT ( 'NONE', #6557 ) ;
#5559 = VECTOR ( 'NONE', #4214, 1000.000000000000000 ) ;
#5560 = CARTESIAN_POINT ( 'NONE',  ( 1.367671172371680600, 2.020135298234354300, 1.205000000000208100 ) ) ;
#5561 = VERTEX_POINT ( 'NONE', #5925 ) ;
#5562 = EDGE_CURVE ( 'NONE', #8006, #5656, #4703, .T. ) ;
#5563 = CARTESIAN_POINT ( 'NONE',  ( 1.600000000000026300, -4.797191345580442200, 3.945047992540000200E-005 ) ) ;
#5564 = ADVANCED_FACE ( 'NONE', ( #2699 ), #2811, .T. ) ;
#5565 = LINE ( 'NONE', #5424, #2764 ) ;
#5566 = VERTEX_POINT ( 'NONE', #2941 ) ;
#5567 = EDGE_CURVE ( 'NONE', #3325, #3445, #6196, .T. ) ;
#5568 = CARTESIAN_POINT ( 'NONE',  ( -4.475735931288060200, -3.797413408594544600, 0.9745999999999879200 ) ) ;
#5569 = VECTOR ( 'NONE', #8156, 1000.000000000000000 ) ;
#5570 = DIRECTION ( 'NONE',  ( 0.0000000000000000000, 0.9859791846679421000, -0.1668683535052109300 ) ) ;
#5571 = DIRECTION ( 'NONE',  ( 0.0000000000000000000, 0.0000000000000000000, 1.000000000000000000 ) ) ;
#5572 = LINE ( 'NONE', #8296, #8701 ) ;
#5573 = CARTESIAN_POINT ( 'NONE',  ( -1.599999999999975400, -5.010958810312807500, 0.1833587902973828300 ) ) ;
#5574 = ORIENTED_EDGE ( 'NONE', *, *, #921, .F. ) ;
#5575 = DIRECTION ( 'NONE',  ( -0.0000000000000000000, 0.0000000000000000000, -1.000000000000000000 ) ) ;
#5576 = CARTESIAN_POINT ( 'NONE',  ( 1.600000000000025800, -4.899999995880147500, 2.142290222297524000E-005 ) ) ;
#5577 = EDGE_CURVE ( 'NONE', #1705, #8490, #7605, .T. ) ;
#5578 = FACE_OUTER_BOUND ( 'NONE', #1889, .T. ) ;
#5579 = ORIENTED_EDGE ( 'NONE', *, *, #659, .F. ) ;
#5580 = CARTESIAN_POINT ( 'NONE',  ( -1.327498335642107500, -2.160033768228975400, 1.300487797378806700 ) ) ;
#5581 = ADVANCED_FACE ( 'NONE', ( #8290 ), #5308, .T. ) ;
#5582 = CARTESIAN_POINT ( 'NONE',  ( 0.3860539724043539600, -1.030051369726936200, 1.175670391989618300 ) ) ;
#5583 = DIRECTION ( 'NONE',  ( 0.0000000000000000000, 0.0000000000000000000, 1.000000000000000000 ) ) ;
#5584 = EDGE_LOOP ( 'NONE', ( #7423, #8209, #8184, #7286, #8310, #1714, #7678, #9290, #851, #6016, #5001, #6957, #8644, #6520, #4919, #4330, #8572, #1081, #2599, #6901, #2707, #5547, #328, #4676 ) ) ;
#5585 = EDGE_LOOP ( 'NONE', ( #7983, #8810, #345, #497 ) ) ;
#5586 = ORIENTED_EDGE ( 'NONE', *, *, #7737, .T. ) ;
#5587 = EDGE_CURVE ( 'NONE', #9522, #5776, #9088, .T. ) ;
#5588 = CARTESIAN_POINT ( 'NONE',  ( 0.1305592434984410900, 1.092224465912158000, 1.350000000000010300 ) ) ;
#5589 = CARTESIAN_POINT ( 'NONE',  ( 4.899999999999984400, -3.373149339882595600, 0.9999999999999879000 ) ) ;
#5590 = VECTOR ( 'NONE', #889, 1000.000000000000200 ) ;
#5591 = ORIENTED_EDGE ( 'NONE', *, *, #1036, .T. ) ;
#5592 = CARTESIAN_POINT ( 'NONE',  ( 4.617157287525374800, 3.655992052357245600, 0.9745999999999879200 ) ) ;
#5593 = FACE_OUTER_BOUND ( 'NONE', #2405, .T. ) ;
#5594 = ORIENTED_EDGE ( 'NONE', *, *, #1850, .F. ) ;
#5595 = DIRECTION ( 'NONE',  ( 0.0000000000000000000, 1.000000000000000000, -0.0000000000000000000 ) ) ;
#5596 = EDGE_CURVE ( 'NONE', #5094, #3925, #5859, .T. ) ;
#5597 = ORIENTED_EDGE ( 'NONE', *, *, #1256, .T. ) ;
#5598 = LINE ( 'NONE', #7025, #9298 ) ;
#5599 = DIRECTION ( 'NONE',  ( -0.0000000000000000000, -0.0000000000000000000, 1.000000000000000000 ) ) ;
#5600 = VERTEX_POINT ( 'NONE', #4628 ) ;
#5601 = CARTESIAN_POINT ( 'NONE',  ( 0.2999999999999937700, 4.915250744231022900, 6.191650734937880400E-006 ) ) ;
#5602 = CARTESIAN_POINT ( 'NONE',  ( -3.373149339882570300, -4.900000000000009200, 0.0000000000000000000 ) ) ;
#5603 = CARTESIAN_POINT ( 'NONE',  ( -3.655992052357224700, -4.617157287525399700, 0.9999999999999879000 ) ) ;
#5604 = CARTESIAN_POINT ( 'NONE',  ( -1.099999999999994300, -2.158191010000000100E-032, 1.305000000000012600 ) ) ;
#5605 = LINE ( 'NONE', #6438, #2914 ) ;
#5606 = AXIS2_PLACEMENT_3D ( 'NONE', #1469, #8840, #6706 ) ;
#5607 = DIRECTION ( 'NONE',  ( 0.0000000000000000000, 1.000000000000000000, 0.0000000000000000000 ) ) ;
#5608 = CARTESIAN_POINT ( 'NONE',  ( 3.797413408594542400, -4.475735931288065600, 0.9745999999999879200 ) ) ;
#5609 = VECTOR ( 'NONE', #8545, 1000.000000000000000 ) ;
#5610 = DIRECTION ( 'NONE',  ( -1.000000000000000000, 0.0000000000000000000, 0.0000000000000000000 ) ) ;
#5612 = VERTEX_POINT ( 'NONE', #9710 ) ;
#5611 = CARTESIAN_POINT ( 'NONE',  ( -5.077184635083400900, 0.7999999999999747300, 0.07749181265275097200 ) ) ;
#5613 = PRODUCT_DEFINITION_SHAPE ( 'NONE', 'NONE',  #9138 ) ;
#5614 = CARTESIAN_POINT ( 'NONE',  ( 5.103967321807069800, 0.8000000000000004900, 0.7162854755018253100 ) ) ;
#5615 = AXIS2_PLACEMENT_3D ( 'NONE', #7387, #2924, #5165 ) ;
#5616 = CARTESIAN_POINT ( 'NONE',  ( -1.192518571717675200, -1.207481428282326300, 1.104999999999999500 ) ) ;
#5617 = CIRCLE ( 'NONE', #3222, 1.099999999999994300 ) ;
#5618 = ORIENTED_EDGE ( 'NONE', *, *, #8782, .F. ) ;
#5619 = ADVANCED_FACE ( 'NONE', ( #8854 ), #4491, .T. ) ;
#5620 = CARTESIAN_POINT ( 'NONE',  ( 4.900000000000009200, -1.399999999999988100, -1.332267592000000300E-014 ) ) ;
#5621 = CARTESIAN_POINT ( 'NONE',  ( 1.600000000000026100, -5.005766807287229400, 0.01712039946240330800 ) ) ;
#5622 = PLANE ( 'NONE',  #4353 ) ;
#5623 = EDGE_CURVE ( 'NONE', #4508, #828, #8526, .T. ) ;
#5624 = CARTESIAN_POINT ( 'NONE',  ( 1.335656462463294500, -2.127170471265889000, 1.305000000000012200 ) ) ;
#5625 = LINE ( 'NONE', #6932, #802 ) ;
#5626 = ADVANCED_FACE ( 'NONE', ( #8400 ), #1552, .T. ) ;
#5627 = CARTESIAN_POINT ( 'NONE',  ( 2.277830346110256700, -1.316165123696543000, 1.210376700838420100 ) ) ;
#5628 = EDGE_CURVE ( 'NONE', #3151, #6688, #2813, .T. ) ;
#5629 = ORIENTED_EDGE ( 'NONE', *, *, #1039, .F. ) ;
#5630 = B_SPLINE_CURVE_WITH_KNOTS ( 'NONE', 3,
 ( #9035, #3826, #3920, #6009 ),
 .UNSPECIFIED., .F., .F.,
 ( 4, 4 ),
 ( 0.0000000000000000000, 1.000000000000000000 ),
 .UNSPECIFIED. ) ;
#5631 = LINE ( 'NONE', #908, #5055 ) ;
#5632 = DIRECTION ( 'NONE',  ( -0.7071067811865101600, -0.7071067811865849900, 0.0000000000000000000 ) ) ;
#5633 = CARTESIAN_POINT ( 'NONE',  ( 3.797413408594509500, 4.475735931288077100, 0.9999999999999879000 ) ) ;
#5634 = CARTESIAN_POINT ( 'NONE',  ( -0.3844996949045078600, 1.346164917318196700, 0.9999999999999879000 ) ) ;
#5635 = DIRECTION ( 'NONE',  ( 0.0000000000000000000, 0.0000000000000000000, 1.000000000000000000 ) ) ;
#5636 = CARTESIAN_POINT ( 'NONE',  ( -1.467719826306876900, -0.3292779085965360500, 1.024999999999989500 ) ) ;
#5637 = PLANE ( 'NONE',  #2210 ) ;
#5638 = EDGE_CURVE ( 'NONE', #4729, #523, #265, .T. ) ;
#5639 = VERTEX_POINT ( 'NONE', #5250 ) ;
#5640 = CARTESIAN_POINT ( 'NONE',  ( 2.278876193015027900, 1.316048203689796500, 1.007938759835150100 ) ) ;
#5641 = LINE ( 'NONE', #9460, #6343 ) ;
#5642 = CARTESIAN_POINT ( 'NONE',  ( -1.319452165755335500, 2.197264083120639400, 1.286411042678873100 ) ) ;
#5643 = ORIENTED_EDGE ( 'NONE', *, *, #94, .T. ) ;
#5644 = VERTEX_POINT ( 'NONE', #36 ) ;
#5645 = PLANE ( 'NONE',  #8784 ) ;
#5646 = B_SPLINE_CURVE_WITH_KNOTS ( 'NONE', 3,
 ( #2300, #9091, #3858, #6895, #3885, #3788 ),
 .UNSPECIFIED., .F., .F.,
 ( 4, 2, 4 ),
 ( 0.0000000000000000000, 0.5000000000000000000, 1.000000000000000000 ),
 .UNSPECIFIED. ) ;
#5647 = ORIENTED_EDGE ( 'NONE', *, *, #5596, .T. ) ;
#5648 = EDGE_CURVE ( 'NONE', #7042, #8336, #9268, .T. ) ;
#5649 = DIRECTION ( 'NONE',  ( -1.000000000000000000, 0.0000000000000000000, 0.0000000000000000000 ) ) ;
#5650 = ORIENTED_EDGE ( 'NONE', *, *, #205, .F. ) ;
#5651 = SURFACE_STYLE_FILL_AREA ( #7572 ) ;
#5652 = ORIENTED_EDGE ( 'NONE', *, *, #6437, .T. ) ;
#5653 = ORIENTED_EDGE ( 'NONE', *, *, #4540, .F. ) ;
#5654 =( NAMED_UNIT ( * ) PLANE_ANGLE_UNIT ( ) SI_UNIT ( $, .RADIAN. ) );
#5655 = ORIENTED_EDGE ( 'NONE', *, *, #4771, .T. ) ;
#5656 = VERTEX_POINT ( 'NONE', #3873 ) ;
#5657 = ORIENTED_EDGE ( 'NONE', *, *, #521, .F. ) ;
#5658 = CARTESIAN_POINT ( 'NONE',  ( 0.1305592434984409700, -1.092224465912159400, 1.180000000000004400 ) ) ;
#5659 = ORIENTED_EDGE ( 'NONE', *, *, #719, .T. ) ;
#5660 = AXIS2_PLACEMENT_3D ( 'NONE', #6622, #3659, #5206 ) ;
#5661 = ORIENTED_EDGE ( 'NONE', *, *, #7816, .F. ) ;
#5662 = VECTOR ( 'NONE', #7456, 1000.000000000000000 ) ;
#5663 = DIRECTION ( 'NONE',  ( -0.0000000000000000000, 0.0000000000000000000, -1.000000000000000000 ) ) ;
#5664 = ORIENTED_EDGE ( 'NONE', *, *, #678, .F. ) ;
#5665 = ORIENTED_EDGE ( 'NONE', *, *, #6457, .F. ) ;
#5666 = PLANE ( 'NONE',  #5236 ) ;
#5667 = PLANE ( 'NONE',  #6536 ) ;
#5668 = CARTESIAN_POINT ( 'NONE',  ( 1.600000000000026300, -4.912360891846019800, 0.2000456256479027900 ) ) ;
#5669 = VECTOR ( 'NONE', #3511, 1000.000000000000000 ) ;
#5670 = VERTEX_POINT ( 'NONE', #3739 ) ;
#5671 = CARTESIAN_POINT ( 'NONE',  ( 0.2999999999999937700, 4.915250744231022900, 6.191650731945054600E-006 ) ) ;
#5672 = CARTESIAN_POINT ( 'NONE',  ( -0.1997109337627127600, -1.081826319530209100, 1.285656066105539800 ) ) ;
#5673 = CARTESIAN_POINT ( 'NONE',  ( -1.336355922919952200, 2.121244450037015600, 1.305000000000012600 ) ) ;
#5674 = LINE ( 'NONE', #2929, #967 ) ;
#5675 = ADVANCED_FACE ( 'NONE', ( #4821 ), #4115, .T. ) ;
#5676 = B_SPLINE_CURVE_WITH_KNOTS ( 'NONE', 3,
 ( #5796, #2047, #564, #5837 ),
 .UNSPECIFIED., .F., .F.,
 ( 4, 4 ),
 ( 0.9493886516285984200, 1.000000000000000000 ),
 .UNSPECIFIED. ) ;
#5677 = CARTESIAN_POINT ( 'NONE',  ( -2.277830346110257600, -1.316165123696543000, 1.180000000000004400 ) ) ;
#5678 = ORIENTED_EDGE ( 'NONE', *, *, #1804, .T. ) ;
#5679 = AXIS2_PLACEMENT_3D ( 'NONE', #2533, #3819, #3782 ) ;
#5680 = DIRECTION ( 'NONE',  ( 1.000000000000000000, -0.0000000000000000000, 0.0000000000000000000 ) ) ;
#5681 = EDGE_CURVE ( 'NONE', #6137, #179, #683, .T. ) ;
#5682 = VECTOR ( 'NONE', #5872, 1000.000000000000000 ) ;
#5683 = VERTEX_POINT ( 'NONE', #198 ) ;
#5684 = CARTESIAN_POINT ( 'NONE',  ( -2.166649152858195000, 1.334287842315973000, 1.300521702593860200 ) ) ;
#5685 = VECTOR ( 'NONE', #1175, 1000.000000000000000 ) ;
#5686 = ORIENTED_EDGE ( 'NONE', *, *, #7643, .T. ) ;
#5687 = CARTESIAN_POINT ( 'NONE',  ( -1.910308928272379300, 1.414533370710778300, 1.105000000000000000 ) ) ;
#5688 = EDGE_CURVE ( 'NONE', #4191, #7109, #5625, .T. ) ;
#5689 = LINE ( 'NONE', #8289, #8013 ) ;
#5690 = ORIENTED_EDGE ( 'NONE', *, *, #8377, .F. ) ;
#5691 = DIRECTION ( 'NONE',  ( -0.7071067811865474600, 0.7071067811865474600, 0.0000000000000000000 ) ) ;
#5692 = FACE_OUTER_BOUND ( 'NONE', #5017, .T. ) ;
#5693 = EDGE_CURVE ( 'NONE', #8049, #7992, #919, .T. ) ;
#5694 = CARTESIAN_POINT ( 'NONE',  ( 0.0000000000000000000, 0.0000000000000000000, 0.9999999999999879000 ) ) ;
#5695 = CIRCLE ( 'NONE', #3483, 1.099999999999992100 ) ;
#5696 = ORIENTED_EDGE ( 'NONE', *, *, #9192, .F. ) ;
#5697 = VERTEX_POINT ( 'NONE', #1023 ) ;
#5698 = ORIENTED_EDGE ( 'NONE', *, *, #3634, .F. ) ;
#5699 = EDGE_CURVE ( 'NONE', #8759, #1944, #6330, .T. ) ;
#5700 = DIRECTION ( 'NONE',  ( -0.7071067811865490200, -0.7071067811865460200, 0.0000000000000000000 ) ) ;
#5701 = FACE_OUTER_BOUND ( 'NONE', #3003, .T. ) ;
#5702 = VERTEX_POINT ( 'NONE', #9196 ) ;
#5703 = CARTESIAN_POINT ( 'NONE',  ( 4.624228355337241000, 3.663063120169118800, -9.757819552369541900E-016 ) ) ;
#5704 = CARTESIAN_POINT ( 'NONE',  ( -3.797413408594520100, -4.475735931288087800, 0.9745999999999879200 ) ) ;
#5705 = FACE_OUTER_BOUND ( 'NONE', #7279, .T. ) ;
#5706 = EDGE_LOOP ( 'NONE', ( #8694, #363, #4726, #7393, #7706 ) ) ;
#5707 = VERTEX_POINT ( 'NONE', #988 ) ;
#5708 = ORIENTED_EDGE ( 'NONE', *, *, #9614, .T. ) ;
#5709 = CARTESIAN_POINT ( 'NONE',  ( 0.3000000000000192000, -5.010958810312805800, 0.1833587902973832000 ) ) ;
#5710 = CARTESIAN_POINT ( 'NONE',  ( -0.6993819963899713400, 0.8779580977081616900, 1.104999999999999500 ) ) ;
#5711 = MANIFOLD_SOLID_BREP ( 'Split2[1]', #9694 ) ;
#5712 = EDGE_CURVE ( 'NONE', #182, #4131, #3250, .T. ) ;
#5713 = CARTESIAN_POINT ( 'NONE',  ( -1.600000000000001000, 4.902808646178184100, 0.1000011485238460100 ) ) ;
#5714 = CARTESIAN_POINT ( 'NONE',  ( -1.599999999999975400, -4.904147357777345600, 4.227455181458871500E-005 ) ) ;
#5715 = DIRECTION ( 'NONE',  ( 1.000000000000000000, 0.0000000000000000000, 0.0000000000000000000 ) ) ;
#5716 = CARTESIAN_POINT ( 'NONE',  ( -2.199999999999988600, 5.013767464732366900, 0.1833193398174324000 ) ) ;
#5717 = VECTOR ( 'NONE', #7434, 1000.000000000000000 ) ;
#5718 = CARTESIAN_POINT ( 'NONE',  ( 0.4808326112068281900, 0.4808326112068427900, 0.9999999999999879000 ) ) ;
#5719 = FACE_OUTER_BOUND ( 'NONE', #3558, .T. ) ;
#5720 = EDGE_CURVE ( 'NONE', #7070, #998, #8403, .T. ) ;
#5721 = CARTESIAN_POINT ( 'NONE',  ( 0.2999999999999937700, 4.900000000000008300, 3.095825365898940900E-006 ) ) ;
#5722 = CARTESIAN_POINT ( 'NONE',  ( -1.420385550626951200, -1.899644595732674400, 1.104999999999999500 ) ) ;
#5723 = CYLINDRICAL_SURFACE ( 'NONE', #8330, 1.099999999999994500 ) ;
#5724 = DIRECTION ( 'NONE',  ( 0.0000000000000000000, 0.0000000000000000000, 1.000000000000000000 ) ) ;
#5725 = AXIS2_PLACEMENT_3D ( 'NONE', #2754, #2698, #4237 ) ;
#5726 = ORIENTED_EDGE ( 'NONE', *, *, #8911, .F. ) ;
#5727 = ADVANCED_FACE ( 'NONE', ( #8753 ), #9106, .T. ) ;
#5728 = DIRECTION ( 'NONE',  ( -0.0000000000000000000, -1.000000000000000000, -0.0000000000000000000 ) ) ;
#5729 = VERTEX_POINT ( 'NONE', #6909 ) ;
#5730 = PLANE ( 'NONE',  #1641 ) ;
#5731 = CARTESIAN_POINT ( 'NONE',  ( 1.928647025134042600, 1.386429001310541400, 1.305000000000012800 ) ) ;
#5732 = DIRECTION ( 'NONE',  ( 0.0000000000000000000, 0.1668683535052474500, -0.9859791846679359900 ) ) ;
#5733 = PLANE ( 'NONE',  #6308 ) ;
#5734 = PLANE ( 'NONE',  #9081 ) ;
#5735 = AXIS2_PLACEMENT_3D ( 'NONE', #7881, #9324, #1118 ) ;
#5736 = EDGE_CURVE ( 'NONE', #9364, #3537, #1033, .T. ) ;
#5737 = FACE_OUTER_BOUND ( 'NONE', #7277, .T. ) ;
#5738 = CARTESIAN_POINT ( 'NONE',  ( 5.005965047017934200, -1.399999999999988100, 0.1372170004886642500 ) ) ;
#5739 = CARTESIAN_POINT ( 'NONE',  ( -3.373149339882570300, -4.900000000000009200, 0.0000000000000000000 ) ) ;
#5740 = CARTESIAN_POINT ( 'NONE',  ( 0.6993819963899714500, -0.8779580977081618000, 1.104999999999999500 ) ) ;
#5741 = CARTESIAN_POINT ( 'NONE',  ( 4.899999999999315600, -0.8000000000000003800, 0.1000000016482815300 ) ) ;
#5742 = B_SPLINE_CURVE_WITH_KNOTS ( 'NONE', 3,
 ( #252, #945, #9075, #6210 ),
 .UNSPECIFIED., .F., .F.,
 ( 4, 4 ),
 ( 0.0000000000000000000, 1.000000000000000000 ),
 .UNSPECIFIED. ) ;
#5743 = AXIS2_PLACEMENT_3D ( 'NONE', #1121, #4978, #9257 ) ;
#5744 = CARTESIAN_POINT ( 'NONE',  ( -1.074842729967183200, -0.2368419721995202700, 1.303446084219802300 ) ) ;
#5745 = CARTESIAN_POINT ( 'NONE',  ( -2.289472668228934400, -1.305545699853246400, 0.9621596613030690700 ) ) ;
#5746 = VERTEX_POINT ( 'NONE', #3899 ) ;
#5747 = VECTOR ( 'NONE', #1032, 1000.000000000000000 ) ;
#5748 = CARTESIAN_POINT ( 'NONE',  ( 2.151596492139140200, 1.337235448759844600, 1.306033691524255200 ) ) ;
#5749 = CARTESIAN_POINT ( 'NONE',  ( 1.298823671713240600, -2.312519581113738900, 1.305000000000012600 ) ) ;
#5750 = EDGE_CURVE ( 'NONE', #1770, #7630, #6538, .T. ) ;
#5751 = ORIENTED_EDGE ( 'NONE', *, *, #194, .F. ) ;
#5752 = PLANE ( 'NONE',  #6813 ) ;
#5753 = ORIENTED_EDGE ( 'NONE', *, *, #422, .F. ) ;
#5754 = ORIENTED_EDGE ( 'NONE', *, *, #1713, .F. ) ;
#5755 = FACE_OUTER_BOUND ( 'NONE', #1775, .T. ) ;
#5756 = EDGE_CURVE ( 'NONE', #3123, #502, #3633, .T. ) ;
#5757 = CARTESIAN_POINT ( 'NONE',  ( 3.434464939830573500, 2.473299704662435900, -8.354053354161921200E-016 ) ) ;
#5758 = EDGE_CURVE ( 'NONE', #6801, #4293, #4340, .T. ) ;
#5759 = DIRECTION ( 'NONE',  ( -0.1668683535051944700, 0.0000000000000000000, 0.9859791846679448700 ) ) ;
#5760 = ORIENTED_EDGE ( 'NONE', *, *, #7237, .T. ) ;
#5761 = ORIENTED_EDGE ( 'NONE', *, *, #7206, .T. ) ;
#5762 = DIRECTION ( 'NONE',  ( 0.7071067811865725500, -0.7071067811865225900, 0.0000000000000000000 ) ) ;
#5763 = CARTESIAN_POINT ( 'NONE',  ( 1.336534030627088300, 2.121422557744151200, 1.305000000000012600 ) ) ;
#5764 = CARTESIAN_POINT ( 'NONE',  ( 3.373149339882570300, 4.900000000000009200, 0.0000000000000000000 ) ) ;
#5765 = VECTOR ( 'NONE', #6239, 1000.000000000000100 ) ;
#5766 = ORIENTED_EDGE ( 'NONE', *, *, #906, .T. ) ;
#5767 = ORIENTED_EDGE ( 'NONE', *, *, #6261, .T. ) ;
#5768 = CARTESIAN_POINT ( 'NONE',  ( 4.899999999999984400, 0.8000000000000004900, 3.095825364619322300E-006 ) ) ;
#5769 = CARTESIAN_POINT ( 'NONE',  ( 0.1000000000000233900, -4.800000000000002500, 3.945047992540000200E-005 ) ) ;
#5770 = CARTESIAN_POINT ( 'NONE',  ( -1.298792529268098200, 2.363862050926483600, 0.9999999999999879000 ) ) ;
#5771 = EDGE_CURVE ( 'NONE', #8790, #8781, #5278, .T. ) ;
#5772 = ORIENTED_EDGE ( 'NONE', *, *, #9192, .T. ) ;
#5773 = CARTESIAN_POINT ( 'NONE',  ( 1.212198660500908100, 0.5847990744025073400, 1.205249755641086400 ) ) ;
#5774 = CARTESIAN_POINT ( 'NONE',  ( 0.1450420833195240900, 1.090767995116289200, 1.241775055882620400 ) ) ;
#5775 = ADVANCED_FACE ( 'NONE', ( #4585 ), #5521, .T. ) ;
#5776 = VERTEX_POINT ( 'NONE', #8598 ) ;
#5777 = DIRECTION ( 'NONE',  ( -0.7071067811865559000, -0.7071067811865392500, 0.0000000000000000000 ) ) ;
#5778 = VERTEX_POINT ( 'NONE', #3243 ) ;
#5779 = EDGE_CURVE ( 'NONE', #2621, #5340, #5513, .T. ) ;
#5780 = STYLED_ITEM ( 'NONE', ( #3637 ), #5711 ) ;
#5781 = CARTESIAN_POINT ( 'NONE',  ( -1.599999999999975400, -5.199756585854319500, 0.6996380906312310600 ) ) ;
#5782 = VERTEX_POINT ( 'NONE', #9304 ) ;
#5783 = ORIENTED_EDGE ( 'NONE', *, *, #4210, .F. ) ;
#5784 = CARTESIAN_POINT ( 'NONE',  ( 0.3000000000000193600, -5.010958810312807500, 0.1833587902973828300 ) ) ;
#5785 = VECTOR ( 'NONE', #6226, 1000.000000000000000 ) ;
#5786 = ORIENTED_EDGE ( 'NONE', *, *, #2881, .T. ) ;
#5787 = ORIENTED_EDGE ( 'NONE', *, *, #4907, .T. ) ;
#5788 = CYLINDRICAL_SURFACE ( 'NONE', #10, 1.099999999999994500 ) ;
#5789 = DIRECTION ( 'NONE',  ( -0.9999999175860412300, 0.0000000000000000000, -0.0004059900380440000900 ) ) ;
#5790 = ORIENTED_EDGE ( 'NONE', *, *, #1615, .T. ) ;
#5791 = EDGE_LOOP ( 'NONE', ( #6180, #4392, #5647, #7391 ) ) ;
#5792 = CYLINDRICAL_SURFACE ( 'NONE', #4231, 0.1250000000000079100 ) ;
#5793 = ORIENTED_EDGE ( 'NONE', *, *, #274, .T. ) ;
#5794 = CARTESIAN_POINT ( 'NONE',  ( -0.4808326112068656000, 0.4808326112069184500, 0.9999999999999879000 ) ) ;
#5795 = CARTESIAN_POINT ( 'NONE',  ( -4.475735931288063800, -3.797413408594548100, 0.2000000000000129500 ) ) ;
#5796 = CARTESIAN_POINT ( 'NONE',  ( -1.298819703932383400, 2.409490612559277400, 1.305000000000012600 ) ) ;
#5797 = VECTOR ( 'NONE', #6208, 1000.000000000000200 ) ;
#5798 = CARTESIAN_POINT ( 'NONE',  ( -3.491048137816561900, -2.540049851720743900, 0.9999999999999879000 ) ) ;
#5799 = ORIENTED_EDGE ( 'NONE', *, *, #985, .T. ) ;
#5800 = CARTESIAN_POINT ( 'NONE',  ( -1.599999999999975400, -4.899063776367008000, 4.021066823431818400E-005 ) ) ;
#5801 = DIRECTION ( 'NONE',  ( 0.7071067811865540100, -0.7071067811865410200, -2.030905000000000100E-034 ) ) ;
#5802 = CARTESIAN_POINT ( 'NONE',  ( 1.420385550626950500, 1.899644595732674000, 1.104999999999999500 ) ) ;
#5803 = CARTESIAN_POINT ( 'NONE',  ( -5.199756585854314200, 1.399999999999962600, 0.6996380906312319500 ) ) ;
#5804 = LINE ( 'NONE', #3519, #7547 ) ;
#5805 = ORIENTED_EDGE ( 'NONE', *, *, #8629, .F. ) ;
#5806 = CARTESIAN_POINT ( 'NONE',  ( 0.2296296504855668600, 1.075873071654146700, 1.298358600154144500 ) ) ;
#5807 = B_SPLINE_CURVE_WITH_KNOTS ( 'NONE', 3,
 ( #4877, #4147, #8548, #1149 ),
 .UNSPECIFIED., .F., .F.,
 ( 4, 4 ),
 ( 0.0000000000000000000, 1.000000000000000000 ),
 .UNSPECIFIED. ) ;
#5808 = CARTESIAN_POINT ( 'NONE',  ( -1.599999999999975400, -5.109556728779593500, 0.1666719549468632900 ) ) ;
#5809 = LINE ( 'NONE', #5898, #5569 ) ;
#5810 = DIRECTION ( 'NONE',  ( -0.7071067811865520100, -0.7071067811865431300, 0.0000000000000000000 ) ) ;
#5811 = VECTOR ( 'NONE', #3140, 1000.000000000000100 ) ;
#5812 = ORIENTED_EDGE ( 'NONE', *, *, #8919, .F. ) ;
#5813 = EDGE_CURVE ( 'NONE', #2385, #2026, #8965, .T. ) ;
#5814 = AXIS2_PLACEMENT_3D ( 'NONE', #957, #7707, #9055 ) ;
#5815 = LINE ( 'NONE', #5119, #2652 ) ;
#5816 = ORIENTED_EDGE ( 'NONE', *, *, #7068, .F. ) ;
#5817 = CARTESIAN_POINT ( 'NONE',  ( -2.175123730094552500, 1.332465087496056000, 1.298236962049848800 ) ) ;
#5818 = DIRECTION ( 'NONE',  ( 0.0000000000000000000, 0.9859791846679418800, 0.1668683535052130100 ) ) ;
#5819 = ORIENTED_EDGE ( 'NONE', *, *, #1332, .T. ) ;
#5820 = CARTESIAN_POINT ( 'NONE',  ( -1.883217427953447300, 1.428951199357649600, 1.104999999999999500 ) ) ;
#5821 = EDGE_LOOP ( 'NONE', ( #7446, #4817, #9219 ) ) ;
#5822 = AXIS2_PLACEMENT_3D ( 'NONE', #2019, #7142, #4373 ) ;
#5823 = VERTEX_POINT ( 'NONE', #4159 ) ;
#5824 = VERTEX_POINT ( 'NONE', #354 ) ;
#5825 = ADVANCED_FACE ( 'NONE', ( #1625 ), #9193, .F. ) ;
#5826 = CARTESIAN_POINT ( 'NONE',  ( -1.092224465912156500, 0.1305592434984660700, 1.180250121772388900 ) ) ;
#5827 = VECTOR ( 'NONE', #3070, 1000.000000000000000 ) ;
#5828 = ORIENTED_EDGE ( 'NONE', *, *, #7062, .F. ) ;
#5829 = CARTESIAN_POINT ( 'NONE',  ( 4.617157287525372100, -3.655992052357247800, 0.9999999999999879000 ) ) ;
#5830 = FACE_OUTER_BOUND ( 'NONE', #4234, .T. ) ;
#5831 = VERTEX_POINT ( 'NONE', #7823 ) ;
#5832 = EDGE_CURVE ( 'NONE', #4257, #3233, #4824, .T. ) ;
#5833 = DIRECTION ( 'NONE',  ( 0.7071067811865480200, -0.7071067811865470200, -2.030905000000000100E-034 ) ) ;
#5834 = DIRECTION ( 'NONE',  ( 1.000000000000000000, 0.0000000000000000000, 0.0000000000000000000 ) ) ;
#5835 = CARTESIAN_POINT ( 'NONE',  ( 1.600000000000026300, -5.010958810312805800, 0.1833587902973832000 ) ) ;
#5836 = ORIENTED_EDGE ( 'NONE', *, *, #2903, .T. ) ;
#5837 = CARTESIAN_POINT ( 'NONE',  ( -1.337068353748492900, 2.121956880865558200, 1.305000000000012600 ) ) ;
#5838 = CARTESIAN_POINT ( 'NONE',  ( 0.1305592434984409700, -1.092224465912159400, 0.9745999999999879200 ) ) ;
#5839 = DIRECTION ( 'NONE',  ( 0.0000000000000000000, 0.0000000000000000000, -1.000000000000000000 ) ) ;
#5840 = FACE_OUTER_BOUND ( 'NONE', #5842, .T. ) ;
#5841 = CARTESIAN_POINT ( 'NONE',  ( 0.3817191672772305400, 1.346956004230704100, 0.9999999999999879000 ) ) ;
#5842 = EDGE_LOOP ( 'NONE', ( #6786, #7166, #7541, #3774 ) ) ;
#5843 = EDGE_CURVE ( 'NONE', #5445, #1605, #6937, .T. ) ;
#5844 = CARTESIAN_POINT ( 'NONE',  ( -1.092224465912156500, 0.1305592434984660700, 0.9745999999999879200 ) ) ;
#5845 = PLANE ( 'NONE',  #2726 ) ;
#5846 = DIRECTION ( 'NONE',  ( 0.0000000000000000000, -0.0004059900380430000700, -0.9999999175860412300 ) ) ;
#5847 = DIRECTION ( 'NONE',  ( 1.000000000000000000, -0.0000000000000000000, 0.0000000000000000000 ) ) ;
#5848 = FACE_OUTER_BOUND ( 'NONE', #2516, .T. ) ;
#5849 = DIRECTION ( 'NONE',  ( 0.0000000000000000000, -1.000000000000000000, 0.0000000000000000000 ) ) ;
#5850 = LINE ( 'NONE', #4635, #2803 ) ;
#5851 = CARTESIAN_POINT ( 'NONE',  ( -2.187668636976122500, -1.329921558081543100, 1.294079702803888000 ) ) ;
#5852 = CARTESIAN_POINT ( 'NONE',  ( 2.199999999999988600, 5.008575461706789700, 0.01708094898245298600 ) ) ;
#5853 = PLANE ( 'NONE',  #9467 ) ;
#5855 = VECTOR ( 'NONE', #2593, 1000.000000000000000 ) ;
#5854 = AXIS2_PLACEMENT_3D ( 'NONE', #485, #2776, #9409 ) ;
#5856 = VERTEX_POINT ( 'NONE', #4127 ) ;
#5857 = CARTESIAN_POINT ( 'NONE',  ( -2.199999999999963300, -5.005766807287229400, 0.01712039946240330800 ) ) ;
#5858 = CARTESIAN_POINT ( 'NONE',  ( -1.600000000000001000, 5.103967321807094700, 0.7162854755018253100 ) ) ;
#5859 = LINE ( 'NONE', #5381, #7137 ) ;
#5860 = DIRECTION ( 'NONE',  ( 1.000000000000000000, -0.0000000000000000000, 0.0000000000000000000 ) ) ;
#5861 = CARTESIAN_POINT ( 'NONE',  ( -0.3844996949045082500, -1.346164917318196900, 0.9999999999999879000 ) ) ;
#5862 = CARTESIAN_POINT ( 'NONE',  ( 3.278457186968433600, 3.085492014800710300, 1.305000000000012800 ) ) ;
#5863 = DIRECTION ( 'NONE',  ( 0.7071067811864607500, 0.7071067811866342800, -0.0000000000000000000 ) ) ;
#5864 = CARTESIAN_POINT ( 'NONE',  ( 1.032069086191263400, 0.3801941913844342800, 1.253076687240472400 ) ) ;
#5865 = EDGE_CURVE ( 'NONE', #1642, #6168, #9440, .T. ) ;
#5866 = CARTESIAN_POINT ( 'NONE',  ( 0.3844996949045076400, 1.346164917318196700, 0.9745999999999879200 ) ) ;
#5867 = DIRECTION ( 'NONE',  ( 0.7071067811865570100, -0.7071067811865380200, -2.030905000000000100E-034 ) ) ;
#5868 = ORIENTED_EDGE ( 'NONE', *, *, #6403, .F. ) ;
#5869 = CARTESIAN_POINT ( 'NONE',  ( -1.298800427932589800, -2.409490652248750900, 1.305000000000012600 ) ) ;
#5870 = B_SPLINE_CURVE_WITH_KNOTS ( 'NONE', 3,
 ( #1623, #9155, #2627, #5995 ),
 .UNSPECIFIED., .F., .F.,
 ( 4, 4 ),
 ( 0.0000000000000000000, 1.000000000000000000 ),
 .UNSPECIFIED. ) ;
#5871 = VECTOR ( 'NONE', #8861, 999.9999999999998900 ) ;
#5872 = DIRECTION ( 'NONE',  ( 1.000000000000000000, 0.0000000000000000000, -0.0000000000000000000 ) ) ;
#5873 = ADVANCED_FACE ( 'NONE', ( #1044 ), #3400, .T. ) ;
#5874 = AXIS2_PLACEMENT_3D ( 'NONE', #8164, #8139, #650 ) ;
#5875 = DIRECTION ( 'NONE',  ( 0.0000000000000000000, 0.0000000000000000000, -1.000000000000000000 ) ) ;
#5876 = CARTESIAN_POINT ( 'NONE',  ( -1.334614607529472500, 2.126315073057233100, 1.305000000000012200 ) ) ;
#5877 = ORIENTED_EDGE ( 'NONE', *, *, #6571, .T. ) ;
#5878 = VECTOR ( 'NONE', #6211, 1000.000000000000000 ) ;
#5879 = CARTESIAN_POINT ( 'NONE',  ( 4.899999999999984400, -3.373149339882595600, 0.9745999999999879200 ) ) ;
#5880 = ORIENTED_EDGE ( 'NONE', *, *, #9178, .F. ) ;
#5881 = ORIENTED_EDGE ( 'NONE', *, *, #1102, .F. ) ;
#5882 = EDGE_CURVE ( 'NONE', #2868, #4416, #6094, .T. ) ;
#5883 = PLANE ( 'NONE',  #8884 ) ;
#5884 = CARTESIAN_POINT ( 'NONE',  ( -0.2999999999999937700, 4.910140096846250300, 0.1000000000000064200 ) ) ;
#5885 = ORIENTED_EDGE ( 'NONE', *, *, #8173, .T. ) ;
#5886 = EDGE_CURVE ( 'NONE', #5823, #7196, #3515, .T. ) ;
#5887 = ORIENTED_EDGE ( 'NONE', *, *, #1036, .F. ) ;
#5888 = PLANE ( 'NONE',  #1871 ) ;
#5889 = LINE ( 'NONE', #5048, #356 ) ;
#5890 = CARTESIAN_POINT ( 'NONE',  ( 4.617157287525372100, -3.655992052357247800, 0.9745999999999879200 ) ) ;
#5891 = ORIENTED_EDGE ( 'NONE', *, *, #2195, .F. ) ;
#5892 = DIRECTION ( 'NONE',  ( 1.000000000000000000, 0.0000000000000000000, 0.0000000000000000000 ) ) ;
#5893 = CARTESIAN_POINT ( 'NONE',  ( -1.346164917318200000, -0.3844996949044996400, 0.9999999999999879000 ) ) ;
#5894 = ORIENTED_EDGE ( 'NONE', *, *, #9416, .F. ) ;
#5895 = ORIENTED_EDGE ( 'NONE', *, *, #8382, .F. ) ;
#5896 = EDGE_CURVE ( 'NONE', #4596, #9651, #2571, .T. ) ;
#5897 = DIRECTION ( 'NONE',  ( 0.7071067811865725500, -0.7071067811865225900, 0.0000000000000000000 ) ) ;
#5898 = CARTESIAN_POINT ( 'NONE',  ( -4.617157287525369500, -3.655992052357247300, 0.9745999999999880300 ) ) ;
#5899 = CARTESIAN_POINT ( 'NONE',  ( -1.599999999999985700, 4.899999999998670800, 0.1000000032965566200 ) ) ;
#5900 = CARTESIAN_POINT ( 'NONE',  ( -0.2999999999999937700, 4.915250744231022900, 6.191650734937880400E-006 ) ) ;
#5901 = LINE ( 'NONE', #4530, #5208 ) ;
#5902 = ORIENTED_EDGE ( 'NONE', *, *, #4598, .F. ) ;
#5903 = CARTESIAN_POINT ( 'NONE',  ( -2.199999999999963300, -4.899999991758623900, 0.1000405990037968200 ) ) ;
#5904 = CARTESIAN_POINT ( 'NONE',  ( -1.599999999999975400, -5.041451075190003000, 0.1000405990071242000 ) ) ;
#5905 = EDGE_CURVE ( 'NONE', #8923, #5107, #9142, .T. ) ;
#5906 = DIRECTION ( 'NONE',  ( 0.0000000000000000000, 1.000000000000000000, 0.0000000000000000000 ) ) ;
#5907 = LINE ( 'NONE', #8260, #3924 ) ;
#5908 = ORIENTED_EDGE ( 'NONE', *, *, #1799, .T. ) ;
#5909 = EDGE_LOOP ( 'NONE', ( #6103, #5880, #3600, #2122, #8525 ) ) ;
#5910 = CARTESIAN_POINT ( 'NONE',  ( 0.3000000000000193100, -4.899999995880150100, 2.142290222297503300E-005 ) ) ;
#5911 = VECTOR ( 'NONE', #7938, 1000.000000000000000 ) ;
#5912 = VERTEX_POINT ( 'NONE', #7121 ) ;
#5913 = CARTESIAN_POINT ( 'NONE',  ( 1.092224465912157400, 0.1305592434984409200, 0.9745999999999879200 ) ) ;
#5914 = DIRECTION ( 'NONE',  ( 0.0000000000000000000, 0.0000000000000000000, -1.000000000000000000 ) ) ;
#5915 = ORIENTED_EDGE ( 'NONE', *, *, #639, .T. ) ;
#5916 = CARTESIAN_POINT ( 'NONE',  ( -2.274059600748290100, -1.316360201654191800, 1.211383101945254300 ) ) ;
#5917 = VECTOR ( 'NONE', #5979, 1000.000000000000000 ) ;
#5918 = ORIENTED_EDGE ( 'NONE', *, *, #7560, .F. ) ;
#5919 = CARTESIAN_POINT ( 'NONE',  ( 1.047040108881729600, -0.3363258769588414700, 1.291086133534628000 ) ) ;
#5920 = CARTESIAN_POINT ( 'NONE',  ( -4.897191345580448100, 1.399999999999977500, 1.972523996270000100E-005 ) ) ;
#5921 = ORIENTED_EDGE ( 'NONE', *, *, #2772, .T. ) ;
#5922 = B_SPLINE_CURVE_WITH_KNOTS ( 'NONE', 3,
 ( #866, #4670, #5385, #3904, #8345, #200 ),
 .UNSPECIFIED., .F., .F.,
 ( 4, 2, 4 ),
 ( 0.0000000000000000000, 0.5000000000000000000, 1.000000000000000000 ),
 .UNSPECIFIED. ) ;
#5923 = ADVANCED_FACE ( 'NONE', ( #556 ), #6322, .F. ) ;
#5924 = CARTESIAN_POINT ( 'NONE',  ( 3.491048137816543700, -2.540049851720792800, 0.9999999999999879000 ) ) ;
#5925 = CARTESIAN_POINT ( 'NONE',  ( -0.5003554042673275000, 0.9796144493730506400, 1.104999999999999500 ) ) ;
#5926 = VECTOR ( 'NONE', #602, 1000.000000000000000 ) ;
#5927 = ORIENTED_EDGE ( 'NONE', *, *, #2168, .F. ) ;
#5928 = EDGE_CURVE ( 'NONE', #2097, #8021, #4000, .T. ) ;
#5929 = CARTESIAN_POINT ( 'NONE',  ( -1.294890093006447100, -0.5021076418969404600, 1.304875309737369100 ) ) ;
#5930 = DIRECTION ( 'NONE',  ( 0.7071067811865259200, -0.7071067811865692200, 0.0000000000000000000 ) ) ;
#5932 = LINE ( 'NONE', #4522, #878 ) ;
#5931 = CARTESIAN_POINT ( 'NONE',  ( -5.101158667387508700, 1.399999999999962600, 0.7163249259817507900 ) ) ;
#5933 = ORIENTED_EDGE ( 'NONE', *, *, #6680, .F. ) ;
#5934 = DIRECTION ( 'NONE',  ( -1.000000000000000000, 0.0000000000000000000, 0.0000000000000000000 ) ) ;
#5935 = SURFACE_STYLE_FILL_AREA ( #7744 ) ;
#5936 = AXIS2_PLACEMENT_3D ( 'NONE', #2757, #7967, #1145 ) ;
#5937 = VECTOR ( 'NONE', #5056, 999.9999999999998900 ) ;
#5938 = ORIENTED_EDGE ( 'NONE', *, *, #2454, .F. ) ;
#5939 = ORIENTED_EDGE ( 'NONE', *, *, #8424, .F. ) ;
#5940 = EDGE_LOOP ( 'NONE', ( #8785, #955, #5751, #8697, #3531, #5027, #2606, #9598 ) ) ;
#5941 = CARTESIAN_POINT ( 'NONE',  ( 1.346164917318191800, 0.3844996949045248500, 1.016576877332252100 ) ) ;
#5942 = CARTESIAN_POINT ( 'NONE',  ( 0.3000000000000192000, -5.041451075190003000, 0.3109952626967752400 ) ) ;
#5943 = ORIENTED_EDGE ( 'NONE', *, *, #20, .T. ) ;
#5944 = B_SPLINE_CURVE_WITH_KNOTS ( 'NONE', 3,
 ( #1643, #4753, #7084, #7820 ),
 .UNSPECIFIED., .F., .F.,
 ( 4, 4 ),
 ( 0.0000000000000000000, 1.000000000000000000 ),
 .UNSPECIFIED. ) ;
#5945 = PLANE ( 'NONE',  #8515 ) ;
#5946 = LINE ( 'NONE', #5904, #9163 ) ;
#5947 = ORIENTED_EDGE ( 'NONE', *, *, #9357, .T. ) ;
#5948 = DIRECTION ( 'NONE',  ( 0.0000000000000000000, 0.0000000000000000000, 1.000000000000000000 ) ) ;
#5949 = EDGE_CURVE ( 'NONE', #1084, #6739, #325, .T. ) ;
#5950 = VECTOR ( 'NONE', #2503, 1000.000000000000100 ) ;
#5951 = ORIENTED_EDGE ( 'NONE', *, *, #8492, .T. ) ;
#5952 = EDGE_LOOP ( 'NONE', ( #5323, #1550, #4305, #6558, #8495, #8883, #4407, #1509 ) ) ;
#5953 = ORIENTED_EDGE ( 'NONE', *, *, #2702, .T. ) ;
#5954 = PLANE ( 'NONE',  #5660 ) ;
#5955 = EDGE_CURVE ( 'NONE', #3836, #2000, #7248, .T. ) ;
#5956 = FACE_OUTER_BOUND ( 'NONE', #2414, .T. ) ;
#5957 = CARTESIAN_POINT ( 'NONE',  ( 1.298800427932587300, 2.409490652248778000, 1.305000000000012600 ) ) ;
#5958 = CARTESIAN_POINT ( 'NONE',  ( 4.915210145269370800, 1.400000000000013500, 0.1000049467274789400 ) ) ;
#5959 = LINE ( 'NONE', #979, #4446 ) ;
#5960 = CARTESIAN_POINT ( 'NONE',  ( 3.458139529610744700, -2.815354656331416500, 0.9999999999999881200 ) ) ;
#5961 = DIRECTION ( 'NONE',  ( -0.7071067811865962000, 0.7071067811864987200, 0.0000000000000000000 ) ) ;
#5962 = LINE ( 'NONE', #4884, #7117 ) ;
#5963 = DIRECTION ( 'NONE',  ( -0.0000000000000000000, -1.000000000000000000, -0.0000000000000000000 ) ) ;
#5964 = VECTOR ( 'NONE', #4112, 1000.000000000000000 ) ;
#5965 = EDGE_CURVE ( 'NONE', #2477, #6566, #7359, .T. ) ;
#5966 = DIRECTION ( 'NONE',  ( 1.000000000000000000, 0.0000000000000000000, -0.0000000000000000000 ) ) ;
#5967 = CARTESIAN_POINT ( 'NONE',  ( 1.298823672188266000, -2.553480273215061200, 1.305000000000012600 ) ) ;
#5968 = CARTESIAN_POINT ( 'NONE',  ( 1.844842797928237800, 3.370655637646725400, 1.305000000000012800 ) ) ;
#5969 = CARTESIAN_POINT ( 'NONE',  ( -4.908294723794403700, 0.7999999999999749500, 4.395834124040014900E-005 ) ) ;
#5970 = DIRECTION ( 'NONE',  ( 0.7071067811865864300, 0.7071067811865087100, 0.0000000000000000000 ) ) ;
#5971 = CARTESIAN_POINT ( 'NONE',  ( 0.4808326112068647100, 0.4808326112069156700, 0.9999999999999879000 ) ) ;
#5972 = EDGE_CURVE ( 'NONE', #4191, #8073, #5498, .T. ) ;
#5973 = AXIS2_PLACEMENT_3D ( 'NONE', #3574, #8115, #591 ) ;
#5974 = CARTESIAN_POINT ( 'NONE',  ( -2.400000000000001200, 2.400000000000001200, 0.9745999999999879200 ) ) ;
#5975 = ADVANCED_FACE ( 'NONE', ( #7024 ), #3527, .T. ) ;
#5976 = DIRECTION ( 'NONE',  ( 1.000000000000000000, 0.0000000000000000000, 0.0000000000000000000 ) ) ;
#5977 = CARTESIAN_POINT ( 'NONE',  ( -2.444109822320299900, 1.305667904609974400, 0.8999999999999983600 ) ) ;
#5978 = CARTESIAN_POINT ( 'NONE',  ( -4.900000000000010100, 1.399999999999981700, 0.1000101497517858500 ) ) ;
#5979 = DIRECTION ( 'NONE',  ( 0.0000000000000000000, 0.0000000000000000000, 1.000000000000000000 ) ) ;
#5980 = VECTOR ( 'NONE', #1288, 1000.000000000000000 ) ;
#5981 = DIRECTION ( 'NONE',  ( 1.000000000000000000, 0.0000000000000000000, 0.0000000000000000000 ) ) ;
#5982 = DIRECTION ( 'NONE',  ( 0.0000000000000000000, 0.0000000000000000000, 1.000000000000000000 ) ) ;
#5983 = CARTESIAN_POINT ( 'NONE',  ( 4.910140096846242300, 1.400000000000013500, 0.1000000000000064200 ) ) ;
#5984 = AXIS2_PLACEMENT_3D ( 'NONE', #1998, #6549, #3465 ) ;
#5985 = ORIENTED_EDGE ( 'NONE', *, *, #5428, .F. ) ;
#5986 = CYLINDRICAL_SURFACE ( 'NONE', #3979, 1.399999999999989300 ) ;
#5987 = B_SPLINE_CURVE_WITH_KNOTS ( 'NONE', 3,
 ( #1354, #5177, #2937, #1415 ),
 .UNSPECIFIED., .F., .F.,
 ( 4, 4 ),
 ( 0.8896712166613802700, 1.000000000000000000 ),
 .UNSPECIFIED. ) ;
#5988 = DIRECTION ( 'NONE',  ( 0.0000000000000000000, 1.000000000000000000, 0.0000000000000000000 ) ) ;
#5989 = ORIENTED_EDGE ( 'NONE', *, *, #8621, .T. ) ;
#5990 = CARTESIAN_POINT ( 'NONE',  ( -0.9611650271896788900, -0.5539808784079860400, 1.555000000000003300 ) ) ;
#5991 = EDGE_LOOP ( 'NONE', ( #5419, #1900, #3805, #9403 ) ) ;
#5992 = CARTESIAN_POINT ( 'NONE',  ( -0.05937504862660200600, -0.7662941579929216700, 1.180000000000004400 ) ) ;
#5993 = CARTESIAN_POINT ( 'NONE',  ( 0.2999999999999937700, 5.013767464732366900, 0.1833193398174324000 ) ) ;
#5994 = EDGE_LOOP ( 'NONE', ( #8508, #5324, #3542 ) ) ;
#5995 = CARTESIAN_POINT ( 'NONE',  ( 3.373149339882619600, -4.900000000000009200, 7.444625512977249100E-021 ) ) ;
#5996 = CIRCLE ( 'NONE', #1096, 1.099999999999994500 ) ;
#5997 = DIRECTION ( 'NONE',  ( 0.0000000000000000000, 0.0000000000000000000, 1.000000000000000000 ) ) ;
#5998 = EDGE_CURVE ( 'NONE', #5639, #4546, #1278, .T. ) ;
#5999 = CARTESIAN_POINT ( 'NONE',  ( 1.346956004230691400, 0.3817191672772749500, 0.9999999999999879000 ) ) ;
#6000 = CARTESIAN_POINT ( 'NONE',  ( 4.915250744231022900, -1.399999999999988100, 6.191650733161523500E-006 ) ) ;
#6001 = ORIENTED_EDGE ( 'NONE', *, *, #296, .F. ) ;
#6002 = B_SPLINE_CURVE_WITH_KNOTS ( 'NONE', 3,
 ( #1595, #8217, #8181, #4601 ),
 .UNSPECIFIED., .F., .F.,
 ( 4, 4 ),
 ( 0.0000000000000000000, 1.000000000000000000 ),
 .UNSPECIFIED. ) ;
#6003 = B_SPLINE_CURVE_WITH_KNOTS ( 'NONE', 3,
 ( #414, #2673, #1151, #4944 ),
 .UNSPECIFIED., .F., .F.,
 ( 4, 4 ),
 ( 0.0000000000000000000, 1.000000000000000000 ),
 .UNSPECIFIED. ) ;
#6004 = EDGE_LOOP ( 'NONE', ( #9597, #1224, #3106, #6001, #3832, #9500 ) ) ;
#6005 = AXIS2_PLACEMENT_3D ( 'NONE', #7603, #3831, #749 ) ;
#6006 = ORIENTED_EDGE ( 'NONE', *, *, #98, .T. ) ;
#6007 = VERTEX_POINT ( 'NONE', #7181 ) ;
#6008 = DIRECTION ( 'NONE',  ( 0.7071067811865204800, 0.7071067811865746600, -0.0000000000000000000 ) ) ;
#6009 = CARTESIAN_POINT ( 'NONE',  ( -1.599999999999995900, 4.915210145269370800, 0.1000049467274789600 ) ) ;
#6010 =( NAMED_UNIT ( * ) PLANE_ANGLE_UNIT ( ) SI_UNIT ( $, .RADIAN. ) );
#6011 = AXIS2_PLACEMENT_3D ( 'NONE', #1924, #6430, #8680 ) ;
#6012 = VERTEX_POINT ( 'NONE', #2709 ) ;
#6013 = DIRECTION ( 'NONE',  ( 0.0000000000000000000, -0.0000000000000000000, 1.000000000000000000 ) ) ;
#6014 = EDGE_LOOP ( 'NONE', ( #6508, #6659, #879, #7294, #2946 ) ) ;
#6015 = VECTOR ( 'NONE', #2484, 1000.000000000000100 ) ;
#6016 = ORIENTED_EDGE ( 'NONE', *, *, #336, .F. ) ;
#6017 = CARTESIAN_POINT ( 'NONE',  ( -4.900000000000009200, 1.399999999999962600, 4.059076573402270100E-005 ) ) ;
#6018 = EDGE_CURVE ( 'NONE', #6726, #3348, #2807, .T. ) ;
#6019 = ADVANCED_FACE ( 'NONE', ( #8973 ), #7031, .T. ) ;
#6020 = CARTESIAN_POINT ( 'NONE',  ( 1.503491819628731000, -3.063298431738671100, 0.9999999999999879000 ) ) ;
#6021 = ORIENTED_EDGE ( 'NONE', *, *, #1845, .T. ) ;
#6022 = ORIENTED_EDGE ( 'NONE', *, *, #6439, .T. ) ;
#6023 = CARTESIAN_POINT ( 'NONE',  ( -4.617157287525378400, 3.655992052357254000, 0.9745999999999879200 ) ) ;
#6024 = VECTOR ( 'NONE', #6946, 1000.000000000000000 ) ;
#6025 = CARTESIAN_POINT ( 'NONE',  ( 1.099999999999994500, -0.1439896632895312500, 1.555000000000003300 ) ) ;
#6026 = VERTEX_POINT ( 'NONE', #3496 ) ;
#6027 = CARTESIAN_POINT ( 'NONE',  ( -4.617157287525354400, 3.655992052357232200, 7.611480626350807500E-022 ) ) ;
#6028 = DIRECTION ( 'NONE',  ( -0.1668683535052110400, 0.0000000000000000000, 0.9859791846679421000 ) ) ;
#6029 = EDGE_CURVE ( 'NONE', #1533, #6148, #1778, .T. ) ;
#6030 = CARTESIAN_POINT ( 'NONE',  ( -0.2999999999999682400, -4.900000000000010100, 0.1000304492553447700 ) ) ;
#6031 = ORIENTED_EDGE ( 'NONE', *, *, #4057, .F. ) ;
#6032 = CARTESIAN_POINT ( 'NONE',  ( -5.101158667387508700, 1.399999999999962600, 0.7163249259817507900 ) ) ;
#6033 = VECTOR ( 'NONE', #7835, 1000.000000000000000 ) ;
#6034 = CARTESIAN_POINT ( 'NONE',  ( -0.2999999999999937700, 4.915250744231022900, 6.191650734937880400E-006 ) ) ;
#6035 = ORIENTED_EDGE ( 'NONE', *, *, #2257, .F. ) ;
#6036 = VERTEX_POINT ( 'NONE', #8326 ) ;
#6037 = SURFACE_STYLE_FILL_AREA ( #1368 ) ;
#6038 = CARTESIAN_POINT ( 'NONE',  ( 1.364004046427992300, 2.030101161891758800, 1.252226061296133100 ) ) ;
#6039 = PLANE ( 'NONE',  #1581 ) ;
#6040 = EDGE_LOOP ( 'NONE', ( #3113, #5134, #8941, #992 ) ) ;
#6041 = CARTESIAN_POINT ( 'NONE',  ( -2.199999999999963800, -4.899999995880148300, 2.142290222297525000E-005 ) ) ;
#6042 = DIRECTION ( 'NONE',  ( 0.7071067811865431300, 0.7071067811865520100, -8.342941000000002700E-017 ) ) ;
#6043 = FACE_OUTER_BOUND ( 'NONE', #1750, .T. ) ;
#6044 = ORIENTED_EDGE ( 'NONE', *, *, #5402, .T. ) ;
#6045 = DIRECTION ( 'NONE',  ( -1.000000000000000000, 0.0000000000000000000, 0.0000000000000000000 ) ) ;
#6046 = CARTESIAN_POINT ( 'NONE',  ( 0.3698988357748843600, 1.035995954430507700, 1.252226072352976600 ) ) ;
#6047 = CARTESIAN_POINT ( 'NONE',  ( -2.199999999999963300, -4.800000000000002500, 1.972523996270000100E-005 ) ) ;
#6048 = AXIS2_PLACEMENT_3D ( 'NONE', #6858, #2466, #3985 ) ;
#6049 = VECTOR ( 'NONE', #2732, 1000.000000000000000 ) ;
#6050 = ORIENTED_EDGE ( 'NONE', *, *, #2938, .T. ) ;
#6051 = CARTESIAN_POINT ( 'NONE',  ( 4.905083581410330900, 1.400000000000013500, 6.191650735794685500E-006 ) ) ;
#6052 = LINE ( 'NONE', #4870, #2039 ) ;
#6053 = DIRECTION ( 'NONE',  ( -0.0000000000000000000, -0.0000000000000000000, 1.000000000000000000 ) ) ;
#6054 = CARTESIAN_POINT ( 'NONE',  ( 4.905083581410330900, -0.8000000000000004900, 6.191650735794685500E-006 ) ) ;
#6055 = ORIENTED_EDGE ( 'NONE', *, *, #1556, .F. ) ;
#6056 = B_SPLINE_CURVE_WITH_KNOTS ( 'NONE', 3,
 ( #220, #7662, #2474, #289, #4692, #2510, #161, #1802 ),
 .UNSPECIFIED., .F., .F.,
 ( 4, 2, 2, 4 ),
 ( 0.2347512717676008300, 0.4260634538257004900, 0.6173756358838001800, 1.000000000000000000 ),
 .UNSPECIFIED. ) ;
#6057 = VECTOR ( 'NONE', #8044, 1000.000000000000000 ) ;
#6058 = ORIENTED_EDGE ( 'NONE', *, *, #9173, .F. ) ;
#6059 = CARTESIAN_POINT ( 'NONE',  ( 0.0000000000000000000, 0.0000000000000000000, 1.350000000000010300 ) ) ;
#6060 = AXIS2_PLACEMENT_3D ( 'NONE', #996, #4854, #266 ) ;
#6061 = CARTESIAN_POINT ( 'NONE',  ( 0.6760013919724029400, -0.8796335266379937700, 1.555000000000003700 ) ) ;
#6062 = LINE ( 'NONE', #4437, #5138 ) ;
#6063 = ORIENTED_EDGE ( 'NONE', *, *, #4080, .T. ) ;
#6064 = ORIENTED_EDGE ( 'NONE', *, *, #2691, .T. ) ;
#6065 = EDGE_CURVE ( 'NONE', #7119, #1770, #5058, .T. ) ;
#6066 = ORIENTED_EDGE ( 'NONE', *, *, #8399, .T. ) ;
#6067 = DIRECTION ( 'NONE',  ( 0.0000000000000000000, 0.0000000000000000000, 1.000000000000000000 ) ) ;
#6068 =( NAMED_UNIT ( * ) SI_UNIT ( $, .STERADIAN. ) SOLID_ANGLE_UNIT ( ) );
#6069 = CARTESIAN_POINT ( 'NONE',  ( -1.367671172371680600, -2.020135298234354300, 1.205000000000208100 ) ) ;
#6070 = DIRECTION ( 'NONE',  ( 1.000000000000000000, -0.0000000000000000000, 0.0000000000000000000 ) ) ;
#6071 = AXIS2_PLACEMENT_3D ( 'NONE', #880, #3191, #8389 ) ;
#6072 = VECTOR ( 'NONE', #2609, 1000.000000000000000 ) ;
#6073 = CARTESIAN_POINT ( 'NONE',  ( 1.359935025237748900, -2.041177417036975000, 1.256738259174695200 ) ) ;
#6074 = CARTESIAN_POINT ( 'NONE',  ( 0.4482076006492585800, 1.004868418305925500, 1.113696359771028100 ) ) ;
#6075 = LINE ( 'NONE', #9071, #4087 ) ;
#6076 = EDGE_LOOP ( 'NONE', ( #2268, #7347, #2889, #2820, #3588, #7192, #7448, #7300, #4066, #5140, #2426, #5690, #8676, #8975, #3476, #4535, #6766, #1376, #9043, #5354, #1211, #9329, #3792, #1767 ) ) ;
#6077 =( NAMED_UNIT ( * ) SI_UNIT ( $, .STERADIAN. ) SOLID_ANGLE_UNIT ( ) );
#6078 = ADVANCED_FACE ( 'NONE', ( #3049 ), #3286, .T. ) ;
#6079 = PLANE ( 'NONE',  #6071 ) ;
#6080 = CARTESIAN_POINT ( 'NONE',  ( -0.3798647017656285300, -1.032328827628331100, 1.205000000000210600 ) ) ;
#6081 = EDGE_CURVE ( 'NONE', #8987, #7511, #2554, .T. ) ;
#6082 = CARTESIAN_POINT ( 'NONE',  ( 2.199999999999988600, 4.915169546265580900, 0.2000061751679519900 ) ) ;
#6083 = CARTESIAN_POINT ( 'NONE',  ( -5.010958810312806700, 1.399999999999962600, 0.1833587902973576300 ) ) ;
#6084 = CARTESIAN_POINT ( 'NONE',  ( 2.200000000000039300, -4.959200009505009300, 6.462537199154204700E-005 ) ) ;
#6085 = ORIENTED_EDGE ( 'NONE', *, *, #2903, .F. ) ;
#6086 = EDGE_CURVE ( 'NONE', #483, #7570, #8048, .T. ) ;
#6087 = CARTESIAN_POINT ( 'NONE',  ( 0.3844996949045076400, 1.346164917318196700, 0.9745999999999879200 ) ) ;
#6088 = ADVANCED_FACE ( 'NONE', ( #6785 ), #4811, .T. ) ;
#6089 = SURFACE_SIDE_STYLE ('',( #5651 ) ) ;
#6090 = FACE_OUTER_BOUND ( 'NONE', #4524, .T. ) ;
#6091 = DIRECTION ( 'NONE',  ( -0.7071067811865520100, 0.7071067811865431300, -0.0000000000000000000 ) ) ;
#6092 = EDGE_CURVE ( 'NONE', #6990, #117, #3309, .T. ) ;
#6093 = DIRECTION ( 'NONE',  ( 0.7071067811865431300, -0.7071067811865520100, 0.0000000000000000000 ) ) ;
#6094 = CIRCLE ( 'NONE', #8433, 1.099999999999994300 ) ;
#6095 = EDGE_CURVE ( 'NONE', #4956, #3096, #2086, .T. ) ;
#6096 = CARTESIAN_POINT ( 'NONE',  ( 0.2999999999999937700, 4.915250744231022900, 6.191650734937880400E-006 ) ) ;
#6097 = CARTESIAN_POINT ( 'NONE',  ( 1.519190145212714300, -3.085492000025650100, 1.305000000000012800 ) ) ;
#6098 = CARTESIAN_POINT ( 'NONE',  ( -2.110900996713744900, 3.480860551851087800, 1.305000000000012600 ) ) ;
#6099 = CARTESIAN_POINT ( 'NONE',  ( -1.600000000000001000, 5.112365383199177800, 0.1666325044669128000 ) ) ;
#6100 = PLANE ( 'NONE',  #8930 ) ;
#6101 = EDGE_CURVE ( 'NONE', #5479, #4486, #4068, .T. ) ;
#6102 = VECTOR ( 'NONE', #3508, 1000.000000000000000 ) ;
#6103 = ORIENTED_EDGE ( 'NONE', *, *, #2212, .F. ) ;
#6104 = DIRECTION ( 'NONE',  ( 0.0000000000000000000, -0.0000000000000000000, 1.000000000000000000 ) ) ;
#6105 = DIRECTION ( 'NONE',  ( 0.7071067811865431300, 0.7071067811865520100, 0.0000000000000000000 ) ) ;
#6106 = DIRECTION ( 'NONE',  ( 0.0000000000000000000, -1.000000000000000000, 0.0000000000000000000 ) ) ;
#6107 = DIRECTION ( 'NONE',  ( 0.7071067811865384700, 0.7071067811865565700, 0.0000000000000000000 ) ) ;
#6108 = ORIENTED_EDGE ( 'NONE', *, *, #2916, .F. ) ;
#6109 = LINE ( 'NONE', #7877, #6452 ) ;
#6110 = DIRECTION ( 'NONE',  ( 0.0000000000000000000, 0.0000000000000000000, -1.000000000000000000 ) ) ;
#6111 = DIRECTION ( 'NONE',  ( 0.7071067811865480200, -0.7071067811865470200, -2.030905000000000100E-034 ) ) ;
#6112 = FILL_AREA_STYLE_COLOUR ( '', #834 ) ;
#6113 = AXIS2_PLACEMENT_3D ( 'NONE', #8756, #8109, #5082 ) ;
#6114 = B_SPLINE_CURVE_WITH_KNOTS ( 'NONE', 3,
 ( #1141, #2661, #3411, #4934 ),
 .UNSPECIFIED., .F., .F.,
 ( 4, 4 ),
 ( 0.0000000000000000000, 1.000000000000000000 ),
 .UNSPECIFIED. ) ;
#6115 = ADVANCED_FACE ( 'NONE', ( #3295 ), #1730, .T. ) ;
#6116 = EDGE_LOOP ( 'NONE', ( #1919, #305, #1835, #3679 ) ) ;
#6117 = CARTESIAN_POINT ( 'NONE',  ( 1.367671172371683200, -2.020135298234352100, 1.205000000000208800 ) ) ;
#6118 = LINE ( 'NONE', #4783, #1295 ) ;
#6119 = DIRECTION ( 'NONE',  ( -0.7071067811865453500, -0.7071067811865497900, 0.0000000000000000000 ) ) ;
#6120 = ORIENTED_EDGE ( 'NONE', *, *, #5256, .T. ) ;
#6121 = ORIENTED_EDGE ( 'NONE', *, *, #8726, .T. ) ;
#6122 = AXIS2_PLACEMENT_3D ( 'NONE', #8770, #4339, #9518 ) ;
#6123 = DIRECTION ( 'NONE',  ( 1.000000000000000000, 0.0000000000000000000, 0.0000000000000000000 ) ) ;
#6124 = CARTESIAN_POINT ( 'NONE',  ( -4.904147357777345600, -1.400000000000013500, 4.227455181458871500E-005 ) ) ;
#6125 = ORIENTED_EDGE ( 'NONE', *, *, #3517, .F. ) ;
#6126 = CARTESIAN_POINT ( 'NONE',  ( 1.369948630273074300, 2.013946027595621100, 1.175670391989087200 ) ) ;
#6127 = ORIENTED_EDGE ( 'NONE', *, *, #6081, .T. ) ;
#6128 = CARTESIAN_POINT ( 'NONE',  ( 0.3817191672772465300, -1.346956004230699800, 0.9999999999999879000 ) ) ;
#6129 = VECTOR ( 'NONE', #7798, 999.9999999999998900 ) ;
#6130 = EDGE_LOOP ( 'NONE', ( #2616, #873, #7842, #7729 ) ) ;
#6131 = ADVANCED_FACE ( 'NONE', ( #8742 ), #8297, .T. ) ;
#6132 = EDGE_CURVE ( 'NONE', #8293, #2175, #1094, .T. ) ;
#6133 = CARTESIAN_POINT ( 'NONE',  ( -3.491048137816561900, -2.540049851720743900, 0.9745999999999879200 ) ) ;
#6134 = CARTESIAN_POINT ( 'NONE',  ( 0.4011493371043531300, 1.024563224368879400, 1.151536483913543100 ) ) ;
#6135 = ORIENTED_EDGE ( 'NONE', *, *, #6384, .F. ) ;
#6136 = ORIENTED_EDGE ( 'NONE', *, *, #1057, .F. ) ;
#6137 = VERTEX_POINT ( 'NONE', #3195 ) ;
#6138 = CARTESIAN_POINT ( 'NONE',  ( 1.883217427953445700, -1.428951199357646300, 1.104999999999999500 ) ) ;
#6139 = FACE_OUTER_BOUND ( 'NONE', #461, .T. ) ;
#6140 = EDGE_LOOP ( 'NONE', ( #8253, #6378, #6755, #8604, #1478, #6066 ) ) ;
#6141 = FILL_AREA_STYLE ('',( #9093 ) ) ;
#6142 = EDGE_CURVE ( 'NONE', #1412, #7098, #3876, .T. ) ;
#6143 = CARTESIAN_POINT ( 'NONE',  ( 3.100000000000020500, -4.900000000000009200, 0.1000405990071242100 ) ) ;
#6144 = VECTOR ( 'NONE', #9685, 1000.000000000000000 ) ;
#6145 = ORIENTED_EDGE ( 'NONE', *, *, #2416, .F. ) ;
#6146 = VERTEX_POINT ( 'NONE', #7655 ) ;
#6147 = PLANE ( 'NONE',  #2614 ) ;
#6148 = VERTEX_POINT ( 'NONE', #7712 ) ;
#6149 = VERTEX_POINT ( 'NONE', #242 ) ;
#6150 = B_SPLINE_CURVE_WITH_KNOTS ( 'NONE', 3,
 ( #6702, #5284, #1462, #797 ),
 .UNSPECIFIED., .F., .F.,
 ( 4, 4 ),
 ( 0.0000000000000000000, 1.000000000000000000 ),
 .UNSPECIFIED. ) ;
#6151 = EDGE_CURVE ( 'NONE', #8098, #2752, #4819, .T. ) ;
#6152 = LINE ( 'NONE', #1272, #6855 ) ;
#6153 = ORIENTED_EDGE ( 'NONE', *, *, #4138, .T. ) ;
#6154 = DIRECTION ( 'NONE',  ( -0.0000000000000000000, -0.0000000000000000000, 1.000000000000000000 ) ) ;
#6155 = CARTESIAN_POINT ( 'NONE',  ( -4.908294723794403700, -1.400000000000013500, 4.395834124040014900E-005 ) ) ;
#6156 = EDGE_CURVE ( 'NONE', #5697, #6450, #2155, .T. ) ;
#6158 = CYLINDRICAL_SURFACE ( 'NONE', #9712, 1.099999999999994500 ) ;
#6157 = PLANE ( 'NONE',  #635 ) ;
#6159 = AXIS2_PLACEMENT_3D ( 'NONE', #9228, #3338, #4062 ) ;
#6160 = ORIENTED_EDGE ( 'NONE', *, *, #3970, .T. ) ;
#6161 = DIRECTION ( 'NONE',  ( 0.0000000000000000000, 1.000000000000000000, 0.0000000000000000000 ) ) ;
#6162 = FACE_OUTER_BOUND ( 'NONE', #8334, .T. ) ;
#6163 = VECTOR ( 'NONE', #3761, 999.9999999999998900 ) ;
#6164 = ORIENTED_EDGE ( 'NONE', *, *, #4259, .T. ) ;
#6165 = CARTESIAN_POINT ( 'NONE',  ( -5.199756585854319500, -0.8000000000000258000, 0.6996380906312310600 ) ) ;
#6166 = ADVANCED_FACE ( 'NONE', ( #93 ), #9186, .T. ) ;
#6167 = VECTOR ( 'NONE', #7502, 1000.000000000000000 ) ;
#6168 = VERTEX_POINT ( 'NONE', #6351 ) ;
#6169 =( LENGTH_UNIT ( ) NAMED_UNIT ( * ) SI_UNIT ( .MILLI., .METRE. ) );
#6170 =( NAMED_UNIT ( * ) SI_UNIT ( $, .STERADIAN. ) SOLID_ANGLE_UNIT ( ) );
#6171 = LINE ( 'NONE', #1500, #2408 ) ;
#6172 = LINE ( 'NONE', #7352, #7899 ) ;
#6173 = ORIENTED_EDGE ( 'NONE', *, *, #2035, .F. ) ;
#6174 = CARTESIAN_POINT ( 'NONE',  ( -0.4134714614404903000, 1.375136683854201400, 1.180000000000004400 ) ) ;
#6175 = ORIENTED_EDGE ( 'NONE', *, *, #7886, .T. ) ;
#6176 = CARTESIAN_POINT ( 'NONE',  ( -0.2999999999999683500, -4.897191345580448100, 1.972523996270000100E-005 ) ) ;
#6177 = VERTEX_POINT ( 'NONE', #1010 ) ;
#6178 = CARTESIAN_POINT ( 'NONE',  ( -4.897191345580448100, -0.8000000000000258000, 3.945047992540000200E-005 ) ) ;
#6179 = FACE_OUTER_BOUND ( 'NONE', #7321, .T. ) ;
#6180 = ORIENTED_EDGE ( 'NONE', *, *, #2561, .F. ) ;
#6181 = ADVANCED_FACE ( 'NONE', ( #5050 ), #4046, .T. ) ;
#6182 = CARTESIAN_POINT ( 'NONE',  ( -4.904147357777345600, -0.8000000000000258000, 4.227455181458871500E-005 ) ) ;
#6183 = ADVANCED_BREP_SHAPE_REPRESENTATION ( '', ( #897, #6530, #5711, #3799, #9134, #1196, #4103, #8549, #9568, #1309, #3261, #6853, #6429, #8031 ), #4056 ) ;
#6184 = LINE ( 'NONE', #6207, #2900 ) ;
#6185 = ORIENTED_EDGE ( 'NONE', *, *, #7091, .T. ) ;
#6186 = ORIENTED_EDGE ( 'NONE', *, *, #7822, .F. ) ;
#6187 = ORIENTED_EDGE ( 'NONE', *, *, #2038, .F. ) ;
#6188 = CARTESIAN_POINT ( 'NONE',  ( -3.383840661997693300, -1.846430476844336300, 0.9000000000000070200 ) ) ;
#6189 = SURFACE_SIDE_STYLE ('',( #3883 ) ) ;
#6190 = LINE ( 'NONE', #782, #5261 ) ;
#6191 = STYLED_ITEM ( 'NONE', ( #7421 ), #9134 ) ;
#6192 = DIRECTION ( 'NONE',  ( -0.1668683535052100400, 0.0000000000000000000, 0.9859791846679423200 ) ) ;
#6193 = EDGE_CURVE ( 'NONE', #6566, #915, #7363, .T. ) ;
#6194 = LINE ( 'NONE', #343, #1255 ) ;
#6195 = PLANE ( 'NONE',  #9663 ) ;
#6196 = B_SPLINE_CURVE_WITH_KNOTS ( 'NONE', 3,
 ( #7409, #3703, #8761, #9645, #2840, #3667 ),
 .UNSPECIFIED., .F., .F.,
 ( 4, 2, 4 ),
 ( 0.0000000000000000000, 0.5000000000000000000, 1.000000000000000000 ),
 .UNSPECIFIED. ) ;
#6197 = DIRECTION ( 'NONE',  ( 0.7071067811865436900, 0.7071067811865513500, 0.0000000000000000000 ) ) ;
#6198 = AXIS2_PLACEMENT_3D ( 'NONE', #3205, #2450, #7753 ) ;
#6199 = VECTOR ( 'NONE', #1262, 1000.000000000000000 ) ;
#6200 = DIRECTION ( 'NONE',  ( 1.285685350086792000E-016, -1.000000000000000000, 0.0000000000000000000 ) ) ;
#6201 = EDGE_CURVE ( 'NONE', #3009, #1772, #7819, .T. ) ;
#6202 = LINE ( 'NONE', #5232, #8925 ) ;
#6203 = CARTESIAN_POINT ( 'NONE',  ( -0.1985498567471337400, 1.082237404541980000, 1.287953756762592700 ) ) ;
#6204 = EDGE_CURVE ( 'NONE', #6177, #8402, #7422, .T. ) ;
#6205 = CARTESIAN_POINT ( 'NONE',  ( 1.333203322919201100, 2.131716351070289700, 1.304443789295130400 ) ) ;
#6206 = CARTESIAN_POINT ( 'NONE',  ( -3.598400220000000200E-032, -2.158191010000000100E-032, 0.9999999999999879000 ) ) ;
#6207 = CARTESIAN_POINT ( 'NONE',  ( 3.797413408594509500, 4.475735931288077100, 0.9745999999999879200 ) ) ;
#6208 = DIRECTION ( 'NONE',  ( -0.1668683535052022100, 0.0000000000000000000, -0.9859791846679435400 ) ) ;
#6209 = EDGE_CURVE ( 'NONE', #6465, #4192, #5617, .T. ) ;
#6210 = CARTESIAN_POINT ( 'NONE',  ( 2.199999999999988600, 4.899999999998670800, 0.1000000032965566200 ) ) ;
#6211 = DIRECTION ( 'NONE',  ( -0.7071067811865229300, -0.7071067811865722200, 0.0000000000000000000 ) ) ;
#6212 = ADVANCED_FACE ( 'NONE', ( #793 ), #4869, .T. ) ;
#6213 = CARTESIAN_POINT ( 'NONE',  ( 1.934751606811112800, 1.402912531945850000, 1.113804817691931100 ) ) ;
#6214 = EDGE_CURVE ( 'NONE', #6818, #4410, #804, .T. ) ;
#6215 = CARTESIAN_POINT ( 'NONE',  ( 1.092224465912157400, 0.1305592434984409200, 1.180000000000004400 ) ) ;
#6216 = CARTESIAN_POINT ( 'NONE',  ( 2.398823671904402000, 2.409490608222226700, 0.9000000000000069100 ) ) ;
#6217 = EDGE_CURVE ( 'NONE', #582, #4425, #8955, .T. ) ;
#6218 = ORIENTED_EDGE ( 'NONE', *, *, #2620, .F. ) ;
#6219 = CARTESIAN_POINT ( 'NONE',  ( 1.600000000000026100, -5.199756585854312400, 0.6996380906312322800 ) ) ;
#6220 = LINE ( 'NONE', #8469, #2940 ) ;
#6221 = PLANE ( 'NONE',  #8720 ) ;
#6222 = ADVANCED_FACE ( 'NONE', ( #1846 ), #6981, .T. ) ;
#6223 = EDGE_LOOP ( 'NONE', ( #9246, #1355, #9209, #7071, #852, #7735, #276, #731 ) ) ;
#6224 = EDGE_LOOP ( 'NONE', ( #8990, #592, #1235, #8711 ) ) ;
#6225 = CYLINDRICAL_SURFACE ( 'NONE', #1435, 0.1250000000000080200 ) ;
#6226 = DIRECTION ( 'NONE',  ( 0.0000000000000000000, 0.0000000000000000000, -1.000000000000000000 ) ) ;
#6227 = CARTESIAN_POINT ( 'NONE',  ( -4.899063776367008000, 0.7999999999999749500, 4.021066823431818400E-005 ) ) ;
#6228 = CARTESIAN_POINT ( 'NONE',  ( 1.600000000000026300, -4.832397115193484400, 3.945047992540000200E-005 ) ) ;
#6229 = CARTESIAN_POINT ( 'NONE',  ( -0.2999999999999684000, -4.897191345580448100, 3.945047992540000200E-005 ) ) ;
#6230 = DIRECTION ( 'NONE',  ( -0.7071067811865480200, 0.7071067811865470200, -0.0000000000000000000 ) ) ;
#6231 = CARTESIAN_POINT ( 'NONE',  ( 0.2285542411248503700, -1.076573581986768100, 1.300656290811175400 ) ) ;
#6232 = ORIENTED_EDGE ( 'NONE', *, *, #2228, .T. ) ;
#6233 = DIRECTION ( 'NONE',  ( -0.0000000000000000000, 0.0004059900380430000700, 0.9999999175860412300 ) ) ;
#6234 = VERTEX_POINT ( 'NONE', #4909 ) ;
#6235 = CIRCLE ( 'NONE', #4195, 1.099999999999994300 ) ;
#6236 = CARTESIAN_POINT ( 'NONE',  ( 0.0000000000000000000, 0.0000000000000000000, 0.9745999999999879200 ) ) ;
#6237 = VERTEX_POINT ( 'NONE', #3478 ) ;
#6238 = ORIENTED_EDGE ( 'NONE', *, *, #6581, .T. ) ;
#6239 = DIRECTION ( 'NONE',  ( -0.7071067811865885400, -0.7071067811865063800, 0.0000000000000000000 ) ) ;
#6240 = AXIS2_PLACEMENT_3D ( 'NONE', #3490, #3584, #3617 ) ;
#6241 = EDGE_CURVE ( 'NONE', #8910, #5319, #2585, .T. ) ;
#6242 = CARTESIAN_POINT ( 'NONE',  ( 1.481823279040218200, -1.762411793824842300, 1.305000000000012600 ) ) ;
#6243 = ORIENTED_EDGE ( 'NONE', *, *, #678, .T. ) ;
#6244 = DIRECTION ( 'NONE',  ( -0.0000000000000000000, 0.0000000000000000000, -1.000000000000000000 ) ) ;
#6245 = ORIENTED_EDGE ( 'NONE', *, *, #1845, .F. ) ;
#6246 = AXIS2_PLACEMENT_3D ( 'NONE', #8257, #41, #3842 ) ;
#6247 = CARTESIAN_POINT ( 'NONE',  ( 1.065625114319800100, -0.2728426599740672600, 1.304875309525264100 ) ) ;
#6248 = ORIENTED_EDGE ( 'NONE', *, *, #2573, .F. ) ;
#6249 = CARTESIAN_POINT ( 'NONE',  ( 4.475735931288051400, 3.797413408594536100, 0.9745999999999879200 ) ) ;
#6250 = B_SPLINE_CURVE_WITH_KNOTS ( 'NONE', 3,
 ( #5030, #4992, #7194, #1909, #8636, #7898, #458, #3407 ),
 .UNSPECIFIED., .F., .F.,
 ( 4, 2, 2, 4 ),
 ( 0.0000000000000000000, 0.2499999999999998300, 0.4999999999999996700, 1.000000000000000000 ),
 .UNSPECIFIED. ) ;
#6251 =( LENGTH_UNIT ( ) NAMED_UNIT ( * ) SI_UNIT ( .MILLI., .METRE. ) );
#6252 = CARTESIAN_POINT ( 'NONE',  ( -1.346356943942177900, 2.083258609915713300, 1.291123888014190000 ) ) ;
#6253 = ORIENTED_EDGE ( 'NONE', *, *, #3970, .F. ) ;
#6254 = ORIENTED_EDGE ( 'NONE', *, *, #927, .T. ) ;
#6255 = EDGE_CURVE ( 'NONE', #9108, #5600, #2856, .T. ) ;
#6256 = CARTESIAN_POINT ( 'NONE',  ( -3.663063120169086000, 4.624228355337261400, 2.888894916580853800E-031 ) ) ;
#6257 = EDGE_LOOP ( 'NONE', ( #5287, #7493, #3956, #9443 ) ) ;
#6258 = ADVANCED_FACE ( 'NONE', ( #5443 ), #5792, .F. ) ;
#6259 = EDGE_LOOP ( 'NONE', ( #2184, #1751, #640, #588 ) ) ;
#6260 = VECTOR ( 'NONE', #9626, 1000.000000000000100 ) ;
#6261 = EDGE_CURVE ( 'NONE', #2570, #1178, #9611, .T. ) ;
#6262 = ORIENTED_EDGE ( 'NONE', *, *, #4925, .T. ) ;
#6263 = ORIENTED_EDGE ( 'NONE', *, *, #795, .T. ) ;
#6264 = EDGE_CURVE ( 'NONE', #5670, #693, #2631, .T. ) ;
#6265 = DIRECTION ( 'NONE',  ( 0.0000000000000000000, 0.9999999175860412300, -0.0004059900380430000700 ) ) ;
#6266 = DIRECTION ( 'NONE',  ( 0.0000000000000000000, 0.0000000000000000000, 1.000000000000000000 ) ) ;
#6267 = DIRECTION ( 'NONE',  ( 0.0000000000000000000, -0.9859791846679425400, 0.1668683535052089300 ) ) ;
#6268 = PRESENTATION_STYLE_ASSIGNMENT (( #4403 ) ) ;
#6269 = ORIENTED_EDGE ( 'NONE', *, *, #4940, .T. ) ;
#6270 = CARTESIAN_POINT ( 'NONE',  ( 3.205852581356791300, -1.643645522562412700, 1.305000000000012800 ) ) ;
#6271 = CARTESIAN_POINT ( 'NONE',  ( -0.2999999999999684600, -4.899999995880147500, 2.142290222297524000E-005 ) ) ;
#6272 = FACE_OUTER_BOUND ( 'NONE', #7858, .T. ) ;
#6273 = ADVANCED_FACE ( 'NONE', ( #3343 ), #7536, .F. ) ;
#6274 = CARTESIAN_POINT ( 'NONE',  ( -4.908294723794403700, -0.8000000000000258000, 4.395834124040014900E-005 ) ) ;
#6275 = EDGE_LOOP ( 'NONE', ( #157, #9608, #1296, #6145 ) ) ;
#6276 = EDGE_CURVE ( 'NONE', #3096, #2659, #4873, .T. ) ;
#6277 = DIRECTION ( 'NONE',  ( -1.000000000000000000, -0.0000000000000000000, -0.0000000000000000000 ) ) ;
#6278 = LINE ( 'NONE', #1338, #4060 ) ;
#6279 = ORIENTED_EDGE ( 'NONE', *, *, #3947, .F. ) ;
#6280 = CARTESIAN_POINT ( 'NONE',  ( -0.9973417645216108300, -0.4646694083702601100, 1.114228752109791800 ) ) ;
#6281 = VECTOR ( 'NONE', #7256, 1000.000000000000000 ) ;
#6282 = CARTESIAN_POINT ( 'NONE',  ( 0.1305592434984409700, -1.092224465912159400, 1.350000000000010300 ) ) ;
#6283 = PRESENTATION_STYLE_ASSIGNMENT (( #3168 ) ) ;
#6284 = ORIENTED_EDGE ( 'NONE', *, *, #7049, .F. ) ;
#6285 = CARTESIAN_POINT ( 'NONE',  ( 1.346956004230692100, -0.3817191672772730100, 0.9999999999999879000 ) ) ;
#6286 = EDGE_CURVE ( 'NONE', #6237, #9281, #2141, .T. ) ;
#6287 =( NAMED_UNIT ( * ) PLANE_ANGLE_UNIT ( ) SI_UNIT ( $, .RADIAN. ) );
#6288 = AXIS2_PLACEMENT_3D ( 'NONE', #2209, #8881, #1321 ) ;
#6289 = VERTEX_POINT ( 'NONE', #2721 ) ;
#6290 = CARTESIAN_POINT ( 'NONE',  ( 2.154896903129039000, -1.336928801028386000, 1.302903149831621900 ) ) ;
#6291 = CARTESIAN_POINT ( 'NONE',  ( -1.600000000000001000, 5.103967321807094700, 0.7162854755018250900 ) ) ;
#6292 = FACE_OUTER_BOUND ( 'NONE', #5940, .T. ) ;
#6293 = ORIENTED_EDGE ( 'NONE', *, *, #1232, .F. ) ;
#6294 = ORIENTED_EDGE ( 'NONE', *, *, #6156, .T. ) ;
#6295 = ORIENTED_EDGE ( 'NONE', *, *, #876, .F. ) ;
#6296 = DIRECTION ( 'NONE',  ( -0.7071067811865334700, -0.7071067811865616700, 0.0000000000000000000 ) ) ;
#6297 = CARTESIAN_POINT ( 'NONE',  ( -2.199999999999963300, -4.899063776367008000, 4.021066823431818400E-005 ) ) ;
#6298 = CARTESIAN_POINT ( 'NONE',  ( -4.475735931288060200, -3.797413408594544600, 0.9745999999999879200 ) ) ;
#6300 = LINE ( 'NONE', #4454, #1717 ) ;
#6299 = PLANE ( 'NONE',  #2151 ) ;
#6301 = CARTESIAN_POINT ( 'NONE',  ( -1.331867151833266500, 2.137146006776677400, 1.304165684015486000 ) ) ;
#6302 = AXIS2_PLACEMENT_3D ( 'NONE', #2236, #8204, #95 ) ;
#6303 = ORIENTED_EDGE ( 'NONE', *, *, #105, .F. ) ;
#6304 = ORIENTED_EDGE ( 'NONE', *, *, #3897, .F. ) ;
#6305 = CARTESIAN_POINT ( 'NONE',  ( 3.498823673268333300, -2.242714252222573800, 1.305000000000012800 ) ) ;
#6306 = CARTESIAN_POINT ( 'NONE',  ( -1.312496941896708100, 2.236163882344833100, 1.257566357765717200 ) ) ;
#6307 = PLANE ( 'NONE',  #5018 ) ;
#6308 = AXIS2_PLACEMENT_3D ( 'NONE', #8674, #7873, #4969 ) ;
#6309 = LINE ( 'NONE', #9011, #3035 ) ;
#6310 = VERTEX_POINT ( 'NONE', #1172 ) ;
#6311 = ADVANCED_FACE ( 'NONE', ( #1796 ), #9250, .T. ) ;
#6312 = CARTESIAN_POINT ( 'NONE',  ( 4.617157287525374800, 3.655992052357245600, 0.9999999999999879000 ) ) ;
#6313 = DIRECTION ( 'NONE',  ( 0.7071067811865431300, -0.7071067811865520100, 0.0000000000000000000 ) ) ;
#6314 = EDGE_CURVE ( 'NONE', #3009, #2298, #2519, .T. ) ;
#6315 = VECTOR ( 'NONE', #7666, 1000.000000000000100 ) ;
#6316 = CARTESIAN_POINT ( 'NONE',  ( -3.804484476406383200, -4.482806999099951300, 0.9999999999999879000 ) ) ;
#6317 = B_SPLINE_CURVE_WITH_KNOTS ( 'NONE', 3,
 ( #3583, #8771, #1333, #9452, #5101, #4341 ),
 .UNSPECIFIED., .F., .F.,
 ( 4, 2, 4 ),
 ( 0.0000000000000000000, 0.5000000000000000000, 1.000000000000000000 ),
 .UNSPECIFIED. ) ;
#6318 = LINE ( 'NONE', #7267, #4453 ) ;
#6319 = AXIS2_PLACEMENT_3D ( 'NONE', #5120, #8823, #9541 ) ;
#6320 = ADVANCED_FACE ( 'NONE', ( #8222 ), #1915, .T. ) ;
#6321 = DIRECTION ( 'NONE',  ( 0.0000000000000000000, 0.0000000000000000000, 1.000000000000000000 ) ) ;
#6322 = CYLINDRICAL_SURFACE ( 'NONE', #9697, 1.099999999999994300 ) ;
#6323 = AXIS2_PLACEMENT_3D ( 'NONE', #1958, #7207, #4184 ) ;
#6324 = CARTESIAN_POINT ( 'NONE',  ( -4.897191345580448100, -0.8000000000000256900, 1.972523996270000100E-005 ) ) ;
#6325 = CARTESIAN_POINT ( 'NONE',  ( -0.9854635390220277700, 0.4896968784254783800, 1.104999999999999500 ) ) ;
#6326 = DIRECTION ( 'NONE',  ( -0.0000000000000000000, -0.0000000000000000000, -1.000000000000000000 ) ) ;
#6327 = DIRECTION ( 'NONE',  ( 0.1668683535052396500, 0.0000000000000000000, -0.9859791846679372100 ) ) ;
#6328 = CARTESIAN_POINT ( 'NONE',  ( 5.202565240273883300, 0.8000000000000004900, 0.6995986401512798200 ) ) ;
#6329 = CARTESIAN_POINT ( 'NONE',  ( 0.2879226727952066100, 1.071369944335141200, 1.555000000000003300 ) ) ;
#6330 = LINE ( 'NONE', #1681, #4348 ) ;
#6331 = CARTESIAN_POINT ( 'NONE',  ( -1.346164917318200000, -0.3844996949044996400, 1.350000000000010300 ) ) ;
#6332 = EDGE_CURVE ( 'NONE', #5479, #129, #8093, .T. ) ;
#6333 = CARTESIAN_POINT ( 'NONE',  ( -1.315833892903334600, -2.216724224751069000, 1.274441223443767600 ) ) ;
#6334 = DIRECTION ( 'NONE',  ( 0.0000000000000000000, 0.0000000000000000000, 1.000000000000000000 ) ) ;
#6335 = DIRECTION ( 'NONE',  ( 0.1668683535052396500, 0.0000000000000000000, -0.9859791846679372100 ) ) ;
#6336 = ORIENTED_EDGE ( 'NONE', *, *, #6241, .F. ) ;
#6337 = DIRECTION ( 'NONE',  ( -0.9999999175860412300, 0.0000000000000000000, -0.0004059900380440000900 ) ) ;
#6338 = EDGE_CURVE ( 'NONE', #4994, #4390, #2398, .T. ) ;
#6339 = LINE ( 'NONE', #4302, #4355 ) ;
#6340 = CARTESIAN_POINT ( 'NONE',  ( 4.617157287525367700, 3.655992052357244700, 0.9745999999999879200 ) ) ;
#6341 = CARTESIAN_POINT ( 'NONE',  ( 0.3835733962118504400, -1.346430526989691900, 1.008243543998917700 ) ) ;
#6342 = ORIENTED_EDGE ( 'NONE', *, *, #3386, .F. ) ;
#6343 = VECTOR ( 'NONE', #6713, 1000.000000000000000 ) ;
#6344 = ORIENTED_EDGE ( 'NONE', *, *, #1799, .F. ) ;
#6345 = EDGE_LOOP ( 'NONE', ( #8097, #4320, #415, #6974, #4216, #4385, #5054, #7293 ) ) ;
#6346 = CARTESIAN_POINT ( 'NONE',  ( 4.482806999099937100, 3.804484476406421000, 0.2000000000000128100 ) ) ;
#6347 = ORIENTED_EDGE ( 'NONE', *, *, #2687, .T. ) ;
#6348 = CARTESIAN_POINT ( 'NONE',  ( 0.8749168862078131600, 0.2635250315025023900, 1.024999999999989500 ) ) ;
#6349 = ORIENTED_EDGE ( 'NONE', *, *, #9463, .T. ) ;
#6350 = CARTESIAN_POINT ( 'NONE',  ( 2.199999999999988600, 5.112365383199167100, 0.1666325044669145200 ) ) ;
#6351 = CARTESIAN_POINT ( 'NONE',  ( 4.899999999999984400, 3.373149339882620000, 0.9999999999999879000 ) ) ;
#6352 = CARTESIAN_POINT ( 'NONE',  ( -4.617157287525374800, -3.655992052357250900, 0.9999999999999879000 ) ) ;
#6353 = VECTOR ( 'NONE', #2310, 999.9999999999998900 ) ;
#6354 = ORIENTED_EDGE ( 'NONE', *, *, #444, .T. ) ;
#6355 = STYLED_ITEM ( 'NONE', ( #1345 ), #1196 ) ;
#6356 = CARTESIAN_POINT ( 'NONE',  ( 1.600000000000026300, -4.897191345580448100, 1.972523996270000100E-005 ) ) ;
#6357 = ORIENTED_EDGE ( 'NONE', *, *, #274, .F. ) ;
#6358 = DIRECTION ( 'NONE',  ( 0.0000000000000000000, -0.1668683535052021800, 0.9859791846679436500 ) ) ;
#6359 = EDGE_LOOP ( 'NONE', ( #4349, #3218, #2874, #9007, #1931, #637 ) ) ;
#6360 = VERTEX_POINT ( 'NONE', #7233 ) ;
#6361 = CARTESIAN_POINT ( 'NONE',  ( -4.959200009505009300, 0.7999999999999748400, 6.462537196617171600E-005 ) ) ;
#6362 = ADVANCED_FACE ( 'NONE', ( #3449 ), #5666, .T. ) ;
#6363 = AXIS2_PLACEMENT_3D ( 'NONE', #3854, #6778, #1568 ) ;
#6364 = VECTOR ( 'NONE', #6296, 1000.000000000000000 ) ;
#6365 = CARTESIAN_POINT ( 'NONE',  ( -4.482806999099937100, 3.804484476406421000, 0.2000000000000128100 ) ) ;
#6366 = ORIENTED_EDGE ( 'NONE', *, *, #2938, .F. ) ;
#6367 = EDGE_CURVE ( 'NONE', #9281, #236, #3682, .T. ) ;
#6368 = DIRECTION ( 'NONE',  ( 0.7071067811862221700, 0.7071067811868728700, 0.0000000000000000000 ) ) ;
#6369 = LINE ( 'NONE', #5838, #3105 ) ;
#6370 = VERTEX_POINT ( 'NONE', #2080 ) ;
#6371 = EDGE_LOOP ( 'NONE', ( #3919, #1395, #8124, #9291, #4744, #1994, #5418, #1087 ) ) ;
#6372 = DIRECTION ( 'NONE',  ( 0.0000000000000000000, -0.0000000000000000000, 1.000000000000000000 ) ) ;
#6373 = ORIENTED_EDGE ( 'NONE', *, *, #5720, .F. ) ;
#6374 = CARTESIAN_POINT ( 'NONE',  ( -1.070872222287873500, 0.6166059936920994500, 1.230000000000007800 ) ) ;
#6375 = ORIENTED_EDGE ( 'NONE', *, *, #6831, .F. ) ;
#6376 = CYLINDRICAL_SURFACE ( 'NONE', #1897, 0.1999999999999874100 ) ;
#6377 = CARTESIAN_POINT ( 'NONE',  ( -4.912401490849809700, 0.7999999999999749500, 0.1000456338892762700 ) ) ;
#6378 = ORIENTED_EDGE ( 'NONE', *, *, #6095, .F. ) ;
#6379 = EDGE_CURVE ( 'NONE', #7992, #4076, #9499, .T. ) ;
#6380 = DIRECTION ( 'NONE',  ( 1.000000000000000000, 0.0000000000000000000, -0.0000000000000000000 ) ) ;
#6382 = B_SPLINE_CURVE_WITH_KNOTS ( 'NONE', 3,
 ( #3806, #8119, #8215, #6665 ),
 .UNSPECIFIED., .F., .F.,
 ( 4, 4 ),
 ( 0.0000000000000000000, 1.000000000000000000 ),
 .UNSPECIFIED. ) ;
#6381 = CIRCLE ( 'NONE', #5679, 1.099999999999992100 ) ;
#6383 = ORIENTED_EDGE ( 'NONE', *, *, #5688, .F. ) ;
#6384 = EDGE_CURVE ( 'NONE', #117, #4283, #7489, .T. ) ;
#6385 = CARTESIAN_POINT ( 'NONE',  ( -0.9710488006423473300, 0.5167825720465769600, 1.104999999999999500 ) ) ;
#6386 = LINE ( 'NONE', #5315, #8350 ) ;
#6387 = CARTESIAN_POINT ( 'NONE',  ( 5.112365383199177800, 0.8000000000000004900, 0.1666325044669128000 ) ) ;
#6388 = LINE ( 'NONE', #1634, #5241 ) ;
#6389 = EDGE_LOOP ( 'NONE', ( #6349, #7077, #5197, #579 ) ) ;
#6390 = CARTESIAN_POINT ( 'NONE',  ( 1.071369944335140500, 0.2879226727952074500, 1.555000000000003300 ) ) ;
#6391 = DIRECTION ( 'NONE',  ( -0.7071067811865520100, -0.7071067811865430200, 0.0000000000000000000 ) ) ;
#6392 = CARTESIAN_POINT ( 'NONE',  ( -3.797413408594518800, 4.475735931288086900, 0.9745999999999880300 ) ) ;
#6393 = EDGE_CURVE ( 'NONE', #6026, #182, #264, .T. ) ;
#6394 = CARTESIAN_POINT ( 'NONE',  ( -0.1450420833195140700, -1.090767995116290700, 1.241775055883423100 ) ) ;
#6395 = LINE ( 'NONE', #8091, #9271 ) ;
#6396 = ORIENTED_EDGE ( 'NONE', *, *, #906, .F. ) ;
#6397 = CARTESIAN_POINT ( 'NONE',  ( 0.4729139363042209600, -0.9936306644310840500, 1.104999999999999500 ) ) ;
#6398 = VECTOR ( 'NONE', #4411, 1000.000000000000000 ) ;
#6399 = CARTESIAN_POINT ( 'NONE',  ( -3.804484476406386800, 4.482806999099954800, 0.9999999999999879000 ) ) ;
#6400 = VERTEX_POINT ( 'NONE', #697 ) ;
#6401 = VERTEX_POINT ( 'NONE', #2882 ) ;
#6402 = ORIENTED_EDGE ( 'NONE', *, *, #3546, .F. ) ;
#6403 = EDGE_CURVE ( 'NONE', #8472, #7902, #1530, .T. ) ;
#6404 = B_SPLINE_CURVE_WITH_KNOTS ( 'NONE', 3,
 ( #7497, #6822, #8234, #8964, #4550, #746 ),
 .UNSPECIFIED., .F., .F.,
 ( 4, 2, 4 ),
 ( 0.0000000000000000000, 0.5000000000000000000, 1.000000000000000000 ),
 .UNSPECIFIED. ) ;
#6405 = DIRECTION ( 'NONE',  ( -0.7071067811865525700, -0.7071067811865425800, 5.651048599252014300E-017 ) ) ;
#6406 = VECTOR ( 'NONE', #1762, 1000.000000000000100 ) ;
#6407 = ORIENTED_EDGE ( 'NONE', *, *, #9656, .F. ) ;
#6408 = PLANE ( 'NONE',  #4172 ) ;
#6409 = LINE ( 'NONE', #3288, #1941 ) ;
#6410 = ORIENTED_EDGE ( 'NONE', *, *, #2762, .T. ) ;
#6411 = DIRECTION ( 'NONE',  ( 0.7071067811868728700, -0.7071067811862221700, 0.0000000000000000000 ) ) ;
#6412 = EDGE_LOOP ( 'NONE', ( #8248, #7884, #8484, #760 ) ) ;
#6413 = ORIENTED_EDGE ( 'NONE', *, *, #4581, .T. ) ;
#6414 = ADVANCED_FACE ( 'NONE', ( #3690 ), #9514, .T. ) ;
#6415 = CARTESIAN_POINT ( 'NONE',  ( -2.199999999999962900, -4.900000000000010100, 0.1000304492553447700 ) ) ;
#6416 = VECTOR ( 'NONE', #9198, 1000.000000000000000 ) ;
#6417 = DIRECTION ( 'NONE',  ( -0.7071067811865540100, -0.7071067811865410200, 0.0000000000000000000 ) ) ;
#6418 = CYLINDRICAL_SURFACE ( 'NONE', #5822, 1.399999999999989300 ) ;
#6419 = CARTESIAN_POINT ( 'NONE',  ( -2.444109822320299900, 1.305667904609974400, 0.8999999999999983600 ) ) ;
#6420 = DIRECTION ( 'NONE',  ( 0.0000000000000000000, -1.000000000000000000, 0.0000000000000000000 ) ) ;
#6421 = DIRECTION ( 'NONE',  ( -0.7071067811865909800, -0.7071067811865041600, 0.0000000000000000000 ) ) ;
#6422 = CARTESIAN_POINT ( 'NONE',  ( 1.600000000000001000, 4.900000000000009200, 3.095825365898941300E-006 ) ) ;
#6423 = CARTESIAN_POINT ( 'NONE',  ( 0.5539808784079866000, 0.9611650271896786700, 1.555000000000003700 ) ) ;
#6424 = LINE ( 'NONE', #7896, #4329 ) ;
#6425 = AXIS2_PLACEMENT_3D ( 'NONE', #3454, #4312, #510 ) ;
#6426 = EDGE_CURVE ( 'NONE', #2899, #2907, #615, .T. ) ;
#6427 = CARTESIAN_POINT ( 'NONE',  ( -0.1305592434984408600, 1.092224465912157400, 1.180000000000004400 ) ) ;
#6428 = LINE ( 'NONE', #3354, #195 ) ;
#6429 = MANIFOLD_SOLID_BREP ( 'Boss-Extrude6', #6916 ) ;
#6430 = DIRECTION ( 'NONE',  ( 0.0000000000000000000, 1.000000000000000000, 0.0000000000000000000 ) ) ;
#6431 = CARTESIAN_POINT ( 'NONE',  ( -3.491048137816590300, 2.540049851720462400, 0.9000000000000070200 ) ) ;
#6432 = B_SPLINE_CURVE_WITH_KNOTS ( 'NONE', 3,
 ( #8956, #1011, #8479, #6851, #86, #2360 ),
 .UNSPECIFIED., .F., .F.,
 ( 4, 2, 4 ),
 ( 0.0000000000000000000, 0.5000000000000013300, 1.000000000000000000 ),
 .UNSPECIFIED. ) ;
#6433 = DIRECTION ( 'NONE',  ( 0.7071067811865520100, 0.7071067811865431300, -0.0000000000000000000 ) ) ;
#6434 = AXIS2_PLACEMENT_3D ( 'NONE', #537, #2885, #3676 ) ;
#6435 = EDGE_LOOP ( 'NONE', ( #2409, #6710, #3446, #5686, #2602 ) ) ;
#6436 = EDGE_CURVE ( 'NONE', #4390, #4901, #5339, .T. ) ;
#6437 = EDGE_CURVE ( 'NONE', #8910, #3254, #1091, .T. ) ;
#6438 = CARTESIAN_POINT ( 'NONE',  ( 3.434464939830573100, -2.473299704662435900, -1.811187290653146300E-015 ) ) ;
#6439 = EDGE_CURVE ( 'NONE', #2745, #5400, #3815, .T. ) ;
#6440 = CARTESIAN_POINT ( 'NONE',  ( 1.307775534087819200, 2.269440756501563100, 1.210328682476418600 ) ) ;
#6441 = EDGE_LOOP ( 'NONE', ( #3726, #3211, #147, #6304, #4945, #3088 ) ) ;
#6442 = FACE_OUTER_BOUND ( 'NONE', #402, .T. ) ;
#6443 = CARTESIAN_POINT ( 'NONE',  ( 4.899999999999315600, -1.399999999999988100, 0.1000000016482815300 ) ) ;
#6444 = CARTESIAN_POINT ( 'NONE',  ( -2.199999999999963300, -4.864794230386966200, 3.945047992540000200E-005 ) ) ;
#6445 = CARTESIAN_POINT ( 'NONE',  ( 0.3000000000000192500, -4.832397115193484400, 3.945047992540000200E-005 ) ) ;
#6446 = PLANE ( 'NONE',  #9255 ) ;
#6447 = CARTESIAN_POINT ( 'NONE',  ( 4.915210145269370800, -1.399999999999988100, 0.1000049467274789600 ) ) ;
#6448 = EDGE_CURVE ( 'NONE', #7408, #8006, #15, .T. ) ;
#6449 = ORIENTED_EDGE ( 'NONE', *, *, #3524, .T. ) ;
#6450 = VERTEX_POINT ( 'NONE', #6700 ) ;
#6451 = DIRECTION ( 'NONE',  ( 0.0000000000000000000, 0.0000000000000000000, -1.000000000000000000 ) ) ;
#6452 = VECTOR ( 'NONE', #5003, 1000.000000000000200 ) ;
#6453 = ADVANCED_FACE ( 'NONE', ( #7304 ), #3775, .T. ) ;
#6454 = ORIENTED_EDGE ( 'NONE', *, *, #6092, .F. ) ;
#6455 = CARTESIAN_POINT ( 'NONE',  ( 1.290943131010232800, 0.5060546038931803500, 1.305000000000012400 ) ) ;
#6456 = ORIENTED_EDGE ( 'NONE', *, *, #1057, .T. ) ;
#6457 = EDGE_CURVE ( 'NONE', #5912, #6289, #855, .T. ) ;
#6458 = AXIS2_PLACEMENT_3D ( 'NONE', #4116, #8584, #1921 ) ;
#6459 = ORIENTED_EDGE ( 'NONE', *, *, #2375, .T. ) ;
#6460 = LINE ( 'NONE', #8605, #5199 ) ;
#6461 = DIRECTION ( 'NONE',  ( -0.7071067811865390200, -0.7071067811865561200, 5.421010862427786400E-016 ) ) ;
#6462 = ORIENTED_EDGE ( 'NONE', *, *, #5191, .T. ) ;
#6463 = VERTEX_POINT ( 'NONE', #1558 ) ;
#6464 = PLANE ( 'NONE',  #2295 ) ;
#6465 = VERTEX_POINT ( 'NONE', #7586 ) ;
#6466 = SURFACE_STYLE_FILL_AREA ( #8312 ) ;
#6467 = CARTESIAN_POINT ( 'NONE',  ( 1.320208670470036000, 2.193340326086282900, 1.288601694566935200 ) ) ;
#6468 = EDGE_LOOP ( 'NONE', ( #5894, #4637, #1123, #5084 ) ) ;
#6469 = PLANE ( 'NONE',  #2342 ) ;
#6470 = ORIENTED_EDGE ( 'NONE', *, *, #9670, .T. ) ;
#6471 = ORIENTED_EDGE ( 'NONE', *, *, #3153, .T. ) ;
#6472 = CARTESIAN_POINT ( 'NONE',  ( -3.498823671904396400, 2.409490608222226700, 0.9000000000000069100 ) ) ;
#6473 = DIRECTION ( 'NONE',  ( 0.0000000000000000000, -0.0000000000000000000, 1.000000000000000000 ) ) ;
#6474 = CARTESIAN_POINT ( 'NONE',  ( 1.346956004230691400, 0.3817191672772749500, 0.9999999999999879000 ) ) ;
#6475 = AXIS2_PLACEMENT_3D ( 'NONE', #501, #8001, #3581 ) ;
#6476 = CARTESIAN_POINT ( 'NONE',  ( -1.599999999999975400, -4.898127560973727600, 3.983057407985909300E-005 ) ) ;
#6477 = LINE ( 'NONE', #2331, #1442 ) ;
#6478 = EDGE_LOOP ( 'NONE', ( #627, #3301, #649, #3691 ) ) ;
#6479 = DIRECTION ( 'NONE',  ( 0.0000000000000000000, -0.0000000000000000000, -1.000000000000000000 ) ) ;
#6480 = CARTESIAN_POINT ( 'NONE',  ( -3.499999999999995100, -2.400000000000001200, 0.9999999999999879000 ) ) ;
#6481 = DIRECTION ( 'NONE',  ( -0.7071067811865565700, 0.7071067811865384700, -5.421010862427765700E-016 ) ) ;
#6482 = FACE_OUTER_BOUND ( 'NONE', #4343, .T. ) ;
#6483 = B_SPLINE_CURVE_WITH_KNOTS ( 'NONE', 3,
 ( #2766, #1216, #5806, #2020, #5008, #5774, #4246, #9430 ),
 .UNSPECIFIED., .F., .F.,
 ( 4, 2, 2, 4 ),
 ( 0.0000000000000000000, 0.2499999999999998900, 0.4999999999999997800, 1.000000000000000000 ),
 .UNSPECIFIED. ) ;
#6484 = CARTESIAN_POINT ( 'NONE',  ( 2.123991584049659500, -1.335196243172191800, 1.304839145392798800 ) ) ;
#6485 = VERTEX_POINT ( 'NONE', #8258 ) ;
#6486 = CARTESIAN_POINT ( 'NONE',  ( 0.0000000000000000000, 0.0000000000000000000, 0.9745999999999879200 ) ) ;
#6487 = DIRECTION ( 'NONE',  ( -0.0000000000000000000, -0.0000000000000000000, 1.000000000000000000 ) ) ;
#6488 = EDGE_CURVE ( 'NONE', #6594, #7864, #6002, .T. ) ;
#6489 = ORIENTED_EDGE ( 'NONE', *, *, #2433, .F. ) ;
#6490 = ORIENTED_EDGE ( 'NONE', *, *, #8255, .T. ) ;
#6491 = CARTESIAN_POINT ( 'NONE',  ( 2.133404693773731000, 1.341978686303249000, 1.305000000000011900 ) ) ;
#6492 = LINE ( 'NONE', #4049, #37 ) ;
#6493 = ORIENTED_EDGE ( 'NONE', *, *, #3126, .F. ) ;
#6494 = DIRECTION ( 'NONE',  ( 0.0000000000000000000, 0.0000000000000000000, 1.000000000000000000 ) ) ;
#6495 = FACE_OUTER_BOUND ( 'NONE', #5991, .T. ) ;
#6496 = ORIENTED_EDGE ( 'NONE', *, *, #9101, .F. ) ;
#6497 = ADVANCED_FACE ( 'NONE', ( #376 ), #7874, .F. ) ;
#6498 = CARTESIAN_POINT ( 'NONE',  ( -4.900000000000009200, -3.373149339882620900, 0.0000000000000000000 ) ) ;
#6499 = LINE ( 'NONE', #848, #5811 ) ;
#6500 = ORIENTED_EDGE ( 'NONE', *, *, #2386, .F. ) ;
#6501 = EDGE_CURVE ( 'NONE', #6734, #5778, #2273, .T. ) ;
#6502 = CARTESIAN_POINT ( 'NONE',  ( 4.899999999999984400, -3.373149339882595600, 0.0000000000000000000 ) ) ;
#6504 = FACE_OUTER_BOUND ( 'NONE', #4034, .T. ) ;
#6503 = CARTESIAN_POINT ( 'NONE',  ( 5.112365383199158200, 0.8000000000000004900, 0.1666325044669162400 ) ) ;
#6505 = VERTEX_POINT ( 'NONE', #6030 ) ;
#6506 = LINE ( 'NONE', #3757, #7682 ) ;
#6507 = EDGE_LOOP ( 'NONE', ( #1761, #3968, #9295, #7870 ) ) ;
#6508 = ORIENTED_EDGE ( 'NONE', *, *, #3393, .F. ) ;
#6509 = EDGE_LOOP ( 'NONE', ( #9117, #3863, #2796, #9265 ) ) ;
#6510 = CARTESIAN_POINT ( 'NONE',  ( 3.797413408594503700, 4.475735931288086900, 0.2000000000000128600 ) ) ;
#6511 = CARTESIAN_POINT ( 'NONE',  ( 0.3817191672772305400, 1.346956004230704100, 0.9999999999999879000 ) ) ;
#6512 = EDGE_CURVE ( 'NONE', #9276, #5150, #2222, .T. ) ;
#6513 = CARTESIAN_POINT ( 'NONE',  ( 2.200000000000039300, -5.199756585854309800, 0.6996380906312328300 ) ) ;
#6514 = PLANE ( 'NONE',  #6425 ) ;
#6515 = CARTESIAN_POINT ( 'NONE',  ( 5.202565240273885100, 0.8000000000000004900, 0.6995986401512794800 ) ) ;
#6516 = CARTESIAN_POINT ( 'NONE',  ( 0.0000000000000000000, 0.0000000000000000000, 0.9745999999999879200 ) ) ;
#6517 = LINE ( 'NONE', #7054, #1947 ) ;
#6518 = CARTESIAN_POINT ( 'NONE',  ( 1.600000000000026300, -5.010958810312807500, 0.1833587902973828300 ) ) ;
#6519 = VECTOR ( 'NONE', #4452, 1000.000000000000100 ) ;
#6520 = ORIENTED_EDGE ( 'NONE', *, *, #1367, .T. ) ;
#6521 = CARTESIAN_POINT ( 'NONE',  ( 2.277830346110248700, 1.316165123696551500, 1.195186307315110600 ) ) ;
#6522 = FACE_OUTER_BOUND ( 'NONE', #8252, .T. ) ;
#6523 = DIRECTION ( 'NONE',  ( 0.0000000000000000000, -0.1668683535052120100, -0.9859791846679418800 ) ) ;
#6524 = AXIS2_PLACEMENT_3D ( 'NONE', #8641, #1206, #535 ) ;
#6525 = ORIENTED_EDGE ( 'NONE', *, *, #5965, .F. ) ;
#6526 = CARTESIAN_POINT ( 'NONE',  ( -4.897191345580448100, -0.8000000000000258000, 3.945047992540000200E-005 ) ) ;
#6527 = CARTESIAN_POINT ( 'NONE',  ( 1.336534030627088300, 2.121422557744151200, 1.305000000000012600 ) ) ;
#6528 = AXIS2_PLACEMENT_3D ( 'NONE', #806, #6781, #4646 ) ;
#6529 = LINE ( 'NONE', #1013, #5964 ) ;
#6530 = MANIFOLD_SOLID_BREP ( 'Split1[2]', #4713 ) ;
#6531 = DIRECTION ( 'NONE',  ( 0.0000000000000000000, 0.0000000000000000000, 1.000000000000000000 ) ) ;
#6532 = CARTESIAN_POINT ( 'NONE',  ( -1.025472922904440600, 0.3980016135517267000, 1.205000000000184100 ) ) ;
#6533 = CARTESIAN_POINT ( 'NONE',  ( 2.110900999882157500, 3.480860552478440200, 1.305000000000012800 ) ) ;
#6534 = PRODUCT_DEFINITION_CONTEXT ( 'detailed design', #8497, 'design' ) ;
#6535 = PLANE ( 'NONE',  #756 ) ;
#6536 = AXIS2_PLACEMENT_3D ( 'NONE', #7134, #2594, #4832 ) ;
#6537 = EDGE_CURVE ( 'NONE', #2659, #8079, #771, .T. ) ;
#6538 = LINE ( 'NONE', #3177, #5503 ) ;
#6539 = ORIENTED_EDGE ( 'NONE', *, *, #2749, .T. ) ;
#6540 = CARTESIAN_POINT ( 'NONE',  ( 4.899999999999315600, -0.8000000000000003800, 0.1000000016482815300 ) ) ;
#6541 = CARTESIAN_POINT ( 'NONE',  ( -1.320297521144984800, 2.193020639202606600, 1.288568285373006700 ) ) ;
#6542 = ADVANCED_FACE ( 'NONE', ( #1511 ), #5351, .T. ) ;
#6543 = B_SPLINE_CURVE_WITH_KNOTS ( 'NONE', 3,
 ( #6271, #6958, #1638, #5491 ),
 .UNSPECIFIED., .F., .F.,
 ( 4, 4 ),
 ( 0.0000000000000000000, 1.000000000000000000 ),
 .UNSPECIFIED. ) ;
#6544 = MECHANICAL_DESIGN_GEOMETRIC_PRESENTATION_REPRESENTATION (  '', ( #833 ), #5551 ) ;
#6545 = DIRECTION ( 'NONE',  ( 1.000000000000000000, 0.0000000000000000000, 0.0000000000000000000 ) ) ;
#6546 = CLOSED_SHELL ( 'NONE', ( #4799, #9166, #1639, #6592, #933, #110, #1237, #5516, #1438, #2689 ) ) ;
#6547 = VECTOR ( 'NONE', #9610, 1000.000000000000000 ) ;
#6548 = VECTOR ( 'NONE', #4073, 999.9999999999998900 ) ;
#6549 = DIRECTION ( 'NONE',  ( -0.7071067811865383600, 0.7071067811865566800, 0.0000000000000000000 ) ) ;
#6550 = EDGE_CURVE ( 'NONE', #831, #4014, #2343, .T. ) ;
#6551 = CARTESIAN_POINT ( 'NONE',  ( -5.109556728779593500, -0.8000000000000258000, 0.1666719549468379200 ) ) ;
#6552 = ORIENTED_EDGE ( 'NONE', *, *, #8033, .T. ) ;
#6553 = CARTESIAN_POINT ( 'NONE',  ( -5.005766807287229400, 1.399999999999962600, 0.01712039946237794300 ) ) ;
#6554 = VERTEX_POINT ( 'NONE', #2617 ) ;
#6555 = VECTOR ( 'NONE', #1814, 1000.000000000000000 ) ;
#6556 = EDGE_CURVE ( 'NONE', #5612, #9364, #5263, .T. ) ;
#6557 = CARTESIAN_POINT ( 'NONE',  ( -3.499999999999995100, -2.400000000000001200, 0.9745999999999879200 ) ) ;
#6558 = ORIENTED_EDGE ( 'NONE', *, *, #4706, .T. ) ;
#6559 = VERTEX_POINT ( 'NONE', #2587 ) ;
#6560 = CARTESIAN_POINT ( 'NONE',  ( -1.600000000000001000, 5.013767464732374900, 0.1833193398174311500 ) ) ;
#6561 = DIRECTION ( 'NONE',  ( 0.7071067811865864300, 0.7071067811865087100, 0.0000000000000000000 ) ) ;
#6562 = EDGE_CURVE ( 'NONE', #2238, #4354, #7479, .T. ) ;
#6563 = DIRECTION ( 'NONE',  ( -0.7071067811865390200, -0.7071067811865561200, -5.651048599251854100E-017 ) ) ;
#6564 = CARTESIAN_POINT ( 'NONE',  ( -3.205852589709234900, -1.643645530997794000, 1.305000000000012800 ) ) ;
#6565 = VECTOR ( 'NONE', #1219, 1000.000000000000000 ) ;
#6566 = VERTEX_POINT ( 'NONE', #6377 ) ;
#6567 = ORIENTED_EDGE ( 'NONE', *, *, #4709, .T. ) ;
#6568 = CARTESIAN_POINT ( 'NONE',  ( 4.624228355337240100, 3.663063120169116600, 0.9999999999999879000 ) ) ;
#6569 = DIRECTION ( 'NONE',  ( 0.7071067811860921600, 0.7071067811870028800, -0.0000000000000000000 ) ) ;
#6570 = PLANE ( 'NONE',  #3238 ) ;
#6571 = EDGE_CURVE ( 'NONE', #179, #8102, #8842, .T. ) ;
#6572 = ORIENTED_EDGE ( 'NONE', *, *, #3199, .F. ) ;
#6573 = DIRECTION ( 'NONE',  ( -0.0000000000000000000, -0.0000000000000000000, 1.000000000000000000 ) ) ;
#6574 = ORIENTED_EDGE ( 'NONE', *, *, #5161, .F. ) ;
#6575 = CARTESIAN_POINT ( 'NONE',  ( -1.092211551879013200, -0.1306672789203547900, 1.197425137768479300 ) ) ;
#6576 = PRESENTATION_STYLE_ASSIGNMENT (( #69 ) ) ;
#6577 = CARTESIAN_POINT ( 'NONE',  ( 0.3798647017656312500, -1.032328827628328400, 1.205000000000211500 ) ) ;
#6578 = ORIENTED_EDGE ( 'NONE', *, *, #457, .T. ) ;
#6580 = ORIENTED_EDGE ( 'NONE', *, *, #1424, .T. ) ;
#6579 = DIRECTION ( 'NONE',  ( 1.000000000000000000, 0.0000000000000000000, 0.0000000000000000000 ) ) ;
#6581 = EDGE_CURVE ( 'NONE', #7982, #2543, #8183, .T. ) ;
#6582 = DIRECTION ( 'NONE',  ( -0.7071067811865885400, -0.7071067811865063800, 0.0000000000000000000 ) ) ;
#6583 = ORIENTED_EDGE ( 'NONE', *, *, #2040, .T. ) ;
#6584 = VERTEX_POINT ( 'NONE', #5658 ) ;
#6585 = CARTESIAN_POINT ( 'NONE',  ( -2.236507458657718100, -1.321507857893134100, 1.264746339862611800 ) ) ;
#6586 = FACE_OUTER_BOUND ( 'NONE', #2539, .T. ) ;
#6587 = PLANE ( 'NONE',  #2415 ) ;
#6588 = VERTEX_POINT ( 'NONE', #6884 ) ;
#6589 = CARTESIAN_POINT ( 'NONE',  ( -1.762541802349382200, 1.481953287564757200, 1.305000000000012600 ) ) ;
#6590 = ORIENTED_EDGE ( 'NONE', *, *, #3701, .F. ) ;
#6591 = FACE_OUTER_BOUND ( 'NONE', #1879, .T. ) ;
#6592 = ADVANCED_FACE ( 'NONE', ( #4593 ), #1063, .T. ) ;
#6593 = ORIENTED_EDGE ( 'NONE', *, *, #1544, .F. ) ;
#6594 = VERTEX_POINT ( 'NONE', #2525 ) ;
#6595 = AXIS2_PLACEMENT_3D ( 'NONE', #1448, #1314, #622 ) ;
#6596 = ORIENTED_EDGE ( 'NONE', *, *, #2445, .T. ) ;
#6597 = ORIENTED_EDGE ( 'NONE', *, *, #8679, .T. ) ;
#6598 = CARTESIAN_POINT ( 'NONE',  ( -1.331867151833266500, -2.137146006776677000, 1.304165684015486500 ) ) ;
#6599 = DIRECTION ( 'NONE',  ( 0.0000000000000000000, 0.0000000000000000000, 1.000000000000000000 ) ) ;
#6600 = CARTESIAN_POINT ( 'NONE',  ( 2.542813329479185000, 3.509490608691085500, 1.305000000000012800 ) ) ;
#6601 = CARTESIAN_POINT ( 'NONE',  ( 2.200000000000039300, -4.912401490849809700, 0.1000456338892871400 ) ) ;
#6602 = VECTOR ( 'NONE', #6716, 1000.000000000000000 ) ;
#6603 = CARTESIAN_POINT ( 'NONE',  ( 0.1305592434984410900, 1.092224465912158000, 0.9745999999999879200 ) ) ;
#6604 = ORIENTED_EDGE ( 'NONE', *, *, #9101, .T. ) ;
#6605 = DIRECTION ( 'NONE',  ( -1.000000000000000000, -0.0000000000000000000, 0.0000000000000000000 ) ) ;
#6606 = CARTESIAN_POINT ( 'NONE',  ( 0.3844996949045076400, 1.346164917318196700, 1.024999999999989500 ) ) ;
#6607 = DIRECTION ( 'NONE',  ( -1.000000000000000000, -0.0000000000000000000, -0.0000000000000000000 ) ) ;
#6608 = VECTOR ( 'NONE', #892, 999.9999999999998900 ) ;
#6609 = B_SPLINE_CURVE_WITH_KNOTS ( 'NONE', 3,
 ( #9570, #7468, #3596, #8787 ),
 .UNSPECIFIED., .F., .F.,
 ( 4, 4 ),
 ( 0.0000000000000000000, 1.000000000000000000 ),
 .UNSPECIFIED. ) ;
#6610 = VERTEX_POINT ( 'NONE', #4796 ) ;
#6611 = DIRECTION ( 'NONE',  ( 1.000000000000000000, 0.0000000000000000000, 0.0000000000000000000 ) ) ;
#6612 = CARTESIAN_POINT ( 'NONE',  ( 4.915250744231022900, -0.8000000000000006000, 6.191650733161523500E-006 ) ) ;
#6613 = CARTESIAN_POINT ( 'NONE',  ( 0.2628539873737371600, -1.068132848986816500, 1.304165683834840800 ) ) ;
#6614 = LINE ( 'NONE', #3916, #9264 ) ;
#6615 = VERTEX_POINT ( 'NONE', #1782 ) ;
#6616 = EDGE_CURVE ( 'NONE', #2206, #6400, #8509, .T. ) ;
#6617 = CARTESIAN_POINT ( 'NONE',  ( -5.010958810312805800, 0.7999999999999749500, 0.1833587902973578000 ) ) ;
#6618 = CARTESIAN_POINT ( 'NONE',  ( -2.471222556226010200, -3.515781928565979300, 0.9999999999999879000 ) ) ;
#6619 = DIRECTION ( 'NONE',  ( 0.0000000000000000000, 1.000000000000000000, -0.0000000000000000000 ) ) ;
#6620 = FACE_OUTER_BOUND ( 'NONE', #4567, .T. ) ;
#6621 = EDGE_LOOP ( 'NONE', ( #3813, #5529, #8659 ) ) ;
#6622 = CARTESIAN_POINT ( 'NONE',  ( -1.346164917318198900, -0.3844996949044999200, 0.9745999999999879200 ) ) ;
#6623 = VECTOR ( 'NONE', #6327, 1000.000000000000200 ) ;
#6624 = DIRECTION ( 'NONE',  ( -0.0000000000000000000, 1.000000000000000000, -0.0000000000000000000 ) ) ;
#6625 = VECTOR ( 'NONE', #1522, 1000.000000000000000 ) ;
#6626 = ORIENTED_EDGE ( 'NONE', *, *, #8602, .F. ) ;
#6627 = CARTESIAN_POINT ( 'NONE',  ( 2.269440756501560900, -1.307775534087846100, 1.180000000000004400 ) ) ;
#6628 = ORIENTED_EDGE ( 'NONE', *, *, #1377, .F. ) ;
#6629 = EDGE_CURVE ( 'NONE', #4076, #1925, #1217, .T. ) ;
#6630 = ORIENTED_EDGE ( 'NONE', *, *, #7122, .F. ) ;
#6631 = CARTESIAN_POINT ( 'NONE',  ( 3.373149339882608000, -4.900000000000010100, 0.9999999999999879000 ) ) ;
#6632 = VECTOR ( 'NONE', #2761, 999.9999999999998900 ) ;
#6633 = ORIENTED_EDGE ( 'NONE', *, *, #6193, .T. ) ;
#6634 = CYLINDRICAL_SURFACE ( 'NONE', #4556, 0.1250000000000079700 ) ;
#6635 = VERTEX_POINT ( 'NONE', #7095 ) ;
#6636 = CLOSED_SHELL ( 'NONE', ( #7278, #7094, #947, #52, #1831, #5675, #4857, #301, #4072, #7588 ) ) ;
#6637 = EDGE_CURVE ( 'NONE', #1179, #9471, #3136, .T. ) ;
#6638 = DIRECTION ( 'NONE',  ( 0.0000000000000000000, 0.0000000000000000000, 1.000000000000000000 ) ) ;
#6639 = CARTESIAN_POINT ( 'NONE',  ( -3.655992052357224700, -4.617157287525399700, 0.9745999999999879200 ) ) ;
#6640 = ORIENTED_EDGE ( 'NONE', *, *, #5256, .F. ) ;
#6641 = DIRECTION ( 'NONE',  ( 1.000000000000000000, 0.0000000000000000000, 0.0000000000000000000 ) ) ;
#6642 = DIRECTION ( 'NONE',  ( 0.7071067811865540100, 0.7071067811865410200, 1.047315000000000100E-031 ) ) ;
#6643 = VECTOR ( 'NONE', #1226, 1000.000000000000000 ) ;
#6644 = PLANE ( 'NONE',  #2583 ) ;
#6645 = LINE ( 'NONE', #5169, #4689 ) ;
#6646 = EDGE_CURVE ( 'NONE', #586, #6967, #4053, .T. ) ;
#6647 = AXIS2_PLACEMENT_3D ( 'NONE', #2879, #4430, #3636 ) ;
#6648 = CARTESIAN_POINT ( 'NONE',  ( -1.600000000000001000, 5.112365383199158200, 0.1666325044669162400 ) ) ;
#6649 = ADVANCED_FACE ( 'NONE', ( #8735 ), #528, .T. ) ;
#6650 = CARTESIAN_POINT ( 'NONE',  ( -0.8749168862078131600, -0.2635250315025023900, 1.024999999999989500 ) ) ;
#6651 = PLANE ( 'NONE',  #9197 ) ;
#6652 = CARTESIAN_POINT ( 'NONE',  ( -4.899999997940137900, 1.399999999999971000, 3.044307340546954200E-005 ) ) ;
#6653 = CARTESIAN_POINT ( 'NONE',  ( 3.373149339882544500, 4.900000000000009200, 0.9745999999999879200 ) ) ;
#6654 = VECTOR ( 'NONE', #2227, 1000.000000000000000 ) ;
#6655 = DIRECTION ( 'NONE',  ( 0.0000000000000000000, 0.0000000000000000000, 1.000000000000000000 ) ) ;
#6656 = PLANE ( 'NONE',  #7981 ) ;
#6657 = VECTOR ( 'NONE', #3844, 1000.000000000000000 ) ;
#6658 = AXIS2_PLACEMENT_3D ( 'NONE', #9074, #6013, #2374 ) ;
#6659 = ORIENTED_EDGE ( 'NONE', *, *, #7197, .F. ) ;
#6660 = B_SPLINE_CURVE_WITH_KNOTS ( 'NONE', 3,
 ( #4079, #1787, #7808, #4800 ),
 .UNSPECIFIED., .F., .F.,
 ( 4, 4 ),
 ( 0.0000000000000000000, 1.000000000000000000 ),
 .UNSPECIFIED. ) ;
#6661 = CARTESIAN_POINT ( 'NONE',  ( -2.199999999999963300, -5.077184635083401800, 0.07749181265277631200 ) ) ;
#6662 = CARTESIAN_POINT ( 'NONE',  ( 0.2999999999999937700, 5.005965047017934200, 0.1372170004886642500 ) ) ;
#6663 = AXIS2_PLACEMENT_3D ( 'NONE', #4495, #8855, #729 ) ;
#6664 = VECTOR ( 'NONE', #8378, 1000.000000000000000 ) ;
#6665 = CARTESIAN_POINT ( 'NONE',  ( -5.010958810312806700, -1.400000000000038800, 0.1833587902973576300 ) ) ;
#6666 = CARTESIAN_POINT ( 'NONE',  ( -1.346164917318200600, 0.3844996949045027500, 1.024999999999989500 ) ) ;
#6667 =( NAMED_UNIT ( * ) PLANE_ANGLE_UNIT ( ) SI_UNIT ( $, .RADIAN. ) );
#6668 = ORIENTED_EDGE ( 'NONE', *, *, #7861, .F. ) ;
#6669 = DIRECTION ( 'NONE',  ( 0.0000000000000000000, -0.0000000000000000000, 1.000000000000000000 ) ) ;
#6670 = AXIS2_PLACEMENT_3D ( 'NONE', #803, #5571, #8615 ) ;
#6671 = EDGE_CURVE ( 'NONE', #8272, #176, #7123, .T. ) ;
#6672 = CARTESIAN_POINT ( 'NONE',  ( -2.091832180490016000, -1.343620748826714900, 1.302264516818447000 ) ) ;
#6673 = CARTESIAN_POINT ( 'NONE',  ( 1.600000000000001000, 4.905083581410346800, 2.063883571393829300E-006 ) ) ;
#6674 = EDGE_LOOP ( 'NONE', ( #2598, #4792, #2185, #817 ) ) ;
#6675 = B_SPLINE_CURVE_WITH_KNOTS ( 'NONE', 3,
 ( #5924, #5960, #74, #6832, #9005, #9708, #8280, #6020, #789, #6873, #100, #130 ),
 .UNSPECIFIED., .F., .F.,
 ( 4, 2, 2, 2, 2, 4 ),
 ( 0.0000000000000000000, 0.2400962276497914700, 0.4801924552995829300, 0.7202886829493744300, 0.8403367967742700900, 0.9603849105991658600 ),
 .UNSPECIFIED. ) ;
#6676 = LINE ( 'NONE', #7010, #8751 ) ;
#6677 = AXIS2_PLACEMENT_3D ( 'NONE', #5493, #6992, #7719 ) ;
#6678 = CARTESIAN_POINT ( 'NONE',  ( 4.915210145269370800, -0.8000000000000006000, 0.1000049467274789400 ) ) ;
#6679 = CARTESIAN_POINT ( 'NONE',  ( 4.899999999999986100, 0.8000000000000017100, 0.03333333333333286800 ) ) ;
#6680 = EDGE_CURVE ( 'NONE', #1752, #8927, #2990, .T. ) ;
#6681 = ORIENTED_EDGE ( 'NONE', *, *, #1021, .T. ) ;
#6682 = EDGE_LOOP ( 'NONE', ( #7516, #3931, #6572, #4501 ) ) ;
#6683 = LINE ( 'NONE', #9353, #454 ) ;
#6684 = VERTEX_POINT ( 'NONE', #9377 ) ;
#6685 = EDGE_CURVE ( 'NONE', #1518, #5314, #5605, .T. ) ;
#6686 = DIRECTION ( 'NONE',  ( 0.7071067811865380200, -0.7071067811865571200, 0.0000000000000000000 ) ) ;
#6687 = DIRECTION ( 'NONE',  ( 0.0000000000000000000, 0.1668683535052100100, 0.9859791846679422100 ) ) ;
#6688 = VERTEX_POINT ( 'NONE', #1946 ) ;
#6689 = EDGE_CURVE ( 'NONE', #5376, #5782, #2325, .T. ) ;
#6690 = ADVANCED_FACE ( 'NONE', ( #9545 ), #9509, .T. ) ;
#6691 = ORIENTED_EDGE ( 'NONE', *, *, #9178, .T. ) ;
#6692 = FACE_OUTER_BOUND ( 'NONE', #5254, .T. ) ;
#6693 = ORIENTED_EDGE ( 'NONE', *, *, #6217, .F. ) ;
#6694 = ORIENTED_EDGE ( 'NONE', *, *, #8733, .F. ) ;
#6695 = CARTESIAN_POINT ( 'NONE',  ( 1.099999999999994300, 2.694200669593121600E-016, 1.555000000000003300 ) ) ;
#6696 = CARTESIAN_POINT ( 'NONE',  ( -4.617157287525378400, 3.655992052357254000, 0.9745999999999879200 ) ) ;
#6697 = CARTESIAN_POINT ( 'NONE',  ( 1.298821804119381100, 2.363713901680117900, 0.9999999999999879000 ) ) ;
#6698 = ORIENTED_EDGE ( 'NONE', *, *, #6029, .F. ) ;
#6699 = EDGE_CURVE ( 'NONE', #3292, #4425, #426, .T. ) ;
#6700 = CARTESIAN_POINT ( 'NONE',  ( 1.600000000000001000, 5.112365383199167100, 0.1666325044669145200 ) ) ;
#6701 = CARTESIAN_POINT ( 'NONE',  ( 3.498823671904396400, -2.409490608222201400, 0.9999999999999879000 ) ) ;
#6702 = CARTESIAN_POINT ( 'NONE',  ( 1.600000000000026300, -4.912401490849809700, 0.1000456338892871400 ) ) ;
#6703 = CYLINDRICAL_SURFACE ( 'NONE', #5814, 1.099999999999994300 ) ;
#6704 = EDGE_LOOP ( 'NONE', ( #4770, #6153, #7152, #1521 ) ) ;
#6705 = CARTESIAN_POINT ( 'NONE',  ( 1.367671172371680600, 2.020135298234354300, 1.205000000000208100 ) ) ;
#6706 = DIRECTION ( 'NONE',  ( 1.000000000000000000, 0.0000000000000000000, 0.0000000000000000000 ) ) ;
#6707 = EDGE_CURVE ( 'NONE', #1599, #7751, #8385, .T. ) ;
#6708 = LINE ( 'NONE', #7484, #9546 ) ;
#6709 = VERTEX_POINT ( 'NONE', #456 ) ;
#6710 = ORIENTED_EDGE ( 'NONE', *, *, #2350, .T. ) ;
#6711 = CARTESIAN_POINT ( 'NONE',  ( 1.099999999999992100, 1.347111479062079900E-016, 0.9999999999999879000 ) ) ;
#6712 = VECTOR ( 'NONE', #9344, 1000.000000000000100 ) ;
#6713 = DIRECTION ( 'NONE',  ( 0.0000000000000000000, 0.0000000000000000000, 1.000000000000000000 ) ) ;
#6714 = ORIENTED_EDGE ( 'NONE', *, *, #1481, .F. ) ;
#6715 = CARTESIAN_POINT ( 'NONE',  ( 1.600000000000001000, 5.044259729609564100, 0.3109558122168243900 ) ) ;
#6716 = DIRECTION ( 'NONE',  ( 0.0000000000000000000, 0.0000000000000000000, -1.000000000000000000 ) ) ;
#6717 = AXIS2_PLACEMENT_3D ( 'NONE', #8698, #5087, #5691 ) ;
#6718 = CARTESIAN_POINT ( 'NONE',  ( -2.261856096239593900, -1.317836703949934400, 1.235105429231820700 ) ) ;
#6719 = FACE_OUTER_BOUND ( 'NONE', #754, .T. ) ;
#6720 = ORIENTED_EDGE ( 'NONE', *, *, #4464, .T. ) ;
#6721 = ORIENTED_EDGE ( 'NONE', *, *, #5548, .F. ) ;
#6722 = B_SPLINE_CURVE_WITH_KNOTS ( 'NONE', 3,
 ( #8295, #3857, #3915, #9067 ),
 .UNSPECIFIED., .F., .F.,
 ( 4, 4 ),
 ( 0.0000000000000000000, 0.1103473001174524600 ),
 .UNSPECIFIED. ) ;
#6723 = DIRECTION ( 'NONE',  ( -1.000000000000000000, 0.0000000000000000000, 0.0000000000000000000 ) ) ;
#6724 = CARTESIAN_POINT ( 'NONE',  ( 2.471222556225819200, 3.515781928565946000, 0.9999999999999879000 ) ) ;
#6725 = FACE_OUTER_BOUND ( 'NONE', #6435, .T. ) ;
#6726 = VERTEX_POINT ( 'NONE', #6415 ) ;
#6727 = PRODUCT_DEFINITION_FORMATION_WITH_SPECIFIED_SOURCE ( 'ANY', '', #7855, .NOT_KNOWN. ) ;
#6728 = CARTESIAN_POINT ( 'NONE',  ( 2.398823671904402000, 2.409490608222226700, 0.9999999999999879000 ) ) ;
#6729 = EDGE_CURVE ( 'NONE', #72, #3786, #7589, .T. ) ;
#6730 = CARTESIAN_POINT ( 'NONE',  ( -2.445007224288388200, -1.305107341172100400, 0.8999999999999978000 ) ) ;
#6731 = CARTESIAN_POINT ( 'NONE',  ( 1.298826156556821500, 2.409490607480023100, 0.9999999999999879000 ) ) ;
#6733 = LINE ( 'NONE', #4716, #8235 ) ;
#6732 = CARTESIAN_POINT ( 'NONE',  ( -4.912442089811461800, 0.7999999999999749500, 4.564213066489702800E-005 ) ) ;
#6734 = VERTEX_POINT ( 'NONE', #2004 ) ;
#6735 = CARTESIAN_POINT ( 'NONE',  ( -5.199756585854311600, -1.400000000000039000, 0.6996380906312323900 ) ) ;
#6736 = VECTOR ( 'NONE', #5060, 1000.000000000000000 ) ;
#6737 = AXIS2_PLACEMENT_3D ( 'NONE', #3160, #1597, #1721 ) ;
#6738 = FACE_OUTER_BOUND ( 'NONE', #2891, .T. ) ;
#6739 = VERTEX_POINT ( 'NONE', #8664 ) ;
#6740 = ORIENTED_EDGE ( 'NONE', *, *, #3509, .F. ) ;
#6741 = DIRECTION ( 'NONE',  ( -1.000000000000000000, 0.0000000000000000000, -3.127953244774739000E-016 ) ) ;
#6742 = B_SPLINE_CURVE_WITH_KNOTS ( 'NONE', 3,
 ( #7761, #1869, #9333, #4928 ),
 .UNSPECIFIED., .F., .F.,
 ( 4, 4 ),
 ( 0.0000000000000000000, 1.000000000000000000 ),
 .UNSPECIFIED. ) ;
#6743 = ADVANCED_FACE ( 'NONE', ( #4806 ), #2690, .T. ) ;
#6744 = DIRECTION ( 'NONE',  ( -0.7071067811865259200, -0.7071067811865692200, 0.0000000000000000000 ) ) ;
#6745 = LINE ( 'NONE', #379, #2179 ) ;
#6746 = ORIENTED_EDGE ( 'NONE', *, *, #8863, .T. ) ;
#6747 = DIRECTION ( 'NONE',  ( 0.0000000000000000000, 0.0000000000000000000, 1.000000000000000000 ) ) ;
#6748 = EDGE_CURVE ( 'NONE', #4293, #1178, #6424, .T. ) ;
#6749 = LINE ( 'NONE', #1574, #7338 ) ;
#6750 = EDGE_LOOP ( 'NONE', ( #4360, #2396, #5650, #4837, #9232 ) ) ;
#6751 = DIRECTION ( 'NONE',  ( 0.0000000000000000000, 0.0000000000000000000, -1.000000000000000000 ) ) ;
#6752 = CARTESIAN_POINT ( 'NONE',  ( -5.109556728779593500, -1.400000000000038800, 0.1666719549468379200 ) ) ;
#6753 = ORIENTED_EDGE ( 'NONE', *, *, #2743, .T. ) ;
#6754 = CARTESIAN_POINT ( 'NONE',  ( 2.200000000000038800, -5.077184635083400900, 0.07749181265277634000 ) ) ;
#6755 = ORIENTED_EDGE ( 'NONE', *, *, #4006, .T. ) ;
#6756 = DIRECTION ( 'NONE',  ( 1.000000000000000000, 0.0000000000000000000, -0.0000000000000000000 ) ) ;
#6757 = EDGE_CURVE ( 'NONE', #2133, #494, #1840, .T. ) ;
#6758 = VECTOR ( 'NONE', #7221, 999.9999999999998900 ) ;
#6759 = CARTESIAN_POINT ( 'NONE',  ( -0.2999999999999937700, 5.112365383199167100, 0.1666325044669145200 ) ) ;
#6760 = DIRECTION ( 'NONE',  ( 0.7071067811865570100, 0.7071067811865380200, 0.0000000000000000000 ) ) ;
#6761 = ORIENTED_EDGE ( 'NONE', *, *, #4836, .F. ) ;
#6762 = DIRECTION ( 'NONE',  ( -1.000000000000000000, -0.0000000000000000000, 0.0000000000000000000 ) ) ;
#6763 = CARTESIAN_POINT ( 'NONE',  ( -1.346956004230698500, 0.3817191672772543600, 0.9999999999999879000 ) ) ;
#6764 = FACE_OUTER_BOUND ( 'NONE', #3364, .T. ) ;
#6765 = CARTESIAN_POINT ( 'NONE',  ( -0.5539808784079857100, -0.9611650271896791100, 1.555000000000003300 ) ) ;
#6766 = ORIENTED_EDGE ( 'NONE', *, *, #7460, .F. ) ;
#6767 = EDGE_CURVE ( 'NONE', #1061, #1220, #9588, .T. ) ;
#6768 = CARTESIAN_POINT ( 'NONE',  ( 1.420385550626950500, 1.899644595732674000, 1.104999999999999500 ) ) ;
#6769 = CARTESIAN_POINT ( 'NONE',  ( 3.499391301225404300, -2.409500413707277700, 0.9000000000000069100 ) ) ;
#6770 = CARTESIAN_POINT ( 'NONE',  ( 1.600000000000001000, 5.103967321807094700, 0.7162854755018253100 ) ) ;
#6771 = DIRECTION ( 'NONE',  ( 0.0000000000000000000, -0.0000000000000000000, -1.000000000000000000 ) ) ;
#6772 = CARTESIAN_POINT ( 'NONE',  ( -0.2999999999999938300, 5.008575461706792400, 0.01708094898245299300 ) ) ;
#6773 = VECTOR ( 'NONE', #2783, 1000.000000000000000 ) ;
#6774 = CARTESIAN_POINT ( 'NONE',  ( -0.2999999999999684000, -5.101754311063978700, 0.1205696156111787000 ) ) ;
#6775 = CARTESIAN_POINT ( 'NONE',  ( -2.460865732905238800, 1.298650773417978000, 1.305000000000012600 ) ) ;
#6776 = EDGE_CURVE ( 'NONE', #623, #4863, #4215, .T. ) ;
#6777 = AXIS2_PLACEMENT_3D ( 'NONE', #2795, #5801, #8715 ) ;
#6778 = DIRECTION ( 'NONE',  ( 0.7071067811865570100, -0.7071067811865380200, -2.030905000000000100E-034 ) ) ;
#6779 = FACE_OUTER_BOUND ( 'NONE', #6259, .T. ) ;
#6780 = CARTESIAN_POINT ( 'NONE',  ( 5.013767464732368700, 1.400000000000013500, 0.1833193398174321500 ) ) ;
#6781 = DIRECTION ( 'NONE',  ( -0.7071067811865475700, -0.7071067811865475700, 0.0000000000000000000 ) ) ;
#6782 = CARTESIAN_POINT ( 'NONE',  ( -4.897191345580448100, -0.8000000000000256900, 1.972523996270000100E-005 ) ) ;
#6783 = CARTESIAN_POINT ( 'NONE',  ( 0.2999999999999937700, 4.900000000000009200, -1.110223078000000000E-014 ) ) ;
#6784 = CARTESIAN_POINT ( 'NONE',  ( -1.685931104032522400, -1.533945030602823500, 1.104999999999999500 ) ) ;
#6785 = FACE_OUTER_BOUND ( 'NONE', #9511, .T. ) ;
#6786 = ORIENTED_EDGE ( 'NONE', *, *, #8132, .F. ) ;
#6787 = CARTESIAN_POINT ( 'NONE',  ( 4.899999999999985300, 1.400000000000013500, 3.095825364232585300E-006 ) ) ;
#6788 = CARTESIAN_POINT ( 'NONE',  ( 1.017170590030178200, 0.4194915927107830700, 1.151270791236100000 ) ) ;
#6789 = DIRECTION ( 'NONE',  ( 0.0000000000000000000, -0.1668683535052129800, 0.9859791846679417700 ) ) ;
#6790 = AXIS2_PLACEMENT_3D ( 'NONE', #2910, #2204, #8875 ) ;
#6791 = ORIENTED_EDGE ( 'NONE', *, *, #6556, .F. ) ;
#6792 = CYLINDRICAL_SURFACE ( 'NONE', #8752, 1.099999999999994500 ) ;
#6793 = B_SPLINE_CURVE_WITH_KNOTS ( 'NONE', 3,
 ( #763, #1491, #6697, #6731 ),
 .UNSPECIFIED., .F., .F.,
 ( 4, 4 ),
 ( 0.0000000000000000000, 0.03968901016185651100 ),
 .UNSPECIFIED. ) ;
#6794 = ADVANCED_FACE ( 'NONE', ( #5848 ), #4232, .F. ) ;
#6795 = VECTOR ( 'NONE', #9465, 1000.000000000000100 ) ;
#6796 = ORIENTED_EDGE ( 'NONE', *, *, #28, .F. ) ;
#6797 = CARTESIAN_POINT ( 'NONE',  ( 4.915169546265580900, -1.399999999999988100, 0.2000061751679519900 ) ) ;
#6798 = AXIS2_PLACEMENT_3D ( 'NONE', #6650, #7425, #8099 ) ;
#6799 = ORIENTED_EDGE ( 'NONE', *, *, #6707, .F. ) ;
#6800 = CARTESIAN_POINT ( 'NONE',  ( -0.8796335266379931000, -0.6760013919724030500, 1.555000000000002800 ) ) ;
#6801 = VERTEX_POINT ( 'NONE', #2877 ) ;
#6802 = CARTESIAN_POINT ( 'NONE',  ( 0.0000000000000000000, 0.0000000000000000000, 0.9999999999999879000 ) ) ;
#6803 = CARTESIAN_POINT ( 'NONE',  ( 2.542813331314972600, -3.509490608669057800, 1.305000000000012800 ) ) ;
#6804 = CARTESIAN_POINT ( 'NONE',  ( 1.600000000000001200, 4.899999999998670800, 0.1000000032965566200 ) ) ;
#6805 = DIRECTION ( 'NONE',  ( 0.0000000000000000000, -0.9859791846679490900, -0.1668683535051695400 ) ) ;
#6806 = FACE_OUTER_BOUND ( 'NONE', #6004, .T. ) ;
#6807 = ADVANCED_FACE ( 'NONE', ( #2802 ), #8153, .T. ) ;
#6808 = EDGE_CURVE ( 'NONE', #9037, #9160, #645, .T. ) ;
#6809 = CARTESIAN_POINT ( 'NONE',  ( -3.373149339882592500, -4.900000000000011900, 0.9745999999999879200 ) ) ;
#6810 = ORIENTED_EDGE ( 'NONE', *, *, #3048, .F. ) ;
#6811 = CARTESIAN_POINT ( 'NONE',  ( -2.199999999999963300, -5.101158667387509600, 0.7163249259817547900 ) ) ;
#6812 = EDGE_LOOP ( 'NONE', ( #3341, #476, #1034, #1303 ) ) ;
#6813 = AXIS2_PLACEMENT_3D ( 'NONE', #8018, #427, #5724 ) ;
#6814 = CARTESIAN_POINT ( 'NONE',  ( 3.293043583593270100, 2.614721060899738900, 0.2000000000000129500 ) ) ;
#6815 = FACE_OUTER_BOUND ( 'NONE', #8803, .T. ) ;
#6816 = CARTESIAN_POINT ( 'NONE',  ( -1.599999999999975400, -4.912401490849809700, 0.1000456338892871400 ) ) ;
#6817 = ORIENTED_EDGE ( 'NONE', *, *, #1248, .F. ) ;
#6818 = VERTEX_POINT ( 'NONE', #4489 ) ;
#6819 = CARTESIAN_POINT ( 'NONE',  ( 0.3844996949045076400, 1.346164917318196700, 1.024999999999989500 ) ) ;
#6820 = CARTESIAN_POINT ( 'NONE',  ( 2.345684623234237400, -1.310696191641290000, 0.9230437103339126400 ) ) ;
#6821 = CARTESIAN_POINT ( 'NONE',  ( -0.1305592434984413900, -1.092224465912159400, 1.350000000000010300 ) ) ;
#6822 = CARTESIAN_POINT ( 'NONE',  ( -1.386336464086489700, -1.928999785732738100, 1.305000000000012600 ) ) ;
#6823 = EDGE_CURVE ( 'NONE', #938, #9279, #8618, .T. ) ;
#6824 = ORIENTED_EDGE ( 'NONE', *, *, #8056, .T. ) ;
#6825 = DIRECTION ( 'NONE',  ( 0.0000000000000000000, 0.0000000000000000000, 1.000000000000000000 ) ) ;
#6826 = ORIENTED_EDGE ( 'NONE', *, *, #6393, .T. ) ;
#6827 = FACE_OUTER_BOUND ( 'NONE', #7783, .T. ) ;
#6828 = VERTEX_POINT ( 'NONE', #5826 ) ;
#6829 = CARTESIAN_POINT ( 'NONE',  ( -3.293043583593271400, -2.614721060899740200, 0.2000000000000129500 ) ) ;
#6830 = ORIENTED_EDGE ( 'NONE', *, *, #2460, .F. ) ;
#6831 = EDGE_CURVE ( 'NONE', #1555, #2830, #1401, .T. ) ;
#6832 = CARTESIAN_POINT ( 'NONE',  ( 2.890911273736123600, -3.431841737440346000, 0.9999999999999879000 ) ) ;
#6833 = ORIENTED_EDGE ( 'NONE', *, *, #4100, .F. ) ;
#6834 = ORIENTED_EDGE ( 'NONE', *, *, #4089, .T. ) ;
#6835 = CARTESIAN_POINT ( 'NONE',  ( -1.347482486138946300, -2.073691617813211900, 1.297673311587381300 ) ) ;
#6836 = FACE_OUTER_BOUND ( 'NONE', #6507, .T. ) ;
#6837 = DIRECTION ( 'NONE',  ( 0.0000000000000000000, 0.0000000000000000000, 1.000000000000000000 ) ) ;
#6838 = ORIENTED_EDGE ( 'NONE', *, *, #4227, .F. ) ;
#6839 = DIRECTION ( 'NONE',  ( 0.0000000000000000000, -0.0000000000000000000, 1.000000000000000000 ) ) ;
#6840 = CARTESIAN_POINT ( 'NONE',  ( 1.298819703932382100, -2.409490612559253900, 1.305000000000012600 ) ) ;
#6841 = EDGE_CURVE ( 'NONE', #6801, #1893, #8042, .T. ) ;
#6842 = CARTESIAN_POINT ( 'NONE',  ( -3.278457194400245600, 3.085492005485435100, 1.305000000000012800 ) ) ;
#6843 = CARTESIAN_POINT ( 'NONE',  ( 2.199999999999988600, 5.013767464732366900, 0.1833193398174324000 ) ) ;
#6844 = VECTOR ( 'NONE', #9424, 1000.000000000000000 ) ;
#6845 = ORIENTED_EDGE ( 'NONE', *, *, #1486, .T. ) ;
#6846 = ORIENTED_EDGE ( 'NONE', *, *, #5273, .T. ) ;
#6847 = SURFACE_STYLE_FILL_AREA ( #3120 ) ;
#6848 = CARTESIAN_POINT ( 'NONE',  ( 5.044259729609564100, 1.400000000000013500, 0.3109558122168243900 ) ) ;
#6849 = ORIENTED_EDGE ( 'NONE', *, *, #4210, .T. ) ;
#6850 = ORIENTED_EDGE ( 'NONE', *, *, #7026, .T. ) ;
#6851 = CARTESIAN_POINT ( 'NONE',  ( 1.375436775631082800, -1.998850662895739200, 1.151536483913543100 ) ) ;
#6852 = ADVANCED_FACE ( 'NONE', ( #8494 ), #5888, .F. ) ;
#6853 = MANIFOLD_SOLID_BREP ( 'Cut-Extrude6[1]', #445 ) ;
#6854 = DIRECTION ( 'NONE',  ( -0.7071067811865441300, -0.7071067811865507900, 0.0000000000000000000 ) ) ;
#6855 = VECTOR ( 'NONE', #4224, 1000.000000000000100 ) ;
#6856 = CARTESIAN_POINT ( 'NONE',  ( -0.3817191672772261600, 1.346956004230705200, 0.9999999999999879000 ) ) ;
#6857 = VERTEX_POINT ( 'NONE', #1318 ) ;
#6858 = CARTESIAN_POINT ( 'NONE',  ( -2.199999999999963300, -4.897191345580448100, 3.945047992540000200E-005 ) ) ;
#6859 = CARTESIAN_POINT ( 'NONE',  ( 3.498823477569935800, -2.453116455946623200, 0.9000000000000069100 ) ) ;
#6860 = DIRECTION ( 'NONE',  ( 0.0000000000000000000, -0.9859791846679422100, -0.1668683535052100100 ) ) ;
#6861 = CARTESIAN_POINT ( 'NONE',  ( -1.420385550626950500, -1.899644595732674000, 1.104999999999999500 ) ) ;
#6862 = AXIS2_PLACEMENT_3D ( 'NONE', #9049, #6192, #1648 ) ;
#6863 = FACE_OUTER_BOUND ( 'NONE', #7650, .T. ) ;
#6864 = ORIENTED_EDGE ( 'NONE', *, *, #319, .F. ) ;
#6865 = DIRECTION ( 'NONE',  ( -0.7071067811865229300, -0.7071067811865722200, 0.0000000000000000000 ) ) ;
#6866 = CARTESIAN_POINT ( 'NONE',  ( -4.800000000000002500, 1.399999999999962600, 1.972523996270000100E-005 ) ) ;
#6867 = SURFACE_STYLE_FILL_AREA ( #2332 ) ;
#6868 = ADVANCED_FACE ( 'NONE', ( #7813 ), #5182, .T. ) ;
#6869 = CARTESIAN_POINT ( 'NONE',  ( 5.103967321807069800, -1.399999999999988100, 0.7162854755018253100 ) ) ;
#6870 = ORIENTED_EDGE ( 'NONE', *, *, #4220, .F. ) ;
#6871 = EDGE_LOOP ( 'NONE', ( #1572, #2739, #6022, #1567, #1847, #4766, #4375, #5362 ) ) ;
#6872 = B_SPLINE_CURVE_WITH_KNOTS ( 'NONE', 3,
 ( #7004, #6124, #6155, #2427 ),
 .UNSPECIFIED., .F., .F.,
 ( 4, 4 ),
 ( 0.0000000000000000000, 1.000000000000000000 ),
 .UNSPECIFIED. ) ;
#6873 = CARTESIAN_POINT ( 'NONE',  ( 1.325464473692334400, -2.686958411837185400, 0.9999999999999879000 ) ) ;
#6874 = FACE_OUTER_BOUND ( 'NONE', #64, .T. ) ;
#6875 = VERTEX_POINT ( 'NONE', #8792 ) ;
#6876 = LINE ( 'NONE', #609, #3699 ) ;
#6877 =( GEOMETRIC_REPRESENTATION_CONTEXT ( 3 ) GLOBAL_UNCERTAINTY_ASSIGNED_CONTEXT ( ( #3376 ) ) GLOBAL_UNIT_ASSIGNED_CONTEXT ( ( #772, #3290, #6077 ) ) REPRESENTATION_CONTEXT ( 'NONE', 'WORKASPACE' ) );
#6878 = DIRECTION ( 'NONE',  ( 0.7071067811865474600, 0.7071067811865474600, 0.0000000000000000000 ) ) ;
#6879 = CIRCLE ( 'NONE', #4048, 1.399999999999989300 ) ;
#6880 = ORIENTED_EDGE ( 'NONE', *, *, #1862, .T. ) ;
#6881 = ORIENTED_EDGE ( 'NONE', *, *, #3460, .T. ) ;
#6882 = EDGE_CURVE ( 'NONE', #1261, #2312, #4575, .T. ) ;
#6883 = ORIENTED_EDGE ( 'NONE', *, *, #876, .T. ) ;
#6884 = CARTESIAN_POINT ( 'NONE',  ( -1.099999999999994300, -2.694222958124163200E-016, 1.555000000000003300 ) ) ;
#6885 = CARTESIAN_POINT ( 'NONE',  ( 3.499391301225404300, 2.409500413707299500, 0.9000000000000069100 ) ) ;
#6886 = DIRECTION ( 'NONE',  ( -0.0000000000000000000, 0.0000000000000000000, -1.000000000000000000 ) ) ;
#6887 = VECTOR ( 'NONE', #5867, 1000.000000000000000 ) ;
#6888 = ORIENTED_EDGE ( 'NONE', *, *, #7247, .T. ) ;
#6889 = CARTESIAN_POINT ( 'NONE',  ( -3.205852581356793500, 1.643645522562440700, 1.305000000000012800 ) ) ;
#6890 = LINE ( 'NONE', #4801, #2435 ) ;
#6891 = VERTEX_POINT ( 'NONE', #2973 ) ;
#6892 = EDGE_LOOP ( 'NONE', ( #4875, #7343, #4542, #1785, #895 ) ) ;
#6893 = ORIENTED_EDGE ( 'NONE', *, *, #8857, .F. ) ;
#6894 = DIRECTION ( 'NONE',  ( 1.000000000000000000, 0.0000000000000000000, 0.0000000000000000000 ) ) ;
#6895 = CARTESIAN_POINT ( 'NONE',  ( -5.005766807287229400, -0.8000000000000254700, 0.01712039946237794300 ) ) ;
#6896 = EDGE_CURVE ( 'NONE', #8518, #1518, #7350, .T. ) ;
#6897 = DIRECTION ( 'NONE',  ( -0.0000000000000000000, -1.000000000000000000, 0.0000000000000000000 ) ) ;
#6898 = FACE_OUTER_BOUND ( 'NONE', #4204, .T. ) ;
#6899 = DIRECTION ( 'NONE',  ( 0.0000000000000000000, 0.0000000000000000000, -1.000000000000000000 ) ) ;
#6900 = CARTESIAN_POINT ( 'NONE',  ( -1.883217427953447300, -1.428951199357649600, 1.104999999999999500 ) ) ;
#6901 = ORIENTED_EDGE ( 'NONE', *, *, #7429, .F. ) ;
#6902 = EDGE_CURVE ( 'NONE', #3695, #2436, #6675, .T. ) ;
#6903 = CARTESIAN_POINT ( 'NONE',  ( 0.2999999999999937700, 4.915210145269370800, 0.1000061834093414800 ) ) ;
#6904 = CARTESIAN_POINT ( 'NONE',  ( 2.200000000000039300, -5.041451075190003000, 0.3109952626967752400 ) ) ;
#6905 = B_SPLINE_CURVE_WITH_KNOTS ( 'NONE', 3,
 ( #2010, #1298, #5097, #8860 ),
 .UNSPECIFIED., .F., .F.,
 ( 4, 4 ),
 ( 0.0000000000000000000, 1.000000000000000000 ),
 .UNSPECIFIED. ) ;
#6906 = FACE_OUTER_BOUND ( 'NONE', #7418, .T. ) ;
#6907 = ADVANCED_FACE ( 'NONE', ( #4451 ), #2277, .T. ) ;
#6908 = EDGE_CURVE ( 'NONE', #3966, #172, #3620, .T. ) ;
#6909 = CARTESIAN_POINT ( 'NONE',  ( -4.617157287525374800, -3.655992052357250900, 0.9999999999999879000 ) ) ;
#6910 = DIRECTION ( 'NONE',  ( -0.0000000000000000000, -1.000000000000000000, -0.0000000000000000000 ) ) ;
#6911 = EDGE_CURVE ( 'NONE', #7287, #3346, #2685, .T. ) ;
#6912 = DIRECTION ( 'NONE',  ( 0.7071067811865468000, 0.7071067811865483500, -0.0000000000000000000 ) ) ;
#6913 = CARTESIAN_POINT ( 'NONE',  ( 1.600000000000001000, 5.005530811151651000, 0.1346512202409920800 ) ) ;
#6914 = CARTESIAN_POINT ( 'NONE',  ( -2.291061568721373100, 1.314796509212307700, 0.9746004651289681400 ) ) ;
#6915 = LINE ( 'NONE', #8078, #561 ) ;
#6916 = CLOSED_SHELL ( 'NONE', ( #1736, #9309, #2439, #6807, #7920, #6690, #839, #2177, #3236, #8475, #6414, #4677, #3223, #6959, #587, #5775, #2121, #740, #7008, #1047, #4155, #5626, #2449, #7946, #1152, #4949, #7616, #1781, #4460, #6542, #99, #1692, #3768, #9254, #3820, #5051, #689, #5481, #2782, #9205, #7240, #8244, #3471, #3283, #7575, #7046, #6320, #4506, #9417, #3317, #9560, #798, #9508, #2476, #9194, #6166, #5581, #196, #8338, #5357, #1388, #5564, #4717, #8957, #8731, #6222, #6181, #3721, #7710, #1251, #4222, #5342 ) ) ;
#6917 =( NAMED_UNIT ( * ) PLANE_ANGLE_UNIT ( ) SI_UNIT ( $, .RADIAN. ) );
#6918 = DIRECTION ( 'NONE',  ( -0.7071067811865492400, -0.7071067811865458000, 0.0000000000000000000 ) ) ;
#6919 = DIRECTION ( 'NONE',  ( 1.000000000000000000, 0.0000000000000000000, 0.0000000000000000000 ) ) ;
#6920 = CARTESIAN_POINT ( 'NONE',  ( 2.200000000000039700, -4.897191345580448100, 1.972523996270000100E-005 ) ) ;
#6921 = ORIENTED_EDGE ( 'NONE', *, *, #222, .F. ) ;
#6922 = FACE_OUTER_BOUND ( 'NONE', #3744, .T. ) ;
#6923 = CARTESIAN_POINT ( 'NONE',  ( 4.475735931288053100, -3.797413408594537000, 0.2000000000000128900 ) ) ;
#6924 = CARTESIAN_POINT ( 'NONE',  ( -3.278457186968434500, -3.085492014800685000, 1.305000000000012800 ) ) ;
#6925 = DIRECTION ( 'NONE',  ( -0.7071067811865580100, 0.7071067811865369100, 0.0000000000000000000 ) ) ;
#6926 = AXIS2_PLACEMENT_3D ( 'NONE', #9189, #1735, #7697 ) ;
#6927 = EDGE_CURVE ( 'NONE', #5434, #6554, #8896, .T. ) ;
#6928 = EDGE_LOOP ( 'NONE', ( #7509, #6413, #2261, #6870 ) ) ;
#6929 = DIRECTION ( 'NONE',  ( -1.000000000000000000, -1.285685350086792000E-016, 0.0000000000000000000 ) ) ;
#6930 = EDGE_LOOP ( 'NONE', ( #355, #113, #2884, #8776 ) ) ;
#6931 = FACE_OUTER_BOUND ( 'NONE', #8220, .T. ) ;
#6932 = CARTESIAN_POINT ( 'NONE',  ( 2.277830346110260300, 1.316165123696570600, 0.9000000000000069100 ) ) ;
#6933 = VERTEX_POINT ( 'NONE', #859 ) ;
#6934 = AXIS2_PLACEMENT_3D ( 'NONE', #1242, #4213, #9317 ) ;
#6935 = CARTESIAN_POINT ( 'NONE',  ( 0.3844996949045076900, -1.346164917318196900, 0.9745999999999879200 ) ) ;
#6936 = ORIENTED_EDGE ( 'NONE', *, *, #3397, .T. ) ;
#6937 = B_SPLINE_CURVE_WITH_KNOTS ( 'NONE', 3,
 ( #9261, #8560, #8521, #5621, #2577, #322 ),
 .UNSPECIFIED., .F., .F.,
 ( 4, 2, 4 ),
 ( 0.0000000000000000000, 0.5000000000000000000, 1.000000000000000000 ),
 .UNSPECIFIED. ) ;
#6938 = PRODUCT_CONTEXT ( 'NONE', #8527, 'mechanical' ) ;
#6939 = ORIENTED_EDGE ( 'NONE', *, *, #6132, .F. ) ;
#6940 = ORIENTED_EDGE ( 'NONE', *, *, #8863, .F. ) ;
#6941 = EDGE_LOOP ( 'NONE', ( #3914, #4145, #1452, #1966, #8540, #1632, #7160, #7110 ) ) ;
#6942 = EDGE_CURVE ( 'NONE', #5824, #5778, #9306, .T. ) ;
#6943 = DIRECTION ( 'NONE',  ( -0.0000000000000000000, -0.0000000000000000000, -1.000000000000000000 ) ) ;
#6944 = ADVANCED_FACE ( 'NONE', ( #2198 ), #752, .T. ) ;
#6945 = ORIENTED_EDGE ( 'NONE', *, *, #3452, .T. ) ;
#6946 = DIRECTION ( 'NONE',  ( 1.000000000000000000, 0.0000000000000000000, 0.0000000000000000000 ) ) ;
#6947 = EDGE_CURVE ( 'NONE', #7739, #8293, #1336, .T. ) ;
#6948 = CARTESIAN_POINT ( 'NONE',  ( -2.398823671904402000, -2.409490608222201400, 0.9745999999999879200 ) ) ;
#6949 = CARTESIAN_POINT ( 'NONE',  ( 5.013767464732357100, -1.399999999999988100, 0.1833193398174339000 ) ) ;
#6950 = PRESENTATION_STYLE_ASSIGNMENT (( #4631 ) ) ;
#6951 = EDGE_CURVE ( 'NONE', #3331, #761, #3161, .T. ) ;
#6952 = ORIENTED_EDGE ( 'NONE', *, *, #7542, .T. ) ;
#6953 = DIRECTION ( 'NONE',  ( -1.000000000000000000, 0.0000000000000000000, 0.0000000000000000000 ) ) ;
#6954 = CARTESIAN_POINT ( 'NONE',  ( -1.307639946032679700, 2.270497045339181100, 1.016666666692064100 ) ) ;
#6955 = VECTOR ( 'NONE', #701, 1000.000000000000000 ) ;
#6956 = ORIENTED_EDGE ( 'NONE', *, *, #7933, .F. ) ;
#6957 = ORIENTED_EDGE ( 'NONE', *, *, #7332, .F. ) ;
#6958 = CARTESIAN_POINT ( 'NONE',  ( -0.2999999999999684000, -4.899063776367008000, 4.021066823431818400E-005 ) ) ;
#6959 = ADVANCED_FACE ( 'NONE', ( #1619 ), #3077, .T. ) ;
#6960 = DIRECTION ( 'NONE',  ( 0.0000000000000000000, -0.1668683535052021800, 0.9859791846679436500 ) ) ;
#6961 = ORIENTED_EDGE ( 'NONE', *, *, #1301, .F. ) ;
#6962 = EDGE_CURVE ( 'NONE', #1893, #3151, #907, .T. ) ;
#6963 = CARTESIAN_POINT ( 'NONE',  ( -2.726811008915869000, -1.323341682393044400, 0.9000000000000067900 ) ) ;
#6964 = VERTEX_POINT ( 'NONE', #6117 ) ;
#6965 = DIRECTION ( 'NONE',  ( 0.0000000000000000000, 0.9999999175860412300, 0.0004059900380440000900 ) ) ;
#6966 = VECTOR ( 'NONE', #6582, 1000.000000000000100 ) ;
#6967 = VERTEX_POINT ( 'NONE', #3769 ) ;
#6968 = DIRECTION ( 'NONE',  ( -0.0000000000000000000, -0.0000000000000000000, 1.000000000000000000 ) ) ;
#6969 = EDGE_CURVE ( 'NONE', #4731, #2899, #7930, .T. ) ;
#6970 = LINE ( 'NONE', #3095, #1929 ) ;
#6971 = ORIENTED_EDGE ( 'NONE', *, *, #5928, .T. ) ;
#6972 = DIRECTION ( 'NONE',  ( 0.0000000000000000000, 0.1668683535052100100, 0.9859791846679422100 ) ) ;
#6973 = FACE_OUTER_BOUND ( 'NONE', #8135, .T. ) ;
#6974 = ORIENTED_EDGE ( 'NONE', *, *, #3875, .F. ) ;
#6975 = CARTESIAN_POINT ( 'NONE',  ( -5.003156392598373100, 1.399999999999962600, 0.1372564509685897700 ) ) ;
#6976 = LINE ( 'NONE', #8646, #7773 ) ;
#6977 = EDGE_LOOP ( 'NONE', ( #3900, #1496, #1659, #5377 ) ) ;
#6978 = CARTESIAN_POINT ( 'NONE',  ( 2.473299704662418100, -3.434464939830578900, 1.403766198207623600E-016 ) ) ;
#6979 = PLANE ( 'NONE',  #1826 ) ;
#6980 = LINE ( 'NONE', #6843, #4888 ) ;
#6981 = PLANE ( 'NONE',  #6524 ) ;
#6982 = LINE ( 'NONE', #7039, #7089 ) ;
#6983 = CARTESIAN_POINT ( 'NONE',  ( 2.023110136613737200, 1.366331945845054500, 1.257959121907916900 ) ) ;
#6984 = ORIENTED_EDGE ( 'NONE', *, *, #5026, .F. ) ;
#6985 = DIRECTION ( 'NONE',  ( -0.0000000000000000000, -0.0000000000000000000, 1.000000000000000000 ) ) ;
#6986 = ORIENTED_EDGE ( 'NONE', *, *, #5949, .T. ) ;
#6987 = DIRECTION ( 'NONE',  ( -0.7071067811865474600, 0.7071067811865474600, 0.0000000000000000000 ) ) ;
#6988 = VERTEX_POINT ( 'NONE', #164 ) ;
#6989 = CIRCLE ( 'NONE', #70, 1.399999999999988100 ) ;
#6990 = VERTEX_POINT ( 'NONE', #1679 ) ;
#6991 = DIRECTION ( 'NONE',  ( 0.0000000000000000000, 0.0000000000000000000, 1.000000000000000000 ) ) ;
#6992 = DIRECTION ( 'NONE',  ( -1.000000000000000000, -0.0000000000000000000, 0.0000000000000000000 ) ) ;
#6993 = FACE_OUTER_BOUND ( 'NONE', #9095, .T. ) ;
#6994 = VERTEX_POINT ( 'NONE', #3240 ) ;
#6995 = ORIENTED_EDGE ( 'NONE', *, *, #4016, .F. ) ;
#6996 = ORIENTED_EDGE ( 'NONE', *, *, #5512, .T. ) ;
#6997 = ADVANCED_FACE ( 'NONE', ( #7020 ), #8491, .T. ) ;
#6998 = CARTESIAN_POINT ( 'NONE',  ( 2.199999999999988600, 4.900000000000009200, -1.110223078000000000E-014 ) ) ;
#6999 = CARTESIAN_POINT ( 'NONE',  ( -0.9854666292895432100, -0.4896910717270207000, 1.104999999999999800 ) ) ;
#7000 = LINE ( 'NONE', #7501, #2442 ) ;
#7001 = CARTESIAN_POINT ( 'NONE',  ( 3.804484476406383200, 4.482806999099951300, 0.9999999999999879000 ) ) ;
#7002 = EDGE_CURVE ( 'NONE', #6168, #8328, #3043, .T. ) ;
#7003 = VECTOR ( 'NONE', #2127, 1000.000000000000000 ) ;
#7004 = CARTESIAN_POINT ( 'NONE',  ( -4.899999997940138700, -1.400000000000034600, 1.014769053845818900E-005 ) ) ;
#7005 = B_SPLINE_CURVE_WITH_KNOTS ( 'NONE', 3,
 ( #5999, #9657, #5941, #1432 ),
 .UNSPECIFIED., .F., .F.,
 ( 4, 4 ),
 ( 0.0000000000000000000, 1.000000000000000000 ),
 .UNSPECIFIED. ) ;
#7006 = DIRECTION ( 'NONE',  ( 1.000000000000000000, 0.0000000000000000000, 0.0000000000000000000 ) ) ;
#7007 = MECHANICAL_DESIGN_GEOMETRIC_PRESENTATION_REPRESENTATION (  '', ( #8656 ), #1608 ) ;
#7008 = ADVANCED_FACE ( 'NONE', ( #9181 ), #7757, .T. ) ;
#7009 = VECTOR ( 'NONE', #4721, 1000.000000000000000 ) ;
#7010 = CARTESIAN_POINT ( 'NONE',  ( -3.655992052357238900, 4.617157287525370400, 8.342941000007190800E-019 ) ) ;
#7011 = EDGE_CURVE ( 'NONE', #5460, #7864, #9070, .T. ) ;
#7012 = CARTESIAN_POINT ( 'NONE',  ( -2.611865676495978200, -3.497464163249594200, 0.9999999999999879000 ) ) ;
#7013 = ORIENTED_EDGE ( 'NONE', *, *, #1031, .F. ) ;
#7014 = DIRECTION ( 'NONE',  ( 0.7071067811865480200, -0.7071067811865470200, 0.0000000000000000000 ) ) ;
#7015 = CARTESIAN_POINT ( 'NONE',  ( -0.2285542411257752700, 1.076573581986541000, 1.300656290811270200 ) ) ;
#7016 = CARTESIAN_POINT ( 'NONE',  ( -2.591049779960832300, -4.900000000000010100, 1.353025525256332200E-005 ) ) ;
#7017 = DIRECTION ( 'NONE',  ( 0.0000000000000000000, 0.0000000000000000000, 1.000000000000000000 ) ) ;
#7018 = CARTESIAN_POINT ( 'NONE',  ( 1.883217427953447300, -1.428951199357649600, 1.104999999999999500 ) ) ;
#7019 = CARTESIAN_POINT ( 'NONE',  ( 0.1604992051110384600, -1.088303710601833800, 1.255110244032591900 ) ) ;
#7020 = FACE_OUTER_BOUND ( 'NONE', #8882, .T. ) ;
#7021 = CARTESIAN_POINT ( 'NONE',  ( -2.290873420206676500, -1.314808006368470200, 0.9746002257675691100 ) ) ;
#7022 = EDGE_CURVE ( 'NONE', #5434, #4701, #5598, .T. ) ;
#7023 = CARTESIAN_POINT ( 'NONE',  ( -3.498871687761059500, -2.409490666577821700, 1.305000000000012600 ) ) ;
#7024 = FACE_OUTER_BOUND ( 'NONE', #2653, .T. ) ;
#7025 = CARTESIAN_POINT ( 'NONE',  ( -0.2999999999999684000, -4.912442089811461800, 4.564213066621158900E-005 ) ) ;
#7026 = EDGE_CURVE ( 'NONE', #2129, #6610, #4504, .T. ) ;
#7027 = CARTESIAN_POINT ( 'NONE',  ( -4.912401490849809700, -0.8000000000000258000, 0.1000456338892762700 ) ) ;
#7028 = ORIENTED_EDGE ( 'NONE', *, *, #1466, .F. ) ;
#7029 = CARTESIAN_POINT ( 'NONE',  ( 0.3817191672772465300, -1.346956004230699800, 0.9999999999999879000 ) ) ;
#7030 = CYLINDRICAL_SURFACE ( 'NONE', #3281, 1.099999999999994300 ) ;
#7031 = CYLINDRICAL_SURFACE ( 'NONE', #2201, 1.099999999999994500 ) ;
#7032 = ORIENTED_EDGE ( 'NONE', *, *, #5273, .F. ) ;
#7033 = AXIS2_PLACEMENT_3D ( 'NONE', #3499, #447, #1258 ) ;
#7034 = ORIENTED_EDGE ( 'NONE', *, *, #209, .T. ) ;
#7035 = VECTOR ( 'NONE', #8619, 1000.000000000000000 ) ;
#7036 = DIRECTION ( 'NONE',  ( 0.7071067811865520100, 0.7071067811865430200, 1.047315000000000100E-031 ) ) ;
#7037 = DIRECTION ( 'NONE',  ( 0.0000000000000000000, 0.0000000000000000000, 1.000000000000000000 ) ) ;
#7038 = PRESENTATION_LAYER_ASSIGNMENT (  '', '', ( #4179 ) ) ;
#7039 = CARTESIAN_POINT ( 'NONE',  ( 3.663063120169086000, -4.624228355337261400, 2.888894916580853800E-031 ) ) ;
#7040 = ORIENTED_EDGE ( 'NONE', *, *, #20, .F. ) ;
#7041 = CARTESIAN_POINT ( 'NONE',  ( 3.313717251608415900, -1.776415499141504000, 1.305000000000012800 ) ) ;
#7042 = VERTEX_POINT ( 'NONE', #7636 ) ;
#7043 = VECTOR ( 'NONE', #7145, 1000.000000000000000 ) ;
#7044 = CARTESIAN_POINT ( 'NONE',  ( -5.005766807287230300, 0.7999999999999750600, 0.01712039946237795300 ) ) ;
#7045 = ORIENTED_EDGE ( 'NONE', *, *, #3263, .T. ) ;
#7046 = ADVANCED_FACE ( 'NONE', ( #8727 ), #4024, .F. ) ;
#7047 = VERTEX_POINT ( 'NONE', #922 ) ;
#7048 = CARTESIAN_POINT ( 'NONE',  ( 0.0000000000000000000, 0.0000000000000000000, 0.9999999999999879000 ) ) ;
#7049 = EDGE_CURVE ( 'NONE', #4546, #9037, #7699, .T. ) ;
#7050 = EDGE_LOOP ( 'NONE', ( #2037, #7013, #6496, #4025 ) ) ;
#7051 = ORIENTED_EDGE ( 'NONE', *, *, #8314, .F. ) ;
#7052 = AXIS2_PLACEMENT_3D ( 'NONE', #6978, #966, #306 ) ;
#7053 = LINE ( 'NONE', #8758, #7629 ) ;
#7054 = CARTESIAN_POINT ( 'NONE',  ( 3.655992052357198500, 4.617157287525388100, 0.9745999999999878100 ) ) ;
#7055 = ORIENTED_EDGE ( 'NONE', *, *, #3952, .T. ) ;
#7056 = CARTESIAN_POINT ( 'NONE',  ( -5.101754311063978700, 1.399999999999962600, 0.1205696156111533400 ) ) ;
#7057 = B_SPLINE_CURVE_WITH_KNOTS ( 'NONE', 3,
 ( #2919, #3640, #5163, #2806 ),
 .UNSPECIFIED., .F., .F.,
 ( 4, 4 ),
 ( 0.0000000000000000000, 0.07760597789050187300 ),
 .UNSPECIFIED. ) ;
#7058 = APPLICATION_PROTOCOL_DEFINITION ( 'draft international standard', 'automotive_design', 1998, #2555 ) ;
#7059 = ORIENTED_EDGE ( 'NONE', *, *, #8180, .T. ) ;
#7060 = ORIENTED_EDGE ( 'NONE', *, *, #165, .T. ) ;
#7061 = DIRECTION ( 'NONE',  ( 0.0000000000000000000, -0.0000000000000000000, 1.000000000000000000 ) ) ;
#7062 = EDGE_CURVE ( 'NONE', #948, #9256, #8163, .T. ) ;
#7063 = LINE ( 'NONE', #3363, #8675 ) ;
#7064 = CARTESIAN_POINT ( 'NONE',  ( -0.2999999999999684600, -4.899999995880147500, 2.142290222297524000E-005 ) ) ;
#7065 = ORIENTED_EDGE ( 'NONE', *, *, #7568, .T. ) ;
#7066 =( NAMED_UNIT ( * ) SI_UNIT ( $, .STERADIAN. ) SOLID_ANGLE_UNIT ( ) );
#7067 = VECTOR ( 'NONE', #7257, 1000.000000000000100 ) ;
#7068 = EDGE_CURVE ( 'NONE', #4410, #3325, #7580, .T. ) ;
#7069 = CARTESIAN_POINT ( 'NONE',  ( -1.025472922904440600, 0.3980016135517267000, 1.205000000000184100 ) ) ;
#7070 = VERTEX_POINT ( 'NONE', #9104 ) ;
#7071 = ORIENTED_EDGE ( 'NONE', *, *, #9357, .F. ) ;
#7072 = CARTESIAN_POINT ( 'NONE',  ( 1.600000000000001000, 5.104562965483541600, 0.1205301651312310800 ) ) ;
#7073 = CARTESIAN_POINT ( 'NONE',  ( 1.420385550626950500, -1.899644595732674000, 1.104999999999999500 ) ) ;
#7074 = CARTESIAN_POINT ( 'NONE',  ( -1.099999999999994300, -2.694222958124163200E-016, 1.555000000000003300 ) ) ;
#7075 = VECTOR ( 'NONE', #3610, 1000.000000000000100 ) ;
#7076 = EDGE_LOOP ( 'NONE', ( #9000, #9062, #2361, #9551, #6295, #6064, #9650, #2780 ) ) ;
#7077 = ORIENTED_EDGE ( 'NONE', *, *, #6962, .F. ) ;
#7078 = CARTESIAN_POINT ( 'NONE',  ( -0.5003554042673271600, -0.9796144493730506400, 1.104999999999999500 ) ) ;
#7079 = EDGE_CURVE ( 'NONE', #7165, #7374, #8224, .T. ) ;
#7080 = CARTESIAN_POINT ( 'NONE',  ( 1.379331478658528000, 0.4176662562448607600, 1.024999999999989500 ) ) ;
#7081 = VECTOR ( 'NONE', #2196, 1000.000000000000200 ) ;
#7082 = ORIENTED_EDGE ( 'NONE', *, *, #860, .F. ) ;
#7083 = EDGE_CURVE ( 'NONE', #4551, #8759, #2558, .T. ) ;
#7084 = CARTESIAN_POINT ( 'NONE',  ( -0.3263083717189386200, 1.052517521020266900, 1.297673315072088700 ) ) ;
#7085 = B_SPLINE_CURVE_WITH_KNOTS ( 'NONE', 3,
 ( #7074, #1147, #7812, #8546, #4113, #312, #1954, #4970, #7836, #3356, #6329, #6423, #8642, #4181, #8617, #6390, #7169, #3484 ),
 .UNSPECIFIED., .F., .F.,
 ( 4, 2, 2, 2, 2, 2, 2, 2, 4 ),
 ( 0.5000000000000000000, 0.5624999999999998900, 0.6249999999999998900, 0.6874999999999997800, 0.7499999999999997800, 0.8124999999999998900, 0.8749999999999998900, 0.9375000000000000000, 1.000000000000000000 ),
 .UNSPECIFIED. ) ;
#7086 = LINE ( 'NONE', #7080, #4295 ) ;
#7087 = VERTEX_POINT ( 'NONE', #898 ) ;
#7088 = COLOUR_RGB ( '',0.7921568627450980000, 0.8196078431372548800, 0.9333333333333333500 ) ;
#7089 = VECTOR ( 'NONE', #1668, 999.9999999999998900 ) ;
#7090 = ORIENTED_EDGE ( 'NONE', *, *, #1556, .T. ) ;
#7091 = EDGE_CURVE ( 'NONE', #3657, #6036, #5944, .T. ) ;
#7092 = PRESENTATION_LAYER_ASSIGNMENT (  '', '', ( #5780 ) ) ;
#7093 = VERTEX_POINT ( 'NONE', #9172 ) ;
#7094 = ADVANCED_FACE ( 'NONE', ( #6764 ), #2605, .T. ) ;
#7095 = CARTESIAN_POINT ( 'NONE',  ( -3.655992052357206000, -4.617157287525381900, 8.342941000019950100E-019 ) ) ;
#7096 = LINE ( 'NONE', #40, #6625 ) ;
#7097 = EDGE_LOOP ( 'NONE', ( #8707, #3943, #9217, #2632, #7396 ) ) ;
#7098 = VERTEX_POINT ( 'NONE', #5588 ) ;
#7099 = EDGE_LOOP ( 'NONE', ( #3335, #8355, #902, #332 ) ) ;
#7100 = CARTESIAN_POINT ( 'NONE',  ( 1.399999999999988100, 0.0000000000000000000, 1.350000000000010300 ) ) ;
#7101 = CARTESIAN_POINT ( 'NONE',  ( 1.307373372355059600, -2.272610209268739000, 1.000000000046331800 ) ) ;
#7102 = CARTESIAN_POINT ( 'NONE',  ( -4.897191345580448100, -1.400000000000028100, 1.972523996270000100E-005 ) ) ;
#7104 = VECTOR ( 'NONE', #9127, 999.9999999999998900 ) ;
#7103 = CARTESIAN_POINT ( 'NONE',  ( 0.3000000000000192500, -4.864794230386966200, 3.945047992540000200E-005 ) ) ;
#7105 = ORIENTED_EDGE ( 'NONE', *, *, #3010, .T. ) ;
#7106 = CARTESIAN_POINT ( 'NONE',  ( -0.5003554042673272800, 0.9796144493730502000, 1.104999999999999500 ) ) ;
#7107 = AXIS2_PLACEMENT_3D ( 'NONE', #9702, #5274, #2270 ) ;
#7108 = LINE ( 'NONE', #8994, #4199 ) ;
#7109 = VERTEX_POINT ( 'NONE', #8597 ) ;
#7110 = ORIENTED_EDGE ( 'NONE', *, *, #7861, .T. ) ;
#7111 = CARTESIAN_POINT ( 'NONE',  ( 4.964338312599232400, 1.400000000000013500, 2.612070577906033100E-005 ) ) ;
#7112 = CARTESIAN_POINT ( 'NONE',  ( 2.398823671904402000, -2.409490608222201400, 0.9745999999999879200 ) ) ;
#7113 = ORIENTED_EDGE ( 'NONE', *, *, #3764, .F. ) ;
#7114 = CARTESIAN_POINT ( 'NONE',  ( -1.308034461586842000, 2.265746584930619500, 1.211325739033368300 ) ) ;
#7115 = CARTESIAN_POINT ( 'NONE',  ( -3.797413408594520100, -4.475735931288087800, 0.9745999999999879200 ) ) ;
#7116 = AXIS2_PLACEMENT_3D ( 'NONE', #6653, #6619, #655 ) ;
#7117 = VECTOR ( 'NONE', #2641, 1000.000000000000000 ) ;
#7118 = CARTESIAN_POINT ( 'NONE',  ( 1.600000000000025800, -4.899999995880147500, 2.142290222297524000E-005 ) ) ;
#7119 = VERTEX_POINT ( 'NONE', #1126 ) ;
#7120 = CARTESIAN_POINT ( 'NONE',  ( 1.070872222287873500, -0.6166059936920994500, 1.230000000000007800 ) ) ;
#7121 = CARTESIAN_POINT ( 'NONE',  ( 1.600000000000000800, 5.103967321807094700, 0.7162854755018252000 ) ) ;
#7122 = EDGE_CURVE ( 'NONE', #8328, #1705, #1489, .T. ) ;
#7123 = LINE ( 'NONE', #3570, #667 ) ;
#7124 = CARTESIAN_POINT ( 'NONE',  ( -1.467719826306876900, -0.3292779085965360500, 1.024999999999989500 ) ) ;
#7125 = FACE_OUTER_BOUND ( 'NONE', #6621, .T. ) ;
#7126 = DIRECTION ( 'NONE',  ( -1.000000000000000000, 0.0000000000000000000, -0.0000000000000000000 ) ) ;
#7127 = SURFACE_STYLE_FILL_AREA ( #7764 ) ;
#7128 = EDGE_CURVE ( 'NONE', #9199, #8213, #9538, .T. ) ;
#7129 = ORIENTED_EDGE ( 'NONE', *, *, #4502, .F. ) ;
#7130 = B_SPLINE_CURVE_WITH_KNOTS ( 'NONE', 3,
 ( #6768, #9615, #2281, #669 ),
 .UNSPECIFIED., .F., .F.,
 ( 4, 4 ),
 ( 0.0000000000000000000, 1.000000000000000000 ),
 .UNSPECIFIED. ) ;
#7131 = CARTESIAN_POINT ( 'NONE',  ( 1.420385550626950500, -1.899644595732674000, 1.104999999999999500 ) ) ;
#7132 = CARTESIAN_POINT ( 'NONE',  ( -2.362905534843784400, 1.297982386911043800, 0.8999999999999798200 ) ) ;
#7133 = DIRECTION ( 'NONE',  ( -0.7071067811865567900, -0.7071067811865383600, 0.0000000000000000000 ) ) ;
#7134 = CARTESIAN_POINT ( 'NONE',  ( -4.797191345580442200, 1.399999999999962600, 3.945047992540000200E-005 ) ) ;
#7135 = CARTESIAN_POINT ( 'NONE',  ( 1.099999999999992100, -2.158191010000000100E-032, 1.350000000000010300 ) ) ;
#7136 = CARTESIAN_POINT ( 'NONE',  ( 4.617157287525354400, -3.655992052357232700, -1.951563149325845300E-015 ) ) ;
#7137 = VECTOR ( 'NONE', #7476, 1000.000000000000000 ) ;
#7138 = CARTESIAN_POINT ( 'NONE',  ( 4.915250744231022900, 1.400000000000013500, 6.191650733161523500E-006 ) ) ;
#7139 = DIRECTION ( 'NONE',  ( -1.000000000000000000, 0.0000000000000000000, 0.0000000000000000000 ) ) ;
#7140 = EDGE_CURVE ( 'NONE', #9241, #7889, #1138, .T. ) ;
#7141 = UNCERTAINTY_MEASURE_WITH_UNIT (LENGTH_MEASURE( 1.000000000000000100E-005 ), #764, 'distance_accuracy_value', 'NONE');
#7142 = DIRECTION ( 'NONE',  ( -0.0000000000000000000, -0.0000000000000000000, 1.000000000000000000 ) ) ;
#7143 = CARTESIAN_POINT ( 'NONE',  ( -3.804484476406383200, -4.482806999099951300, 0.9745999999999879200 ) ) ;
#7144 = ADVANCED_FACE ( 'NONE', ( #539 ), #5723, .T. ) ;
#7145 = DIRECTION ( 'NONE',  ( 0.7071067811865565700, -0.7071067811865384700, -7.178599602458696000E-016 ) ) ;
#7146 = ORIENTED_EDGE ( 'NONE', *, *, #330, .T. ) ;
#7147 = B_SPLINE_CURVE_WITH_KNOTS ( 'NONE', 3,
 ( #2305, #63, #2372, #2335 ),
 .UNSPECIFIED., .F., .F.,
 ( 4, 4 ),
 ( 0.0000000000000000000, 1.000000000000000000 ),
 .UNSPECIFIED. ) ;
#7148 = EDGE_CURVE ( 'NONE', #693, #8049, #5962, .T. ) ;
#7149 = FACE_OUTER_BOUND ( 'NONE', #8797, .T. ) ;
#7150 = CARTESIAN_POINT ( 'NONE',  ( 0.3000000000000192500, -4.899063776367008000, 4.021066823431818400E-005 ) ) ;
#7151 = DIRECTION ( 'NONE',  ( -0.7071067811865570100, 0.7071067811865380200, 0.0000000000000000000 ) ) ;
#7152 = ORIENTED_EDGE ( 'NONE', *, *, #1988, .F. ) ;
#7153 = FACE_OUTER_BOUND ( 'NONE', #6223, .T. ) ;
#7154 = ORIENTED_EDGE ( 'NONE', *, *, #2152, .F. ) ;
#7155 = ORIENTED_EDGE ( 'NONE', *, *, #4980, .T. ) ;
#7156 = CARTESIAN_POINT ( 'NONE',  ( 1.600000000000026300, -5.199756585854300000, 0.6996380906312345000 ) ) ;
#7157 = CARTESIAN_POINT ( 'NONE',  ( 3.655992052357217600, -4.617157287525393400, 0.9745999999999879200 ) ) ;
#7158 = AXIS2_PLACEMENT_3D ( 'NONE', #9599, #1445, #5981 ) ;
#7159 = ORIENTED_EDGE ( 'NONE', *, *, #4278, .F. ) ;
#7160 = ORIENTED_EDGE ( 'NONE', *, *, #8405, .T. ) ;
#7161 = CARTESIAN_POINT ( 'NONE',  ( -4.900000000000008300, -3.373149339882619600, 0.9745999999999879200 ) ) ;
#7162 = CARTESIAN_POINT ( 'NONE',  ( 1.762411793824727500, 1.481823279040247500, 1.305000000000012600 ) ) ;
#7163 = DIRECTION ( 'NONE',  ( 0.0000000000000000000, -0.0000000000000000000, 1.000000000000000000 ) ) ;
#7164 = VECTOR ( 'NONE', #2100, 1000.000000000000100 ) ;
#7165 = VERTEX_POINT ( 'NONE', #7848 ) ;
#7166 = ORIENTED_EDGE ( 'NONE', *, *, #3707, .F. ) ;
#7167 = DIRECTION ( 'NONE',  ( 1.000000000000000000, 0.0000000000000000000, 0.0000000000000000000 ) ) ;
#7168 = STYLED_ITEM ( 'NONE', ( #6283 ), #1309 ) ;
#7169 = CARTESIAN_POINT ( 'NONE',  ( 1.099999999999994500, 0.1439896632895319400, 1.555000000000003000 ) ) ;
#7170 = CARTESIAN_POINT ( 'NONE',  ( -5.101158667387508700, -1.400000000000038800, 0.7163249259817507900 ) ) ;
#7171 = VERTEX_POINT ( 'NONE', #3398 ) ;
#7172 = CARTESIAN_POINT ( 'NONE',  ( 0.5003554042673273900, -0.9796144493730506400, 1.104999999999999500 ) ) ;
#7173 = CARTESIAN_POINT ( 'NONE',  ( -1.317278996781916100, -2.208676183752509300, 1.279825991440758100 ) ) ;
#7174 = B_SPLINE_CURVE_WITH_KNOTS ( 'NONE', 3,
 ( #4641, #2359, #6074, #6134, #8263, #3851 ),
 .UNSPECIFIED., .F., .F.,
 ( 4, 2, 4 ),
 ( 0.0000000000000000000, 0.5000000000000000000, 1.000000000000000000 ),
 .UNSPECIFIED. ) ;
#7175 = CARTESIAN_POINT ( 'NONE',  ( -4.900000000000010100, -0.8000000000000259100, 0.1000101497517858500 ) ) ;
#7176 = DIRECTION ( 'NONE',  ( -0.0000000000000000000, -0.0000000000000000000, 1.000000000000000000 ) ) ;
#7177 = AXIS2_PLACEMENT_3D ( 'NONE', #5931, #1396, #8859 ) ;
#7178 = LINE ( 'NONE', #4923, #3556 ) ;
#7179 = ORIENTED_EDGE ( 'NONE', *, *, #1739, .F. ) ;
#7180 = EDGE_CURVE ( 'NONE', #7374, #5118, #5143, .T. ) ;
#7181 = CARTESIAN_POINT ( 'NONE',  ( -3.663063120169086000, -4.624228355337261400, 1.925929944387235900E-031 ) ) ;
#7182 = LINE ( 'NONE', #2191, #2393 ) ;
#7183 = ORIENTED_EDGE ( 'NONE', *, *, #6393, .F. ) ;
#7184 = ORIENTED_EDGE ( 'NONE', *, *, #4883, .F. ) ;
#7185 = CIRCLE ( 'NONE', #5260, 1.099999999999994500 ) ;
#7186 = ORIENTED_EDGE ( 'NONE', *, *, #7915, .T. ) ;
#7187 = CARTESIAN_POINT ( 'NONE',  ( -2.400000000000001200, -2.400000000000001200, 0.9745999999999879200 ) ) ;
#7188 = EDGE_CURVE ( 'NONE', #1545, #6007, #1832, .T. ) ;
#7189 = FACE_OUTER_BOUND ( 'NONE', #1790, .T. ) ;
#7190 = ADVANCED_FACE ( 'NONE', ( #5840 ), #1955, .F. ) ;
#7191 = DIRECTION ( 'NONE',  ( 0.0000000000000000000, -1.000000000000000000, 0.0000000000000000000 ) ) ;
#7192 = ORIENTED_EDGE ( 'NONE', *, *, #1858, .F. ) ;
#7193 = EDGE_CURVE ( 'NONE', #7449, #9602, #5870, .T. ) ;
#7194 = CARTESIAN_POINT ( 'NONE',  ( -1.074105654929551300, 0.2378302823621235600, 1.300837494889647900 ) ) ;
#7195 = FACE_BOUND ( 'NONE', #1548, .T. ) ;
#7196 = VERTEX_POINT ( 'NONE', #4171 ) ;
#7197 = EDGE_CURVE ( 'NONE', #5400, #8490, #1612, .T. ) ;
#7198 = CARTESIAN_POINT ( 'NONE',  ( -1.017407882738178300, 0.4189505452443760300, 1.151589969646283200 ) ) ;
#7199 = CARTESIAN_POINT ( 'NONE',  ( -1.600000000000001000, 4.900000000000009200, -1.110223078000000000E-014 ) ) ;
#7200 = CARTESIAN_POINT ( 'NONE',  ( 0.2999999999999937700, 5.103967321807094700, 0.7162854755018253100 ) ) ;
#7201 = LINE ( 'NONE', #7910, #4527 ) ;
#7202 = CARTESIAN_POINT ( 'NONE',  ( -4.797191345580442200, -0.8000000000000258000, 3.945047992540000200E-005 ) ) ;
#7203 = ORIENTED_EDGE ( 'NONE', *, *, #2814, .F. ) ;
#7204 = DIRECTION ( 'NONE',  ( 0.0000000000000000000, 0.0000000000000000000, 1.000000000000000000 ) ) ;
#7205 = CARTESIAN_POINT ( 'NONE',  ( 4.961968064955896400, -1.399999999999988100, 0.1000251666604915600 ) ) ;
#7206 = EDGE_CURVE ( 'NONE', #6875, #7093, #2316, .T. ) ;
#7207 = DIRECTION ( 'NONE',  ( 1.000000000000000000, -0.0000000000000000000, 0.0000000000000000000 ) ) ;
#7208 = LINE ( 'NONE', #6648, #5006 ) ;
#7209 = ORIENTED_EDGE ( 'NONE', *, *, #7249, .T. ) ;
#7210 = DIRECTION ( 'NONE',  ( 0.0000000000000000000, 0.0000000000000000000, 1.000000000000000000 ) ) ;
#7211 = FACE_OUTER_BOUND ( 'NONE', #7565, .T. ) ;
#7212 = DIRECTION ( 'NONE',  ( -0.7071067811865520100, -0.7071067811865431300, -1.047315000000000100E-031 ) ) ;
#7213 = DIRECTION ( 'NONE',  ( 0.7071067811865583400, -0.7071067811865368000, 0.0000000000000000000 ) ) ;
#7214 = ORIENTED_EDGE ( 'NONE', *, *, #9211, .F. ) ;
#7215 = ORIENTED_EDGE ( 'NONE', *, *, #8045, .F. ) ;
#7216 = EDGE_CURVE ( 'NONE', #4798, #6588, #3755, .T. ) ;
#7217 = CARTESIAN_POINT ( 'NONE',  ( 2.261856096239423400, 1.317836703950118900, 1.235105429232296700 ) ) ;
#7218 = ORIENTED_EDGE ( 'NONE', *, *, #8180, .F. ) ;
#7219 = CIRCLE ( 'NONE', #6240, 1.099999999999994500 ) ;
#7220 = ORIENTED_EDGE ( 'NONE', *, *, #9013, .T. ) ;
#7221 = DIRECTION ( 'NONE',  ( -0.7071067811865430200, -0.7071067811865521200, -8.342941000000000200E-017 ) ) ;
#7222 = LINE ( 'NONE', #7496, #651 ) ;
#7223 = EDGE_LOOP ( 'NONE', ( #8582, #7971, #2866, #1817 ) ) ;
#7224 = DIRECTION ( 'NONE',  ( 0.0000000000000000000, 0.0004059900380440000900, -0.9999999175860412300 ) ) ;
#7225 = ORIENTED_EDGE ( 'NONE', *, *, #2875, .T. ) ;
#7226 = PRESENTATION_LAYER_ASSIGNMENT (  '', '', ( #7894 ) ) ;
#7227 = VERTEX_POINT ( 'NONE', #2979 ) ;
#7228 = DIRECTION ( 'NONE',  ( 0.7071067811865431300, 0.7071067811865520100, -8.342941000000002700E-017 ) ) ;
#7229 = FACE_OUTER_BOUND ( 'NONE', #2818, .T. ) ;
#7230 = CARTESIAN_POINT ( 'NONE',  ( 1.322087919864747700, 2.184192383455726600, 1.292866810089499300 ) ) ;
#7231 = LINE ( 'NONE', #5913, #299 ) ;
#7232 = ADVANCED_FACE ( 'NONE', ( #8946 ), #9680, .T. ) ;
#7233 = CARTESIAN_POINT ( 'NONE',  ( -2.199999999999963300, -5.101158667387508700, 0.7163249259817521300 ) ) ;
#7234 = CARTESIAN_POINT ( 'NONE',  ( 1.064000292494317000, 0.2791117653772569000, 1.305000000000013300 ) ) ;
#7235 = LINE ( 'NONE', #3742, #3155 ) ;
#7236 = PRODUCT_RELATED_PRODUCT_CATEGORY ( 'part', '', ( #7855 ) ) ;
#7237 = EDGE_CURVE ( 'NONE', #116, #3525, #7344, .T. ) ;
#7238 = CARTESIAN_POINT ( 'NONE',  ( 0.3835733962145826400, 1.346430526988920100, 1.008243544018639900 ) ) ;
#7239 = ORIENTED_EDGE ( 'NONE', *, *, #2040, .F. ) ;
#7240 = ADVANCED_FACE ( 'NONE', ( #5268 ), #1554, .T. ) ;
#7241 = B_SPLINE_CURVE_WITH_KNOTS ( 'NONE', 3,
 ( #4238, #9423, #4364, #3512 ),
 .UNSPECIFIED., .F., .F.,
 ( 4, 4 ),
 ( 0.0000000000000000000, 1.000000000000000000 ),
 .UNSPECIFIED. ) ;
#7242 = CARTESIAN_POINT ( 'NONE',  ( 2.444109822320299900, -1.305667904609961500, 0.8999999999999982500 ) ) ;
#7243 = CARTESIAN_POINT ( 'NONE',  ( 1.600000000000026100, -5.101158667387508700, 0.7163249259817521300 ) ) ;
#7244 = LINE ( 'NONE', #830, #8625 ) ;
#7245 = CARTESIAN_POINT ( 'NONE',  ( -2.398823671904402000, 2.409490608222226700, 0.9000000000000069100 ) ) ;
#7246 = PLANE ( 'NONE',  #5854 ) ;
#7247 = EDGE_CURVE ( 'NONE', #5856, #5566, #7235, .T. ) ;
#7248 = LINE ( 'NONE', #2740, #6795 ) ;
#7249 = EDGE_CURVE ( 'NONE', #4961, #5152, #8837, .T. ) ;
#7250 = DIRECTION ( 'NONE',  ( 0.7071067811865430200, -0.7071067811865521200, -8.342941000000002700E-017 ) ) ;
#7251 = ORIENTED_EDGE ( 'NONE', *, *, #4516, .F. ) ;
#7252 = FACE_OUTER_BOUND ( 'NONE', #2730, .T. ) ;
#7253 = CARTESIAN_POINT ( 'NONE',  ( -1.600000000000001000, 4.915169546265580900, 0.2000061751679519900 ) ) ;
#7254 = VECTOR ( 'NONE', #4899, 1000.000000000000000 ) ;
#7255 = CARTESIAN_POINT ( 'NONE',  ( -4.900000000000009200, 3.373149339882570300, 0.0000000000000000000 ) ) ;
#7256 = DIRECTION ( 'NONE',  ( 0.0000000000000000000, 1.000000000000000000, -0.0000000000000000000 ) ) ;
#7257 = DIRECTION ( 'NONE',  ( -0.7071067811865885400, 0.7071067811865063800, 0.0000000000000000000 ) ) ;
#7258 = CARTESIAN_POINT ( 'NONE',  ( 4.915250744231022900, 0.8000000000000006000, 6.191650733161523500E-006 ) ) ;
#7259 = ORIENTED_EDGE ( 'NONE', *, *, #4402, .F. ) ;
#7260 = CARTESIAN_POINT ( 'NONE',  ( 1.600000000000026300, -4.900000000000010100, 0.1000304492553447700 ) ) ;
#7261 = EDGE_CURVE ( 'NONE', #8672, #5358, #5382, .T. ) ;
#7262 = EDGE_LOOP ( 'NONE', ( #7895, #9170, #8419, #5708 ) ) ;
#7263 = CARTESIAN_POINT ( 'NONE',  ( -3.804484476406389900, 4.482806999099958400, 0.2000000000000128600 ) ) ;
#7264 = VECTOR ( 'NONE', #2945, 1000.000000000000000 ) ;
#7265 = CARTESIAN_POINT ( 'NONE',  ( -0.2999999999999937700, 5.044259729609564100, 0.3109558122168243900 ) ) ;
#7266 = CARTESIAN_POINT ( 'NONE',  ( 2.060570470635490400, -1.353999000289168600, 1.289126084316100100 ) ) ;
#7267 = CARTESIAN_POINT ( 'NONE',  ( 1.099999999999994300, 1.347111479062081400E-016, 1.305000000000012600 ) ) ;
#7268 = ORIENTED_EDGE ( 'NONE', *, *, #9537, .F. ) ;
#7269 = EDGE_CURVE ( 'NONE', #9414, #8161, #1260, .T. ) ;
#7270 = AXIS2_PLACEMENT_3D ( 'NONE', #2634, #6391, #470 ) ;
#7271 = DIRECTION ( 'NONE',  ( 0.0000000000000000000, 0.1668683535052474500, -0.9859791846679359900 ) ) ;
#7272 = ORIENTED_EDGE ( 'NONE', *, *, #2916, .T. ) ;
#7273 = VECTOR ( 'NONE', #8242, 1000.000000000000100 ) ;
#7274 = CARTESIAN_POINT ( 'NONE',  ( 3.663063120169086000, -4.624228355337261400, 2.888894916580853800E-031 ) ) ;
#7275 = ORIENTED_EDGE ( 'NONE', *, *, #8839, .T. ) ;
#7276 = EDGE_LOOP ( 'NONE', ( #3575, #3432, #9089, #9337 ) ) ;
#7277 = EDGE_LOOP ( 'NONE', ( #5951, #2016, #4757, #2003 ) ) ;
#7278 = ADVANCED_FACE ( 'NONE', ( #6522 ), #2245, .F. ) ;
#7279 = EDGE_LOOP ( 'NONE', ( #8555, #7766, #4681, #5514 ) ) ;
#7280 = CARTESIAN_POINT ( 'NONE',  ( -4.898127560973727600, 1.399999999999988100, 3.983057407985909300E-005 ) ) ;
#7281 = VECTOR ( 'NONE', #4225, 1000.000000000000000 ) ;
#7282 = CARTESIAN_POINT ( 'NONE',  ( 4.475735931288062000, 3.797413408594545900, 0.9745999999999878100 ) ) ;
#7283 = ORIENTED_EDGE ( 'NONE', *, *, #780, .T. ) ;
#7284 = AXIS2_PLACEMENT_3D ( 'NONE', #3516, #1334, #4342 ) ;
#7285 = CARTESIAN_POINT ( 'NONE',  ( -1.336534030627086500, -2.121422557744150800, 1.305000000000012200 ) ) ;
#7286 = ORIENTED_EDGE ( 'NONE', *, *, #970, .T. ) ;
#7287 = VERTEX_POINT ( 'NONE', #4529 ) ;
#7288 = DIRECTION ( 'NONE',  ( 0.7071067811865384700, 0.7071067811865565700, 0.0000000000000000000 ) ) ;
#7289 = DIRECTION ( 'NONE',  ( -0.0000000000000000000, 0.0000000000000000000, -1.000000000000000000 ) ) ;
#7290 = AXIS2_PLACEMENT_3D ( 'NONE', #774, #5361, #6744 ) ;
#7291 = CARTESIAN_POINT ( 'NONE',  ( 4.905083581410330900, 0.8000000000000004900, 2.063883566946128300E-006 ) ) ;
#7292 = FACE_OUTER_BOUND ( 'NONE', #3197, .T. ) ;
#7293 = ORIENTED_EDGE ( 'NONE', *, *, #5267, .F. ) ;
#7294 = ORIENTED_EDGE ( 'NONE', *, *, #5213, .F. ) ;
#7295 = CARTESIAN_POINT ( 'NONE',  ( 3.100000000000020500, -4.900000000000009200, 0.1000405990071242100 ) ) ;
#7296 = CARTESIAN_POINT ( 'NONE',  ( -0.2999999999999939900, 5.103967321807094700, 0.7162854755018252000 ) ) ;
#7297 = CARTESIAN_POINT ( 'NONE',  ( -3.491048137816586300, 2.540049851720461900, 0.9999999999999879000 ) ) ;
#7298 = VECTOR ( 'NONE', #8616, 999.9999999999998900 ) ;
#7299 = B_SPLINE_CURVE_WITH_KNOTS ( 'NONE', 3,
 ( #5490, #6954, #3294, #284 ),
 .UNSPECIFIED., .F., .F.,
 ( 4, 4 ),
 ( 0.0000000000000000000, 1.000000000000000000 ),
 .UNSPECIFIED. ) ;
#7300 = ORIENTED_EDGE ( 'NONE', *, *, #6776, .F. ) ;
#7301 = ORIENTED_EDGE ( 'NONE', *, *, #3460, .F. ) ;
#7302 = CARTESIAN_POINT ( 'NONE',  ( -1.087918989839600200, -0.1631860403937207000, 1.258131712057681600 ) ) ;
#7303 = EDGE_CURVE ( 'NONE', #598, #7443, #6309, .T. ) ;
#7304 = FACE_OUTER_BOUND ( 'NONE', #8130, .T. ) ;
#7305 = ORIENTED_EDGE ( 'NONE', *, *, #8214, .F. ) ;
#7306 = PRESENTATION_LAYER_ASSIGNMENT (  '', '', ( #448 ) ) ;
#7307 = VECTOR ( 'NONE', #3677, 1000.000000000000000 ) ;
#7308 = ORIENTED_EDGE ( 'NONE', *, *, #5228, .T. ) ;
#7309 = CARTESIAN_POINT ( 'NONE',  ( 3.655992052357211400, -4.617157287525398800, 0.9745999999999879200 ) ) ;
#7310 = AXIS2_PLACEMENT_3D ( 'NONE', #5713, #1215, #1269 ) ;
#7311 = VECTOR ( 'NONE', #6991, 1000.000000000000000 ) ;
#7312 = VERTEX_POINT ( 'NONE', #7001 ) ;
#7313 = DIRECTION ( 'NONE',  ( 0.0000000000000000000, -0.0004059900380440000900, 0.9999999175860412300 ) ) ;
#7314 = LINE ( 'NONE', #4336, #9040 ) ;
#7315 = CARTESIAN_POINT ( 'NONE',  ( -2.199999999999975800, 4.900000000000009200, 3.095825365898941300E-006 ) ) ;
#7316 = COLOUR_RGB ( '',0.7921568627450980000, 0.8196078431372548800, 0.9333333333333333500 ) ;
#7317 = VERTEX_POINT ( 'NONE', #3874 ) ;
#7318 = EDGE_CURVE ( 'NONE', #1545, #1591, #5495, .T. ) ;
#7319 = CARTESIAN_POINT ( 'NONE',  ( -0.2999999999999684000, -4.912401490849809700, 0.1000456338892922600 ) ) ;
#7320 = CARTESIAN_POINT ( 'NONE',  ( 0.3000000000000192000, -4.912401490849809700, 0.1000456338892871400 ) ) ;
#7321 = EDGE_LOOP ( 'NONE', ( #7746, #8311, #3839, #7495 ) ) ;
#7322 = CARTESIAN_POINT ( 'NONE',  ( 2.254834007165901900, 3.509490607753357900, 1.305000000000012800 ) ) ;
#7324 = SURFACE_STYLE_FILL_AREA ( #1547 ) ;
#7323 = DIRECTION ( 'NONE',  ( 0.0000000000000000000, 0.9859791846679423200, -0.1668683535052100400 ) ) ;
#7325 = ORIENTED_EDGE ( 'NONE', *, *, #7381, .T. ) ;
#7326 = CARTESIAN_POINT ( 'NONE',  ( 5.202565240273880700, -1.399999999999988100, 0.6995986401512802600 ) ) ;
#7327 = LINE ( 'NONE', #9652, #8251 ) ;
#7328 = ORIENTED_EDGE ( 'NONE', *, *, #4471, .T. ) ;
#7329 = ORIENTED_EDGE ( 'NONE', *, *, #8424, .T. ) ;
#7330 = EDGE_LOOP ( 'NONE', ( #3840, #1231, #6552, #6243, #8445, #3081, #7146, #2603 ) ) ;
#7331 = CARTESIAN_POINT ( 'NONE',  ( 1.157474762666338900, -0.5300034533136364100, 1.205000000000185700 ) ) ;
#7332 = EDGE_CURVE ( 'NONE', #8474, #5319, #2794, .T. ) ;
#7333 = CARTESIAN_POINT ( 'NONE',  ( 0.1751366838542042800, -0.7865285385595138800, 1.024999999999989500 ) ) ;
#7334 = CARTESIAN_POINT ( 'NONE',  ( -1.346164917318200600, 0.3844996949045027500, 1.350000000000010300 ) ) ;
#7335 = ADVANCED_FACE ( 'NONE', ( #6898 ), #8270, .T. ) ;
#7336 = VECTOR ( 'NONE', #1177, 1000.000000000000100 ) ;
#7337 = ORIENTED_EDGE ( 'NONE', *, *, #2580, .T. ) ;
#7338 = VECTOR ( 'NONE', #9092, 1000.000000000000000 ) ;
#7339 = ORIENTED_EDGE ( 'NONE', *, *, #7011, .F. ) ;
#7340 = CARTESIAN_POINT ( 'NONE',  ( 4.963386799015065500, -0.8000000000000004900, 0.1000257426524401300 ) ) ;
#7341 = PLANE ( 'NONE',  #7116 ) ;
#7342 = ORIENTED_EDGE ( 'NONE', *, *, #3891, .T. ) ;
#7343 = ORIENTED_EDGE ( 'NONE', *, *, #1565, .F. ) ;
#7344 = LINE ( 'NONE', #1588, #5153 ) ;
#7345 = CARTESIAN_POINT ( 'NONE',  ( 0.3000000000000192000, -4.912401490849809700, 0.1000456338892871400 ) ) ;
#7346 = AXIS2_PLACEMENT_3D ( 'NONE', #7120, #3336, #8519 ) ;
#7347 = ORIENTED_EDGE ( 'NONE', *, *, #3573, .F. ) ;
#7348 = DIRECTION ( 'NONE',  ( 0.7071067811865513500, -0.7071067811865438000, 0.0000000000000000000 ) ) ;
#7349 = AXIS2_PLACEMENT_3D ( 'NONE', #7253, #5185, #3745 ) ;
#7350 = LINE ( 'NONE', #690, #2566 ) ;
#7351 = LINE ( 'NONE', #1344, #3628 ) ;
#7352 = CARTESIAN_POINT ( 'NONE',  ( 1.399999999999988100, 0.0000000000000000000, 0.9745999999999879200 ) ) ;
#7353 = CARTESIAN_POINT ( 'NONE',  ( 2.398823671904402000, 2.409490608222226700, 0.9745999999999879200 ) ) ;
#7354 = CARTESIAN_POINT ( 'NONE',  ( 3.359988688438936900, 2.963471504562669200, 1.305000000000012600 ) ) ;
#7355 =( NAMED_UNIT ( * ) SI_UNIT ( $, .STERADIAN. ) SOLID_ANGLE_UNIT ( ) );
#7356 = DIRECTION ( 'NONE',  ( 0.0000000000000000000, 0.1668683535052474500, -0.9859791846679359900 ) ) ;
#7357 = CARTESIAN_POINT ( 'NONE',  ( 1.055547829433562700, 0.3113333492893003400, 1.302421069236096900 ) ) ;
#7358 = EDGE_CURVE ( 'NONE', #2619, #7914, #777, .T. ) ;
#7359 = LINE ( 'NONE', #7951, #2337 ) ;
#7360 = CARTESIAN_POINT ( 'NONE',  ( 1.092224465912155200, -0.1305592434984655400, 0.9745999999999879200 ) ) ;
#7361 = ORIENTED_EDGE ( 'NONE', *, *, #2454, .T. ) ;
#7362 = CARTESIAN_POINT ( 'NONE',  ( -1.325272628317630600, -2.686531000587031800, 0.9999999999999879000 ) ) ;
#7363 = B_SPLINE_CURVE_WITH_KNOTS ( 'NONE', 3,
 ( #4802, #7743, #1037, #3387 ),
 .UNSPECIFIED., .F., .F.,
 ( 4, 4 ),
 ( 0.0000000000000000000, 1.000000000000000000 ),
 .UNSPECIFIED. ) ;
#7364 = DIRECTION ( 'NONE',  ( -0.7071067811865885400, 0.7071067811865063800, 0.0000000000000000000 ) ) ;
#7365 = AXIS2_PLACEMENT_3D ( 'NONE', #5453, #4740, #5934 ) ;
#7366 = CARTESIAN_POINT ( 'NONE',  ( 1.166666666666690900, -4.900000000000010100, 2.029538287884498400E-005 ) ) ;
#7367 = DIRECTION ( 'NONE',  ( 0.0000000000000000000, 0.0000000000000000000, 1.000000000000000000 ) ) ;
#7368 = CARTESIAN_POINT ( 'NONE',  ( 0.2628539873737367200, 1.068132848986816900, 1.304165683834841700 ) ) ;
#7369 = LINE ( 'NONE', #7157, #5405 ) ;
#7370 = ORIENTED_EDGE ( 'NONE', *, *, #8359, .F. ) ;
#7371 = DIRECTION ( 'NONE',  ( 0.0000000000000000000, 0.0000000000000000000, -1.000000000000000000 ) ) ;
#7372 = EDGE_CURVE ( 'NONE', #1806, #5200, #2926, .T. ) ;
#7373 = DIRECTION ( 'NONE',  ( 0.0000000000000000000, 0.0000000000000000000, -1.000000000000000000 ) ) ;
#7374 = VERTEX_POINT ( 'NONE', #1741 ) ;
#7375 = LINE ( 'NONE', #735, #8865 ) ;
#7376 = EDGE_CURVE ( 'NONE', #5746, #6310, #1020, .T. ) ;
#7377 = ADVANCED_FACE ( 'NONE', ( #9426 ), #924, .T. ) ;
#7378 = DIRECTION ( 'NONE',  ( 0.0000000000000000000, -0.0000000000000000000, -1.000000000000000000 ) ) ;
#7379 = ORIENTED_EDGE ( 'NONE', *, *, #9211, .T. ) ;
#7380 = CARTESIAN_POINT ( 'NONE',  ( 4.899999999999984400, -3.373149339882595100, 0.0000000000000000000 ) ) ;
#7381 = EDGE_CURVE ( 'NONE', #1220, #358, #303, .T. ) ;
#7382 = CARTESIAN_POINT ( 'NONE',  ( -2.199999999999978400, 4.915250744231022900, 6.191650734937880400E-006 ) ) ;
#7383 = VECTOR ( 'NONE', #4282, 1000.000000000000000 ) ;
#7384 = ORIENTED_EDGE ( 'NONE', *, *, #7412, .F. ) ;
#7385 = EDGE_LOOP ( 'NONE', ( #4480, #1163, #6493, #4786 ) ) ;
#7386 = CARTESIAN_POINT ( 'NONE',  ( -0.2999999999999684600, -4.899999995880147500, 2.142290222297524000E-005 ) ) ;
#7387 = CARTESIAN_POINT ( 'NONE',  ( 3.797413408594509500, 4.475735931288077100, 0.9745999999999879200 ) ) ;
#7388 = CARTESIAN_POINT ( 'NONE',  ( -3.655992052357235300, 4.617157287525418300, 0.9745999999999879200 ) ) ;
#7389 = CARTESIAN_POINT ( 'NONE',  ( 1.600000000000001000, 4.900000000000009200, 3.095825365898941300E-006 ) ) ;
#7390 = EDGE_CURVE ( 'NONE', #129, #8073, #4323, .T. ) ;
#7391 = ORIENTED_EDGE ( 'NONE', *, *, #4728, .T. ) ;
#7392 = CARTESIAN_POINT ( 'NONE',  ( -2.199999999999963300, -5.041451075190003000, 0.3109952626967752400 ) ) ;
#7393 = ORIENTED_EDGE ( 'NONE', *, *, #8665, .F. ) ;
#7394 = CARTESIAN_POINT ( 'NONE',  ( 1.298792529268098800, -2.363862050926463200, 0.9999999999999879000 ) ) ;
#7395 = DIRECTION ( 'NONE',  ( 0.0000000000000000000, 0.0000000000000000000, -1.000000000000000000 ) ) ;
#7396 = ORIENTED_EDGE ( 'NONE', *, *, #7763, .T. ) ;
#7397 = VERTEX_POINT ( 'NONE', #3975 ) ;
#7398 = VERTEX_POINT ( 'NONE', #4727 ) ;
#7399 = CARTESIAN_POINT ( 'NONE',  ( 5.013767464732368700, -1.399999999999988100, 0.1833193398174321500 ) ) ;
#7400 = ORIENTED_EDGE ( 'NONE', *, *, #6699, .T. ) ;
#7401 = CARTESIAN_POINT ( 'NONE',  ( 5.112365383199167100, -1.399999999999988100, 0.1666325044669145200 ) ) ;
#7402 = FACE_OUTER_BOUND ( 'NONE', #262, .T. ) ;
#7403 = CARTESIAN_POINT ( 'NONE',  ( 1.025472922904440600, -0.3980016135517265900, 1.205000000000184100 ) ) ;
#7404 = ORIENTED_EDGE ( 'NONE', *, *, #2505, .F. ) ;
#7406 = LINE ( 'NONE', #2995, #8669 ) ;
#7405 = B_SPLINE_CURVE_WITH_KNOTS ( 'NONE', 3,
 ( #3977, #7676, #8430, #5435 ),
 .UNSPECIFIED., .F., .F.,
 ( 4, 4 ),
 ( 0.0000000000000000000, 1.000000000000000000 ),
 .UNSPECIFIED. ) ;
#7407 = ORIENTED_EDGE ( 'NONE', *, *, #1165, .T. ) ;
#7408 = VERTEX_POINT ( 'NONE', #5409 ) ;
#7409 = CARTESIAN_POINT ( 'NONE',  ( -1.600000000000001000, 5.112365383199167100, 0.1666325044669145200 ) ) ;
#7410 = AXIS2_PLACEMENT_3D ( 'NONE', #5422, #1734, #2537 ) ;
#7411 = ORIENTED_EDGE ( 'NONE', *, *, #6767, .F. ) ;
#7412 = EDGE_CURVE ( 'NONE', #1319, #4546, #3057, .T. ) ;
#7413 = CARTESIAN_POINT ( 'NONE',  ( -3.598400220000000200E-032, -2.158191010000000100E-032, 1.305000000000012600 ) ) ;
#7414 = CARTESIAN_POINT ( 'NONE',  ( 1.298823674785878800, 2.553480291391685400, 1.305000000000012600 ) ) ;
#7415 = DIRECTION ( 'NONE',  ( 0.0000000000000000000, 0.1668683535052474500, -0.9859791846679359900 ) ) ;
#7416 = VECTOR ( 'NONE', #6042, 999.9999999999998900 ) ;
#7417 = AXIS2_PLACEMENT_3D ( 'NONE', #4406, #7289, #6641 ) ;
#7418 = EDGE_LOOP ( 'NONE', ( #7965, #341, #5918, #7721 ) ) ;
#7419 = CARTESIAN_POINT ( 'NONE',  ( 0.0000000000000000000, 0.0000000000000000000, 0.9999999999999879000 ) ) ;
#7420 = PLANE ( 'NONE',  #4431 ) ;
#7421 = PRESENTATION_STYLE_ASSIGNMENT (( #2328 ) ) ;
#7422 = B_SPLINE_CURVE_WITH_KNOTS ( 'NONE', 3,
 ( #9247, #3265, #1792, #4831 ),
 .UNSPECIFIED., .F., .F.,
 ( 4, 4 ),
 ( 0.0000000000000000000, 1.000000000000000000 ),
 .UNSPECIFIED. ) ;
#7423 = ORIENTED_EDGE ( 'NONE', *, *, #1492, .T. ) ;
#7424 = ADVANCED_FACE ( 'NONE', ( #2068 ), #901, .F. ) ;
#7425 = DIRECTION ( 'NONE',  ( -0.7071067811865520100, 0.7071067811865430200, 0.0000000000000000000 ) ) ;
#7426 = CARTESIAN_POINT ( 'NONE',  ( 2.400000000000001200, -2.400000000000001200, 1.305000000000012600 ) ) ;
#7427 = LINE ( 'NONE', #469, #5345 ) ;
#7428 = VERTEX_POINT ( 'NONE', #169 ) ;
#7429 = EDGE_CURVE ( 'NONE', #3375, #4750, #2090, .T. ) ;
#7430 = CARTESIAN_POINT ( 'NONE',  ( -3.431759950209297500, -2.812326653659015000, 0.9999999999999879000 ) ) ;
#7431 = DIRECTION ( 'NONE',  ( 0.7071067811864825100, -0.7071067811866125200, 0.0000000000000000000 ) ) ;
#7432 = VECTOR ( 'NONE', #8866, 1000.000000000000000 ) ;
#7433 = VERTEX_POINT ( 'NONE', #3245 ) ;
#7434 = DIRECTION ( 'NONE',  ( 0.0000000000000000000, 1.000000000000000000, 0.0000000000000000000 ) ) ;
#7435 = EDGE_CURVE ( 'NONE', #2823, #1656, #4447, .T. ) ;
#7436 = VECTOR ( 'NONE', #82, 1000.000000000000000 ) ;
#7437 = EDGE_CURVE ( 'NONE', #4327, #7171, #4092, .T. ) ;
#7438 = DIRECTION ( 'NONE',  ( 0.0000000000000000000, -0.0000000000000000000, -1.000000000000000000 ) ) ;
#7439 = SURFACE_STYLE_FILL_AREA ( #2753 ) ;
#7440 = VERTEX_POINT ( 'NONE', #135 ) ;
#7441 = CARTESIAN_POINT ( 'NONE',  ( -0.2999999999999937700, 4.905070048423129800, 0.1000000000000064200 ) ) ;
#7442 = VERTEX_POINT ( 'NONE', #990 ) ;
#7443 = VERTEX_POINT ( 'NONE', #6340 ) ;
#7444 = CARTESIAN_POINT ( 'NONE',  ( 4.915250744231022900, 0.8000000000000006000, 6.191650733161523500E-006 ) ) ;
#7445 = FACE_OUTER_BOUND ( 'NONE', #4520, .T. ) ;
#7446 = ORIENTED_EDGE ( 'NONE', *, *, #473, .F. ) ;
#7447 = LINE ( 'NONE', #1851, #1244 ) ;
#7448 = ORIENTED_EDGE ( 'NONE', *, *, #3071, .F. ) ;
#7449 = VERTEX_POINT ( 'NONE', #7824 ) ;
#7450 = ORIENTED_EDGE ( 'NONE', *, *, #9162, .F. ) ;
#7451 = EDGE_CURVE ( 'NONE', #7171, #2470, #9660, .T. ) ;
#7452 = CARTESIAN_POINT ( 'NONE',  ( 1.092224465912157400, 0.1305592434984409200, 0.9745999999999879200 ) ) ;
#7453 = CARTESIAN_POINT ( 'NONE',  ( 1.600000000000026300, -4.898127560973727600, 3.983057407985909300E-005 ) ) ;
#7454 = CARTESIAN_POINT ( 'NONE',  ( -3.498879536753974700, 2.409490626215269800, 1.305000000000012600 ) ) ;
#7455 = CARTESIAN_POINT ( 'NONE',  ( 3.498879536753941400, -2.409490626215244900, 1.305000000000012600 ) ) ;
#7456 = DIRECTION ( 'NONE',  ( -0.7071067811865474600, -0.7071067811865476800, 0.0000000000000000000 ) ) ;
#7457 = VECTOR ( 'NONE', #6865, 1000.000000000000000 ) ;
#7458 = CARTESIAN_POINT ( 'NONE',  ( 1.365518740470937700, -2.025984795411390300, 1.232719495442615700 ) ) ;
#7459 = FACE_OUTER_BOUND ( 'NONE', #2765, .T. ) ;
#7460 = EDGE_CURVE ( 'NONE', #6967, #5746, #6517, .T. ) ;
#7461 = AXIS2_PLACEMENT_3D ( 'NONE', #6059, #8974, #9679 ) ;
#7462 = DIRECTION ( 'NONE',  ( 0.0000000000000000000, 0.1668683535052110400, -0.9859791846679421000 ) ) ;
#7463 = CARTESIAN_POINT ( 'NONE',  ( -1.599999999999975400, -5.101158667387508700, 0.7163249259817521300 ) ) ;
#7464 = VECTOR ( 'NONE', #6368, 1000.000000000000100 ) ;
#7465 = CARTESIAN_POINT ( 'NONE',  ( 4.899999999999315600, 0.8000000000000003800, 0.1000000016482815300 ) ) ;
#7466 = CARTESIAN_POINT ( 'NONE',  ( -4.475735931288060200, -3.797413408594544600, 0.9745999999999879200 ) ) ;
#7467 = ORIENTED_EDGE ( 'NONE', *, *, #1988, .T. ) ;
#7468 = CARTESIAN_POINT ( 'NONE',  ( 2.200000000000039300, -4.904147357777345600, 4.227455181458871500E-005 ) ) ;
#7469 = CARTESIAN_POINT ( 'NONE',  ( 0.9710488006423473300, -0.5167825720465767400, 1.104999999999999500 ) ) ;
#7470 = DIRECTION ( 'NONE',  ( 0.0000000000000000000, 0.0000000000000000000, -1.000000000000000000 ) ) ;
#7471 = AXIS2_PLACEMENT_3D ( 'NONE', #2410, #6110, #3004 ) ;
#7472 = ORIENTED_EDGE ( 'NONE', *, *, #8238, .F. ) ;
#7473 = B_SPLINE_CURVE_WITH_KNOTS ( 'NONE', 3,
 ( #3631, #2205, #722, #8110 ),
 .UNSPECIFIED., .F., .F.,
 ( 4, 4 ),
 ( 0.0000000000000000000, 1.000000000000000000 ),
 .UNSPECIFIED. ) ;
#7474 = ADVANCED_FACE ( 'NONE', ( #3267 ), #6408, .T. ) ;
#7475 = CARTESIAN_POINT ( 'NONE',  ( 3.373149339882608000, -4.900000000000010100, 0.9999999999999879000 ) ) ;
#7476 = DIRECTION ( 'NONE',  ( -0.0000000000000000000, -0.0000000000000000000, 1.000000000000000000 ) ) ;
#7477 = AXIS2_PLACEMENT_3D ( 'NONE', #4086, #1015, #6267 ) ;
#7478 = CARTESIAN_POINT ( 'NONE',  ( -0.2879226727952060600, -1.071369944335141900, 1.555000000000003500 ) ) ;
#7479 = LINE ( 'NONE', #8468, #6548 ) ;
#7480 = DIRECTION ( 'NONE',  ( -0.7071067811865540100, 0.7071067811865410200, 2.030905000000000100E-034 ) ) ;
#7481 = PLANE ( 'NONE',  #702 ) ;
#7482 = DIRECTION ( 'NONE',  ( 0.0004059900380430000700, 0.0000000000000000000, 0.9999999175860412300 ) ) ;
#7483 = DIRECTION ( 'NONE',  ( 0.7071067811865725500, -0.7071067811865225900, 0.0000000000000000000 ) ) ;
#7484 = CARTESIAN_POINT ( 'NONE',  ( -0.9710488006423551000, -0.5167825720465810700, 1.104999999999999500 ) ) ;
#7485 = EDGE_CURVE ( 'NONE', #7443, #8328, #3495, .T. ) ;
#7486 = CARTESIAN_POINT ( 'NONE',  ( 1.600000000000001200, 4.915210145269370800, 0.1000049467274789400 ) ) ;
#7487 = CARTESIAN_POINT ( 'NONE',  ( -2.019773085796207700, 1.367996599726552400, 1.252462262788571500 ) ) ;
#7488 = ORIENTED_EDGE ( 'NONE', *, *, #576, .T. ) ;
#7489 = B_SPLINE_CURVE_WITH_KNOTS ( 'NONE', 3,
 ( #8121, #3578, #1394, #2817, #2146, #9579 ),
 .UNSPECIFIED., .F., .F.,
 ( 4, 2, 4 ),
 ( 0.0000000000000000000, 0.4638194329331915600, 0.9276388658663831100 ),
 .UNSPECIFIED. ) ;
#7490 = FACE_OUTER_BOUND ( 'NONE', #2668, .T. ) ;
#7491 = DIRECTION ( 'NONE',  ( 0.7071067811865513500, -0.7071067811865438000, 0.0000000000000000000 ) ) ;
#7492 = B_SPLINE_CURVE_WITH_KNOTS ( 'NONE', 3,
 ( #7918, #9429, #3453, #5672, #7880, #6394, #1249, #3518 ),
 .UNSPECIFIED., .F., .F.,
 ( 4, 2, 2, 4 ),
 ( 0.0000000000000000000, 0.2500000000000005000, 0.5000000000000010000, 1.000000000000000000 ),
 .UNSPECIFIED. ) ;
#7493 = ORIENTED_EDGE ( 'NONE', *, *, #1180, .F. ) ;
#7494 = DIRECTION ( 'NONE',  ( -0.7071067811865430200, -0.7071067811865521200, -8.342941000000000200E-017 ) ) ;
#7495 = ORIENTED_EDGE ( 'NONE', *, *, #7583, .F. ) ;
#7496 = CARTESIAN_POINT ( 'NONE',  ( 1.600000000000026300, -5.101158667387509600, 0.7163249259817547900 ) ) ;
#7497 = CARTESIAN_POINT ( 'NONE',  ( -1.336534030627086500, -2.121422557744150800, 1.305000000000012200 ) ) ;
#7498 = AXIS2_PLACEMENT_3D ( 'NONE', #5005, #2731, #8622 ) ;
#7499 = ORIENTED_EDGE ( 'NONE', *, *, #8966, .T. ) ;
#7500 = VECTOR ( 'NONE', #2061, 1000.000000000000000 ) ;
#7501 = CARTESIAN_POINT ( 'NONE',  ( -0.3844996949045078000, 1.346164917318196700, 1.350000000000010300 ) ) ;
#7502 = DIRECTION ( 'NONE',  ( 1.000000000000000000, 0.0000000000000000000, 0.0000000000000000000 ) ) ;
#7503 = CARTESIAN_POINT ( 'NONE',  ( 1.092224465912157400, 0.1305592434984409200, 1.350000000000010300 ) ) ;
#7504 = ORIENTED_EDGE ( 'NONE', *, *, #2987, .F. ) ;
#7505 = EDGE_CURVE ( 'NONE', #5479, #8472, #2293, .T. ) ;
#7506 = ORIENTED_EDGE ( 'NONE', *, *, #7332, .T. ) ;
#7507 = CARTESIAN_POINT ( 'NONE',  ( 0.0000000000000000000, 0.0000000000000000000, 1.350000000000010300 ) ) ;
#7508 = FACE_OUTER_BOUND ( 'NONE', #7262, .T. ) ;
#7509 = ORIENTED_EDGE ( 'NONE', *, *, #4907, .F. ) ;
#7510 = EDGE_LOOP ( 'NONE', ( #4093, #2113, #9542, #2118, #6956, #347 ) ) ;
#7511 = VERTEX_POINT ( 'NONE', #9231 ) ;
#7512 = EDGE_CURVE ( 'NONE', #410, #654, #187, .T. ) ;
#7513 = CARTESIAN_POINT ( 'NONE',  ( -2.542813331314969900, 3.509490608669083100, 1.305000000000012800 ) ) ;
#7514 = CARTESIAN_POINT ( 'NONE',  ( 0.3000000000000193100, -4.899999995880150100, 2.142290222297503300E-005 ) ) ;
#7515 = VERTEX_POINT ( 'NONE', #3401 ) ;
#7516 = ORIENTED_EDGE ( 'NONE', *, *, #9278, .F. ) ;
#7517 = CARTESIAN_POINT ( 'NONE',  ( -4.912401490849809700, 1.399999999999962600, 0.1000456338892762700 ) ) ;
#7518 = CARTESIAN_POINT ( 'NONE',  ( -3.498823673268333300, 2.242714252222601300, 1.305000000000012800 ) ) ;
#7519 = DIRECTION ( 'NONE',  ( 0.0000000000000000000, -0.9859791846679422100, -0.1668683535052100100 ) ) ;
#7520 = ADVANCED_FACE ( 'NONE', ( #8146 ), #4128, .T. ) ;
#7521 = ORIENTED_EDGE ( 'NONE', *, *, #422, .T. ) ;
#7522 = VERTEX_POINT ( 'NONE', #7853 ) ;
#7523 = PLANE ( 'NONE',  #2084 ) ;
#7524 = DIRECTION ( 'NONE',  ( -0.0000000000000000000, 0.0000000000000000000, -1.000000000000000000 ) ) ;
#7525 = LINE ( 'NONE', #1727, #4388 ) ;
#7526 = CARTESIAN_POINT ( 'NONE',  ( -1.910303121573425900, -1.414536460978556900, 1.104999999999999500 ) ) ;
#7527 = ORIENTED_EDGE ( 'NONE', *, *, #9435, .F. ) ;
#7528 = DIRECTION ( 'NONE',  ( 0.7071067811865384700, 0.7071067811865565700, 5.421010862427788400E-016 ) ) ;
#7529 = AXIS2_PLACEMENT_3D ( 'NONE', #4887, #6313, #1085 ) ;
#7530 = CARTESIAN_POINT ( 'NONE',  ( 2.398823671904402000, 2.409490608222226700, 0.9000000000000069100 ) ) ;
#7531 = FACE_OUTER_BOUND ( 'NONE', #5470, .T. ) ;
#7532 = ORIENTED_EDGE ( 'NONE', *, *, #3006, .F. ) ;
#7533 = ORIENTED_EDGE ( 'NONE', *, *, #4973, .T. ) ;
#7534 = CARTESIAN_POINT ( 'NONE',  ( -4.800000000000002500, 0.7999999999999749500, 1.972523996270000100E-005 ) ) ;
#7535 = ADVANCED_FACE ( 'NONE', ( #66 ), #5622, .F. ) ;
#7536 = CYLINDRICAL_SURFACE ( 'NONE', #489, 1.099999999999994500 ) ;
#7537 = VERTEX_POINT ( 'NONE', #2684 ) ;
#7538 = B_SPLINE_CURVE_WITH_KNOTS ( 'NONE', 3,
 ( #317, #5582, #7785, #1184, #6397, #4976 ),
 .UNSPECIFIED., .F., .F.,
 ( 4, 2, 4 ),
 ( 0.0000000000000000000, 0.5000000000000000000, 1.000000000000000000 ),
 .UNSPECIFIED. ) ;
#7539 = DIRECTION ( 'NONE',  ( -0.7071067811865441300, -0.7071067811865507900, 0.0000000000000000000 ) ) ;
#7540 = FACE_OUTER_BOUND ( 'NONE', #6040, .T. ) ;
#7541 = ORIENTED_EDGE ( 'NONE', *, *, #1212, .F. ) ;
#7542 = EDGE_CURVE ( 'NONE', #4916, #2419, #6742, .T. ) ;
#7543 = DIRECTION ( 'NONE',  ( -0.7071067811865442400, -0.7071067811865507900, 0.0000000000000000000 ) ) ;
#7544 = CARTESIAN_POINT ( 'NONE',  ( 1.722822279105164800, -3.289124134148622100, 1.305000000000012600 ) ) ;
#7545 = CARTESIAN_POINT ( 'NONE',  ( 1.600000000000001200, 4.915210145269370800, 0.1000049467274789400 ) ) ;
#7547 = VECTOR ( 'NONE', #475, 999.9999999999998900 ) ;
#7546 = CARTESIAN_POINT ( 'NONE',  ( 1.600000000000001000, 5.013767464732374900, 0.1833193398174311500 ) ) ;
#7548 = ORIENTED_EDGE ( 'NONE', *, *, #6685, .T. ) ;
#7549 = CARTESIAN_POINT ( 'NONE',  ( -0.2999999999999937700, 5.104562965483541600, 0.1205301651312310800 ) ) ;
#7550 = AXIS2_PLACEMENT_3D ( 'NONE', #1849, #239, #1065 ) ;
#7551 = VECTOR ( 'NONE', #2565, 999.9999999999998900 ) ;
#7552 = ORIENTED_EDGE ( 'NONE', *, *, #956, .T. ) ;
#7553 = CARTESIAN_POINT ( 'NONE',  ( -3.499186006422906600, -2.446791412227807600, 0.9000000000000069100 ) ) ;
#7554 = DIRECTION ( 'NONE',  ( -0.7071067811865520100, -0.7071067811865430200, -1.047315000000000100E-031 ) ) ;
#7555 = UNCERTAINTY_MEASURE_WITH_UNIT (LENGTH_MEASURE( 1.000000000000000100E-005 ), #1326, 'distance_accuracy_value', 'NONE');
#7556 = CARTESIAN_POINT ( 'NONE',  ( -4.617157287525354400, 3.655992052357232700, 0.9745999999999879200 ) ) ;
#7557 = ORIENTED_EDGE ( 'NONE', *, *, #1745, .F. ) ;
#7558 = DIRECTION ( 'NONE',  ( 0.0000000000000000000, 0.0000000000000000000, 1.000000000000000000 ) ) ;
#7559 = CARTESIAN_POINT ( 'NONE',  ( -0.4482076006492540800, -1.004868418305927100, 1.113696359771357400 ) ) ;
#7560 = EDGE_CURVE ( 'NONE', #3359, #5189, #8722, .T. ) ;
#7561 = CARTESIAN_POINT ( 'NONE',  ( 1.600000000000026300, -4.800000000000002500, 1.972523996270000100E-005 ) ) ;
#7562 = PRESENTATION_STYLE_ASSIGNMENT (( #8737 ) ) ;
#7563 = ORIENTED_EDGE ( 'NONE', *, *, #7755, .F. ) ;
#7564 = CARTESIAN_POINT ( 'NONE',  ( 4.910140096845126800, 0.8000000000000004900, 0.1000041250200265100 ) ) ;
#7565 = EDGE_LOOP ( 'NONE', ( #9594, #8353, #6357, #5659 ) ) ;
#7566 = ORIENTED_EDGE ( 'NONE', *, *, #3337, .T. ) ;
#7567 = CARTESIAN_POINT ( 'NONE',  ( -0.2999999999999937700, 4.900000000000010100, 3.095825365892315400E-006 ) ) ;
#7568 = EDGE_CURVE ( 'NONE', #72, #711, #8261, .T. ) ;
#7569 = CIRCLE ( 'NONE', #4748, 1.099999999999994500 ) ;
#7570 = VERTEX_POINT ( 'NONE', #6282 ) ;
#7571 = CARTESIAN_POINT ( 'NONE',  ( 0.9973310113939428700, 0.4646935111332036200, 1.114254158247219600 ) ) ;
#7572 = FILL_AREA_STYLE ('',( #6112 ) ) ;
#7573 = LINE ( 'NONE', #6480, #8483 ) ;
#7574 = ORIENTED_EDGE ( 'NONE', *, *, #3280, .T. ) ;
#7575 = ADVANCED_FACE ( 'NONE', ( #9418 ), #4791, .T. ) ;
#7576 = CARTESIAN_POINT ( 'NONE',  ( 5.079993289502964700, -1.399999999999988100, 0.07745236217282761000 ) ) ;
#7577 = EDGE_CURVE ( 'NONE', #7742, #7995, #2909, .T. ) ;
#7578 = ORIENTED_EDGE ( 'NONE', *, *, #7689, .T. ) ;
#7579 = CARTESIAN_POINT ( 'NONE',  ( 2.998192376562550000, 3.342113749661490100, 0.9999999999999879000 ) ) ;
#7580 = LINE ( 'NONE', #2547, #3615 ) ;
#7581 = CARTESIAN_POINT ( 'NONE',  ( 0.9611650271896787800, -0.5539808784079857100, 1.555000000000003300 ) ) ;
#7582 = ORIENTED_EDGE ( 'NONE', *, *, #2611, .F. ) ;
#7583 = EDGE_CURVE ( 'NONE', #7638, #1545, #1012, .T. ) ;
#7584 = CARTESIAN_POINT ( 'NONE',  ( 1.346164917318198400, -0.3844996949045010300, 0.9999999999999879000 ) ) ;
#7585 = CARTESIAN_POINT ( 'NONE',  ( 2.254834005666291200, -3.509490607775334500, 1.305000000000012800 ) ) ;
#7586 = CARTESIAN_POINT ( 'NONE',  ( -1.092224465912159400, -0.1305592434984410600, 1.350000000000010300 ) ) ;
#7587 = DIRECTION ( 'NONE',  ( -0.0000000000000000000, -1.000000000000000000, -0.0000000000000000000 ) ) ;
#7588 = ADVANCED_FACE ( 'NONE', ( #4084 ), #1280, .T. ) ;
#7589 = LINE ( 'NONE', #7156, #6773 ) ;
#7590 = CARTESIAN_POINT ( 'NONE',  ( -1.600000000000001000, 4.915250744231022900, 6.191650731945054600E-006 ) ) ;
#7591 = CARTESIAN_POINT ( 'NONE',  ( -2.128190694439436600, 1.343302167322377100, 1.305000000000012400 ) ) ;
#7592 = EDGE_CURVE ( 'NONE', #1925, #2206, #7924, .T. ) ;
#7593 = AXIS2_PLACEMENT_3D ( 'NONE', #1287, #3533, #1907 ) ;
#7594 = CARTESIAN_POINT ( 'NONE',  ( 1.600000000000026300, -5.199756585854319500, 0.6996380906312310600 ) ) ;
#7595 = LINE ( 'NONE', #8688, #8498 ) ;
#7596 = DIRECTION ( 'NONE',  ( 0.7071067811865372500, 0.7071067811865579000, 0.0000000000000000000 ) ) ;
#7597 = CARTESIAN_POINT ( 'NONE',  ( 2.291063733143875700, 1.314796870426305800, 0.9746004515351499600 ) ) ;
#7598 = CARTESIAN_POINT ( 'NONE',  ( -3.797413408594501500, -4.475735931288089600, 0.2000000000000128600 ) ) ;
#7599 = DIRECTION ( 'NONE',  ( 0.0000000000000000000, 0.0000000000000000000, 1.000000000000000000 ) ) ;
#7600 = VECTOR ( 'NONE', #1099, 1000.000000000000000 ) ;
#7601 = CARTESIAN_POINT ( 'NONE',  ( -2.444109822320299900, 1.305667904609974400, 0.8999999999999983600 ) ) ;
#7602 = DIRECTION ( 'NONE',  ( 0.0000000000000000000, 0.0000000000000000000, -1.000000000000000000 ) ) ;
#7603 = CARTESIAN_POINT ( 'NONE',  ( -4.624228355337240100, 3.663063120169116600, 0.9745999999999879200 ) ) ;
#7604 = AXIS2_PLACEMENT_3D ( 'NONE', #4655, #9098, #5403 ) ;
#7605 = LINE ( 'NONE', #1362, #1391 ) ;
#7606 = CARTESIAN_POINT ( 'NONE',  ( 0.3000000000000193100, -4.959200009505009300, 6.462537199154204700E-005 ) ) ;
#7607 = ORIENTED_EDGE ( 'NONE', *, *, #3277, .F. ) ;
#7608 = SURFACE_STYLE_USAGE ( .BOTH. , #6189 ) ;
#7609 = AXIS2_PLACEMENT_3D ( 'NONE', #9591, #5265, #5145 ) ;
#7610 = CARTESIAN_POINT ( 'NONE',  ( 3.655992052357200300, 4.617157287525374800, 0.9745999999999879200 ) ) ;
#7611 = ORIENTED_EDGE ( 'NONE', *, *, #9278, .T. ) ;
#7612 = CARTESIAN_POINT ( 'NONE',  ( 3.491048137816543700, -2.540049851720792800, 0.9999999999999879000 ) ) ;
#7613 = LINE ( 'NONE', #7295, #3767 ) ;
#7614 = EDGE_CURVE ( 'NONE', #3528, #1743, #4374, .T. ) ;
#7615 = DIRECTION ( 'NONE',  ( 0.0000000000000000000, -0.0000000000000000000, 1.000000000000000000 ) ) ;
#7616 = ADVANCED_FACE ( 'NONE', ( #8480 ), #8692, .T. ) ;
#7617 = EDGE_LOOP ( 'NONE', ( #1045, #8528, #2143, #2183 ) ) ;
#7618 = VECTOR ( 'NONE', #7210, 1000.000000000000000 ) ;
#7619 = FILL_AREA_STYLE ('',( #115 ) ) ;
#7620 = ORIENTED_EDGE ( 'NONE', *, *, #5207, .F. ) ;
#7621 = VERTEX_POINT ( 'NONE', #5784 ) ;
#7622 = CARTESIAN_POINT ( 'NONE',  ( -4.897191345580448100, 1.399999999999962600, 3.945047992540000200E-005 ) ) ;
#7623 = CARTESIAN_POINT ( 'NONE',  ( -0.2999999999999684000, -4.797191345580442200, 3.945047992540000200E-005 ) ) ;
#7624 = CARTESIAN_POINT ( 'NONE',  ( 2.200000000000039300, -5.109556728779593500, 0.1666719549468632900 ) ) ;
#7625 = EDGE_CURVE ( 'NONE', #4551, #8655, #4553, .T. ) ;
#7626 = ORIENTED_EDGE ( 'NONE', *, *, #5905, .F. ) ;
#7627 = DIRECTION ( 'NONE',  ( -0.7071067811865392500, 0.7071067811865559000, 0.0000000000000000000 ) ) ;
#7628 = ORIENTED_EDGE ( 'NONE', *, *, #2749, .F. ) ;
#7629 = VECTOR ( 'NONE', #4325, 999.9999999999998900 ) ;
#7630 = VERTEX_POINT ( 'NONE', #5021 ) ;
#7631 = ADVANCED_FACE ( 'NONE', ( #5956 ), #7246, .F. ) ;
#7632 = ORIENTED_EDGE ( 'NONE', *, *, #7979, .F. ) ;
#7633 = DIRECTION ( 'NONE',  ( 0.7071067811865370300, 0.7071067811865581200, -0.0000000000000000000 ) ) ;
#7634 = B_SPLINE_CURVE_WITH_KNOTS ( 'NONE', 3,
 ( #8435, #2394, #832, #1690 ),
 .UNSPECIFIED., .F., .F.,
 ( 4, 4 ),
 ( 0.0000000000000000000, 1.000000000000000000 ),
 .UNSPECIFIED. ) ;
#7635 = EDGE_CURVE ( 'NONE', #494, #3936, #3734, .T. ) ;
#7636 = CARTESIAN_POINT ( 'NONE',  ( 1.298826156556821500, 2.409490607480023100, 0.9999999999999879000 ) ) ;
#7637 = VERTEX_POINT ( 'NONE', #3561 ) ;
#7638 = VERTEX_POINT ( 'NONE', #8755 ) ;
#7639 = CARTESIAN_POINT ( 'NONE',  ( 1.089589054723784100, 0.1512080367346865800, 1.245022059152640600 ) ) ;
#7640 = VECTOR ( 'NONE', #1650, 1000.000000000000000 ) ;
#7641 = CARTESIAN_POINT ( 'NONE',  ( -1.599999999999975400, -5.109556728779593500, 0.1666719549468632900 ) ) ;
#7642 = EDGE_LOOP ( 'NONE', ( #8208, #781, #1064, #1422, #1551 ) ) ;
#7643 = EDGE_CURVE ( 'NONE', #5255, #4118, #5194, .T. ) ;
#7644 = ORIENTED_EDGE ( 'NONE', *, *, #7674, .F. ) ;
#7645 = LINE ( 'NONE', #5603, #849 ) ;
#7646 = DIRECTION ( 'NONE',  ( 0.0000000000000000000, 0.0000000000000000000, 1.000000000000000000 ) ) ;
#7647 = ORIENTED_EDGE ( 'NONE', *, *, #6018, .T. ) ;
#7648 = VERTEX_POINT ( 'NONE', #7274 ) ;
#7649 = CARTESIAN_POINT ( 'NONE',  ( -4.900000000000009200, 3.373149339882620900, 0.9999999999999879000 ) ) ;
#7650 = EDGE_LOOP ( 'NONE', ( #8117, #5754, #3383, #6063, #5122, #9051, #4537, #9300 ) ) ;
#7651 = CARTESIAN_POINT ( 'NONE',  ( 1.346164917318198400, -0.3844996949045010300, 0.9745999999999879200 ) ) ;
#7652 = LINE ( 'NONE', #9565, #8443 ) ;
#7653 = CARTESIAN_POINT ( 'NONE',  ( -0.1305592434984408600, 1.092224465912157400, 1.180000000000004400 ) ) ;
#7654 = EDGE_LOOP ( 'NONE', ( #1440, #3766, #5985, #8412 ) ) ;
#7655 = CARTESIAN_POINT ( 'NONE',  ( -1.298810113508829200, 2.409490610614733400, 1.000000000038100600 ) ) ;
#7656 = DIRECTION ( 'NONE',  ( -0.7071067811865229300, -0.7071067811865722200, 0.0000000000000000000 ) ) ;
#7657 = AXIS2_PLACEMENT_3D ( 'NONE', #6216, #1718, #6123 ) ;
#7658 = FACE_BOUND ( 'NONE', #1480, .T. ) ;
#7659 = ORIENTED_EDGE ( 'NONE', *, *, #3719, .T. ) ;
#7660 = DIRECTION ( 'NONE',  ( 0.0000000000000000000, 0.0000000000000000000, 1.000000000000000000 ) ) ;
#7661 = VECTOR ( 'NONE', #6985, 1000.000000000000000 ) ;
#7662 = CARTESIAN_POINT ( 'NONE',  ( -2.297705992335541000, -1.314125954100791200, 0.9620784369804642500 ) ) ;
#7663 = AXIS2_PLACEMENT_3D ( 'NONE', #3921, #6107, #809 ) ;
#7664 = EDGE_LOOP ( 'NONE', ( #7090, #4614, #6597, #1651 ) ) ;
#7665 = ADVANCED_FACE ( 'NONE', ( #4207 ), #7928, .F. ) ;
#7666 = DIRECTION ( 'NONE',  ( -0.7071067811865269200, 0.7071067811865681100, 0.0000000000000000000 ) ) ;
#7667 = LINE ( 'NONE', #5971, #753 ) ;
#7668 = ORIENTED_EDGE ( 'NONE', *, *, #94, .F. ) ;
#7669 = DIRECTION ( 'NONE',  ( 0.1668683535051944700, 0.0000000000000000000, 0.9859791846679448700 ) ) ;
#7670 = COLOUR_RGB ( '',0.7921568627450980000, 0.8196078431372548800, 0.9333333333333333500 ) ;
#7671 = CYLINDRICAL_SURFACE ( 'NONE', #4359, 0.1999999999999874700 ) ;
#7672 = ORIENTED_EDGE ( 'NONE', *, *, #9345, .T. ) ;
#7673 = EDGE_LOOP ( 'NONE', ( #1864, #2280, #8998, #3457, #4720, #3929, #9454, #400 ) ) ;
#7674 = EDGE_CURVE ( 'NONE', #9032, #7973, #3974, .T. ) ;
#7675 = ORIENTED_EDGE ( 'NONE', *, *, #4288, .T. ) ;
#7676 = CARTESIAN_POINT ( 'NONE',  ( 0.8660027317301324200, 0.7141211852766241600, 1.104999999999999500 ) ) ;
#7677 = B_SPLINE_CURVE_WITH_KNOTS ( 'NONE', 3,
 ( #6527, #1975, #7993, #9379, #9341, #1263, #4299, #7230, #6467, #2751, #9420, #397, #4267, #1948, #6440, #8734 ),
 .UNSPECIFIED., .F., .F.,
 ( 4, 2, 2, 2, 2, 2, 2, 4 ),
 ( 0.0000000000000000000, 0.1250000000000103500, 0.1875000000000126300, 0.2500000000000149300, 0.3750000000000194800, 0.4375000000000185400, 0.5000000000000175400, 1.000000000000000000 ),
 .UNSPECIFIED. ) ;
#7678 = ORIENTED_EDGE ( 'NONE', *, *, #8552, .T. ) ;
#7679 = CARTESIAN_POINT ( 'NONE',  ( 1.307505891933981900, -2.271553531079574000, 1.008333333384138900 ) ) ;
#7680 = LINE ( 'NONE', #5065, #2663 ) ;
#7681 = ORIENTED_EDGE ( 'NONE', *, *, #9537, .T. ) ;
#7682 = VECTOR ( 'NONE', #2930, 1000.000000000000100 ) ;
#7683 = ORIENTED_EDGE ( 'NONE', *, *, #6882, .F. ) ;
#7684 = ORIENTED_EDGE ( 'NONE', *, *, #4751, .F. ) ;
#7685 = EDGE_CURVE ( 'NONE', #4293, #7909, #2063, .T. ) ;
#7686 = ORIENTED_EDGE ( 'NONE', *, *, #4659, .T. ) ;
#7687 = PLANE ( 'NONE',  #3750 ) ;
#7688 = DIRECTION ( 'NONE',  ( 1.000000000000000000, 1.971276677246381400E-015, 0.0000000000000000000 ) ) ;
#7689 = EDGE_CURVE ( 'NONE', #3723, #5340, #705, .T. ) ;
#7690 = DIRECTION ( 'NONE',  ( 0.0000000000000000000, 0.0000000000000000000, -1.000000000000000000 ) ) ;
#7691 = LINE ( 'NONE', #5879, #5717 ) ;
#7692 = CARTESIAN_POINT ( 'NONE',  ( -4.800000000000002500, -0.8000000000000258000, 1.972523996270000100E-005 ) ) ;
#7693 = DIRECTION ( 'NONE',  ( 1.000000000000000000, 0.0000000000000000000, 0.0000000000000000000 ) ) ;
#7694 = PLANE ( 'NONE',  #7786 ) ;
#7695 = FACE_OUTER_BOUND ( 'NONE', #6871, .T. ) ;
#7696 = EDGE_CURVE ( 'NONE', #1075, #9006, #4443, .T. ) ;
#7697 = DIRECTION ( 'NONE',  ( 0.0000000000000000000, 0.0000000000000000000, -1.000000000000000000 ) ) ;
#7698 = CARTESIAN_POINT ( 'NONE',  ( -1.092224465912156500, 0.1305592434984660700, 0.9745999999999879200 ) ) ;
#7699 = LINE ( 'NONE', #3972, #3860 ) ;
#7700 = EDGE_LOOP ( 'NONE', ( #7305, #7704, #1100, #8342, #12, #1349 ) ) ;
#7701 = EDGE_CURVE ( 'NONE', #2385, #2384, #6609, .T. ) ;
#7702 = CARTESIAN_POINT ( 'NONE',  ( 1.064000292494317000, 0.2791117653772569000, 1.305000000000013300 ) ) ;
#7703 = CARTESIAN_POINT ( 'NONE',  ( -1.599999999999975000, -4.959200009505009300, 6.462537199154204700E-005 ) ) ;
#7704 = ORIENTED_EDGE ( 'NONE', *, *, #4502, .T. ) ;
#7705 = EDGE_CURVE ( 'NONE', #9711, #7398, #6300, .T. ) ;
#7706 = ORIENTED_EDGE ( 'NONE', *, *, #6908, .F. ) ;
#7707 = DIRECTION ( 'NONE',  ( 0.0000000000000000000, 0.0000000000000000000, 1.000000000000000000 ) ) ;
#7709 = LINE ( 'NONE', #1234, #3173 ) ;
#7708 = MECHANICAL_DESIGN_GEOMETRIC_PRESENTATION_REPRESENTATION (  '', ( #1006 ), #1505 ) ;
#7710 = ADVANCED_FACE ( 'NONE', ( #7792 ), #5954, .T. ) ;
#7711 = DIRECTION ( 'NONE',  ( 1.000000000000000000, 0.0000000000000000000, 0.0000000000000000000 ) ) ;
#7712 = CARTESIAN_POINT ( 'NONE',  ( 1.600000000000026300, -4.800000000000002500, 1.972523996270000100E-005 ) ) ;
#7713 = CARTESIAN_POINT ( 'NONE',  ( 4.899999999999985300, 1.400000000000013500, 3.095825364232585300E-006 ) ) ;
#7714 = CARTESIAN_POINT ( 'NONE',  ( 2.199999999999988600, 4.961968064955896400, 0.1000251666604915600 ) ) ;
#7715 = ORIENTED_EDGE ( 'NONE', *, *, #98, .F. ) ;
#7716 = FACE_OUTER_BOUND ( 'NONE', #1088, .T. ) ;
#7717 = CARTESIAN_POINT ( 'NONE',  ( 2.289840724051883700, -1.302270181659117800, 1.305000000000012600 ) ) ;
#7718 = ADVANCED_FACE ( 'NONE', ( #8379 ), #4386, .F. ) ;
#7719 = DIRECTION ( 'NONE',  ( 0.0000000000000000000, 0.0000000000000000000, 1.000000000000000000 ) ) ;
#7720 = PRODUCT_RELATED_PRODUCT_CATEGORY ( 'part', '', ( #324 ) ) ;
#7721 = ORIENTED_EDGE ( 'NONE', *, *, #9673, .F. ) ;
#7722 = EDGE_CURVE ( 'NONE', #6463, #2302, #4317, .T. ) ;
#7723 = VERTEX_POINT ( 'NONE', #2935 ) ;
#7724 = CARTESIAN_POINT ( 'NONE',  ( 1.981063289344917800, 1.382585866630024400, 1.151720131791388500 ) ) ;
#7725 = VERTEX_POINT ( 'NONE', #2131 ) ;
#7726 = LINE ( 'NONE', #1375, #8520 ) ;
#7727 = CARTESIAN_POINT ( 'NONE',  ( 1.080686800217765200, -0.2058694756275806500, 1.288972942368958000 ) ) ;
#7728 = CARTESIAN_POINT ( 'NONE',  ( -0.2999999999999684000, -4.912442089811461800, 4.564213067505599600E-005 ) ) ;
#7729 = ORIENTED_EDGE ( 'NONE', *, *, #1544, .T. ) ;
#7730 = B_SPLINE_CURVE_WITH_KNOTS ( 'NONE', 3,
 ( #3055, #6774, #3778, #8895, #8262, #799 ),
 .UNSPECIFIED., .F., .F.,
 ( 4, 2, 4 ),
 ( 0.0000000000000000000, 0.5000000000000000000, 1.000000000000000000 ),
 .UNSPECIFIED. ) ;
#7731 = APPLICATION_PROTOCOL_DEFINITION ( 'draft international standard', 'automotive_design', 1998, #8497 ) ;
#7732 = ORIENTED_EDGE ( 'NONE', *, *, #2520, .F. ) ;
#7733 = DIRECTION ( 'NONE',  ( 0.0000000000000000000, -0.9999999175860412300, 0.0004059900380430000700 ) ) ;
#7734 = CYLINDRICAL_SURFACE ( 'NONE', #6198, 0.1250000000000080200 ) ;
#7735 = ORIENTED_EDGE ( 'NONE', *, *, #5562, .F. ) ;
#7736 = ORIENTED_EDGE ( 'NONE', *, *, #1050, .T. ) ;
#7737 = EDGE_CURVE ( 'NONE', #292, #598, #7691, .T. ) ;
#7738 = CARTESIAN_POINT ( 'NONE',  ( 5.013767464732368700, 0.8000000000000004900, 0.1833193398174321500 ) ) ;
#7739 = VERTEX_POINT ( 'NONE', #7401 ) ;
#7740 = DIRECTION ( 'NONE',  ( 0.7071067811865692200, -0.7071067811865258100, 0.0000000000000000000 ) ) ;
#7741 = EDGE_CURVE ( 'NONE', #3967, #9412, #9175, .T. ) ;
#7742 = VERTEX_POINT ( 'NONE', #2908 ) ;
#7743 = CARTESIAN_POINT ( 'NONE',  ( -4.960578144595555900, 0.7999999999999749500, 0.1000651931323655900 ) ) ;
#7744 = FILL_AREA_STYLE ('',( #4576 ) ) ;
#7745 = EDGE_CURVE ( 'NONE', #7960, #1590, #5485, .T. ) ;
#7746 = ORIENTED_EDGE ( 'NONE', *, *, #413, .F. ) ;
#7747 = CARTESIAN_POINT ( 'NONE',  ( -4.832397115193484400, -0.8000000000000258000, 3.945047992540000200E-005 ) ) ;
#7748 = DIRECTION ( 'NONE',  ( 0.7071067811865480200, -0.7071067811865470200, -2.030905000000000100E-034 ) ) ;
#7749 = CARTESIAN_POINT ( 'NONE',  ( 3.460254550870100100, -2.076055689386055100, 1.305000000000012800 ) ) ;
#7750 = EDGE_LOOP ( 'NONE', ( #2008, #7732, #935, #5210 ) ) ;
#7751 = VERTEX_POINT ( 'NONE', #1543 ) ;
#7752 = CARTESIAN_POINT ( 'NONE',  ( -1.334873958756566800, -2.130263003618010100, 1.305020661633369500 ) ) ;
#7753 = DIRECTION ( 'NONE',  ( 0.7071067811865430200, -0.7071067811865521200, 0.0000000000000000000 ) ) ;
#7754 = ORIENTED_EDGE ( 'NONE', *, *, #1434, .F. ) ;
#7755 = EDGE_CURVE ( 'NONE', #103, #715, #1470, .T. ) ;
#7756 = ADVANCED_FACE ( 'NONE', ( #7229 ), #660, .T. ) ;
#7757 = PLANE ( 'NONE',  #2969 ) ;
#7758 = VECTOR ( 'NONE', #1560, 1000.000000000000000 ) ;
#7759 = ORIENTED_EDGE ( 'NONE', *, *, #3006, .T. ) ;
#7760 = ORIENTED_EDGE ( 'NONE', *, *, #2313, .F. ) ;
#7761 = CARTESIAN_POINT ( 'NONE',  ( -1.599999999999975900, -4.899999995880150100, 2.142290222297503300E-005 ) ) ;
#7762 = CARTESIAN_POINT ( 'NONE',  ( -5.109556728779593500, 1.399999999999962600, 0.1666719549468379200 ) ) ;
#7763 = EDGE_CURVE ( 'NONE', #2289, #3237, #6190, .T. ) ;
#7764 = FILL_AREA_STYLE ('',( #3345 ) ) ;
#7765 = AXIS2_PLACEMENT_3D ( 'NONE', #7419, #769, #675 ) ;
#7766 = ORIENTED_EDGE ( 'NONE', *, *, #3764, .T. ) ;
#7767 = FACE_OUTER_BOUND ( 'NONE', #4088, .T. ) ;
#7768 = ADVANCED_FACE ( 'NONE', ( #5029 ), #767, .T. ) ;
#7769 = CARTESIAN_POINT ( 'NONE',  ( 2.166649152897480500, -1.334287842306724600, 1.300521702583856900 ) ) ;
#7770 = ORIENTED_EDGE ( 'NONE', *, *, #1185, .F. ) ;
#7771 = CARTESIAN_POINT ( 'NONE',  ( -0.02722749175181721900, 0.6796916176145008100, 1.205000000000209700 ) ) ;
#7772 = CARTESIAN_POINT ( 'NONE',  ( -2.058033340679720400, -3.464458734475737200, 0.9999999999999874500 ) ) ;
#7773 = VECTOR ( 'NONE', #9396, 1000.000000000000000 ) ;
#7774 = ORIENTED_EDGE ( 'NONE', *, *, #3696, .T. ) ;
#7775 = CARTESIAN_POINT ( 'NONE',  ( 0.2999999999999937200, 5.104562965483540700, 0.1205301651312310600 ) ) ;
#7776 = DIRECTION ( 'NONE',  ( 0.0000000000000000000, 0.0000000000000000000, -1.000000000000000000 ) ) ;
#7777 = CYLINDRICAL_SURFACE ( 'NONE', #4369, 1.399999999999988100 ) ;
#7778 = VECTOR ( 'NONE', #8992, 1000.000000000000000 ) ;
#7779 = CARTESIAN_POINT ( 'NONE',  ( -1.599999999999995900, 4.915210145269370800, 0.1000049467274789600 ) ) ;
#7780 = ORIENTED_EDGE ( 'NONE', *, *, #9233, .T. ) ;
#7781 = DIRECTION ( 'NONE',  ( 0.9859791846679073500, 0.0000000000000000000, -0.1668683535054161800 ) ) ;
#7782 = LINE ( 'NONE', #2069, #1348 ) ;
#7783 = EDGE_LOOP ( 'NONE', ( #934, #3242, #7754, #4078 ) ) ;
#7784 = DIRECTION ( 'NONE',  ( 0.0000000000000000000, -0.9859791846679425400, 0.1668683535052089300 ) ) ;
#7785 = CARTESIAN_POINT ( 'NONE',  ( 0.4017885722813745500, -1.024295691912480200, 1.151027369737146900 ) ) ;
#7786 = AXIS2_PLACEMENT_3D ( 'NONE', #9216, #4742, #7656 ) ;
#7787 = FACE_OUTER_BOUND ( 'NONE', #145, .T. ) ;
#7788 = ORIENTED_EDGE ( 'NONE', *, *, #9622, .T. ) ;
#7789 = ORIENTED_EDGE ( 'NONE', *, *, #712, .F. ) ;
#7790 = ORIENTED_EDGE ( 'NONE', *, *, #7435, .F. ) ;
#7791 = DIRECTION ( 'NONE',  ( 1.000000000000000000, 5.329070518200750600E-015, 0.0000000000000000000 ) ) ;
#7792 = FACE_OUTER_BOUND ( 'NONE', #6928, .T. ) ;
#7793 = ORIENTED_EDGE ( 'NONE', *, *, #4100, .T. ) ;
#7794 = CARTESIAN_POINT ( 'NONE',  ( -1.301670047834822200, -2.318087102279914100, 0.9999999999999879000 ) ) ;
#7795 = EDGE_CURVE ( 'NONE', #6726, #8138, #4922, .T. ) ;
#7796 = VERTEX_POINT ( 'NONE', #8273 ) ;
#7797 = ORIENTED_EDGE ( 'NONE', *, *, #5758, .T. ) ;
#7798 = DIRECTION ( 'NONE',  ( -0.7071067811865520100, -0.7071067811865431300, -1.047315000000000100E-031 ) ) ;
#7799 = B_SPLINE_CURVE_WITH_KNOTS ( 'NONE', 3,
 ( #2079, #3609, #1366, #9480, #5131, #9548 ),
 .UNSPECIFIED., .F., .F.,
 ( 4, 2, 4 ),
 ( 0.0000000000000000000, 0.5000000000000000000, 1.000000000000000000 ),
 .UNSPECIFIED. ) ;
#7800 = APPLICATION_PROTOCOL_DEFINITION ( 'draft international standard', 'automotive_design', 1998, #1687 ) ;
#7801 = AXIS2_PLACEMENT_3D ( 'NONE', #4187, #441, #5715 ) ;
#7802 = VERTEX_POINT ( 'NONE', #7567 ) ;
#7803 = CARTESIAN_POINT ( 'NONE',  ( 2.130804394988058600, -1.342638725913193300, 1.305000000000012400 ) ) ;
#7804 = VECTOR ( 'NONE', #1808, 1000.000000000000000 ) ;
#7805 = EDGE_CURVE ( 'NONE', #8300, #1412, #7000, .T. ) ;
#7806 = VERTEX_POINT ( 'NONE', #5334 ) ;
#7807 = ADVANCED_FACE ( 'NONE', ( #1253 ), #8942, .T. ) ;
#7808 = CARTESIAN_POINT ( 'NONE',  ( -1.599999999999975400, -4.864794230386966200, 3.945047992540000200E-005 ) ) ;
#7809 = CARTESIAN_POINT ( 'NONE',  ( -4.832397115193484400, -1.400000000000013500, 3.945047992540000200E-005 ) ) ;
#7810 = CARTESIAN_POINT ( 'NONE',  ( -0.2999999999999684000, -4.897191345580448100, 3.945047992540000200E-005 ) ) ;
#7811 = CARTESIAN_POINT ( 'NONE',  ( 4.899999999999315600, 1.400000000000013500, 0.1000000016482815300 ) ) ;
#7812 = CARTESIAN_POINT ( 'NONE',  ( -1.071369944335141900, 0.2879226727952059500, 1.555000000000003300 ) ) ;
#7813 = FACE_OUTER_BOUND ( 'NONE', #3192, .T. ) ;
#7814 = CARTESIAN_POINT ( 'NONE',  ( -3.663063120169086400, 4.624228355337260500, 0.9745999999999879200 ) ) ;
#7815 = LINE ( 'NONE', #8011, #8155 ) ;
#7816 = EDGE_CURVE ( 'NONE', #171, #2260, #3026, .T. ) ;
#7817 = CARTESIAN_POINT ( 'NONE',  ( 2.199999999999988600, 5.202565240273880700, 0.6995986401513055700 ) ) ;
#7818 = ADVANCED_FACE ( 'NONE', ( #2192 ), #26, .T. ) ;
#7819 = LINE ( 'NONE', #6298, #5855 ) ;
#7820 = CARTESIAN_POINT ( 'NONE',  ( -0.2628539873737368900, 1.068132848986816700, 1.304165683834840800 ) ) ;
#7821 = B_SPLINE_CURVE_WITH_KNOTS ( 'NONE', 3,
 ( #7258, #5036, #7291, #5768 ),
 .UNSPECIFIED., .F., .F.,
 ( 4, 4 ),
 ( 0.0000000000000000000, 1.000000000000000000 ),
 .UNSPECIFIED. ) ;
#7822 = EDGE_CURVE ( 'NONE', #5316, #6505, #2784, .T. ) ;
#7823 = CARTESIAN_POINT ( 'NONE',  ( -4.900000000000008300, -3.373149339882619600, 0.9999999999999879000 ) ) ;
#7824 = CARTESIAN_POINT ( 'NONE',  ( 2.200000000000039700, -4.899999995880150100, 2.142290222297503300E-005 ) ) ;
#7825 = ORIENTED_EDGE ( 'NONE', *, *, #4148, .F. ) ;
#7826 = CARTESIAN_POINT ( 'NONE',  ( 1.307775534087837600, -2.269440756501535100, 1.180000000000004400 ) ) ;
#7827 = FACE_OUTER_BOUND ( 'NONE', #3909, .T. ) ;
#7828 = ORIENTED_EDGE ( 'NONE', *, *, #8159, .T. ) ;
#7829 = AXIS2_PLACEMENT_3D ( 'NONE', #1684, #9139, #2457 ) ;
#7830 = ORIENTED_EDGE ( 'NONE', *, *, #6156, .F. ) ;
#7831 = CYLINDRICAL_SURFACE ( 'NONE', #580, 0.1000000000000064300 ) ;
#7832 = CARTESIAN_POINT ( 'NONE',  ( 1.337068353748490900, -2.121956880865557300, 1.305000000000012600 ) ) ;
#7833 = CARTESIAN_POINT ( 'NONE',  ( 4.905070048420881800, -1.399999999999988100, 0.1000020666307042100 ) ) ;
#7834 = DIRECTION ( 'NONE',  ( 1.000000000000000000, 0.0000000000000000000, -0.0000000000000000000 ) ) ;
#7835 = DIRECTION ( 'NONE',  ( 0.0000000000000000000, 0.0000000000000000000, 1.000000000000000000 ) ) ;
#7836 = CARTESIAN_POINT ( 'NONE',  ( -0.1439896632895317800, 1.099999999999994500, 1.555000000000003700 ) ) ;
#7837 = CARTESIAN_POINT ( 'NONE',  ( -1.883217427953447300, -1.428951199357649600, 1.104999999999999500 ) ) ;
#7838 = VERTEX_POINT ( 'NONE', #3830 ) ;
#7839 = UNCERTAINTY_MEASURE_WITH_UNIT (LENGTH_MEASURE( 1.000000000000000100E-005 ), #7, 'distance_accuracy_value', 'NONE');
#7840 = LINE ( 'NONE', #6017, #2363 ) ;
#7841 = CARTESIAN_POINT ( 'NONE',  ( -1.309692131432857800, 2.253783182868841700, 1.234998663923142500 ) ) ;
#7842 = ORIENTED_EDGE ( 'NONE', *, *, #3947, .T. ) ;
#7843 = ORIENTED_EDGE ( 'NONE', *, *, #3441, .F. ) ;
#7844 = CARTESIAN_POINT ( 'NONE',  ( -0.1305592434984408600, 1.092224465912157400, 0.9999999999999879000 ) ) ;
#7845 = AXIS2_PLACEMENT_3D ( 'NONE', #3540, #6473, #1264 ) ;
#7846 = DIRECTION ( 'NONE',  ( -0.7071067811865530100, 0.7071067811865420200, 0.0000000000000000000 ) ) ;
#7847 = EDGE_CURVE ( 'NONE', #1712, #6012, #418, .T. ) ;
#7848 = CARTESIAN_POINT ( 'NONE',  ( 2.123991584049659500, -1.335196243172191800, 1.304839145392798800 ) ) ;
#7849 = EDGE_LOOP ( 'NONE', ( #6939, #4170, #8145, #9434, #2626, #225, #9576, #7789 ) ) ;
#7850 = CARTESIAN_POINT ( 'NONE',  ( 4.905070048423112900, -0.8000000000000004900, 0.1000000000000064200 ) ) ;
#7851 = ORIENTED_EDGE ( 'NONE', *, *, #8516, .F. ) ;
#7852 = AXIS2_PLACEMENT_3D ( 'NONE', #7426, #7395, #742 ) ;
#7853 = CARTESIAN_POINT ( 'NONE',  ( -4.624228355337241000, 3.663063120169118800, -3.851859888774471700E-031 ) ) ;
#7854 = ORIENTED_EDGE ( 'NONE', *, *, #6707, .T. ) ;
#7855 = PRODUCT ( 'JS1300AQ', 'JS1300AQ', '', ( #2487 ) ) ;
#7856 = ORIENTED_EDGE ( 'NONE', *, *, #6571, .F. ) ;
#7857 = VERTEX_POINT ( 'NONE', #7601 ) ;
#7858 = EDGE_LOOP ( 'NONE', ( #5079, #3474, #5891, #2834 ) ) ;
#7859 = ADVANCED_FACE ( 'NONE', ( #5372, #1938, #8706, #4781, #3961 ), #1617, .T. ) ;
#7860 = DIRECTION ( 'NONE',  ( -0.7071067811865692200, -0.7071067811865259200, 0.0000000000000000000 ) ) ;
#7861 = EDGE_CURVE ( 'NONE', #1245, #4434, #648, .T. ) ;
#7862 = LINE ( 'NONE', #3459, #2501 ) ;
#7863 = CARTESIAN_POINT ( 'NONE',  ( 0.3000000000000192000, -4.912442089811461800, 4.564213067505599600E-005 ) ) ;
#7864 = VERTEX_POINT ( 'NONE', #4653 ) ;
#7865 = B_SPLINE_CURVE_WITH_KNOTS ( 'NONE', 3,
 ( #6540, #3619, #2825, #8774 ),
 .UNSPECIFIED., .F., .F.,
 ( 4, 4 ),
 ( 0.0000000000000000000, 1.000000000000000000 ),
 .UNSPECIFIED. ) ;
#7866 = DIRECTION ( 'NONE',  ( -0.7071067811865570100, 0.7071067811865380200, 2.030905000000000100E-034 ) ) ;
#7867 = LINE ( 'NONE', #2252, #5662 ) ;
#7868 = EDGE_CURVE ( 'NONE', #3537, #3330, #890, .T. ) ;
#7869 = CARTESIAN_POINT ( 'NONE',  ( -3.655992052357217100, 4.617157287525392600, 0.9745999999999878100 ) ) ;
#7870 = ORIENTED_EDGE ( 'NONE', *, *, #3329, .T. ) ;
#7871 = ORIENTED_EDGE ( 'NONE', *, *, #9266, .F. ) ;
#7872 = DIRECTION ( 'NONE',  ( -0.7071067811865520100, -0.7071067811865431300, -0.0000000000000000000 ) ) ;
#7873 = DIRECTION ( 'NONE',  ( 0.7071067811865565700, -0.7071067811865384700, 0.0000000000000000000 ) ) ;
#7874 = CYLINDRICAL_SURFACE ( 'NONE', #3038, 0.1250000000000079900 ) ;
#7875 = VERTEX_POINT ( 'NONE', #6923 ) ;
#7876 = ORIENTED_EDGE ( 'NONE', *, *, #9173, .T. ) ;
#7877 = CARTESIAN_POINT ( 'NONE',  ( -5.199756585854319500, -0.8000000000000258000, 0.6996380906312310600 ) ) ;
#7878 = CARTESIAN_POINT ( 'NONE',  ( 0.2999999999999937700, 4.915210145269370800, 0.1000049467274789600 ) ) ;
#7879 = EDGE_CURVE ( 'NONE', #8671, #7440, #3369, .T. ) ;
#7880 = CARTESIAN_POINT ( 'NONE',  ( -0.1872530918243532900, -1.084038415314757500, 1.278199594472136500 ) ) ;
#7881 = CARTESIAN_POINT ( 'NONE',  ( -5.109556728779591800, -0.8000000000000258000, 0.1666719549468382000 ) ) ;
#7882 = LINE ( 'NONE', #5198, #9617 ) ;
#7883 = CARTESIAN_POINT ( 'NONE',  ( -0.7883143458293643300, -0.1769224911240524200, 0.9999999999999879000 ) ) ;
#7884 = ORIENTED_EDGE ( 'NONE', *, *, #737, .F. ) ;
#7885 = PLANE ( 'NONE',  #323 ) ;
#7886 = EDGE_CURVE ( 'NONE', #9503, #7433, #3601, .T. ) ;
#7887 = B_SPLINE_CURVE_WITH_KNOTS ( 'NONE', 3,
 ( #8087, #6476, #5800, #2793 ),
 .UNSPECIFIED., .F., .F.,
 ( 4, 4 ),
 ( 0.0000000000000000000, 1.000000000000000000 ),
 .UNSPECIFIED. ) ;
#7888 = FACE_OUTER_BOUND ( 'NONE', #3950, .T. ) ;
#7889 = VERTEX_POINT ( 'NONE', #249 ) ;
#7890 = DIRECTION ( 'NONE',  ( 0.7071067811865540100, -0.7071067811865410200, 0.0000000000000000000 ) ) ;
#7891 = VECTOR ( 'NONE', #8906, 1000.000000000000000 ) ;
#7892 = ORIENTED_EDGE ( 'NONE', *, *, #5596, .F. ) ;
#7893 = CARTESIAN_POINT ( 'NONE',  ( -1.599999999999975400, -4.800000000000002500, 1.972523996270000100E-005 ) ) ;
#7894 = STYLED_ITEM ( 'NONE', ( #313 ), #6853 ) ;
#7895 = ORIENTED_EDGE ( 'NONE', *, *, #5046, .T. ) ;
#7896 = CARTESIAN_POINT ( 'NONE',  ( 3.655992052357227800, 4.617157287525402300, 0.0000000000000000000 ) ) ;
#7897 = FACE_OUTER_BOUND ( 'NONE', #3221, .T. ) ;
#7898 = CARTESIAN_POINT ( 'NONE',  ( -1.090661382245637700, 0.1463701962506103700, 1.244617881746774600 ) ) ;
#7899 = VECTOR ( 'NONE', #6531, 1000.000000000000000 ) ;
#7900 = ORIENTED_EDGE ( 'NONE', *, *, #8399, .F. ) ;
#7901 = ORIENTED_EDGE ( 'NONE', *, *, #7140, .T. ) ;
#7902 = VERTEX_POINT ( 'NONE', #3763 ) ;
#7903 = ADVANCED_FACE ( 'NONE', ( #9285 ), #217, .T. ) ;
#7904 = EDGE_LOOP ( 'NONE', ( #3674, #6120, #16, #7154 ) ) ;
#7905 = DIRECTION ( 'NONE',  ( -0.7071067811865438000, -0.7071067811865513500, 0.0000000000000000000 ) ) ;
#7906 = DIRECTION ( 'NONE',  ( -0.7071067811865561200, 0.7071067811865390200, 0.0000000000000000000 ) ) ;
#7908 = FACE_OUTER_BOUND ( 'NONE', #5952, .T. ) ;
#7907 = CARTESIAN_POINT ( 'NONE',  ( -1.346164917318200000, -0.3844996949044996400, 1.024999999999989500 ) ) ;
#7909 = VERTEX_POINT ( 'NONE', #977 ) ;
#7910 = CARTESIAN_POINT ( 'NONE',  ( -0.1751366838542042800, 0.7865285385595138800, 1.024999999999989500 ) ) ;
#7911 = AXIS2_PLACEMENT_3D ( 'NONE', #1857, #1891, #7139 ) ;
#7912 = LINE ( 'NONE', #7598, #3965 ) ;
#7913 = EDGE_LOOP ( 'NONE', ( #2373, #5440, #1881, #6500 ) ) ;
#7914 = VERTEX_POINT ( 'NONE', #7021 ) ;
#7915 = EDGE_CURVE ( 'NONE', #8899, #6146, #3492, .T. ) ;
#7916 = ORIENTED_EDGE ( 'NONE', *, *, #7583, .T. ) ;
#7917 = CARTESIAN_POINT ( 'NONE',  ( -0.4808326112069012400, 0.4808326112068642700, 0.9999999999999879000 ) ) ;
#7918 = CARTESIAN_POINT ( 'NONE',  ( -0.2628539873737366600, -1.068132848986816900, 1.304165683834841200 ) ) ;
#7919 = CARTESIAN_POINT ( 'NONE',  ( -0.2999999999999937700, 4.899999999998670800, 0.1000000032965566200 ) ) ;
#7920 = ADVANCED_FACE ( 'NONE', ( #1240 ), #8485, .T. ) ;
#7921 = B_SPLINE_CURVE_WITH_KNOTS ( 'NONE', 3,
 ( #6606, #2088, #7238, #6511 ),
 .UNSPECIFIED., .F., .F.,
 ( 4, 4 ),
 ( 0.0000000000000000000, 1.000000000000000000 ),
 .UNSPECIFIED. ) ;
#7922 = AXIS2_PLACEMENT_3D ( 'NONE', #2705, #5044, #8778 ) ;
#7923 = DIRECTION ( 'NONE',  ( 0.0004059900380430000700, 0.0000000000000000000, 0.9999999175860412300 ) ) ;
#7924 = LINE ( 'NONE', #1940, #1482 ) ;
#7925 = PLANE ( 'NONE',  #5743 ) ;
#7926 = VECTOR ( 'NONE', #3586, 999.9999999999998900 ) ;
#7927 = CARTESIAN_POINT ( 'NONE',  ( 2.274059600748184800, 1.316360201654301200, 1.211383101945773500 ) ) ;
#7928 = PLANE ( 'NONE',  #5178 ) ;
#7929 = EDGE_CURVE ( 'NONE', #2570, #2615, #4428, .T. ) ;
#7930 = LINE ( 'NONE', #2240, #5045 ) ;
#7931 = CARTESIAN_POINT ( 'NONE',  ( 3.663063120169088200, 4.624228355337262300, 0.9999999999999879000 ) ) ;
#7932 = CYLINDRICAL_SURFACE ( 'NONE', #7365, 1.099999999999994500 ) ;
#7933 = EDGE_CURVE ( 'NONE', #5612, #9507, #1153, .T. ) ;
#7934 = CARTESIAN_POINT ( 'NONE',  ( -5.041451075190003000, -1.400000000000038800, 0.3109952626967498200 ) ) ;
#7935 = CYLINDRICAL_SURFACE ( 'NONE', #504, 1.099999999999994500 ) ;
#7936 = ORIENTED_EDGE ( 'NONE', *, *, #4918, .T. ) ;
#7937 = DIRECTION ( 'NONE',  ( -0.0000000000000000000, -0.0000000000000000000, 1.000000000000000000 ) ) ;
#7938 = DIRECTION ( 'NONE',  ( -0.0000000000000000000, -0.0000000000000000000, 1.000000000000000000 ) ) ;
#7939 = DIRECTION ( 'NONE',  ( 0.0000000000000000000, 1.000000000000000000, 0.0000000000000000000 ) ) ;
#7940 = VECTOR ( 'NONE', #5759, 1000.000000000000100 ) ;
#7941 = EDGE_CURVE ( 'NONE', #5778, #3787, #7299, .T. ) ;
#7942 = CARTESIAN_POINT ( 'NONE',  ( -0.3798647017656285300, -1.032328827628331100, 1.205000000000210600 ) ) ;
#7943 = CARTESIAN_POINT ( 'NONE',  ( -1.330658495668323200, 2.145181496170566900, 1.306022053231053400 ) ) ;
#7944 = CARTESIAN_POINT ( 'NONE',  ( 5.081219228152577600, -0.8000000000000004900, 0.07875370247386294400 ) ) ;
#7945 = CARTESIAN_POINT ( 'NONE',  ( -5.199756585854319500, 0.7999999999999749500, 0.6996380906312310600 ) ) ;
#7946 = ADVANCED_FACE ( 'NONE', ( #8599 ), #1798, .T. ) ;
#7947 = ORIENTED_EDGE ( 'NONE', *, *, #8534, .F. ) ;
#7948 = EDGE_CURVE ( 'NONE', #9276, #1752, #1360, .T. ) ;
#7950 = CYLINDRICAL_SURFACE ( 'NONE', #3462, 1.099999999999992100 ) ;
#7949 = MECHANICAL_DESIGN_GEOMETRIC_PRESENTATION_REPRESENTATION (  '', ( #5780 ), #50 ) ;
#7951 = CARTESIAN_POINT ( 'NONE',  ( -5.041451075190003000, 0.7999999999999749500, 0.1000405990071242000 ) ) ;
#7952 = CARTESIAN_POINT ( 'NONE',  ( -3.434464939830575300, -2.473299704662437600, -3.475143577977154700E-016 ) ) ;
#7953 = ORIENTED_EDGE ( 'NONE', *, *, #8056, .F. ) ;
#7954 = EDGE_LOOP ( 'NONE', ( #2778, #6262, #3572, #3365, #1007, #652, #29, #2496 ) ) ;
#7955 = ORIENTED_EDGE ( 'NONE', *, *, #1722, .F. ) ;
#7956 = LINE ( 'NONE', #2264, #2949 ) ;
#7957 = ADVANCED_FACE ( 'NONE', ( #3144 ), #8418, .T. ) ;
#7958 = CARTESIAN_POINT ( 'NONE',  ( -4.897191345580448100, 1.399999999999977500, 1.972523996270000100E-005 ) ) ;
#7959 = EDGE_LOOP ( 'NONE', ( #3310, #6187, #6055, #9707 ) ) ;
#7960 = VERTEX_POINT ( 'NONE', #3991 ) ;
#7961 = DIRECTION ( 'NONE',  ( 0.7071067811865520100, -0.7071067811865430200, -2.030905000000000100E-034 ) ) ;
#7962 = DIRECTION ( 'NONE',  ( 0.7071067811865372500, 0.7071067811865579000, 0.0000000000000000000 ) ) ;
#7963 = CARTESIAN_POINT ( 'NONE',  ( 0.3844996949045076900, -1.346164917318196900, 0.9999999999999879000 ) ) ;
#7964 = CIRCLE ( 'NONE', #3685, 1.399999999999988100 ) ;
#7965 = ORIENTED_EDGE ( 'NONE', *, *, #457, .F. ) ;
#7966 = ORIENTED_EDGE ( 'NONE', *, *, #5955, .T. ) ;
#7967 = DIRECTION ( 'NONE',  ( -0.7071067811865570100, -0.7071067811865380200, 0.0000000000000000000 ) ) ;
#7968 = DIRECTION ( 'NONE',  ( -0.7071067811865073800, 0.7071067811865876500, 0.0000000000000000000 ) ) ;
#7969 = DIRECTION ( 'NONE',  ( -0.7071067811865430200, 0.7071067811865521200, 0.0000000000000000000 ) ) ;
#7970 = CARTESIAN_POINT ( 'NONE',  ( -3.373149339882595600, -4.900000000000009200, 0.9000000000000069100 ) ) ;
#7971 = ORIENTED_EDGE ( 'NONE', *, *, #9063, .F. ) ;
#7972 = CARTESIAN_POINT ( 'NONE',  ( -0.3844996949045082500, -1.346164917318196900, 0.9745999999999879200 ) ) ;
#7973 = VERTEX_POINT ( 'NONE', #6331 ) ;
#7974 = B_SPLINE_CURVE_WITH_KNOTS ( 'NONE', 3,
 ( #9616, #765, #2250, #7382 ),
 .UNSPECIFIED., .F., .F.,
 ( 4, 4 ),
 ( 0.0000000000000000000, 1.000000000000000000 ),
 .UNSPECIFIED. ) ;
#7975 = CARTESIAN_POINT ( 'NONE',  ( -4.912401490849809700, 1.399999999999962600, 0.1000456338892741800 ) ) ;
#7976 = CARTESIAN_POINT ( 'NONE',  ( 4.617157287525376600, -3.655992052357253600, 0.0000000000000000000 ) ) ;
#7977 = FACE_OUTER_BOUND ( 'NONE', #3794, .T. ) ;
#7978 = ORIENTED_EDGE ( 'NONE', *, *, #7929, .F. ) ;
#7979 = EDGE_CURVE ( 'NONE', #2239, #5152, #6745, .T. ) ;
#7980 = CARTESIAN_POINT ( 'NONE',  ( 2.243886393122711100, 1.320386341385723500, 1.257716217639758700 ) ) ;
#7981 = AXIS2_PLACEMENT_3D ( 'NONE', #2172, #4458, #8876 ) ;
#7982 = VERTEX_POINT ( 'NONE', #4943 ) ;
#7983 = ORIENTED_EDGE ( 'NONE', *, *, #6808, .T. ) ;
#7984 = CARTESIAN_POINT ( 'NONE',  ( -3.598400220000000200E-032, -2.158191010000000100E-032, 0.9999999999999879000 ) ) ;
#7985 = VECTOR ( 'NONE', #5446, 1000.000000000000000 ) ;
#7986 = ORIENTED_EDGE ( 'NONE', *, *, #7390, .T. ) ;
#7987 = PLANE ( 'NONE',  #4507 ) ;
#7988 = EDGE_CURVE ( 'NONE', #5776, #5707, #5807, .T. ) ;
#7989 = CYLINDRICAL_SURFACE ( 'NONE', #3554, 0.1000000000000064300 ) ;
#7990 = CARTESIAN_POINT ( 'NONE',  ( 0.0000000000000000000, 0.0000000000000000000, 0.9999999999999879000 ) ) ;
#7991 = ORIENTED_EDGE ( 'NONE', *, *, #2772, .F. ) ;
#7992 = VERTEX_POINT ( 'NONE', #9392 ) ;
#7993 = CARTESIAN_POINT ( 'NONE',  ( 1.334873958754211100, 2.130263003626708100, 1.305020661632907000 ) ) ;
#7994 = VECTOR ( 'NONE', #3808, 1000.000000000000000 ) ;
#7995 = VERTEX_POINT ( 'NONE', #7078 ) ;
#7996 = EDGE_CURVE ( 'NONE', #5336, #3450, #3848, .T. ) ;
#7997 = CARTESIAN_POINT ( 'NONE',  ( -4.900000000000009200, 1.399999999999962600, 4.059076573402270100E-005 ) ) ;
#7998 = DIRECTION ( 'NONE',  ( -0.7071067811865410200, 0.7071067811865540100, 0.0000000000000000000 ) ) ;
#7999 = CARTESIAN_POINT ( 'NONE',  ( -2.787348223207440700, -1.366963376195683900, 1.305000000000012800 ) ) ;
#8000 = LINE ( 'NONE', #1920, #5685 ) ;
#8001 = DIRECTION ( 'NONE',  ( 0.0000000000000000000, -0.0000000000000000000, 1.000000000000000000 ) ) ;
#8002 = EDGE_LOOP ( 'NONE', ( #2775, #6245, #6449, #4669 ) ) ;
#8003 = EDGE_CURVE ( 'NONE', #5115, #2502, #4675, .T. ) ;
#8004 = DIRECTION ( 'NONE',  ( 0.0000000000000000000, 0.0000000000000000000, 1.000000000000000000 ) ) ;
#8005 = FACE_OUTER_BOUND ( 'NONE', #9451, .T. ) ;
#8006 = VERTEX_POINT ( 'NONE', #7878 ) ;
#8007 = CARTESIAN_POINT ( 'NONE',  ( -1.337068353748492900, 2.121956880865558200, 1.305000000000012600 ) ) ;
#8008 = ADVANCED_FACE ( 'NONE', ( #9531 ), #5637, .T. ) ;
#8009 = DIRECTION ( 'NONE',  ( -0.7071067811865746600, 0.7071067811865204800, 0.0000000000000000000 ) ) ;
#8010 = CARTESIAN_POINT ( 'NONE',  ( -4.899999991758623900, -0.8000000000000258000, 0.1000405990037714100 ) ) ;
#8011 = CARTESIAN_POINT ( 'NONE',  ( -5.101158667387508700, -0.8000000000000258000, 0.7163249259817507900 ) ) ;
#8012 = ORIENTED_EDGE ( 'NONE', *, *, #1180, .T. ) ;
#8013 = VECTOR ( 'NONE', #2805, 1000.000000000000100 ) ;
#8014 = ORIENTED_EDGE ( 'NONE', *, *, #7685, .F. ) ;
#8015 = CARTESIAN_POINT ( 'NONE',  ( 1.311720679663370700, -2.215556431812726800, 1.305000000000012600 ) ) ;
#8016 = LINE ( 'NONE', #2843, #4900 ) ;
#8017 = ORIENTED_EDGE ( 'NONE', *, *, #1357, .F. ) ;
#8018 = CARTESIAN_POINT ( 'NONE',  ( -4.900000000000009200, 3.373149339882620900, 0.9999999999999879000 ) ) ;
#8019 = ORIENTED_EDGE ( 'NONE', *, *, #2801, .F. ) ;
#8020 = AXIS2_PLACEMENT_3D ( 'NONE', #6639, #2920, #5897 ) ;
#8021 = VERTEX_POINT ( 'NONE', #8585 ) ;
#8022 = CARTESIAN_POINT ( 'NONE',  ( -4.900000000000008300, -3.373149339882619600, 0.9745999999999879200 ) ) ;
#8023 = AXIS2_PLACEMENT_3D ( 'NONE', #7623, #6899, #92 ) ;
#8024 = LINE ( 'NONE', #5844, #770 ) ;
#8025 = ORIENTED_EDGE ( 'NONE', *, *, #2696, .F. ) ;
#8026 = DIRECTION ( 'NONE',  ( 0.7071067811865919800, -0.7071067811865030500, 0.0000000000000000000 ) ) ;
#8027 = DIRECTION ( 'NONE',  ( -0.7071067811865540100, -0.7071067811865410200, -1.047315000000000100E-031 ) ) ;
#8028 = CARTESIAN_POINT ( 'NONE',  ( -0.6699965466863663200, -0.04252523733366451300, 1.205000000000183700 ) ) ;
#8029 = CARTESIAN_POINT ( 'NONE',  ( -1.298826156556821300, -2.409490607479997800, 0.9999999999999879000 ) ) ;
#8030 = VECTOR ( 'NONE', #6878, 1000.000000000000100 ) ;
#8031 = AXIS2_PLACEMENT_3D ( 'NONE', #5525, #3214, #8432 ) ;
#8032 = ORIENTED_EDGE ( 'NONE', *, *, #768, .F. ) ;
#8033 = EDGE_CURVE ( 'NONE', #2065, #38, #1130, .T. ) ;
#8034 = CARTESIAN_POINT ( 'NONE',  ( 3.498823671904396400, 2.409490608222226700, 0.9999999999999879000 ) ) ;
#8035 = CARTESIAN_POINT ( 'NONE',  ( -2.199999999999988600, 4.905070048423129800, 0.1000000000000064200 ) ) ;
#8036 = EDGE_LOOP ( 'NONE', ( #320, #9475, #4200, #4055, #3357, #1323 ) ) ;
#8037 = CARTESIAN_POINT ( 'NONE',  ( -1.322193242608162400, 2.183854055751257100, 1.292683354231451800 ) ) ;
#8038 = B_SPLINE_CURVE_WITH_KNOTS ( 'NONE', 3,
 ( #9687, #736, #7487, #4469, #9658, #5227 ),
 .UNSPECIFIED., .F., .F.,
 ( 4, 2, 4 ),
 ( 0.0000000000000000000, 0.4845608381081542000, 0.9691216762163084000 ),
 .UNSPECIFIED. ) ;
#8039 = AXIS2_PLACEMENT_3D ( 'NONE', #3319, #7866, #8613 ) ;
#8040 = CARTESIAN_POINT ( 'NONE',  ( -1.091760748520840900, -0.1346095170347637600, 1.213577844314230700 ) ) ;
#8041 = CARTESIAN_POINT ( 'NONE',  ( -2.199999999999975800, 4.900000000000009200, 3.095825365898941300E-006 ) ) ;
#8042 = LINE ( 'NONE', #624, #3625 ) ;
#8043 = CYLINDRICAL_SURFACE ( 'NONE', #2025, 0.1000000000000063900 ) ;
#8044 = DIRECTION ( 'NONE',  ( 1.000000000000000000, 2.571370700173599300E-016, 0.0000000000000000000 ) ) ;
#8045 = EDGE_CURVE ( 'NONE', #1337, #4868, #1960, .T. ) ;
#8046 = CARTESIAN_POINT ( 'NONE',  ( 2.199999999999988600, 4.915250744231022900, 6.191650734937880400E-006 ) ) ;
#8047 = CARTESIAN_POINT ( 'NONE',  ( -4.912401490849809700, -0.8000000000000258000, 0.1000456338892741800 ) ) ;
#8048 = LINE ( 'NONE', #3135, #4106 ) ;
#8049 = VERTEX_POINT ( 'NONE', #6392 ) ;
#8050 = EDGE_CURVE ( 'NONE', #79, #8754, #7569, .T. ) ;
#8051 = ADVANCED_FACE ( 'NONE', ( #5701 ), #8368, .F. ) ;
#8052 = CARTESIAN_POINT ( 'NONE',  ( -2.199999999999963300, -4.912442089811461800, 4.564213067505599600E-005 ) ) ;
#8053 = CARTESIAN_POINT ( 'NONE',  ( -4.900000000000009200, 3.373149339882620900, 0.9745999999999879200 ) ) ;
#8054 = CYLINDRICAL_SURFACE ( 'NONE', #5170, 0.1250000000000079100 ) ;
#8055 = CARTESIAN_POINT ( 'NONE',  ( -3.655992052357224700, -4.617157287525399700, 0.9745999999999879200 ) ) ;
#8056 = EDGE_CURVE ( 'NONE', #4736, #1084, #5019, .T. ) ;
#8057 = CARTESIAN_POINT ( 'NONE',  ( 3.655992052357211400, -4.617157287525398800, 0.9999999999999879000 ) ) ;
#8058 = ORIENTED_EDGE ( 'NONE', *, *, #6338, .F. ) ;
#8059 = CARTESIAN_POINT ( 'NONE',  ( 1.032159988000000200E-015, 5.516420260000000600E-015, 1.305000000000012600 ) ) ;
#8060 = CARTESIAN_POINT ( 'NONE',  ( -2.007900838743260000, -1.372236245729014700, 1.233382367165305700 ) ) ;
#8061 = EDGE_CURVE ( 'NONE', #1004, #7522, #1598, .T. ) ;
#8062 = ORIENTED_EDGE ( 'NONE', *, *, #5998, .T. ) ;
#8063 = FACE_OUTER_BOUND ( 'NONE', #2366, .T. ) ;
#8064 = CARTESIAN_POINT ( 'NONE',  ( 5.044259729609564100, 0.8000000000000004900, 0.3109558122168243900 ) ) ;
#8065 = CARTESIAN_POINT ( 'NONE',  ( -1.375436775631108300, 1.998850662895678400, 1.151536483913250000 ) ) ;
#8066 = EDGE_CURVE ( 'NONE', #5561, #8793, #9397, .T. ) ;
#8067 = DIRECTION ( 'NONE',  ( -0.7071067811865580100, 0.7071067811865369100, 0.0000000000000000000 ) ) ;
#8068 = AXIS2_PLACEMENT_3D ( 'NONE', #4395, #2912, #2073 ) ;
#8069 = VERTEX_POINT ( 'NONE', #6427 ) ;
#8070 = VECTOR ( 'NONE', #1048, 1000.000000000000000 ) ;
#8071 = DIRECTION ( 'NONE',  ( 1.000000000000000000, -0.0000000000000000000, 0.0000000000000000000 ) ) ;
#8072 = ORIENTED_EDGE ( 'NONE', *, *, #3833, .F. ) ;
#8073 = VERTEX_POINT ( 'NONE', #314 ) ;
#8074 = CARTESIAN_POINT ( 'NONE',  ( -5.109556728779596200, 1.399999999999962600, 0.1666719549468375600 ) ) ;
#8075 = VERTEX_POINT ( 'NONE', #3328 ) ;
#8076 = VERTEX_POINT ( 'NONE', #5576 ) ;
#8077 = FACE_OUTER_BOUND ( 'NONE', #5373, .T. ) ;
#8078 = CARTESIAN_POINT ( 'NONE',  ( -3.373149339882592500, -4.900000000000011900, 0.9999999999999879000 ) ) ;
#8079 = VERTEX_POINT ( 'NONE', #1074 ) ;
#8080 = CARTESIAN_POINT ( 'NONE',  ( -5.010958810312806700, 0.7999999999999747300, 0.1833587902973576300 ) ) ;
#8081 = DIRECTION ( 'NONE',  ( -0.0000000000000000000, 0.0000000000000000000, -1.000000000000000000 ) ) ;
#8082 = EDGE_LOOP ( 'NONE', ( #2750, #5139, #542, #9338 ) ) ;
#8083 = CLOSED_SHELL ( 'NONE', ( #896, #6743, #9004, #5196, #5975, #2022, #8635, #3871, #2382, #6212 ) ) ;
#8084 = CARTESIAN_POINT ( 'NONE',  ( 3.470193609461264600, 2.697413305172984700, 1.305000000000012800 ) ) ;
#8085 = CARTESIAN_POINT ( 'NONE',  ( -0.3844996949045078000, 1.346164917318196700, 0.9999999999999879000 ) ) ;
#8086 = DIRECTION ( 'NONE',  ( 0.0000000000000000000, 0.0000000000000000000, 1.000000000000000000 ) ) ;
#8087 = CARTESIAN_POINT ( 'NONE',  ( -1.599999999999975400, -4.897191345580448100, 1.972523996270000100E-005 ) ) ;
#8088 = VECTOR ( 'NONE', #1523, 1000.000000000000000 ) ;
#8089 = ORIENTED_EDGE ( 'NONE', *, *, #4638, .F. ) ;
#8090 = CARTESIAN_POINT ( 'NONE',  ( -1.599999999999975900, -4.899999995880150100, 2.142290222297503300E-005 ) ) ;
#8091 = CARTESIAN_POINT ( 'NONE',  ( -3.804484476406386800, 4.482806999099954800, 0.9999999999999879000 ) ) ;
#8092 = CARTESIAN_POINT ( 'NONE',  ( 1.367671172371680600, 2.020135298234354300, 1.205000000000208100 ) ) ;
#8093 = B_SPLINE_CURVE_WITH_KNOTS ( 'NONE', 3,
 ( #5763, #8705, #9348, #7162, #5731, #9483 ),
 .UNSPECIFIED., .F., .F.,
 ( 4, 2, 4 ),
 ( 0.0000000000000000000, 0.5000000000000000000, 1.000000000000000000 ),
 .UNSPECIFIED. ) ;
#8094 = DIRECTION ( 'NONE',  ( -0.7071067811865429100, 0.7071067811865521200, -8.342941000000000200E-017 ) ) ;
#8095 = FACE_OUTER_BOUND ( 'NONE', #8313, .T. ) ;
#8096 = ADVANCED_FACE ( 'NONE', ( #9058 ), #407, .T. ) ;
#8097 = ORIENTED_EDGE ( 'NONE', *, *, #3507, .F. ) ;
#8098 = VERTEX_POINT ( 'NONE', #5739 ) ;
#8099 = DIRECTION ( 'NONE',  ( -0.7071067811865430200, -0.7071067811865521200, 0.0000000000000000000 ) ) ;
#8100 = DIRECTION ( 'NONE',  ( 1.000000000000000000, 0.0000000000000000000, 0.0000000000000000000 ) ) ;
#8101 = EDGE_CURVE ( 'NONE', #292, #1642, #5146, .T. ) ;
#8102 = VERTEX_POINT ( 'NONE', #5802 ) ;
#8103 = CARTESIAN_POINT ( 'NONE',  ( -4.900000000000009200, 3.373149339882570700, 0.0000000000000000000 ) ) ;
#8104 = CARTESIAN_POINT ( 'NONE',  ( -1.335999707505683500, 2.120888234622744200, 1.305000000000012600 ) ) ;
#8105 = ORIENTED_EDGE ( 'NONE', *, *, #1834, .F. ) ;
#8106 = CARTESIAN_POINT ( 'NONE',  ( -2.247298729214127100, -1.319879235060289300, 1.254079479882491700 ) ) ;
#8107 = LINE ( 'NONE', #7976, #9030 ) ;
#8108 = EDGE_LOOP ( 'NONE', ( #2007, #7876, #3847, #1066 ) ) ;
#8109 = DIRECTION ( 'NONE',  ( -0.0000000000000000000, -0.0000000000000000000, 1.000000000000000000 ) ) ;
#8110 = CARTESIAN_POINT ( 'NONE',  ( 1.307775534087839200, 2.269440756501538600, 1.024999999999989500 ) ) ;
#8111 = EDGE_CURVE ( 'NONE', #4124, #3849, #8137, .T. ) ;
#8112 = CYLINDRICAL_SURFACE ( 'NONE', #1833, 1.099999999999994500 ) ;
#8113 = ORIENTED_EDGE ( 'NONE', *, *, #4767, .F. ) ;
#8114 = CARTESIAN_POINT ( 'NONE',  ( 0.2999999999999937700, 4.902808646178184100, 0.1000011485238460100 ) ) ;
#8115 = DIRECTION ( 'NONE',  ( 0.0000000000000000000, 0.0000000000000000000, 1.000000000000000000 ) ) ;
#8116 = VECTOR ( 'NONE', #4146, 1000.000000000000000 ) ;
#8117 = ORIENTED_EDGE ( 'NONE', *, *, #2563, .F. ) ;
#8118 = EDGE_CURVE ( 'NONE', #1125, #8213, #7921, .T. ) ;
#8119 = CARTESIAN_POINT ( 'NONE',  ( -4.960578144595555900, -1.400000000000038800, 0.1000651931323655900 ) ) ;
#8120 = CARTESIAN_POINT ( 'NONE',  ( -0.5203083823854977000, -1.172772508248182600, 1.205000000000212800 ) ) ;
#8121 = CARTESIAN_POINT ( 'NONE',  ( 2.445007224288389100, 1.305107341172108400, 0.8999999999999978000 ) ) ;
#8123 = VECTOR ( 'NONE', #6624, 1000.000000000000000 ) ;
#8122 = CARTESIAN_POINT ( 'NONE',  ( -3.373149339882636900, 4.900000000000009200, 0.9999999999999879000 ) ) ;
#8124 = ORIENTED_EDGE ( 'NONE', *, *, #4828, .F. ) ;
#8125 = VECTOR ( 'NONE', #7491, 1000.000000000000000 ) ;
#8126 = CARTESIAN_POINT ( 'NONE',  ( -0.2999999999999937700, 4.900000000000010100, 3.095825365892315400E-006 ) ) ;
#8127 = VECTOR ( 'NONE', #5966, 1000.000000000000000 ) ;
#8128 = ORIENTED_EDGE ( 'NONE', *, *, #4847, .T. ) ;
#8129 = ORIENTED_EDGE ( 'NONE', *, *, #6537, .T. ) ;
#8130 = EDGE_LOOP ( 'NONE', ( #4197, #6525, #7582, #257 ) ) ;
#8131 = CARTESIAN_POINT ( 'NONE',  ( 2.199999999999988600, 5.112365383199167100, 0.1666325044669145200 ) ) ;
#8132 = EDGE_CURVE ( 'NONE', #4812, #8818, #9407, .T. ) ;
#8133 = AXIS2_PLACEMENT_3D ( 'NONE', #2852, #3646, #2821 ) ;
#8134 = CARTESIAN_POINT ( 'NONE',  ( -1.346164917318200000, -0.3844996949044996400, 0.9999999999999879000 ) ) ;
#8135 = EDGE_LOOP ( 'NONE', ( #1829, #2975, #5816, #2997, #1279, #7203, #3370, #9466 ) ) ;
#8136 = DIRECTION ( 'NONE',  ( -0.7071067811865525700, 0.7071067811865425800, -5.651048599252014300E-017 ) ) ;
#8137 = CIRCLE ( 'NONE', #1390, 1.399999999999988100 ) ;
#8138 = VERTEX_POINT ( 'NONE', #3548 ) ;
#8139 = DIRECTION ( 'NONE',  ( 0.0000000000000000000, 0.0000000000000000000, 1.000000000000000000 ) ) ;
#8140 = VECTOR ( 'NONE', #5833, 1000.000000000000000 ) ;
#8141 = ORIENTED_EDGE ( 'NONE', *, *, #4699, .T. ) ;
#8142 = DIRECTION ( 'NONE',  ( 0.7071067811865430200, -0.7071067811865521200, -8.342941000000002700E-017 ) ) ;
#8143 = EDGE_LOOP ( 'NONE', ( #9405, #6567, #1999, #4459 ) ) ;
#8144 = CARTESIAN_POINT ( 'NONE',  ( -3.655992052357217100, 4.617157287525392600, 0.9745999999999879200 ) ) ;
#8145 = ORIENTED_EDGE ( 'NONE', *, *, #1601, .F. ) ;
#8146 = FACE_OUTER_BOUND ( 'NONE', #4874, .T. ) ;
#8147 = CARTESIAN_POINT ( 'NONE',  ( 0.1305592434984410900, 1.092224465912158000, 0.9999999999999879000 ) ) ;
#8148 = CARTESIAN_POINT ( 'NONE',  ( 4.899999999999315600, 1.400000000000013500, 0.1000000016482815300 ) ) ;
#8149 = AXIS2_PLACEMENT_3D ( 'NONE', #8237, #5272, #6756 ) ;
#8150 = VERTEX_POINT ( 'NONE', #2729 ) ;
#8151 = B_SPLINE_CURVE_WITH_KNOTS ( 'NONE', 3,
 ( #7029, #6341, #5523, #8463 ),
 .UNSPECIFIED., .F., .F.,
 ( 4, 4 ),
 ( 0.0000000000000000000, 1.000000000000000000 ),
 .UNSPECIFIED. ) ;
#8152 = ADVANCED_FACE ( 'NONE', ( #8828 ), #6570, .T. ) ;
#8153 = PLANE ( 'NONE',  #8569 ) ;
#8154 = VECTOR ( 'NONE', #6723, 1000.000000000000000 ) ;
#8155 = VECTOR ( 'NONE', #8780, 1000.000000000000200 ) ;
#8156 = DIRECTION ( 'NONE',  ( 0.0000000000000000000, 0.0000000000000000000, 1.000000000000000000 ) ) ;
#8157 = CARTESIAN_POINT ( 'NONE',  ( -0.2999999999999937200, 4.962008663924569500, 2.517489204070349100E-005 ) ) ;
#8158 = AXIS2_PLACEMENT_3D ( 'NONE', #9316, #432, #4083 ) ;
#8159 = EDGE_CURVE ( 'NONE', #4893, #6684, #4911, .T. ) ;
#8160 = CARTESIAN_POINT ( 'NONE',  ( 1.367671172371683200, -2.020135298234352100, 1.205000000000208800 ) ) ;
#8161 = VERTEX_POINT ( 'NONE', #4242 ) ;
#8162 = ORIENTED_EDGE ( 'NONE', *, *, #3634, .T. ) ;
#8163 = B_SPLINE_CURVE_WITH_KNOTS ( 'NONE', 3,
 ( #3175, #6963, #3932, #6188, #2478, #9195 ),
 .UNSPECIFIED., .F., .F.,
 ( 4, 2, 4 ),
 ( 0.0000000000000000000, 0.4611970110546774200, 0.9223940221093548400 ),
 .UNSPECIFIED. ) ;
#8164 = CARTESIAN_POINT ( 'NONE',  ( 2.398823671904402000, -2.409490608222201400, 0.9000000000000069100 ) ) ;
#8165 = CARTESIAN_POINT ( 'NONE',  ( -0.2999999999999684000, -4.912360891846019800, 0.2000456256479027900 ) ) ;
#8166 = CARTESIAN_POINT ( 'NONE',  ( 5.013767464732366900, -0.8000000000000004900, 0.1833193398174324000 ) ) ;
#8167 = CARTESIAN_POINT ( 'NONE',  ( -2.398823671904402000, 2.409490608222226700, 0.9999999999999879000 ) ) ;
#8168 = EDGE_CURVE ( 'NONE', #801, #9540, #8933, .T. ) ;
#8169 = EDGE_CURVE ( 'NONE', #1591, #5782, #7680, .T. ) ;
#8170 = CARTESIAN_POINT ( 'NONE',  ( -0.2999999999999937700, 4.915210145269370800, 0.1000049467274789400 ) ) ;
#8171 = EDGE_LOOP ( 'NONE', ( #8870, #8265, #7218, #3367 ) ) ;
#8172 = LINE ( 'NONE', #84, #4472 ) ;
#8173 = EDGE_CURVE ( 'NONE', #7433, #4590, #7219, .T. ) ;
#8174 = DIRECTION ( 'NONE',  ( 0.0000000000000000000, 0.0000000000000000000, -1.000000000000000000 ) ) ;
#8175 = CARTESIAN_POINT ( 'NONE',  ( 3.491048137816604500, 2.540049851720413100, 0.9999999999999879000 ) ) ;
#8176 = CARTESIAN_POINT ( 'NONE',  ( -2.614721060899724200, -3.293043583593277600, 0.2000000000000130000 ) ) ;
#8177 = ORIENTED_EDGE ( 'NONE', *, *, #6629, .T. ) ;
#8178 = CARTESIAN_POINT ( 'NONE',  ( 0.3817191672772328700, 1.346956004230711600, 0.9999999999999879000 ) ) ;
#8179 = ORIENTED_EDGE ( 'NONE', *, *, #5865, .F. ) ;
#8180 = EDGE_CURVE ( 'NONE', #7723, #8098, #4196, .T. ) ;
#8181 = CARTESIAN_POINT ( 'NONE',  ( 2.199999999999988600, 4.905083581410346800, 2.063883571393829700E-006 ) ) ;
#8182 = DIRECTION ( 'NONE',  ( 9.895244941485101000E-017, -1.903455370793503800E-017, 1.000000000000000000 ) ) ;
#8183 = LINE ( 'NONE', #3406, #6555 ) ;
#8184 = ORIENTED_EDGE ( 'NONE', *, *, #9094, .F. ) ;
#8185 = CARTESIAN_POINT ( 'NONE',  ( -0.3698988357748843600, -1.035995954430507700, 1.252226072352976600 ) ) ;
#8186 = CARTESIAN_POINT ( 'NONE',  ( -3.491048137816558300, -2.540049851720743000, 0.9000000000000070200 ) ) ;
#8187 = DIRECTION ( 'NONE',  ( 0.7071067811865474600, -0.7071067811865474600, 0.0000000000000000000 ) ) ;
#8188 = EDGE_CURVE ( 'NONE', #2612, #6177, #2023, .T. ) ;
#8189 = VERTEX_POINT ( 'NONE', #5004 ) ;
#8190 = DIRECTION ( 'NONE',  ( 0.0000000000000000000, 0.0000000000000000000, 1.000000000000000000 ) ) ;
#8191 = ADVANCED_FACE ( 'NONE', ( #7445 ), #3480, .T. ) ;
#8192 = ORIENTED_EDGE ( 'NONE', *, *, #6942, .F. ) ;
#8193 = CARTESIAN_POINT ( 'NONE',  ( 0.3000000000000192000, -5.101158667387508700, 0.7163249259817507900 ) ) ;
#8194 = VECTOR ( 'NONE', #6494, 1000.000000000000000 ) ;
#8195 = DIRECTION ( 'NONE',  ( -0.0000000000000000000, -0.0000000000000000000, -1.000000000000000000 ) ) ;
#8196 = EDGE_LOOP ( 'NONE', ( #7225, #4549, #2967, #835, #5877, #6681, #6850 ) ) ;
#8197 = EDGE_LOOP ( 'NONE', ( #2719, #3428, #6668, #9689 ) ) ;
#8198 = PLANE ( 'NONE',  #2666 ) ;
#8199 = PLANE ( 'NONE',  #3803 ) ;
#8200 = ORIENTED_EDGE ( 'NONE', *, *, #6457, .T. ) ;
#8201 = CARTESIAN_POINT ( 'NONE',  ( 2.398823671904402000, -2.409490608222201400, 0.9000000000000069100 ) ) ;
#8202 = ORIENTED_EDGE ( 'NONE', *, *, #9564, .F. ) ;
#8203 = LINE ( 'NONE', #6935, #11 ) ;
#8204 = DIRECTION ( 'NONE',  ( 0.0000000000000000000, 1.000000000000000000, 0.0000000000000000000 ) ) ;
#8205 = EDGE_LOOP ( 'NONE', ( #6630, #4384, #2338, #7854, #7499 ) ) ;
#8206 = CARTESIAN_POINT ( 'NONE',  ( -0.2999999999999684000, -5.101158667387508700, 0.7163249259817507900 ) ) ;
#8207 = B_SPLINE_CURVE_WITH_KNOTS ( 'NONE', 3,
 ( #8148, #9572, #5983, #5958 ),
 .UNSPECIFIED., .F., .F.,
 ( 4, 4 ),
 ( 0.0000000000000000000, 1.000000000000000000 ),
 .UNSPECIFIED. ) ;
#8208 = ORIENTED_EDGE ( 'NONE', *, *, #7372, .F. ) ;
#8209 = ORIENTED_EDGE ( 'NONE', *, *, #2942, .T. ) ;
#8210 = CARTESIAN_POINT ( 'NONE',  ( -1.364004046427992300, -2.030101161891758800, 1.252226061296133100 ) ) ;
#8211 = FACE_OUTER_BOUND ( 'NONE', #9251, .T. ) ;
#8212 = DIRECTION ( 'NONE',  ( 0.1668683535051944700, 0.0000000000000000000, 0.9859791846679448700 ) ) ;
#8213 = VERTEX_POINT ( 'NONE', #5841 ) ;
#8214 = EDGE_CURVE ( 'NONE', #6146, #3787, #1340, .T. ) ;
#8215 = CARTESIAN_POINT ( 'NONE',  ( -5.002722156732098700, -1.400000000000038800, 0.1346906707209699100 ) ) ;
#8216 = CARTESIAN_POINT ( 'NONE',  ( -0.2999999999999937700, 4.900000000000010100, 3.095825365892315400E-006 ) ) ;
#8217 = CARTESIAN_POINT ( 'NONE',  ( 2.199999999999988600, 4.910167162820685300, 4.127767151669442800E-006 ) ) ;
#8218 = DIRECTION ( 'NONE',  ( -0.7071067811865567900, -0.7071067811865383600, 0.0000000000000000000 ) ) ;
#8219 = VECTOR ( 'NONE', #7061, 1000.000000000000000 ) ;
#8220 = EDGE_LOOP ( 'NONE', ( #4611, #8600, #9446, #1763 ) ) ;
#8221 = ORIENTED_EDGE ( 'NONE', *, *, #8621, .F. ) ;
#8222 = FACE_OUTER_BOUND ( 'NONE', #6224, .T. ) ;
#8223 = CARTESIAN_POINT ( 'NONE',  ( 1.600000000000001200, 4.915250744231022900, 6.191650734937880400E-006 ) ) ;
#8224 = B_SPLINE_CURVE_WITH_KNOTS ( 'NONE', 3,
 ( #3995, #2455, #224, #6242, #4813, #258 ),
 .UNSPECIFIED., .F., .F.,
 ( 4, 2, 4 ),
 ( 0.0000000000000000000, 0.5000000000000000000, 1.000000000000000000 ),
 .UNSPECIFIED. ) ;
#8225 = VERTEX_POINT ( 'NONE', #1399 ) ;
#8226 = DIRECTION ( 'NONE',  ( -1.000000000000000000, -0.0000000000000000000, -0.0000000000000000000 ) ) ;
#8227 = CARTESIAN_POINT ( 'NONE',  ( -3.498871687761059500, -2.409490666577821700, 1.305000000000012600 ) ) ;
#8228 = FACE_OUTER_BOUND ( 'NONE', #3592, .T. ) ;
#8229 = DIRECTION ( 'NONE',  ( -0.1668683535051944700, 0.0000000000000000000, 0.9859791846679448700 ) ) ;
#8230 = ORIENTED_EDGE ( 'NONE', *, *, #7193, .T. ) ;
#8231 = EDGE_CURVE ( 'NONE', #7982, #9482, #4314, .T. ) ;
#8232 = DIRECTION ( 'NONE',  ( 0.0000000000000000000, -0.1668683535051944900, -0.9859791846679448700 ) ) ;
#8233 = CARTESIAN_POINT ( 'NONE',  ( 0.3798647017656286400, 1.032328827628331100, 1.205000000000210600 ) ) ;
#8234 = CARTESIAN_POINT ( 'NONE',  ( -1.481953287564985900, -1.762541802349321300, 1.305000000000012600 ) ) ;
#8235 = VECTOR ( 'NONE', #4019, 1000.000000000000000 ) ;
#8236 = ORIENTED_EDGE ( 'NONE', *, *, #5638, .T. ) ;
#8237 = CARTESIAN_POINT ( 'NONE',  ( 1.032159988000000200E-015, 5.516420260000000600E-015, 1.305000000000012600 ) ) ;
#8238 = EDGE_CURVE ( 'NONE', #5460, #5697, #3552, .T. ) ;
#8239 = VECTOR ( 'NONE', #4533, 1000.000000000000200 ) ;
#8240 = CARTESIAN_POINT ( 'NONE',  ( 0.0000000000000000000, 0.0000000000000000000, 0.9745999999999879200 ) ) ;
#8241 = VECTOR ( 'NONE', #3327, 1000.000000000000000 ) ;
#8242 = DIRECTION ( 'NONE',  ( 0.7071067811865474600, 0.7071067811865474600, 0.0000000000000000000 ) ) ;
#8243 = ORIENTED_EDGE ( 'NONE', *, *, #3507, .T. ) ;
#8244 = ADVANCED_FACE ( 'NONE', ( #6179 ), #2193, .T. ) ;
#8245 = DIRECTION ( 'NONE',  ( -0.7071067811865259200, 0.7071067811865692200, 0.0000000000000000000 ) ) ;
#8246 = ORIENTED_EDGE ( 'NONE', *, *, #8101, .F. ) ;
#8247 = VECTOR ( 'NONE', #7602, 1000.000000000000000 ) ;
#8248 = ORIENTED_EDGE ( 'NONE', *, *, #1601, .T. ) ;
#8249 = CARTESIAN_POINT ( 'NONE',  ( -1.346164917318200600, 0.3844996949045027500, 1.024999999999989500 ) ) ;
#8250 = DIRECTION ( 'NONE',  ( 1.000000000000000000, 0.0000000000000000000, 9.895244941485101000E-017 ) ) ;
#8251 = VECTOR ( 'NONE', #2918, 1000.000000000000100 ) ;
#8252 = EDGE_LOOP ( 'NONE', ( #3907, #4848, #3841, #1936 ) ) ;
#8253 = ORIENTED_EDGE ( 'NONE', *, *, #6276, .F. ) ;
#8254 = ORIENTED_EDGE ( 'NONE', *, *, #7193, .F. ) ;
#8255 = EDGE_CURVE ( 'NONE', #8138, #3247, #5946, .T. ) ;
#8256 = CARTESIAN_POINT ( 'NONE',  ( 4.475735931288051400, 3.797413408594536100, 0.9999999999999879000 ) ) ;
#8257 = CARTESIAN_POINT ( 'NONE',  ( -0.2999999999999684000, -4.897191345580448100, 3.945047992540000200E-005 ) ) ;
#8258 = CARTESIAN_POINT ( 'NONE',  ( 0.3844996949045076900, -1.346164917318196900, 1.350000000000010300 ) ) ;
#8259 = ORIENTED_EDGE ( 'NONE', *, *, #2680, .T. ) ;
#8260 = CARTESIAN_POINT ( 'NONE',  ( -1.600000000000001000, 4.900000000000009200, -1.110223078000000000E-014 ) ) ;
#8261 = LINE ( 'NONE', #8564, #8608 ) ;
#8262 = CARTESIAN_POINT ( 'NONE',  ( -0.2999999999999684000, -4.959200009505009300, 6.462537199153296700E-005 ) ) ;
#8263 = CARTESIAN_POINT ( 'NONE',  ( 0.3860552488271425900, 1.030050900043296200, 1.175664343299518200 ) ) ;
#8264 = FACE_OUTER_BOUND ( 'NONE', #7099, .T. ) ;
#8265 = ORIENTED_EDGE ( 'NONE', *, *, #1974, .T. ) ;
#8266 = EDGE_CURVE ( 'NONE', #459, #8551, #5248, .T. ) ;
#8267 = DIRECTION ( 'NONE',  ( -1.000000000000000000, 0.0000000000000000000, 0.0000000000000000000 ) ) ;
#8268 = DIRECTION ( 'NONE',  ( -0.7071067811865876500, -0.7071067811865073800, 0.0000000000000000000 ) ) ;
#8269 = DIRECTION ( 'NONE',  ( 0.7071067811865520100, -0.7071067811865431300, -2.030905000000000100E-034 ) ) ;
#8270 = CYLINDRICAL_SURFACE ( 'NONE', #7657, 1.099999999999994500 ) ;
#8271 = CARTESIAN_POINT ( 'NONE',  ( 3.496225517721969200, -2.496737246266790900, 0.9000000000000069100 ) ) ;
#8272 = VERTEX_POINT ( 'NONE', #1498 ) ;
#8273 = CARTESIAN_POINT ( 'NONE',  ( -4.912442089811461800, -1.400000000000028300, 4.564213066489702800E-005 ) ) ;
#8274 = CARTESIAN_POINT ( 'NONE',  ( 1.023107431505993800, 0.4040955250570982300, 1.175888624864751300 ) ) ;
#8275 = CARTESIAN_POINT ( 'NONE',  ( 4.910167162820676400, -0.8000000000000004900, 6.191650735794685500E-006 ) ) ;
#8276 = SURFACE_STYLE_FILL_AREA ( #4357 ) ;
#8277 = AXIS2_PLACEMENT_3D ( 'NONE', #2292, #2327, #837 ) ;
#8278 = B_SPLINE_CURVE_WITH_KNOTS ( 'NONE', 3,
 ( #8624, #2676, #4091, #3361 ),
 .UNSPECIFIED., .F., .F.,
 ( 4, 4 ),
 ( 0.0000000000000000000, 1.000000000000000000 ),
 .UNSPECIFIED. ) ;
#8279 = LINE ( 'NONE', #2430, #315 ) ;
#8280 = CARTESIAN_POINT ( 'NONE',  ( 1.788104663124664000, -3.365409144133658400, 0.9999999999999876800 ) ) ;
#8281 = CARTESIAN_POINT ( 'NONE',  ( 2.058033340680093500, 3.464458734475908600, 0.9999999999999879000 ) ) ;
#8282 = DIRECTION ( 'NONE',  ( 0.0000000000000000000, 0.0000000000000000000, 1.000000000000000000 ) ) ;
#8283 = VECTOR ( 'NONE', #6244, 1000.000000000000000 ) ;
#8284 = ORIENTED_EDGE ( 'NONE', *, *, #6748, .T. ) ;
#8285 = CARTESIAN_POINT ( 'NONE',  ( 1.600000000000025800, -4.899999995880147500, 2.142290222297524000E-005 ) ) ;
#8286 = CARTESIAN_POINT ( 'NONE',  ( -3.491048137816558300, -2.540049851720743000, 0.9000000000000070200 ) ) ;
#8287 = EDGE_CURVE ( 'NONE', #3346, #3204, #6989, .T. ) ;
#8288 = CARTESIAN_POINT ( 'NONE',  ( -2.385109208086229900, 1.309261710631385300, 0.9057609275833481400 ) ) ;
#8289 = CARTESIAN_POINT ( 'NONE',  ( 5.103967321807069800, 1.400000000000013500, 0.7162854755018253100 ) ) ;
#8290 = FACE_OUTER_BOUND ( 'NONE', #8372, .T. ) ;
#8291 = ADVANCED_FACE ( 'NONE', ( #7908 ), #7420, .T. ) ;
#8292 = AXIS2_PLACEMENT_3D ( 'NONE', #8165, #1252, #2767 ) ;
#8293 = VERTEX_POINT ( 'NONE', #6000 ) ;
#8294 = CARTESIAN_POINT ( 'NONE',  ( 1.092224465912155200, -0.1305592434984655400, 0.9999999999999879000 ) ) ;
#8295 = CARTESIAN_POINT ( 'NONE',  ( -2.277830346110254900, -1.316165123696547000, 1.024999999999989500 ) ) ;
#8296 = CARTESIAN_POINT ( 'NONE',  ( -5.010958810312805800, 1.399999999999962600, 0.1833587902973578000 ) ) ;
#8297 = PLANE ( 'NONE',  #1195 ) ;
#8298 = DIRECTION ( 'NONE',  ( 1.000000000000000000, -0.0000000000000000000, 0.0000000000000000000 ) ) ;
#8299 = CARTESIAN_POINT ( 'NONE',  ( 2.200000000000039700, -5.101754311063978700, 0.1205696156111787100 ) ) ;
#8300 = VERTEX_POINT ( 'NONE', #1528 ) ;
#8301 = LINE ( 'NONE', #5794, #2234 ) ;
#8302 = DIRECTION ( 'NONE',  ( 0.0000000000000000000, 0.0000000000000000000, 1.000000000000000000 ) ) ;
#8303 = CARTESIAN_POINT ( 'NONE',  ( 0.9854413477185767200, 0.4897448731512768500, 1.104999999999999500 ) ) ;
#8304 = PLANE ( 'NONE',  #3501 ) ;
#8305 = EDGE_CURVE ( 'NONE', #3925, #1874, #3594, .T. ) ;
#8306 = VERTEX_POINT ( 'NONE', #2220 ) ;
#8307 = DIRECTION ( 'NONE',  ( 0.0000000000000000000, -0.0000000000000000000, -1.000000000000000000 ) ) ;
#8308 = LINE ( 'NONE', #2230, #7618 ) ;
#8309 = CARTESIAN_POINT ( 'NONE',  ( 3.474510700846472400, 2.678397721838837500, 0.9999999999999881200 ) ) ;
#8310 = ORIENTED_EDGE ( 'NONE', *, *, #5720, .T. ) ;
#8311 = ORIENTED_EDGE ( 'NONE', *, *, #9558, .T. ) ;
#8312 = FILL_AREA_STYLE ('',( #229 ) ) ;
#8313 = EDGE_LOOP ( 'NONE', ( #8783, #3962, #8841, #7268 ) ) ;
#8314 = EDGE_CURVE ( 'NONE', #3060, #293, #8038, .T. ) ;
#8315 = DIRECTION ( 'NONE',  ( 0.0000000000000000000, -1.000000000000000000, 0.0000000000000000000 ) ) ;
#8316 = ORIENTED_EDGE ( 'NONE', *, *, #8169, .T. ) ;
#8317 = CARTESIAN_POINT ( 'NONE',  ( -4.900000000000009200, -3.373149339882620900, 0.1000405990071242100 ) ) ;
#8318 = FACE_OUTER_BOUND ( 'NONE', #4902, .T. ) ;
#8319 = ORIENTED_EDGE ( 'NONE', *, *, #5448, .T. ) ;
#8320 = CARTESIAN_POINT ( 'NONE',  ( -1.307775534087840500, -2.269440756501540400, 0.9000000000000069100 ) ) ;
#8321 = EDGE_LOOP ( 'NONE', ( #2479, #3773, #8129, #7129, #9619 ) ) ;
#8322 = ORIENTED_EDGE ( 'NONE', *, *, #1870, .T. ) ;
#8323 = ORIENTED_EDGE ( 'NONE', *, *, #4326, .T. ) ;
#8324 = DIRECTION ( 'NONE',  ( -1.000000000000000000, 0.0000000000000000000, -0.0000000000000000000 ) ) ;
#8325 = CARTESIAN_POINT ( 'NONE',  ( -0.4729198223475455400, -0.9936276580303627900, 1.104999999999999500 ) ) ;
#8326 = CARTESIAN_POINT ( 'NONE',  ( -0.2628539873737368900, 1.068132848986816700, 1.304165683834840800 ) ) ;
#8327 = FACE_OUTER_BOUND ( 'NONE', #810, .T. ) ;
#8328 = VERTEX_POINT ( 'NONE', #2117 ) ;
#8329 = CARTESIAN_POINT ( 'NONE',  ( -2.400000000000001200, 2.400000000000001200, 1.305000000000012600 ) ) ;
#8330 = AXIS2_PLACEMENT_3D ( 'NONE', #4845, #321, #1865 ) ;
#8331 = CARTESIAN_POINT ( 'NONE',  ( -0.2999999999999682400, -4.900000000000009200, 0.0000000000000000000 ) ) ;
#8332 = VECTOR ( 'NONE', #53, 1000.000000000000100 ) ;
#8333 = ORIENTED_EDGE ( 'NONE', *, *, #5955, .F. ) ;
#8334 = EDGE_LOOP ( 'NONE', ( #6254, #1289, #2718, #7034 ) ) ;
#8335 = AXIS2_PLACEMENT_3D ( 'NONE', #6948, #939, #7688 ) ;
#8336 = VERTEX_POINT ( 'NONE', #3027 ) ;
#8337 = ORIENTED_EDGE ( 'NONE', *, *, #5638, .F. ) ;
#8338 = ADVANCED_FACE ( 'NONE', ( #4070 ), #6039, .T. ) ;
#8339 = CARTESIAN_POINT ( 'NONE',  ( 3.373149339882544500, 4.900000000000009200, 0.9745999999999879200 ) ) ;
#8340 = DIRECTION ( 'NONE',  ( 0.0000000000000000000, 0.0004059900380440000900, -0.9999999175860412300 ) ) ;
#8341 = FACE_OUTER_BOUND ( 'NONE', #8365, .T. ) ;
#8342 = ORIENTED_EDGE ( 'NONE', *, *, #8849, .F. ) ;
#8343 = MECHANICAL_DESIGN_GEOMETRIC_PRESENTATION_REPRESENTATION (  '', ( #9191 ), #3545 ) ;
#8344 = EDGE_CURVE ( 'NONE', #3525, #6933, #6395, .T. ) ;
#8345 = CARTESIAN_POINT ( 'NONE',  ( 1.023107586648730900, -0.4040960317681877000, 1.175694550869198500 ) ) ;
#8347 = LINE ( 'NONE', #8931, #6398 ) ;
#8346 = DIRECTION ( 'NONE',  ( 0.0000000000000000000, 0.0000000000000000000, 1.000000000000000000 ) ) ;
#8348 = ORIENTED_EDGE ( 'NONE', *, *, #3072, .T. ) ;
#8349 = CARTESIAN_POINT ( 'NONE',  ( -0.2999999999999684000, -5.101158667387508700, 0.7163249259817507900 ) ) ;
#8350 = VECTOR ( 'NONE', #6805, 1000.000000000000200 ) ;
#8351 = AXIS2_PLACEMENT_3D ( 'NONE', #1628, #177, #7646 ) ;
#8352 = LINE ( 'NONE', #4544, #7778 ) ;
#8353 = ORIENTED_EDGE ( 'NONE', *, *, #5756, .F. ) ;
#8354 = DIRECTION ( 'NONE',  ( 0.7071067811865431300, 0.7071067811865520100, -8.342941000000002700E-017 ) ) ;
#8355 = ORIENTED_EDGE ( 'NONE', *, *, #8045, .T. ) ;
#8356 = CARTESIAN_POINT ( 'NONE',  ( 4.899999999999315600, -1.399999999999988100, 0.1000000016482815300 ) ) ;
#8357 = FILL_AREA_STYLE_COLOUR ( '', #7316 ) ;
#8358 = VECTOR ( 'NONE', #838, 1000.000000000000000 ) ;
#8359 = EDGE_CURVE ( 'NONE', #9471, #4856, #7667, .T. ) ;
#8360 = CARTESIAN_POINT ( 'NONE',  ( 1.600000000000026300, -4.897191345580448100, 1.972523996270000100E-005 ) ) ;
#8361 = ORIENTED_EDGE ( 'NONE', *, *, #8798, .F. ) ;
#8362 = CARTESIAN_POINT ( 'NONE',  ( -4.897191345580448100, 0.7999999999999749500, 1.972523996270000100E-005 ) ) ;
#8363 = ORIENTED_EDGE ( 'NONE', *, *, #49, .F. ) ;
#8364 = CARTESIAN_POINT ( 'NONE',  ( 5.202565240273882500, 1.400000000000013500, 0.6995986401512800400 ) ) ;
#8365 = EDGE_LOOP ( 'NONE', ( #863, #2861, #7683, #4861 ) ) ;
#8366 = DIRECTION ( 'NONE',  ( 1.000000000000000000, 0.0000000000000000000, 0.0000000000000000000 ) ) ;
#8367 = EDGE_CURVE ( 'NONE', #483, #7960, #287, .T. ) ;
#8368 = CYLINDRICAL_SURFACE ( 'NONE', #7911, 1.099999999999994300 ) ;
#8369 = ORIENTED_EDGE ( 'NONE', *, *, #7577, .T. ) ;
#8370 = CARTESIAN_POINT ( 'NONE',  ( -4.800000000000002500, 0.9999999999999709100, 3.945047992540000200E-005 ) ) ;
#8371 = VECTOR ( 'NONE', #8477, 1000.000000000000000 ) ;
#8372 = EDGE_LOOP ( 'NONE', ( #267, #3481, #2488, #3248 ) ) ;
#8373 = VERTEX_POINT ( 'NONE', #3817 ) ;
#8374 = ORIENTED_EDGE ( 'NONE', *, *, #7216, .F. ) ;
#8375 = B_SPLINE_CURVE_WITH_KNOTS ( 'NONE', 3,
 ( #109, #2461, #7679, #2356 ),
 .UNSPECIFIED., .F., .F.,
 ( 4, 4 ),
 ( 0.0000000000000000000, 1.000000000000000000 ),
 .UNSPECIFIED. ) ;
#8376 = CARTESIAN_POINT ( 'NONE',  ( 1.910249309273202700, 1.414561749057381000, 1.104999999999999500 ) ) ;
#8377 = EDGE_CURVE ( 'NONE', #8049, #1925, #3949, .T. ) ;
#8378 = DIRECTION ( 'NONE',  ( 2.799385934638609500E-016, 2.799385934638677000E-016, -1.000000000000000000 ) ) ;
#8379 = FACE_OUTER_BOUND ( 'NONE', #2722, .T. ) ;
#8380 = CARTESIAN_POINT ( 'NONE',  ( -1.047040108881808200, 0.3363258769587322800, 1.291086133534703000 ) ) ;
#8381 = ORIENTED_EDGE ( 'NONE', *, *, #28, .T. ) ;
#8382 = EDGE_CURVE ( 'NONE', #4426, #6137, #7174, .T. ) ;
#8383 = CARTESIAN_POINT ( 'NONE',  ( 4.482806999099926400, -3.804484476406410300, 0.9745999999999879200 ) ) ;
#8384 = PLANE ( 'NONE',  #5072 ) ;
#8385 = LINE ( 'NONE', #5757, #1148 ) ;
#8386 = AXIS2_PLACEMENT_3D ( 'NONE', #4096, #7890, #5549 ) ;
#8387 = LINE ( 'NONE', #972, #8620 ) ;
#8388 = ADVANCED_FACE ( 'NONE', ( #6620 ), #4606, .T. ) ;
#8389 = DIRECTION ( 'NONE',  ( -1.000000000000000000, 0.0000000000000000000, -0.0000000000000000000 ) ) ;
#8390 = CARTESIAN_POINT ( 'NONE',  ( 4.915250744231022900, -1.399999999999988100, 6.191650733161523500E-006 ) ) ;
#8391 = CARTESIAN_POINT ( 'NONE',  ( -2.199999999999988600, 5.112365383199167100, 0.1666325044669145200 ) ) ;
#8392 = CARTESIAN_POINT ( 'NONE',  ( -0.1305592434984408600, 1.092224465912157400, 1.350000000000010300 ) ) ;
#8393 = SHAPE_DEFINITION_REPRESENTATION ( #5613, #3938 ) ;
#8394 = ORIENTED_EDGE ( 'NONE', *, *, #1626, .F. ) ;
#8395 = CARTESIAN_POINT ( 'NONE',  ( -2.610521581056879400, 3.524068029568305800, 0.9999999999999879000 ) ) ;
#8396 = DIRECTION ( 'NONE',  ( 0.0000000000000000000, 0.0000000000000000000, 1.000000000000000000 ) ) ;
#8397 = ADVANCED_FACE ( 'NONE', ( #2297 ), #4304, .T. ) ;
#8398 = CARTESIAN_POINT ( 'NONE',  ( -2.199999999999963300, -4.912360891846019800, 0.2000456256479027900 ) ) ;
#8399 = EDGE_CURVE ( 'NONE', #5255, #2659, #4247, .T. ) ;
#8400 = FACE_OUTER_BOUND ( 'NONE', #9632, .T. ) ;
#8401 = AXIS2_PLACEMENT_3D ( 'NONE', #9090, #8268, #149 ) ;
#8402 = VERTEX_POINT ( 'NONE', #3128 ) ;
#8403 = B_SPLINE_CURVE_WITH_KNOTS ( 'NONE', 3,
 ( #6215, #1645, #1716, #7639, #3209, #8459, #5408, #7702 ),
 .UNSPECIFIED., .F., .F.,
 ( 4, 2, 2, 4 ),
 ( 0.0000000000000000000, 0.2500000000000004400, 0.5000000000000008900, 1.000000000000000000 ),
 .UNSPECIFIED. ) ;
#8404 = VECTOR ( 'NONE', #111, 1000.000000000000000 ) ;
#8405 = EDGE_CURVE ( 'NONE', #3233, #1245, #5689, .T. ) ;
#8406 = CARTESIAN_POINT ( 'NONE',  ( -5.101158667387508700, -1.400000000000039000, 0.7163249259817521300 ) ) ;
#8407 = ORIENTED_EDGE ( 'NONE', *, *, #5207, .T. ) ;
#8408 = VERTEX_POINT ( 'NONE', #2349 ) ;
#8409 = VECTOR ( 'NONE', #1112, 1000.000000000000000 ) ;
#8410 = DIRECTION ( 'NONE',  ( 0.7071067811865468000, 0.7071067811865481300, 0.0000000000000000000 ) ) ;
#8411 = EDGE_CURVE ( 'NONE', #5856, #9582, #1116, .T. ) ;
#8412 = ORIENTED_EDGE ( 'NONE', *, *, #7437, .T. ) ;
#8413 = CARTESIAN_POINT ( 'NONE',  ( -2.199999999999963800, -4.899999995880148300, 2.142290222297525000E-005 ) ) ;
#8414 = CARTESIAN_POINT ( 'NONE',  ( 1.331867151833266500, 2.137146006776677000, 1.304165684015487400 ) ) ;
#8415 = CARTESIAN_POINT ( 'NONE',  ( -4.864794230386966200, -0.8000000000000258000, 3.945047992540000200E-005 ) ) ;
#8416 = CARTESIAN_POINT ( 'NONE',  ( -2.199999999999988600, 5.079993289502963800, 0.07745236217282761000 ) ) ;
#8417 = EDGE_LOOP ( 'NONE', ( #6035, #4284, #4280 ) ) ;
#8418 = PLANE ( 'NONE',  #1210 ) ;
#8419 = ORIENTED_EDGE ( 'NONE', *, *, #6927, .T. ) ;
#8420 = VECTOR ( 'NONE', #1640, 1000.000000000000100 ) ;
#8421 = ORIENTED_EDGE ( 'NONE', *, *, #2942, .F. ) ;
#8422 = VERTEX_POINT ( 'NONE', #875 ) ;
#8423 = CARTESIAN_POINT ( 'NONE',  ( -0.3817191672772328700, -1.346956004230711600, 0.9999999999999879000 ) ) ;
#8424 = EDGE_CURVE ( 'NONE', #723, #6594, #2859, .T. ) ;
#8425 = ADVANCED_FACE ( 'NONE', ( #8817 ), #6587, .T. ) ;
#8426 = DIRECTION ( 'NONE',  ( 1.000000000000000000, -0.0000000000000000000, 0.0000000000000000000 ) ) ;
#8427 = ORIENTED_EDGE ( 'NONE', *, *, #4138, .F. ) ;
#8428 = CARTESIAN_POINT ( 'NONE',  ( 1.090661382245639500, -0.1463701962505989900, 1.244617881746354900 ) ) ;
#8429 = ORIENTED_EDGE ( 'NONE', *, *, #7948, .T. ) ;
#8430 = CARTESIAN_POINT ( 'NONE',  ( 0.6993505142818278200, 0.8779741777516498800, 1.104999999999999500 ) ) ;
#8431 = EDGE_CURVE ( 'NONE', #2065, #4390, #2048, .T. ) ;
#8432 = DIRECTION ( 'NONE',  ( 1.000000000000000000, 0.0000000000000000000, 0.0000000000000000000 ) ) ;
#8433 = AXIS2_PLACEMENT_3D ( 'NONE', #1129, #1868, #7791 ) ;
#8434 = B_SPLINE_CURVE_WITH_KNOTS ( 'NONE', 3,
 ( #7172, #5740, #3491, #8716 ),
 .UNSPECIFIED., .F., .F.,
 ( 4, 4 ),
 ( 0.0000000000000000000, 1.000000000000000000 ),
 .UNSPECIFIED. ) ;
#8435 = CARTESIAN_POINT ( 'NONE',  ( -4.899999997940079200, 0.7999999999999750600, 1.071145111407455000E-005 ) ) ;
#8436 = ORIENTED_EDGE ( 'NONE', *, *, #5407, .T. ) ;
#8437 = ORIENTED_EDGE ( 'NONE', *, *, #7745, .T. ) ;
#8438 = ADVANCED_FACE ( 'NONE', ( #4541 ), #4457, .T. ) ;
#8439 = CYLINDRICAL_SURFACE ( 'NONE', #8522, 0.1250000000000079700 ) ;
#8440 = ORIENTED_EDGE ( 'NONE', *, *, #3562, .F. ) ;
#8441 = ORIENTED_EDGE ( 'NONE', *, *, #2872, .T. ) ;
#8442 = DIRECTION ( 'NONE',  ( -0.7071067811865430200, 0.7071067811865521200, 0.0000000000000000000 ) ) ;
#8443 = VECTOR ( 'NONE', #4383, 1000.000000000000000 ) ;
#8444 = CARTESIAN_POINT ( 'NONE',  ( 2.322108519835605300, 1.302698424252218800, 0.9315692961985971900 ) ) ;
#8445 = ORIENTED_EDGE ( 'NONE', *, *, #3208, .T. ) ;
#8446 = CARTESIAN_POINT ( 'NONE',  ( 1.600000000000001200, 4.915250744231022900, 6.191650734937880400E-006 ) ) ;
#8447 = CARTESIAN_POINT ( 'NONE',  ( -2.199999999999963300, -4.908294723794403700, 4.395834124040014900E-005 ) ) ;
#8448 = CARTESIAN_POINT ( 'NONE',  ( 2.091459971989553200, 1.343719418104904800, 1.302644639318743200 ) ) ;
#8449 = CARTESIAN_POINT ( 'NONE',  ( -4.897191345580448100, -0.8000000000000258000, 3.945047992540000200E-005 ) ) ;
#8450 = CARTESIAN_POINT ( 'NONE',  ( 2.200000000000039300, -4.800000000000002500, 1.972523996270000100E-005 ) ) ;
#8451 = ORIENTED_EDGE ( 'NONE', *, *, #3585, .T. ) ;
#8452 = CARTESIAN_POINT ( 'NONE',  ( -3.317843781131692100, 3.074954570961552700, 0.9999999999999879000 ) ) ;
#8453 = VECTOR ( 'NONE', #7748, 1000.000000000000000 ) ;
#8454 = AXIS2_PLACEMENT_3D ( 'NONE', #6516, #8687, #4977 ) ;
#8455 = ORIENTED_EDGE ( 'NONE', *, *, #8730, .T. ) ;
#8456 = DIRECTION ( 'NONE',  ( 0.0000000000000000000, -0.9859791846679422100, -0.1668683535052110600 ) ) ;
#8457 = VECTOR ( 'NONE', #2896, 1000.000000000000000 ) ;
#8458 = ORIENTED_EDGE ( 'NONE', *, *, #5628, .T. ) ;
#8459 = CARTESIAN_POINT ( 'NONE',  ( 1.080400240293004600, 0.2088384260525515100, 1.293761804157104800 ) ) ;
#8460 = VECTOR ( 'NONE', #6669, 1000.000000000000000 ) ;
#8461 = ORIENTED_EDGE ( 'NONE', *, *, #7879, .T. ) ;
#8462 = EDGE_CURVE ( 'NONE', #1656, #172, #7782, .T. ) ;
#8463 = CARTESIAN_POINT ( 'NONE',  ( 0.3844996949045076900, -1.346164917318196900, 1.024999999999989500 ) ) ;
#8464 = B_SPLINE_CURVE_WITH_KNOTS ( 'NONE', 3,
 ( #3603, #8830, #4462, #559, #2913, #2074 ),
 .UNSPECIFIED., .F., .F.,
 ( 4, 2, 4 ),
 ( 0.0000000000000000000, 0.5000000000000000000, 1.000000000000000000 ),
 .UNSPECIFIED. ) ;
#8465 = CARTESIAN_POINT ( 'NONE',  ( 1.092224465912155200, -0.1305592434984655400, 0.9745999999999879200 ) ) ;
#8466 = VECTOR ( 'NONE', #5392, 999.9999999999998900 ) ;
#8467 = ORIENTED_EDGE ( 'NONE', *, *, #7705, .F. ) ;
#8468 = CARTESIAN_POINT ( 'NONE',  ( 0.4808326112068647100, 0.4808326112069156700, 0.9999999999999879000 ) ) ;
#8469 = CARTESIAN_POINT ( 'NONE',  ( 0.1305592434984410900, 1.092224465912158000, 1.350000000000010300 ) ) ;
#8470 = VECTOR ( 'NONE', #8614, 1000.000000000000000 ) ;
#8471 = ORIENTED_EDGE ( 'NONE', *, *, #2, .F. ) ;
#8472 = VERTEX_POINT ( 'NONE', #5957 ) ;
#8473 = EDGE_CURVE ( 'NONE', #1806, #4812, #440, .T. ) ;
#8474 = VERTEX_POINT ( 'NONE', #8147 ) ;
#8475 = ADVANCED_FACE ( 'NONE', ( #54 ), #4351, .T. ) ;
#8476 = CARTESIAN_POINT ( 'NONE',  ( 5.103967321807066200, 0.8000000000000004900, 0.7162854755018045500 ) ) ;
#8477 = DIRECTION ( 'NONE',  ( 0.0000000000000000000, -0.0000000000000000000, -1.000000000000000000 ) ) ;
#8478 = CARTESIAN_POINT ( 'NONE',  ( 1.600000000000001000, 5.008575461706792400, 0.01708094898245299300 ) ) ;
#8480 = FACE_OUTER_BOUND ( 'NONE', #987, .T. ) ;
#8479 = CARTESIAN_POINT ( 'NONE',  ( 1.395131581694122800, -1.951792399350631000, 1.113696359771027700 ) ) ;
#8481 = CARTESIAN_POINT ( 'NONE',  ( 4.899999999999986100, 1.400000000000014600, 0.06666666666666834500 ) ) ;
#8482 = CARTESIAN_POINT ( 'NONE',  ( 0.1342688033018109800, -1.091798214748216100, 1.211983254747274900 ) ) ;
#8483 = VECTOR ( 'NONE', #6451, 1000.000000000000000 ) ;
#8484 = ORIENTED_EDGE ( 'NONE', *, *, #8610, .F. ) ;
#8485 = PLANE ( 'NONE',  #7410 ) ;
#8486 = EDGE_CURVE ( 'NONE', #5299, #2260, #1812, .T. ) ;
#8487 = CARTESIAN_POINT ( 'NONE',  ( -1.307775534087835900, -2.269440756501540900, 1.180000000000004400 ) ) ;
#8488 = ADVANCED_FACE ( 'NONE', ( #166 ), #5883, .F. ) ;
#8489 = VECTOR ( 'NONE', #6910, 1000.000000000000000 ) ;
#8490 = VERTEX_POINT ( 'NONE', #9539 ) ;
#8491 = PLANE ( 'NONE',  #3662 ) ;
#8492 = EDGE_CURVE ( 'NONE', #856, #6818, #5815, .T. ) ;
#8493 = DIRECTION ( 'NONE',  ( -0.7071067811865565700, 0.7071067811865384700, -5.421010862427749000E-016 ) ) ;
#8494 = FACE_OUTER_BOUND ( 'NONE', #4005, .T. ) ;
#8495 = ORIENTED_EDGE ( 'NONE', *, *, #4793, .T. ) ;
#8496 = CARTESIAN_POINT ( 'NONE',  ( 1.311942098721530200, -2.239509861328429900, 1.253935879003063000 ) ) ;
#8497 = APPLICATION_CONTEXT ( 'automotive_design' ) ;
#8498 = VECTOR ( 'NONE', #4250, 1000.000000000000000 ) ;
#8499 = CARTESIAN_POINT ( 'NONE',  ( 2.128190694439434000, -1.343302167322367700, 1.305000000000012400 ) ) ;
#8500 = DIRECTION ( 'NONE',  ( 1.000000000000000000, 0.0000000000000000000, 0.0000000000000000000 ) ) ;
#8502 = VECTOR ( 'NONE', #4725, 1000.000000000000000 ) ;
#8501 = AXIS2_PLACEMENT_3D ( 'NONE', #9310, #9238, #1877 ) ;
#8503 = CARTESIAN_POINT ( 'NONE',  ( -0.3844996949045078000, 1.346164917318196700, 0.9745999999999879200 ) ) ;
#8504 = PLANE ( 'NONE',  #9009 ) ;
#8505 = DIRECTION ( 'NONE',  ( 1.000000000000000000, -8.881784197001252300E-016, 0.0000000000000000000 ) ) ;
#8506 = AXIS2_PLACEMENT_3D ( 'NONE', #3827, #25, #7599 ) ;
#8507 = CARTESIAN_POINT ( 'NONE',  ( 0.4808326112068281900, 0.4808326112068427900, 0.9999999999999879000 ) ) ;
#8508 = ORIENTED_EDGE ( 'NONE', *, *, #7886, .F. ) ;
#8509 = LINE ( 'NONE', #4104, #7600 ) ;
#8510 = CARTESIAN_POINT ( 'NONE',  ( -0.8660549693971664200, 0.7140688959674894600, 1.104999999999999500 ) ) ;
#8511 = VECTOR ( 'NONE', #5570, 1000.000000000000100 ) ;
#8512 = ORIENTED_EDGE ( 'NONE', *, *, #8168, .F. ) ;
#8513 = CARTESIAN_POINT ( 'NONE',  ( -5.101754311063978700, 0.7999999999999749500, 0.1205696156111533400 ) ) ;
#8514 = DIRECTION ( 'NONE',  ( 0.0000000000000000000, -0.0000000000000000000, 1.000000000000000000 ) ) ;
#8515 = AXIS2_PLACEMENT_3D ( 'NONE', #3683, #2224, #7462 ) ;
#8516 = EDGE_CURVE ( 'NONE', #6463, #2880, #3835, .T. ) ;
#8517 = ADVANCED_FACE ( 'NONE', ( #5578 ), #3130, .T. ) ;
#8518 = VERTEX_POINT ( 'NONE', #4389 ) ;
#8519 = DIRECTION ( 'NONE',  ( 0.7071067811865380200, 0.7071067811865571200, 0.0000000000000000000 ) ) ;
#8520 = VECTOR ( 'NONE', #2056, 999.9999999999998900 ) ;
#8521 = CARTESIAN_POINT ( 'NONE',  ( 1.600000000000026500, -5.077184635083401800, 0.07749181265277631200 ) ) ;
#8522 = AXIS2_PLACEMENT_3D ( 'NONE', #6348, #7014, #8410 ) ;
#8523 = CARTESIAN_POINT ( 'NONE',  ( -1.298821804119380400, -2.363713901680105000, 0.9999999999999879000 ) ) ;
#8524 = CARTESIAN_POINT ( 'NONE',  ( 1.309692131433071800, -2.253783182868617000, 1.234998663923773600 ) ) ;
#8525 = ORIENTED_EDGE ( 'NONE', *, *, #6616, .T. ) ;
#8526 = B_SPLINE_CURVE_WITH_KNOTS ( 'NONE', 3,
 ( #3015, #8210, #6835, #1587 ),
 .UNSPECIFIED., .F., .F.,
 ( 4, 4 ),
 ( 0.0000000000000000000, 1.000000000000000000 ),
 .UNSPECIFIED. ) ;
#8527 = APPLICATION_CONTEXT ( 'automotive_design' ) ;
#8528 = ORIENTED_EDGE ( 'NONE', *, *, #7512, .F. ) ;
#8529 = LINE ( 'NONE', #8591, #9709 ) ;
#8530 = ORIENTED_EDGE ( 'NONE', *, *, #4206, .F. ) ;
#8531 = ADVANCED_FACE ( 'NONE', ( #6504 ), #2418, .F. ) ;
#8532 = ORIENTED_EDGE ( 'NONE', *, *, #8111, .F. ) ;
#8533 = CARTESIAN_POINT ( 'NONE',  ( 2.222573268977231300, -1.323685927110184200, 1.275599987464015400 ) ) ;
#8534 = EDGE_CURVE ( 'NONE', #293, #5255, #631, .T. ) ;
#8535 = CARTESIAN_POINT ( 'NONE',  ( 5.103967321807068900, 0.8000000000000004900, 0.7162854755018184200 ) ) ;
#8536 = ORIENTED_EDGE ( 'NONE', *, *, #4715, .T. ) ;
#8537 = B_SPLINE_CURVE_WITH_KNOTS ( 'NONE', 3,
 ( #6443, #7833, #431, #8541 ),
 .UNSPECIFIED., .F., .F.,
 ( 4, 4 ),
 ( 0.0000000000000000000, 1.000000000000000000 ),
 .UNSPECIFIED. ) ;
#8538 = CARTESIAN_POINT ( 'NONE',  ( -4.900000000000010100, -1.400000000000019700, 0.1000101497517858500 ) ) ;
#8539 = EDGE_CURVE ( 'NONE', #4030, #9245, #1585, .T. ) ;
#8540 = ORIENTED_EDGE ( 'NONE', *, *, #2152, .T. ) ;
#8541 = CARTESIAN_POINT ( 'NONE',  ( 4.915210145269370800, -1.399999999999988100, 0.1000049467274789600 ) ) ;
#8542 = CARTESIAN_POINT ( 'NONE',  ( -4.864794230386966200, -1.400000000000013500, 3.945047992540000200E-005 ) ) ;
#8543 = CARTESIAN_POINT ( 'NONE',  ( 4.899999999999984400, -0.8000000000000003800, 3.095825364231664500E-006 ) ) ;
#8544 = ORIENTED_EDGE ( 'NONE', *, *, #6680, .T. ) ;
#8545 = DIRECTION ( 'NONE',  ( -0.0000000000000000000, -0.0000000000000000000, -1.000000000000000000 ) ) ;
#8546 = CARTESIAN_POINT ( 'NONE',  ( -0.9611650271896786700, 0.5539808784079856000, 1.555000000000003000 ) ) ;
#8547 = ORIENTED_EDGE ( 'NONE', *, *, #607, .F. ) ;
#8548 = CARTESIAN_POINT ( 'NONE',  ( -4.904147357777345600, 1.399999999999962600, 4.227455181458871500E-005 ) ) ;
#8549 = MANIFOLD_SOLID_BREP ( 'Split4[1]', #9624 ) ;
#8550 = EDGE_LOOP ( 'NONE', ( #6248, #5887, #4202, #2986, #6021 ) ) ;
#8551 = VERTEX_POINT ( 'NONE', #6551 ) ;
#8552 = EDGE_CURVE ( 'NONE', #5644, #3856, #8777, .T. ) ;
#8553 = CARTESIAN_POINT ( 'NONE',  ( -1.336534030627086500, -2.121422557744150800, 1.305000000000012200 ) ) ;
#8554 = LINE ( 'NONE', #5482, #5785 ) ;
#8555 = ORIENTED_EDGE ( 'NONE', *, *, #8539, .F. ) ;
#8556 = EDGE_CURVE ( 'NONE', #3275, #358, #5070, .T. ) ;
#8557 = DIRECTION ( 'NONE',  ( 1.000000000000000000, 0.0000000000000000000, 0.0000000000000000000 ) ) ;
#8558 = B_SPLINE_CURVE_WITH_KNOTS ( 'NONE', 3,
 ( #1704, #7714, #5487, #5539 ),
 .UNSPECIFIED., .F., .F.,
 ( 4, 4 ),
 ( 0.0000000000000000000, 1.000000000000000000 ),
 .UNSPECIFIED. ) ;
#8559 = ORIENTED_EDGE ( 'NONE', *, *, #4370, .T. ) ;
#8560 = CARTESIAN_POINT ( 'NONE',  ( 1.600000000000026300, -5.101754311063978700, 0.1205696156111787000 ) ) ;
#8561 = LINE ( 'NONE', #1853, #5550 ) ;
#8562 = ORIENTED_EDGE ( 'NONE', *, *, #473, .T. ) ;
#8563 = ORIENTED_EDGE ( 'NONE', *, *, #3316, .T. ) ;
#8564 = CARTESIAN_POINT ( 'NONE',  ( 2.200000000000039300, -5.199756585854319500, 0.6996380906312310600 ) ) ;
#8565 = PRESENTATION_STYLE_ASSIGNMENT (( #4570 ) ) ;
#8566 = ORIENTED_EDGE ( 'NONE', *, *, #5089, .T. ) ;
#8567 = CARTESIAN_POINT ( 'NONE',  ( 1.316041724959468300, -2.215528884365348400, 1.275371054343799900 ) ) ;
#8568 = EDGE_CURVE ( 'NONE', #2289, #6635, #2538, .T. ) ;
#8569 = AXIS2_PLACEMENT_3D ( 'NONE', #1454, #3702, #5123 ) ;
#8570 = ORIENTED_EDGE ( 'NONE', *, *, #8539, .T. ) ;
#8571 = VECTOR ( 'NONE', #6545, 1000.000000000000000 ) ;
#8572 = ORIENTED_EDGE ( 'NONE', *, *, #3001, .T. ) ;
#8573 = CARTESIAN_POINT ( 'NONE',  ( -3.663063120169088200, -4.624228355337262300, 0.9999999999999879000 ) ) ;
#8574 = ADVANCED_FACE ( 'NONE', ( #6874 ), #8587, .F. ) ;
#8575 = VECTOR ( 'NONE', #3865, 1000.000000000000100 ) ;
#8576 = ORIENTED_EDGE ( 'NONE', *, *, #9670, .F. ) ;
#8577 = CARTESIAN_POINT ( 'NONE',  ( -1.599999999999975400, -4.912401490849809700, 0.1000456338892871400 ) ) ;
#8578 = CARTESIAN_POINT ( 'NONE',  ( -4.475735931288060200, -3.797413408594544600, 0.9999999999999879000 ) ) ;
#8579 = FACE_OUTER_BOUND ( 'NONE', #467, .T. ) ;
#8580 = CYLINDRICAL_SURFACE ( 'NONE', #2792, 1.099999999999994300 ) ;
#8581 = CARTESIAN_POINT ( 'NONE',  ( 1.600000000000001200, 4.899999999998670800, 0.1000000032965566200 ) ) ;
#8582 = ORIENTED_EDGE ( 'NONE', *, *, #3593, .T. ) ;
#8583 = ORIENTED_EDGE ( 'NONE', *, *, #2495, .F. ) ;
#8584 = DIRECTION ( 'NONE',  ( -0.0000000000000000000, 0.0000000000000000000, -1.000000000000000000 ) ) ;
#8585 = CARTESIAN_POINT ( 'NONE',  ( 0.3000000000000193100, -4.899999995880150100, 2.142290222297503300E-005 ) ) ;
#8586 = DIRECTION ( 'NONE',  ( 0.7071067811865909800, 0.7071067811865041600, 0.0000000000000000000 ) ) ;
#8587 = CYLINDRICAL_SURFACE ( 'NONE', #4301, 1.399999999999988100 ) ;
#8588 = ORIENTED_EDGE ( 'NONE', *, *, #2066, .T. ) ;
#8589 = CARTESIAN_POINT ( 'NONE',  ( -1.317187569242997300, 2.209010917821024200, 1.279851013545298100 ) ) ;
#8590 = ADVANCED_FACE ( 'NONE', ( #4895 ), #4419, .T. ) ;
#8591 = CARTESIAN_POINT ( 'NONE',  ( -0.2999999999999684000, -4.900000000000010100, 4.059076573402305300E-005 ) ) ;
#8592 = VECTOR ( 'NONE', #7872, 999.9999999999998900 ) ;
#8593 = CARTESIAN_POINT ( 'NONE',  ( 2.199999999999988600, 4.915250744231022900, 6.191650731945054600E-006 ) ) ;
#8594 = ORIENTED_EDGE ( 'NONE', *, *, #7011, .T. ) ;
#8595 = ORIENTED_EDGE ( 'NONE', *, *, #4026, .T. ) ;
#8596 = ORIENTED_EDGE ( 'NONE', *, *, #4094, .T. ) ;
#8597 = CARTESIAN_POINT ( 'NONE',  ( 2.277830346110250500, 1.316165123696565700, 1.024999999999989500 ) ) ;
#8598 = CARTESIAN_POINT ( 'NONE',  ( -4.912442089811461800, 1.399999999999962600, 4.564213066489702800E-005 ) ) ;
#8599 = FACE_OUTER_BOUND ( 'NONE', #453, .T. ) ;
#8600 = ORIENTED_EDGE ( 'NONE', *, *, #7451, .T. ) ;
#8601 = DIRECTION ( 'NONE',  ( 0.0000000000000000000, 0.1668683535052474500, -0.9859791846679359900 ) ) ;
#8602 = EDGE_CURVE ( 'NONE', #8272, #5656, #393, .T. ) ;
#8603 = LINE ( 'NONE', #6821, #5950 ) ;
#8604 = ORIENTED_EDGE ( 'NONE', *, *, #2290, .F. ) ;
#8605 = CARTESIAN_POINT ( 'NONE',  ( 1.600000000000026300, -5.101158667387508700, 0.7163249259817507900 ) ) ;
#8606 = EDGE_LOOP ( 'NONE', ( #2546, #6720, #6628, #1049 ) ) ;
#8607 = CARTESIAN_POINT ( 'NONE',  ( 2.200381880501555800, -1.327476586689149600, 1.288692290396598900 ) ) ;
#8608 = VECTOR ( 'NONE', #8601, 1000.000000000000100 ) ;
#8609 = DIRECTION ( 'NONE',  ( 1.000000000000000000, -0.0000000000000000000, 0.0000000000000000000 ) ) ;
#8610 = EDGE_CURVE ( 'NONE', #4622, #1683, #5932, .T. ) ;
#8611 = ORIENTED_EDGE ( 'NONE', *, *, #3239, .T. ) ;
#8612 = B_SPLINE_CURVE_WITH_KNOTS ( 'NONE', 3,
 ( #8103, #3655, #4417, #6652 ),
 .UNSPECIFIED., .F., .F.,
 ( 4, 4 ),
 ( 0.0000000000000000000, 1.000000000000000000 ),
 .UNSPECIFIED. ) ;
#8613 = DIRECTION ( 'NONE',  ( -0.7071067811865380200, -0.7071067811865571200, 0.0000000000000000000 ) ) ;
#8614 = DIRECTION ( 'NONE',  ( -0.0000000000000000000, -1.000000000000000000, -0.0000000000000000000 ) ) ;
#8615 = DIRECTION ( 'NONE',  ( 1.000000000000000000, 0.0000000000000000000, 0.0000000000000000000 ) ) ;
#8616 = DIRECTION ( 'NONE',  ( -0.7071067811865520100, 0.7071067811865431300, 7.178599602458691100E-016 ) ) ;
#8617 = CARTESIAN_POINT ( 'NONE',  ( 0.9611650271896781100, 0.5539808784079873800, 1.555000000000003500 ) ) ;
#8618 = LINE ( 'NONE', #8827, #4098 ) ;
#8619 = DIRECTION ( 'NONE',  ( -0.0000000000000000000, -0.0000000000000000000, 1.000000000000000000 ) ) ;
#8620 = VECTOR ( 'NONE', #281, 1000.000000000000000 ) ;
#8621 = EDGE_CURVE ( 'NONE', #3787, #1179, #9631, .T. ) ;
#8622 = DIRECTION ( 'NONE',  ( -0.7071067811865073800, 0.7071067811865876500, 0.0000000000000000000 ) ) ;
#8623 = CARTESIAN_POINT ( 'NONE',  ( -1.307775534087838300, -2.269440756501538600, 1.024999999999989500 ) ) ;
#8624 = CARTESIAN_POINT ( 'NONE',  ( 0.2999999999999937700, 4.900000000000008300, 3.095825365898940900E-006 ) ) ;
#8625 = VECTOR ( 'NONE', #7587, 1000.000000000000000 ) ;
#8626 = ORIENTED_EDGE ( 'NONE', *, *, #8807, .F. ) ;
#8627 = ADVANCED_FACE ( 'NONE', ( #2883 ), #275, .T. ) ;
#8628 = B_SPLINE_CURVE_WITH_KNOTS ( 'NONE', 3,
 ( #5348, #5327, #8961, #151 ),
 .UNSPECIFIED., .F., .F.,
 ( 4, 4 ),
 ( 0.0000000000000000000, 1.000000000000000000 ),
 .UNSPECIFIED. ) ;
#8629 = EDGE_CURVE ( 'NONE', #1095, #738, #9036, .T. ) ;
#8630 = AXIS2_PLACEMENT_3D ( 'NONE', #2988, #2219, #3816 ) ;
#8631 = CARTESIAN_POINT ( 'NONE',  ( 0.2999999999999937700, 4.915250744231022900, 6.191650734937880400E-006 ) ) ;
#8632 = CARTESIAN_POINT ( 'NONE',  ( -2.222573268983849500, 1.323685927109048600, 1.275599987459328900 ) ) ;
#8633 = CARTESIAN_POINT ( 'NONE',  ( 2.128190694439436200, 1.343302167322377100, 1.305000000000012600 ) ) ;
#8634 = FACE_OUTER_BOUND ( 'NONE', #8321, .T. ) ;
#8635 = ADVANCED_FACE ( 'NONE', ( #43 ), #4534, .F. ) ;
#8636 = CARTESIAN_POINT ( 'NONE',  ( -1.083155531864150400, 0.1923946856339403500, 1.281613537033862800 ) ) ;
#8637 = AXIS2_PLACEMENT_3D ( 'NONE', #8201, #3143, #4552 ) ;
#8638 = ORIENTED_EDGE ( 'NONE', *, *, #9688, .T. ) ;
#8639 = VECTOR ( 'NONE', #3382, 1000.000000000000000 ) ;
#8640 = CARTESIAN_POINT ( 'NONE',  ( -1.346164917318200000, -0.3844996949044996400, 0.9745999999999879200 ) ) ;
#8641 = CARTESIAN_POINT ( 'NONE',  ( -0.1305592434984413900, -1.092224465912159400, 0.9745999999999879200 ) ) ;
#8642 = CARTESIAN_POINT ( 'NONE',  ( 0.6760013919724031700, 0.8796335266379932100, 1.555000000000003700 ) ) ;
#8643 = ORIENTED_EDGE ( 'NONE', *, *, #6550, .T. ) ;
#8644 = ORIENTED_EDGE ( 'NONE', *, *, #717, .F. ) ;
#8645 = LINE ( 'NONE', #9292, #8760 ) ;
#8646 = CARTESIAN_POINT ( 'NONE',  ( 3.491048137816543700, -2.540049851720793200, 0.9000000000000069100 ) ) ;
#8647 = EDGE_LOOP ( 'NONE', ( #7301, #353, #8566 ) ) ;
#8648 = B_SPLINE_CURVE_WITH_KNOTS ( 'NONE', 3,
 ( #6866, #8912, #8370, #127 ),
 .UNSPECIFIED., .F., .F.,
 ( 4, 4 ),
 ( 0.0000000000000000000, 1.000000000000000000 ),
 .UNSPECIFIED. ) ;
#8649 = DIRECTION ( 'NONE',  ( -0.7071067811865432400, 0.7071067811865519000, 0.0000000000000000000 ) ) ;
#8650 = PRODUCT_DEFINITION_FORMATION_WITH_SPECIFIED_SOURCE ( 'ANY', '', #324, .NOT_KNOWN. ) ;
#8651 = DIRECTION ( 'NONE',  ( -0.7071067811865418000, -0.7071067811865532300, 0.0000000000000000000 ) ) ;
#8652 = EDGE_CURVE ( 'NONE', #6007, #2000, #3587, .T. ) ;
#8653 = VERTEX_POINT ( 'NONE', #7469 ) ;
#8654 = CARTESIAN_POINT ( 'NONE',  ( 2.256701803808349300, 1.318521412125799300, 1.242904949062205700 ) ) ;
#8655 = VERTEX_POINT ( 'NONE', #6759 ) ;
#8656 = STYLED_ITEM ( 'NONE', ( #6576 ), #4103 ) ;
#8657 = FACE_OUTER_BOUND ( 'NONE', #569, .T. ) ;
#8658 = DIRECTION ( 'NONE',  ( 0.0000000000000000000, -0.1668683535051944900, -0.9859791846679448700 ) ) ;
#8659 = ORIENTED_EDGE ( 'NONE', *, *, #2433, .T. ) ;
#8660 = ORIENTED_EDGE ( 'NONE', *, *, #5497, .T. ) ;
#8661 = CARTESIAN_POINT ( 'NONE',  ( -1.336534030627086500, -2.121422557744150800, 1.305000000000012200 ) ) ;
#8662 = EDGE_CURVE ( 'NONE', #7087, #3275, #8648, .T. ) ;
#8663 = EDGE_LOOP ( 'NONE', ( #2027, #5271, #2053, #3258 ) ) ;
#8664 = CARTESIAN_POINT ( 'NONE',  ( 0.2999999999999937700, 4.900000000000008300, 3.095825365898940900E-006 ) ) ;
#8665 = EDGE_CURVE ( 'NONE', #172, #3068, #5010, .T. ) ;
#8666 = CARTESIAN_POINT ( 'NONE',  ( -1.599999999999975400, -5.041451075190003000, 0.3109952626967752400 ) ) ;
#8667 = ORIENTED_EDGE ( 'NONE', *, *, #4006, .F. ) ;
#8668 = ADVANCED_FACE ( 'NONE', ( #5353 ), #5464, .F. ) ;
#8669 = VECTOR ( 'NONE', #7494, 999.9999999999998900 ) ;
#8670 = EDGE_CURVE ( 'NONE', #7864, #1752, #5742, .T. ) ;
#8671 = VERTEX_POINT ( 'NONE', #3927 ) ;
#8672 = VERTEX_POINT ( 'NONE', #2448 ) ;
#8673 = DIRECTION ( 'NONE',  ( -0.0000000000000000000, -1.000000000000000000, -0.0000000000000000000 ) ) ;
#8674 = CARTESIAN_POINT ( 'NONE',  ( 4.899999999999984400, -3.373149339882595600, 0.0000000000000000000 ) ) ;
#8675 = VECTOR ( 'NONE', #1080, 1000.000000000000000 ) ;
#8676 = ORIENTED_EDGE ( 'NONE', *, *, #7148, .F. ) ;
#8677 = CARTESIAN_POINT ( 'NONE',  ( -0.2999999999999684000, -4.800000000000002500, 1.972523996270000100E-005 ) ) ;
#8678 = DIRECTION ( 'NONE',  ( -0.7071067811865520100, -0.7071067811865430200, -1.047315000000000100E-031 ) ) ;
#8679 = EDGE_CURVE ( 'NONE', #8987, #8793, #1576, .T. ) ;
#8680 = DIRECTION ( 'NONE',  ( 0.0000000000000000000, -0.0000000000000000000, 1.000000000000000000 ) ) ;
#8681 = ORIENTED_EDGE ( 'NONE', *, *, #5736, .T. ) ;
#8682 = CARTESIAN_POINT ( 'NONE',  ( -1.599999999999975900, -4.899999995880150100, 2.142290222297503300E-005 ) ) ;
#8683 = CYLINDRICAL_SURFACE ( 'NONE', #6798, 0.1250000000000080200 ) ;
#8684 = ADVANCED_FACE ( 'NONE', ( #6495 ), #3351, .T. ) ;
#8685 = CARTESIAN_POINT ( 'NONE',  ( -0.4337058420070790100, -1.259375048626602900, 1.180000000000004400 ) ) ;
#8686 = ORIENTED_EDGE ( 'NONE', *, *, #6689, .F. ) ;
#8687 = DIRECTION ( 'NONE',  ( -0.0000000000000000000, -0.0000000000000000000, 1.000000000000000000 ) ) ;
#8688 = CARTESIAN_POINT ( 'NONE',  ( 1.346164917318198700, 0.3844996949045006400, 1.350000000000010300 ) ) ;
#8689 = EDGE_CURVE ( 'NONE', #1797, #4486, #3122, .T. ) ;
#8690 = ORIENTED_EDGE ( 'NONE', *, *, #2483, .F. ) ;
#8691 = CARTESIAN_POINT ( 'NONE',  ( 2.277830346110257100, 1.316165123696558800, 1.180000000000004400 ) ) ;
#8692 = PLANE ( 'NONE',  #5984 ) ;
#8693 = CIRCLE ( 'NONE', #566, 1.099999999999994500 ) ;
#8694 = ORIENTED_EDGE ( 'NONE', *, *, #1229, .T. ) ;
#8695 = MECHANICAL_DESIGN_GEOMETRIC_PRESENTATION_REPRESENTATION (  '', ( #7894 ), #1760 ) ;
#8696 = VECTOR ( 'NONE', #5144, 1000.000000000000000 ) ;
#8697 = ORIENTED_EDGE ( 'NONE', *, *, #5905, .T. ) ;
#8698 = CARTESIAN_POINT ( 'NONE',  ( 3.804484476406383200, -4.482806999099951300, 0.9745999999999879200 ) ) ;
#8699 = LINE ( 'NONE', #2081, #6736 ) ;
#8700 = DIRECTION ( 'NONE',  ( -0.0000000000000000000, -1.000000000000000000, 0.0000000000000000000 ) ) ;
#8701 = VECTOR ( 'NONE', #8229, 1000.000000000000100 ) ;
#8702 = ORIENTED_EDGE ( 'NONE', *, *, #978, .T. ) ;
#8703 = EDGE_LOOP ( 'NONE', ( #2126, #1932, #6626, #964 ) ) ;
#8704 = CARTESIAN_POINT ( 'NONE',  ( -3.498823671904396400, -2.409490608222201400, 0.9999999999999879000 ) ) ;
#8705 = CARTESIAN_POINT ( 'NONE',  ( 1.386336464086519900, 1.928999785732623800, 1.305000000000012600 ) ) ;
#8706 = FACE_BOUND ( 'NONE', #9676, .T. ) ;
#8707 = ORIENTED_EDGE ( 'NONE', *, *, #5396, .F. ) ;
#8708 = DIRECTION ( 'NONE',  ( -0.0000000000000000000, -1.000000000000000000, -0.0000000000000000000 ) ) ;
#8709 = AXIS2_PLACEMENT_3D ( 'NONE', #7392, #739, #1436 ) ;
#8710 = VECTOR ( 'NONE', #2592, 1000.000000000000100 ) ;
#8711 = ORIENTED_EDGE ( 'NONE', *, *, #5168, .F. ) ;
#8712 = EDGE_LOOP ( 'NONE', ( #5193, #8996, #8437, #3565 ) ) ;
#8713 = EDGE_CURVE ( 'NONE', #5108, #9032, #5565, .T. ) ;
#8714 = ORIENTED_EDGE ( 'NONE', *, *, #4608, .T. ) ;
#8715 = DIRECTION ( 'NONE',  ( 0.7071067811865408000, 0.7071067811865542300, 0.0000000000000000000 ) ) ;
#8716 = CARTESIAN_POINT ( 'NONE',  ( 0.9710488006423473300, -0.5167825720465767400, 1.104999999999999500 ) ) ;
#8717 = CARTESIAN_POINT ( 'NONE',  ( 0.5003554042673273900, -0.9796144493730506400, 1.104999999999999500 ) ) ;
#8718 = B_SPLINE_CURVE_WITH_KNOTS ( 'NONE', 3,
 ( #6601, #732, #698, #4439 ),
 .UNSPECIFIED., .F., .F.,
 ( 4, 4 ),
 ( 0.0000000000000000000, 1.000000000000000000 ),
 .UNSPECIFIED. ) ;
#8719 = CARTESIAN_POINT ( 'NONE',  ( -0.4808326112069012400, 0.4808326112068642700, 0.9999999999999879000 ) ) ;
#8720 = AXIS2_PLACEMENT_3D ( 'NONE', #6099, #4674, #6972 ) ;
#8721 = CARTESIAN_POINT ( 'NONE',  ( 3.373149339882544500, 4.900000000000009200, 0.9745999999999879200 ) ) ;
#8722 = LINE ( 'NONE', #1160, #6416 ) ;
#8723 = CARTESIAN_POINT ( 'NONE',  ( -3.797413408594518800, 4.475735931288086000, 0.9999999999999879000 ) ) ;
#8724 = LINE ( 'NONE', #2902, #6519 ) ;
#8725 = CARTESIAN_POINT ( 'NONE',  ( 2.236507458657643900, 1.321507857893241800, 1.264746339862727400 ) ) ;
#8726 = EDGE_CURVE ( 'NONE', #8006, #8189, #3469, .T. ) ;
#8727 = FACE_OUTER_BOUND ( 'NONE', #5093, .T. ) ;
#8728 = CARTESIAN_POINT ( 'NONE',  ( -4.900000000000008300, -3.373149339882619600, 0.9745999999999879200 ) ) ;
#8729 = EDGE_LOOP ( 'NONE', ( #1945, #162, #2625, #2395 ) ) ;
#8730 = EDGE_CURVE ( 'NONE', #2419, #1337, #6543, .T. ) ;
#8731 = ADVANCED_FACE ( 'NONE', ( #4651 ), #8809, .T. ) ;
#8732 = CARTESIAN_POINT ( 'NONE',  ( 2.199999999999988600, 4.915210145269370800, 0.1000049467274789600 ) ) ;
#8733 = EDGE_CURVE ( 'NONE', #7806, #9241, #8922, .T. ) ;
#8734 = CARTESIAN_POINT ( 'NONE',  ( 1.307775534087833600, 2.269440756501544400, 1.180000000000004400 ) ) ;
#8735 = FACE_OUTER_BOUND ( 'NONE', #975, .T. ) ;
#8736 = LINE ( 'NONE', #775, #2917 ) ;
#8737 = SURFACE_STYLE_USAGE ( .BOTH. , #9512 ) ;
#8738 = DIRECTION ( 'NONE',  ( -0.7071067811865430200, -0.7071067811865521200, 0.0000000000000000000 ) ) ;
#8739 = CARTESIAN_POINT ( 'NONE',  ( -0.3844996949045082500, -1.346164917318196900, 0.9745999999999879200 ) ) ;
#8740 = CARTESIAN_POINT ( 'NONE',  ( -2.128190694439434000, -1.343302167322367700, 1.305000000000012600 ) ) ;
#8741 = CARTESIAN_POINT ( 'NONE',  ( 4.617157287525367700, 3.655992052357244700, -9.757819552369539900E-016 ) ) ;
#8742 = FACE_OUTER_BOUND ( 'NONE', #4787, .T. ) ;
#8743 = DIRECTION ( 'NONE',  ( -0.0000000000000000000, 0.0000000000000000000, -1.000000000000000000 ) ) ;
#8744 = EDGE_CURVE ( 'NONE', #2238, #8300, #2644, .T. ) ;
#8745 = CARTESIAN_POINT ( 'NONE',  ( -1.322836695980033500, 2.180783817277925300, 1.294016225116642000 ) ) ;
#8746 = CARTESIAN_POINT ( 'NONE',  ( 4.915250744231022900, -0.8000000000000006000, 6.191650733161523500E-006 ) ) ;
#8747 = CARTESIAN_POINT ( 'NONE',  ( 0.2999999999999937700, 5.112365383199167100, 0.1666325044669145200 ) ) ;
#8748 = CARTESIAN_POINT ( 'NONE',  ( -2.282861793060102500, -1.306346905736525800, 0.9746039290108340400 ) ) ;
#8749 = ORIENTED_EDGE ( 'NONE', *, *, #3255, .F. ) ;
#8750 = EDGE_CURVE ( 'NONE', #1518, #2906, #6733, .T. ) ;
#8752 = AXIS2_PLACEMENT_3D ( 'NONE', #8805, #9488, #567 ) ;
#8751 = VECTOR ( 'NONE', #2527, 1000.000000000000000 ) ;
#8753 = FACE_OUTER_BOUND ( 'NONE', #152, .T. ) ;
#8754 = VERTEX_POINT ( 'NONE', #2412 ) ;
#8755 = CARTESIAN_POINT ( 'NONE',  ( -4.617157287525369500, -3.655992052357247300, -4.336808689942017700E-016 ) ) ;
#8756 = CARTESIAN_POINT ( 'NONE',  ( 0.0000000000000000000, 0.0000000000000000000, 0.9745999999999879200 ) ) ;
#8757 = ORIENTED_EDGE ( 'NONE', *, *, #9225, .F. ) ;
#8758 = CARTESIAN_POINT ( 'NONE',  ( 0.4134714614404904100, -1.375136683854201600, 1.180000000000004400 ) ) ;
#8759 = VERTEX_POINT ( 'NONE', #1182 ) ;
#8760 = VECTOR ( 'NONE', #6479, 1000.000000000000000 ) ;
#8761 = CARTESIAN_POINT ( 'NONE',  ( -1.600000000000001000, 5.079993289502964700, 0.07745236217282761000 ) ) ;
#8762 = AXIS2_PLACEMENT_3D ( 'NONE', #85, #800, #1564 ) ;
#8763 = ORIENTED_EDGE ( 'NONE', *, *, #9390, .T. ) ;
#8764 = ORIENTED_EDGE ( 'NONE', *, *, #6646, .F. ) ;
#8765 = CARTESIAN_POINT ( 'NONE',  ( -0.3817191672772314900, -1.346956004230704100, 0.9999999999999879000 ) ) ;
#8766 = CYLINDRICAL_SURFACE ( 'NONE', #9145, 0.1250000000000079900 ) ;
#8767 = ORIENTED_EDGE ( 'NONE', *, *, #543, .F. ) ;
#8768 = ORIENTED_EDGE ( 'NONE', *, *, #3719, .F. ) ;
#8769 = CARTESIAN_POINT ( 'NONE',  ( 2.120888234622744200, 1.335999707505683500, 1.305000000000012800 ) ) ;
#8770 = CARTESIAN_POINT ( 'NONE',  ( -0.2999999999999684000, -5.199756585854319500, 0.6996380906312310600 ) ) ;
#8771 = CARTESIAN_POINT ( 'NONE',  ( 1.995905226860142700, -1.376891924858502500, 1.175700603074327800 ) ) ;
#8772 = DIRECTION ( 'NONE',  ( 0.0000000000000000000, 0.0000000000000000000, 1.000000000000000000 ) ) ;
#8773 = ORIENTED_EDGE ( 'NONE', *, *, #6151, .F. ) ;
#8774 = CARTESIAN_POINT ( 'NONE',  ( 4.899999999999984400, -0.8000000000000003800, 3.095825364231664500E-006 ) ) ;
#8775 = ADVANCED_FACE ( 'NONE', ( #1335 ), #416, .T. ) ;
#8776 = ORIENTED_EDGE ( 'NONE', *, *, #8118, .F. ) ;
#8777 = B_SPLINE_CURVE_WITH_KNOTS ( 'NONE', 3,
 ( #783, #8274, #6788, #7571, #8303, #853 ),
 .UNSPECIFIED., .F., .F.,
 ( 4, 2, 4 ),
 ( 0.0000000000000000000, 0.5000000000000000000, 1.000000000000000000 ),
 .UNSPECIFIED. ) ;
#8778 = DIRECTION ( 'NONE',  ( -0.7071067811865380200, 0.7071067811865571200, 0.0000000000000000000 ) ) ;
#8779 = VECTOR ( 'NONE', #3598, 1000.000000000000000 ) ;
#8780 = DIRECTION ( 'NONE',  ( -0.9859791846679490900, 0.0000000000000000000, -0.1668683535051695400 ) ) ;
#8781 = VERTEX_POINT ( 'NONE', #6431 ) ;
#8782 = EDGE_CURVE ( 'NONE', #2233, #7109, #7086, .T. ) ;
#8783 = ORIENTED_EDGE ( 'NONE', *, *, #2881, .F. ) ;
#8784 = AXIS2_PLACEMENT_3D ( 'NONE', #4315, #6008, #8009 ) ;
#8785 = ORIENTED_EDGE ( 'NONE', *, *, #4540, .T. ) ;
#8786 = ORIENTED_EDGE ( 'NONE', *, *, #8839, .F. ) ;
#8787 = CARTESIAN_POINT ( 'NONE',  ( 2.200000000000039300, -4.912442089811461800, 4.564213067505599600E-005 ) ) ;
#8788 = DIRECTION ( 'NONE',  ( 0.0000000000000000000, 0.0000000000000000000, 1.000000000000000000 ) ) ;
#8789 = ORIENTED_EDGE ( 'NONE', *, *, #6699, .F. ) ;
#8790 = VERTEX_POINT ( 'NONE', #1926 ) ;
#8791 = LINE ( 'NONE', #714, #5212 ) ;
#8792 = CARTESIAN_POINT ( 'NONE',  ( 2.200000000000039300, -4.900000000000010100, 0.1000101497517858500 ) ) ;
#8793 = VERTEX_POINT ( 'NONE', #4920 ) ;
#8794 = ORIENTED_EDGE ( 'NONE', *, *, #3781, .F. ) ;
#8795 = COLOUR_RGB ( '',0.7921568627450980000, 0.8196078431372548800, 0.9333333333333333500 ) ;
#8796 = ORIENTED_EDGE ( 'NONE', *, *, #350, .F. ) ;
#8797 = EDGE_LOOP ( 'NONE', ( #3990, #5908, #857, #8917 ) ) ;
#8798 = EDGE_CURVE ( 'NONE', #9522, #5299, #9528, .T. ) ;
#8799 = CARTESIAN_POINT ( 'NONE',  ( -3.663063120169088200, -4.624228355337262300, 0.9745999999999879200 ) ) ;
#8800 = CARTESIAN_POINT ( 'NONE',  ( -2.289840725681897100, -1.302270181245367400, 1.305000000000012400 ) ) ;
#8801 = LINE ( 'NONE', #6814, #7416 ) ;
#8802 = CARTESIAN_POINT ( 'NONE',  ( -0.3817191672772261600, 1.346956004230705200, 0.9999999999999879000 ) ) ;
#8803 = EDGE_LOOP ( 'NONE', ( #7179, #2957, #8323, #9356 ) ) ;
#8804 = CARTESIAN_POINT ( 'NONE',  ( 1.025452868097624000, 0.3980532819992132500, 1.205249755641084200 ) ) ;
#8805 = CARTESIAN_POINT ( 'NONE',  ( 2.398823671904402000, 2.409490608222226700, 0.9000000000000069100 ) ) ;
#8806 = CARTESIAN_POINT ( 'NONE',  ( -1.298810113508829200, 2.409490610614733400, 1.000000000038100600 ) ) ;
#8807 = EDGE_CURVE ( 'NONE', #3966, #4893, #2734, .T. ) ;
#8808 = CARTESIAN_POINT ( 'NONE',  ( -3.655992052357235300, 4.617157287525418300, 0.9745999999999879200 ) ) ;
#8809 = CYLINDRICAL_SURFACE ( 'NONE', #9389, 1.399999999999988400 ) ;
#8810 = ORIENTED_EDGE ( 'NONE', *, *, #3153, .F. ) ;
#8811 = VECTOR ( 'NONE', #3121, 1000.000000000000000 ) ;
#8812 = CARTESIAN_POINT ( 'NONE',  ( -1.065625114319800300, -0.2728426599740673700, 1.304875309525264100 ) ) ;
#8813 = CARTESIAN_POINT ( 'NONE',  ( -0.4475683654718373700, 1.005135950762491700, 1.114205473947429000 ) ) ;
#8814 = FACE_OUTER_BOUND ( 'NONE', #4734, .T. ) ;
#8815 = VERTEX_POINT ( 'NONE', #8623 ) ;
#8816 = CARTESIAN_POINT ( 'NONE',  ( -0.3817191672772314900, -1.346956004230704100, 0.9999999999999879000 ) ) ;
#8817 = FACE_OUTER_BOUND ( 'NONE', #5706, .T. ) ;
#8818 = VERTEX_POINT ( 'NONE', #4052 ) ;
#8819 = LINE ( 'NONE', #5264, #5682 ) ;
#8820 = CARTESIAN_POINT ( 'NONE',  ( 1.027455755735938700, -0.3928927363259996400, 1.229566404263376500 ) ) ;
#8821 = FACE_OUTER_BOUND ( 'NONE', #4652, .T. ) ;
#8822 = ORIENTED_EDGE ( 'NONE', *, *, #5063, .T. ) ;
#8823 = DIRECTION ( 'NONE',  ( 0.1668683535052089300, -0.0000000000000000000, 0.9859791846679425400 ) ) ;
#8824 = VERTEX_POINT ( 'NONE', #5543 ) ;
#8825 = ORIENTED_EDGE ( 'NONE', *, *, #7435, .T. ) ;
#8826 = ADVANCED_FACE ( 'NONE', ( #8005 ), #2674, .T. ) ;
#8827 = CARTESIAN_POINT ( 'NONE',  ( 4.475735931288051400, 3.797413408594536100, 0.9999999999999879000 ) ) ;
#8828 = FACE_OUTER_BOUND ( 'NONE', #7050, .T. ) ;
#8829 = ORIENTED_EDGE ( 'NONE', *, *, #6562, .T. ) ;
#8830 = CARTESIAN_POINT ( 'NONE',  ( -4.959200009505009300, -1.400000000000038800, 6.462537196617171600E-005 ) ) ;
#8831 = FACE_OUTER_BOUND ( 'NONE', #3103, .T. ) ;
#8832 = ORIENTED_EDGE ( 'NONE', *, *, #9112, .T. ) ;
#8833 = ORIENTED_EDGE ( 'NONE', *, *, #5813, .T. ) ;
#8834 = CARTESIAN_POINT ( 'NONE',  ( 0.6981401909111857300, 0.08674833620587497900, 1.305000000000012400 ) ) ;
#8835 = CARTESIAN_POINT ( 'NONE',  ( 0.2999999999999938300, 4.899999999998670800, 0.1000000032965566200 ) ) ;
#8836 = DIRECTION ( 'NONE',  ( -0.7071067811865413600, 0.7071067811865539000, 0.0000000000000000000 ) ) ;
#8837 = CIRCLE ( 'NONE', #122, 1.099999999999994500 ) ;
#8838 = AXIS2_PLACEMENT_3D ( 'NONE', #2429, #3810, #4571 ) ;
#8839 = EDGE_CURVE ( 'NONE', #3300, #3836, #9150, .T. ) ;
#8840 = DIRECTION ( 'NONE',  ( -0.0000000000000000000, 0.0000000000000000000, -1.000000000000000000 ) ) ;
#8841 = ORIENTED_EDGE ( 'NONE', *, *, #6969, .F. ) ;
#8842 = B_SPLINE_CURVE_WITH_KNOTS ( 'NONE', 3,
 ( #5560, #6126, #9206, #329, #4932, #3314 ),
 .UNSPECIFIED., .F., .F.,
 ( 4, 2, 4 ),
 ( 0.0000000000000000000, 0.5000000000000000000, 1.000000000000000000 ),
 .UNSPECIFIED. ) ;
#8843 = CARTESIAN_POINT ( 'NONE',  ( -2.199999999999963300, -5.010958810312807500, 0.1833587902973828300 ) ) ;
#8844 = CARTESIAN_POINT ( 'NONE',  ( 0.0000000000000000000, 0.0000000000000000000, 0.9999999999999879000 ) ) ;
#8845 = CARTESIAN_POINT ( 'NONE',  ( 3.655992052357200300, 4.617157287525374800, 0.9999999999999879000 ) ) ;
#8846 = VECTOR ( 'NONE', #8100, 1000.000000000000000 ) ;
#8847 = UNCERTAINTY_MEASURE_WITH_UNIT (LENGTH_MEASURE( 1.000000000000000100E-005 ), #952, 'distance_accuracy_value', 'NONE');
#8848 = CARTESIAN_POINT ( 'NONE',  ( -2.216262823163604300, -1.324685347348685500, 1.279981116788540700 ) ) ;
#8849 = EDGE_CURVE ( 'NONE', #6734, #493, #4946, .T. ) ;
#8850 = CARTESIAN_POINT ( 'NONE',  ( 2.199999999999988600, 5.112365383199177800, 0.1666325044669128000 ) ) ;
#8851 = EDGE_CURVE ( 'NONE', #715, #8373, #2285, .T. ) ;
#8852 = SURFACE_SIDE_STYLE ('',( #8276 ) ) ;
#8853 = CARTESIAN_POINT ( 'NONE',  ( 1.336534030627088300, 2.121422557744151200, 1.305000000000012600 ) ) ;
#8854 = FACE_OUTER_BOUND ( 'NONE', #4643, .T. ) ;
#8855 = DIRECTION ( 'NONE',  ( 0.0000000000000000000, 1.000000000000000000, 0.0000000000000000000 ) ) ;
#8856 = DIRECTION ( 'NONE',  ( 0.0000000000000000000, 0.0000000000000000000, -1.000000000000000000 ) ) ;
#8857 = EDGE_CURVE ( 'NONE', #1766, #493, #573, .T. ) ;
#8858 = CARTESIAN_POINT ( 'NONE',  ( -0.3844996949094982600, -1.346164917316771300, 1.016576877351557800 ) ) ;
#8859 = DIRECTION ( 'NONE',  ( 0.1668683535052129800, 0.0000000000000000000, -0.9859791846679417700 ) ) ;
#8860 = CARTESIAN_POINT ( 'NONE',  ( 2.200000000000039700, -4.899999995880150100, 2.142290222297503300E-005 ) ) ;
#8861 = DIRECTION ( 'NONE',  ( 0.7071067811865520100, 0.7071067811865431300, -0.0000000000000000000 ) ) ;
#8862 = CARTESIAN_POINT ( 'NONE',  ( -4.900000000000009200, -2.057716446627565300, 0.0000000000000000000 ) ) ;
#8863 = EDGE_CURVE ( 'NONE', #7440, #6857, #6278, .T. ) ;
#8864 = VERTEX_POINT ( 'NONE', #3550 ) ;
#8865 = VECTOR ( 'NONE', #5321, 1000.000000000000000 ) ;
#8866 = DIRECTION ( 'NONE',  ( 0.0000000000000000000, 0.0000000000000000000, 1.000000000000000000 ) ) ;
#8867 = ADVANCED_FACE ( 'NONE', ( #2036 ), #6514, .T. ) ;
#8868 = CARTESIAN_POINT ( 'NONE',  ( 1.600000000000025800, -4.899999995880147500, 2.142290222297524000E-005 ) ) ;
#8869 = DIRECTION ( 'NONE',  ( -0.1668683535051944700, 0.0000000000000000000, 0.9859791846679448700 ) ) ;
#8870 = ORIENTED_EDGE ( 'NONE', *, *, #5452, .F. ) ;
#8871 = ORIENTED_EDGE ( 'NONE', *, *, #6902, .T. ) ;
#8872 = LINE ( 'NONE', #5302, #8070 ) ;
#8873 = CARTESIAN_POINT ( 'NONE',  ( -3.262325200000000200E-032, -4.169437940000000700E-032, 1.555000000000003300 ) ) ;
#8874 = ORIENTED_EDGE ( 'NONE', *, *, #4129, .F. ) ;
#8875 = DIRECTION ( 'NONE',  ( 1.000000000000000000, 0.0000000000000000000, 0.0000000000000000000 ) ) ;
#8876 = DIRECTION ( 'NONE',  ( -0.7071067811865480200, 0.7071067811865470200, 0.0000000000000000000 ) ) ;
#8877 = ORIENTED_EDGE ( 'NONE', *, *, #4940, .F. ) ;
#8878 = B_SPLINE_CURVE_WITH_KNOTS ( 'NONE', 3,
 ( #7826, #392, #3402, #8524, #1777, #8496, #9267, #1161, #3307, #8567, #4130, #9307, #4894, #4165, #4067, #359, #5624, #1135 ),
 .UNSPECIFIED., .F., .F.,
 ( 4, 2, 2, 2, 2, 2, 2, 2, 4 ),
 ( 0.0000000000000000000, 0.2499999999999954500, 0.3749999999999946200, 0.4374999999999959500, 0.4999999999999973400, 0.6250000000000030000, 0.6875000000000033300, 0.7500000000000036600, 1.000000000000000000 ),
 .UNSPECIFIED. ) ;
#8879 = ORIENTED_EDGE ( 'NONE', *, *, #5712, .F. ) ;
#8880 = LINE ( 'NONE', #6829, #6353 ) ;
#8881 = DIRECTION ( 'NONE',  ( -0.7071067811865540100, 0.7071067811865410200, 0.0000000000000000000 ) ) ;
#8882 = EDGE_LOOP ( 'NONE', ( #34, #5927, #2180, #5188 ) ) ;
#8883 = ORIENTED_EDGE ( 'NONE', *, *, #2058, .T. ) ;
#8884 = AXIS2_PLACEMENT_3D ( 'NONE', #9601, #1387, #7438 ) ;
#8885 = CARTESIAN_POINT ( 'NONE',  ( 0.5539808784079861500, -0.9611650271896788900, 1.555000000000003300 ) ) ;
#8886 = EDGE_CURVE ( 'NONE', #7806, #5670, #3828, .T. ) ;
#8887 = DIRECTION ( 'NONE',  ( -0.0000000000000000000, 0.0000000000000000000, -1.000000000000000000 ) ) ;
#8888 = DIRECTION ( 'NONE',  ( 0.0000000000000000000, 0.0000000000000000000, 1.000000000000000000 ) ) ;
#8889 = EDGE_LOOP ( 'NONE', ( #2991, #1183, #8977, #841 ) ) ;
#8890 = CARTESIAN_POINT ( 'NONE',  ( -4.475735931288074500, 3.797413408594514800, 0.2000000000000128100 ) ) ;
#8891 = CARTESIAN_POINT ( 'NONE',  ( -2.291061568721373100, 1.314796509212307700, 0.9746004651289681400 ) ) ;
#8892 = DIRECTION ( 'NONE',  ( 1.000000000000000000, 0.0000000000000000000, 0.0000000000000000000 ) ) ;
#8893 = VECTOR ( 'NONE', #6968, 1000.000000000000000 ) ;
#8894 = VERTEX_POINT ( 'NONE', #7919 ) ;
#8895 = CARTESIAN_POINT ( 'NONE',  ( -0.2999999999999684600, -5.005766807287229400, 0.01712039946240330800 ) ) ;
#8896 = B_SPLINE_CURVE_WITH_KNOTS ( 'NONE', 3,
 ( #2383, #7606, #4561, #3834, #818, #4592 ),
 .UNSPECIFIED., .F., .F.,
 ( 4, 2, 4 ),
 ( 0.0000000000000000000, 0.5000000000000000000, 1.000000000000000000 ),
 .UNSPECIFIED. ) ;
#8897 = CARTESIAN_POINT ( 'NONE',  ( -2.199999999999963300, -5.010958810312799500, 0.1833587902973840600 ) ) ;
#8898 = LINE ( 'NONE', #1495, #959 ) ;
#8899 = VERTEX_POINT ( 'NONE', #7297 ) ;
#8900 = ORIENTED_EDGE ( 'NONE', *, *, #1776, .F. ) ;
#8901 = CARTESIAN_POINT ( 'NONE',  ( 0.3000000000000193100, -4.899999995880150100, 2.142290222297503300E-005 ) ) ;
#8902 = EDGE_CURVE ( 'NONE', #7515, #6994, #6976, .T. ) ;
#8903 = LINE ( 'NONE', #7651, #3563 ) ;
#8904 = ORIENTED_EDGE ( 'NONE', *, *, #2391, .F. ) ;
#8905 = DIRECTION ( 'NONE',  ( -0.7071067811865371400, -0.7071067811865580100, 0.0000000000000000000 ) ) ;
#8906 = DIRECTION ( 'NONE',  ( 0.0000000000000000000, -0.0000000000000000000, 1.000000000000000000 ) ) ;
#8907 = CARTESIAN_POINT ( 'NONE',  ( -2.200058867113500400, -1.327561024339759500, 1.288658891012134600 ) ) ;
#8908 = LINE ( 'NONE', #5294, #2515 ) ;
#8909 = EDGE_CURVE ( 'NONE', #5127, #1319, #2675, .T. ) ;
#8910 = VERTEX_POINT ( 'NONE', #3589 ) ;
#8911 = EDGE_CURVE ( 'NONE', #1797, #5319, #6483, .T. ) ;
#8912 = CARTESIAN_POINT ( 'NONE',  ( -4.800000000000002500, 1.199999999999966600, 3.945047992540000200E-005 ) ) ;
#8913 = CARTESIAN_POINT ( 'NONE',  ( -2.614721060899722900, 3.293043583593275900, 0.2000000000000130000 ) ) ;
#8914 = ORIENTED_EDGE ( 'NONE', *, *, #6436, .F. ) ;
#8915 = ADVANCED_FACE ( 'NONE', ( #6863 ), #5845, .T. ) ;
#8916 = LINE ( 'NONE', #9318, #5458 ) ;
#8917 = ORIENTED_EDGE ( 'NONE', *, *, #4220, .T. ) ;
#8918 = DIRECTION ( 'NONE',  ( 0.0000000000000000000, -0.9859791846679422100, -0.1668683535052110600 ) ) ;
#8919 = EDGE_CURVE ( 'NONE', #4191, #7070, #5804, .T. ) ;
#8920 = PLANE ( 'NONE',  #6663 ) ;
#8921 = CARTESIAN_POINT ( 'NONE',  ( 3.498823670726815200, -2.553480280042602900, 1.305000000000012600 ) ) ;
#8922 = LINE ( 'NONE', #3992, #7311 ) ;
#8923 = VERTEX_POINT ( 'NONE', #5741 ) ;
#8924 = CARTESIAN_POINT ( 'NONE',  ( -4.899999995880148300, -0.8000000000000255800, 2.142290222814931700E-005 ) ) ;
#8925 = VECTOR ( 'NONE', #8195, 1000.000000000000000 ) ;
#8926 = EDGE_LOOP ( 'NONE', ( #1913, #3536, #5938, #2974, #4627, #982, #7825, #6186 ) ) ;
#8927 = VERTEX_POINT ( 'NONE', #1250 ) ;
#8928 = DIRECTION ( 'NONE',  ( -0.0000000000000000000, -1.000000000000000000, -0.0000000000000000000 ) ) ;
#8929 = EDGE_CURVE ( 'NONE', #4961, #7902, #3002, .T. ) ;
#8930 = AXIS2_PLACEMENT_3D ( 'NONE', #4640, #5359, #3881 ) ;
#8931 = CARTESIAN_POINT ( 'NONE',  ( -1.157474762666338900, 0.5300034533136364100, 1.205000000000185700 ) ) ;
#8932 = CARTESIAN_POINT ( 'NONE',  ( -1.420385550626950500, 1.899644595732674000, 1.104999999999999500 ) ) ;
#8933 = CIRCLE ( 'NONE', #5128, 1.099999999999994500 ) ;
#8934 = ORIENTED_EDGE ( 'NONE', *, *, #7933, .T. ) ;
#8935 = FACE_OUTER_BOUND ( 'NONE', #6750, .T. ) ;
#8936 = ORIENTED_EDGE ( 'NONE', *, *, #6338, .T. ) ;
#8937 = CARTESIAN_POINT ( 'NONE',  ( 2.006949509622383900, -1.372605471007080700, 1.228807832538909100 ) ) ;
#8938 = DIRECTION ( 'NONE',  ( 0.1668683535052120100, 0.0000000000000000000, 0.9859791846679418800 ) ) ;
#8939 = VERTEX_POINT ( 'NONE', #8717 ) ;
#8940 = CARTESIAN_POINT ( 'NONE',  ( -1.335999707505683500, 2.120888234622744200, 1.305000000000012600 ) ) ;
#8941 = ORIENTED_EDGE ( 'NONE', *, *, #8689, .F. ) ;
#8942 = CYLINDRICAL_SURFACE ( 'NONE', #9126, 1.099999999999994500 ) ;
#8943 = VECTOR ( 'NONE', #9358, 1000.000000000000000 ) ;
#8944 = B_SPLINE_CURVE_WITH_KNOTS ( 'NONE', 3,
 ( #1557, #8921, #2320, #9682, #3085, #827, #8950, #3119, #6803, #7585, #2981, #9653, #7544, #6097, #1594, #2214, #5967, #6840 ),
 .UNSPECIFIED., .F., .F.,
 ( 4, 2, 2, 2, 2, 2, 2, 2, 4 ),
 ( 0.3481772554894709300, 0.4233286800068623600, 0.4984801045242537900, 0.5736315290416451600, 0.6487829535590365900, 0.7239343780764280200, 0.7990858025938194500, 0.8742372271112108800, 0.9493886516286023100 ),
 .UNSPECIFIED. ) ;
#8945 = DIRECTION ( 'NONE',  ( -0.7071067811865692200, -0.7071067811865259200, 0.0000000000000000000 ) ) ;
#8946 = FACE_OUTER_BOUND ( 'NONE', #1872, .T. ) ;
#8947 = CARTESIAN_POINT ( 'NONE',  ( 4.899999999999986100, 3.373149339882622200, 0.0000000000000000000 ) ) ;
#8948 = ORIENTED_EDGE ( 'NONE', *, *, #7180, .T. ) ;
#8949 = PLANE ( 'NONE',  #2842 ) ;
#8950 = CARTESIAN_POINT ( 'NONE',  ( 2.952804545680269000, -3.370655638011978500, 1.305000000000012800 ) ) ;
#8951 =( NAMED_UNIT ( * ) PLANE_ANGLE_UNIT ( ) SI_UNIT ( $, .RADIAN. ) );
#8952 = CARTESIAN_POINT ( 'NONE',  ( -4.904147357777345600, 0.7999999999999749500, 4.227455181458871500E-005 ) ) ;
#8953 = EDGE_CURVE ( 'NONE', #7443, #5430, #4885, .T. ) ;
#8954 = DIRECTION ( 'NONE',  ( 0.0000000000000000000, 0.0000000000000000000, -1.000000000000000000 ) ) ;
#8955 = B_SPLINE_CURVE_WITH_KNOTS ( 'NONE', 3,
 ( #308, #7809, #8542, #7102 ),
 .UNSPECIFIED., .F., .F.,
 ( 4, 4 ),
 ( 0.0000000000000000000, 1.000000000000000000 ),
 .UNSPECIFIED. ) ;
#8956 = CARTESIAN_POINT ( 'NONE',  ( 1.420385550626950500, -1.899644595732674000, 1.104999999999999500 ) ) ;
#8957 = ADVANCED_FACE ( 'NONE', ( #2873 ), #9661, .T. ) ;
#8958 =( GEOMETRIC_REPRESENTATION_CONTEXT ( 3 ) GLOBAL_UNCERTAINTY_ASSIGNED_CONTEXT ( ( #2345 ) ) GLOBAL_UNIT_ASSIGNED_CONTEXT ( ( #104, #5654, #2579 ) ) REPRESENTATION_CONTEXT ( 'NONE', 'WORKASPACE' ) );
#8959 = DIRECTION ( 'NONE',  ( -0.7071067811858970900, -0.7071067811871979400, 0.0000000000000000000 ) ) ;
#8960 = DIRECTION ( 'NONE',  ( -1.000000000000000000, -0.0000000000000000000, -0.0000000000000000000 ) ) ;
#8961 = CARTESIAN_POINT ( 'NONE',  ( -4.800000000000002500, -1.200000000000017500, 3.945047992540000200E-005 ) ) ;
#8962 = CARTESIAN_POINT ( 'NONE',  ( -4.899063776367008000, -0.8000000000000258000, 4.021066823431818400E-005 ) ) ;
#8963 = CARTESIAN_POINT ( 'NONE',  ( 4.617157287525376600, -3.655992052357210000, 0.9745999999999879200 ) ) ;
#8964 = CARTESIAN_POINT ( 'NONE',  ( -1.762411793824613300, -1.481823279040277900, 1.305000000000012600 ) ) ;
#8965 = LINE ( 'NONE', #4814, #9554 ) ;
#8966 = EDGE_CURVE ( 'NONE', #7751, #1705, #9394, .T. ) ;
#8967 = CARTESIAN_POINT ( 'NONE',  ( -1.307373372357169900, 2.272610209266630500, 0.9999999999999879000 ) ) ;
#8968 = CARTESIAN_POINT ( 'NONE',  ( 2.277830346110257100, 1.316165123696558800, 1.180000000000004400 ) ) ;
#8969 = ORIENTED_EDGE ( 'NONE', *, *, #7701, .T. ) ;
#8970 = VECTOR ( 'NONE', #5391, 1000.000000000000000 ) ;
#8971 = EDGE_CURVE ( 'NONE', #4590, #8790, #869, .T. ) ;
#8972 = DIRECTION ( 'NONE',  ( -0.7071067811865420200, -0.7071067811865531200, 0.0000000000000000000 ) ) ;
#8973 = FACE_OUTER_BOUND ( 'NONE', #7700, .T. ) ;
#8974 = DIRECTION ( 'NONE',  ( 0.0000000000000000000, 0.0000000000000000000, 1.000000000000000000 ) ) ;
#8975 = ORIENTED_EDGE ( 'NONE', *, *, #6264, .F. ) ;
#8976 = CARTESIAN_POINT ( 'NONE',  ( 0.8796335266379936600, -0.6760013919724028300, 1.555000000000003300 ) ) ;
#8977 = ORIENTED_EDGE ( 'NONE', *, *, #719, .F. ) ;
#8978 = DIRECTION ( 'NONE',  ( -0.7071067811866342800, 0.7071067811864607500, 0.0000000000000000000 ) ) ;
#8979 = EDGE_CURVE ( 'NONE', #9313, #3325, #7208, .T. ) ;
#8980 = DIRECTION ( 'NONE',  ( 0.7071067811865432400, -0.7071067811865519000, 0.0000000000000000000 ) ) ;
#8981 = CARTESIAN_POINT ( 'NONE',  ( -1.406369335568844000, -1.927086063695923700, 1.104999999999999800 ) ) ;
#8982 = VECTOR ( 'NONE', #8027, 1000.000000000000000 ) ;
#8983 = CARTESIAN_POINT ( 'NONE',  ( -0.2999999999999937700, 5.079993289502963800, 0.07745236217282761000 ) ) ;
#8984 = CARTESIAN_POINT ( 'NONE',  ( -3.498879536753974700, 2.409490626215269800, 1.305000000000012600 ) ) ;
#8985 = VERTEX_POINT ( 'NONE', #3720 ) ;
#8986 = CARTESIAN_POINT ( 'NONE',  ( -2.199999999999963300, -4.912442089811461800, 4.564213067505599600E-005 ) ) ;
#8987 = VERTEX_POINT ( 'NONE', #9589 ) ;
#8988 = CARTESIAN_POINT ( 'NONE',  ( 3.655992052357211400, -4.617157287525398800, 0.9745999999999879200 ) ) ;
#8989 = VECTOR ( 'NONE', #3172, 1000.000000000000000 ) ;
#8990 = ORIENTED_EDGE ( 'NONE', *, *, #4925, .F. ) ;
#8991 = ORIENTED_EDGE ( 'NONE', *, *, #49, .T. ) ;
#8992 = DIRECTION ( 'NONE',  ( 0.7071067811865474600, -0.7071067811865476800, 0.0000000000000000000 ) ) ;
#8993 = CARTESIAN_POINT ( 'NONE',  ( 4.905070048420881800, 0.8000000000000004900, 0.1000020666307042100 ) ) ;
#8994 = CARTESIAN_POINT ( 'NONE',  ( -4.617157287525354400, 3.655992052357232200, 1.403766198207616500E-016 ) ) ;
#8995 = AXIS2_PLACEMENT_3D ( 'NONE', #7990, #558, #4297 ) ;
#8996 = ORIENTED_EDGE ( 'NONE', *, *, #8367, .T. ) ;
#8997 = CARTESIAN_POINT ( 'NONE',  ( 3.804484476406383200, -4.482806999099951300, 0.9999999999999879000 ) ) ;
#8998 = ORIENTED_EDGE ( 'NONE', *, *, #2321, .T. ) ;
#8999 = LINE ( 'NONE', #8728, #8194 ) ;
#9000 = ORIENTED_EDGE ( 'NONE', *, *, #5452, .T. ) ;
#9001 = CARTESIAN_POINT ( 'NONE',  ( -1.386429001310511400, 1.928647025134157600, 1.305000000000012800 ) ) ;
#9002 = AXIS2_PLACEMENT_3D ( 'NONE', #7622, #3034, #5296 ) ;
#9003 = B_SPLINE_CURVE_WITH_KNOTS ( 'NONE', 3,
 ( #6769, #2282, #1686, #3158, #3249, #2459 ),
 .UNSPECIFIED., .F., .F.,
 ( 4, 2, 4 ),
 ( 0.07236113413382491700, 0.5361805670669124200, 1.000000000000000000 ),
 .UNSPECIFIED. ) ;
#9004 = ADVANCED_FACE ( 'NONE', ( #1103 ), #4448, .F. ) ;
#9005 = CARTESIAN_POINT ( 'NONE',  ( 2.610521581056355800, -3.524068029568304400, 0.9999999999999879000 ) ) ;
#9006 = VERTEX_POINT ( 'NONE', #9559 ) ;
#9007 = ORIENTED_EDGE ( 'NONE', *, *, #2195, .T. ) ;
#9008 = PRODUCT_DEFINITION_CONTEXT ( 'detailed design', #1687, 'design' ) ;
#9009 = AXIS2_PLACEMENT_3D ( 'NONE', #9384, #7163, #4176 ) ;
#9010 = CYLINDRICAL_SURFACE ( 'NONE', #1342, 0.1000000000000063900 ) ;
#9011 = CARTESIAN_POINT ( 'NONE',  ( 4.899999999999984400, 3.373149339882620000, 0.9745999999999879200 ) ) ;
#9012 = ORIENTED_EDGE ( 'NONE', *, *, #7318, .T. ) ;
#9013 = EDGE_CURVE ( 'NONE', #2855, #5683, #3241, .T. ) ;
#9014 = CARTESIAN_POINT ( 'NONE',  ( 0.2999999999999937700, 4.915169546265580900, 0.2000061751679519900 ) ) ;
#9015 = CARTESIAN_POINT ( 'NONE',  ( -0.2999999999999937700, 4.899999999998670800, 0.1000000032965566200 ) ) ;
#9016 = CARTESIAN_POINT ( 'NONE',  ( -2.254834005666288100, 3.509490607775359800, 1.305000000000012800 ) ) ;
#9017 = VERTEX_POINT ( 'NONE', #2157 ) ;
#9018 = LINE ( 'NONE', #1109, #6033 ) ;
#9019 = DIRECTION ( 'NONE',  ( -1.000000000000000000, 0.0000000000000000000, 0.0000000000000000000 ) ) ;
#9020 = AXIS2_PLACEMENT_3D ( 'NONE', #4843, #318, #3396 ) ;
#9021 = ORIENTED_EDGE ( 'NONE', *, *, #8652, .T. ) ;
#9022 = ORIENTED_EDGE ( 'NONE', *, *, #39, .F. ) ;
#9023 = ADVANCED_FACE ( 'NONE', ( #1460 ), #2120, .F. ) ;
#9024 = VECTOR ( 'NONE', #7962, 1000.000000000000000 ) ;
#9025 = CARTESIAN_POINT ( 'NONE',  ( -2.307421045375680300, 1.313222770835106300, 0.9508422967657003100 ) ) ;
#9026 = CARTESIAN_POINT ( 'NONE',  ( -3.797413408594518800, 4.475735931288086000, 0.9745999999999879200 ) ) ;
#9027 = ORIENTED_EDGE ( 'NONE', *, *, #1622, .F. ) ;
#9028 = EDGE_LOOP ( 'NONE', ( #5305, #656, #4166, #5618 ) ) ;
#9029 = CARTESIAN_POINT ( 'NONE',  ( 1.346164917318198700, 0.3844996949045006400, 1.350000000000010300 ) ) ;
#9030 = VECTOR ( 'NONE', #1221, 1000.000000000000100 ) ;
#9031 = PLANE ( 'NONE',  #9002 ) ;
#9032 = VERTEX_POINT ( 'NONE', #7334 ) ;
#9033 = EDGE_CURVE ( 'NONE', #3348, #5683, #2091, .T. ) ;
#9034 = CARTESIAN_POINT ( 'NONE',  ( -1.883217427953447300, -1.428951199357649600, 1.104999999999999500 ) ) ;
#9035 = CARTESIAN_POINT ( 'NONE',  ( -1.599999999999985700, 4.899999999998670800, 0.1000000032965566200 ) ) ;
#9036 = LINE ( 'NONE', #6087, #508 ) ;
#9037 = VERTEX_POINT ( 'NONE', #4505 ) ;
#9038 = CARTESIAN_POINT ( 'NONE',  ( -5.199756585854319500, 1.399999999999962600, 0.6996380906312310600 ) ) ;
#9039 = EDGE_CURVE ( 'NONE', #7449, #8076, #4769, .T. ) ;
#9040 = VECTOR ( 'NONE', #5732, 1000.000000000000100 ) ;
#9041 = LINE ( 'NONE', #2266, #9156 ) ;
#9042 = DIRECTION ( 'NONE',  ( -0.0000000000000000000, -1.000000000000000000, -0.0000000000000000000 ) ) ;
#9043 = ORIENTED_EDGE ( 'NONE', *, *, #8953, .F. ) ;
#9044 = CARTESIAN_POINT ( 'NONE',  ( 4.962008663924571300, -1.399999999999988100, 2.517489204069586700E-005 ) ) ;
#9045 = EDGE_CURVE ( 'NONE', #7838, #3117, #1688, .T. ) ;
#9046 = PRESENTATION_STYLE_ASSIGNMENT (( #1483 ) ) ;
#9047 = VERTEX_POINT ( 'NONE', #8134 ) ;
#9048 = DIRECTION ( 'NONE',  ( 0.0000000000000000000, 0.0000000000000000000, 1.000000000000000000 ) ) ;
#9049 = CARTESIAN_POINT ( 'NONE',  ( -5.199756585854319500, 1.399999999999962600, 0.6996380906312310600 ) ) ;
#9050 = FACE_OUTER_BOUND ( 'NONE', #9491, .T. ) ;
#9051 = ORIENTED_EDGE ( 'NONE', *, *, #6671, .T. ) ;
#9052 = EDGE_LOOP ( 'NONE', ( #7566, #7953, #822, #4619 ) ) ;
#9053 = ORIENTED_EDGE ( 'NONE', *, *, #2635, .F. ) ;
#9054 = EDGE_CURVE ( 'NONE', #4750, #3060, #8347, .T. ) ;
#9055 = DIRECTION ( 'NONE',  ( 1.000000000000000000, 0.0000000000000000000, 0.0000000000000000000 ) ) ;
#9056 = CARTESIAN_POINT ( 'NONE',  ( -3.074825059243878800, 3.289124138344491600, 1.305000000000012800 ) ) ;
#9057 = DIRECTION ( 'NONE',  ( 1.285685350086792000E-016, -1.000000000000000000, 0.0000000000000000000 ) ) ;
#9058 = FACE_OUTER_BOUND ( 'NONE', #4829, .T. ) ;
#9059 = EDGE_LOOP ( 'NONE', ( #7521, #6238, #1364, #7400 ) ) ;
#9060 = CARTESIAN_POINT ( 'NONE',  ( -2.289840724051889400, 1.302270181659142400, 1.305000000000012600 ) ) ;
#9061 = VECTOR ( 'NONE', #6230, 1000.000000000000000 ) ;
#9062 = ORIENTED_EDGE ( 'NONE', *, *, #5519, .F. ) ;
#9063 = EDGE_CURVE ( 'NONE', #176, #7047, #8819, .T. ) ;
#9064 = STYLED_ITEM ( 'NONE', ( #8565 ), #6530 ) ;
#9065 = ORIENTED_EDGE ( 'NONE', *, *, #4203, .T. ) ;
#9066 = ADVANCED_FACE ( 'NONE', ( #7897 ), #5945, .T. ) ;
#9067 = CARTESIAN_POINT ( 'NONE',  ( -2.280919584729702400, -1.315834796693486900, 1.000003574505851500 ) ) ;
#9068 = SURFACE_STYLE_USAGE ( .BOTH. , #3099 ) ;
#9069 = CARTESIAN_POINT ( 'NONE',  ( 1.336534030627088300, 2.121422557744151200, 1.305000000000012600 ) ) ;
#9070 = LINE ( 'NONE', #6998, #7009 ) ;
#9071 = CARTESIAN_POINT ( 'NONE',  ( -0.2999999999999684000, -5.010958810312805800, 0.1833587902973832000 ) ) ;
#9072 = CARTESIAN_POINT ( 'NONE',  ( -1.599999999999975400, -4.912442089811461800, 4.564213067505599600E-005 ) ) ;
#9073 = ORIENTED_EDGE ( 'NONE', *, *, #2094, .F. ) ;
#9074 = CARTESIAN_POINT ( 'NONE',  ( 0.0000000000000000000, 0.0000000000000000000, 0.9745999999999879200 ) ) ;
#9075 = CARTESIAN_POINT ( 'NONE',  ( 2.199999999999988600, 4.900000000000009200, 0.06666666666667096800 ) ) ;
#9076 = ADVANCED_FACE ( 'NONE', ( #5136 ), #8112, .T. ) ;
#9077 = AXIS2_PLACEMENT_3D ( 'NONE', #5456, #6233, #1043 ) ;
#9078 = CYLINDRICAL_SURFACE ( 'NONE', #9400, 1.399999999999988100 ) ;
#9079 = DIRECTION ( 'NONE',  ( 1.000000000000000000, 0.0000000000000000000, 0.0000000000000000000 ) ) ;
#9080 = CARTESIAN_POINT ( 'NONE',  ( -1.017165555730687300, -0.4195026657475853800, 1.151143760548960500 ) ) ;
#9081 = AXIS2_PLACEMENT_3D ( 'NONE', #9486, #6605, #5098 ) ;
#9082 = CARTESIAN_POINT ( 'NONE',  ( 1.092198632616883800, -0.1307753580865740100, 1.214857331100299700 ) ) ;
#9083 = ORIENTED_EDGE ( 'NONE', *, *, #9045, .F. ) ;
#9084 = CARTESIAN_POINT ( 'NONE',  ( -2.277830346110258900, -1.316165123696543300, 1.180000000000004400 ) ) ;
#9085 = CARTESIAN_POINT ( 'NONE',  ( -1.394864049237613900, -1.952431634527913100, 1.114205473947428100 ) ) ;
#9086 = EDGE_CURVE ( 'NONE', #4076, #3488, #6171, .T. ) ;
#9087 = CARTESIAN_POINT ( 'NONE',  ( 4.475735931288062000, 3.797413408594545900, 0.2000000000000129500 ) ) ;
#9088 = LINE ( 'NONE', #820, #4941 ) ;
#9089 = ORIENTED_EDGE ( 'NONE', *, *, #505, .F. ) ;
#9090 = CARTESIAN_POINT ( 'NONE',  ( -3.804484476406383200, -4.482806999099951300, 0.9745999999999879200 ) ) ;
#9091 = CARTESIAN_POINT ( 'NONE',  ( -5.101754311063978700, -0.8000000000000255800, 0.1205696156111533400 ) ) ;
#9092 = DIRECTION ( 'NONE',  ( -0.0000000000000000000, 0.0000000000000000000, 1.000000000000000000 ) ) ;
#9093 = FILL_AREA_STYLE_COLOUR ( '', #4536 ) ;
#9094 = EDGE_CURVE ( 'NONE', #7442, #3039, #6381, .T. ) ;
#9095 = EDGE_LOOP ( 'NONE', ( #1400, #3425, #3180, #7328 ) ) ;
#9096 = LINE ( 'NONE', #8573, #3182 ) ;
#9097 = CARTESIAN_POINT ( 'NONE',  ( -4.617157287525376600, 3.655992052357253600, 0.0000000000000000000 ) ) ;
#9098 = DIRECTION ( 'NONE',  ( 0.0000000000000000000, 0.0000000000000000000, 1.000000000000000000 ) ) ;
#9099 = CARTESIAN_POINT ( 'NONE',  ( 0.4808326112068666600, -0.4808326112069223900, 0.9999999999999879000 ) ) ;
#9100 = B_SPLINE_CURVE_WITH_KNOTS ( 'NONE', 3,
 ( #7018, #3229, #2534, #7073 ),
 .UNSPECIFIED., .F., .F.,
 ( 4, 4 ),
 ( 0.0000000000000000000, 1.000000000000000000 ),
 .UNSPECIFIED. ) ;
#9101 = EDGE_CURVE ( 'NONE', #3359, #5912, #6876, .T. ) ;
#9102 = ADVANCED_FACE ( 'NONE', ( #5692 ), #6158, .T. ) ;
#9103 = EDGE_LOOP ( 'NONE', ( #2758, #1689, #3296, #9115, #8128 ) ) ;
#9104 = CARTESIAN_POINT ( 'NONE',  ( 1.092224465912157400, 0.1305592434984409200, 1.180000000000004400 ) ) ;
#9105 = LINE ( 'NONE', #9099, #5765 ) ;
#9106 = PLANE ( 'NONE',  #4673 ) ;
#9107 = ORIENTED_EDGE ( 'NONE', *, *, #4455, .F. ) ;
#9108 = VERTEX_POINT ( 'NONE', #5507 ) ;
#9109 = CARTESIAN_POINT ( 'NONE',  ( -1.599999999999975400, -4.912442089811461800, 4.564213067505599600E-005 ) ) ;
#9110 = DIRECTION ( 'NONE',  ( -0.7071067811865483500, 0.7071067811865468000, 0.0000000000000000000 ) ) ;
#9111 = ORIENTED_EDGE ( 'NONE', *, *, #1492, .F. ) ;
#9112 = EDGE_CURVE ( 'NONE', #3423, #6964, #6432, .T. ) ;
#9113 = CARTESIAN_POINT ( 'NONE',  ( -1.375704308087591000, -1.998211427718457300, 1.151027369737142900 ) ) ;
#9114 = AXIS2_PLACEMENT_3D ( 'NONE', #5563, #4797, #7126 ) ;
#9115 = ORIENTED_EDGE ( 'NONE', *, *, #5693, .F. ) ;
#9116 = CYLINDRICAL_SURFACE ( 'NONE', #1967, 0.1250000000000080200 ) ;
#9117 = ORIENTED_EDGE ( 'NONE', *, *, #5512, .F. ) ;
#9118 = ADVANCED_FACE ( 'NONE', ( #2154 ), #9380, .T. ) ;
#9119 = EDGE_LOOP ( 'NONE', ( #1779, #9535, #1330, #300 ) ) ;
#9120 = PLANE ( 'NONE',  #1257 ) ;
#9121 = ORIENTED_EDGE ( 'NONE', *, *, #1745, .T. ) ;
#9122 = CARTESIAN_POINT ( 'NONE',  ( 1.600000000000026300, -4.897191345580448100, 3.945047992540000200E-005 ) ) ;
#9123 = CARTESIAN_POINT ( 'NONE',  ( 4.910167162820676400, -1.399999999999988100, 4.127767147225145600E-006 ) ) ;
#9124 = LINE ( 'NONE', #5718, #3918 ) ;
#9125 = ORIENTED_EDGE ( 'NONE', *, *, #2058, .F. ) ;
#9126 = AXIS2_PLACEMENT_3D ( 'NONE', #7530, #8302, #3864 ) ;
#9127 = DIRECTION ( 'NONE',  ( 0.7071067811865520100, -0.7071067811865431300, -0.0000000000000000000 ) ) ;
#9128 = VECTOR ( 'NONE', #1526, 1000.000000000000000 ) ;
#9129 = ORIENTED_EDGE ( 'NONE', *, *, #5204, .F. ) ;
#9130 = ORIENTED_EDGE ( 'NONE', *, *, #5085, .T. ) ;
#9131 = DIRECTION ( 'NONE',  ( 1.000000000000000000, 0.0000000000000000000, 0.0000000000000000000 ) ) ;
#9132 = LINE ( 'NONE', #9665, #603 ) ;
#9133 = ORIENTED_EDGE ( 'NONE', *, *, #7188, .T. ) ;
#9134 = MANIFOLD_SOLID_BREP ( 'Split2[3]', #6546 ) ;
#9135 = CARTESIAN_POINT ( 'NONE',  ( 2.277830346110245600, -1.316165123696554800, 0.9000000000000069100 ) ) ;
#9136 = VECTOR ( 'NONE', #8136, 1000.000000000000000 ) ;
#9137 = ORIENTED_EDGE ( 'NONE', *, *, #6823, .T. ) ;
#9138 = PRODUCT_DEFINITION ( 'UNKNOWN', '', #6727, #9008 ) ;
#9139 = DIRECTION ( 'NONE',  ( -0.0000000000000000000, -0.0000000000000000000, 1.000000000000000000 ) ) ;
#9140 = EDGE_CURVE ( 'NONE', #4133, #7630, #3461, .T. ) ;
#9141 = CARTESIAN_POINT ( 'NONE',  ( -3.491048137816561900, -2.540049851720743900, 0.9999999999999879000 ) ) ;
#9142 = B_SPLINE_CURVE_WITH_KNOTS ( 'NONE', 3,
 ( #1054, #7850, #1837, #9331 ),
 .UNSPECIFIED., .F., .F.,
 ( 4, 4 ),
 ( 0.0000000000000000000, 1.000000000000000000 ),
 .UNSPECIFIED. ) ;
#9143 = VECTOR ( 'NONE', #1038, 1000.000000000000000 ) ;
#9144 = ORIENTED_EDGE ( 'NONE', *, *, #3497, .F. ) ;
#9145 = AXIS2_PLACEMENT_3D ( 'NONE', #4947, #4223, #8649 ) ;
#9146 = FACE_OUTER_BOUND ( 'NONE', #9699, .T. ) ;
#9147 = ORIENTED_EDGE ( 'NONE', *, *, #9365, .F. ) ;
#9148 = EDGE_CURVE ( 'NONE', #2502, #4254, #156, .T. ) ;
#9149 = ADVANCED_FACE ( 'NONE', ( #3713 ), #6299, .T. ) ;
#9150 = LINE ( 'NONE', #7143, #9506 ) ;
#9151 = ORIENTED_EDGE ( 'NONE', *, *, #8359, .T. ) ;
#9152 = CARTESIAN_POINT ( 'NONE',  ( -2.199999999999963300, -4.897191345580448100, 1.972523996270000100E-005 ) ) ;
#9153 = CYLINDRICAL_SURFACE ( 'NONE', #2012, 1.399999999999988100 ) ;
#9154 = EDGE_CURVE ( 'NONE', #5831, #5729, #1451, .T. ) ;
#9155 = CARTESIAN_POINT ( 'NONE',  ( 2.591049779960898900, -4.900000000000010100, 1.353025525256332200E-005 ) ) ;
#9156 = VECTOR ( 'NONE', #4618, 1000.000000000000100 ) ;
#9157 = PLANE ( 'NONE',  #4889 ) ;
#9158 = CARTESIAN_POINT ( 'NONE',  ( -2.199999999999978400, 4.915250744231022900, 6.191650734937880400E-006 ) ) ;
#9159 = EDGE_LOOP ( 'NONE', ( #8789, #5921, #250, #4985 ) ) ;
#9160 = VERTEX_POINT ( 'NONE', #8986 ) ;
#9161 = CARTESIAN_POINT ( 'NONE',  ( -3.491048137816586300, 2.540049851720461900, 0.9999999999999879000 ) ) ;
#9162 = EDGE_CURVE ( 'NONE', #9160, #9229, #1218, .T. ) ;
#9163 = VECTOR ( 'NONE', #8928, 1000.000000000000000 ) ;
#9164 = ORIENTED_EDGE ( 'NONE', *, *, #4344, .F. ) ;
#9165 = CARTESIAN_POINT ( 'NONE',  ( -2.110900999882157500, -3.480860552478416200, 1.305000000000012800 ) ) ;
#9166 = ADVANCED_FACE ( 'NONE', ( #1699 ), #51, .T. ) ;
#9167 = DIRECTION ( 'NONE',  ( 0.7071067811865579000, -0.7071067811865370300, -5.421010862427747000E-016 ) ) ;
#9168 = VECTOR ( 'NONE', #4617, 1000.000000000000000 ) ;
#9169 = ORIENTED_EDGE ( 'NONE', *, *, #956, .F. ) ;
#9170 = ORIENTED_EDGE ( 'NONE', *, *, #7022, .F. ) ;
#9171 = ORIENTED_EDGE ( 'NONE', *, *, #5648, .F. ) ;
#9172 = CARTESIAN_POINT ( 'NONE',  ( 2.200000000000039300, -4.912401490849809700, 0.1000456338892871400 ) ) ;
#9173 = EDGE_CURVE ( 'NONE', #4916, #2752, #6970, .T. ) ;
#9174 = CARTESIAN_POINT ( 'NONE',  ( -3.797413408594518800, 4.475735931288086900, 0.2000000000000130000 ) ) ;
#9175 = LINE ( 'NONE', #2965, #7457 ) ;
#9176 = CARTESIAN_POINT ( 'NONE',  ( -4.897191345580448100, 1.399999999999962600, 3.945047992540000200E-005 ) ) ;
#9177 = LINE ( 'NONE', #2199, #3270 ) ;
#9178 = EDGE_CURVE ( 'NONE', #7522, #3117, #4664, .T. ) ;
#9179 = CARTESIAN_POINT ( 'NONE',  ( -1.307373372357169000, 2.272610209266630000, 0.9999999999999879000 ) ) ;
#9180 = CARTESIAN_POINT ( 'NONE',  ( 3.804484476406389900, 4.482806999099958400, 0.2000000000000128600 ) ) ;
#9181 = FACE_OUTER_BOUND ( 'NONE', #3050, .T. ) ;
#9182 = PLANE ( 'NONE',  #4794 ) ;
#9183 = ORIENTED_EDGE ( 'NONE', *, *, #7358, .F. ) ;
#9184 = CARTESIAN_POINT ( 'NONE',  ( -2.277830346110254900, -1.316165123696547000, 1.024999999999989500 ) ) ;
#9185 = CARTESIAN_POINT ( 'NONE',  ( 4.899999999999984400, 3.373149339882620000, 0.9745999999999879200 ) ) ;
#9186 = PLANE ( 'NONE',  #183 ) ;
#9187 = DIRECTION ( 'NONE',  ( 0.7071067811865692200, 0.7071067811865258100, -0.0000000000000000000 ) ) ;
#9188 = CARTESIAN_POINT ( 'NONE',  ( -2.199999999999963300, -4.912401490849809700, 0.1000456338892922600 ) ) ;
#9189 = CARTESIAN_POINT ( 'NONE',  ( -4.912360891846019800, 1.399999999999962600, 0.2000456256478774200 ) ) ;
#9190 = CARTESIAN_POINT ( 'NONE',  ( -4.912442089811461800, -0.8000000000000258000, 4.564213066489702800E-005 ) ) ;
#9191 = STYLED_ITEM ( 'NONE', ( #989 ), #9568 ) ;
#9192 = EDGE_CURVE ( 'NONE', #3065, #6360, #386, .T. ) ;
#9193 = CYLINDRICAL_SURFACE ( 'NONE', #8386, 0.1250000000000080200 ) ;
#9194 = ADVANCED_FACE ( 'NONE', ( #7888 ), #3942, .F. ) ;
#9195 = CARTESIAN_POINT ( 'NONE',  ( -3.499391409949214300, -2.400010496209343800, 0.9000000000000069100 ) ) ;
#9196 = CARTESIAN_POINT ( 'NONE',  ( 2.199999999999988600, 5.103967321807094700, 0.7162854755018252000 ) ) ;
#9197 = AXIS2_PLACEMENT_3D ( 'NONE', #1501, #3785, #3062 ) ;
#9198 = DIRECTION ( 'NONE',  ( 1.000000000000000000, 0.0000000000000000000, 0.0000000000000000000 ) ) ;
#9199 = VERTEX_POINT ( 'NONE', #3323 ) ;
#9200 = CARTESIAN_POINT ( 'NONE',  ( 0.09694350365901537000, -0.7083353583643008400, 1.304165684153106600 ) ) ;
#9201 = B_SPLINE_CURVE_WITH_KNOTS ( 'NONE', 3,
 ( #7517, #9621, #6975, #2434 ),
 .UNSPECIFIED., .F., .F.,
 ( 4, 4 ),
 ( 0.0000000000000000000, 1.000000000000000000 ),
 .UNSPECIFIED. ) ;
#9202 = VECTOR ( 'NONE', #6200, 1000.000000000000000 ) ;
#9203 = VECTOR ( 'NONE', #7271, 1000.000000000000100 ) ;
#9204 = EDGE_LOOP ( 'NONE', ( #5805, #261, #3486, #1562 ) ) ;
#9205 = ADVANCED_FACE ( 'NONE', ( #7658, #7195, #3134, #3232, #4188 ), #8504, .T. ) ;
#9206 = CARTESIAN_POINT ( 'NONE',  ( 1.375704308087260900, 1.998211427719246000, 1.151027369737142900 ) ) ;
#9207 = EDGE_CURVE ( 'NONE', #724, #2097, #1896, .T. ) ;
#9208 = ORIENTED_EDGE ( 'NONE', *, *, #8782, .T. ) ;
#9209 = ORIENTED_EDGE ( 'NONE', *, *, #5699, .F. ) ;
#9210 = CYLINDRICAL_SURFACE ( 'NONE', #6777, 0.1250000000000080200 ) ;
#9211 = EDGE_CURVE ( 'NONE', #4354, #4264, #2167, .T. ) ;
#9212 = CARTESIAN_POINT ( 'NONE',  ( 3.797413408594510800, 4.475735931288079800, 0.2000000000000128900 ) ) ;
#9213 = DIRECTION ( 'NONE',  ( 0.0000000000000000000, 0.0000000000000000000, 1.000000000000000000 ) ) ;
#9214 = CARTESIAN_POINT ( 'NONE',  ( 5.103967321807066200, -1.399999999999988100, 0.7162854755018045500 ) ) ;
#9215 = CARTESIAN_POINT ( 'NONE',  ( -4.897191345580448100, -0.8000000000000256900, 1.972523996270000100E-005 ) ) ;
#9216 = CARTESIAN_POINT ( 'NONE',  ( 1.346164917318198700, 0.3844996949045006400, 0.9745999999999879200 ) ) ;
#9217 = ORIENTED_EDGE ( 'NONE', *, *, #9558, .F. ) ;
#9218 = CARTESIAN_POINT ( 'NONE',  ( -1.298808754886731500, 2.547761724222528600, 0.9999999999999881200 ) ) ;
#9219 = ORIENTED_EDGE ( 'NONE', *, *, #1910, .T. ) ;
#9220 = CYLINDRICAL_SURFACE ( 'NONE', #2993, 0.1250000000000079400 ) ;
#9221 = CARTESIAN_POINT ( 'NONE',  ( -1.307775534087840800, 2.269440756501540900, 1.195162288525247100 ) ) ;
#9222 = ORIENTED_EDGE ( 'NONE', *, *, #9543, .F. ) ;
#9223 = VERTEX_POINT ( 'NONE', #8543 ) ;
#9224 = CARTESIAN_POINT ( 'NONE',  ( -3.655992052357196300, -4.617157287525390800, 0.9745999999999878100 ) ) ;
#9225 = EDGE_CURVE ( 'NONE', #1592, #4014, #882, .T. ) ;
#9226 = DIRECTION ( 'NONE',  ( -0.7071067811865561200, 0.7071067811865390200, 0.0000000000000000000 ) ) ;
#9227 = ORIENTED_EDGE ( 'NONE', *, *, #9604, .T. ) ;
#9228 = CARTESIAN_POINT ( 'NONE',  ( -4.482806999099937100, -3.804484476406420500, 0.9745999999999879200 ) ) ;
#9229 = VERTEX_POINT ( 'NONE', #9248 ) ;
#9230 = FACE_OUTER_BOUND ( 'NONE', #3019, .T. ) ;
#9231 = CARTESIAN_POINT ( 'NONE',  ( -1.420385550626950500, 1.899644595732674000, 1.104999999999999500 ) ) ;
#9232 = ORIENTED_EDGE ( 'NONE', *, *, #8665, .T. ) ;
#9233 = EDGE_CURVE ( 'NONE', #2502, #459, #2886, .T. ) ;
#9234 =( REPRESENTATION_RELATIONSHIP ('NONE','NONE', #3938, #3500 ) REPRESENTATION_RELATIONSHIP_WITH_TRANSFORMATION ( #5399 )SHAPE_REPRESENTATION_RELATIONSHIP( ) );
#9235 = AXIS2_PLACEMENT_3D ( 'NONE', #2348, #1516, #6119 ) ;
#9236 = ORIENTED_EDGE ( 'NONE', *, *, #174, .T. ) ;
#9237 = EDGE_LOOP ( 'NONE', ( #218, #8032, #2640, #394 ) ) ;
#9238 = DIRECTION ( 'NONE',  ( -1.000000000000000000, -0.0000000000000000000, 0.0000000000000000000 ) ) ;
#9239 = LINE ( 'NONE', #4174, #486 ) ;
#9240 = CARTESIAN_POINT ( 'NONE',  ( -3.598400220000000200E-032, -2.158191010000000100E-032, 1.350000000000010300 ) ) ;
#9241 = VERTEX_POINT ( 'NONE', #1069 ) ;
#9242 = ADVANCED_FACE ( 'NONE', ( #9623 ), #5667, .T. ) ;
#9243 = LINE ( 'NONE', #4913, #4865 ) ;
#9244 = CARTESIAN_POINT ( 'NONE',  ( -1.600000000000001000, 5.013767464732382000, 0.1833193398174298700 ) ) ;
#9245 = VERTEX_POINT ( 'NONE', #9349 ) ;
#9246 = ORIENTED_EDGE ( 'NONE', *, *, #5949, .F. ) ;
#9247 = CARTESIAN_POINT ( 'NONE',  ( -2.199999999999988600, 4.915210145269370800, 0.1000049467274789400 ) ) ;
#9248 = CARTESIAN_POINT ( 'NONE',  ( -2.199999999999963800, -4.899999995880148300, 2.142290222297525000E-005 ) ) ;
#9249 = CARTESIAN_POINT ( 'NONE',  ( -1.600000000000001000, 5.005965047017934200, 0.1372170004886642500 ) ) ;
#9250 = CYLINDRICAL_SURFACE ( 'NONE', #4418, 0.1999999999999874100 ) ;
#9251 = EDGE_LOOP ( 'NONE', ( #4164, #7548, #8017, #4268 ) ) ;
#9252 = CARTESIAN_POINT ( 'NONE',  ( -0.2999999999999684000, -4.864794230386966200, 3.945047992540000200E-005 ) ) ;
#9253 = CYLINDRICAL_SURFACE ( 'NONE', #383, 0.1250000000000079400 ) ;
#9254 = ADVANCED_FACE ( 'NONE', ( #2655 ), #4937, .T. ) ;
#9255 = AXIS2_PLACEMENT_3D ( 'NONE', #7202, #1918, #2724 ) ;
#9256 = VERTEX_POINT ( 'NONE', #338 ) ;
#9257 = DIRECTION ( 'NONE',  ( 0.7071067811865579000, -0.7071067811865370300, 0.0000000000000000000 ) ) ;
#9258 = DIRECTION ( 'NONE',  ( -1.000000000000000000, 0.0000000000000000000, 0.0000000000000000000 ) ) ;
#9259 = VECTOR ( 'NONE', #5515, 1000.000000000000000 ) ;
#9260 = EDGE_LOOP ( 'NONE', ( #1542, #6753, #4028, #1117, #7051, #5426, #6127 ) ) ;
#9261 = CARTESIAN_POINT ( 'NONE',  ( 1.600000000000026300, -5.109556728779593500, 0.1666719549468633200 ) ) ;
#9262 = LINE ( 'NONE', #2790, #6281 ) ;
#9263 = DIRECTION ( 'NONE',  ( 0.0000000000000000000, 0.0000000000000000000, 1.000000000000000000 ) ) ;
#9264 = VECTOR ( 'NONE', #4580, 1000.000000000000000 ) ;
#9265 = ORIENTED_EDGE ( 'NONE', *, *, #9328, .T. ) ;
#9266 = EDGE_CURVE ( 'NONE', #5729, #1591, #4422, .T. ) ;
#9267 = CARTESIAN_POINT ( 'NONE',  ( 1.312496941896877500, -2.236163882344646100, 1.257566357766029400 ) ) ;
#9268 = B_SPLINE_CURVE_WITH_KNOTS ( 'NONE', 3,
 ( #3802, #1488, #2314, #1624, #3770, #3079, #4595, #8281, #3046, #6724, #75, #5344, #7579, #2976, #2242, #3115, #8309, #8175 ),
 .UNSPECIFIED., .F., .F.,
 ( 4, 2, 2, 2, 2, 2, 2, 2, 4 ),
 ( 0.03968901016185651100, 0.1597278838916244600, 0.2797667576213923600, 0.3998056313511602600, 0.5198445050809282800, 0.6398833788106962400, 0.7599222525404640800, 0.8799611262702320400, 1.000000000000000000 ),
 .UNSPECIFIED. ) ;
#9269 =( LENGTH_UNIT ( ) NAMED_UNIT ( * ) SI_UNIT ( .MILLI., .METRE. ) );
#9270 = AXIS2_PLACEMENT_3D ( 'NONE', #6082, #6045, #3036 ) ;
#9271 = VECTOR ( 'NONE', #8187, 1000.000000000000100 ) ;
#9272 = ORIENTED_EDGE ( 'NONE', *, *, #2955, .T. ) ;
#9273 = CARTESIAN_POINT ( 'NONE',  ( 2.262215225340999500, -1.317477574848527900, 1.245487166004424000 ) ) ;
#9274 = CARTESIAN_POINT ( 'NONE',  ( -3.498823671904396400, -2.409490608222201400, 0.9000000000000069100 ) ) ;
#9275 = FACE_OUTER_BOUND ( 'NONE', #706, .T. ) ;
#9276 = VERTEX_POINT ( 'NONE', #1207 ) ;
#9277 = EDGE_LOOP ( 'NONE', ( #3018, #1933, #2836 ) ) ;
#9278 = EDGE_CURVE ( 'NONE', #1592, #8306, #3426, .T. ) ;
#9279 = VERTEX_POINT ( 'NONE', #5633 ) ;
#9281 = VERTEX_POINT ( 'NONE', #3447 ) ;
#9280 = B_SPLINE_CURVE_WITH_KNOTS ( 'NONE', 3,
 ( #7285, #3608, #628, #6598 ),
 .UNSPECIFIED., .F., .F.,
 ( 4, 4 ),
 ( 0.0000000000000000000, 1.000000000000000000 ),
 .UNSPECIFIED. ) ;
#9282 = CARTESIAN_POINT ( 'NONE',  ( 0.2999999999999937700, 5.112365383199167100, 0.1666325044669145200 ) ) ;
#9283 = ORIENTED_EDGE ( 'NONE', *, *, #3978, .T. ) ;
#9285 = FACE_OUTER_BOUND ( 'NONE', #4777, .T. ) ;
#9284 = CARTESIAN_POINT ( 'NONE',  ( 0.0000000000000000000, 0.0000000000000000000, 0.9745999999999879200 ) ) ;
#9286 = ORIENTED_EDGE ( 'NONE', *, *, #2872, .F. ) ;
#9287 = CARTESIAN_POINT ( 'NONE',  ( 2.066088793071812400, 1.351658967133524400, 1.292765391564070400 ) ) ;
#9288 = CARTESIAN_POINT ( 'NONE',  ( -0.6981401909111869500, -0.08674833620587621400, 1.180000000000004400 ) ) ;
#9289 = VECTOR ( 'NONE', #6919, 1000.000000000000000 ) ;
#9290 = ORIENTED_EDGE ( 'NONE', *, *, #3743, .T. ) ;
#9291 = ORIENTED_EDGE ( 'NONE', *, *, #2955, .F. ) ;
#9292 = CARTESIAN_POINT ( 'NONE',  ( 2.200000000000039300, -4.900000000000009200, 0.0000000000000000000 ) ) ;
#9293 = DIRECTION ( 'NONE',  ( 0.0000000000000000000, 0.0000000000000000000, 1.000000000000000000 ) ) ;
#9294 = EDGE_CURVE ( 'NONE', #1337, #2097, #4654, .T. ) ;
#9295 = ORIENTED_EDGE ( 'NONE', *, *, #1248, .T. ) ;
#9296 = CARTESIAN_POINT ( 'NONE',  ( -1.325557623944718400, -2.168398837854440800, 1.298192681065358300 ) ) ;
#9297 = CARTESIAN_POINT ( 'NONE',  ( -4.897191345580448100, -1.400000000000028100, 1.972523996270000100E-005 ) ) ;
#9298 = VECTOR ( 'NONE', #197, 1000.000000000000000 ) ;
#9299 = CARTESIAN_POINT ( 'NONE',  ( 1.600000000000001000, 5.202565240273880700, 0.6995986401513055700 ) ) ;
#9300 = ORIENTED_EDGE ( 'NONE', *, *, #7625, .T. ) ;
#9301 = CARTESIAN_POINT ( 'NONE',  ( 3.373149339882544500, 4.900000000000009200, 0.9999999999999879000 ) ) ;
#9302 = B_SPLINE_CURVE_WITH_KNOTS ( 'NONE', 3,
 ( #8450, #2444, #1732, #6920 ),
 .UNSPECIFIED., .F., .F.,
 ( 4, 4 ),
 ( 0.0000000000000000000, 1.000000000000000000 ),
 .UNSPECIFIED. ) ;
#9303 = EDGE_CURVE ( 'NONE', #1893, #1178, #6052, .T. ) ;
#9304 = CARTESIAN_POINT ( 'NONE',  ( -4.482806999099937100, -3.804484476406420500, 0.9999999999999879000 ) ) ;
#9305 = CARTESIAN_POINT ( 'NONE',  ( 3.373149339882544500, 4.900000000000009200, 0.9999999999999879000 ) ) ;
#9306 = LINE ( 'NONE', #5276, #3389 ) ;
#9307 = CARTESIAN_POINT ( 'NONE',  ( 1.319452165756051800, -2.197264083117294900, 1.286411042680644800 ) ) ;
#9308 = LINE ( 'NONE', #2800, #1957 ) ;
#9309 = ADVANCED_FACE ( 'NONE', ( #2532 ), #9153, .T. ) ;
#9310 = CARTESIAN_POINT ( 'NONE',  ( -2.199999999999988600, 5.044259729609564100, 0.3109558122168243900 ) ) ;
#9311 = DIRECTION ( 'NONE',  ( 0.0000000000000000000, 0.0000000000000000000, 1.000000000000000000 ) ) ;
#9312 = VECTOR ( 'NONE', #6405, 1000.000000000000000 ) ;
#9313 = VERTEX_POINT ( 'NONE', #2662 ) ;
#9314 = CARTESIAN_POINT ( 'NONE',  ( -4.617157287525378400, 3.655992052357254000, 0.9745999999999879200 ) ) ;
#9315 = CARTESIAN_POINT ( 'NONE',  ( 4.899999999999986100, -1.399999999999986800, 0.03333333333333288200 ) ) ;
#9316 = CARTESIAN_POINT ( 'NONE',  ( -3.598400220000000200E-032, -2.158191010000000100E-032, 0.9999999999999879000 ) ) ;
#9317 = DIRECTION ( 'NONE',  ( -0.9999999175860412300, 0.0000000000000000000, 0.0004059900380430000700 ) ) ;
#9318 = CARTESIAN_POINT ( 'NONE',  ( -4.475735931288068200, 3.797413408594553000, 0.9745999999999879200 ) ) ;
#9319 = LINE ( 'NONE', #8053, #6547 ) ;
#9320 = CARTESIAN_POINT ( 'NONE',  ( 1.099999999999994300, 2.694200669593121600E-016, 1.555000000000003300 ) ) ;
#9321 = DIRECTION ( 'NONE',  ( 0.7071067811865384700, 0.7071067811865565700, 5.421010862427770700E-016 ) ) ;
#9322 = CARTESIAN_POINT ( 'NONE',  ( 3.797413408594519700, -4.475735931288087800, 0.9745999999999880300 ) ) ;
#9323 = ORIENTED_EDGE ( 'NONE', *, *, #3010, .F. ) ;
#9324 = DIRECTION ( 'NONE',  ( -0.9859791846679422100, 0.0000000000000000000, -0.1668683535052110600 ) ) ;
#9325 = DIRECTION ( 'NONE',  ( 1.000000000000000000, 0.0000000000000000000, 0.0000000000000000000 ) ) ;
#9326 = AXIS2_PLACEMENT_3D ( 'NONE', #5322, #3030, #1531 ) ;
#9327 = DIRECTION ( 'NONE',  ( 0.0000000000000000000, -0.1668683535051944900, -0.9859791846679448700 ) ) ;
#9328 = EDGE_CURVE ( 'NONE', #9582, #4994, #5239, .T. ) ;
#9329 = ORIENTED_EDGE ( 'NONE', *, *, #3524, .F. ) ;
#9330 = VECTOR ( 'NONE', #9686, 1000.000000000000000 ) ;
#9331 = CARTESIAN_POINT ( 'NONE',  ( 4.915210145269370800, -0.8000000000000006000, 0.1000049467274789400 ) ) ;
#9332 = AXIS2_PLACEMENT_3D ( 'NONE', #6206, #4775, #8505 ) ;
#9333 = CARTESIAN_POINT ( 'NONE',  ( -0.7333333333333039700, -4.900000000000010100, 2.029538287884498400E-005 ) ) ;
#9334 = DIRECTION ( 'NONE',  ( 1.000000000000000000, 0.0000000000000000000, 0.0000000000000000000 ) ) ;
#9335 = VERTEX_POINT ( 'NONE', #3579 ) ;
#9336 = LINE ( 'NONE', #4842, #7043 ) ;
#9337 = ORIENTED_EDGE ( 'NONE', *, *, #6969, .T. ) ;
#9338 = ORIENTED_EDGE ( 'NONE', *, *, #3194, .F. ) ;
#9339 = CARTESIAN_POINT ( 'NONE',  ( 2.212286692511742800, -1.325384003860756100, 1.282162506936841600 ) ) ;
#9340 = EDGE_CURVE ( 'NONE', #3207, #523, #748, .T. ) ;
#9341 = CARTESIAN_POINT ( 'NONE',  ( 1.330304312081669800, 2.148420819282044200, 1.302883578184390800 ) ) ;
#9342 = ORIENTED_EDGE ( 'NONE', *, *, #9600, .T. ) ;
#9343 = B_SPLINE_CURVE_WITH_KNOTS ( 'NONE', 3,
 ( #8413, #6297, #3953, #9152 ),
 .UNSPECIFIED., .F., .F.,
 ( 4, 4 ),
 ( 0.0000000000000000000, 1.000000000000000000 ),
 .UNSPECIFIED. ) ;
#9344 = DIRECTION ( 'NONE',  ( -0.7071067811865441300, -0.7071067811865507900, 0.0000000000000000000 ) ) ;
#9345 = EDGE_CURVE ( 'NONE', #5115, #4162, #9262, .T. ) ;
#9346 = ORIENTED_EDGE ( 'NONE', *, *, #6947, .T. ) ;
#9347 = CARTESIAN_POINT ( 'NONE',  ( 4.899999999999985300, 1.400000000000013500, 3.095825364232585300E-006 ) ) ;
#9348 = CARTESIAN_POINT ( 'NONE',  ( 1.481953287564871100, 1.762541802349351800, 1.305000000000012600 ) ) ;
#9349 = CARTESIAN_POINT ( 'NONE',  ( -4.899999995880148300, -0.8000000000000255800, 2.142290222814931700E-005 ) ) ;
#9350 = VERTEX_POINT ( 'NONE', #1370 ) ;
#9351 = ORIENTED_EDGE ( 'NONE', *, *, #2814, .T. ) ;
#9352 = CARTESIAN_POINT ( 'NONE',  ( 1.346164917318198700, 0.3844996949045006400, 1.024999999999989500 ) ) ;
#9353 = CARTESIAN_POINT ( 'NONE',  ( -1.346164917318200000, -0.3844996949044996400, 0.9745999999999879200 ) ) ;
#9354 = DIRECTION ( 'NONE',  ( -0.9999999175860412300, 0.0000000000000000000, 0.0004059900380430000700 ) ) ;
#9355 = ORIENTED_EDGE ( 'NONE', *, *, #1993, .T. ) ;
#9356 = ORIENTED_EDGE ( 'NONE', *, *, #8733, .T. ) ;
#9357 = EDGE_CURVE ( 'NONE', #7047, #8759, #3005, .T. ) ;
#9358 = DIRECTION ( 'NONE',  ( -0.7071067811865570100, -0.7071067811865380200, -1.047315000000000100E-031 ) ) ;
#9359 = DIRECTION ( 'NONE',  ( 0.0000000000000000000, 0.0000000000000000000, 1.000000000000000000 ) ) ;
#9360 = ADVANCED_FACE ( 'NONE', ( #3590 ), #4998, .T. ) ;
#9361 = CARTESIAN_POINT ( 'NONE',  ( 5.112365383199167100, 1.400000000000013500, 0.1666325044669145200 ) ) ;
#9362 = COLOUR_RGB ( '',0.7921568627450980000, 0.8196078431372548800, 0.9333333333333333500 ) ;
#9363 = CARTESIAN_POINT ( 'NONE',  ( -3.663063120169086400, 4.624228355337260500, 0.9999999999999879000 ) ) ;
#9364 = VERTEX_POINT ( 'NONE', #499 ) ;
#9365 = EDGE_CURVE ( 'NONE', #215, #6554, #7314, .T. ) ;
#9366 = B_SPLINE_CURVE_WITH_KNOTS ( 'NONE', 3,
 ( #3988, #283, #8482, #3231, #7019, #4712, #6231, #3959 ),
 .UNSPECIFIED., .F., .F.,
 ( 4, 2, 2, 4 ),
 ( 0.0000000000000000000, 0.2500000000000000000, 0.5000000000000000000, 1.000000000000000000 ),
 .UNSPECIFIED. ) ;
#9367 = DIRECTION ( 'NONE',  ( 0.1668683535051944700, 0.0000000000000000000, 0.9859791846679448700 ) ) ;
#9368 = FACE_OUTER_BOUND ( 'NONE', #6892, .T. ) ;
#9369 = EDGE_LOOP ( 'NONE', ( #8421, #3960, #5237, #5367, #9378, #6880, #1647, #2173, #759, #8012, #3549, #6006, #8768, #7259, #6596, #5819, #7532, #8559, #8991, #3711, #1167, #1673, #5244, #5629 ) ) ;
#9370 = ORIENTED_EDGE ( 'NONE', *, *, #6748, .F. ) ;
#9371 = CARTESIAN_POINT ( 'NONE',  ( -2.224062096432323000, 1.323449697118396400, 1.274612282249221200 ) ) ;
#9372 = COLOUR_RGB ( '',0.7921568627450980000, 0.8196078431372548800, 0.9333333333333333500 ) ;
#9373 = ORIENTED_EDGE ( 'NONE', *, *, #4435, .F. ) ;
#9374 = CARTESIAN_POINT ( 'NONE',  ( 3.498871687761028900, 2.409490666577847900, 1.305000000000012600 ) ) ;
#9375 = AXIS2_PLACEMENT_3D ( 'NONE', #3166, #971, #2333 ) ;
#9376 = LINE ( 'NONE', #4449, #9136 ) ;
#9377 = CARTESIAN_POINT ( 'NONE',  ( -0.1305592434984413900, -1.092224465912159400, 1.180000000000004400 ) ) ;
#9378 = ORIENTED_EDGE ( 'NONE', *, *, #4836, .T. ) ;
#9379 = CARTESIAN_POINT ( 'NONE',  ( 1.331578336291940200, 2.143318419679002500, 1.303610561971324300 ) ) ;
#9380 = CYLINDRICAL_SURFACE ( 'NONE', #6363, 0.1250000000000079900 ) ;
#9381 = ORIENTED_EDGE ( 'NONE', *, *, #1615, .F. ) ;
#9382 = DIRECTION ( 'NONE',  ( 0.0000000000000000000, 0.1668683535052089300, 0.9859791846679425400 ) ) ;
#9383 = DIRECTION ( 'NONE',  ( -0.7071067811865390200, -0.7071067811865561200, 0.0000000000000000000 ) ) ;
#9384 = CARTESIAN_POINT ( 'NONE',  ( 0.0000000000000000000, 0.0000000000000000000, 0.9999999999999879000 ) ) ;
#9385 = VECTOR ( 'NONE', #913, 1000.000000000000000 ) ;
#9386 = CARTESIAN_POINT ( 'NONE',  ( -3.655992052357206500, -4.617157287525381900, 0.9745999999999879200 ) ) ;
#9387 = ORIENTED_EDGE ( 'NONE', *, *, #4767, .T. ) ;
#9388 = DIRECTION ( 'NONE',  ( -0.7071067811865430200, -0.7071067811865520100, 0.0000000000000000000 ) ) ;
#9389 = AXIS2_PLACEMENT_3D ( 'NONE', #6236, #7660, #3171 ) ;
#9390 = EDGE_CURVE ( 'NONE', #4434, #1555, #1233, .T. ) ;
#9391 = CARTESIAN_POINT ( 'NONE',  ( -3.797413408594518800, 4.475735931288086000, 0.9745999999999879200 ) ) ;
#9392 = CARTESIAN_POINT ( 'NONE',  ( -3.797413408594518400, 4.475735931288086900, 0.2000000000000128600 ) ) ;
#9393 = CARTESIAN_POINT ( 'NONE',  ( 2.277830346110250500, 1.316165123696565700, 1.024999999999989500 ) ) ;
#9394 = LINE ( 'NONE', #5104, #7432 ) ;
#9395 = ORIENTED_EDGE ( 'NONE', *, *, #9604, .F. ) ;
#9396 = DIRECTION ( 'NONE',  ( -0.0000000000000000000, -0.0000000000000000000, -1.000000000000000000 ) ) ;
#9397 = B_SPLINE_CURVE_WITH_KNOTS ( 'NONE', 3,
 ( #437, #5710, #8510, #4117 ),
 .UNSPECIFIED., .F., .F.,
 ( 4, 4 ),
 ( 0.0000000000000000000, 1.000000000000000000 ),
 .UNSPECIFIED. ) ;
#9398 = DIRECTION ( 'NONE',  ( 1.000000000000000000, 0.0000000000000000000, 0.0000000000000000000 ) ) ;
#9399 = LINE ( 'NONE', #536, #5466 ) ;
#9400 = AXIS2_PLACEMENT_3D ( 'NONE', #2125, #6487, #5074 ) ;
#9401 = CARTESIAN_POINT ( 'NONE',  ( 2.282861252194827300, -1.306346985363187700, 0.9746039772762797900 ) ) ;
#9402 = DIRECTION ( 'NONE',  ( -1.000000000000000000, 0.0000000000000000000, 0.0000000000000000000 ) ) ;
#9403 = ORIENTED_EDGE ( 'NONE', *, *, #6092, .T. ) ;
#9404 = ORIENTED_EDGE ( 'NONE', *, *, #5095, .T. ) ;
#9405 = ORIENTED_EDGE ( 'NONE', *, *, #9688, .F. ) ;
#9406 = CARTESIAN_POINT ( 'NONE',  ( 2.200058867114246500, 1.327561024339527500, 1.288658891011735800 ) ) ;
#9407 = LINE ( 'NONE', #7331, #6887 ) ;
#9408 = EDGE_LOOP ( 'NONE', ( #5411, #9286, #3661, #5664, #3922 ) ) ;
#9409 = DIRECTION ( 'NONE',  ( 0.0000000000000000000, 0.0000000000000000000, 1.000000000000000000 ) ) ;
#9410 = EDGE_CURVE ( 'NONE', #3068, #5340, #4186, .T. ) ;
#9411 = LINE ( 'NONE', #9188, #9289 ) ;
#9412 = VERTEX_POINT ( 'NONE', #600 ) ;
#9413 = CARTESIAN_POINT ( 'NONE',  ( 3.460254556196780600, 2.076055705501472600, 1.305000000000012400 ) ) ;
#9414 = VERTEX_POINT ( 'NONE', #7963 ) ;
#9415 = ORIENTED_EDGE ( 'NONE', *, *, #8377, .T. ) ;
#9416 = EDGE_CURVE ( 'NONE', #8075, #5107, #8699, .T. ) ;
#9417 = ADVANCED_FACE ( 'NONE', ( #872 ), #5034, .F. ) ;
#9418 = FACE_OUTER_BOUND ( 'NONE', #9516, .T. ) ;
#9419 = EDGE_CURVE ( 'NONE', #3445, #132, #7241, .T. ) ;
#9420 = CARTESIAN_POINT ( 'NONE',  ( 1.317278996782860400, 2.208676183746563800, 1.279825991444486300 ) ) ;
#9421 = LINE ( 'NONE', #7333, #7926 ) ;
#9422 = CARTESIAN_POINT ( 'NONE',  ( -4.912360891846019800, 1.399999999999962600, 0.2000456256478774200 ) ) ;
#9423 = CARTESIAN_POINT ( 'NONE',  ( -1.600000000000001000, 4.910167162820685300, 4.127767151669442800E-006 ) ) ;
#9424 = DIRECTION ( 'NONE',  ( 0.0000000000000000000, 0.0000000000000000000, 1.000000000000000000 ) ) ;
#9425 = CARTESIAN_POINT ( 'NONE',  ( 4.899999999999984400, -3.373149339882595600, 0.9745999999999879200 ) ) ;
#9426 = FACE_OUTER_BOUND ( 'NONE', #3276, .T. ) ;
#9427 = EDGE_LOOP ( 'NONE', ( #8714, #6218, #6740, #5080 ) ) ;
#9428 = EDGE_CURVE ( 'NONE', #8079, #493, #5676, .T. ) ;
#9429 = CARTESIAN_POINT ( 'NONE',  ( -0.2457079885839004700, -1.072352261649406300, 1.302411383696011600 ) ) ;
#9430 = CARTESIAN_POINT ( 'NONE',  ( 0.1305592434984410900, 1.092224465912158000, 1.180000000000004400 ) ) ;
#9431 = DIRECTION ( 'NONE',  ( 1.000000000000000000, 0.0000000000000000000, 0.0000000000000000000 ) ) ;
#9432 = CARTESIAN_POINT ( 'NONE',  ( -1.089734821016024500, -0.1501308560965805600, 1.243338394960283600 ) ) ;
#9433 = CONTEXT_DEPENDENT_SHAPE_REPRESENTATION ( #9234, #1371 ) ;
#9434 = ORIENTED_EDGE ( 'NONE', *, *, #4158, .F. ) ;
#9435 = EDGE_CURVE ( 'NONE', #9602, #1347, #9399, .T. ) ;
#9436 = AXIS2_PLACEMENT_3D ( 'NONE', #4971, #3390, #436 ) ;
#9437 = CARTESIAN_POINT ( 'NONE',  ( 2.216262823164377100, 1.324685347348483900, 1.279981116788007300 ) ) ;
#9438 = CARTESIAN_POINT ( 'NONE',  ( -0.2999999999999937700, 5.202565240273880700, 0.6995986401513055700 ) ) ;
#9439 = CARTESIAN_POINT ( 'NONE',  ( 2.460865736354012500, 1.298650773358113400, 1.305000000000012400 ) ) ;
#9440 = LINE ( 'NONE', #5589, #3762 ) ;
#9441 = ORIENTED_EDGE ( 'NONE', *, *, #9112, .F. ) ;
#9442 = AXIS2_PLACEMENT_3D ( 'NONE', #7507, #35, #9079 ) ;
#9443 = ORIENTED_EDGE ( 'NONE', *, *, #9622, .F. ) ;
#9444 = VECTOR ( 'NONE', #5728, 1000.000000000000000 ) ;
#9445 = CARTESIAN_POINT ( 'NONE',  ( 4.475735931288051400, 3.797413408594536100, 0.9745999999999879200 ) ) ;
#9446 = ORIENTED_EDGE ( 'NONE', *, *, #209, .F. ) ;
#9447 = CARTESIAN_POINT ( 'NONE',  ( -2.460865736354007200, -1.298650773358087900, 1.305000000000012400 ) ) ;
#9448 = CARTESIAN_POINT ( 'NONE',  ( -5.109556728779593500, 1.399999999999962600, 0.1666719549468379200 ) ) ;
#9449 = AXIS2_PLACEMENT_3D ( 'NONE', #8844, #2226, #5976 ) ;
#9450 = CARTESIAN_POINT ( 'NONE',  ( 4.899999999999984400, -3.373149339882595600, 0.9999999999999879000 ) ) ;
#9451 = EDGE_LOOP ( 'NONE', ( #1308, #6125, #5665, #1696 ) ) ;
#9452 = CARTESIAN_POINT ( 'NONE',  ( 1.935330591629504500, -1.402658235478493600, 1.114228752109790700 ) ) ;
#9453 = CARTESIAN_POINT ( 'NONE',  ( 0.0000000000000000000, 0.0000000000000000000, 0.9999999999999879000 ) ) ;
#9454 = ORIENTED_EDGE ( 'NONE', *, *, #9523, .T. ) ;
#9455 = ORIENTED_EDGE ( 'NONE', *, *, #6488, .F. ) ;
#9456 = CARTESIAN_POINT ( 'NONE',  ( 2.120888234622744200, 1.335999707505683500, 1.305000000000012800 ) ) ;
#9457 = LINE ( 'NONE', #5866, #4830 ) ;
#9458 = ADVANCED_FACE ( 'NONE', ( #7211 ), #4497, .T. ) ;
#9459 = B_SPLINE_CURVE_WITH_KNOTS ( 'NONE', 3,
 ( #4404, #8952, #5969, #5283 ),
 .UNSPECIFIED., .F., .F.,
 ( 4, 4 ),
 ( 0.0000000000000000000, 1.000000000000000000 ),
 .UNSPECIFIED. ) ;
#9460 = CARTESIAN_POINT ( 'NONE',  ( -1.298823671904407500, 2.409490608222226700, 0.9000000000000069100 ) ) ;
#9461 = CARTESIAN_POINT ( 'NONE',  ( -4.900000000000009200, -0.8000000000000259100, 0.0000000000000000000 ) ) ;
#9462 = PLANE ( 'NONE',  #5389 ) ;
#9463 = EDGE_CURVE ( 'NONE', #2570, #3151, #1578, .T. ) ;
#9464 = VERTEX_POINT ( 'NONE', #3709 ) ;
#9465 = DIRECTION ( 'NONE',  ( 0.7071067811865073800, -0.7071067811865876500, 0.0000000000000000000 ) ) ;
#9466 = ORIENTED_EDGE ( 'NONE', *, *, #2375, .F. ) ;
#9467 = AXIS2_PLACEMENT_3D ( 'NONE', #8850, #9638, #6687 ) ;
#9468 = FACE_OUTER_BOUND ( 'NONE', #9028, .T. ) ;
#9469 = DIRECTION ( 'NONE',  ( -0.1668683535052100100, 0.0000000000000000000, -0.9859791846679422100 ) ) ;
#9470 = ORIENTED_EDGE ( 'NONE', *, *, #4715, .F. ) ;
#9471 = VERTEX_POINT ( 'NONE', #8085 ) ;
#9472 = CARTESIAN_POINT ( 'NONE',  ( -1.980497334253056500, 1.382834444269032600, 1.151143760548954700 ) ) ;
#9473 = EDGE_CURVE ( 'NONE', #6370, #7723, #2288, .T. ) ;
#9474 = ORIENTED_EDGE ( 'NONE', *, *, #9063, .T. ) ;
#9475 = ORIENTED_EDGE ( 'NONE', *, *, #5383, .T. ) ;
#9476 = VECTOR ( 'NONE', #4099, 1000.000000000000000 ) ;
#9477 = ORIENTED_EDGE ( 'NONE', *, *, #5519, .T. ) ;
#9478 = EDGE_CURVE ( 'NONE', #3786, #5445, #45, .T. ) ;
#9479 = DIRECTION ( 'NONE',  ( 0.7071067811865030500, 0.7071067811865919800, 0.0000000000000000000 ) ) ;
#9480 = CARTESIAN_POINT ( 'NONE',  ( -1.047040108881730300, -0.3363258769588407500, 1.291086133534622200 ) ) ;
#9481 = ORIENTED_EDGE ( 'NONE', *, *, #5681, .F. ) ;
#9482 = VERTEX_POINT ( 'NONE', #3643 ) ;
#9483 = CARTESIAN_POINT ( 'NONE',  ( 2.120888234622744200, 1.335999707505683500, 1.305000000000012800 ) ) ;
#9484 = CARTESIAN_POINT ( 'NONE',  ( -3.498871687761059500, -2.409490666577821700, 1.305000000000012600 ) ) ;
#9485 = CARTESIAN_POINT ( 'NONE',  ( 3.293043583593269700, -2.614721060899738000, 0.2000000000000129500 ) ) ;
#9486 = CARTESIAN_POINT ( 'NONE',  ( -1.600000000000001000, 5.044259729609564100, 0.3109558122168243900 ) ) ;
#9487 = ORIENTED_EDGE ( 'NONE', *, *, #4847, .F. ) ;
#9488 = DIRECTION ( 'NONE',  ( 0.0000000000000000000, 0.0000000000000000000, 1.000000000000000000 ) ) ;
#9489 = DIRECTION ( 'NONE',  ( 0.0000000000000000000, -0.1668683535052120100, -0.9859791846679418800 ) ) ;
#9490 = EDGE_CURVE ( 'NONE', #5524, #2232, #7974, .T. ) ;
#9491 = EDGE_LOOP ( 'NONE', ( #5346, #7759, #3597, #4308 ) ) ;
#9492 = CARTESIAN_POINT ( 'NONE',  ( -1.599999999999975400, -4.912442089811461800, 4.564213067505599600E-005 ) ) ;
#9493 = VECTOR ( 'NONE', #373, 1000.000000000000000 ) ;
#9494 = CARTESIAN_POINT ( 'NONE',  ( 4.475735931288053100, -3.797413408594537500, 0.9745999999999878100 ) ) ;
#9495 = ORIENTED_EDGE ( 'NONE', *, *, #7542, .F. ) ;
#9496 = EDGE_LOOP ( 'NONE', ( #821, #1939, #8570, #2139 ) ) ;
#9497 = CARTESIAN_POINT ( 'NONE',  ( -1.065625114319800300, -0.2728426599740673700, 1.304875309525264100 ) ) ;
#9498 = CARTESIAN_POINT ( 'NONE',  ( -0.3798647017656312500, 1.032328827628328400, 1.205000000000211500 ) ) ;
#9499 = LINE ( 'NONE', #8890, #2865 ) ;
#9500 = ORIENTED_EDGE ( 'NONE', *, *, #3843, .F. ) ;
#9501 = CARTESIAN_POINT ( 'NONE',  ( -2.136543011297864500, 1.341237379327121100, 1.305022641007315600 ) ) ;
#9502 = VECTOR ( 'NONE', #4273, 1000.000000000000200 ) ;
#9503 = VERTEX_POINT ( 'NONE', #8891 ) ;
#9504 = CARTESIAN_POINT ( 'NONE',  ( -4.900000000000009200, -0.8000000000000258000, 4.059076573402270100E-005 ) ) ;
#9505 = AXIS2_PLACEMENT_3D ( 'NONE', #7934, #7191, #1199 ) ;
#9506 = VECTOR ( 'NONE', #9359, 1000.000000000000000 ) ;
#9507 = VERTEX_POINT ( 'NONE', #7455 ) ;
#9508 = ADVANCED_FACE ( 'NONE', ( #2878 ), #7777, .T. ) ;
#9509 = PLANE ( 'NONE',  #6717 ) ;
#9510 = DIRECTION ( 'NONE',  ( 0.7071067811865525700, 0.7071067811865425800, 5.651048599252014300E-017 ) ) ;
#9511 = EDGE_LOOP ( 'NONE', ( #5726, #4733, #2112, #4984, #1110 ) ) ;
#9512 = SURFACE_SIDE_STYLE ('',( #7439 ) ) ;
#9513 = PLANE ( 'NONE',  #4823 ) ;
#9514 = PLANE ( 'NONE',  #8020 ) ;
#9515 = COLOUR_RGB ( '',0.7921568627450980000, 0.8196078431372548800, 0.9333333333333333500 ) ;
#9516 = EDGE_LOOP ( 'NONE', ( #1725, #8596, #4397, #4968 ) ) ;
#9517 = DIRECTION ( 'NONE',  ( 0.0000000000000000000, -0.0000000000000000000, 1.000000000000000000 ) ) ;
#9518 = DIRECTION ( 'NONE',  ( 0.0000000000000000000, -0.9859791846679422100, -0.1668683535052100100 ) ) ;
#9519 = PRESENTATION_LAYER_ASSIGNMENT (  '', '', ( #9191 ) ) ;
#9520 = LINE ( 'NONE', #7997, #2888 ) ;
#9521 = EDGE_LOOP ( 'NONE', ( #4962, #1859, #6366, #5249, #3780, #2522, #2660, #5597 ) ) ;
#9522 = VERTEX_POINT ( 'NONE', #6732 ) ;
#9523 = EDGE_CURVE ( 'NONE', #7638, #4863, #5809, .T. ) ;
#9524 = EDGE_LOOP ( 'NONE', ( #4991, #8254, #8904, #4020, #9169, #6698, #5698, #7239, #5369, #221, #884, #7215, #3771, #9495, #3543, #1005, #6817, #3470, #4061, #8773, #750, #1791, #5753, #6693, #5881, #7991, #4779, #2102, #2002, #2248, #4300, #6031, #7411, #6864, #7978, #5767, #9370, #4498 ) ) ;
#9525 = DIRECTION ( 'NONE',  ( -0.0000000000000000000, 0.0004059900380430000700, 0.9999999175860412300 ) ) ;
#9526 = CARTESIAN_POINT ( 'NONE',  ( -1.503280131421679000, -3.063112433012583400, 0.9999999999999879000 ) ) ;
#9527 = CARTESIAN_POINT ( 'NONE',  ( 4.475735931288054000, 3.797413408594553500, 0.9745999999999878100 ) ) ;
#9528 = B_SPLINE_CURVE_WITH_KNOTS ( 'NONE', 3,
 ( #4119, #6361, #7044, #5611, #8513, #316 ),
 .UNSPECIFIED., .F., .F.,
 ( 4, 2, 4 ),
 ( 0.0000000000000000000, 0.5000000000000000000, 1.000000000000000000 ),
 .UNSPECIFIED. ) ;
#9529 = AXIS2_PLACEMENT_3D ( 'NONE', #4108, #7036, #8442 ) ;
#9530 = DIRECTION ( 'NONE',  ( 0.0000000000000000000, 0.1668683535052396500, 0.9859791846679372100 ) ) ;
#9531 = FACE_OUTER_BOUND ( 'NONE', #7664, .T. ) ;
#9532 = ORIENTED_EDGE ( 'NONE', *, *, #970, .F. ) ;
#9533 = CARTESIAN_POINT ( 'NONE',  ( -0.4017885722817687300, 1.024295691912315400, 1.151027369737147100 ) ) ;
#9534 = LINE ( 'NONE', #2867, #7003 ) ;
#9535 = ORIENTED_EDGE ( 'NONE', *, *, #3758, .F. ) ;
#9536 = CARTESIAN_POINT ( 'NONE',  ( -2.256701803808529600, -1.318521412125602600, 1.242904949061789800 ) ) ;
#9537 = EDGE_CURVE ( 'NONE', #7093, #4731, #8718, .T. ) ;
#9538 = CIRCLE ( 'NONE', #5488, 1.399999999999988100 ) ;
#9539 = CARTESIAN_POINT ( 'NONE',  ( 4.482806999099926400, 3.804484476406410300, 0.9999999999999879000 ) ) ;
#9540 = VERTEX_POINT ( 'NONE', #6701 ) ;
#9541 = DIRECTION ( 'NONE',  ( 0.9859791846679425400, 0.0000000000000000000, -0.1668683535052089300 ) ) ;
#9542 = ORIENTED_EDGE ( 'NONE', *, *, #7614, .F. ) ;
#9543 = EDGE_CURVE ( 'NONE', #6988, #9522, #9459, .T. ) ;
#9544 = CARTESIAN_POINT ( 'NONE',  ( 4.899999999999984400, 3.373149339882620900, 0.1000000000000064200 ) ) ;
#9545 = FACE_OUTER_BOUND ( 'NONE', #9408, .T. ) ;
#9546 = VECTOR ( 'NONE', #674, 999.9999999999998900 ) ;
#9547 =( LENGTH_UNIT ( ) NAMED_UNIT ( * ) SI_UNIT ( .MILLI., .METRE. ) );
#9548 = CARTESIAN_POINT ( 'NONE',  ( -1.065625114319800300, -0.2728426599740673700, 1.304875309525264100 ) ) ;
#9549 = EDGE_CURVE ( 'NONE', #502, #171, #3353, .T. ) ;
#9550 = CARTESIAN_POINT ( 'NONE',  ( 3.804484476406389900, 4.482806999099958400, 0.2000000000000128600 ) ) ;
#9551 = ORIENTED_EDGE ( 'NONE', *, *, #319, .T. ) ;
#9552 = CARTESIAN_POINT ( 'NONE',  ( -0.3844996949045078000, 1.346164917318196700, 1.024999999999989500 ) ) ;
#9553 = CARTESIAN_POINT ( 'NONE',  ( 3.663063120169089100, -4.624228355337263200, 0.9745999999999879200 ) ) ;
#9554 = VECTOR ( 'NONE', #297, 1000.000000000000000 ) ;
#9555 = CARTESIAN_POINT ( 'NONE',  ( -2.022021250149005600, -1.366700708586174700, 1.256704358490753600 ) ) ;
#9556 = DIRECTION ( 'NONE',  ( 1.000000000000000000, 7.885106708985525500E-016, 0.0000000000000000000 ) ) ;
#9557 = EDGE_LOOP ( 'NONE', ( #7028, #3467, #7557, #3606, #3673 ) ) ;
#9558 = EDGE_CURVE ( 'NONE', #6635, #6007, #5124, .T. ) ;
#9559 = CARTESIAN_POINT ( 'NONE',  ( 1.399999999999988100, 0.0000000000000000000, 0.9999999999999879000 ) ) ;
#9560 = ADVANCED_FACE ( 'NONE', ( #1341 ), #4467, .T. ) ;
#9561 = CARTESIAN_POINT ( 'NONE',  ( 0.3000000000000192500, -4.904147357777345600, 4.227455181458871500E-005 ) ) ;
#9562 = CARTESIAN_POINT ( 'NONE',  ( -2.199999999999983700, 4.899999999998670800, 0.1000000032965566200 ) ) ;
#9563 = CARTESIAN_POINT ( 'NONE',  ( 2.614721060899722400, -3.293043583593275900, 0.2000000000000130000 ) ) ;
#9564 = EDGE_CURVE ( 'NONE', #7889, #1105, #513, .T. ) ;
#9565 = CARTESIAN_POINT ( 'NONE',  ( -4.900000000000009200, 0.7999999999999751800, 0.0000000000000000000 ) ) ;
#9567 = CYLINDRICAL_SURFACE ( 'NONE', #6647, 1.099999999999994500 ) ;
#9566 = PRESENTATION_LAYER_ASSIGNMENT (  '', '', ( #1006 ) ) ;
#9568 = MANIFOLD_SOLID_BREP ( 'Split4[2]', #2376 ) ;
#9569 = ORIENTED_EDGE ( 'NONE', *, *, #5204, .T. ) ;
#9570 = CARTESIAN_POINT ( 'NONE',  ( 2.200000000000039700, -4.899999995880150100, 2.142290222297503300E-005 ) ) ;
#9571 = CARTESIAN_POINT ( 'NONE',  ( 1.056949038233488100, -0.3067282793896356500, 1.303530050325989200 ) ) ;
#9572 = CARTESIAN_POINT ( 'NONE',  ( 4.905070048423112900, 1.400000000000013500, 0.1000000000000064200 ) ) ;
#9573 = ORIENTED_EDGE ( 'NONE', *, *, #576, .F. ) ;
#9574 = LINE ( 'NONE', #6291, #3410 ) ;
#9575 = CARTESIAN_POINT ( 'NONE',  ( 5.008575461706789700, 0.8000000000000003800, 0.01708094898245298600 ) ) ;
#9576 = ORIENTED_EDGE ( 'NONE', *, *, #780, .F. ) ;
#9577 = DIRECTION ( 'NONE',  ( 1.000000000000000000, 0.0000000000000000000, 0.0000000000000000000 ) ) ;
#9578 = CARTESIAN_POINT ( 'NONE',  ( 3.797413408594509500, 4.475735931288077100, 0.9999999999999879000 ) ) ;
#9579 = CARTESIAN_POINT ( 'NONE',  ( 3.499391301225404300, 2.409500413707299500, 0.9000000000000069100 ) ) ;
#9580 = DIRECTION ( 'NONE',  ( -0.7071067811865430200, -0.7071067811865521200, -8.342941000000000200E-017 ) ) ;
#9581 = LINE ( 'NONE', #5544, #5077 ) ;
#9582 = VERTEX_POINT ( 'NONE', #2110 ) ;
#9583 = VERTEX_POINT ( 'NONE', #3053 ) ;
#9584 = DIRECTION ( 'NONE',  ( 0.0000000000000000000, 1.000000000000000000, 0.0000000000000000000 ) ) ;
#9585 = CARTESIAN_POINT ( 'NONE',  ( 3.655992052357205600, 4.617157287525381000, 8.342941000020913000E-019 ) ) ;
#9586 = VERTEX_POINT ( 'NONE', #2354 ) ;
#9587 = PLANE ( 'NONE',  #3141 ) ;
#9588 = B_SPLINE_CURVE_WITH_KNOTS ( 'NONE', 3,
 ( #1973, #4205, #7280, #7958 ),
 .UNSPECIFIED., .F., .F.,
 ( 4, 4 ),
 ( 0.0000000000000000000, 1.000000000000000000 ),
 .UNSPECIFIED. ) ;
#9589 = CARTESIAN_POINT ( 'NONE',  ( -1.883217427953447300, 1.428951199357649600, 1.104999999999999500 ) ) ;
#9590 = ORIENTED_EDGE ( 'NONE', *, *, #8670, .T. ) ;
#9591 = CARTESIAN_POINT ( 'NONE',  ( 4.902808646178184100, 0.8000000000000004900, 0.1000011485238460100 ) ) ;
#9592 = LINE ( 'NONE', #8913, #7164 ) ;
#9593 = CARTESIAN_POINT ( 'NONE',  ( 2.199999999999988600, 5.104562965483540700, 0.1205301651312310600 ) ) ;
#9594 = ORIENTED_EDGE ( 'NONE', *, *, #1114, .T. ) ;
#9595 = EDGE_CURVE ( 'NONE', #5189, #5702, #6980, .T. ) ;
#9596 = CARTESIAN_POINT ( 'NONE',  ( -3.491048137816561900, -2.540049851720743900, 0.9999999999999879000 ) ) ;
#9597 = ORIENTED_EDGE ( 'NONE', *, *, #2290, .T. ) ;
#9598 = ORIENTED_EDGE ( 'NONE', *, *, #8610, .T. ) ;
#9599 = CARTESIAN_POINT ( 'NONE',  ( 0.0000000000000000000, 0.0000000000000000000, 0.9999999999999879000 ) ) ;
#9600 = EDGE_CURVE ( 'NONE', #4903, #1275, #2768, .T. ) ;
#9601 = CARTESIAN_POINT ( 'NONE',  ( -5.041451075190003000, -0.8000000000000258000, 0.3109952626967498200 ) ) ;
#9602 = VERTEX_POINT ( 'NONE', #3906 ) ;
#9603 = CARTESIAN_POINT ( 'NONE',  ( -2.400000000000001200, 2.400000000000001200, 0.9999999999999879000 ) ) ;
#9604 = EDGE_CURVE ( 'NONE', #5823, #3523, #4772, .T. ) ;
#9605 = ORIENTED_EDGE ( 'NONE', *, *, #8431, .T. ) ;
#9606 = LINE ( 'NONE', #9485, #367 ) ;
#9607 = ADVANCED_FACE ( 'NONE', ( #8579 ), #6157, .F. ) ;
#9608 = ORIENTED_EDGE ( 'NONE', *, *, #965, .T. ) ;
#9609 = VERTEX_POINT ( 'NONE', #8286 ) ;
#9610 = DIRECTION ( 'NONE',  ( 1.285685350086792000E-016, -1.000000000000000000, 0.0000000000000000000 ) ) ;
#9611 = LINE ( 'NONE', #7199, #3111 ) ;
#9612 = UNCERTAINTY_MEASURE_WITH_UNIT (LENGTH_MEASURE( 1.000000000000000100E-005 ), #9269, 'distance_accuracy_value', 'NONE');
#9613 = EDGE_LOOP ( 'NONE', ( #3420, #8583, #9053, #2307 ) ) ;
#9614 = EDGE_CURVE ( 'NONE', #6554, #1465, #2411, .T. ) ;
#9615 = CARTESIAN_POINT ( 'NONE',  ( 1.522025822248350900, 1.700649485718173300, 1.104999999999999500 ) ) ;
#9616 = CARTESIAN_POINT ( 'NONE',  ( -2.199999999999975800, 4.900000000000009200, 3.095825365898941300E-006 ) ) ;
#9617 = VECTOR ( 'NONE', #613, 1000.000000000000000 ) ;
#9618 = DIRECTION ( 'NONE',  ( 0.0000000000000000000, 0.0000000000000000000, 1.000000000000000000 ) ) ;
#9619 = ORIENTED_EDGE ( 'NONE', *, *, #7915, .F. ) ;
#9620 = PLANE ( 'NONE',  #5615 ) ;
#9621 = CARTESIAN_POINT ( 'NONE',  ( -4.959159410536335200, 1.399999999999962600, 0.1000646171404170100 ) ) ;
#9622 = EDGE_CURVE ( 'NONE', #4508, #7742, #511, .T. ) ;
#9623 = FACE_OUTER_BOUND ( 'NONE', #6977, .T. ) ;
#9624 = CLOSED_SHELL ( 'NONE', ( #6852, #4168, #3185, #7903, #2528, #8438, #9149, #6997, #1583, #68 ) ) ;
#9625 = DIRECTION ( 'NONE',  ( 0.0000000000000000000, -0.0000000000000000000, 1.000000000000000000 ) ) ;
#9626 = DIRECTION ( 'NONE',  ( -0.7071067811865429100, 0.7071067811865521200, -8.342941000000000200E-017 ) ) ;
#9627 = CARTESIAN_POINT ( 'NONE',  ( -3.373149339882636900, 4.900000000000009200, 0.9745999999999879200 ) ) ;
#9628 = CIRCLE ( 'NONE', #1397, 1.099999999999994300 ) ;
#9629 = ORIENTED_EDGE ( 'NONE', *, *, #7261, .F. ) ;
#9630 = DIRECTION ( 'NONE',  ( 0.0000000000000000000, 0.0000000000000000000, 1.000000000000000000 ) ) ;
#9631 = LINE ( 'NONE', #8967, #8575 ) ;
#9632 = EDGE_LOOP ( 'NONE', ( #9083, #7251, #8660, #5760, #923, #2082, #7936, #6691 ) ) ;
#9633 = CARTESIAN_POINT ( 'NONE',  ( -2.151596492151265600, -1.337235448757161200, 1.306033691520177600 ) ) ;
#9634 = VECTOR ( 'NONE', #1757, 1000.000000000000000 ) ;
#9635 = CARTESIAN_POINT ( 'NONE',  ( 1.032159988000000200E-015, 5.516420260000000600E-015, 1.305000000000012600 ) ) ;
#9636 = VECTOR ( 'NONE', #5762, 1000.000000000000000 ) ;
#9637 = ORIENTED_EDGE ( 'NONE', *, *, #1367, .F. ) ;
#9638 = DIRECTION ( 'NONE',  ( 0.0000000000000000000, 0.9859791846679423200, -0.1668683535052100400 ) ) ;
#9639 = EDGE_LOOP ( 'NONE', ( #4745, #5953, #2243, #9387, #7105 ) ) ;
#9640 = ORIENTED_EDGE ( 'NONE', *, *, #3366, .F. ) ;
#9641 = B_SPLINE_CURVE_WITH_KNOTS ( 'NONE', 3,
 ( #1861, #4123, #443, #7118 ),
 .UNSPECIFIED., .F., .F.,
 ( 4, 4 ),
 ( 0.0000000000000000000, 1.000000000000000000 ),
 .UNSPECIFIED. ) ;
#9642 =( NAMED_UNIT ( * ) PLANE_ANGLE_UNIT ( ) SI_UNIT ( $, .RADIAN. ) );
#9643 = VECTOR ( 'NONE', #6987, 1000.000000000000100 ) ;
#9644 = ORIENTED_EDGE ( 'NONE', *, *, #9162, .T. ) ;
#9645 = CARTESIAN_POINT ( 'NONE',  ( -1.600000000000000800, 5.008575461706789700, 0.01708094898245298600 ) ) ;
#9646 = AXIS2_PLACEMENT_3D ( 'NONE', #61, #3862, #6860 ) ;
#9647 = CARTESIAN_POINT ( 'NONE',  ( -0.1439896632895310300, -1.099999999999994300, 1.555000000000003300 ) ) ;
#9648 = LINE ( 'NONE', #3167, #9168 ) ;
#9649 = ORIENTED_EDGE ( 'NONE', *, *, #2808, .T. ) ;
#9650 = ORIENTED_EDGE ( 'NONE', *, *, #6581, .F. ) ;
#9651 = VERTEX_POINT ( 'NONE', #5437 ) ;
#9652 = CARTESIAN_POINT ( 'NONE',  ( -0.4808326112068668200, -0.4808326112069225600, 0.9999999999999879000 ) ) ;
#9653 = CARTESIAN_POINT ( 'NONE',  ( 1.844842792162720800, -3.370655634573497500, 1.305000000000012800 ) ) ;
#9654 = CARTESIAN_POINT ( 'NONE',  ( -2.473299704662420300, -3.434464939830580700, 1.403766198207620200E-016 ) ) ;
#9655 = VECTOR ( 'NONE', #8658, 1000.000000000000100 ) ;
#9656 = EDGE_CURVE ( 'NONE', #3065, #5639, #6386, .T. ) ;
#9657 = CARTESIAN_POINT ( 'NONE',  ( 1.346430526989686100, 0.3835733962118707500, 1.008243543998916600 ) ) ;
#9658 = CARTESIAN_POINT ( 'NONE',  ( -2.088585473249961600, 1.344569078183301700, 1.301915515106720500 ) ) ;
#9659 = ORIENTED_EDGE ( 'NONE', *, *, #7988, .T. ) ;
#9660 = B_SPLINE_CURVE_WITH_KNOTS ( 'NONE', 3,
 ( #7027, #3305, #5554, #1839 ),
 .UNSPECIFIED., .F., .F.,
 ( 4, 4 ),
 ( 0.0000000000000000000, 1.000000000000000000 ),
 .UNSPECIFIED. ) ;
#9661 = PLANE ( 'NONE',  #4807 ) ;
#9662 = ADVANCED_FACE ( 'NONE', ( #6162 ), #928, .T. ) ;
#9663 = AXIS2_PLACEMENT_3D ( 'NONE', #6249, #6912, #9110 ) ;
#9664 = DIRECTION ( 'NONE',  ( -0.0000000000000000000, 0.0000000000000000000, -1.000000000000000000 ) ) ;
#9665 = CARTESIAN_POINT ( 'NONE',  ( -2.199999999999963300, -4.912442089811461800, 4.564213066621158900E-005 ) ) ;
#9666 = VECTOR ( 'NONE', #1, 1000.000000000000100 ) ;
#9667 = DIRECTION ( 'NONE',  ( 0.0000000000000000000, -0.0000000000000000000, 1.000000000000000000 ) ) ;
#9668 = CARTESIAN_POINT ( 'NONE',  ( 2.398823671904402000, -2.409490608222201400, 0.9000000000000069100 ) ) ;
#9669 = CARTESIAN_POINT ( 'NONE',  ( 4.617157287525372100, -3.655992052357247800, 0.9745999999999879200 ) ) ;
#9670 = EDGE_CURVE ( 'NONE', #801, #3849, #4700, .T. ) ;
#9671 = VECTOR ( 'NONE', #5777, 999.9999999999998900 ) ;
#9672 = CARTESIAN_POINT ( 'NONE',  ( -2.231015904107526400, -1.322361072641492300, 1.269303830397618500 ) ) ;
#9673 = EDGE_CURVE ( 'NONE', #5150, #3359, #1270, .T. ) ;
#9674 = SURFACE_SIDE_STYLE ('',( #7324 ) ) ;
#9675 = CARTESIAN_POINT ( 'NONE',  ( -0.7865285385594896800, -0.1751366838541777400, 1.024999999999989500 ) ) ;
#9676 = EDGE_LOOP ( 'NONE', ( #6175, #5885, #1051, #1062 ) ) ;
#9677 = VERTEX_POINT ( 'NONE', #7514 ) ;
#9678 = EDGE_CURVE ( 'NONE', #9223, #2175, #7244, .T. ) ;
#9679 = DIRECTION ( 'NONE',  ( 1.000000000000000000, 0.0000000000000000000, -0.0000000000000000000 ) ) ;
#9680 = PLANE ( 'NONE',  #1316 ) ;
#9681 = FACE_OUTER_BOUND ( 'NONE', #4667, .T. ) ;
#9682 = CARTESIAN_POINT ( 'NONE',  ( 3.359988695444351400, -2.963471492841609500, 1.305000000000012600 ) ) ;
#9683 = EDGE_CURVE ( 'NONE', #4283, #5094, #2798, .T. ) ;
#9684 = SURFACE_SIDE_STYLE ('',( #6847 ) ) ;
#9685 = DIRECTION ( 'NONE',  ( 1.000000000000000000, 2.571370700173599300E-016, 0.0000000000000000000 ) ) ;
#9686 = DIRECTION ( 'NONE',  ( 0.0000000000000000000, 0.0000000000000000000, 1.000000000000000000 ) ) ;
#9687 = CARTESIAN_POINT ( 'NONE',  ( -2.001998386448278200, 1.374527077095544000, 1.205000000000183900 ) ) ;
#9688 = EDGE_CURVE ( 'NONE', #4264, #7098, #3632, .T. ) ;
#9689 = ORIENTED_EDGE ( 'NONE', *, *, #4525, .T. ) ;
#9690 = LINE ( 'NONE', #331, #9444 ) ;
#9691 = CARTESIAN_POINT ( 'NONE',  ( 1.600000000000026300, -4.900000000000010100, 4.059076573402305300E-005 ) ) ;
#9692 = DIRECTION ( 'NONE',  ( 1.000000000000000000, 0.0000000000000000000, 0.0000000000000000000 ) ) ;
#9693 = CARTESIAN_POINT ( 'NONE',  ( -4.624228355337240100, 3.663063120169116600, 0.9999999999999879000 ) ) ;
#9694 = CLOSED_SHELL ( 'NONE', ( #7535, #5727, #4313, #8915, #1082, #6868, #2574, #3981, #788, #9360 ) ) ;
#9695 = CARTESIAN_POINT ( 'NONE',  ( 2.282861252194827300, -1.306346985363187700, 0.9746039772762797900 ) ) ;
#9696 =( LENGTH_UNIT ( ) NAMED_UNIT ( * ) SI_UNIT ( .MILLI., .METRE. ) );
#9697 = AXIS2_PLACEMENT_3D ( 'NONE', #3429, #4927, #5649 ) ;
#9698 = ORIENTED_EDGE ( 'NONE', *, *, #717, .T. ) ;
#9699 = EDGE_LOOP ( 'NONE', ( #8221, #89, #8192, #6489 ) ) ;
#9700 = FACE_OUTER_BOUND ( 'NONE', #9369, .T. ) ;
#9701 = CARTESIAN_POINT ( 'NONE',  ( 4.910167162820676400, 1.400000000000013500, 6.191650735794685500E-006 ) ) ;
#9702 = CARTESIAN_POINT ( 'NONE',  ( -2.398823671904402000, -2.409490608222201400, 0.9000000000000069100 ) ) ;
#9703 = CARTESIAN_POINT ( 'NONE',  ( 4.899999999999984400, -0.8000000000000003800, 3.095825364231664500E-006 ) ) ;
#9704 = ORIENTED_EDGE ( 'NONE', *, *, #1274, .F. ) ;
#9705 = B_SPLINE_CURVE_WITH_KNOTS ( 'NONE', 3,
 ( #695, #794, #3807, #5313 ),
 .UNSPECIFIED., .F., .F.,
 ( 4, 4 ),
 ( 0.0000000000000000000, 1.000000000000000000 ),
 .UNSPECIFIED. ) ;
#9706 = ADVANCED_FACE ( 'NONE', ( #2458 ), #7935, .T. ) ;
#9707 = ORIENTED_EDGE ( 'NONE', *, *, #3001, .F. ) ;
#9708 = CARTESIAN_POINT ( 'NONE',  ( 2.056839825920787400, -3.491053943235377800, 0.9999999999999879000 ) ) ;
#9709 = VECTOR ( 'NONE', #417, 1000.000000000000000 ) ;
#9710 = CARTESIAN_POINT ( 'NONE',  ( 2.128190694439434000, -1.343302167322367700, 1.305000000000012400 ) ) ;
#9711 = VERTEX_POINT ( 'NONE', #1653 ) ;
#9712 = AXIS2_PLACEMENT_3D ( 'NONE', #1607, #7017, #2259 ) ;
#9713 = NEXT_ASSEMBLY_USAGE_OCCURRENCE ( 'NAUO1', ' ', ' ', #9138, #4697, $ ) ;
ENDSEC;
END-ISO-10303-21;
