ISO-10303-21;
HEADER;
FILE_DESCRIPTION(('STEP AP242'),'1');
FILE_NAME('m22-6540342r.stp','2024-09-20T20:09:45',('TraceParts'),('TraceParts S.A.'),'Spatial InterOp 3D',' ',' ');
FILE_SCHEMA(('AP242_MANAGED_MODEL_BASED_3D_ENGINEERING_MIM_LF  {1 0 10303 442 1 1 4}'));
ENDSEC;
DATA;
#1=MECHANICAL_DESIGN_GEOMETRIC_PRESENTATION_REPRESENTATION(' ',(#13,#14,#15,#16,#17,#18,#19,#20,#21,#22,#23,#24,#25,#26,#27,#28,#29,#30,#31,#32,#33,#34,#35,#36,#37,#38,#39,#40,#41,#42,#43,#44,#45,#46,#47,#48,#49,#50,#51,#52,#53,#54,#55),#9);
#2=PRODUCT_DEFINITION_CONTEXT('',#56,'design');
#3=APPLICATION_PROTOCOL_DEFINITION('INTERNATIONAL STANDARD','ap242_managed_model_based_3d_engineering',2014,#56);
#4=PRODUCT_CATEGORY_RELATIONSHIP('NONE','NONE',#57,#58);
#5=SHAPE_DEFINITION_REPRESENTATION(#59,#60);
#6=SHAPE_DEFINITION_REPRESENTATION(#59,#61);
#7=SHAPE_DEFINITION_REPRESENTATION(#59,#62);
#8=SHAPE_DEFINITION_REPRESENTATION(#59,#63);
#9= (GEOMETRIC_REPRESENTATION_CONTEXT(3)GLOBAL_UNCERTAINTY_ASSIGNED_CONTEXT((#66))GLOBAL_UNIT_ASSIGNED_CONTEXT((#68,#69,#70))REPRESENTATION_CONTEXT('NONE','WORKSPACE'));
#13=STYLED_ITEM('',(#72),#73);
#14=STYLED_ITEM('',(#74),#75);
#15=STYLED_ITEM('',(#76),#77);
#16=STYLED_ITEM('',(#78),#79);
#17=STYLED_ITEM('',(#80),#81);
#18=STYLED_ITEM('',(#82),#83);
#19=STYLED_ITEM('',(#84),#85);
#20=STYLED_ITEM('',(#86),#87);
#21=STYLED_ITEM('',(#88),#89);
#22=STYLED_ITEM('',(#90),#91);
#23=STYLED_ITEM('',(#92),#93);
#24=STYLED_ITEM('',(#94),#95);
#25=STYLED_ITEM('',(#96),#97);
#26=STYLED_ITEM('',(#98),#99);
#27=STYLED_ITEM('',(#100),#101);
#28=STYLED_ITEM('',(#102),#103);
#29=STYLED_ITEM('',(#104),#105);
#30=STYLED_ITEM('',(#106),#107);
#31=STYLED_ITEM('',(#108),#109);
#32=STYLED_ITEM('',(#110),#111);
#33=STYLED_ITEM('',(#112),#113);
#34=STYLED_ITEM('',(#114),#115);
#35=STYLED_ITEM('',(#116),#117);
#36=STYLED_ITEM('',(#118),#119);
#37=STYLED_ITEM('',(#120),#121);
#38=STYLED_ITEM('',(#122),#123);
#39=STYLED_ITEM('',(#124),#125);
#40=STYLED_ITEM('',(#126),#127);
#41=STYLED_ITEM('',(#128),#129);
#42=STYLED_ITEM('',(#130),#131);
#43=STYLED_ITEM('',(#132),#133);
#44=STYLED_ITEM('',(#134),#135);
#45=STYLED_ITEM('',(#136),#137);
#46=STYLED_ITEM('',(#138),#139);
#47=STYLED_ITEM('',(#140),#141);
#48=STYLED_ITEM('',(#142),#143);
#49=STYLED_ITEM('',(#144),#145);
#50=STYLED_ITEM('',(#146),#147);
#51=STYLED_ITEM('',(#148),#149);
#52=STYLED_ITEM('',(#150),#151);
#53=STYLED_ITEM('',(#152),#153);
#54=STYLED_ITEM('',(#154),#155);
#55=STYLED_ITEM('',(#156),#157);
#56=APPLICATION_CONTEXT('managed model based 3d engineering');
#57=PRODUCT_CATEGORY('part','NONE');
#58=PRODUCT_RELATED_PRODUCT_CATEGORY('detail',' ',(#158));
#59=PRODUCT_DEFINITION_SHAPE('NONE','NONE',#159);
#60=ADVANCED_BREP_SHAPE_REPRESENTATION('m22-6540342r_1',(#73,#160),#9);
#61=ADVANCED_BREP_SHAPE_REPRESENTATION('m22-6540342r_2',(#101,#161),#9);
#62=ADVANCED_BREP_SHAPE_REPRESENTATION('m22-6540342r_3',(#129,#162),#9);
#63=ADVANCED_BREP_SHAPE_REPRESENTATION('m22-6540342r_4',(#157,#163),#9);
#66=UNCERTAINTY_MEASURE_WITH_UNIT(LENGTH_MEASURE(1.0E-06),#68,'','');
#68= (CONVERSION_BASED_UNIT('MILLIMETRE',#166)LENGTH_UNIT()NAMED_UNIT(#169));
#69= (NAMED_UNIT(#171)PLANE_ANGLE_UNIT()SI_UNIT($,.RADIAN.));
#70= (NAMED_UNIT(#171)SOLID_ANGLE_UNIT()SI_UNIT($,.STERADIAN.));
#72=PRESENTATION_STYLE_ASSIGNMENT((#177));
#73=MANIFOLD_SOLID_BREP('m22-6540342r_1',#178);
#74=PRESENTATION_STYLE_ASSIGNMENT((#179));
#75=ADVANCED_FACE('',(#180),#181,.F.);
#76=PRESENTATION_STYLE_ASSIGNMENT((#182));
#77=ADVANCED_FACE('',(#183),#184,.F.);
#78=PRESENTATION_STYLE_ASSIGNMENT((#185));
#79=ADVANCED_FACE('',(#186),#187,.F.);
#80=PRESENTATION_STYLE_ASSIGNMENT((#188));
#81=ADVANCED_FACE('',(#189),#190,.T.);
#82=PRESENTATION_STYLE_ASSIGNMENT((#191));
#83=ADVANCED_FACE('',(#192),#193,.F.);
#84=PRESENTATION_STYLE_ASSIGNMENT((#194));
#85=ADVANCED_FACE('',(#195),#196,.T.);
#86=PRESENTATION_STYLE_ASSIGNMENT((#197));
#87=ADVANCED_FACE('',(#198),#199,.T.);
#88=PRESENTATION_STYLE_ASSIGNMENT((#200));
#89=ADVANCED_FACE('',(#201),#202,.T.);
#90=PRESENTATION_STYLE_ASSIGNMENT((#203));
#91=ADVANCED_FACE('',(#204),#205,.F.);
#92=PRESENTATION_STYLE_ASSIGNMENT((#206));
#93=ADVANCED_FACE('',(#207),#208,.T.);
#94=PRESENTATION_STYLE_ASSIGNMENT((#209));
#95=ADVANCED_FACE('',(#210),#211,.T.);
#96=PRESENTATION_STYLE_ASSIGNMENT((#212));
#97=ADVANCED_FACE('',(#213),#214,.F.);
#98=PRESENTATION_STYLE_ASSIGNMENT((#215));
#99=ADVANCED_FACE('',(#216),#217,.T.);
#100=PRESENTATION_STYLE_ASSIGNMENT((#218));
#101=MANIFOLD_SOLID_BREP('m22-6540342r_2',#219);
#102=PRESENTATION_STYLE_ASSIGNMENT((#220));
#103=ADVANCED_FACE('',(#221),#222,.F.);
#104=PRESENTATION_STYLE_ASSIGNMENT((#223));
#105=ADVANCED_FACE('',(#224),#225,.F.);
#106=PRESENTATION_STYLE_ASSIGNMENT((#226));
#107=ADVANCED_FACE('',(#227),#228,.F.);
#108=PRESENTATION_STYLE_ASSIGNMENT((#229));
#109=ADVANCED_FACE('',(#230),#231,.T.);
#110=PRESENTATION_STYLE_ASSIGNMENT((#232));
#111=ADVANCED_FACE('',(#233),#234,.F.);
#112=PRESENTATION_STYLE_ASSIGNMENT((#235));
#113=ADVANCED_FACE('',(#236),#237,.T.);
#114=PRESENTATION_STYLE_ASSIGNMENT((#238));
#115=ADVANCED_FACE('',(#239),#240,.T.);
#116=PRESENTATION_STYLE_ASSIGNMENT((#241));
#117=ADVANCED_FACE('',(#242),#243,.T.);
#118=PRESENTATION_STYLE_ASSIGNMENT((#244));
#119=ADVANCED_FACE('',(#245),#246,.F.);
#120=PRESENTATION_STYLE_ASSIGNMENT((#247));
#121=ADVANCED_FACE('',(#248),#249,.T.);
#122=PRESENTATION_STYLE_ASSIGNMENT((#250));
#123=ADVANCED_FACE('',(#251),#252,.T.);
#124=PRESENTATION_STYLE_ASSIGNMENT((#253));
#125=ADVANCED_FACE('',(#254),#255,.F.);
#126=PRESENTATION_STYLE_ASSIGNMENT((#256));
#127=ADVANCED_FACE('',(#257),#258,.T.);
#128=PRESENTATION_STYLE_ASSIGNMENT((#259));
#129=MANIFOLD_SOLID_BREP('m22-6540342r_3',#260);
#130=PRESENTATION_STYLE_ASSIGNMENT((#261));
#131=ADVANCED_FACE('',(#262),#263,.F.);
#132=PRESENTATION_STYLE_ASSIGNMENT((#264));
#133=ADVANCED_FACE('',(#265),#266,.F.);
#134=PRESENTATION_STYLE_ASSIGNMENT((#267));
#135=ADVANCED_FACE('',(#268),#269,.F.);
#136=PRESENTATION_STYLE_ASSIGNMENT((#270));
#137=ADVANCED_FACE('',(#271),#272,.T.);
#138=PRESENTATION_STYLE_ASSIGNMENT((#273));
#139=ADVANCED_FACE('',(#274),#275,.F.);
#140=PRESENTATION_STYLE_ASSIGNMENT((#276));
#141=ADVANCED_FACE('',(#277),#278,.T.);
#142=PRESENTATION_STYLE_ASSIGNMENT((#279));
#143=ADVANCED_FACE('',(#280),#281,.T.);
#144=PRESENTATION_STYLE_ASSIGNMENT((#282));
#145=ADVANCED_FACE('',(#283),#284,.T.);
#146=PRESENTATION_STYLE_ASSIGNMENT((#285));
#147=ADVANCED_FACE('',(#286),#287,.F.);
#148=PRESENTATION_STYLE_ASSIGNMENT((#288));
#149=ADVANCED_FACE('',(#289),#290,.T.);
#150=PRESENTATION_STYLE_ASSIGNMENT((#291));
#151=ADVANCED_FACE('',(#292),#293,.T.);
#152=PRESENTATION_STYLE_ASSIGNMENT((#294));
#153=ADVANCED_FACE('',(#295),#296,.F.);
#154=PRESENTATION_STYLE_ASSIGNMENT((#297));
#155=ADVANCED_FACE('',(#298),#299,.T.);
#156=PRESENTATION_STYLE_ASSIGNMENT((#300));
#157=MANIFOLD_SOLID_BREP('m22-6540342r_4',#301);
#158=PRODUCT('m22-6540342r_1','','PART--DESC',(#302));
#159=PRODUCT_DEFINITION('','NONE',#303,#2);
#160=AXIS2_PLACEMENT_3D('',#304,#305,#306);
#161=AXIS2_PLACEMENT_3D('',#307,#308,#309);
#162=AXIS2_PLACEMENT_3D('',#310,#311,#312);
#163=AXIS2_PLACEMENT_3D('',#313,#314,#315);
#166=LENGTH_MEASURE_WITH_UNIT(LENGTH_MEASURE(1.0),#316);
#169=DIMENSIONAL_EXPONENTS(1.0,0.0,0.0,0.0,0.0,0.0,0.0);
#171=DIMENSIONAL_EXPONENTS(0.0,0.0,0.0,0.0,0.0,0.0,0.0);
#177=SURFACE_STYLE_USAGE(.BOTH.,#317);
#178=CLOSED_SHELL('',(#318,#319,#320,#321,#322,#323,#324,#325,#326,#327,#328,#329,#330,#331,#332,#333,#334,#335,#336,#337,#338,#339,#340,#341,#342,#343,#344,#345,#346,#347,#348,#349,#350,#351,#352,#353,#354,#355,#356,#357,#358,#359,#360,#361,#362,#363,#364,#365,#366,#367,#368,#369,#370,#371,#372,#373,#374,#375,#376,#377,#378,#379,#380,#381,#382,#383,#384,#385,#386,#387,#388,#389,#390,#391,#392,#393,#394,#395,#396,#397,#398,#399,#400,#401,#402,#403,#404,#405,#406,#407,#408,#409,#410,#411));
#179=SURFACE_STYLE_USAGE(.BOTH.,#412);
#180=FACE_OUTER_BOUND('',#413,.T.);
#181=PLANE('',#414);
#182=SURFACE_STYLE_USAGE(.BOTH.,#415);
#183=FACE_OUTER_BOUND('',#416,.T.);
#184=CYLINDRICAL_SURFACE('',#417,0.32);
#185=SURFACE_STYLE_USAGE(.BOTH.,#418);
#186=FACE_OUTER_BOUND('',#419,.T.);
#187=PLANE('',#420);
#188=SURFACE_STYLE_USAGE(.BOTH.,#421);
#189=FACE_OUTER_BOUND('',#422,.T.);
#190=CYLINDRICAL_SURFACE('',#423,0.64);
#191=SURFACE_STYLE_USAGE(.BOTH.,#424);
#192=FACE_OUTER_BOUND('',#425,.T.);
#193=PLANE('',#426);
#194=SURFACE_STYLE_USAGE(.BOTH.,#427);
#195=FACE_OUTER_BOUND('',#428,.T.);
#196=PLANE('',#429);
#197=SURFACE_STYLE_USAGE(.BOTH.,#430);
#198=FACE_OUTER_BOUND('',#431,.T.);
#199=PLANE('',#432);
#200=SURFACE_STYLE_USAGE(.BOTH.,#433);
#201=FACE_OUTER_BOUND('',#434,.T.);
#202=PLANE('',#435);
#203=SURFACE_STYLE_USAGE(.BOTH.,#436);
#204=FACE_OUTER_BOUND('',#437,.T.);
#205=CYLINDRICAL_SURFACE('',#438,0.32);
#206=SURFACE_STYLE_USAGE(.BOTH.,#439);
#207=FACE_OUTER_BOUND('',#440,.T.);
#208=PLANE('',#441);
#209=SURFACE_STYLE_USAGE(.BOTH.,#442);
#210=FACE_OUTER_BOUND('',#443,.T.);
#211=CYLINDRICAL_SURFACE('',#444,0.64);
#212=SURFACE_STYLE_USAGE(.BOTH.,#445);
#213=FACE_OUTER_BOUND('',#446,.T.);
#214=PLANE('',#447);
#215=SURFACE_STYLE_USAGE(.BOTH.,#448);
#216=FACE_OUTER_BOUND('',#449,.T.);
#217=PLANE('',#450);
#218=SURFACE_STYLE_USAGE(.BOTH.,#451);
#219=CLOSED_SHELL('',(#452,#453,#454,#455,#456,#457,#458,#459,#460,#461,#462,#463,#464,#465,#466,#467,#468,#469,#470,#471,#472,#473,#474,#475,#75,#77,#79,#81,#83,#85,#87,#89,#91,#93,#95,#97,#99,#476,#477,#478,#479,#480,#481,#482,#483));
#220=SURFACE_STYLE_USAGE(.BOTH.,#484);
#221=FACE_OUTER_BOUND('',#485,.T.);
#222=PLANE('',#486);
#223=SURFACE_STYLE_USAGE(.BOTH.,#487);
#224=FACE_OUTER_BOUND('',#488,.T.);
#225=CYLINDRICAL_SURFACE('',#489,0.32);
#226=SURFACE_STYLE_USAGE(.BOTH.,#490);
#227=FACE_OUTER_BOUND('',#491,.T.);
#228=PLANE('',#492);
#229=SURFACE_STYLE_USAGE(.BOTH.,#493);
#230=FACE_OUTER_BOUND('',#494,.T.);
#231=CYLINDRICAL_SURFACE('',#495,0.64);
#232=SURFACE_STYLE_USAGE(.BOTH.,#496);
#233=FACE_OUTER_BOUND('',#497,.T.);
#234=PLANE('',#498);
#235=SURFACE_STYLE_USAGE(.BOTH.,#499);
#236=FACE_OUTER_BOUND('',#500,.T.);
#237=PLANE('',#501);
#238=SURFACE_STYLE_USAGE(.BOTH.,#502);
#239=FACE_OUTER_BOUND('',#503,.T.);
#240=PLANE('',#504);
#241=SURFACE_STYLE_USAGE(.BOTH.,#505);
#242=FACE_OUTER_BOUND('',#506,.T.);
#243=PLANE('',#507);
#244=SURFACE_STYLE_USAGE(.BOTH.,#508);
#245=FACE_OUTER_BOUND('',#509,.T.);
#246=CYLINDRICAL_SURFACE('',#510,0.32);
#247=SURFACE_STYLE_USAGE(.BOTH.,#511);
#248=FACE_OUTER_BOUND('',#512,.T.);
#249=PLANE('',#513);
#250=SURFACE_STYLE_USAGE(.BOTH.,#514);
#251=FACE_OUTER_BOUND('',#515,.T.);
#252=CYLINDRICAL_SURFACE('',#516,0.64);
#253=SURFACE_STYLE_USAGE(.BOTH.,#517);
#254=FACE_OUTER_BOUND('',#518,.T.);
#255=PLANE('',#519);
#256=SURFACE_STYLE_USAGE(.BOTH.,#520);
#257=FACE_OUTER_BOUND('',#521,.T.);
#258=PLANE('',#522);
#259=SURFACE_STYLE_USAGE(.BOTH.,#523);
#260=CLOSED_SHELL('',(#524,#525,#526,#527,#528,#529,#530,#531,#532,#533,#534,#535,#536,#537,#538,#539,#540,#541,#542,#543,#544,#545,#546,#547,#103,#105,#107,#109,#111,#113,#115,#117,#119,#121,#123,#125,#127,#548,#549,#550,#551,#552,#553,#554,#555));
#261=SURFACE_STYLE_USAGE(.BOTH.,#556);
#262=FACE_OUTER_BOUND('',#557,.T.);
#263=PLANE('',#558);
#264=SURFACE_STYLE_USAGE(.BOTH.,#559);
#265=FACE_OUTER_BOUND('',#560,.T.);
#266=CYLINDRICAL_SURFACE('',#561,0.32);
#267=SURFACE_STYLE_USAGE(.BOTH.,#562);
#268=FACE_OUTER_BOUND('',#563,.T.);
#269=PLANE('',#564);
#270=SURFACE_STYLE_USAGE(.BOTH.,#565);
#271=FACE_OUTER_BOUND('',#566,.T.);
#272=CYLINDRICAL_SURFACE('',#567,0.64);
#273=SURFACE_STYLE_USAGE(.BOTH.,#568);
#274=FACE_OUTER_BOUND('',#569,.T.);
#275=PLANE('',#570);
#276=SURFACE_STYLE_USAGE(.BOTH.,#571);
#277=FACE_OUTER_BOUND('',#572,.T.);
#278=PLANE('',#573);
#279=SURFACE_STYLE_USAGE(.BOTH.,#574);
#280=FACE_OUTER_BOUND('',#575,.T.);
#281=PLANE('',#576);
#282=SURFACE_STYLE_USAGE(.BOTH.,#577);
#283=FACE_OUTER_BOUND('',#578,.T.);
#284=PLANE('',#579);
#285=SURFACE_STYLE_USAGE(.BOTH.,#580);
#286=FACE_OUTER_BOUND('',#581,.T.);
#287=CYLINDRICAL_SURFACE('',#582,0.32);
#288=SURFACE_STYLE_USAGE(.BOTH.,#583);
#289=FACE_OUTER_BOUND('',#584,.T.);
#290=PLANE('',#585);
#291=SURFACE_STYLE_USAGE(.BOTH.,#586);
#292=FACE_OUTER_BOUND('',#587,.T.);
#293=CYLINDRICAL_SURFACE('',#588,0.64);
#294=SURFACE_STYLE_USAGE(.BOTH.,#589);
#295=FACE_OUTER_BOUND('',#590,.T.);
#296=PLANE('',#591);
#297=SURFACE_STYLE_USAGE(.BOTH.,#592);
#298=FACE_OUTER_BOUND('',#593,.T.);
#299=PLANE('',#594);
#300=SURFACE_STYLE_USAGE(.BOTH.,#595);
#301=CLOSED_SHELL('',(#596,#597,#598,#599,#600,#601,#602,#603,#604,#605,#606,#607,#608,#609,#610,#611,#612,#613,#614,#615,#616,#617,#618,#619,#131,#133,#135,#137,#139,#141,#143,#145,#147,#149,#151,#153,#155,#620,#621,#622,#623,#624,#625,#626,#627));
#302=PRODUCT_CONTEXT('',#56,'mechanical');
#303=PRODUCT_DEFINITION_FORMATION_WITH_SPECIFIED_SOURCE(' ','NONE',#158,.NOT_KNOWN.);
#304=CARTESIAN_POINT('',(0.0,0.0,0.0));
#305=DIRECTION('',(0.0,0.0,1.0));
#306=DIRECTION('',(1.0,0.0,0.0));
#307=CARTESIAN_POINT('',(0.0,0.0,0.0));
#308=DIRECTION('',(0.0,0.0,1.0));
#309=DIRECTION('',(1.0,0.0,0.0));
#310=CARTESIAN_POINT('',(0.0,0.0,0.0));
#311=DIRECTION('',(0.0,0.0,1.0));
#312=DIRECTION('',(1.0,0.0,0.0));
#313=CARTESIAN_POINT('',(0.0,0.0,0.0));
#314=DIRECTION('',(0.0,0.0,1.0));
#315=DIRECTION('',(1.0,0.0,0.0));
#316= (NAMED_UNIT(#169)LENGTH_UNIT()SI_UNIT(.MILLI.,.METRE.));
#317=SURFACE_SIDE_STYLE('',(#629));
#318=ADVANCED_FACE('',(#630),#631,.F.);
#319=ADVANCED_FACE('',(#632),#633,.F.);
#320=ADVANCED_FACE('',(#634),#635,.F.);
#321=ADVANCED_FACE('',(#636),#637,.F.);
#322=ADVANCED_FACE('',(#638),#639,.F.);
#323=ADVANCED_FACE('',(#640),#641,.F.);
#324=ADVANCED_FACE('',(#642),#643,.T.);
#325=ADVANCED_FACE('',(#644),#645,.T.);
#326=ADVANCED_FACE('',(#646),#647,.T.);
#327=ADVANCED_FACE('',(#648),#649,.T.);
#328=ADVANCED_FACE('',(#650),#651,.T.);
#329=ADVANCED_FACE('',(#652),#653,.T.);
#330=ADVANCED_FACE('',(#654),#655,.T.);
#331=ADVANCED_FACE('',(#656),#657,.T.);
#332=ADVANCED_FACE('',(#658),#659,.F.);
#333=ADVANCED_FACE('',(#660),#661,.F.);
#334=ADVANCED_FACE('',(#662),#663,.F.);
#335=ADVANCED_FACE('',(#664),#665,.F.);
#336=ADVANCED_FACE('',(#666),#667,.F.);
#337=ADVANCED_FACE('',(#668),#669,.F.);
#338=ADVANCED_FACE('',(#670),#671,.F.);
#339=ADVANCED_FACE('',(#672),#673,.F.);
#340=ADVANCED_FACE('',(#674),#675,.F.);
#341=ADVANCED_FACE('',(#676),#677,.F.);
#342=ADVANCED_FACE('',(#678),#679,.F.);
#343=ADVANCED_FACE('',(#680),#681,.F.);
#344=ADVANCED_FACE('',(#682),#683,.T.);
#345=ADVANCED_FACE('',(#684),#685,.F.);
#346=ADVANCED_FACE('',(#686),#687,.F.);
#347=ADVANCED_FACE('',(#688),#689,.F.);
#348=ADVANCED_FACE('',(#690),#691,.F.);
#349=ADVANCED_FACE('',(#692),#693,.F.);
#350=ADVANCED_FACE('',(#694),#695,.F.);
#351=ADVANCED_FACE('',(#696),#697,.F.);
#352=ADVANCED_FACE('',(#698),#699,.F.);
#353=ADVANCED_FACE('',(#700),#701,.F.);
#354=ADVANCED_FACE('',(#702),#703,.F.);
#355=ADVANCED_FACE('',(#704),#705,.F.);
#356=ADVANCED_FACE('',(#706),#707,.F.);
#357=ADVANCED_FACE('',(#708),#709,.F.);
#358=ADVANCED_FACE('',(#710),#711,.F.);
#359=ADVANCED_FACE('',(#712),#713,.F.);
#360=ADVANCED_FACE('',(#714),#715,.T.);
#361=ADVANCED_FACE('',(#716,#717,#718,#719),#720,.T.);
#362=ADVANCED_FACE('',(#721),#722,.T.);
#363=ADVANCED_FACE('',(#723,#724,#725,#726),#727,.F.);
#364=ADVANCED_FACE('',(#728),#729,.F.);
#365=ADVANCED_FACE('',(#730),#731,.T.);
#366=ADVANCED_FACE('',(#732),#733,.T.);
#367=ADVANCED_FACE('',(#734),#735,.F.);
#368=ADVANCED_FACE('',(#736),#737,.F.);
#369=ADVANCED_FACE('',(#738),#739,.F.);
#370=ADVANCED_FACE('',(#740),#741,.F.);
#371=ADVANCED_FACE('',(#742),#743,.F.);
#372=ADVANCED_FACE('',(#744),#745,.F.);
#373=ADVANCED_FACE('',(#746),#747,.F.);
#374=ADVANCED_FACE('',(#748),#749,.T.);
#375=ADVANCED_FACE('',(#750),#751,.T.);
#376=ADVANCED_FACE('',(#752),#753,.T.);
#377=ADVANCED_FACE('',(#754),#755,.F.);
#378=ADVANCED_FACE('',(#756),#757,.T.);
#379=ADVANCED_FACE('',(#758),#759,.F.);
#380=ADVANCED_FACE('',(#760),#761,.F.);
#381=ADVANCED_FACE('',(#762),#763,.F.);
#382=ADVANCED_FACE('',(#764),#765,.T.);
#383=ADVANCED_FACE('',(#766),#767,.T.);
#384=ADVANCED_FACE('',(#768),#769,.F.);
#385=ADVANCED_FACE('',(#770),#771,.F.);
#386=ADVANCED_FACE('',(#772),#773,.F.);
#387=ADVANCED_FACE('',(#774),#775,.F.);
#388=ADVANCED_FACE('',(#776),#777,.F.);
#389=ADVANCED_FACE('',(#778),#779,.T.);
#390=ADVANCED_FACE('',(#780),#781,.T.);
#391=ADVANCED_FACE('',(#782),#783,.F.);
#392=ADVANCED_FACE('',(#784),#785,.F.);
#393=ADVANCED_FACE('',(#786),#787,.T.);
#394=ADVANCED_FACE('',(#788),#789,.T.);
#395=ADVANCED_FACE('',(#790),#791,.F.);
#396=ADVANCED_FACE('',(#792),#793,.F.);
#397=ADVANCED_FACE('',(#794),#795,.F.);
#398=ADVANCED_FACE('',(#796),#797,.T.);
#399=ADVANCED_FACE('',(#798),#799,.T.);
#400=ADVANCED_FACE('',(#800),#801,.F.);
#401=ADVANCED_FACE('',(#802),#803,.F.);
#402=ADVANCED_FACE('',(#804),#805,.F.);
#403=ADVANCED_FACE('',(#806),#807,.F.);
#404=ADVANCED_FACE('',(#808),#809,.F.);
#405=ADVANCED_FACE('',(#810),#811,.T.);
#406=ADVANCED_FACE('',(#812),#813,.T.);
#407=ADVANCED_FACE('',(#814),#815,.F.);
#408=ADVANCED_FACE('',(#816),#817,.F.);
#409=ADVANCED_FACE('',(#818),#819,.T.);
#410=ADVANCED_FACE('',(#820),#821,.T.);
#411=ADVANCED_FACE('',(#822),#823,.F.);
#412=SURFACE_SIDE_STYLE('',(#824));
#413=EDGE_LOOP('',(#825,#826,#827,#828));
#414=AXIS2_PLACEMENT_3D('',#829,#830,#831);
#415=SURFACE_SIDE_STYLE('',(#832));
#416=EDGE_LOOP('',(#833,#834,#835,#836));
#417=AXIS2_PLACEMENT_3D('',#837,#838,#839);
#418=SURFACE_SIDE_STYLE('',(#840));
#419=EDGE_LOOP('',(#841,#842,#843,#844,#845,#846,#847,#848,#849,#850,#851,#852));
#420=AXIS2_PLACEMENT_3D('',#853,#854,#855);
#421=SURFACE_SIDE_STYLE('',(#856));
#422=EDGE_LOOP('',(#857,#858,#859,#860));
#423=AXIS2_PLACEMENT_3D('',#861,#862,#863);
#424=SURFACE_SIDE_STYLE('',(#864));
#425=EDGE_LOOP('',(#865,#866,#867,#868,#869,#870,#871,#872,#873,#874,#875,#876));
#426=AXIS2_PLACEMENT_3D('',#877,#878,#879);
#427=SURFACE_SIDE_STYLE('',(#880));
#428=EDGE_LOOP('',(#881,#882,#883,#884));
#429=AXIS2_PLACEMENT_3D('',#885,#886,#887);
#430=SURFACE_SIDE_STYLE('',(#888));
#431=EDGE_LOOP('',(#889,#890,#891,#892));
#432=AXIS2_PLACEMENT_3D('',#893,#894,#895);
#433=SURFACE_SIDE_STYLE('',(#896));
#434=EDGE_LOOP('',(#897,#898,#899,#900));
#435=AXIS2_PLACEMENT_3D('',#901,#902,#903);
#436=SURFACE_SIDE_STYLE('',(#904));
#437=EDGE_LOOP('',(#905,#906,#907,#908));
#438=AXIS2_PLACEMENT_3D('',#909,#910,#911);
#439=SURFACE_SIDE_STYLE('',(#912));
#440=EDGE_LOOP('',(#913,#914,#915,#916));
#441=AXIS2_PLACEMENT_3D('',#917,#918,#919);
#442=SURFACE_SIDE_STYLE('',(#920));
#443=EDGE_LOOP('',(#921,#922,#923,#924));
#444=AXIS2_PLACEMENT_3D('',#925,#926,#927);
#445=SURFACE_SIDE_STYLE('',(#928));
#446=EDGE_LOOP('',(#929,#930,#931,#932));
#447=AXIS2_PLACEMENT_3D('',#933,#934,#935);
#448=SURFACE_SIDE_STYLE('',(#936));
#449=EDGE_LOOP('',(#937,#938,#939,#940));
#450=AXIS2_PLACEMENT_3D('',#941,#942,#943);
#451=SURFACE_SIDE_STYLE('',(#944));
#452=ADVANCED_FACE('',(#945),#946,.F.);
#453=ADVANCED_FACE('',(#947),#948,.F.);
#454=ADVANCED_FACE('',(#949),#950,.F.);
#455=ADVANCED_FACE('',(#951),#952,.F.);
#456=ADVANCED_FACE('',(#953),#954,.T.);
#457=ADVANCED_FACE('',(#955),#956,.T.);
#458=ADVANCED_FACE('',(#957),#958,.T.);
#459=ADVANCED_FACE('',(#959),#960,.T.);
#460=ADVANCED_FACE('',(#961),#962,.F.);
#461=ADVANCED_FACE('',(#963),#964,.F.);
#462=ADVANCED_FACE('',(#965),#966,.F.);
#463=ADVANCED_FACE('',(#967),#968,.F.);
#464=ADVANCED_FACE('',(#969),#970,.F.);
#465=ADVANCED_FACE('',(#971),#972,.F.);
#466=ADVANCED_FACE('',(#973),#974,.F.);
#467=ADVANCED_FACE('',(#975),#976,.T.);
#468=ADVANCED_FACE('',(#977),#978,.T.);
#469=ADVANCED_FACE('',(#979),#980,.T.);
#470=ADVANCED_FACE('',(#981),#982,.F.);
#471=ADVANCED_FACE('',(#983),#984,.F.);
#472=ADVANCED_FACE('',(#985),#986,.F.);
#473=ADVANCED_FACE('',(#987),#988,.T.);
#474=ADVANCED_FACE('',(#989),#990,.T.);
#475=ADVANCED_FACE('',(#991,#992),#993,.F.);
#476=ADVANCED_FACE('',(#994),#995,.F.);
#477=ADVANCED_FACE('',(#996),#997,.F.);
#478=ADVANCED_FACE('',(#998),#999,.F.);
#479=ADVANCED_FACE('',(#1000),#1001,.F.);
#480=ADVANCED_FACE('',(#1002),#1003,.F.);
#481=ADVANCED_FACE('',(#1004),#1005,.F.);
#482=ADVANCED_FACE('',(#1006),#1007,.F.);
#483=ADVANCED_FACE('',(#1008),#1009,.T.);
#484=SURFACE_SIDE_STYLE('',(#1010));
#485=EDGE_LOOP('',(#1011,#1012,#1013,#1014));
#486=AXIS2_PLACEMENT_3D('',#1015,#1016,#1017);
#487=SURFACE_SIDE_STYLE('',(#1018));
#488=EDGE_LOOP('',(#1019,#1020,#1021,#1022));
#489=AXIS2_PLACEMENT_3D('',#1023,#1024,#1025);
#490=SURFACE_SIDE_STYLE('',(#1026));
#491=EDGE_LOOP('',(#1027,#1028,#1029,#1030,#1031,#1032,#1033,#1034,#1035,#1036,#1037,#1038));
#492=AXIS2_PLACEMENT_3D('',#1039,#1040,#1041);
#493=SURFACE_SIDE_STYLE('',(#1042));
#494=EDGE_LOOP('',(#1043,#1044,#1045,#1046));
#495=AXIS2_PLACEMENT_3D('',#1047,#1048,#1049);
#496=SURFACE_SIDE_STYLE('',(#1050));
#497=EDGE_LOOP('',(#1051,#1052,#1053,#1054,#1055,#1056,#1057,#1058,#1059,#1060,#1061,#1062));
#498=AXIS2_PLACEMENT_3D('',#1063,#1064,#1065);
#499=SURFACE_SIDE_STYLE('',(#1066));
#500=EDGE_LOOP('',(#1067,#1068,#1069,#1070));
#501=AXIS2_PLACEMENT_3D('',#1071,#1072,#1073);
#502=SURFACE_SIDE_STYLE('',(#1074));
#503=EDGE_LOOP('',(#1075,#1076,#1077,#1078));
#504=AXIS2_PLACEMENT_3D('',#1079,#1080,#1081);
#505=SURFACE_SIDE_STYLE('',(#1082));
#506=EDGE_LOOP('',(#1083,#1084,#1085,#1086));
#507=AXIS2_PLACEMENT_3D('',#1087,#1088,#1089);
#508=SURFACE_SIDE_STYLE('',(#1090));
#509=EDGE_LOOP('',(#1091,#1092,#1093,#1094));
#510=AXIS2_PLACEMENT_3D('',#1095,#1096,#1097);
#511=SURFACE_SIDE_STYLE('',(#1098));
#512=EDGE_LOOP('',(#1099,#1100,#1101,#1102));
#513=AXIS2_PLACEMENT_3D('',#1103,#1104,#1105);
#514=SURFACE_SIDE_STYLE('',(#1106));
#515=EDGE_LOOP('',(#1107,#1108,#1109,#1110));
#516=AXIS2_PLACEMENT_3D('',#1111,#1112,#1113);
#517=SURFACE_SIDE_STYLE('',(#1114));
#518=EDGE_LOOP('',(#1115,#1116,#1117,#1118));
#519=AXIS2_PLACEMENT_3D('',#1119,#1120,#1121);
#520=SURFACE_SIDE_STYLE('',(#1122));
#521=EDGE_LOOP('',(#1123,#1124,#1125,#1126));
#522=AXIS2_PLACEMENT_3D('',#1127,#1128,#1129);
#523=SURFACE_SIDE_STYLE('',(#1130));
#524=ADVANCED_FACE('',(#1131),#1132,.F.);
#525=ADVANCED_FACE('',(#1133),#1134,.F.);
#526=ADVANCED_FACE('',(#1135),#1136,.F.);
#527=ADVANCED_FACE('',(#1137),#1138,.F.);
#528=ADVANCED_FACE('',(#1139),#1140,.T.);
#529=ADVANCED_FACE('',(#1141),#1142,.T.);
#530=ADVANCED_FACE('',(#1143),#1144,.T.);
#531=ADVANCED_FACE('',(#1145),#1146,.T.);
#532=ADVANCED_FACE('',(#1147),#1148,.F.);
#533=ADVANCED_FACE('',(#1149),#1150,.F.);
#534=ADVANCED_FACE('',(#1151),#1152,.F.);
#535=ADVANCED_FACE('',(#1153),#1154,.F.);
#536=ADVANCED_FACE('',(#1155),#1156,.F.);
#537=ADVANCED_FACE('',(#1157),#1158,.F.);
#538=ADVANCED_FACE('',(#1159),#1160,.F.);
#539=ADVANCED_FACE('',(#1161),#1162,.T.);
#540=ADVANCED_FACE('',(#1163),#1164,.T.);
#541=ADVANCED_FACE('',(#1165),#1166,.T.);
#542=ADVANCED_FACE('',(#1167),#1168,.F.);
#543=ADVANCED_FACE('',(#1169),#1170,.F.);
#544=ADVANCED_FACE('',(#1171),#1172,.F.);
#545=ADVANCED_FACE('',(#1173),#1174,.T.);
#546=ADVANCED_FACE('',(#1175),#1176,.T.);
#547=ADVANCED_FACE('',(#1177,#1178),#1179,.F.);
#548=ADVANCED_FACE('',(#1180),#1181,.F.);
#549=ADVANCED_FACE('',(#1182),#1183,.F.);
#550=ADVANCED_FACE('',(#1184),#1185,.F.);
#551=ADVANCED_FACE('',(#1186),#1187,.F.);
#552=ADVANCED_FACE('',(#1188),#1189,.F.);
#553=ADVANCED_FACE('',(#1190),#1191,.F.);
#554=ADVANCED_FACE('',(#1192),#1193,.F.);
#555=ADVANCED_FACE('',(#1194),#1195,.T.);
#556=SURFACE_SIDE_STYLE('',(#1196));
#557=EDGE_LOOP('',(#1197,#1198,#1199,#1200));
#558=AXIS2_PLACEMENT_3D('',#1201,#1202,#1203);
#559=SURFACE_SIDE_STYLE('',(#1204));
#560=EDGE_LOOP('',(#1205,#1206,#1207,#1208));
#561=AXIS2_PLACEMENT_3D('',#1209,#1210,#1211);
#562=SURFACE_SIDE_STYLE('',(#1212));
#563=EDGE_LOOP('',(#1213,#1214,#1215,#1216,#1217,#1218,#1219,#1220,#1221,#1222,#1223,#1224));
#564=AXIS2_PLACEMENT_3D('',#1225,#1226,#1227);
#565=SURFACE_SIDE_STYLE('',(#1228));
#566=EDGE_LOOP('',(#1229,#1230,#1231,#1232));
#567=AXIS2_PLACEMENT_3D('',#1233,#1234,#1235);
#568=SURFACE_SIDE_STYLE('',(#1236));
#569=EDGE_LOOP('',(#1237,#1238,#1239,#1240,#1241,#1242,#1243,#1244,#1245,#1246,#1247,#1248));
#570=AXIS2_PLACEMENT_3D('',#1249,#1250,#1251);
#571=SURFACE_SIDE_STYLE('',(#1252));
#572=EDGE_LOOP('',(#1253,#1254,#1255,#1256));
#573=AXIS2_PLACEMENT_3D('',#1257,#1258,#1259);
#574=SURFACE_SIDE_STYLE('',(#1260));
#575=EDGE_LOOP('',(#1261,#1262,#1263,#1264));
#576=AXIS2_PLACEMENT_3D('',#1265,#1266,#1267);
#577=SURFACE_SIDE_STYLE('',(#1268));
#578=EDGE_LOOP('',(#1269,#1270,#1271,#1272));
#579=AXIS2_PLACEMENT_3D('',#1273,#1274,#1275);
#580=SURFACE_SIDE_STYLE('',(#1276));
#581=EDGE_LOOP('',(#1277,#1278,#1279,#1280));
#582=AXIS2_PLACEMENT_3D('',#1281,#1282,#1283);
#583=SURFACE_SIDE_STYLE('',(#1284));
#584=EDGE_LOOP('',(#1285,#1286,#1287,#1288));
#585=AXIS2_PLACEMENT_3D('',#1289,#1290,#1291);
#586=SURFACE_SIDE_STYLE('',(#1292));
#587=EDGE_LOOP('',(#1293,#1294,#1295,#1296));
#588=AXIS2_PLACEMENT_3D('',#1297,#1298,#1299);
#589=SURFACE_SIDE_STYLE('',(#1300));
#590=EDGE_LOOP('',(#1301,#1302,#1303,#1304));
#591=AXIS2_PLACEMENT_3D('',#1305,#1306,#1307);
#592=SURFACE_SIDE_STYLE('',(#1308));
#593=EDGE_LOOP('',(#1309,#1310,#1311,#1312));
#594=AXIS2_PLACEMENT_3D('',#1313,#1314,#1315);
#595=SURFACE_SIDE_STYLE('',(#1316));
#596=ADVANCED_FACE('',(#1317),#1318,.F.);
#597=ADVANCED_FACE('',(#1319),#1320,.F.);
#598=ADVANCED_FACE('',(#1321),#1322,.F.);
#599=ADVANCED_FACE('',(#1323),#1324,.F.);
#600=ADVANCED_FACE('',(#1325),#1326,.T.);
#601=ADVANCED_FACE('',(#1327),#1328,.T.);
#602=ADVANCED_FACE('',(#1329),#1330,.T.);
#603=ADVANCED_FACE('',(#1331),#1332,.T.);
#604=ADVANCED_FACE('',(#1333),#1334,.F.);
#605=ADVANCED_FACE('',(#1335),#1336,.F.);
#606=ADVANCED_FACE('',(#1337),#1338,.F.);
#607=ADVANCED_FACE('',(#1339),#1340,.F.);
#608=ADVANCED_FACE('',(#1341),#1342,.F.);
#609=ADVANCED_FACE('',(#1343),#1344,.F.);
#610=ADVANCED_FACE('',(#1345),#1346,.F.);
#611=ADVANCED_FACE('',(#1347),#1348,.T.);
#612=ADVANCED_FACE('',(#1349),#1350,.T.);
#613=ADVANCED_FACE('',(#1351),#1352,.T.);
#614=ADVANCED_FACE('',(#1353),#1354,.F.);
#615=ADVANCED_FACE('',(#1355),#1356,.F.);
#616=ADVANCED_FACE('',(#1357),#1358,.F.);
#617=ADVANCED_FACE('',(#1359),#1360,.T.);
#618=ADVANCED_FACE('',(#1361),#1362,.T.);
#619=ADVANCED_FACE('',(#1363,#1364),#1365,.F.);
#620=ADVANCED_FACE('',(#1366),#1367,.F.);
#621=ADVANCED_FACE('',(#1368),#1369,.F.);
#622=ADVANCED_FACE('',(#1370),#1371,.F.);
#623=ADVANCED_FACE('',(#1372),#1373,.F.);
#624=ADVANCED_FACE('',(#1374),#1375,.F.);
#625=ADVANCED_FACE('',(#1376),#1377,.F.);
#626=ADVANCED_FACE('',(#1378),#1379,.F.);
#627=ADVANCED_FACE('',(#1380),#1381,.T.);
#629=SURFACE_STYLE_FILL_AREA(#1382);
#630=FACE_OUTER_BOUND('',#1383,.T.);
#631=PLANE('',#1384);
#632=FACE_OUTER_BOUND('',#1385,.T.);
#633=PLANE('',#1386);
#634=FACE_OUTER_BOUND('',#1387,.T.);
#635=PLANE('',#1388);
#636=FACE_OUTER_BOUND('',#1389,.T.);
#637=CYLINDRICAL_SURFACE('',#1390,0.15);
#638=FACE_OUTER_BOUND('',#1391,.T.);
#639=PLANE('',#1392);
#640=FACE_OUTER_BOUND('',#1393,.T.);
#641=PLANE('',#1394);
#642=FACE_OUTER_BOUND('',#1395,.T.);
#643=PLANE('',#1396);
#644=FACE_OUTER_BOUND('',#1397,.T.);
#645=PLANE('',#1398);
#646=FACE_OUTER_BOUND('',#1399,.T.);
#647=PLANE('',#1400);
#648=FACE_OUTER_BOUND('',#1401,.T.);
#649=PLANE('',#1402);
#650=FACE_OUTER_BOUND('',#1403,.T.);
#651=PLANE('',#1404);
#652=FACE_OUTER_BOUND('',#1405,.T.);
#653=PLANE('',#1406);
#654=FACE_OUTER_BOUND('',#1407,.T.);
#655=PLANE('',#1408);
#656=FACE_OUTER_BOUND('',#1409,.T.);
#657=PLANE('',#1410);
#658=FACE_OUTER_BOUND('',#1411,.T.);
#659=PLANE('',#1412);
#660=FACE_OUTER_BOUND('',#1413,.T.);
#661=PLANE('',#1414);
#662=FACE_OUTER_BOUND('',#1415,.T.);
#663=CYLINDRICAL_SURFACE('',#1416,0.15);
#664=FACE_OUTER_BOUND('',#1417,.T.);
#665=PLANE('',#1418);
#666=FACE_OUTER_BOUND('',#1419,.T.);
#667=PLANE('',#1420);
#668=FACE_OUTER_BOUND('',#1421,.T.);
#669=PLANE('',#1422);
#670=FACE_OUTER_BOUND('',#1423,.T.);
#671=PLANE('',#1424);
#672=FACE_OUTER_BOUND('',#1425,.T.);
#673=PLANE('',#1426);
#674=FACE_OUTER_BOUND('',#1427,.T.);
#675=CYLINDRICAL_SURFACE('',#1428,0.15);
#676=FACE_OUTER_BOUND('',#1429,.T.);
#677=CYLINDRICAL_SURFACE('',#1430,0.15);
#678=FACE_OUTER_BOUND('',#1431,.T.);
#679=PLANE('',#1432);
#680=FACE_OUTER_BOUND('',#1433,.T.);
#681=CYLINDRICAL_SURFACE('',#1434,0.15);
#682=FACE_OUTER_BOUND('',#1435,.T.);
#683=PLANE('',#1436);
#684=FACE_OUTER_BOUND('',#1437,.T.);
#685=PLANE('',#1438);
#686=FACE_OUTER_BOUND('',#1439,.T.);
#687=PLANE('',#1440);
#688=FACE_OUTER_BOUND('',#1441,.T.);
#689=CYLINDRICAL_SURFACE('',#1442,0.15);
#690=FACE_OUTER_BOUND('',#1443,.T.);
#691=PLANE('',#1444);
#692=FACE_OUTER_BOUND('',#1445,.T.);
#693=PLANE('',#1446);
#694=FACE_OUTER_BOUND('',#1447,.T.);
#695=CYLINDRICAL_SURFACE('',#1448,0.15);
#696=FACE_OUTER_BOUND('',#1449,.T.);
#697=PLANE('',#1450);
#698=FACE_OUTER_BOUND('',#1451,.T.);
#699=PLANE('',#1452);
#700=FACE_OUTER_BOUND('',#1453,.T.);
#701=CYLINDRICAL_SURFACE('',#1454,0.15);
#702=FACE_OUTER_BOUND('',#1455,.T.);
#703=CYLINDRICAL_SURFACE('',#1456,0.15);
#704=FACE_OUTER_BOUND('',#1457,.T.);
#705=PLANE('',#1458);
#706=FACE_OUTER_BOUND('',#1459,.T.);
#707=PLANE('',#1460);
#708=FACE_OUTER_BOUND('',#1461,.T.);
#709=CYLINDRICAL_SURFACE('',#1462,0.15);
#710=FACE_OUTER_BOUND('',#1463,.T.);
#711=CYLINDRICAL_SURFACE('',#1464,0.15);
#712=FACE_OUTER_BOUND('',#1465,.T.);
#713=CYLINDRICAL_SURFACE('',#1466,0.15);
#714=FACE_OUTER_BOUND('',#1467,.T.);
#715=PLANE('',#1468);
#716=FACE_OUTER_BOUND('',#1469,.T.);
#717=FACE_BOUND('',#1470,.T.);
#718=FACE_BOUND('',#1471,.T.);
#719=FACE_BOUND('',#1472,.T.);
#720=PLANE('',#1473);
#721=FACE_OUTER_BOUND('',#1474,.T.);
#722=PLANE('',#1475);
#723=FACE_OUTER_BOUND('',#1476,.T.);
#724=FACE_BOUND('',#1477,.T.);
#725=FACE_BOUND('',#1478,.T.);
#726=FACE_BOUND('',#1479,.T.);
#727=PLANE('',#1480);
#728=FACE_OUTER_BOUND('',#1481,.T.);
#729=PLANE('',#1482);
#730=FACE_OUTER_BOUND('',#1483,.T.);
#731=PLANE('',#1484);
#732=FACE_OUTER_BOUND('',#1485,.T.);
#733=PLANE('',#1486);
#734=FACE_OUTER_BOUND('',#1487,.T.);
#735=PLANE('',#1488);
#736=FACE_OUTER_BOUND('',#1489,.T.);
#737=PLANE('',#1490);
#738=FACE_OUTER_BOUND('',#1491,.T.);
#739=PLANE('',#1492);
#740=FACE_OUTER_BOUND('',#1493,.T.);
#741=PLANE('',#1494);
#742=FACE_OUTER_BOUND('',#1495,.T.);
#743=PLANE('',#1496);
#744=FACE_OUTER_BOUND('',#1497,.T.);
#745=PLANE('',#1498);
#746=FACE_OUTER_BOUND('',#1499,.T.);
#747=PLANE('',#1500);
#748=FACE_OUTER_BOUND('',#1501,.T.);
#749=PLANE('',#1502);
#750=FACE_OUTER_BOUND('',#1503,.T.);
#751=PLANE('',#1504);
#752=FACE_OUTER_BOUND('',#1505,.T.);
#753=PLANE('',#1506);
#754=FACE_OUTER_BOUND('',#1507,.T.);
#755=PLANE('',#1508);
#756=FACE_OUTER_BOUND('',#1509,.T.);
#757=PLANE('',#1510);
#758=FACE_OUTER_BOUND('',#1511,.T.);
#759=PLANE('',#1512);
#760=FACE_OUTER_BOUND('',#1513,.T.);
#761=PLANE('',#1514);
#762=FACE_OUTER_BOUND('',#1515,.T.);
#763=PLANE('',#1516);
#764=FACE_OUTER_BOUND('',#1517,.T.);
#765=PLANE('',#1518);
#766=FACE_OUTER_BOUND('',#1519,.T.);
#767=PLANE('',#1520);
#768=FACE_OUTER_BOUND('',#1521,.T.);
#769=PLANE('',#1522);
#770=FACE_OUTER_BOUND('',#1523,.T.);
#771=PLANE('',#1524);
#772=FACE_OUTER_BOUND('',#1525,.T.);
#773=PLANE('',#1526);
#774=FACE_OUTER_BOUND('',#1527,.T.);
#775=PLANE('',#1528);
#776=FACE_OUTER_BOUND('',#1529,.T.);
#777=PLANE('',#1530);
#778=FACE_OUTER_BOUND('',#1531,.T.);
#779=PLANE('',#1532);
#780=FACE_OUTER_BOUND('',#1533,.T.);
#781=PLANE('',#1534);
#782=FACE_OUTER_BOUND('',#1535,.T.);
#783=PLANE('',#1536);
#784=FACE_OUTER_BOUND('',#1537,.T.);
#785=PLANE('',#1538);
#786=FACE_OUTER_BOUND('',#1539,.T.);
#787=PLANE('',#1540);
#788=FACE_OUTER_BOUND('',#1541,.T.);
#789=PLANE('',#1542);
#790=FACE_OUTER_BOUND('',#1543,.T.);
#791=PLANE('',#1544);
#792=FACE_OUTER_BOUND('',#1545,.T.);
#793=PLANE('',#1546);
#794=FACE_OUTER_BOUND('',#1547,.T.);
#795=PLANE('',#1548);
#796=FACE_OUTER_BOUND('',#1549,.T.);
#797=PLANE('',#1550);
#798=FACE_OUTER_BOUND('',#1551,.T.);
#799=PLANE('',#1552);
#800=FACE_OUTER_BOUND('',#1553,.T.);
#801=PLANE('',#1554);
#802=FACE_OUTER_BOUND('',#1555,.T.);
#803=PLANE('',#1556);
#804=FACE_OUTER_BOUND('',#1557,.T.);
#805=PLANE('',#1558);
#806=FACE_OUTER_BOUND('',#1559,.T.);
#807=PLANE('',#1560);
#808=FACE_OUTER_BOUND('',#1561,.T.);
#809=PLANE('',#1562);
#810=FACE_OUTER_BOUND('',#1563,.T.);
#811=PLANE('',#1564);
#812=FACE_OUTER_BOUND('',#1565,.T.);
#813=PLANE('',#1566);
#814=FACE_OUTER_BOUND('',#1567,.T.);
#815=PLANE('',#1568);
#816=FACE_OUTER_BOUND('',#1569,.T.);
#817=PLANE('',#1570);
#818=FACE_OUTER_BOUND('',#1571,.T.);
#819=PLANE('',#1572);
#820=FACE_OUTER_BOUND('',#1573,.T.);
#821=PLANE('',#1574);
#822=FACE_OUTER_BOUND('',#1575,.T.);
#823=PLANE('',#1576);
#824=SURFACE_STYLE_FILL_AREA(#1577);
#825=ORIENTED_EDGE('',*,*,#1578,.F.);
#826=ORIENTED_EDGE('',*,*,#1579,.F.);
#827=ORIENTED_EDGE('',*,*,#1580,.T.);
#828=ORIENTED_EDGE('',*,*,#1581,.T.);
#829=CARTESIAN_POINT('',(0.752,-3.129902806565,2.25));
#830=DIRECTION('',(1.0,0.0,-0.0));
#831=DIRECTION('',(0.0,0.0,1.0));
#832=SURFACE_STYLE_FILL_AREA(#1582);
#833=ORIENTED_EDGE('',*,*,#1578,.T.);
#834=ORIENTED_EDGE('',*,*,#1583,.F.);
#835=ORIENTED_EDGE('',*,*,#1584,.F.);
#836=ORIENTED_EDGE('',*,*,#1585,.F.);
#837=CARTESIAN_POINT('',(0.432,-3.062502680099,4.88576));
#838=DIRECTION('',(0.0,0.0,1.0));
#839=DIRECTION('',(1.0,0.0,0.0));
#840=SURFACE_STYLE_FILL_AREA(#1586);
#841=ORIENTED_EDGE('',*,*,#1587,.T.);
#842=ORIENTED_EDGE('',*,*,#1588,.T.);
#843=ORIENTED_EDGE('',*,*,#1589,.T.);
#844=ORIENTED_EDGE('',*,*,#1590,.T.);
#845=ORIENTED_EDGE('',*,*,#1591,.T.);
#846=ORIENTED_EDGE('',*,*,#1592,.T.);
#847=ORIENTED_EDGE('',*,*,#1593,.T.);
#848=ORIENTED_EDGE('',*,*,#1594,.F.);
#849=ORIENTED_EDGE('',*,*,#1595,.T.);
#850=ORIENTED_EDGE('',*,*,#1579,.T.);
#851=ORIENTED_EDGE('',*,*,#1585,.T.);
#852=ORIENTED_EDGE('',*,*,#1596,.T.);
#853=CARTESIAN_POINT('',(1.25,-5.977517111232,2.25));
#854=DIRECTION('',(0.0,0.0,-1.0));
#855=DIRECTION('',(0.0,1.0,0.0));
#856=SURFACE_STYLE_FILL_AREA(#1597);
#857=ORIENTED_EDGE('',*,*,#1598,.F.);
#858=ORIENTED_EDGE('',*,*,#1599,.F.);
#859=ORIENTED_EDGE('',*,*,#1587,.F.);
#860=ORIENTED_EDGE('',*,*,#1600,.T.);
#861=CARTESIAN_POINT('',(0.64,-5.102463421206,4.88576));
#862=DIRECTION('',(0.0,0.0,1.0));
#863=DIRECTION('',(-1.0,0.0,0.0));
#864=SURFACE_STYLE_FILL_AREA(#1601);
#865=ORIENTED_EDGE('',*,*,#1598,.T.);
#866=ORIENTED_EDGE('',*,*,#1602,.F.);
#867=ORIENTED_EDGE('',*,*,#1583,.T.);
#868=ORIENTED_EDGE('',*,*,#1581,.F.);
#869=ORIENTED_EDGE('',*,*,#1603,.F.);
#870=ORIENTED_EDGE('',*,*,#1604,.T.);
#871=ORIENTED_EDGE('',*,*,#1605,.T.);
#872=ORIENTED_EDGE('',*,*,#1606,.F.);
#873=ORIENTED_EDGE('',*,*,#1607,.T.);
#874=ORIENTED_EDGE('',*,*,#1608,.F.);
#875=ORIENTED_EDGE('',*,*,#1609,.F.);
#876=ORIENTED_EDGE('',*,*,#1610,.F.);
#877=CARTESIAN_POINT('',(1.25,-2.057517111232,1.75));
#878=DIRECTION('',(0.0,0.0,1.0));
#879=DIRECTION('',(1.0,0.0,0.0));
#880=SURFACE_STYLE_FILL_AREA(#1611);
#881=ORIENTED_EDGE('',*,*,#1599,.T.);
#882=ORIENTED_EDGE('',*,*,#1610,.T.);
#883=ORIENTED_EDGE('',*,*,#1612,.T.);
#884=ORIENTED_EDGE('',*,*,#1588,.F.);
#885=CARTESIAN_POINT('',(0.0,-4.977517111232,1.2));
#886=DIRECTION('',(-1.0,0.0,0.0));
#887=DIRECTION('',(0.0,-1.0,0.0));
#888=SURFACE_STYLE_FILL_AREA(#1613);
#889=ORIENTED_EDGE('',*,*,#1609,.T.);
#890=ORIENTED_EDGE('',*,*,#1614,.T.);
#891=ORIENTED_EDGE('',*,*,#1589,.F.);
#892=ORIENTED_EDGE('',*,*,#1612,.F.);
#893=CARTESIAN_POINT('',(0.0,-5.977517111232,1.2));
#894=DIRECTION('',(0.0,-1.0,0.0));
#895=DIRECTION('',(-1.0,0.0,0.0));
#896=SURFACE_STYLE_FILL_AREA(#1615);
#897=ORIENTED_EDGE('',*,*,#1616,.T.);
#898=ORIENTED_EDGE('',*,*,#1590,.F.);
#899=ORIENTED_EDGE('',*,*,#1614,.F.);
#900=ORIENTED_EDGE('',*,*,#1608,.T.);
#901=CARTESIAN_POINT('',(0.5,-5.977517111232,1.2));
#902=DIRECTION('',(1.0,0.0,-0.0));
#903=DIRECTION('',(0.0,0.0,1.0));
#904=SURFACE_STYLE_FILL_AREA(#1617);
#905=ORIENTED_EDGE('',*,*,#1618,.T.);
#906=ORIENTED_EDGE('',*,*,#1591,.F.);
#907=ORIENTED_EDGE('',*,*,#1616,.F.);
#908=ORIENTED_EDGE('',*,*,#1607,.F.);
#909=CARTESIAN_POINT('',(0.82,-5.1376045708862,-0.88576));
#910=DIRECTION('',(0.0,0.0,-1.0));
#911=DIRECTION('',(-0.926570295370058,0.376121639550083,0.0));
#912=SURFACE_STYLE_FILL_AREA(#1619);
#913=ORIENTED_EDGE('',*,*,#1620,.T.);
#914=ORIENTED_EDGE('',*,*,#1592,.F.);
#915=ORIENTED_EDGE('',*,*,#1618,.F.);
#916=ORIENTED_EDGE('',*,*,#1606,.T.);
#917=CARTESIAN_POINT('',(0.5,-5.0751314158992,1.2));
#918=DIRECTION('',(0.926570295370059,-0.376121639550083,0.0));
#919=DIRECTION('',(0.0,0.0,-1.0));
#920=SURFACE_STYLE_FILL_AREA(#1621);
#921=ORIENTED_EDGE('',*,*,#1593,.F.);
#922=ORIENTED_EDGE('',*,*,#1620,.F.);
#923=ORIENTED_EDGE('',*,*,#1605,.F.);
#924=ORIENTED_EDGE('',*,*,#1622,.T.);
#925=CARTESIAN_POINT('',(0.608,-3.107497772737,-0.88576));
#926=DIRECTION('',(0.0,0.0,-1.0));
#927=DIRECTION('',(0.926570295370058,-0.376121639550083,0.0));
#928=SURFACE_STYLE_FILL_AREA(#1623);
#929=ORIENTED_EDGE('',*,*,#1622,.F.);
#930=ORIENTED_EDGE('',*,*,#1604,.F.);
#931=ORIENTED_EDGE('',*,*,#1624,.F.);
#932=ORIENTED_EDGE('',*,*,#1594,.T.);
#933=CARTESIAN_POINT('',(1.248,-2.057517111232,2.25));
#934=DIRECTION('',(-1.0,0.0,0.0));
#935=DIRECTION('',(0.0,-1.0,0.0));
#936=SURFACE_STYLE_FILL_AREA(#1625);
#937=ORIENTED_EDGE('',*,*,#1600,.F.);
#938=ORIENTED_EDGE('',*,*,#1596,.F.);
#939=ORIENTED_EDGE('',*,*,#1584,.T.);
#940=ORIENTED_EDGE('',*,*,#1602,.T.);
#941=CARTESIAN_POINT('',(0.75,-3.129902806565,1.2));
#942=DIRECTION('',(-0.926570295370059,0.376121639550083,0.0));
#943=DIRECTION('',(0.0,0.0,-1.0));
#944=SURFACE_STYLE_FILL_AREA(#1626);
#945=FACE_OUTER_BOUND('',#1627,.T.);
#946=CYLINDRICAL_SURFACE('',#1628,0.1);
#947=FACE_OUTER_BOUND('',#1629,.T.);
#948=CYLINDRICAL_SURFACE('',#1630,0.1);
#949=FACE_OUTER_BOUND('',#1631,.T.);
#950=PLANE('',#1632);
#951=FACE_OUTER_BOUND('',#1633,.T.);
#952=PLANE('',#1634);
#953=FACE_OUTER_BOUND('',#1635,.T.);
#954=PLANE('',#1636);
#955=FACE_OUTER_BOUND('',#1637,.T.);
#956=PLANE('',#1638);
#957=FACE_OUTER_BOUND('',#1639,.T.);
#958=PLANE('',#1640);
#959=FACE_OUTER_BOUND('',#1641,.T.);
#960=PLANE('',#1642);
#961=FACE_OUTER_BOUND('',#1643,.T.);
#962=PLANE('',#1644);
#963=FACE_OUTER_BOUND('',#1645,.T.);
#964=PLANE('',#1646);
#965=FACE_OUTER_BOUND('',#1647,.T.);
#966=PLANE('',#1648);
#967=FACE_OUTER_BOUND('',#1649,.T.);
#968=CYLINDRICAL_SURFACE('',#1650,0.325);
#969=FACE_OUTER_BOUND('',#1651,.T.);
#970=PLANE('',#1652);
#971=FACE_OUTER_BOUND('',#1653,.T.);
#972=PLANE('',#1654);
#973=FACE_OUTER_BOUND('',#1655,.T.);
#974=PLANE('',#1656);
#975=FACE_OUTER_BOUND('',#1657,.T.);
#976=PLANE('',#1658);
#977=FACE_OUTER_BOUND('',#1659,.T.);
#978=PLANE('',#1660);
#979=FACE_OUTER_BOUND('',#1661,.T.);
#980=CYLINDRICAL_SURFACE('',#1662,0.15);
#981=FACE_OUTER_BOUND('',#1663,.T.);
#982=PLANE('',#1664);
#983=FACE_OUTER_BOUND('',#1665,.T.);
#984=PLANE('',#1666);
#985=FACE_OUTER_BOUND('',#1667,.T.);
#986=PLANE('',#1668);
#987=FACE_OUTER_BOUND('',#1669,.T.);
#988=PLANE('',#1670);
#989=FACE_OUTER_BOUND('',#1671,.T.);
#990=PLANE('',#1672);
#991=FACE_OUTER_BOUND('',#1673,.T.);
#992=FACE_BOUND('',#1674,.T.);
#993=PLANE('',#1675);
#994=FACE_OUTER_BOUND('',#1676,.T.);
#995=PLANE('',#1677);
#996=FACE_OUTER_BOUND('',#1678,.T.);
#997=CYLINDRICAL_SURFACE('',#1679,0.1);
#998=FACE_OUTER_BOUND('',#1680,.T.);
#999=PLANE('',#1681);
#1000=FACE_OUTER_BOUND('',#1682,.T.);
#1001=CYLINDRICAL_SURFACE('',#1683,0.1);
#1002=FACE_OUTER_BOUND('',#1684,.T.);
#1003=PLANE('',#1685);
#1004=FACE_OUTER_BOUND('',#1686,.T.);
#1005=PLANE('',#1687);
#1006=FACE_OUTER_BOUND('',#1688,.T.);
#1007=PLANE('',#1689);
#1008=FACE_OUTER_BOUND('',#1690,.T.);
#1009=CYLINDRICAL_SURFACE('',#1691,0.15);
#1010=SURFACE_STYLE_FILL_AREA(#1692);
#1011=ORIENTED_EDGE('',*,*,#1693,.F.);
#1012=ORIENTED_EDGE('',*,*,#1694,.F.);
#1013=ORIENTED_EDGE('',*,*,#1695,.T.);
#1014=ORIENTED_EDGE('',*,*,#1696,.T.);
#1015=CARTESIAN_POINT('',(0.752,-3.129902806565,0.25));
#1016=DIRECTION('',(1.0,0.0,-0.0));
#1017=DIRECTION('',(0.0,0.0,1.0));
#1018=SURFACE_STYLE_FILL_AREA(#1697);
#1019=ORIENTED_EDGE('',*,*,#1693,.T.);
#1020=ORIENTED_EDGE('',*,*,#1698,.F.);
#1021=ORIENTED_EDGE('',*,*,#1699,.F.);
#1022=ORIENTED_EDGE('',*,*,#1700,.F.);
#1023=CARTESIAN_POINT('',(0.432,-3.062502680099,2.88576));
#1024=DIRECTION('',(0.0,0.0,1.0));
#1025=DIRECTION('',(1.0,0.0,0.0));
#1026=SURFACE_STYLE_FILL_AREA(#1701);
#1027=ORIENTED_EDGE('',*,*,#1702,.T.);
#1028=ORIENTED_EDGE('',*,*,#1703,.T.);
#1029=ORIENTED_EDGE('',*,*,#1704,.T.);
#1030=ORIENTED_EDGE('',*,*,#1705,.T.);
#1031=ORIENTED_EDGE('',*,*,#1706,.T.);
#1032=ORIENTED_EDGE('',*,*,#1707,.T.);
#1033=ORIENTED_EDGE('',*,*,#1708,.T.);
#1034=ORIENTED_EDGE('',*,*,#1709,.F.);
#1035=ORIENTED_EDGE('',*,*,#1710,.T.);
#1036=ORIENTED_EDGE('',*,*,#1694,.T.);
#1037=ORIENTED_EDGE('',*,*,#1700,.T.);
#1038=ORIENTED_EDGE('',*,*,#1711,.T.);
#1039=CARTESIAN_POINT('',(1.25,-5.977517111232,0.25));
#1040=DIRECTION('',(0.0,0.0,-1.0));
#1041=DIRECTION('',(0.0,1.0,0.0));
#1042=SURFACE_STYLE_FILL_AREA(#1712);
#1043=ORIENTED_EDGE('',*,*,#1713,.F.);
#1044=ORIENTED_EDGE('',*,*,#1714,.F.);
#1045=ORIENTED_EDGE('',*,*,#1702,.F.);
#1046=ORIENTED_EDGE('',*,*,#1715,.T.);
#1047=CARTESIAN_POINT('',(0.64,-5.102463421206,2.88576));
#1048=DIRECTION('',(0.0,0.0,1.0));
#1049=DIRECTION('',(-1.0,0.0,0.0));
#1050=SURFACE_STYLE_FILL_AREA(#1716);
#1051=ORIENTED_EDGE('',*,*,#1713,.T.);
#1052=ORIENTED_EDGE('',*,*,#1717,.F.);
#1053=ORIENTED_EDGE('',*,*,#1698,.T.);
#1054=ORIENTED_EDGE('',*,*,#1696,.F.);
#1055=ORIENTED_EDGE('',*,*,#1718,.F.);
#1056=ORIENTED_EDGE('',*,*,#1719,.T.);
#1057=ORIENTED_EDGE('',*,*,#1720,.T.);
#1058=ORIENTED_EDGE('',*,*,#1721,.F.);
#1059=ORIENTED_EDGE('',*,*,#1722,.T.);
#1060=ORIENTED_EDGE('',*,*,#1723,.F.);
#1061=ORIENTED_EDGE('',*,*,#1724,.F.);
#1062=ORIENTED_EDGE('',*,*,#1725,.F.);
#1063=CARTESIAN_POINT('',(1.25,-2.057517111232,-0.25));
#1064=DIRECTION('',(0.0,0.0,1.0));
#1065=DIRECTION('',(1.0,0.0,0.0));
#1066=SURFACE_STYLE_FILL_AREA(#1726);
#1067=ORIENTED_EDGE('',*,*,#1714,.T.);
#1068=ORIENTED_EDGE('',*,*,#1725,.T.);
#1069=ORIENTED_EDGE('',*,*,#1727,.T.);
#1070=ORIENTED_EDGE('',*,*,#1703,.F.);
#1071=CARTESIAN_POINT('',(0.0,-4.977517111232,-0.8));
#1072=DIRECTION('',(-1.0,0.0,0.0));
#1073=DIRECTION('',(0.0,-1.0,0.0));
#1074=SURFACE_STYLE_FILL_AREA(#1728);
#1075=ORIENTED_EDGE('',*,*,#1724,.T.);
#1076=ORIENTED_EDGE('',*,*,#1729,.T.);
#1077=ORIENTED_EDGE('',*,*,#1704,.F.);
#1078=ORIENTED_EDGE('',*,*,#1727,.F.);
#1079=CARTESIAN_POINT('',(0.0,-5.977517111232,-0.8));
#1080=DIRECTION('',(0.0,-1.0,0.0));
#1081=DIRECTION('',(-1.0,0.0,0.0));
#1082=SURFACE_STYLE_FILL_AREA(#1730);
#1083=ORIENTED_EDGE('',*,*,#1731,.T.);
#1084=ORIENTED_EDGE('',*,*,#1705,.F.);
#1085=ORIENTED_EDGE('',*,*,#1729,.F.);
#1086=ORIENTED_EDGE('',*,*,#1723,.T.);
#1087=CARTESIAN_POINT('',(0.5,-5.977517111232,-0.8));
#1088=DIRECTION('',(1.0,0.0,-0.0));
#1089=DIRECTION('',(0.0,0.0,1.0));
#1090=SURFACE_STYLE_FILL_AREA(#1732);
#1091=ORIENTED_EDGE('',*,*,#1733,.T.);
#1092=ORIENTED_EDGE('',*,*,#1706,.F.);
#1093=ORIENTED_EDGE('',*,*,#1731,.F.);
#1094=ORIENTED_EDGE('',*,*,#1722,.F.);
#1095=CARTESIAN_POINT('',(0.82,-5.1376045708862,-2.88576));
#1096=DIRECTION('',(0.0,0.0,-1.0));
#1097=DIRECTION('',(-0.926570295370058,0.376121639550083,0.0));
#1098=SURFACE_STYLE_FILL_AREA(#1734);
#1099=ORIENTED_EDGE('',*,*,#1735,.T.);
#1100=ORIENTED_EDGE('',*,*,#1707,.F.);
#1101=ORIENTED_EDGE('',*,*,#1733,.F.);
#1102=ORIENTED_EDGE('',*,*,#1721,.T.);
#1103=CARTESIAN_POINT('',(0.5,-5.0751314158992,-0.8));
#1104=DIRECTION('',(0.926570295370059,-0.376121639550083,0.0));
#1105=DIRECTION('',(0.0,0.0,-1.0));
#1106=SURFACE_STYLE_FILL_AREA(#1736);
#1107=ORIENTED_EDGE('',*,*,#1708,.F.);
#1108=ORIENTED_EDGE('',*,*,#1735,.F.);
#1109=ORIENTED_EDGE('',*,*,#1720,.F.);
#1110=ORIENTED_EDGE('',*,*,#1737,.T.);
#1111=CARTESIAN_POINT('',(0.608,-3.107497772737,-2.88576));
#1112=DIRECTION('',(0.0,0.0,-1.0));
#1113=DIRECTION('',(0.926570295370058,-0.376121639550083,0.0));
#1114=SURFACE_STYLE_FILL_AREA(#1738);
#1115=ORIENTED_EDGE('',*,*,#1737,.F.);
#1116=ORIENTED_EDGE('',*,*,#1719,.F.);
#1117=ORIENTED_EDGE('',*,*,#1739,.F.);
#1118=ORIENTED_EDGE('',*,*,#1709,.T.);
#1119=CARTESIAN_POINT('',(1.248,-2.057517111232,0.25));
#1120=DIRECTION('',(-1.0,0.0,0.0));
#1121=DIRECTION('',(0.0,-1.0,0.0));
#1122=SURFACE_STYLE_FILL_AREA(#1740);
#1123=ORIENTED_EDGE('',*,*,#1715,.F.);
#1124=ORIENTED_EDGE('',*,*,#1711,.F.);
#1125=ORIENTED_EDGE('',*,*,#1699,.T.);
#1126=ORIENTED_EDGE('',*,*,#1717,.T.);
#1127=CARTESIAN_POINT('',(0.75,-3.129902806565,-0.8));
#1128=DIRECTION('',(-0.926570295370059,0.376121639550083,0.0));
#1129=DIRECTION('',(0.0,0.0,-1.0));
#1130=SURFACE_STYLE_FILL_AREA(#1741);
#1131=FACE_OUTER_BOUND('',#1742,.T.);
#1132=CYLINDRICAL_SURFACE('',#1743,0.1);
#1133=FACE_OUTER_BOUND('',#1744,.T.);
#1134=CYLINDRICAL_SURFACE('',#1745,0.1);
#1135=FACE_OUTER_BOUND('',#1746,.T.);
#1136=PLANE('',#1747);
#1137=FACE_OUTER_BOUND('',#1748,.T.);
#1138=PLANE('',#1749);
#1139=FACE_OUTER_BOUND('',#1750,.T.);
#1140=PLANE('',#1751);
#1141=FACE_OUTER_BOUND('',#1752,.T.);
#1142=PLANE('',#1753);
#1143=FACE_OUTER_BOUND('',#1754,.T.);
#1144=PLANE('',#1755);
#1145=FACE_OUTER_BOUND('',#1756,.T.);
#1146=PLANE('',#1757);
#1147=FACE_OUTER_BOUND('',#1758,.T.);
#1148=PLANE('',#1759);
#1149=FACE_OUTER_BOUND('',#1760,.T.);
#1150=PLANE('',#1761);
#1151=FACE_OUTER_BOUND('',#1762,.T.);
#1152=PLANE('',#1763);
#1153=FACE_OUTER_BOUND('',#1764,.T.);
#1154=CYLINDRICAL_SURFACE('',#1765,0.325);
#1155=FACE_OUTER_BOUND('',#1766,.T.);
#1156=PLANE('',#1767);
#1157=FACE_OUTER_BOUND('',#1768,.T.);
#1158=PLANE('',#1769);
#1159=FACE_OUTER_BOUND('',#1770,.T.);
#1160=PLANE('',#1771);
#1161=FACE_OUTER_BOUND('',#1772,.T.);
#1162=PLANE('',#1773);
#1163=FACE_OUTER_BOUND('',#1774,.T.);
#1164=PLANE('',#1775);
#1165=FACE_OUTER_BOUND('',#1776,.T.);
#1166=CYLINDRICAL_SURFACE('',#1777,0.15);
#1167=FACE_OUTER_BOUND('',#1778,.T.);
#1168=PLANE('',#1779);
#1169=FACE_OUTER_BOUND('',#1780,.T.);
#1170=PLANE('',#1781);
#1171=FACE_OUTER_BOUND('',#1782,.T.);
#1172=PLANE('',#1783);
#1173=FACE_OUTER_BOUND('',#1784,.T.);
#1174=PLANE('',#1785);
#1175=FACE_OUTER_BOUND('',#1786,.T.);
#1176=PLANE('',#1787);
#1177=FACE_OUTER_BOUND('',#1788,.T.);
#1178=FACE_BOUND('',#1789,.T.);
#1179=PLANE('',#1790);
#1180=FACE_OUTER_BOUND('',#1791,.T.);
#1181=PLANE('',#1792);
#1182=FACE_OUTER_BOUND('',#1793,.T.);
#1183=CYLINDRICAL_SURFACE('',#1794,0.1);
#1184=FACE_OUTER_BOUND('',#1795,.T.);
#1185=PLANE('',#1796);
#1186=FACE_OUTER_BOUND('',#1797,.T.);
#1187=CYLINDRICAL_SURFACE('',#1798,0.1);
#1188=FACE_OUTER_BOUND('',#1799,.T.);
#1189=PLANE('',#1800);
#1190=FACE_OUTER_BOUND('',#1801,.T.);
#1191=PLANE('',#1802);
#1192=FACE_OUTER_BOUND('',#1803,.T.);
#1193=PLANE('',#1804);
#1194=FACE_OUTER_BOUND('',#1805,.T.);
#1195=CYLINDRICAL_SURFACE('',#1806,0.15);
#1196=SURFACE_STYLE_FILL_AREA(#1807);
#1197=ORIENTED_EDGE('',*,*,#1808,.F.);
#1198=ORIENTED_EDGE('',*,*,#1809,.F.);
#1199=ORIENTED_EDGE('',*,*,#1810,.T.);
#1200=ORIENTED_EDGE('',*,*,#1811,.T.);
#1201=CARTESIAN_POINT('',(0.752,-3.129902806565,-1.75));
#1202=DIRECTION('',(1.0,0.0,-0.0));
#1203=DIRECTION('',(0.0,0.0,1.0));
#1204=SURFACE_STYLE_FILL_AREA(#1812);
#1205=ORIENTED_EDGE('',*,*,#1808,.T.);
#1206=ORIENTED_EDGE('',*,*,#1813,.F.);
#1207=ORIENTED_EDGE('',*,*,#1814,.F.);
#1208=ORIENTED_EDGE('',*,*,#1815,.F.);
#1209=CARTESIAN_POINT('',(0.432,-3.062502680099,0.88576));
#1210=DIRECTION('',(0.0,0.0,1.0));
#1211=DIRECTION('',(1.0,0.0,0.0));
#1212=SURFACE_STYLE_FILL_AREA(#1816);
#1213=ORIENTED_EDGE('',*,*,#1817,.T.);
#1214=ORIENTED_EDGE('',*,*,#1818,.T.);
#1215=ORIENTED_EDGE('',*,*,#1819,.T.);
#1216=ORIENTED_EDGE('',*,*,#1820,.T.);
#1217=ORIENTED_EDGE('',*,*,#1821,.T.);
#1218=ORIENTED_EDGE('',*,*,#1822,.T.);
#1219=ORIENTED_EDGE('',*,*,#1823,.T.);
#1220=ORIENTED_EDGE('',*,*,#1824,.F.);
#1221=ORIENTED_EDGE('',*,*,#1825,.T.);
#1222=ORIENTED_EDGE('',*,*,#1809,.T.);
#1223=ORIENTED_EDGE('',*,*,#1815,.T.);
#1224=ORIENTED_EDGE('',*,*,#1826,.T.);
#1225=CARTESIAN_POINT('',(1.25,-5.977517111232,-1.75));
#1226=DIRECTION('',(0.0,0.0,-1.0));
#1227=DIRECTION('',(0.0,1.0,0.0));
#1228=SURFACE_STYLE_FILL_AREA(#1827);
#1229=ORIENTED_EDGE('',*,*,#1828,.F.);
#1230=ORIENTED_EDGE('',*,*,#1829,.F.);
#1231=ORIENTED_EDGE('',*,*,#1817,.F.);
#1232=ORIENTED_EDGE('',*,*,#1830,.T.);
#1233=CARTESIAN_POINT('',(0.64,-5.102463421206,0.88576));
#1234=DIRECTION('',(0.0,0.0,1.0));
#1235=DIRECTION('',(-1.0,0.0,0.0));
#1236=SURFACE_STYLE_FILL_AREA(#1831);
#1237=ORIENTED_EDGE('',*,*,#1828,.T.);
#1238=ORIENTED_EDGE('',*,*,#1832,.F.);
#1239=ORIENTED_EDGE('',*,*,#1813,.T.);
#1240=ORIENTED_EDGE('',*,*,#1811,.F.);
#1241=ORIENTED_EDGE('',*,*,#1833,.F.);
#1242=ORIENTED_EDGE('',*,*,#1834,.T.);
#1243=ORIENTED_EDGE('',*,*,#1835,.T.);
#1244=ORIENTED_EDGE('',*,*,#1836,.F.);
#1245=ORIENTED_EDGE('',*,*,#1837,.T.);
#1246=ORIENTED_EDGE('',*,*,#1838,.F.);
#1247=ORIENTED_EDGE('',*,*,#1839,.F.);
#1248=ORIENTED_EDGE('',*,*,#1840,.F.);
#1249=CARTESIAN_POINT('',(1.25,-2.057517111232,-2.25));
#1250=DIRECTION('',(0.0,0.0,1.0));
#1251=DIRECTION('',(1.0,0.0,0.0));
#1252=SURFACE_STYLE_FILL_AREA(#1841);
#1253=ORIENTED_EDGE('',*,*,#1829,.T.);
#1254=ORIENTED_EDGE('',*,*,#1840,.T.);
#1255=ORIENTED_EDGE('',*,*,#1842,.T.);
#1256=ORIENTED_EDGE('',*,*,#1818,.F.);
#1257=CARTESIAN_POINT('',(0.0,-4.977517111232,-2.8));
#1258=DIRECTION('',(-1.0,0.0,0.0));
#1259=DIRECTION('',(0.0,-1.0,0.0));
#1260=SURFACE_STYLE_FILL_AREA(#1843);
#1261=ORIENTED_EDGE('',*,*,#1839,.T.);
#1262=ORIENTED_EDGE('',*,*,#1844,.T.);
#1263=ORIENTED_EDGE('',*,*,#1819,.F.);
#1264=ORIENTED_EDGE('',*,*,#1842,.F.);
#1265=CARTESIAN_POINT('',(0.0,-5.977517111232,-2.8));
#1266=DIRECTION('',(0.0,-1.0,0.0));
#1267=DIRECTION('',(-1.0,0.0,0.0));
#1268=SURFACE_STYLE_FILL_AREA(#1845);
#1269=ORIENTED_EDGE('',*,*,#1846,.T.);
#1270=ORIENTED_EDGE('',*,*,#1820,.F.);
#1271=ORIENTED_EDGE('',*,*,#1844,.F.);
#1272=ORIENTED_EDGE('',*,*,#1838,.T.);
#1273=CARTESIAN_POINT('',(0.5,-5.977517111232,-2.8));
#1274=DIRECTION('',(1.0,0.0,-0.0));
#1275=DIRECTION('',(0.0,0.0,1.0));
#1276=SURFACE_STYLE_FILL_AREA(#1847);
#1277=ORIENTED_EDGE('',*,*,#1848,.T.);
#1278=ORIENTED_EDGE('',*,*,#1821,.F.);
#1279=ORIENTED_EDGE('',*,*,#1846,.F.);
#1280=ORIENTED_EDGE('',*,*,#1837,.F.);
#1281=CARTESIAN_POINT('',(0.82,-5.1376045708862,-4.88576));
#1282=DIRECTION('',(0.0,0.0,-1.0));
#1283=DIRECTION('',(-0.926570295370058,0.376121639550083,0.0));
#1284=SURFACE_STYLE_FILL_AREA(#1849);
#1285=ORIENTED_EDGE('',*,*,#1850,.T.);
#1286=ORIENTED_EDGE('',*,*,#1822,.F.);
#1287=ORIENTED_EDGE('',*,*,#1848,.F.);
#1288=ORIENTED_EDGE('',*,*,#1836,.T.);
#1289=CARTESIAN_POINT('',(0.5,-5.0751314158992,-2.8));
#1290=DIRECTION('',(0.926570295370059,-0.376121639550083,0.0));
#1291=DIRECTION('',(0.0,0.0,-1.0));
#1292=SURFACE_STYLE_FILL_AREA(#1851);
#1293=ORIENTED_EDGE('',*,*,#1823,.F.);
#1294=ORIENTED_EDGE('',*,*,#1850,.F.);
#1295=ORIENTED_EDGE('',*,*,#1835,.F.);
#1296=ORIENTED_EDGE('',*,*,#1852,.T.);
#1297=CARTESIAN_POINT('',(0.608,-3.107497772737,-4.88576));
#1298=DIRECTION('',(0.0,0.0,-1.0));
#1299=DIRECTION('',(0.926570295370058,-0.376121639550083,0.0));
#1300=SURFACE_STYLE_FILL_AREA(#1853);
#1301=ORIENTED_EDGE('',*,*,#1852,.F.);
#1302=ORIENTED_EDGE('',*,*,#1834,.F.);
#1303=ORIENTED_EDGE('',*,*,#1854,.F.);
#1304=ORIENTED_EDGE('',*,*,#1824,.T.);
#1305=CARTESIAN_POINT('',(1.248,-2.057517111232,-1.75));
#1306=DIRECTION('',(-1.0,0.0,0.0));
#1307=DIRECTION('',(0.0,-1.0,0.0));
#1308=SURFACE_STYLE_FILL_AREA(#1855);
#1309=ORIENTED_EDGE('',*,*,#1830,.F.);
#1310=ORIENTED_EDGE('',*,*,#1826,.F.);
#1311=ORIENTED_EDGE('',*,*,#1814,.T.);
#1312=ORIENTED_EDGE('',*,*,#1832,.T.);
#1313=CARTESIAN_POINT('',(0.75,-3.129902806565,-2.8));
#1314=DIRECTION('',(-0.926570295370059,0.376121639550083,0.0));
#1315=DIRECTION('',(0.0,0.0,-1.0));
#1316=SURFACE_STYLE_FILL_AREA(#1856);
#1317=FACE_OUTER_BOUND('',#1857,.T.);
#1318=CYLINDRICAL_SURFACE('',#1858,0.1);
#1319=FACE_OUTER_BOUND('',#1859,.T.);
#1320=CYLINDRICAL_SURFACE('',#1860,0.1);
#1321=FACE_OUTER_BOUND('',#1861,.T.);
#1322=PLANE('',#1862);
#1323=FACE_OUTER_BOUND('',#1863,.T.);
#1324=PLANE('',#1864);
#1325=FACE_OUTER_BOUND('',#1865,.T.);
#1326=PLANE('',#1866);
#1327=FACE_OUTER_BOUND('',#1867,.T.);
#1328=PLANE('',#1868);
#1329=FACE_OUTER_BOUND('',#1869,.T.);
#1330=PLANE('',#1870);
#1331=FACE_OUTER_BOUND('',#1871,.T.);
#1332=PLANE('',#1872);
#1333=FACE_OUTER_BOUND('',#1873,.T.);
#1334=PLANE('',#1874);
#1335=FACE_OUTER_BOUND('',#1875,.T.);
#1336=PLANE('',#1876);
#1337=FACE_OUTER_BOUND('',#1877,.T.);
#1338=PLANE('',#1878);
#1339=FACE_OUTER_BOUND('',#1879,.T.);
#1340=CYLINDRICAL_SURFACE('',#1880,0.325);
#1341=FACE_OUTER_BOUND('',#1881,.T.);
#1342=PLANE('',#1882);
#1343=FACE_OUTER_BOUND('',#1883,.T.);
#1344=PLANE('',#1884);
#1345=FACE_OUTER_BOUND('',#1885,.T.);
#1346=PLANE('',#1886);
#1347=FACE_OUTER_BOUND('',#1887,.T.);
#1348=PLANE('',#1888);
#1349=FACE_OUTER_BOUND('',#1889,.T.);
#1350=PLANE('',#1890);
#1351=FACE_OUTER_BOUND('',#1891,.T.);
#1352=CYLINDRICAL_SURFACE('',#1892,0.15);
#1353=FACE_OUTER_BOUND('',#1893,.T.);
#1354=PLANE('',#1894);
#1355=FACE_OUTER_BOUND('',#1895,.T.);
#1356=PLANE('',#1896);
#1357=FACE_OUTER_BOUND('',#1897,.T.);
#1358=PLANE('',#1898);
#1359=FACE_OUTER_BOUND('',#1899,.T.);
#1360=PLANE('',#1900);
#1361=FACE_OUTER_BOUND('',#1901,.T.);
#1362=PLANE('',#1902);
#1363=FACE_OUTER_BOUND('',#1903,.T.);
#1364=FACE_BOUND('',#1904,.T.);
#1365=PLANE('',#1905);
#1366=FACE_OUTER_BOUND('',#1906,.T.);
#1367=PLANE('',#1907);
#1368=FACE_OUTER_BOUND('',#1908,.T.);
#1369=CYLINDRICAL_SURFACE('',#1909,0.1);
#1370=FACE_OUTER_BOUND('',#1910,.T.);
#1371=PLANE('',#1911);
#1372=FACE_OUTER_BOUND('',#1912,.T.);
#1373=CYLINDRICAL_SURFACE('',#1913,0.1);
#1374=FACE_OUTER_BOUND('',#1914,.T.);
#1375=PLANE('',#1915);
#1376=FACE_OUTER_BOUND('',#1916,.T.);
#1377=PLANE('',#1917);
#1378=FACE_OUTER_BOUND('',#1918,.T.);
#1379=PLANE('',#1919);
#1380=FACE_OUTER_BOUND('',#1920,.T.);
#1381=CYLINDRICAL_SURFACE('',#1921,0.15);
#1382=FILL_AREA_STYLE('',(#1922));
#1383=EDGE_LOOP('',(#1923,#1924,#1925,#1926,#1927,#1928,#1929,#1930,#1931,#1932,#1933,#1934,#1935,#1936,#1937,#1938,#1939,#1940,#1941,#1942,#1943,#1944));
#1384=AXIS2_PLACEMENT_3D('',#1945,#1946,#1947);
#1385=EDGE_LOOP('',(#1948,#1949,#1950,#1951));
#1386=AXIS2_PLACEMENT_3D('',#1952,#1953,#1954);
#1387=EDGE_LOOP('',(#1955,#1956,#1957,#1958));
#1388=AXIS2_PLACEMENT_3D('',#1959,#1960,#1961);
#1389=EDGE_LOOP('',(#1962,#1963,#1964,#1965));
#1390=AXIS2_PLACEMENT_3D('',#1966,#1967,#1968);
#1391=EDGE_LOOP('',(#1969,#1970,#1971,#1972));
#1392=AXIS2_PLACEMENT_3D('',#1973,#1974,#1975);
#1393=EDGE_LOOP('',(#1976,#1977,#1978,#1979));
#1394=AXIS2_PLACEMENT_3D('',#1980,#1981,#1982);
#1395=EDGE_LOOP('',(#1983,#1984,#1985,#1986));
#1396=AXIS2_PLACEMENT_3D('',#1987,#1988,#1989);
#1397=EDGE_LOOP('',(#1990,#1991,#1992,#1993));
#1398=AXIS2_PLACEMENT_3D('',#1994,#1995,#1996);
#1399=EDGE_LOOP('',(#1997,#1998,#1999,#2000));
#1400=AXIS2_PLACEMENT_3D('',#2001,#2002,#2003);
#1401=EDGE_LOOP('',(#2004,#2005,#2006,#2007));
#1402=AXIS2_PLACEMENT_3D('',#2008,#2009,#2010);
#1403=EDGE_LOOP('',(#2011,#2012,#2013,#2014));
#1404=AXIS2_PLACEMENT_3D('',#2015,#2016,#2017);
#1405=EDGE_LOOP('',(#2018,#2019,#2020,#2021));
#1406=AXIS2_PLACEMENT_3D('',#2022,#2023,#2024);
#1407=EDGE_LOOP('',(#2025,#2026,#2027,#2028));
#1408=AXIS2_PLACEMENT_3D('',#2029,#2030,#2031);
#1409=EDGE_LOOP('',(#2032,#2033,#2034,#2035));
#1410=AXIS2_PLACEMENT_3D('',#2036,#2037,#2038);
#1411=EDGE_LOOP('',(#2039,#2040,#2041,#2042));
#1412=AXIS2_PLACEMENT_3D('',#2043,#2044,#2045);
#1413=EDGE_LOOP('',(#2046,#2047,#2048,#2049));
#1414=AXIS2_PLACEMENT_3D('',#2050,#2051,#2052);
#1415=EDGE_LOOP('',(#2053,#2054,#2055,#2056));
#1416=AXIS2_PLACEMENT_3D('',#2057,#2058,#2059);
#1417=EDGE_LOOP('',(#2060,#2061,#2062,#2063));
#1418=AXIS2_PLACEMENT_3D('',#2064,#2065,#2066);
#1419=EDGE_LOOP('',(#2067,#2068,#2069,#2070));
#1420=AXIS2_PLACEMENT_3D('',#2071,#2072,#2073);
#1421=EDGE_LOOP('',(#2074,#2075,#2076,#2077,#2078,#2079,#2080,#2081,#2082,#2083,#2084,#2085,#2086,#2087,#2088,#2089,#2090,#2091,#2092,#2093,#2094,#2095));
#1422=AXIS2_PLACEMENT_3D('',#2096,#2097,#2098);
#1423=EDGE_LOOP('',(#2099,#2100,#2101,#2102));
#1424=AXIS2_PLACEMENT_3D('',#2103,#2104,#2105);
#1425=EDGE_LOOP('',(#2106,#2107,#2108,#2109));
#1426=AXIS2_PLACEMENT_3D('',#2110,#2111,#2112);
#1427=EDGE_LOOP('',(#2113,#2114,#2115,#2116));
#1428=AXIS2_PLACEMENT_3D('',#2117,#2118,#2119);
#1429=EDGE_LOOP('',(#2120,#2121,#2122,#2123));
#1430=AXIS2_PLACEMENT_3D('',#2124,#2125,#2126);
#1431=EDGE_LOOP('',(#2127,#2128,#2129,#2130,#2131,#2132,#2133,#2134,#2135,#2136,#2137,#2138,#2139,#2140,#2141,#2142,#2143,#2144,#2145,#2146,#2147,#2148));
#1432=AXIS2_PLACEMENT_3D('',#2149,#2150,#2151);
#1433=EDGE_LOOP('',(#2152,#2153,#2154,#2155));
#1434=AXIS2_PLACEMENT_3D('',#2156,#2157,#2158);
#1435=EDGE_LOOP('',(#2159,#2160,#2161,#2162,#2163,#2164,#2165,#2166,#2167,#2168,#2169,#2170,#2171,#2172,#2173,#2174,#2175,#2176,#2177,#2178,#2179,#2180));
#1436=AXIS2_PLACEMENT_3D('',#2181,#2182,#2183);
#1437=EDGE_LOOP('',(#2184,#2185,#2186,#2187));
#1438=AXIS2_PLACEMENT_3D('',#2188,#2189,#2190);
#1439=EDGE_LOOP('',(#2191,#2192,#2193,#2194));
#1440=AXIS2_PLACEMENT_3D('',#2195,#2196,#2197);
#1441=EDGE_LOOP('',(#2198,#2199,#2200,#2201));
#1442=AXIS2_PLACEMENT_3D('',#2202,#2203,#2204);
#1443=EDGE_LOOP('',(#2205,#2206,#2207,#2208));
#1444=AXIS2_PLACEMENT_3D('',#2209,#2210,#2211);
#1445=EDGE_LOOP('',(#2212,#2213,#2214,#2215));
#1446=AXIS2_PLACEMENT_3D('',#2216,#2217,#2218);
#1447=EDGE_LOOP('',(#2219,#2220,#2221,#2222));
#1448=AXIS2_PLACEMENT_3D('',#2223,#2224,#2225);
#1449=EDGE_LOOP('',(#2226,#2227,#2228,#2229));
#1450=AXIS2_PLACEMENT_3D('',#2230,#2231,#2232);
#1451=EDGE_LOOP('',(#2233,#2234,#2235,#2236));
#1452=AXIS2_PLACEMENT_3D('',#2237,#2238,#2239);
#1453=EDGE_LOOP('',(#2240,#2241,#2242,#2243));
#1454=AXIS2_PLACEMENT_3D('',#2244,#2245,#2246);
#1455=EDGE_LOOP('',(#2247,#2248,#2249,#2250));
#1456=AXIS2_PLACEMENT_3D('',#2251,#2252,#2253);
#1457=EDGE_LOOP('',(#2254,#2255,#2256,#2257));
#1458=AXIS2_PLACEMENT_3D('',#2258,#2259,#2260);
#1459=EDGE_LOOP('',(#2261,#2262,#2263,#2264));
#1460=AXIS2_PLACEMENT_3D('',#2265,#2266,#2267);
#1461=EDGE_LOOP('',(#2268,#2269,#2270,#2271));
#1462=AXIS2_PLACEMENT_3D('',#2272,#2273,#2274);
#1463=EDGE_LOOP('',(#2275,#2276,#2277,#2278));
#1464=AXIS2_PLACEMENT_3D('',#2279,#2280,#2281);
#1465=EDGE_LOOP('',(#2282,#2283,#2284,#2285));
#1466=AXIS2_PLACEMENT_3D('',#2286,#2287,#2288);
#1467=EDGE_LOOP('',(#2289,#2290,#2291,#2292,#2293,#2294,#2295,#2296));
#1468=AXIS2_PLACEMENT_3D('',#2297,#2298,#2299);
#1469=EDGE_LOOP('',(#2300,#2301,#2302,#2303));
#1470=EDGE_LOOP('',(#2304,#2305,#2306,#2307));
#1471=EDGE_LOOP('',(#2308,#2309,#2310,#2311));
#1472=EDGE_LOOP('',(#2312,#2313,#2314,#2315));
#1473=AXIS2_PLACEMENT_3D('',#2316,#2317,#2318);
#1474=EDGE_LOOP('',(#2319,#2320,#2321,#2322,#2323,#2324,#2325,#2326));
#1475=AXIS2_PLACEMENT_3D('',#2327,#2328,#2329);
#1476=EDGE_LOOP('',(#2330,#2331,#2332,#2333));
#1477=EDGE_LOOP('',(#2334,#2335,#2336,#2337,#2338,#2339,#2340,#2341,#2342,#2343,#2344,#2345));
#1478=EDGE_LOOP('',(#2346,#2347,#2348,#2349,#2350,#2351,#2352,#2353,#2354,#2355,#2356,#2357));
#1479=EDGE_LOOP('',(#2358,#2359,#2360,#2361,#2362,#2363,#2364,#2365,#2366,#2367,#2368,#2369));
#1480=AXIS2_PLACEMENT_3D('',#2370,#2371,#2372);
#1481=EDGE_LOOP('',(#2373,#2374,#2375,#2376,#2377,#2378,#2379,#2380));
#1482=AXIS2_PLACEMENT_3D('',#2381,#2382,#2383);
#1483=EDGE_LOOP('',(#2384,#2385,#2386,#2387));
#1484=AXIS2_PLACEMENT_3D('',#2388,#2389,#2390);
#1485=EDGE_LOOP('',(#2391,#2392,#2393,#2394));
#1486=AXIS2_PLACEMENT_3D('',#2395,#2396,#2397);
#1487=EDGE_LOOP('',(#2398,#2399,#2400,#2401));
#1488=AXIS2_PLACEMENT_3D('',#2402,#2403,#2404);
#1489=EDGE_LOOP('',(#2405,#2406,#2407,#2408));
#1490=AXIS2_PLACEMENT_3D('',#2409,#2410,#2411);
#1491=EDGE_LOOP('',(#2412,#2413,#2414,#2415));
#1492=AXIS2_PLACEMENT_3D('',#2416,#2417,#2418);
#1493=EDGE_LOOP('',(#2419,#2420,#2421,#2422));
#1494=AXIS2_PLACEMENT_3D('',#2423,#2424,#2425);
#1495=EDGE_LOOP('',(#2426,#2427,#2428,#2429));
#1496=AXIS2_PLACEMENT_3D('',#2430,#2431,#2432);
#1497=EDGE_LOOP('',(#2433,#2434,#2435,#2436,#2437,#2438,#2439,#2440));
#1498=AXIS2_PLACEMENT_3D('',#2441,#2442,#2443);
#1499=EDGE_LOOP('',(#2444,#2445,#2446,#2447));
#1500=AXIS2_PLACEMENT_3D('',#2448,#2449,#2450);
#1501=EDGE_LOOP('',(#2451,#2452,#2453,#2454));
#1502=AXIS2_PLACEMENT_3D('',#2455,#2456,#2457);
#1503=EDGE_LOOP('',(#2458,#2459,#2460,#2461));
#1504=AXIS2_PLACEMENT_3D('',#2462,#2463,#2464);
#1505=EDGE_LOOP('',(#2465,#2466,#2467,#2468));
#1506=AXIS2_PLACEMENT_3D('',#2469,#2470,#2471);
#1507=EDGE_LOOP('',(#2472,#2473,#2474,#2475));
#1508=AXIS2_PLACEMENT_3D('',#2476,#2477,#2478);
#1509=EDGE_LOOP('',(#2479,#2480,#2481,#2482));
#1510=AXIS2_PLACEMENT_3D('',#2483,#2484,#2485);
#1511=EDGE_LOOP('',(#2486,#2487,#2488,#2489));
#1512=AXIS2_PLACEMENT_3D('',#2490,#2491,#2492);
#1513=EDGE_LOOP('',(#2493,#2494,#2495,#2496));
#1514=AXIS2_PLACEMENT_3D('',#2497,#2498,#2499);
#1515=EDGE_LOOP('',(#2500,#2501,#2502,#2503));
#1516=AXIS2_PLACEMENT_3D('',#2504,#2505,#2506);
#1517=EDGE_LOOP('',(#2507,#2508,#2509,#2510));
#1518=AXIS2_PLACEMENT_3D('',#2511,#2512,#2513);
#1519=EDGE_LOOP('',(#2514,#2515,#2516,#2517));
#1520=AXIS2_PLACEMENT_3D('',#2518,#2519,#2520);
#1521=EDGE_LOOP('',(#2521,#2522,#2523,#2524));
#1522=AXIS2_PLACEMENT_3D('',#2525,#2526,#2527);
#1523=EDGE_LOOP('',(#2528,#2529,#2530,#2531));
#1524=AXIS2_PLACEMENT_3D('',#2532,#2533,#2534);
#1525=EDGE_LOOP('',(#2535,#2536,#2537,#2538));
#1526=AXIS2_PLACEMENT_3D('',#2539,#2540,#2541);
#1527=EDGE_LOOP('',(#2542,#2543,#2544,#2545,#2546,#2547,#2548,#2549));
#1528=AXIS2_PLACEMENT_3D('',#2550,#2551,#2552);
#1529=EDGE_LOOP('',(#2553,#2554,#2555,#2556));
#1530=AXIS2_PLACEMENT_3D('',#2557,#2558,#2559);
#1531=EDGE_LOOP('',(#2560,#2561,#2562,#2563));
#1532=AXIS2_PLACEMENT_3D('',#2564,#2565,#2566);
#1533=EDGE_LOOP('',(#2567,#2568,#2569,#2570));
#1534=AXIS2_PLACEMENT_3D('',#2571,#2572,#2573);
#1535=EDGE_LOOP('',(#2574,#2575,#2576,#2577,#2578,#2579,#2580,#2581));
#1536=AXIS2_PLACEMENT_3D('',#2582,#2583,#2584);
#1537=EDGE_LOOP('',(#2585,#2586,#2587,#2588));
#1538=AXIS2_PLACEMENT_3D('',#2589,#2590,#2591);
#1539=EDGE_LOOP('',(#2592,#2593,#2594,#2595));
#1540=AXIS2_PLACEMENT_3D('',#2596,#2597,#2598);
#1541=EDGE_LOOP('',(#2599,#2600,#2601,#2602));
#1542=AXIS2_PLACEMENT_3D('',#2603,#2604,#2605);
#1543=EDGE_LOOP('',(#2606,#2607,#2608,#2609));
#1544=AXIS2_PLACEMENT_3D('',#2610,#2611,#2612);
#1545=EDGE_LOOP('',(#2613,#2614,#2615,#2616));
#1546=AXIS2_PLACEMENT_3D('',#2617,#2618,#2619);
#1547=EDGE_LOOP('',(#2620,#2621,#2622,#2623));
#1548=AXIS2_PLACEMENT_3D('',#2624,#2625,#2626);
#1549=EDGE_LOOP('',(#2627,#2628,#2629,#2630));
#1550=AXIS2_PLACEMENT_3D('',#2631,#2632,#2633);
#1551=EDGE_LOOP('',(#2634,#2635,#2636,#2637));
#1552=AXIS2_PLACEMENT_3D('',#2638,#2639,#2640);
#1553=EDGE_LOOP('',(#2641,#2642,#2643,#2644));
#1554=AXIS2_PLACEMENT_3D('',#2645,#2646,#2647);
#1555=EDGE_LOOP('',(#2648,#2649,#2650,#2651));
#1556=AXIS2_PLACEMENT_3D('',#2652,#2653,#2654);
#1557=EDGE_LOOP('',(#2655,#2656,#2657,#2658));
#1558=AXIS2_PLACEMENT_3D('',#2659,#2660,#2661);
#1559=EDGE_LOOP('',(#2662,#2663,#2664,#2665,#2666,#2667,#2668,#2669));
#1560=AXIS2_PLACEMENT_3D('',#2670,#2671,#2672);
#1561=EDGE_LOOP('',(#2673,#2674,#2675,#2676));
#1562=AXIS2_PLACEMENT_3D('',#2677,#2678,#2679);
#1563=EDGE_LOOP('',(#2680,#2681,#2682,#2683));
#1564=AXIS2_PLACEMENT_3D('',#2684,#2685,#2686);
#1565=EDGE_LOOP('',(#2687,#2688,#2689,#2690));
#1566=AXIS2_PLACEMENT_3D('',#2691,#2692,#2693);
#1567=EDGE_LOOP('',(#2694,#2695,#2696,#2697,#2698,#2699,#2700,#2701));
#1568=AXIS2_PLACEMENT_3D('',#2702,#2703,#2704);
#1569=EDGE_LOOP('',(#2705,#2706,#2707,#2708));
#1570=AXIS2_PLACEMENT_3D('',#2709,#2710,#2711);
#1571=EDGE_LOOP('',(#2712,#2713,#2714,#2715));
#1572=AXIS2_PLACEMENT_3D('',#2716,#2717,#2718);
#1573=EDGE_LOOP('',(#2719,#2720,#2721,#2722));
#1574=AXIS2_PLACEMENT_3D('',#2723,#2724,#2725);
#1575=EDGE_LOOP('',(#2726,#2727,#2728,#2729));
#1576=AXIS2_PLACEMENT_3D('',#2730,#2731,#2732);
#1577=FILL_AREA_STYLE('',(#2733));
#1578=EDGE_CURVE('',#2734,#2735,#2736,.T.);
#1579=EDGE_CURVE('',#2737,#2734,#2738,.T.);
#1580=EDGE_CURVE('',#2737,#2739,#2740,.T.);
#1581=EDGE_CURVE('',#2739,#2735,#2741,.T.);
#1582=FILL_AREA_STYLE('',(#2742));
#1583=EDGE_CURVE('',#2743,#2735,#2744,.T.);
#1584=EDGE_CURVE('',#2745,#2743,#2746,.T.);
#1585=EDGE_CURVE('',#2734,#2745,#2747,.T.);
#1586=FILL_AREA_STYLE('',(#2748));
#1587=EDGE_CURVE('',#2749,#2750,#2751,.T.);
#1588=EDGE_CURVE('',#2750,#2752,#2753,.T.);
#1589=EDGE_CURVE('',#2752,#2754,#2755,.T.);
#1590=EDGE_CURVE('',#2754,#2756,#2757,.T.);
#1591=EDGE_CURVE('',#2756,#2758,#2759,.T.);
#1592=EDGE_CURVE('',#2758,#2760,#2761,.T.);
#1593=EDGE_CURVE('',#2760,#2762,#2763,.T.);
#1594=EDGE_CURVE('',#2764,#2762,#2765,.T.);
#1595=EDGE_CURVE('',#2764,#2737,#2766,.T.);
#1596=EDGE_CURVE('',#2745,#2749,#2767,.T.);
#1597=FILL_AREA_STYLE('',(#2768));
#1598=EDGE_CURVE('',#2769,#2770,#2771,.T.);
#1599=EDGE_CURVE('',#2750,#2769,#2772,.T.);
#1600=EDGE_CURVE('',#2749,#2770,#2773,.T.);
#1601=FILL_AREA_STYLE('',(#2774));
#1602=EDGE_CURVE('',#2743,#2770,#2775,.T.);
#1603=EDGE_CURVE('',#2776,#2739,#2777,.T.);
#1604=EDGE_CURVE('',#2776,#2778,#2779,.T.);
#1605=EDGE_CURVE('',#2778,#2780,#2781,.T.);
#1606=EDGE_CURVE('',#2782,#2780,#2783,.T.);
#1607=EDGE_CURVE('',#2782,#2784,#2785,.T.);
#1608=EDGE_CURVE('',#2786,#2784,#2787,.T.);
#1609=EDGE_CURVE('',#2788,#2786,#2789,.T.);
#1610=EDGE_CURVE('',#2769,#2788,#2790,.T.);
#1611=FILL_AREA_STYLE('',(#2791));
#1612=EDGE_CURVE('',#2788,#2752,#2792,.T.);
#1613=FILL_AREA_STYLE('',(#2793));
#1614=EDGE_CURVE('',#2786,#2754,#2794,.T.);
#1615=FILL_AREA_STYLE('',(#2795));
#1616=EDGE_CURVE('',#2784,#2756,#2796,.T.);
#1617=FILL_AREA_STYLE('',(#2797));
#1618=EDGE_CURVE('',#2782,#2758,#2798,.T.);
#1619=FILL_AREA_STYLE('',(#2799));
#1620=EDGE_CURVE('',#2780,#2760,#2800,.T.);
#1621=FILL_AREA_STYLE('',(#2801));
#1622=EDGE_CURVE('',#2778,#2762,#2802,.T.);
#1623=FILL_AREA_STYLE('',(#2803));
#1624=EDGE_CURVE('',#2764,#2776,#2804,.T.);
#1625=FILL_AREA_STYLE('',(#2805));
#1626=FILL_AREA_STYLE('',(#2806));
#1627=EDGE_LOOP('',(#2807,#2808,#2809,#2810));
#1628=AXIS2_PLACEMENT_3D('',#2811,#2812,#2813);
#1629=EDGE_LOOP('',(#2814,#2815,#2816,#2817));
#1630=AXIS2_PLACEMENT_3D('',#2818,#2819,#2820);
#1631=EDGE_LOOP('',(#2821,#2822,#2823,#2824));
#1632=AXIS2_PLACEMENT_3D('',#2825,#2826,#2827);
#1633=EDGE_LOOP('',(#2828,#2829,#2830,#2831));
#1634=AXIS2_PLACEMENT_3D('',#2832,#2833,#2834);
#1635=EDGE_LOOP('',(#2835,#2836,#2837,#2838,#2839,#2840,#2841,#2842,#2843,#2844,#2845,#2846,#2847,#2848,#2849,#2850,#2851,#2852,#2853,#2854,#2855,#2856,#2857,#2858,#2859,#2860,#2861,#2862,#2863,#2864));
#1636=AXIS2_PLACEMENT_3D('',#2865,#2866,#2867);
#1637=EDGE_LOOP('',(#2868,#2869,#2870,#2871));
#1638=AXIS2_PLACEMENT_3D('',#2872,#2873,#2874);
#1639=EDGE_LOOP('',(#2875,#2876,#2877,#2878));
#1640=AXIS2_PLACEMENT_3D('',#2879,#2880,#2881);
#1641=EDGE_LOOP('',(#2882,#2883,#2884,#2885));
#1642=AXIS2_PLACEMENT_3D('',#2886,#2887,#2888);
#1643=EDGE_LOOP('',(#2889,#2890,#2891,#2892));
#1644=AXIS2_PLACEMENT_3D('',#2893,#2894,#2895);
#1645=EDGE_LOOP('',(#2896,#2897,#2898,#2899));
#1646=AXIS2_PLACEMENT_3D('',#2900,#2901,#2902);
#1647=EDGE_LOOP('',(#2903,#2904,#2905,#2906));
#1648=AXIS2_PLACEMENT_3D('',#2907,#2908,#2909);
#1649=EDGE_LOOP('',(#2910,#2911,#2912,#2913));
#1650=AXIS2_PLACEMENT_3D('',#2914,#2915,#2916);
#1651=EDGE_LOOP('',(#2917,#2918,#2919,#2920));
#1652=AXIS2_PLACEMENT_3D('',#2921,#2922,#2923);
#1653=EDGE_LOOP('',(#2924,#2925,#2926,#2927));
#1654=AXIS2_PLACEMENT_3D('',#2928,#2929,#2930);
#1655=EDGE_LOOP('',(#2931,#2932,#2933,#2934));
#1656=AXIS2_PLACEMENT_3D('',#2935,#2936,#2937);
#1657=EDGE_LOOP('',(#2938,#2939,#2940,#2941));
#1658=AXIS2_PLACEMENT_3D('',#2942,#2943,#2944);
#1659=EDGE_LOOP('',(#2945,#2946,#2947,#2948,#2949,#2950,#2951,#2952,#2953,#2954,#2955,#2956,#2957,#2958,#2959,#2960,#2961,#2962,#2963,#2964,#2965,#2966,#2967,#2968,#2969,#2970,#2971,#2972,#2973,#2974));
#1660=AXIS2_PLACEMENT_3D('',#2975,#2976,#2977);
#1661=EDGE_LOOP('',(#2978,#2979,#2980,#2981));
#1662=AXIS2_PLACEMENT_3D('',#2982,#2983,#2984);
#1663=EDGE_LOOP('',(#2985,#2986,#2987,#2988));
#1664=AXIS2_PLACEMENT_3D('',#2989,#2990,#2991);
#1665=EDGE_LOOP('',(#2992,#2993,#2994,#2995));
#1666=AXIS2_PLACEMENT_3D('',#2996,#2997,#2998);
#1667=EDGE_LOOP('',(#2999,#3000,#3001,#3002));
#1668=AXIS2_PLACEMENT_3D('',#3003,#3004,#3005);
#1669=EDGE_LOOP('',(#3006,#3007,#3008,#3009));
#1670=AXIS2_PLACEMENT_3D('',#3010,#3011,#3012);
#1671=EDGE_LOOP('',(#3013,#3014,#3015,#3016));
#1672=AXIS2_PLACEMENT_3D('',#3017,#3018,#3019);
#1673=EDGE_LOOP('',(#3020,#3021,#3022,#3023));
#1674=EDGE_LOOP('',(#3024,#3025,#3026,#3027));
#1675=AXIS2_PLACEMENT_3D('',#3028,#3029,#3030);
#1676=EDGE_LOOP('',(#3031,#3032,#3033,#3034));
#1677=AXIS2_PLACEMENT_3D('',#3035,#3036,#3037);
#1678=EDGE_LOOP('',(#3038,#3039,#3040,#3041));
#1679=AXIS2_PLACEMENT_3D('',#3042,#3043,#3044);
#1680=EDGE_LOOP('',(#3045,#3046,#3047,#3048));
#1681=AXIS2_PLACEMENT_3D('',#3049,#3050,#3051);
#1682=EDGE_LOOP('',(#3052,#3053,#3054,#3055));
#1683=AXIS2_PLACEMENT_3D('',#3056,#3057,#3058);
#1684=EDGE_LOOP('',(#3059,#3060,#3061,#3062));
#1685=AXIS2_PLACEMENT_3D('',#3063,#3064,#3065);
#1686=EDGE_LOOP('',(#3066,#3067,#3068,#3069));
#1687=AXIS2_PLACEMENT_3D('',#3070,#3071,#3072);
#1688=EDGE_LOOP('',(#3073,#3074,#3075,#3076));
#1689=AXIS2_PLACEMENT_3D('',#3077,#3078,#3079);
#1690=EDGE_LOOP('',(#3080,#3081,#3082,#3083));
#1691=AXIS2_PLACEMENT_3D('',#3084,#3085,#3086);
#1692=FILL_AREA_STYLE('',(#3087));
#1693=EDGE_CURVE('',#3088,#3089,#3090,.T.);
#1694=EDGE_CURVE('',#3091,#3088,#3092,.T.);
#1695=EDGE_CURVE('',#3091,#3093,#3094,.T.);
#1696=EDGE_CURVE('',#3093,#3089,#3095,.T.);
#1697=FILL_AREA_STYLE('',(#3096));
#1698=EDGE_CURVE('',#3097,#3089,#3098,.T.);
#1699=EDGE_CURVE('',#3099,#3097,#3100,.T.);
#1700=EDGE_CURVE('',#3088,#3099,#3101,.T.);
#1701=FILL_AREA_STYLE('',(#3102));
#1702=EDGE_CURVE('',#3103,#3104,#3105,.T.);
#1703=EDGE_CURVE('',#3104,#3106,#3107,.T.);
#1704=EDGE_CURVE('',#3106,#3108,#3109,.T.);
#1705=EDGE_CURVE('',#3108,#3110,#3111,.T.);
#1706=EDGE_CURVE('',#3110,#3112,#3113,.T.);
#1707=EDGE_CURVE('',#3112,#3114,#3115,.T.);
#1708=EDGE_CURVE('',#3114,#3116,#3117,.T.);
#1709=EDGE_CURVE('',#3118,#3116,#3119,.T.);
#1710=EDGE_CURVE('',#3118,#3091,#3120,.T.);
#1711=EDGE_CURVE('',#3099,#3103,#3121,.T.);
#1712=FILL_AREA_STYLE('',(#3122));
#1713=EDGE_CURVE('',#3123,#3124,#3125,.T.);
#1714=EDGE_CURVE('',#3104,#3123,#3126,.T.);
#1715=EDGE_CURVE('',#3103,#3124,#3127,.T.);
#1716=FILL_AREA_STYLE('',(#3128));
#1717=EDGE_CURVE('',#3097,#3124,#3129,.T.);
#1718=EDGE_CURVE('',#3130,#3093,#3131,.T.);
#1719=EDGE_CURVE('',#3130,#3132,#3133,.T.);
#1720=EDGE_CURVE('',#3132,#3134,#3135,.T.);
#1721=EDGE_CURVE('',#3136,#3134,#3137,.T.);
#1722=EDGE_CURVE('',#3136,#3138,#3139,.T.);
#1723=EDGE_CURVE('',#3140,#3138,#3141,.T.);
#1724=EDGE_CURVE('',#3142,#3140,#3143,.T.);
#1725=EDGE_CURVE('',#3123,#3142,#3144,.T.);
#1726=FILL_AREA_STYLE('',(#3145));
#1727=EDGE_CURVE('',#3142,#3106,#3146,.T.);
#1728=FILL_AREA_STYLE('',(#3147));
#1729=EDGE_CURVE('',#3140,#3108,#3148,.T.);
#1730=FILL_AREA_STYLE('',(#3149));
#1731=EDGE_CURVE('',#3138,#3110,#3150,.T.);
#1732=FILL_AREA_STYLE('',(#3151));
#1733=EDGE_CURVE('',#3136,#3112,#3152,.T.);
#1734=FILL_AREA_STYLE('',(#3153));
#1735=EDGE_CURVE('',#3134,#3114,#3154,.T.);
#1736=FILL_AREA_STYLE('',(#3155));
#1737=EDGE_CURVE('',#3132,#3116,#3156,.T.);
#1738=FILL_AREA_STYLE('',(#3157));
#1739=EDGE_CURVE('',#3118,#3130,#3158,.T.);
#1740=FILL_AREA_STYLE('',(#3159));
#1741=FILL_AREA_STYLE('',(#3160));
#1742=EDGE_LOOP('',(#3161,#3162,#3163,#3164));
#1743=AXIS2_PLACEMENT_3D('',#3165,#3166,#3167);
#1744=EDGE_LOOP('',(#3168,#3169,#3170,#3171));
#1745=AXIS2_PLACEMENT_3D('',#3172,#3173,#3174);
#1746=EDGE_LOOP('',(#3175,#3176,#3177,#3178));
#1747=AXIS2_PLACEMENT_3D('',#3179,#3180,#3181);
#1748=EDGE_LOOP('',(#3182,#3183,#3184,#3185));
#1749=AXIS2_PLACEMENT_3D('',#3186,#3187,#3188);
#1750=EDGE_LOOP('',(#3189,#3190,#3191,#3192,#3193,#3194,#3195,#3196,#3197,#3198,#3199,#3200,#3201,#3202,#3203,#3204,#3205,#3206,#3207,#3208,#3209,#3210,#3211,#3212,#3213,#3214,#3215,#3216,#3217,#3218));
#1751=AXIS2_PLACEMENT_3D('',#3219,#3220,#3221);
#1752=EDGE_LOOP('',(#3222,#3223,#3224,#3225));
#1753=AXIS2_PLACEMENT_3D('',#3226,#3227,#3228);
#1754=EDGE_LOOP('',(#3229,#3230,#3231,#3232));
#1755=AXIS2_PLACEMENT_3D('',#3233,#3234,#3235);
#1756=EDGE_LOOP('',(#3236,#3237,#3238,#3239));
#1757=AXIS2_PLACEMENT_3D('',#3240,#3241,#3242);
#1758=EDGE_LOOP('',(#3243,#3244,#3245,#3246));
#1759=AXIS2_PLACEMENT_3D('',#3247,#3248,#3249);
#1760=EDGE_LOOP('',(#3250,#3251,#3252,#3253));
#1761=AXIS2_PLACEMENT_3D('',#3254,#3255,#3256);
#1762=EDGE_LOOP('',(#3257,#3258,#3259,#3260));
#1763=AXIS2_PLACEMENT_3D('',#3261,#3262,#3263);
#1764=EDGE_LOOP('',(#3264,#3265,#3266,#3267));
#1765=AXIS2_PLACEMENT_3D('',#3268,#3269,#3270);
#1766=EDGE_LOOP('',(#3271,#3272,#3273,#3274));
#1767=AXIS2_PLACEMENT_3D('',#3275,#3276,#3277);
#1768=EDGE_LOOP('',(#3278,#3279,#3280,#3281));
#1769=AXIS2_PLACEMENT_3D('',#3282,#3283,#3284);
#1770=EDGE_LOOP('',(#3285,#3286,#3287,#3288));
#1771=AXIS2_PLACEMENT_3D('',#3289,#3290,#3291);
#1772=EDGE_LOOP('',(#3292,#3293,#3294,#3295));
#1773=AXIS2_PLACEMENT_3D('',#3296,#3297,#3298);
#1774=EDGE_LOOP('',(#3299,#3300,#3301,#3302,#3303,#3304,#3305,#3306,#3307,#3308,#3309,#3310,#3311,#3312,#3313,#3314,#3315,#3316,#3317,#3318,#3319,#3320,#3321,#3322,#3323,#3324,#3325,#3326,#3327,#3328));
#1775=AXIS2_PLACEMENT_3D('',#3329,#3330,#3331);
#1776=EDGE_LOOP('',(#3332,#3333,#3334,#3335));
#1777=AXIS2_PLACEMENT_3D('',#3336,#3337,#3338);
#1778=EDGE_LOOP('',(#3339,#3340,#3341,#3342));
#1779=AXIS2_PLACEMENT_3D('',#3343,#3344,#3345);
#1780=EDGE_LOOP('',(#3346,#3347,#3348,#3349));
#1781=AXIS2_PLACEMENT_3D('',#3350,#3351,#3352);
#1782=EDGE_LOOP('',(#3353,#3354,#3355,#3356));
#1783=AXIS2_PLACEMENT_3D('',#3357,#3358,#3359);
#1784=EDGE_LOOP('',(#3360,#3361,#3362,#3363));
#1785=AXIS2_PLACEMENT_3D('',#3364,#3365,#3366);
#1786=EDGE_LOOP('',(#3367,#3368,#3369,#3370));
#1787=AXIS2_PLACEMENT_3D('',#3371,#3372,#3373);
#1788=EDGE_LOOP('',(#3374,#3375,#3376,#3377));
#1789=EDGE_LOOP('',(#3378,#3379,#3380,#3381));
#1790=AXIS2_PLACEMENT_3D('',#3382,#3383,#3384);
#1791=EDGE_LOOP('',(#3385,#3386,#3387,#3388));
#1792=AXIS2_PLACEMENT_3D('',#3389,#3390,#3391);
#1793=EDGE_LOOP('',(#3392,#3393,#3394,#3395));
#1794=AXIS2_PLACEMENT_3D('',#3396,#3397,#3398);
#1795=EDGE_LOOP('',(#3399,#3400,#3401,#3402));
#1796=AXIS2_PLACEMENT_3D('',#3403,#3404,#3405);
#1797=EDGE_LOOP('',(#3406,#3407,#3408,#3409));
#1798=AXIS2_PLACEMENT_3D('',#3410,#3411,#3412);
#1799=EDGE_LOOP('',(#3413,#3414,#3415,#3416));
#1800=AXIS2_PLACEMENT_3D('',#3417,#3418,#3419);
#1801=EDGE_LOOP('',(#3420,#3421,#3422,#3423));
#1802=AXIS2_PLACEMENT_3D('',#3424,#3425,#3426);
#1803=EDGE_LOOP('',(#3427,#3428,#3429,#3430));
#1804=AXIS2_PLACEMENT_3D('',#3431,#3432,#3433);
#1805=EDGE_LOOP('',(#3434,#3435,#3436,#3437));
#1806=AXIS2_PLACEMENT_3D('',#3438,#3439,#3440);
#1807=FILL_AREA_STYLE('',(#3441));
#1808=EDGE_CURVE('',#3442,#3443,#3444,.T.);
#1809=EDGE_CURVE('',#3445,#3442,#3446,.T.);
#1810=EDGE_CURVE('',#3445,#3447,#3448,.T.);
#1811=EDGE_CURVE('',#3447,#3443,#3449,.T.);
#1812=FILL_AREA_STYLE('',(#3450));
#1813=EDGE_CURVE('',#3451,#3443,#3452,.T.);
#1814=EDGE_CURVE('',#3453,#3451,#3454,.T.);
#1815=EDGE_CURVE('',#3442,#3453,#3455,.T.);
#1816=FILL_AREA_STYLE('',(#3456));
#1817=EDGE_CURVE('',#3457,#3458,#3459,.T.);
#1818=EDGE_CURVE('',#3458,#3460,#3461,.T.);
#1819=EDGE_CURVE('',#3460,#3462,#3463,.T.);
#1820=EDGE_CURVE('',#3462,#3464,#3465,.T.);
#1821=EDGE_CURVE('',#3464,#3466,#3467,.T.);
#1822=EDGE_CURVE('',#3466,#3468,#3469,.T.);
#1823=EDGE_CURVE('',#3468,#3470,#3471,.T.);
#1824=EDGE_CURVE('',#3472,#3470,#3473,.T.);
#1825=EDGE_CURVE('',#3472,#3445,#3474,.T.);
#1826=EDGE_CURVE('',#3453,#3457,#3475,.T.);
#1827=FILL_AREA_STYLE('',(#3476));
#1828=EDGE_CURVE('',#3477,#3478,#3479,.T.);
#1829=EDGE_CURVE('',#3458,#3477,#3480,.T.);
#1830=EDGE_CURVE('',#3457,#3478,#3481,.T.);
#1831=FILL_AREA_STYLE('',(#3482));
#1832=EDGE_CURVE('',#3451,#3478,#3483,.T.);
#1833=EDGE_CURVE('',#3484,#3447,#3485,.T.);
#1834=EDGE_CURVE('',#3484,#3486,#3487,.T.);
#1835=EDGE_CURVE('',#3486,#3488,#3489,.T.);
#1836=EDGE_CURVE('',#3490,#3488,#3491,.T.);
#1837=EDGE_CURVE('',#3490,#3492,#3493,.T.);
#1838=EDGE_CURVE('',#3494,#3492,#3495,.T.);
#1839=EDGE_CURVE('',#3496,#3494,#3497,.T.);
#1840=EDGE_CURVE('',#3477,#3496,#3498,.T.);
#1841=FILL_AREA_STYLE('',(#3499));
#1842=EDGE_CURVE('',#3496,#3460,#3500,.T.);
#1843=FILL_AREA_STYLE('',(#3501));
#1844=EDGE_CURVE('',#3494,#3462,#3502,.T.);
#1845=FILL_AREA_STYLE('',(#3503));
#1846=EDGE_CURVE('',#3492,#3464,#3504,.T.);
#1847=FILL_AREA_STYLE('',(#3505));
#1848=EDGE_CURVE('',#3490,#3466,#3506,.T.);
#1849=FILL_AREA_STYLE('',(#3507));
#1850=EDGE_CURVE('',#3488,#3468,#3508,.T.);
#1851=FILL_AREA_STYLE('',(#3509));
#1852=EDGE_CURVE('',#3486,#3470,#3510,.T.);
#1853=FILL_AREA_STYLE('',(#3511));
#1854=EDGE_CURVE('',#3472,#3484,#3512,.T.);
#1855=FILL_AREA_STYLE('',(#3513));
#1856=FILL_AREA_STYLE('',(#3514));
#1857=EDGE_LOOP('',(#3515,#3516,#3517,#3518));
#1858=AXIS2_PLACEMENT_3D('',#3519,#3520,#3521);
#1859=EDGE_LOOP('',(#3522,#3523,#3524,#3525));
#1860=AXIS2_PLACEMENT_3D('',#3526,#3527,#3528);
#1861=EDGE_LOOP('',(#3529,#3530,#3531,#3532));
#1862=AXIS2_PLACEMENT_3D('',#3533,#3534,#3535);
#1863=EDGE_LOOP('',(#3536,#3537,#3538,#3539));
#1864=AXIS2_PLACEMENT_3D('',#3540,#3541,#3542);
#1865=EDGE_LOOP('',(#3543,#3544,#3545,#3546,#3547,#3548,#3549,#3550,#3551,#3552,#3553,#3554,#3555,#3556,#3557,#3558,#3559,#3560,#3561,#3562,#3563,#3564,#3565,#3566,#3567,#3568,#3569,#3570,#3571,#3572));
#1866=AXIS2_PLACEMENT_3D('',#3573,#3574,#3575);
#1867=EDGE_LOOP('',(#3576,#3577,#3578,#3579));
#1868=AXIS2_PLACEMENT_3D('',#3580,#3581,#3582);
#1869=EDGE_LOOP('',(#3583,#3584,#3585,#3586));
#1870=AXIS2_PLACEMENT_3D('',#3587,#3588,#3589);
#1871=EDGE_LOOP('',(#3590,#3591,#3592,#3593));
#1872=AXIS2_PLACEMENT_3D('',#3594,#3595,#3596);
#1873=EDGE_LOOP('',(#3597,#3598,#3599,#3600));
#1874=AXIS2_PLACEMENT_3D('',#3601,#3602,#3603);
#1875=EDGE_LOOP('',(#3604,#3605,#3606,#3607));
#1876=AXIS2_PLACEMENT_3D('',#3608,#3609,#3610);
#1877=EDGE_LOOP('',(#3611,#3612,#3613,#3614));
#1878=AXIS2_PLACEMENT_3D('',#3615,#3616,#3617);
#1879=EDGE_LOOP('',(#3618,#3619,#3620,#3621));
#1880=AXIS2_PLACEMENT_3D('',#3622,#3623,#3624);
#1881=EDGE_LOOP('',(#3625,#3626,#3627,#3628));
#1882=AXIS2_PLACEMENT_3D('',#3629,#3630,#3631);
#1883=EDGE_LOOP('',(#3632,#3633,#3634,#3635));
#1884=AXIS2_PLACEMENT_3D('',#3636,#3637,#3638);
#1885=EDGE_LOOP('',(#3639,#3640,#3641,#3642));
#1886=AXIS2_PLACEMENT_3D('',#3643,#3644,#3645);
#1887=EDGE_LOOP('',(#3646,#3647,#3648,#3649));
#1888=AXIS2_PLACEMENT_3D('',#3650,#3651,#3652);
#1889=EDGE_LOOP('',(#3653,#3654,#3655,#3656,#3657,#3658,#3659,#3660,#3661,#3662,#3663,#3664,#3665,#3666,#3667,#3668,#3669,#3670,#3671,#3672,#3673,#3674,#3675,#3676,#3677,#3678,#3679,#3680,#3681,#3682));
#1890=AXIS2_PLACEMENT_3D('',#3683,#3684,#3685);
#1891=EDGE_LOOP('',(#3686,#3687,#3688,#3689));
#1892=AXIS2_PLACEMENT_3D('',#3690,#3691,#3692);
#1893=EDGE_LOOP('',(#3693,#3694,#3695,#3696));
#1894=AXIS2_PLACEMENT_3D('',#3697,#3698,#3699);
#1895=EDGE_LOOP('',(#3700,#3701,#3702,#3703));
#1896=AXIS2_PLACEMENT_3D('',#3704,#3705,#3706);
#1897=EDGE_LOOP('',(#3707,#3708,#3709,#3710));
#1898=AXIS2_PLACEMENT_3D('',#3711,#3712,#3713);
#1899=EDGE_LOOP('',(#3714,#3715,#3716,#3717));
#1900=AXIS2_PLACEMENT_3D('',#3718,#3719,#3720);
#1901=EDGE_LOOP('',(#3721,#3722,#3723,#3724));
#1902=AXIS2_PLACEMENT_3D('',#3725,#3726,#3727);
#1903=EDGE_LOOP('',(#3728,#3729,#3730,#3731));
#1904=EDGE_LOOP('',(#3732,#3733,#3734,#3735));
#1905=AXIS2_PLACEMENT_3D('',#3736,#3737,#3738);
#1906=EDGE_LOOP('',(#3739,#3740,#3741,#3742));
#1907=AXIS2_PLACEMENT_3D('',#3743,#3744,#3745);
#1908=EDGE_LOOP('',(#3746,#3747,#3748,#3749));
#1909=AXIS2_PLACEMENT_3D('',#3750,#3751,#3752);
#1910=EDGE_LOOP('',(#3753,#3754,#3755,#3756));
#1911=AXIS2_PLACEMENT_3D('',#3757,#3758,#3759);
#1912=EDGE_LOOP('',(#3760,#3761,#3762,#3763));
#1913=AXIS2_PLACEMENT_3D('',#3764,#3765,#3766);
#1914=EDGE_LOOP('',(#3767,#3768,#3769,#3770));
#1915=AXIS2_PLACEMENT_3D('',#3771,#3772,#3773);
#1916=EDGE_LOOP('',(#3774,#3775,#3776,#3777));
#1917=AXIS2_PLACEMENT_3D('',#3778,#3779,#3780);
#1918=EDGE_LOOP('',(#3781,#3782,#3783,#3784));
#1919=AXIS2_PLACEMENT_3D('',#3785,#3786,#3787);
#1920=EDGE_LOOP('',(#3788,#3789,#3790,#3791));
#1921=AXIS2_PLACEMENT_3D('',#3792,#3793,#3794);
#1922=FILL_AREA_STYLE_COLOUR('',#3795);
#1923=ORIENTED_EDGE('',*,*,#3796,.F.);
#1924=ORIENTED_EDGE('',*,*,#3797,.T.);
#1925=ORIENTED_EDGE('',*,*,#3798,.F.);
#1926=ORIENTED_EDGE('',*,*,#3799,.F.);
#1927=ORIENTED_EDGE('',*,*,#3800,.T.);
#1928=ORIENTED_EDGE('',*,*,#3801,.T.);
#1929=ORIENTED_EDGE('',*,*,#3802,.F.);
#1930=ORIENTED_EDGE('',*,*,#3803,.T.);
#1931=ORIENTED_EDGE('',*,*,#3804,.F.);
#1932=ORIENTED_EDGE('',*,*,#3805,.F.);
#1933=ORIENTED_EDGE('',*,*,#3806,.T.);
#1934=ORIENTED_EDGE('',*,*,#3807,.T.);
#1935=ORIENTED_EDGE('',*,*,#3808,.F.);
#1936=ORIENTED_EDGE('',*,*,#3809,.T.);
#1937=ORIENTED_EDGE('',*,*,#3810,.F.);
#1938=ORIENTED_EDGE('',*,*,#3811,.F.);
#1939=ORIENTED_EDGE('',*,*,#3812,.F.);
#1940=ORIENTED_EDGE('',*,*,#3813,.F.);
#1941=ORIENTED_EDGE('',*,*,#3814,.F.);
#1942=ORIENTED_EDGE('',*,*,#3815,.F.);
#1943=ORIENTED_EDGE('',*,*,#3816,.T.);
#1944=ORIENTED_EDGE('',*,*,#3817,.T.);
#1945=CARTESIAN_POINT('',(0.0,0.0,0.0));
#1946=DIRECTION('',(1.0,0.0,0.0));
#1947=DIRECTION('',(0.0,1.0,0.0));
#1948=ORIENTED_EDGE('',*,*,#3818,.F.);
#1949=ORIENTED_EDGE('',*,*,#3796,.T.);
#1950=ORIENTED_EDGE('',*,*,#3819,.T.);
#1951=ORIENTED_EDGE('',*,*,#3820,.F.);
#1952=CARTESIAN_POINT('',(0.0,-2.8,-1.68));
#1953=DIRECTION('',(-0.0,1.0,0.0));
#1954=DIRECTION('',(1.0,0.0,0.0));
#1955=ORIENTED_EDGE('',*,*,#3821,.T.);
#1956=ORIENTED_EDGE('',*,*,#3822,.F.);
#1957=ORIENTED_EDGE('',*,*,#3823,.F.);
#1958=ORIENTED_EDGE('',*,*,#3824,.T.);
#1959=CARTESIAN_POINT('',(0.0,-2.8,-1.68));
#1960=DIRECTION('',(-0.0,1.0,0.0));
#1961=DIRECTION('',(1.0,0.0,0.0));
#1962=ORIENTED_EDGE('',*,*,#3818,.T.);
#1963=ORIENTED_EDGE('',*,*,#3825,.F.);
#1964=ORIENTED_EDGE('',*,*,#3826,.F.);
#1965=ORIENTED_EDGE('',*,*,#3797,.F.);
#1966=CARTESIAN_POINT('',(-2.6072,-2.95,-1.83));
#1967=DIRECTION('',(-1.0,0.0,0.0));
#1968=DIRECTION('',(0.0,1.0,0.0));
#1969=ORIENTED_EDGE('',*,*,#3826,.T.);
#1970=ORIENTED_EDGE('',*,*,#3827,.F.);
#1971=ORIENTED_EDGE('',*,*,#3828,.F.);
#1972=ORIENTED_EDGE('',*,*,#3798,.T.);
#1973=CARTESIAN_POINT('',(0.0,-3.55,-1.68));
#1974=DIRECTION('',(0.0,0.0,1.0));
#1975=DIRECTION('',(1.0,0.0,0.0));
#1976=ORIENTED_EDGE('',*,*,#3829,.T.);
#1977=ORIENTED_EDGE('',*,*,#3830,.F.);
#1978=ORIENTED_EDGE('',*,*,#3831,.F.);
#1979=ORIENTED_EDGE('',*,*,#3832,.T.);
#1980=CARTESIAN_POINT('',(0.0,-3.55,-1.68));
#1981=DIRECTION('',(0.0,0.0,1.0));
#1982=DIRECTION('',(1.0,0.0,0.0));
#1983=ORIENTED_EDGE('',*,*,#3833,.T.);
#1984=ORIENTED_EDGE('',*,*,#3834,.F.);
#1985=ORIENTED_EDGE('',*,*,#3835,.F.);
#1986=ORIENTED_EDGE('',*,*,#3811,.T.);
#1987=CARTESIAN_POINT('',(0.0,-3.175,3.15));
#1988=DIRECTION('',(0.0,-1.0,0.0));
#1989=DIRECTION('',(0.0,0.0,-1.0));
#1990=ORIENTED_EDGE('',*,*,#3836,.T.);
#1991=ORIENTED_EDGE('',*,*,#3837,.F.);
#1992=ORIENTED_EDGE('',*,*,#3838,.F.);
#1993=ORIENTED_EDGE('',*,*,#3839,.T.);
#1994=CARTESIAN_POINT('',(0.0,-3.175,3.15));
#1995=DIRECTION('',(0.0,-1.0,0.0));
#1996=DIRECTION('',(0.0,0.0,-1.0));
#1997=ORIENTED_EDGE('',*,*,#3840,.T.);
#1998=ORIENTED_EDGE('',*,*,#3841,.F.);
#1999=ORIENTED_EDGE('',*,*,#3842,.F.);
#2000=ORIENTED_EDGE('',*,*,#3805,.T.);
#2001=CARTESIAN_POINT('',(0.0,-3.175,3.15));
#2002=DIRECTION('',(0.0,-1.0,0.0));
#2003=DIRECTION('',(0.0,0.0,-1.0));
#2004=ORIENTED_EDGE('',*,*,#3843,.T.);
#2005=ORIENTED_EDGE('',*,*,#3844,.F.);
#2006=ORIENTED_EDGE('',*,*,#3845,.F.);
#2007=ORIENTED_EDGE('',*,*,#3846,.T.);
#2008=CARTESIAN_POINT('',(0.0,-3.175,3.15));
#2009=DIRECTION('',(0.0,-1.0,0.0));
#2010=DIRECTION('',(0.0,0.0,-1.0));
#2011=ORIENTED_EDGE('',*,*,#3847,.F.);
#2012=ORIENTED_EDGE('',*,*,#3815,.T.);
#2013=ORIENTED_EDGE('',*,*,#3848,.T.);
#2014=ORIENTED_EDGE('',*,*,#3849,.F.);
#2015=CARTESIAN_POINT('',(0.0,-3.175,3.15));
#2016=DIRECTION('',(0.0,-1.0,0.0));
#2017=DIRECTION('',(0.0,0.0,-1.0));
#2018=ORIENTED_EDGE('',*,*,#3850,.F.);
#2019=ORIENTED_EDGE('',*,*,#3851,.T.);
#2020=ORIENTED_EDGE('',*,*,#3852,.T.);
#2021=ORIENTED_EDGE('',*,*,#3853,.F.);
#2022=CARTESIAN_POINT('',(0.0,-3.175,3.15));
#2023=DIRECTION('',(0.0,-1.0,0.0));
#2024=DIRECTION('',(0.0,0.0,-1.0));
#2025=ORIENTED_EDGE('',*,*,#3828,.T.);
#2026=ORIENTED_EDGE('',*,*,#3854,.F.);
#2027=ORIENTED_EDGE('',*,*,#3855,.F.);
#2028=ORIENTED_EDGE('',*,*,#3799,.T.);
#2029=CARTESIAN_POINT('',(0.0,-3.175,3.15));
#2030=DIRECTION('',(0.0,-1.0,0.0));
#2031=DIRECTION('',(0.0,0.0,-1.0));
#2032=ORIENTED_EDGE('',*,*,#3831,.T.);
#2033=ORIENTED_EDGE('',*,*,#3856,.F.);
#2034=ORIENTED_EDGE('',*,*,#3857,.F.);
#2035=ORIENTED_EDGE('',*,*,#3858,.T.);
#2036=CARTESIAN_POINT('',(0.0,-3.175,3.15));
#2037=DIRECTION('',(0.0,-1.0,0.0));
#2038=DIRECTION('',(0.0,0.0,-1.0));
#2039=ORIENTED_EDGE('',*,*,#3859,.T.);
#2040=ORIENTED_EDGE('',*,*,#3860,.F.);
#2041=ORIENTED_EDGE('',*,*,#3833,.F.);
#2042=ORIENTED_EDGE('',*,*,#3810,.T.);
#2043=CARTESIAN_POINT('',(0.0,-3.55,2.32));
#2044=DIRECTION('',(0.0,0.0,1.0));
#2045=DIRECTION('',(1.0,0.0,0.0));
#2046=ORIENTED_EDGE('',*,*,#3861,.T.);
#2047=ORIENTED_EDGE('',*,*,#3862,.F.);
#2048=ORIENTED_EDGE('',*,*,#3836,.F.);
#2049=ORIENTED_EDGE('',*,*,#3863,.T.);
#2050=CARTESIAN_POINT('',(0.0,-3.55,2.32));
#2051=DIRECTION('',(0.0,0.0,1.0));
#2052=DIRECTION('',(1.0,0.0,0.0));
#2053=ORIENTED_EDGE('',*,*,#3864,.T.);
#2054=ORIENTED_EDGE('',*,*,#3865,.F.);
#2055=ORIENTED_EDGE('',*,*,#3859,.F.);
#2056=ORIENTED_EDGE('',*,*,#3809,.F.);
#2057=CARTESIAN_POINT('',(-2.6072,-2.95,2.17));
#2058=DIRECTION('',(-1.0,0.0,0.0));
#2059=DIRECTION('',(0.0,1.0,0.0));
#2060=ORIENTED_EDGE('',*,*,#3864,.F.);
#2061=ORIENTED_EDGE('',*,*,#3808,.T.);
#2062=ORIENTED_EDGE('',*,*,#3866,.T.);
#2063=ORIENTED_EDGE('',*,*,#3867,.F.);
#2064=CARTESIAN_POINT('',(0.0,-2.8,2.32));
#2065=DIRECTION('',(-0.0,1.0,0.0));
#2066=DIRECTION('',(1.0,0.0,0.0));
#2067=ORIENTED_EDGE('',*,*,#3868,.T.);
#2068=ORIENTED_EDGE('',*,*,#3869,.F.);
#2069=ORIENTED_EDGE('',*,*,#3870,.F.);
#2070=ORIENTED_EDGE('',*,*,#3871,.T.);
#2071=CARTESIAN_POINT('',(0.0,-2.8,2.32));
#2072=DIRECTION('',(-0.0,1.0,0.0));
#2073=DIRECTION('',(1.0,0.0,0.0));
#2074=ORIENTED_EDGE('',*,*,#3872,.F.);
#2075=ORIENTED_EDGE('',*,*,#3849,.T.);
#2076=ORIENTED_EDGE('',*,*,#3873,.T.);
#2077=ORIENTED_EDGE('',*,*,#3874,.T.);
#2078=ORIENTED_EDGE('',*,*,#3875,.F.);
#2079=ORIENTED_EDGE('',*,*,#3834,.T.);
#2080=ORIENTED_EDGE('',*,*,#3860,.T.);
#2081=ORIENTED_EDGE('',*,*,#3865,.T.);
#2082=ORIENTED_EDGE('',*,*,#3867,.T.);
#2083=ORIENTED_EDGE('',*,*,#3876,.T.);
#2084=ORIENTED_EDGE('',*,*,#3877,.F.);
#2085=ORIENTED_EDGE('',*,*,#3841,.T.);
#2086=ORIENTED_EDGE('',*,*,#3878,.T.);
#2087=ORIENTED_EDGE('',*,*,#3879,.T.);
#2088=ORIENTED_EDGE('',*,*,#3880,.T.);
#2089=ORIENTED_EDGE('',*,*,#3881,.T.);
#2090=ORIENTED_EDGE('',*,*,#3882,.F.);
#2091=ORIENTED_EDGE('',*,*,#3854,.T.);
#2092=ORIENTED_EDGE('',*,*,#3827,.T.);
#2093=ORIENTED_EDGE('',*,*,#3825,.T.);
#2094=ORIENTED_EDGE('',*,*,#3820,.T.);
#2095=ORIENTED_EDGE('',*,*,#3883,.T.);
#2096=CARTESIAN_POINT('',(0.5,-3.975,-3.15));
#2097=DIRECTION('',(-1.0,0.0,0.0));
#2098=DIRECTION('',(0.0,0.0,1.0));
#2099=ORIENTED_EDGE('',*,*,#3884,.F.);
#2100=ORIENTED_EDGE('',*,*,#3816,.F.);
#2101=ORIENTED_EDGE('',*,*,#3847,.T.);
#2102=ORIENTED_EDGE('',*,*,#3872,.T.);
#2103=CARTESIAN_POINT('',(0.0,-2.8,-2.32));
#2104=DIRECTION('',(0.0,0.0,-1.0));
#2105=DIRECTION('',(0.0,-1.0,0.0));
#2106=ORIENTED_EDGE('',*,*,#3885,.F.);
#2107=ORIENTED_EDGE('',*,*,#3886,.F.);
#2108=ORIENTED_EDGE('',*,*,#3850,.T.);
#2109=ORIENTED_EDGE('',*,*,#3887,.T.);
#2110=CARTESIAN_POINT('',(0.0,-2.8,-2.32));
#2111=DIRECTION('',(0.0,0.0,-1.0));
#2112=DIRECTION('',(0.0,-1.0,0.0));
#2113=ORIENTED_EDGE('',*,*,#3884,.T.);
#2114=ORIENTED_EDGE('',*,*,#3883,.F.);
#2115=ORIENTED_EDGE('',*,*,#3819,.F.);
#2116=ORIENTED_EDGE('',*,*,#3817,.F.);
#2117=CARTESIAN_POINT('',(-2.6072,-2.95,-2.17));
#2118=DIRECTION('',(-1.0,0.0,-0.0));
#2119=DIRECTION('',(0.0,0.0,-1.0));
#2120=ORIENTED_EDGE('',*,*,#3885,.T.);
#2121=ORIENTED_EDGE('',*,*,#3888,.F.);
#2122=ORIENTED_EDGE('',*,*,#3821,.F.);
#2123=ORIENTED_EDGE('',*,*,#3889,.F.);
#2124=CARTESIAN_POINT('',(-2.6072,-2.95,-2.17));
#2125=DIRECTION('',(-1.0,0.0,-0.0));
#2126=DIRECTION('',(0.0,0.0,-1.0));
#2127=ORIENTED_EDGE('',*,*,#3832,.F.);
#2128=ORIENTED_EDGE('',*,*,#3858,.F.);
#2129=ORIENTED_EDGE('',*,*,#3890,.T.);
#2130=ORIENTED_EDGE('',*,*,#3891,.T.);
#2131=ORIENTED_EDGE('',*,*,#3892,.F.);
#2132=ORIENTED_EDGE('',*,*,#3893,.T.);
#2133=ORIENTED_EDGE('',*,*,#3894,.F.);
#2134=ORIENTED_EDGE('',*,*,#3846,.F.);
#2135=ORIENTED_EDGE('',*,*,#3895,.T.);
#2136=ORIENTED_EDGE('',*,*,#3896,.T.);
#2137=ORIENTED_EDGE('',*,*,#3871,.F.);
#2138=ORIENTED_EDGE('',*,*,#3897,.T.);
#2139=ORIENTED_EDGE('',*,*,#3863,.F.);
#2140=ORIENTED_EDGE('',*,*,#3839,.F.);
#2141=ORIENTED_EDGE('',*,*,#3898,.T.);
#2142=ORIENTED_EDGE('',*,*,#3899,.F.);
#2143=ORIENTED_EDGE('',*,*,#3900,.F.);
#2144=ORIENTED_EDGE('',*,*,#3851,.F.);
#2145=ORIENTED_EDGE('',*,*,#3886,.T.);
#2146=ORIENTED_EDGE('',*,*,#3889,.T.);
#2147=ORIENTED_EDGE('',*,*,#3824,.F.);
#2148=ORIENTED_EDGE('',*,*,#3901,.T.);
#2149=CARTESIAN_POINT('',(1.5,-2.375,-3.15));
#2150=DIRECTION('',(1.0,0.0,0.0));
#2151=DIRECTION('',(0.0,1.0,0.0));
#2152=ORIENTED_EDGE('',*,*,#3823,.T.);
#2153=ORIENTED_EDGE('',*,*,#3902,.F.);
#2154=ORIENTED_EDGE('',*,*,#3829,.F.);
#2155=ORIENTED_EDGE('',*,*,#3901,.F.);
#2156=CARTESIAN_POINT('',(-2.6072,-2.95,-1.83));
#2157=DIRECTION('',(-1.0,0.0,0.0));
#2158=DIRECTION('',(0.0,1.0,0.0));
#2159=ORIENTED_EDGE('',*,*,#3822,.T.);
#2160=ORIENTED_EDGE('',*,*,#3888,.T.);
#2161=ORIENTED_EDGE('',*,*,#3887,.F.);
#2162=ORIENTED_EDGE('',*,*,#3853,.T.);
#2163=ORIENTED_EDGE('',*,*,#3903,.T.);
#2164=ORIENTED_EDGE('',*,*,#3904,.T.);
#2165=ORIENTED_EDGE('',*,*,#3905,.T.);
#2166=ORIENTED_EDGE('',*,*,#3837,.T.);
#2167=ORIENTED_EDGE('',*,*,#3862,.T.);
#2168=ORIENTED_EDGE('',*,*,#3906,.T.);
#2169=ORIENTED_EDGE('',*,*,#3869,.T.);
#2170=ORIENTED_EDGE('',*,*,#3907,.T.);
#2171=ORIENTED_EDGE('',*,*,#3908,.F.);
#2172=ORIENTED_EDGE('',*,*,#3844,.T.);
#2173=ORIENTED_EDGE('',*,*,#3909,.T.);
#2174=ORIENTED_EDGE('',*,*,#3910,.T.);
#2175=ORIENTED_EDGE('',*,*,#3911,.T.);
#2176=ORIENTED_EDGE('',*,*,#3912,.T.);
#2177=ORIENTED_EDGE('',*,*,#3913,.F.);
#2178=ORIENTED_EDGE('',*,*,#3856,.T.);
#2179=ORIENTED_EDGE('',*,*,#3830,.T.);
#2180=ORIENTED_EDGE('',*,*,#3902,.T.);
#2181=CARTESIAN_POINT('',(2.0,0.0,0.0));
#2182=DIRECTION('',(1.0,0.0,0.0));
#2183=DIRECTION('',(0.0,1.0,0.0));
#2184=ORIENTED_EDGE('',*,*,#3914,.F.);
#2185=ORIENTED_EDGE('',*,*,#3800,.F.);
#2186=ORIENTED_EDGE('',*,*,#3855,.T.);
#2187=ORIENTED_EDGE('',*,*,#3882,.T.);
#2188=CARTESIAN_POINT('',(0.0,-2.8,-0.32));
#2189=DIRECTION('',(0.0,0.0,-1.0));
#2190=DIRECTION('',(0.0,-1.0,0.0));
#2191=ORIENTED_EDGE('',*,*,#3915,.F.);
#2192=ORIENTED_EDGE('',*,*,#3890,.F.);
#2193=ORIENTED_EDGE('',*,*,#3857,.T.);
#2194=ORIENTED_EDGE('',*,*,#3913,.T.);
#2195=CARTESIAN_POINT('',(0.0,-2.8,-0.32));
#2196=DIRECTION('',(0.0,0.0,-1.0));
#2197=DIRECTION('',(0.0,-1.0,0.0));
#2198=ORIENTED_EDGE('',*,*,#3914,.T.);
#2199=ORIENTED_EDGE('',*,*,#3881,.F.);
#2200=ORIENTED_EDGE('',*,*,#3916,.F.);
#2201=ORIENTED_EDGE('',*,*,#3801,.F.);
#2202=CARTESIAN_POINT('',(-2.6072,-2.95,-0.17));
#2203=DIRECTION('',(-1.0,0.0,-0.0));
#2204=DIRECTION('',(0.0,0.0,-1.0));
#2205=ORIENTED_EDGE('',*,*,#3917,.F.);
#2206=ORIENTED_EDGE('',*,*,#3802,.T.);
#2207=ORIENTED_EDGE('',*,*,#3916,.T.);
#2208=ORIENTED_EDGE('',*,*,#3880,.F.);
#2209=CARTESIAN_POINT('',(0.0,-2.8,0.32));
#2210=DIRECTION('',(-0.0,1.0,0.0));
#2211=DIRECTION('',(1.0,0.0,0.0));
#2212=ORIENTED_EDGE('',*,*,#3918,.T.);
#2213=ORIENTED_EDGE('',*,*,#3911,.F.);
#2214=ORIENTED_EDGE('',*,*,#3919,.F.);
#2215=ORIENTED_EDGE('',*,*,#3892,.T.);
#2216=CARTESIAN_POINT('',(0.0,-2.8,0.32));
#2217=DIRECTION('',(-0.0,1.0,0.0));
#2218=DIRECTION('',(1.0,0.0,0.0));
#2219=ORIENTED_EDGE('',*,*,#3917,.T.);
#2220=ORIENTED_EDGE('',*,*,#3879,.F.);
#2221=ORIENTED_EDGE('',*,*,#3920,.F.);
#2222=ORIENTED_EDGE('',*,*,#3803,.F.);
#2223=CARTESIAN_POINT('',(-2.6072,-2.95,0.17));
#2224=DIRECTION('',(-1.0,0.0,0.0));
#2225=DIRECTION('',(0.0,1.0,0.0));
#2226=ORIENTED_EDGE('',*,*,#3920,.T.);
#2227=ORIENTED_EDGE('',*,*,#3878,.F.);
#2228=ORIENTED_EDGE('',*,*,#3840,.F.);
#2229=ORIENTED_EDGE('',*,*,#3804,.T.);
#2230=CARTESIAN_POINT('',(0.0,-3.55,0.32));
#2231=DIRECTION('',(0.0,0.0,1.0));
#2232=DIRECTION('',(1.0,0.0,0.0));
#2233=ORIENTED_EDGE('',*,*,#3921,.T.);
#2234=ORIENTED_EDGE('',*,*,#3909,.F.);
#2235=ORIENTED_EDGE('',*,*,#3843,.F.);
#2236=ORIENTED_EDGE('',*,*,#3894,.T.);
#2237=CARTESIAN_POINT('',(0.0,-3.55,0.32));
#2238=DIRECTION('',(0.0,0.0,1.0));
#2239=DIRECTION('',(1.0,0.0,0.0));
#2240=ORIENTED_EDGE('',*,*,#3919,.T.);
#2241=ORIENTED_EDGE('',*,*,#3910,.F.);
#2242=ORIENTED_EDGE('',*,*,#3921,.F.);
#2243=ORIENTED_EDGE('',*,*,#3893,.F.);
#2244=CARTESIAN_POINT('',(-2.6072,-2.95,0.17));
#2245=DIRECTION('',(-1.0,0.0,0.0));
#2246=DIRECTION('',(0.0,1.0,0.0));
#2247=ORIENTED_EDGE('',*,*,#3915,.T.);
#2248=ORIENTED_EDGE('',*,*,#3912,.F.);
#2249=ORIENTED_EDGE('',*,*,#3918,.F.);
#2250=ORIENTED_EDGE('',*,*,#3891,.F.);
#2251=CARTESIAN_POINT('',(-2.6072,-2.95,-0.17));
#2252=DIRECTION('',(-1.0,0.0,-0.0));
#2253=DIRECTION('',(0.0,0.0,-1.0));
#2254=ORIENTED_EDGE('',*,*,#3922,.F.);
#2255=ORIENTED_EDGE('',*,*,#3806,.F.);
#2256=ORIENTED_EDGE('',*,*,#3842,.T.);
#2257=ORIENTED_EDGE('',*,*,#3877,.T.);
#2258=CARTESIAN_POINT('',(0.0,-2.8,1.68));
#2259=DIRECTION('',(0.0,0.0,-1.0));
#2260=DIRECTION('',(0.0,-1.0,0.0));
#2261=ORIENTED_EDGE('',*,*,#3923,.F.);
#2262=ORIENTED_EDGE('',*,*,#3895,.F.);
#2263=ORIENTED_EDGE('',*,*,#3845,.T.);
#2264=ORIENTED_EDGE('',*,*,#3908,.T.);
#2265=CARTESIAN_POINT('',(0.0,-2.8,1.68));
#2266=DIRECTION('',(0.0,0.0,-1.0));
#2267=DIRECTION('',(0.0,-1.0,0.0));
#2268=ORIENTED_EDGE('',*,*,#3922,.T.);
#2269=ORIENTED_EDGE('',*,*,#3876,.F.);
#2270=ORIENTED_EDGE('',*,*,#3866,.F.);
#2271=ORIENTED_EDGE('',*,*,#3807,.F.);
#2272=CARTESIAN_POINT('',(-2.6072,-2.95,1.83));
#2273=DIRECTION('',(-1.0,0.0,-0.0));
#2274=DIRECTION('',(0.0,0.0,-1.0));
#2275=ORIENTED_EDGE('',*,*,#3923,.T.);
#2276=ORIENTED_EDGE('',*,*,#3907,.F.);
#2277=ORIENTED_EDGE('',*,*,#3868,.F.);
#2278=ORIENTED_EDGE('',*,*,#3896,.F.);
#2279=CARTESIAN_POINT('',(-2.6072,-2.95,1.83));
#2280=DIRECTION('',(-1.0,0.0,-0.0));
#2281=DIRECTION('',(0.0,0.0,-1.0));
#2282=ORIENTED_EDGE('',*,*,#3870,.T.);
#2283=ORIENTED_EDGE('',*,*,#3906,.F.);
#2284=ORIENTED_EDGE('',*,*,#3861,.F.);
#2285=ORIENTED_EDGE('',*,*,#3897,.F.);
#2286=CARTESIAN_POINT('',(-2.6072,-2.95,2.17));
#2287=DIRECTION('',(-1.0,0.0,0.0));
#2288=DIRECTION('',(0.0,1.0,0.0));
#2289=ORIENTED_EDGE('',*,*,#3875,.T.);
#2290=ORIENTED_EDGE('',*,*,#3924,.T.);
#2291=ORIENTED_EDGE('',*,*,#3898,.F.);
#2292=ORIENTED_EDGE('',*,*,#3838,.T.);
#2293=ORIENTED_EDGE('',*,*,#3905,.F.);
#2294=ORIENTED_EDGE('',*,*,#3925,.F.);
#2295=ORIENTED_EDGE('',*,*,#3812,.T.);
#2296=ORIENTED_EDGE('',*,*,#3835,.T.);
#2297=CARTESIAN_POINT('',(0.0,3.175,3.15));
#2298=DIRECTION('',(0.0,0.0,1.0));
#2299=DIRECTION('',(1.0,0.0,0.0));
#2300=ORIENTED_EDGE('',*,*,#3813,.T.);
#2301=ORIENTED_EDGE('',*,*,#3925,.T.);
#2302=ORIENTED_EDGE('',*,*,#3904,.F.);
#2303=ORIENTED_EDGE('',*,*,#3926,.F.);
#2304=ORIENTED_EDGE('',*,*,#3927,.T.);
#2305=ORIENTED_EDGE('',*,*,#3928,.T.);
#2306=ORIENTED_EDGE('',*,*,#3929,.T.);
#2307=ORIENTED_EDGE('',*,*,#3930,.T.);
#2308=ORIENTED_EDGE('',*,*,#3931,.T.);
#2309=ORIENTED_EDGE('',*,*,#3932,.T.);
#2310=ORIENTED_EDGE('',*,*,#3933,.T.);
#2311=ORIENTED_EDGE('',*,*,#3934,.T.);
#2312=ORIENTED_EDGE('',*,*,#3935,.T.);
#2313=ORIENTED_EDGE('',*,*,#3936,.T.);
#2314=ORIENTED_EDGE('',*,*,#3937,.T.);
#2315=ORIENTED_EDGE('',*,*,#3938,.T.);
#2316=CARTESIAN_POINT('',(0.0,3.175,-3.15));
#2317=DIRECTION('',(-0.0,1.0,0.0));
#2318=DIRECTION('',(1.0,0.0,0.0));
#2319=ORIENTED_EDGE('',*,*,#3873,.F.);
#2320=ORIENTED_EDGE('',*,*,#3848,.F.);
#2321=ORIENTED_EDGE('',*,*,#3814,.T.);
#2322=ORIENTED_EDGE('',*,*,#3926,.T.);
#2323=ORIENTED_EDGE('',*,*,#3903,.F.);
#2324=ORIENTED_EDGE('',*,*,#3852,.F.);
#2325=ORIENTED_EDGE('',*,*,#3900,.T.);
#2326=ORIENTED_EDGE('',*,*,#3939,.F.);
#2327=CARTESIAN_POINT('',(0.0,-3.175,-3.15));
#2328=DIRECTION('',(0.0,0.0,-1.0));
#2329=DIRECTION('',(0.0,-1.0,0.0));
#2330=ORIENTED_EDGE('',*,*,#3924,.F.);
#2331=ORIENTED_EDGE('',*,*,#3874,.F.);
#2332=ORIENTED_EDGE('',*,*,#3939,.T.);
#2333=ORIENTED_EDGE('',*,*,#3899,.T.);
#2334=ORIENTED_EDGE('',*,*,#3940,.T.);
#2335=ORIENTED_EDGE('',*,*,#3941,.F.);
#2336=ORIENTED_EDGE('',*,*,#3942,.F.);
#2337=ORIENTED_EDGE('',*,*,#3943,.F.);
#2338=ORIENTED_EDGE('',*,*,#3944,.T.);
#2339=ORIENTED_EDGE('',*,*,#3945,.T.);
#2340=ORIENTED_EDGE('',*,*,#3946,.T.);
#2341=ORIENTED_EDGE('',*,*,#3947,.F.);
#2342=ORIENTED_EDGE('',*,*,#3948,.F.);
#2343=ORIENTED_EDGE('',*,*,#3949,.F.);
#2344=ORIENTED_EDGE('',*,*,#3950,.T.);
#2345=ORIENTED_EDGE('',*,*,#3951,.T.);
#2346=ORIENTED_EDGE('',*,*,#3952,.F.);
#2347=ORIENTED_EDGE('',*,*,#3953,.F.);
#2348=ORIENTED_EDGE('',*,*,#3954,.F.);
#2349=ORIENTED_EDGE('',*,*,#3955,.T.);
#2350=ORIENTED_EDGE('',*,*,#3956,.T.);
#2351=ORIENTED_EDGE('',*,*,#3957,.T.);
#2352=ORIENTED_EDGE('',*,*,#3958,.F.);
#2353=ORIENTED_EDGE('',*,*,#3959,.F.);
#2354=ORIENTED_EDGE('',*,*,#3960,.F.);
#2355=ORIENTED_EDGE('',*,*,#3961,.T.);
#2356=ORIENTED_EDGE('',*,*,#3962,.T.);
#2357=ORIENTED_EDGE('',*,*,#3963,.T.);
#2358=ORIENTED_EDGE('',*,*,#3964,.F.);
#2359=ORIENTED_EDGE('',*,*,#3965,.F.);
#2360=ORIENTED_EDGE('',*,*,#3966,.F.);
#2361=ORIENTED_EDGE('',*,*,#3967,.T.);
#2362=ORIENTED_EDGE('',*,*,#3968,.T.);
#2363=ORIENTED_EDGE('',*,*,#3969,.T.);
#2364=ORIENTED_EDGE('',*,*,#3970,.F.);
#2365=ORIENTED_EDGE('',*,*,#3971,.F.);
#2366=ORIENTED_EDGE('',*,*,#3972,.F.);
#2367=ORIENTED_EDGE('',*,*,#3973,.T.);
#2368=ORIENTED_EDGE('',*,*,#3974,.T.);
#2369=ORIENTED_EDGE('',*,*,#3975,.T.);
#2370=CARTESIAN_POINT('',(0.5,-2.375,-3.15));
#2371=DIRECTION('',(-0.0,1.0,0.0));
#2372=DIRECTION('',(1.0,0.0,0.0));
#2373=ORIENTED_EDGE('',*,*,#3976,.T.);
#2374=ORIENTED_EDGE('',*,*,#3977,.F.);
#2375=ORIENTED_EDGE('',*,*,#3940,.F.);
#2376=ORIENTED_EDGE('',*,*,#3978,.F.);
#2377=ORIENTED_EDGE('',*,*,#3979,.F.);
#2378=ORIENTED_EDGE('',*,*,#3980,.T.);
#2379=ORIENTED_EDGE('',*,*,#3944,.F.);
#2380=ORIENTED_EDGE('',*,*,#3981,.T.);
#2381=CARTESIAN_POINT('',(0.68,3.175,2.32));
#2382=DIRECTION('',(0.0,0.0,1.0));
#2383=DIRECTION('',(1.0,0.0,0.0));
#2384=ORIENTED_EDGE('',*,*,#3976,.F.);
#2385=ORIENTED_EDGE('',*,*,#3982,.T.);
#2386=ORIENTED_EDGE('',*,*,#3983,.T.);
#2387=ORIENTED_EDGE('',*,*,#3984,.T.);
#2388=CARTESIAN_POINT('',(0.0,2.625,-3.15));
#2389=DIRECTION('',(0.0,-1.0,0.0));
#2390=DIRECTION('',(0.0,0.0,-1.0));
#2391=ORIENTED_EDGE('',*,*,#3985,.T.);
#2392=ORIENTED_EDGE('',*,*,#3986,.T.);
#2393=ORIENTED_EDGE('',*,*,#3987,.T.);
#2394=ORIENTED_EDGE('',*,*,#3988,.T.);
#2395=CARTESIAN_POINT('',(0.0,2.625,-3.15));
#2396=DIRECTION('',(0.0,-1.0,0.0));
#2397=DIRECTION('',(0.0,0.0,-1.0));
#2398=ORIENTED_EDGE('',*,*,#3977,.T.);
#2399=ORIENTED_EDGE('',*,*,#3984,.F.);
#2400=ORIENTED_EDGE('',*,*,#3989,.F.);
#2401=ORIENTED_EDGE('',*,*,#3941,.T.);
#2402=CARTESIAN_POINT('',(0.75,-2.375,2.8));
#2403=DIRECTION('',(-1.0,0.0,0.0));
#2404=DIRECTION('',(0.0,0.0,1.0));
#2405=ORIENTED_EDGE('',*,*,#3990,.F.);
#2406=ORIENTED_EDGE('',*,*,#3949,.T.);
#2407=ORIENTED_EDGE('',*,*,#3991,.T.);
#2408=ORIENTED_EDGE('',*,*,#3986,.F.);
#2409=CARTESIAN_POINT('',(0.75,-2.375,2.8));
#2410=DIRECTION('',(-1.0,0.0,0.0));
#2411=DIRECTION('',(0.0,0.0,1.0));
#2412=ORIENTED_EDGE('',*,*,#3942,.T.);
#2413=ORIENTED_EDGE('',*,*,#3989,.T.);
#2414=ORIENTED_EDGE('',*,*,#3983,.F.);
#2415=ORIENTED_EDGE('',*,*,#3992,.F.);
#2416=CARTESIAN_POINT('',(1.25,-2.375,2.8));
#2417=DIRECTION('',(0.0,0.0,1.0));
#2418=DIRECTION('',(1.0,0.0,0.0));
#2419=ORIENTED_EDGE('',*,*,#3981,.F.);
#2420=ORIENTED_EDGE('',*,*,#3943,.T.);
#2421=ORIENTED_EDGE('',*,*,#3992,.T.);
#2422=ORIENTED_EDGE('',*,*,#3982,.F.);
#2423=CARTESIAN_POINT('',(1.25,-2.375,1.2));
#2424=DIRECTION('',(1.0,0.0,0.0));
#2425=DIRECTION('',(0.0,1.0,0.0));
#2426=ORIENTED_EDGE('',*,*,#3993,.T.);
#2427=ORIENTED_EDGE('',*,*,#3988,.F.);
#2428=ORIENTED_EDGE('',*,*,#3994,.F.);
#2429=ORIENTED_EDGE('',*,*,#3947,.T.);
#2430=CARTESIAN_POINT('',(1.25,-2.375,1.2));
#2431=DIRECTION('',(1.0,0.0,0.0));
#2432=DIRECTION('',(0.0,1.0,0.0));
#2433=ORIENTED_EDGE('',*,*,#3985,.F.);
#2434=ORIENTED_EDGE('',*,*,#3993,.F.);
#2435=ORIENTED_EDGE('',*,*,#3946,.F.);
#2436=ORIENTED_EDGE('',*,*,#3995,.F.);
#2437=ORIENTED_EDGE('',*,*,#3996,.F.);
#2438=ORIENTED_EDGE('',*,*,#3997,.T.);
#2439=ORIENTED_EDGE('',*,*,#3950,.F.);
#2440=ORIENTED_EDGE('',*,*,#3990,.T.);
#2441=CARTESIAN_POINT('',(1.32,3.175,1.68));
#2442=DIRECTION('',(0.0,0.0,-1.0));
#2443=DIRECTION('',(0.0,-1.0,0.0));
#2444=ORIENTED_EDGE('',*,*,#3951,.F.);
#2445=ORIENTED_EDGE('',*,*,#3997,.F.);
#2446=ORIENTED_EDGE('',*,*,#3998,.F.);
#2447=ORIENTED_EDGE('',*,*,#3978,.T.);
#2448=CARTESIAN_POINT('',(0.68,3.175,1.68));
#2449=DIRECTION('',(-1.0,0.0,0.0));
#2450=DIRECTION('',(0.0,0.0,1.0));
#2451=ORIENTED_EDGE('',*,*,#3998,.T.);
#2452=ORIENTED_EDGE('',*,*,#3999,.T.);
#2453=ORIENTED_EDGE('',*,*,#3930,.F.);
#2454=ORIENTED_EDGE('',*,*,#4000,.F.);
#2455=CARTESIAN_POINT('',(0.53,3.025,2.0));
#2456=DIRECTION('',(0.707106781186548,0.707106781186548,0.0));
#2457=DIRECTION('',(0.0,0.0,-1.0));
#2458=ORIENTED_EDGE('',*,*,#3929,.F.);
#2459=ORIENTED_EDGE('',*,*,#4001,.F.);
#2460=ORIENTED_EDGE('',*,*,#3979,.T.);
#2461=ORIENTED_EDGE('',*,*,#4000,.T.);
#2462=CARTESIAN_POINT('',(1.0,3.025,2.47));
#2463=DIRECTION('',(0.0,0.707106781186548,-0.707106781186548));
#2464=DIRECTION('',(-1.0,0.0,0.0));
#2465=ORIENTED_EDGE('',*,*,#3928,.F.);
#2466=ORIENTED_EDGE('',*,*,#4002,.F.);
#2467=ORIENTED_EDGE('',*,*,#4003,.T.);
#2468=ORIENTED_EDGE('',*,*,#4001,.T.);
#2469=CARTESIAN_POINT('',(1.47,3.025,2.0));
#2470=DIRECTION('',(-0.707106781186548,0.707106781186548,0.0));
#2471=DIRECTION('',(0.0,0.0,1.0));
#2472=ORIENTED_EDGE('',*,*,#3945,.F.);
#2473=ORIENTED_EDGE('',*,*,#3980,.F.);
#2474=ORIENTED_EDGE('',*,*,#4003,.F.);
#2475=ORIENTED_EDGE('',*,*,#3995,.T.);
#2476=CARTESIAN_POINT('',(1.32,3.175,2.32));
#2477=DIRECTION('',(1.0,0.0,0.0));
#2478=DIRECTION('',(0.0,1.0,0.0));
#2479=ORIENTED_EDGE('',*,*,#3996,.T.);
#2480=ORIENTED_EDGE('',*,*,#4002,.T.);
#2481=ORIENTED_EDGE('',*,*,#3927,.F.);
#2482=ORIENTED_EDGE('',*,*,#3999,.F.);
#2483=CARTESIAN_POINT('',(1.0,3.025,1.53));
#2484=DIRECTION('',(0.0,0.707106781186548,0.707106781186548));
#2485=DIRECTION('',(1.0,0.0,-0.0));
#2486=ORIENTED_EDGE('',*,*,#3948,.T.);
#2487=ORIENTED_EDGE('',*,*,#3994,.T.);
#2488=ORIENTED_EDGE('',*,*,#3987,.F.);
#2489=ORIENTED_EDGE('',*,*,#3991,.F.);
#2490=CARTESIAN_POINT('',(0.75,-2.375,1.2));
#2491=DIRECTION('',(0.0,0.0,-1.0));
#2492=DIRECTION('',(0.0,-1.0,0.0));
#2493=ORIENTED_EDGE('',*,*,#4004,.F.);
#2494=ORIENTED_EDGE('',*,*,#4005,.F.);
#2495=ORIENTED_EDGE('',*,*,#3952,.T.);
#2496=ORIENTED_EDGE('',*,*,#4006,.T.);
#2497=CARTESIAN_POINT('',(0.75,-2.375,0.8));
#2498=DIRECTION('',(-1.0,0.0,0.0));
#2499=DIRECTION('',(0.0,0.0,1.0));
#2500=ORIENTED_EDGE('',*,*,#4007,.F.);
#2501=ORIENTED_EDGE('',*,*,#4008,.F.);
#2502=ORIENTED_EDGE('',*,*,#3960,.T.);
#2503=ORIENTED_EDGE('',*,*,#4009,.T.);
#2504=CARTESIAN_POINT('',(0.75,-2.375,0.8));
#2505=DIRECTION('',(-1.0,0.0,0.0));
#2506=DIRECTION('',(0.0,0.0,1.0));
#2507=ORIENTED_EDGE('',*,*,#4004,.T.);
#2508=ORIENTED_EDGE('',*,*,#4010,.F.);
#2509=ORIENTED_EDGE('',*,*,#4011,.T.);
#2510=ORIENTED_EDGE('',*,*,#4012,.T.);
#2511=CARTESIAN_POINT('',(0.0,2.625,-5.15));
#2512=DIRECTION('',(0.0,-1.0,0.0));
#2513=DIRECTION('',(0.0,0.0,-1.0));
#2514=ORIENTED_EDGE('',*,*,#4007,.T.);
#2515=ORIENTED_EDGE('',*,*,#4013,.T.);
#2516=ORIENTED_EDGE('',*,*,#4014,.T.);
#2517=ORIENTED_EDGE('',*,*,#4015,.T.);
#2518=CARTESIAN_POINT('',(0.0,2.625,-5.15));
#2519=DIRECTION('',(0.0,-1.0,0.0));
#2520=DIRECTION('',(0.0,0.0,-1.0));
#2521=ORIENTED_EDGE('',*,*,#4005,.T.);
#2522=ORIENTED_EDGE('',*,*,#4012,.F.);
#2523=ORIENTED_EDGE('',*,*,#4016,.F.);
#2524=ORIENTED_EDGE('',*,*,#3953,.T.);
#2525=CARTESIAN_POINT('',(1.25,-2.375,0.8));
#2526=DIRECTION('',(0.0,0.0,1.0));
#2527=DIRECTION('',(1.0,0.0,0.0));
#2528=ORIENTED_EDGE('',*,*,#4014,.F.);
#2529=ORIENTED_EDGE('',*,*,#4017,.F.);
#2530=ORIENTED_EDGE('',*,*,#3958,.T.);
#2531=ORIENTED_EDGE('',*,*,#4018,.T.);
#2532=CARTESIAN_POINT('',(1.25,-2.375,-0.8));
#2533=DIRECTION('',(1.0,0.0,0.0));
#2534=DIRECTION('',(0.0,1.0,0.0));
#2535=ORIENTED_EDGE('',*,*,#4011,.F.);
#2536=ORIENTED_EDGE('',*,*,#4019,.F.);
#2537=ORIENTED_EDGE('',*,*,#3954,.T.);
#2538=ORIENTED_EDGE('',*,*,#4016,.T.);
#2539=CARTESIAN_POINT('',(1.25,-2.375,-0.8));
#2540=DIRECTION('',(1.0,0.0,0.0));
#2541=DIRECTION('',(0.0,1.0,0.0));
#2542=ORIENTED_EDGE('',*,*,#4015,.F.);
#2543=ORIENTED_EDGE('',*,*,#4018,.F.);
#2544=ORIENTED_EDGE('',*,*,#3957,.F.);
#2545=ORIENTED_EDGE('',*,*,#4020,.F.);
#2546=ORIENTED_EDGE('',*,*,#4021,.F.);
#2547=ORIENTED_EDGE('',*,*,#4022,.T.);
#2548=ORIENTED_EDGE('',*,*,#3961,.F.);
#2549=ORIENTED_EDGE('',*,*,#4008,.T.);
#2550=CARTESIAN_POINT('',(1.32,3.175,-0.32));
#2551=DIRECTION('',(0.0,0.0,-1.0));
#2552=DIRECTION('',(0.0,-1.0,0.0));
#2553=ORIENTED_EDGE('',*,*,#4023,.F.);
#2554=ORIENTED_EDGE('',*,*,#4024,.T.);
#2555=ORIENTED_EDGE('',*,*,#3962,.F.);
#2556=ORIENTED_EDGE('',*,*,#4022,.F.);
#2557=CARTESIAN_POINT('',(0.68,3.175,-0.32));
#2558=DIRECTION('',(-1.0,0.0,0.0));
#2559=DIRECTION('',(0.0,0.0,1.0));
#2560=ORIENTED_EDGE('',*,*,#4023,.T.);
#2561=ORIENTED_EDGE('',*,*,#4025,.T.);
#2562=ORIENTED_EDGE('',*,*,#3934,.F.);
#2563=ORIENTED_EDGE('',*,*,#4026,.F.);
#2564=CARTESIAN_POINT('',(0.53,3.025,0.0));
#2565=DIRECTION('',(0.707106781186548,0.707106781186548,0.0));
#2566=DIRECTION('',(0.0,0.0,-1.0));
#2567=ORIENTED_EDGE('',*,*,#3933,.F.);
#2568=ORIENTED_EDGE('',*,*,#4027,.F.);
#2569=ORIENTED_EDGE('',*,*,#4028,.T.);
#2570=ORIENTED_EDGE('',*,*,#4026,.T.);
#2571=CARTESIAN_POINT('',(1.0,3.025,0.47));
#2572=DIRECTION('',(0.0,0.707106781186548,-0.707106781186548));
#2573=DIRECTION('',(-1.0,0.0,0.0));
#2574=ORIENTED_EDGE('',*,*,#4010,.T.);
#2575=ORIENTED_EDGE('',*,*,#4006,.F.);
#2576=ORIENTED_EDGE('',*,*,#3963,.F.);
#2577=ORIENTED_EDGE('',*,*,#4024,.F.);
#2578=ORIENTED_EDGE('',*,*,#4028,.F.);
#2579=ORIENTED_EDGE('',*,*,#4029,.T.);
#2580=ORIENTED_EDGE('',*,*,#3955,.F.);
#2581=ORIENTED_EDGE('',*,*,#4019,.T.);
#2582=CARTESIAN_POINT('',(0.68,3.175,0.32));
#2583=DIRECTION('',(0.0,0.0,1.0));
#2584=DIRECTION('',(1.0,0.0,0.0));
#2585=ORIENTED_EDGE('',*,*,#4030,.F.);
#2586=ORIENTED_EDGE('',*,*,#4020,.T.);
#2587=ORIENTED_EDGE('',*,*,#3956,.F.);
#2588=ORIENTED_EDGE('',*,*,#4029,.F.);
#2589=CARTESIAN_POINT('',(1.32,3.175,0.32));
#2590=DIRECTION('',(1.0,0.0,0.0));
#2591=DIRECTION('',(0.0,1.0,0.0));
#2592=ORIENTED_EDGE('',*,*,#3932,.F.);
#2593=ORIENTED_EDGE('',*,*,#4031,.F.);
#2594=ORIENTED_EDGE('',*,*,#4030,.T.);
#2595=ORIENTED_EDGE('',*,*,#4027,.T.);
#2596=CARTESIAN_POINT('',(1.47,3.025,0.0));
#2597=DIRECTION('',(-0.707106781186548,0.707106781186548,0.0));
#2598=DIRECTION('',(0.0,0.0,1.0));
#2599=ORIENTED_EDGE('',*,*,#4021,.T.);
#2600=ORIENTED_EDGE('',*,*,#4031,.T.);
#2601=ORIENTED_EDGE('',*,*,#3931,.F.);
#2602=ORIENTED_EDGE('',*,*,#4025,.F.);
#2603=CARTESIAN_POINT('',(1.0,3.025,-0.47));
#2604=DIRECTION('',(0.0,0.707106781186548,0.707106781186548));
#2605=DIRECTION('',(1.0,0.0,-0.0));
#2606=ORIENTED_EDGE('',*,*,#4009,.F.);
#2607=ORIENTED_EDGE('',*,*,#3959,.T.);
#2608=ORIENTED_EDGE('',*,*,#4017,.T.);
#2609=ORIENTED_EDGE('',*,*,#4013,.F.);
#2610=CARTESIAN_POINT('',(0.75,-2.375,-0.8));
#2611=DIRECTION('',(0.0,0.0,-1.0));
#2612=DIRECTION('',(0.0,-1.0,0.0));
#2613=ORIENTED_EDGE('',*,*,#4032,.F.);
#2614=ORIENTED_EDGE('',*,*,#4033,.F.);
#2615=ORIENTED_EDGE('',*,*,#3964,.T.);
#2616=ORIENTED_EDGE('',*,*,#4034,.T.);
#2617=CARTESIAN_POINT('',(0.75,-2.375,-1.2));
#2618=DIRECTION('',(-1.0,0.0,0.0));
#2619=DIRECTION('',(0.0,0.0,1.0));
#2620=ORIENTED_EDGE('',*,*,#4035,.F.);
#2621=ORIENTED_EDGE('',*,*,#4036,.F.);
#2622=ORIENTED_EDGE('',*,*,#3972,.T.);
#2623=ORIENTED_EDGE('',*,*,#4037,.T.);
#2624=CARTESIAN_POINT('',(0.75,-2.375,-1.2));
#2625=DIRECTION('',(-1.0,0.0,0.0));
#2626=DIRECTION('',(0.0,0.0,1.0));
#2627=ORIENTED_EDGE('',*,*,#4032,.T.);
#2628=ORIENTED_EDGE('',*,*,#4038,.F.);
#2629=ORIENTED_EDGE('',*,*,#4039,.T.);
#2630=ORIENTED_EDGE('',*,*,#4040,.T.);
#2631=CARTESIAN_POINT('',(0.0,2.625,-7.15));
#2632=DIRECTION('',(0.0,-1.0,0.0));
#2633=DIRECTION('',(0.0,0.0,-1.0));
#2634=ORIENTED_EDGE('',*,*,#4035,.T.);
#2635=ORIENTED_EDGE('',*,*,#4041,.T.);
#2636=ORIENTED_EDGE('',*,*,#4042,.T.);
#2637=ORIENTED_EDGE('',*,*,#4043,.T.);
#2638=CARTESIAN_POINT('',(0.0,2.625,-7.15));
#2639=DIRECTION('',(0.0,-1.0,0.0));
#2640=DIRECTION('',(0.0,0.0,-1.0));
#2641=ORIENTED_EDGE('',*,*,#4033,.T.);
#2642=ORIENTED_EDGE('',*,*,#4040,.F.);
#2643=ORIENTED_EDGE('',*,*,#4044,.F.);
#2644=ORIENTED_EDGE('',*,*,#3965,.T.);
#2645=CARTESIAN_POINT('',(1.25,-2.375,-1.2));
#2646=DIRECTION('',(0.0,0.0,1.0));
#2647=DIRECTION('',(1.0,0.0,0.0));
#2648=ORIENTED_EDGE('',*,*,#4042,.F.);
#2649=ORIENTED_EDGE('',*,*,#4045,.F.);
#2650=ORIENTED_EDGE('',*,*,#3970,.T.);
#2651=ORIENTED_EDGE('',*,*,#4046,.T.);
#2652=CARTESIAN_POINT('',(1.25,-2.375,-2.8));
#2653=DIRECTION('',(1.0,0.0,0.0));
#2654=DIRECTION('',(0.0,1.0,0.0));
#2655=ORIENTED_EDGE('',*,*,#4039,.F.);
#2656=ORIENTED_EDGE('',*,*,#4047,.F.);
#2657=ORIENTED_EDGE('',*,*,#3966,.T.);
#2658=ORIENTED_EDGE('',*,*,#4044,.T.);
#2659=CARTESIAN_POINT('',(1.25,-2.375,-2.8));
#2660=DIRECTION('',(1.0,0.0,0.0));
#2661=DIRECTION('',(0.0,1.0,0.0));
#2662=ORIENTED_EDGE('',*,*,#4043,.F.);
#2663=ORIENTED_EDGE('',*,*,#4046,.F.);
#2664=ORIENTED_EDGE('',*,*,#3969,.F.);
#2665=ORIENTED_EDGE('',*,*,#4048,.F.);
#2666=ORIENTED_EDGE('',*,*,#4049,.F.);
#2667=ORIENTED_EDGE('',*,*,#4050,.T.);
#2668=ORIENTED_EDGE('',*,*,#3973,.F.);
#2669=ORIENTED_EDGE('',*,*,#4036,.T.);
#2670=CARTESIAN_POINT('',(1.32,3.175,-2.32));
#2671=DIRECTION('',(0.0,0.0,-1.0));
#2672=DIRECTION('',(0.0,-1.0,0.0));
#2673=ORIENTED_EDGE('',*,*,#4051,.F.);
#2674=ORIENTED_EDGE('',*,*,#4052,.T.);
#2675=ORIENTED_EDGE('',*,*,#3974,.F.);
#2676=ORIENTED_EDGE('',*,*,#4050,.F.);
#2677=CARTESIAN_POINT('',(0.68,3.175,-2.32));
#2678=DIRECTION('',(-1.0,0.0,0.0));
#2679=DIRECTION('',(0.0,0.0,1.0));
#2680=ORIENTED_EDGE('',*,*,#4051,.T.);
#2681=ORIENTED_EDGE('',*,*,#4053,.T.);
#2682=ORIENTED_EDGE('',*,*,#3938,.F.);
#2683=ORIENTED_EDGE('',*,*,#4054,.F.);
#2684=CARTESIAN_POINT('',(0.53,3.025,-2.0));
#2685=DIRECTION('',(0.707106781186548,0.707106781186548,0.0));
#2686=DIRECTION('',(0.0,0.0,-1.0));
#2687=ORIENTED_EDGE('',*,*,#3937,.F.);
#2688=ORIENTED_EDGE('',*,*,#4055,.F.);
#2689=ORIENTED_EDGE('',*,*,#4056,.T.);
#2690=ORIENTED_EDGE('',*,*,#4054,.T.);
#2691=CARTESIAN_POINT('',(1.0,3.025,-1.53));
#2692=DIRECTION('',(0.0,0.707106781186548,-0.707106781186548));
#2693=DIRECTION('',(-1.0,0.0,0.0));
#2694=ORIENTED_EDGE('',*,*,#4038,.T.);
#2695=ORIENTED_EDGE('',*,*,#4034,.F.);
#2696=ORIENTED_EDGE('',*,*,#3975,.F.);
#2697=ORIENTED_EDGE('',*,*,#4052,.F.);
#2698=ORIENTED_EDGE('',*,*,#4056,.F.);
#2699=ORIENTED_EDGE('',*,*,#4057,.T.);
#2700=ORIENTED_EDGE('',*,*,#3967,.F.);
#2701=ORIENTED_EDGE('',*,*,#4047,.T.);
#2702=CARTESIAN_POINT('',(0.68,3.175,-1.68));
#2703=DIRECTION('',(0.0,0.0,1.0));
#2704=DIRECTION('',(1.0,0.0,0.0));
#2705=ORIENTED_EDGE('',*,*,#4058,.F.);
#2706=ORIENTED_EDGE('',*,*,#4048,.T.);
#2707=ORIENTED_EDGE('',*,*,#3968,.F.);
#2708=ORIENTED_EDGE('',*,*,#4057,.F.);
#2709=CARTESIAN_POINT('',(1.32,3.175,-1.68));
#2710=DIRECTION('',(1.0,0.0,0.0));
#2711=DIRECTION('',(0.0,1.0,0.0));
#2712=ORIENTED_EDGE('',*,*,#3936,.F.);
#2713=ORIENTED_EDGE('',*,*,#4059,.F.);
#2714=ORIENTED_EDGE('',*,*,#4058,.T.);
#2715=ORIENTED_EDGE('',*,*,#4055,.T.);
#2716=CARTESIAN_POINT('',(1.47,3.025,-2.0));
#2717=DIRECTION('',(-0.707106781186548,0.707106781186548,0.0));
#2718=DIRECTION('',(0.0,0.0,1.0));
#2719=ORIENTED_EDGE('',*,*,#4049,.T.);
#2720=ORIENTED_EDGE('',*,*,#4059,.T.);
#2721=ORIENTED_EDGE('',*,*,#3935,.F.);
#2722=ORIENTED_EDGE('',*,*,#4053,.F.);
#2723=CARTESIAN_POINT('',(1.0,3.025,-2.47));
#2724=DIRECTION('',(0.0,0.707106781186548,0.707106781186548));
#2725=DIRECTION('',(1.0,0.0,-0.0));
#2726=ORIENTED_EDGE('',*,*,#4037,.F.);
#2727=ORIENTED_EDGE('',*,*,#3971,.T.);
#2728=ORIENTED_EDGE('',*,*,#4045,.T.);
#2729=ORIENTED_EDGE('',*,*,#4041,.F.);
#2730=CARTESIAN_POINT('',(0.75,-2.375,-2.8));
#2731=DIRECTION('',(0.0,0.0,-1.0));
#2732=DIRECTION('',(0.0,-1.0,0.0));
#2733=FILL_AREA_STYLE_COLOUR('',#4060);
#2734=VERTEX_POINT('',#4061);
#2735=VERTEX_POINT('',#4062);
#2736=LINE('',#4063,#4064);
#2737=VERTEX_POINT('',#4065);
#2738=LINE('',#4066,#4067);
#2739=VERTEX_POINT('',#4068);
#2740=LINE('',#4069,#4070);
#2741=LINE('',#4071,#4072);
#2742=FILL_AREA_STYLE_COLOUR('',#4073);
#2743=VERTEX_POINT('',#4074);
#2744=CIRCLE('',#4075,0.32);
#2745=VERTEX_POINT('',#4076);
#2746=LINE('',#4077,#4078);
#2747=CIRCLE('',#4079,0.32);
#2748=FILL_AREA_STYLE_COLOUR('',#4080);
#2749=VERTEX_POINT('',#4081);
#2750=VERTEX_POINT('',#4082);
#2751=CIRCLE('',#4083,0.64);
#2752=VERTEX_POINT('',#4084);
#2753=LINE('',#4085,#4086);
#2754=VERTEX_POINT('',#4087);
#2755=LINE('',#4088,#4089);
#2756=VERTEX_POINT('',#4090);
#2757=LINE('',#4091,#4092);
#2758=VERTEX_POINT('',#4093);
#2759=CIRCLE('',#4094,0.32);
#2760=VERTEX_POINT('',#4095);
#2761=LINE('',#4096,#4097);
#2762=VERTEX_POINT('',#4098);
#2763=CIRCLE('',#4099,0.64);
#2764=VERTEX_POINT('',#4100);
#2765=LINE('',#4101,#4102);
#2766=LINE('',#4103,#4104);
#2767=LINE('',#4105,#4106);
#2768=FILL_AREA_STYLE_COLOUR('',#4107);
#2769=VERTEX_POINT('',#4108);
#2770=VERTEX_POINT('',#4109);
#2771=CIRCLE('',#4110,0.64);
#2772=LINE('',#4111,#4112);
#2773=LINE('',#4113,#4114);
#2774=FILL_AREA_STYLE_COLOUR('',#4115);
#2775=LINE('',#4116,#4117);
#2776=VERTEX_POINT('',#4118);
#2777=LINE('',#4119,#4120);
#2778=VERTEX_POINT('',#4121);
#2779=LINE('',#4122,#4123);
#2780=VERTEX_POINT('',#4124);
#2781=CIRCLE('',#4125,0.64);
#2782=VERTEX_POINT('',#4126);
#2783=LINE('',#4127,#4128);
#2784=VERTEX_POINT('',#4129);
#2785=CIRCLE('',#4130,0.32);
#2786=VERTEX_POINT('',#4131);
#2787=LINE('',#4132,#4133);
#2788=VERTEX_POINT('',#4134);
#2789=LINE('',#4135,#4136);
#2790=LINE('',#4137,#4138);
#2791=FILL_AREA_STYLE_COLOUR('',#4139);
#2792=LINE('',#4140,#4141);
#2793=FILL_AREA_STYLE_COLOUR('',#4142);
#2794=LINE('',#4143,#4144);
#2795=FILL_AREA_STYLE_COLOUR('',#4145);
#2796=LINE('',#4146,#4147);
#2797=FILL_AREA_STYLE_COLOUR('',#4148);
#2798=LINE('',#4149,#4150);
#2799=FILL_AREA_STYLE_COLOUR('',#4151);
#2800=LINE('',#4152,#4153);
#2801=FILL_AREA_STYLE_COLOUR('',#4154);
#2802=LINE('',#4155,#4156);
#2803=FILL_AREA_STYLE_COLOUR('',#4157);
#2804=LINE('',#4158,#4159);
#2805=FILL_AREA_STYLE_COLOUR('',#4160);
#2806=FILL_AREA_STYLE_COLOUR('',#4161);
#2807=ORIENTED_EDGE('',*,*,#4162,.F.);
#2808=ORIENTED_EDGE('',*,*,#4163,.T.);
#2809=ORIENTED_EDGE('',*,*,#4164,.T.);
#2810=ORIENTED_EDGE('',*,*,#4165,.F.);
#2811=CARTESIAN_POINT('',(1.25,-1.307517111232,1.2));
#2812=DIRECTION('',(-1.0,0.0,0.0));
#2813=DIRECTION('',(0.0,0.597614304668841,0.801783725736048));
#2814=ORIENTED_EDGE('',*,*,#4166,.F.);
#2815=ORIENTED_EDGE('',*,*,#4167,.T.);
#2816=ORIENTED_EDGE('',*,*,#4168,.F.);
#2817=ORIENTED_EDGE('',*,*,#4169,.F.);
#2818=CARTESIAN_POINT('',(1.25,-1.307517111232,2.8));
#2819=DIRECTION('',(-1.0,0.0,0.0));
#2820=DIRECTION('',(0.0,0.0,-1.0));
#2821=ORIENTED_EDGE('',*,*,#4170,.F.);
#2822=ORIENTED_EDGE('',*,*,#4171,.F.);
#2823=ORIENTED_EDGE('',*,*,#4172,.F.);
#2824=ORIENTED_EDGE('',*,*,#4173,.T.);
#2825=CARTESIAN_POINT('',(0.0,-5.977517111232,1.2));
#2826=DIRECTION('',(0.0,0.0,1.0));
#2827=DIRECTION('',(1.0,0.0,0.0));
#2828=ORIENTED_EDGE('',*,*,#4174,.F.);
#2829=ORIENTED_EDGE('',*,*,#4175,.T.);
#2830=ORIENTED_EDGE('',*,*,#4176,.F.);
#2831=ORIENTED_EDGE('',*,*,#4177,.F.);
#2832=CARTESIAN_POINT('',(0.0,-5.977517111232,1.2));
#2833=DIRECTION('',(0.0,0.0,1.0));
#2834=DIRECTION('',(1.0,0.0,0.0));
#2835=ORIENTED_EDGE('',*,*,#4178,.T.);
#2836=ORIENTED_EDGE('',*,*,#4179,.T.);
#2837=ORIENTED_EDGE('',*,*,#4180,.T.);
#2838=ORIENTED_EDGE('',*,*,#4181,.F.);
#2839=ORIENTED_EDGE('',*,*,#4182,.F.);
#2840=ORIENTED_EDGE('',*,*,#4183,.F.);
#2841=ORIENTED_EDGE('',*,*,#4184,.F.);
#2842=ORIENTED_EDGE('',*,*,#4185,.F.);
#2843=ORIENTED_EDGE('',*,*,#4186,.F.);
#2844=ORIENTED_EDGE('',*,*,#4187,.T.);
#2845=ORIENTED_EDGE('',*,*,#4188,.T.);
#2846=ORIENTED_EDGE('',*,*,#4189,.T.);
#2847=ORIENTED_EDGE('',*,*,#4190,.F.);
#2848=ORIENTED_EDGE('',*,*,#4191,.F.);
#2849=ORIENTED_EDGE('',*,*,#4192,.F.);
#2850=ORIENTED_EDGE('',*,*,#4193,.F.);
#2851=ORIENTED_EDGE('',*,*,#4167,.F.);
#2852=ORIENTED_EDGE('',*,*,#4194,.F.);
#2853=ORIENTED_EDGE('',*,*,#4195,.F.);
#2854=ORIENTED_EDGE('',*,*,#4196,.F.);
#2855=ORIENTED_EDGE('',*,*,#4197,.T.);
#2856=ORIENTED_EDGE('',*,*,#4170,.T.);
#2857=ORIENTED_EDGE('',*,*,#4198,.F.);
#2858=ORIENTED_EDGE('',*,*,#4163,.F.);
#2859=ORIENTED_EDGE('',*,*,#4199,.F.);
#2860=ORIENTED_EDGE('',*,*,#4176,.T.);
#2861=ORIENTED_EDGE('',*,*,#4200,.F.);
#2862=ORIENTED_EDGE('',*,*,#4201,.F.);
#2863=ORIENTED_EDGE('',*,*,#4202,.F.);
#2864=ORIENTED_EDGE('',*,*,#4203,.T.);
#2865=CARTESIAN_POINT('',(1.25,-3.227517111232,1.2));
#2866=DIRECTION('',(1.0,0.0,-0.0));
#2867=DIRECTION('',(0.0,0.0,1.0));
#2868=ORIENTED_EDGE('',*,*,#4178,.F.);
#2869=ORIENTED_EDGE('',*,*,#4204,.T.);
#2870=ORIENTED_EDGE('',*,*,#4205,.T.);
#2871=ORIENTED_EDGE('',*,*,#4206,.T.);
#2872=CARTESIAN_POINT('',(1.25,2.442482888768,1.2));
#2873=DIRECTION('',(0.0,1.0,0.0));
#2874=DIRECTION('',(0.0,0.0,1.0));
#2875=ORIENTED_EDGE('',*,*,#4188,.F.);
#2876=ORIENTED_EDGE('',*,*,#4207,.T.);
#2877=ORIENTED_EDGE('',*,*,#4208,.T.);
#2878=ORIENTED_EDGE('',*,*,#4209,.T.);
#2879=CARTESIAN_POINT('',(1.25,2.442482888768,1.2));
#2880=DIRECTION('',(0.0,1.0,0.0));
#2881=DIRECTION('',(0.0,0.0,1.0));
#2882=ORIENTED_EDGE('',*,*,#4179,.F.);
#2883=ORIENTED_EDGE('',*,*,#4206,.F.);
#2884=ORIENTED_EDGE('',*,*,#4210,.F.);
#2885=ORIENTED_EDGE('',*,*,#4211,.T.);
#2886=CARTESIAN_POINT('',(1.0,2.093741444384,1.65));
#2887=DIRECTION('',(0.0,0.275637355817005,0.961261695938317));
#2888=DIRECTION('',(-1.0,0.0,0.0));
#2889=ORIENTED_EDGE('',*,*,#4211,.F.);
#2890=ORIENTED_EDGE('',*,*,#4212,.T.);
#2891=ORIENTED_EDGE('',*,*,#4213,.F.);
#2892=ORIENTED_EDGE('',*,*,#4180,.F.);
#2893=CARTESIAN_POINT('',(1.25,1.732482888768,1.75));
#2894=DIRECTION('',(0.0,0.0,-1.0));
#2895=DIRECTION('',(0.0,1.0,0.0));
#2896=ORIENTED_EDGE('',*,*,#4181,.T.);
#2897=ORIENTED_EDGE('',*,*,#4213,.T.);
#2898=ORIENTED_EDGE('',*,*,#4214,.F.);
#2899=ORIENTED_EDGE('',*,*,#4215,.F.);
#2900=CARTESIAN_POINT('',(1.25,1.426214724424,1.675));
#2901=DIRECTION('',(0.0,0.237855419878003,-0.97130057100501));
#2902=DIRECTION('',(1.0,0.0,0.0));
#2903=ORIENTED_EDGE('',*,*,#4182,.T.);
#2904=ORIENTED_EDGE('',*,*,#4215,.T.);
#2905=ORIENTED_EDGE('',*,*,#4216,.F.);
#2906=ORIENTED_EDGE('',*,*,#4217,.F.);
#2907=CARTESIAN_POINT('',(1.25,-0.557517111232,1.675));
#2908=DIRECTION('',(0.0,0.0,-1.0));
#2909=DIRECTION('',(0.0,1.0,0.0));
#2910=ORIENTED_EDGE('',*,*,#4183,.T.);
#2911=ORIENTED_EDGE('',*,*,#4217,.T.);
#2912=ORIENTED_EDGE('',*,*,#4218,.F.);
#2913=ORIENTED_EDGE('',*,*,#4219,.F.);
#2914=CARTESIAN_POINT('',(1.25,-0.557517111232,2.0));
#2915=DIRECTION('',(-1.0,0.0,0.0));
#2916=DIRECTION('',(0.0,0.0,-1.0));
#2917=ORIENTED_EDGE('',*,*,#4184,.T.);
#2918=ORIENTED_EDGE('',*,*,#4219,.T.);
#2919=ORIENTED_EDGE('',*,*,#4220,.F.);
#2920=ORIENTED_EDGE('',*,*,#4221,.F.);
#2921=CARTESIAN_POINT('',(1.25,1.426214724424,2.325));
#2922=DIRECTION('',(0.0,0.0,1.0));
#2923=DIRECTION('',(1.0,0.0,0.0));
#2924=ORIENTED_EDGE('',*,*,#4185,.T.);
#2925=ORIENTED_EDGE('',*,*,#4221,.T.);
#2926=ORIENTED_EDGE('',*,*,#4222,.F.);
#2927=ORIENTED_EDGE('',*,*,#4223,.F.);
#2928=CARTESIAN_POINT('',(1.25,1.732482888768,2.25));
#2929=DIRECTION('',(0.0,0.237855419878003,0.97130057100501));
#2930=DIRECTION('',(-1.0,0.0,0.0));
#2931=ORIENTED_EDGE('',*,*,#4224,.F.);
#2932=ORIENTED_EDGE('',*,*,#4186,.T.);
#2933=ORIENTED_EDGE('',*,*,#4223,.T.);
#2934=ORIENTED_EDGE('',*,*,#4225,.F.);
#2935=CARTESIAN_POINT('',(1.25,2.442482888768,2.25));
#2936=DIRECTION('',(0.0,0.0,1.0));
#2937=DIRECTION('',(1.0,0.0,0.0));
#2938=ORIENTED_EDGE('',*,*,#4226,.F.);
#2939=ORIENTED_EDGE('',*,*,#4207,.F.);
#2940=ORIENTED_EDGE('',*,*,#4187,.F.);
#2941=ORIENTED_EDGE('',*,*,#4224,.T.);
#2942=CARTESIAN_POINT('',(1.0,2.093741444384,2.35));
#2943=DIRECTION('',(0.0,0.275637355817005,-0.961261695938317));
#2944=DIRECTION('',(1.0,0.0,0.0));
#2945=ORIENTED_EDGE('',*,*,#4205,.F.);
#2946=ORIENTED_EDGE('',*,*,#4227,.T.);
#2947=ORIENTED_EDGE('',*,*,#4228,.T.);
#2948=ORIENTED_EDGE('',*,*,#4229,.T.);
#2949=ORIENTED_EDGE('',*,*,#4230,.T.);
#2950=ORIENTED_EDGE('',*,*,#4174,.T.);
#2951=ORIENTED_EDGE('',*,*,#4231,.T.);
#2952=ORIENTED_EDGE('',*,*,#4165,.T.);
#2953=ORIENTED_EDGE('',*,*,#4232,.T.);
#2954=ORIENTED_EDGE('',*,*,#4172,.T.);
#2955=ORIENTED_EDGE('',*,*,#4233,.T.);
#2956=ORIENTED_EDGE('',*,*,#4234,.F.);
#2957=ORIENTED_EDGE('',*,*,#4235,.T.);
#2958=ORIENTED_EDGE('',*,*,#4236,.T.);
#2959=ORIENTED_EDGE('',*,*,#4169,.T.);
#2960=ORIENTED_EDGE('',*,*,#4237,.F.);
#2961=ORIENTED_EDGE('',*,*,#4238,.T.);
#2962=ORIENTED_EDGE('',*,*,#4239,.T.);
#2963=ORIENTED_EDGE('',*,*,#4240,.T.);
#2964=ORIENTED_EDGE('',*,*,#4241,.T.);
#2965=ORIENTED_EDGE('',*,*,#4208,.F.);
#2966=ORIENTED_EDGE('',*,*,#4226,.T.);
#2967=ORIENTED_EDGE('',*,*,#4225,.T.);
#2968=ORIENTED_EDGE('',*,*,#4222,.T.);
#2969=ORIENTED_EDGE('',*,*,#4220,.T.);
#2970=ORIENTED_EDGE('',*,*,#4218,.T.);
#2971=ORIENTED_EDGE('',*,*,#4216,.T.);
#2972=ORIENTED_EDGE('',*,*,#4214,.T.);
#2973=ORIENTED_EDGE('',*,*,#4212,.F.);
#2974=ORIENTED_EDGE('',*,*,#4210,.T.);
#2975=CARTESIAN_POINT('',(0.75,2.442482888768,1.2));
#2976=DIRECTION('',(-1.0,0.0,0.0));
#2977=DIRECTION('',(0.0,-1.0,0.0));
#2978=ORIENTED_EDGE('',*,*,#4189,.F.);
#2979=ORIENTED_EDGE('',*,*,#4209,.F.);
#2980=ORIENTED_EDGE('',*,*,#4241,.F.);
#2981=ORIENTED_EDGE('',*,*,#4242,.T.);
#2982=CARTESIAN_POINT('',(-1.6295,2.292482888768,2.461995436616));
#2983=DIRECTION('',(-1.0,0.0,0.0));
#2984=DIRECTION('',(0.0,1.0,0.0));
#2985=ORIENTED_EDGE('',*,*,#4190,.T.);
#2986=ORIENTED_EDGE('',*,*,#4242,.F.);
#2987=ORIENTED_EDGE('',*,*,#4240,.F.);
#2988=ORIENTED_EDGE('',*,*,#4243,.F.);
#2989=CARTESIAN_POINT('',(1.25,1.244089863556,2.7));
#2990=DIRECTION('',(0.0,-0.0831560694447826,-0.996536536266731));
#2991=DIRECTION('',(0.0,0.996536536266731,-0.0831560694447826));
#2992=ORIENTED_EDGE('',*,*,#4191,.T.);
#2993=ORIENTED_EDGE('',*,*,#4243,.T.);
#2994=ORIENTED_EDGE('',*,*,#4239,.F.);
#2995=ORIENTED_EDGE('',*,*,#4244,.F.);
#2996=CARTESIAN_POINT('',(1.25,-0.255910136444,2.7));
#2997=DIRECTION('',(0.0,0.0,-1.0));
#2998=DIRECTION('',(0.0,1.0,0.0));
#2999=ORIENTED_EDGE('',*,*,#4245,.T.);
#3000=ORIENTED_EDGE('',*,*,#4192,.T.);
#3001=ORIENTED_EDGE('',*,*,#4244,.T.);
#3002=ORIENTED_EDGE('',*,*,#4238,.F.);
#3003=CARTESIAN_POINT('',(1.25,-0.557517111232,2.8));
#3004=DIRECTION('',(0.0,-0.314710167702886,-0.949187816158858));
#3005=DIRECTION('',(0.0,0.949187816158858,-0.314710167702886));
#3006=ORIENTED_EDGE('',*,*,#4196,.T.);
#3007=ORIENTED_EDGE('',*,*,#4246,.F.);
#3008=ORIENTED_EDGE('',*,*,#4234,.T.);
#3009=ORIENTED_EDGE('',*,*,#4247,.T.);
#3010=CARTESIAN_POINT('',(0.0,-5.977517111232,2.8));
#3011=DIRECTION('',(0.0,0.0,1.0));
#3012=DIRECTION('',(1.0,0.0,0.0));
#3013=ORIENTED_EDGE('',*,*,#4237,.T.);
#3014=ORIENTED_EDGE('',*,*,#4168,.T.);
#3015=ORIENTED_EDGE('',*,*,#4193,.T.);
#3016=ORIENTED_EDGE('',*,*,#4245,.F.);
#3017=CARTESIAN_POINT('',(0.0,-5.977517111232,2.8));
#3018=DIRECTION('',(0.0,0.0,1.0));
#3019=DIRECTION('',(1.0,0.0,0.0));
#3020=ORIENTED_EDGE('',*,*,#4197,.F.);
#3021=ORIENTED_EDGE('',*,*,#4247,.F.);
#3022=ORIENTED_EDGE('',*,*,#4233,.F.);
#3023=ORIENTED_EDGE('',*,*,#4171,.T.);
#3024=ORIENTED_EDGE('',*,*,#1580,.F.);
#3025=ORIENTED_EDGE('',*,*,#1595,.F.);
#3026=ORIENTED_EDGE('',*,*,#1624,.T.);
#3027=ORIENTED_EDGE('',*,*,#1603,.T.);
#3028=CARTESIAN_POINT('',(1.25,-2.057517111232,2.25));
#3029=DIRECTION('',(0.0,1.0,0.0));
#3030=DIRECTION('',(0.0,0.0,1.0));
#3031=ORIENTED_EDGE('',*,*,#4246,.T.);
#3032=ORIENTED_EDGE('',*,*,#4195,.T.);
#3033=ORIENTED_EDGE('',*,*,#4248,.T.);
#3034=ORIENTED_EDGE('',*,*,#4235,.F.);
#3035=CARTESIAN_POINT('',(1.25,-1.657517111232,2.8));
#3036=DIRECTION('',(0.0,-0.285714285714302,-0.958314847499905));
#3037=DIRECTION('',(0.0,0.958314847499905,-0.285714285714302));
#3038=ORIENTED_EDGE('',*,*,#4166,.T.);
#3039=ORIENTED_EDGE('',*,*,#4236,.F.);
#3040=ORIENTED_EDGE('',*,*,#4248,.F.);
#3041=ORIENTED_EDGE('',*,*,#4194,.T.);
#3042=CARTESIAN_POINT('',(1.25,-1.307517111232,2.8));
#3043=DIRECTION('',(-1.0,0.0,0.0));
#3044=DIRECTION('',(0.0,0.0,-1.0));
#3045=ORIENTED_EDGE('',*,*,#4173,.F.);
#3046=ORIENTED_EDGE('',*,*,#4232,.F.);
#3047=ORIENTED_EDGE('',*,*,#4164,.F.);
#3048=ORIENTED_EDGE('',*,*,#4198,.T.);
#3049=CARTESIAN_POINT('',(1.25,-1.336088539803,1.29583148474999));
#3050=DIRECTION('',(0.0,-0.285714285714302,0.958314847499905));
#3051=DIRECTION('',(-1.0,0.0,0.0));
#3052=ORIENTED_EDGE('',*,*,#4162,.T.);
#3053=ORIENTED_EDGE('',*,*,#4231,.F.);
#3054=ORIENTED_EDGE('',*,*,#4177,.T.);
#3055=ORIENTED_EDGE('',*,*,#4199,.T.);
#3056=CARTESIAN_POINT('',(1.25,-1.307517111232,1.2));
#3057=DIRECTION('',(-1.0,0.0,0.0));
#3058=DIRECTION('',(0.0,0.597614304668841,0.801783725736048));
#3059=ORIENTED_EDGE('',*,*,#4175,.F.);
#3060=ORIENTED_EDGE('',*,*,#4230,.F.);
#3061=ORIENTED_EDGE('',*,*,#4249,.F.);
#3062=ORIENTED_EDGE('',*,*,#4200,.T.);
#3063=CARTESIAN_POINT('',(1.25,-0.255910136444,1.3));
#3064=DIRECTION('',(0.0,-0.314710167702886,0.949187816158858));
#3065=DIRECTION('',(-1.0,0.0,0.0));
#3066=ORIENTED_EDGE('',*,*,#4201,.T.);
#3067=ORIENTED_EDGE('',*,*,#4249,.T.);
#3068=ORIENTED_EDGE('',*,*,#4229,.F.);
#3069=ORIENTED_EDGE('',*,*,#4250,.F.);
#3070=CARTESIAN_POINT('',(1.25,1.244089863556,1.3));
#3071=DIRECTION('',(0.0,0.0,1.0));
#3072=DIRECTION('',(1.0,0.0,0.0));
#3073=ORIENTED_EDGE('',*,*,#4202,.T.);
#3074=ORIENTED_EDGE('',*,*,#4250,.T.);
#3075=ORIENTED_EDGE('',*,*,#4228,.F.);
#3076=ORIENTED_EDGE('',*,*,#4251,.F.);
#3077=CARTESIAN_POINT('',(1.25,2.442482888768,1.4));
#3078=DIRECTION('',(0.0,-0.0831560694447826,0.996536536266731));
#3079=DIRECTION('',(-1.0,0.0,0.0));
#3080=ORIENTED_EDGE('',*,*,#4227,.F.);
#3081=ORIENTED_EDGE('',*,*,#4204,.F.);
#3082=ORIENTED_EDGE('',*,*,#4203,.F.);
#3083=ORIENTED_EDGE('',*,*,#4251,.T.);
#3084=CARTESIAN_POINT('',(2.8795,2.292482888768,1.5380045633836));
#3085=DIRECTION('',(1.0,0.0,0.0));
#3086=DIRECTION('',(0.0,1.0,0.0));
#3087=FILL_AREA_STYLE_COLOUR('',#4252);
#3088=VERTEX_POINT('',#4253);
#3089=VERTEX_POINT('',#4254);
#3090=LINE('',#4255,#4256);
#3091=VERTEX_POINT('',#4257);
#3092=LINE('',#4258,#4259);
#3093=VERTEX_POINT('',#4260);
#3094=LINE('',#4261,#4262);
#3095=LINE('',#4263,#4264);
#3096=FILL_AREA_STYLE_COLOUR('',#4265);
#3097=VERTEX_POINT('',#4266);
#3098=CIRCLE('',#4267,0.32);
#3099=VERTEX_POINT('',#4268);
#3100=LINE('',#4269,#4270);
#3101=CIRCLE('',#4271,0.32);
#3102=FILL_AREA_STYLE_COLOUR('',#4272);
#3103=VERTEX_POINT('',#4273);
#3104=VERTEX_POINT('',#4274);
#3105=CIRCLE('',#4275,0.64);
#3106=VERTEX_POINT('',#4276);
#3107=LINE('',#4277,#4278);
#3108=VERTEX_POINT('',#4279);
#3109=LINE('',#4280,#4281);
#3110=VERTEX_POINT('',#4282);
#3111=LINE('',#4283,#4284);
#3112=VERTEX_POINT('',#4285);
#3113=CIRCLE('',#4286,0.32);
#3114=VERTEX_POINT('',#4287);
#3115=LINE('',#4288,#4289);
#3116=VERTEX_POINT('',#4290);
#3117=CIRCLE('',#4291,0.64);
#3118=VERTEX_POINT('',#4292);
#3119=LINE('',#4293,#4294);
#3120=LINE('',#4295,#4296);
#3121=LINE('',#4297,#4298);
#3122=FILL_AREA_STYLE_COLOUR('',#4299);
#3123=VERTEX_POINT('',#4300);
#3124=VERTEX_POINT('',#4301);
#3125=CIRCLE('',#4302,0.64);
#3126=LINE('',#4303,#4304);
#3127=LINE('',#4305,#4306);
#3128=FILL_AREA_STYLE_COLOUR('',#4307);
#3129=LINE('',#4308,#4309);
#3130=VERTEX_POINT('',#4310);
#3131=LINE('',#4311,#4312);
#3132=VERTEX_POINT('',#4313);
#3133=LINE('',#4314,#4315);
#3134=VERTEX_POINT('',#4316);
#3135=CIRCLE('',#4317,0.64);
#3136=VERTEX_POINT('',#4318);
#3137=LINE('',#4319,#4320);
#3138=VERTEX_POINT('',#4321);
#3139=CIRCLE('',#4322,0.32);
#3140=VERTEX_POINT('',#4323);
#3141=LINE('',#4324,#4325);
#3142=VERTEX_POINT('',#4326);
#3143=LINE('',#4327,#4328);
#3144=LINE('',#4329,#4330);
#3145=FILL_AREA_STYLE_COLOUR('',#4331);
#3146=LINE('',#4332,#4333);
#3147=FILL_AREA_STYLE_COLOUR('',#4334);
#3148=LINE('',#4335,#4336);
#3149=FILL_AREA_STYLE_COLOUR('',#4337);
#3150=LINE('',#4338,#4339);
#3151=FILL_AREA_STYLE_COLOUR('',#4340);
#3152=LINE('',#4341,#4342);
#3153=FILL_AREA_STYLE_COLOUR('',#4343);
#3154=LINE('',#4344,#4345);
#3155=FILL_AREA_STYLE_COLOUR('',#4346);
#3156=LINE('',#4347,#4348);
#3157=FILL_AREA_STYLE_COLOUR('',#4349);
#3158=LINE('',#4350,#4351);
#3159=FILL_AREA_STYLE_COLOUR('',#4352);
#3160=FILL_AREA_STYLE_COLOUR('',#4353);
#3161=ORIENTED_EDGE('',*,*,#4354,.F.);
#3162=ORIENTED_EDGE('',*,*,#4355,.T.);
#3163=ORIENTED_EDGE('',*,*,#4356,.T.);
#3164=ORIENTED_EDGE('',*,*,#4357,.F.);
#3165=CARTESIAN_POINT('',(1.25,-1.307517111232,-0.8));
#3166=DIRECTION('',(-1.0,0.0,0.0));
#3167=DIRECTION('',(0.0,0.597614304668841,0.801783725736048));
#3168=ORIENTED_EDGE('',*,*,#4358,.F.);
#3169=ORIENTED_EDGE('',*,*,#4359,.T.);
#3170=ORIENTED_EDGE('',*,*,#4360,.F.);
#3171=ORIENTED_EDGE('',*,*,#4361,.F.);
#3172=CARTESIAN_POINT('',(1.25,-1.307517111232,0.8));
#3173=DIRECTION('',(-1.0,0.0,0.0));
#3174=DIRECTION('',(0.0,0.0,-1.0));
#3175=ORIENTED_EDGE('',*,*,#4362,.F.);
#3176=ORIENTED_EDGE('',*,*,#4363,.F.);
#3177=ORIENTED_EDGE('',*,*,#4364,.F.);
#3178=ORIENTED_EDGE('',*,*,#4365,.T.);
#3179=CARTESIAN_POINT('',(0.0,-5.977517111232,-0.8));
#3180=DIRECTION('',(0.0,0.0,1.0));
#3181=DIRECTION('',(1.0,0.0,0.0));
#3182=ORIENTED_EDGE('',*,*,#4366,.F.);
#3183=ORIENTED_EDGE('',*,*,#4367,.T.);
#3184=ORIENTED_EDGE('',*,*,#4368,.F.);
#3185=ORIENTED_EDGE('',*,*,#4369,.F.);
#3186=CARTESIAN_POINT('',(0.0,-5.977517111232,-0.8));
#3187=DIRECTION('',(0.0,0.0,1.0));
#3188=DIRECTION('',(1.0,0.0,0.0));
#3189=ORIENTED_EDGE('',*,*,#4370,.T.);
#3190=ORIENTED_EDGE('',*,*,#4371,.T.);
#3191=ORIENTED_EDGE('',*,*,#4372,.T.);
#3192=ORIENTED_EDGE('',*,*,#4373,.F.);
#3193=ORIENTED_EDGE('',*,*,#4374,.F.);
#3194=ORIENTED_EDGE('',*,*,#4375,.F.);
#3195=ORIENTED_EDGE('',*,*,#4376,.F.);
#3196=ORIENTED_EDGE('',*,*,#4377,.F.);
#3197=ORIENTED_EDGE('',*,*,#4378,.F.);
#3198=ORIENTED_EDGE('',*,*,#4379,.T.);
#3199=ORIENTED_EDGE('',*,*,#4380,.T.);
#3200=ORIENTED_EDGE('',*,*,#4381,.T.);
#3201=ORIENTED_EDGE('',*,*,#4382,.F.);
#3202=ORIENTED_EDGE('',*,*,#4383,.F.);
#3203=ORIENTED_EDGE('',*,*,#4384,.F.);
#3204=ORIENTED_EDGE('',*,*,#4385,.F.);
#3205=ORIENTED_EDGE('',*,*,#4359,.F.);
#3206=ORIENTED_EDGE('',*,*,#4386,.F.);
#3207=ORIENTED_EDGE('',*,*,#4387,.F.);
#3208=ORIENTED_EDGE('',*,*,#4388,.F.);
#3209=ORIENTED_EDGE('',*,*,#4389,.T.);
#3210=ORIENTED_EDGE('',*,*,#4362,.T.);
#3211=ORIENTED_EDGE('',*,*,#4390,.F.);
#3212=ORIENTED_EDGE('',*,*,#4355,.F.);
#3213=ORIENTED_EDGE('',*,*,#4391,.F.);
#3214=ORIENTED_EDGE('',*,*,#4368,.T.);
#3215=ORIENTED_EDGE('',*,*,#4392,.F.);
#3216=ORIENTED_EDGE('',*,*,#4393,.F.);
#3217=ORIENTED_EDGE('',*,*,#4394,.F.);
#3218=ORIENTED_EDGE('',*,*,#4395,.T.);
#3219=CARTESIAN_POINT('',(1.25,-3.227517111232,-0.8));
#3220=DIRECTION('',(1.0,0.0,-0.0));
#3221=DIRECTION('',(0.0,0.0,1.0));
#3222=ORIENTED_EDGE('',*,*,#4370,.F.);
#3223=ORIENTED_EDGE('',*,*,#4396,.T.);
#3224=ORIENTED_EDGE('',*,*,#4397,.T.);
#3225=ORIENTED_EDGE('',*,*,#4398,.T.);
#3226=CARTESIAN_POINT('',(1.25,2.442482888768,-0.8));
#3227=DIRECTION('',(0.0,1.0,0.0));
#3228=DIRECTION('',(0.0,0.0,1.0));
#3229=ORIENTED_EDGE('',*,*,#4380,.F.);
#3230=ORIENTED_EDGE('',*,*,#4399,.T.);
#3231=ORIENTED_EDGE('',*,*,#4400,.T.);
#3232=ORIENTED_EDGE('',*,*,#4401,.T.);
#3233=CARTESIAN_POINT('',(1.25,2.442482888768,-0.8));
#3234=DIRECTION('',(0.0,1.0,0.0));
#3235=DIRECTION('',(0.0,0.0,1.0));
#3236=ORIENTED_EDGE('',*,*,#4371,.F.);
#3237=ORIENTED_EDGE('',*,*,#4398,.F.);
#3238=ORIENTED_EDGE('',*,*,#4402,.F.);
#3239=ORIENTED_EDGE('',*,*,#4403,.T.);
#3240=CARTESIAN_POINT('',(1.0,2.093741444384,-0.35));
#3241=DIRECTION('',(0.0,0.275637355817005,0.961261695938317));
#3242=DIRECTION('',(-1.0,0.0,0.0));
#3243=ORIENTED_EDGE('',*,*,#4403,.F.);
#3244=ORIENTED_EDGE('',*,*,#4404,.T.);
#3245=ORIENTED_EDGE('',*,*,#4405,.F.);
#3246=ORIENTED_EDGE('',*,*,#4372,.F.);
#3247=CARTESIAN_POINT('',(1.25,1.732482888768,-0.25));
#3248=DIRECTION('',(0.0,0.0,-1.0));
#3249=DIRECTION('',(0.0,1.0,0.0));
#3250=ORIENTED_EDGE('',*,*,#4373,.T.);
#3251=ORIENTED_EDGE('',*,*,#4405,.T.);
#3252=ORIENTED_EDGE('',*,*,#4406,.F.);
#3253=ORIENTED_EDGE('',*,*,#4407,.F.);
#3254=CARTESIAN_POINT('',(1.25,1.426214724424,-0.325));
#3255=DIRECTION('',(0.0,0.237855419878003,-0.97130057100501));
#3256=DIRECTION('',(1.0,0.0,0.0));
#3257=ORIENTED_EDGE('',*,*,#4374,.T.);
#3258=ORIENTED_EDGE('',*,*,#4407,.T.);
#3259=ORIENTED_EDGE('',*,*,#4408,.F.);
#3260=ORIENTED_EDGE('',*,*,#4409,.F.);
#3261=CARTESIAN_POINT('',(1.25,-0.557517111232,-0.325));
#3262=DIRECTION('',(0.0,0.0,-1.0));
#3263=DIRECTION('',(0.0,1.0,0.0));
#3264=ORIENTED_EDGE('',*,*,#4375,.T.);
#3265=ORIENTED_EDGE('',*,*,#4409,.T.);
#3266=ORIENTED_EDGE('',*,*,#4410,.F.);
#3267=ORIENTED_EDGE('',*,*,#4411,.F.);
#3268=CARTESIAN_POINT('',(1.25,-0.557517111232,0.0));
#3269=DIRECTION('',(-1.0,0.0,0.0));
#3270=DIRECTION('',(0.0,0.0,-1.0));
#3271=ORIENTED_EDGE('',*,*,#4376,.T.);
#3272=ORIENTED_EDGE('',*,*,#4411,.T.);
#3273=ORIENTED_EDGE('',*,*,#4412,.F.);
#3274=ORIENTED_EDGE('',*,*,#4413,.F.);
#3275=CARTESIAN_POINT('',(1.25,1.426214724424,0.325));
#3276=DIRECTION('',(0.0,0.0,1.0));
#3277=DIRECTION('',(1.0,0.0,0.0));
#3278=ORIENTED_EDGE('',*,*,#4377,.T.);
#3279=ORIENTED_EDGE('',*,*,#4413,.T.);
#3280=ORIENTED_EDGE('',*,*,#4414,.F.);
#3281=ORIENTED_EDGE('',*,*,#4415,.F.);
#3282=CARTESIAN_POINT('',(1.25,1.732482888768,0.25));
#3283=DIRECTION('',(0.0,0.237855419878003,0.97130057100501));
#3284=DIRECTION('',(-1.0,0.0,0.0));
#3285=ORIENTED_EDGE('',*,*,#4416,.F.);
#3286=ORIENTED_EDGE('',*,*,#4378,.T.);
#3287=ORIENTED_EDGE('',*,*,#4415,.T.);
#3288=ORIENTED_EDGE('',*,*,#4417,.F.);
#3289=CARTESIAN_POINT('',(1.25,2.442482888768,0.25));
#3290=DIRECTION('',(0.0,0.0,1.0));
#3291=DIRECTION('',(1.0,0.0,0.0));
#3292=ORIENTED_EDGE('',*,*,#4418,.F.);
#3293=ORIENTED_EDGE('',*,*,#4399,.F.);
#3294=ORIENTED_EDGE('',*,*,#4379,.F.);
#3295=ORIENTED_EDGE('',*,*,#4416,.T.);
#3296=CARTESIAN_POINT('',(1.0,2.093741444384,0.35));
#3297=DIRECTION('',(0.0,0.275637355817005,-0.961261695938317));
#3298=DIRECTION('',(1.0,0.0,0.0));
#3299=ORIENTED_EDGE('',*,*,#4397,.F.);
#3300=ORIENTED_EDGE('',*,*,#4419,.T.);
#3301=ORIENTED_EDGE('',*,*,#4420,.T.);
#3302=ORIENTED_EDGE('',*,*,#4421,.T.);
#3303=ORIENTED_EDGE('',*,*,#4422,.T.);
#3304=ORIENTED_EDGE('',*,*,#4366,.T.);
#3305=ORIENTED_EDGE('',*,*,#4423,.T.);
#3306=ORIENTED_EDGE('',*,*,#4357,.T.);
#3307=ORIENTED_EDGE('',*,*,#4424,.T.);
#3308=ORIENTED_EDGE('',*,*,#4364,.T.);
#3309=ORIENTED_EDGE('',*,*,#4425,.T.);
#3310=ORIENTED_EDGE('',*,*,#4426,.F.);
#3311=ORIENTED_EDGE('',*,*,#4427,.T.);
#3312=ORIENTED_EDGE('',*,*,#4428,.T.);
#3313=ORIENTED_EDGE('',*,*,#4361,.T.);
#3314=ORIENTED_EDGE('',*,*,#4429,.F.);
#3315=ORIENTED_EDGE('',*,*,#4430,.T.);
#3316=ORIENTED_EDGE('',*,*,#4431,.T.);
#3317=ORIENTED_EDGE('',*,*,#4432,.T.);
#3318=ORIENTED_EDGE('',*,*,#4433,.T.);
#3319=ORIENTED_EDGE('',*,*,#4400,.F.);
#3320=ORIENTED_EDGE('',*,*,#4418,.T.);
#3321=ORIENTED_EDGE('',*,*,#4417,.T.);
#3322=ORIENTED_EDGE('',*,*,#4414,.T.);
#3323=ORIENTED_EDGE('',*,*,#4412,.T.);
#3324=ORIENTED_EDGE('',*,*,#4410,.T.);
#3325=ORIENTED_EDGE('',*,*,#4408,.T.);
#3326=ORIENTED_EDGE('',*,*,#4406,.T.);
#3327=ORIENTED_EDGE('',*,*,#4404,.F.);
#3328=ORIENTED_EDGE('',*,*,#4402,.T.);
#3329=CARTESIAN_POINT('',(0.75,2.442482888768,-0.8));
#3330=DIRECTION('',(-1.0,0.0,0.0));
#3331=DIRECTION('',(0.0,-1.0,0.0));
#3332=ORIENTED_EDGE('',*,*,#4381,.F.);
#3333=ORIENTED_EDGE('',*,*,#4401,.F.);
#3334=ORIENTED_EDGE('',*,*,#4433,.F.);
#3335=ORIENTED_EDGE('',*,*,#4434,.T.);
#3336=CARTESIAN_POINT('',(-1.6295,2.292482888768,0.461995436616));
#3337=DIRECTION('',(-1.0,0.0,0.0));
#3338=DIRECTION('',(0.0,1.0,0.0));
#3339=ORIENTED_EDGE('',*,*,#4382,.T.);
#3340=ORIENTED_EDGE('',*,*,#4434,.F.);
#3341=ORIENTED_EDGE('',*,*,#4432,.F.);
#3342=ORIENTED_EDGE('',*,*,#4435,.F.);
#3343=CARTESIAN_POINT('',(1.25,1.244089863556,0.7));
#3344=DIRECTION('',(0.0,-0.0831560694447826,-0.996536536266731));
#3345=DIRECTION('',(0.0,0.996536536266731,-0.0831560694447826));
#3346=ORIENTED_EDGE('',*,*,#4383,.T.);
#3347=ORIENTED_EDGE('',*,*,#4435,.T.);
#3348=ORIENTED_EDGE('',*,*,#4431,.F.);
#3349=ORIENTED_EDGE('',*,*,#4436,.F.);
#3350=CARTESIAN_POINT('',(1.25,-0.255910136444,0.7));
#3351=DIRECTION('',(0.0,0.0,-1.0));
#3352=DIRECTION('',(0.0,1.0,0.0));
#3353=ORIENTED_EDGE('',*,*,#4437,.T.);
#3354=ORIENTED_EDGE('',*,*,#4384,.T.);
#3355=ORIENTED_EDGE('',*,*,#4436,.T.);
#3356=ORIENTED_EDGE('',*,*,#4430,.F.);
#3357=CARTESIAN_POINT('',(1.25,-0.557517111232,0.8));
#3358=DIRECTION('',(0.0,-0.314710167702886,-0.949187816158858));
#3359=DIRECTION('',(0.0,0.949187816158858,-0.314710167702886));
#3360=ORIENTED_EDGE('',*,*,#4388,.T.);
#3361=ORIENTED_EDGE('',*,*,#4438,.F.);
#3362=ORIENTED_EDGE('',*,*,#4426,.T.);
#3363=ORIENTED_EDGE('',*,*,#4439,.T.);
#3364=CARTESIAN_POINT('',(0.0,-5.977517111232,0.8));
#3365=DIRECTION('',(0.0,0.0,1.0));
#3366=DIRECTION('',(1.0,0.0,0.0));
#3367=ORIENTED_EDGE('',*,*,#4429,.T.);
#3368=ORIENTED_EDGE('',*,*,#4360,.T.);
#3369=ORIENTED_EDGE('',*,*,#4385,.T.);
#3370=ORIENTED_EDGE('',*,*,#4437,.F.);
#3371=CARTESIAN_POINT('',(0.0,-5.977517111232,0.8));
#3372=DIRECTION('',(0.0,0.0,1.0));
#3373=DIRECTION('',(1.0,0.0,0.0));
#3374=ORIENTED_EDGE('',*,*,#4389,.F.);
#3375=ORIENTED_EDGE('',*,*,#4439,.F.);
#3376=ORIENTED_EDGE('',*,*,#4425,.F.);
#3377=ORIENTED_EDGE('',*,*,#4363,.T.);
#3378=ORIENTED_EDGE('',*,*,#1695,.F.);
#3379=ORIENTED_EDGE('',*,*,#1710,.F.);
#3380=ORIENTED_EDGE('',*,*,#1739,.T.);
#3381=ORIENTED_EDGE('',*,*,#1718,.T.);
#3382=CARTESIAN_POINT('',(1.25,-2.057517111232,0.25));
#3383=DIRECTION('',(0.0,1.0,0.0));
#3384=DIRECTION('',(0.0,0.0,1.0));
#3385=ORIENTED_EDGE('',*,*,#4438,.T.);
#3386=ORIENTED_EDGE('',*,*,#4387,.T.);
#3387=ORIENTED_EDGE('',*,*,#4440,.T.);
#3388=ORIENTED_EDGE('',*,*,#4427,.F.);
#3389=CARTESIAN_POINT('',(1.25,-1.657517111232,0.8));
#3390=DIRECTION('',(0.0,-0.285714285714302,-0.958314847499905));
#3391=DIRECTION('',(0.0,0.958314847499905,-0.285714285714302));
#3392=ORIENTED_EDGE('',*,*,#4358,.T.);
#3393=ORIENTED_EDGE('',*,*,#4428,.F.);
#3394=ORIENTED_EDGE('',*,*,#4440,.F.);
#3395=ORIENTED_EDGE('',*,*,#4386,.T.);
#3396=CARTESIAN_POINT('',(1.25,-1.307517111232,0.8));
#3397=DIRECTION('',(-1.0,0.0,0.0));
#3398=DIRECTION('',(0.0,0.0,-1.0));
#3399=ORIENTED_EDGE('',*,*,#4365,.F.);
#3400=ORIENTED_EDGE('',*,*,#4424,.F.);
#3401=ORIENTED_EDGE('',*,*,#4356,.F.);
#3402=ORIENTED_EDGE('',*,*,#4390,.T.);
#3403=CARTESIAN_POINT('',(1.25,-1.336088539803,-0.70416851525001));
#3404=DIRECTION('',(0.0,-0.285714285714302,0.958314847499905));
#3405=DIRECTION('',(-1.0,0.0,0.0));
#3406=ORIENTED_EDGE('',*,*,#4354,.T.);
#3407=ORIENTED_EDGE('',*,*,#4423,.F.);
#3408=ORIENTED_EDGE('',*,*,#4369,.T.);
#3409=ORIENTED_EDGE('',*,*,#4391,.T.);
#3410=CARTESIAN_POINT('',(1.25,-1.307517111232,-0.8));
#3411=DIRECTION('',(-1.0,0.0,0.0));
#3412=DIRECTION('',(0.0,0.597614304668841,0.801783725736048));
#3413=ORIENTED_EDGE('',*,*,#4367,.F.);
#3414=ORIENTED_EDGE('',*,*,#4422,.F.);
#3415=ORIENTED_EDGE('',*,*,#4441,.F.);
#3416=ORIENTED_EDGE('',*,*,#4392,.T.);
#3417=CARTESIAN_POINT('',(1.25,-0.255910136444,-0.7));
#3418=DIRECTION('',(0.0,-0.314710167702886,0.949187816158858));
#3419=DIRECTION('',(-1.0,0.0,0.0));
#3420=ORIENTED_EDGE('',*,*,#4393,.T.);
#3421=ORIENTED_EDGE('',*,*,#4441,.T.);
#3422=ORIENTED_EDGE('',*,*,#4421,.F.);
#3423=ORIENTED_EDGE('',*,*,#4442,.F.);
#3424=CARTESIAN_POINT('',(1.25,1.244089863556,-0.7));
#3425=DIRECTION('',(0.0,0.0,1.0));
#3426=DIRECTION('',(1.0,0.0,0.0));
#3427=ORIENTED_EDGE('',*,*,#4394,.T.);
#3428=ORIENTED_EDGE('',*,*,#4442,.T.);
#3429=ORIENTED_EDGE('',*,*,#4420,.F.);
#3430=ORIENTED_EDGE('',*,*,#4443,.F.);
#3431=CARTESIAN_POINT('',(1.25,2.442482888768,-0.6));
#3432=DIRECTION('',(0.0,-0.0831560694447826,0.996536536266731));
#3433=DIRECTION('',(-1.0,0.0,0.0));
#3434=ORIENTED_EDGE('',*,*,#4419,.F.);
#3435=ORIENTED_EDGE('',*,*,#4396,.F.);
#3436=ORIENTED_EDGE('',*,*,#4395,.F.);
#3437=ORIENTED_EDGE('',*,*,#4443,.T.);
#3438=CARTESIAN_POINT('',(2.8795,2.292482888768,-0.4619954366164));
#3439=DIRECTION('',(1.0,0.0,0.0));
#3440=DIRECTION('',(0.0,1.0,0.0));
#3441=FILL_AREA_STYLE_COLOUR('',#4444);
#3442=VERTEX_POINT('',#4445);
#3443=VERTEX_POINT('',#4446);
#3444=LINE('',#4447,#4448);
#3445=VERTEX_POINT('',#4449);
#3446=LINE('',#4450,#4451);
#3447=VERTEX_POINT('',#4452);
#3448=LINE('',#4453,#4454);
#3449=LINE('',#4455,#4456);
#3450=FILL_AREA_STYLE_COLOUR('',#4457);
#3451=VERTEX_POINT('',#4458);
#3452=CIRCLE('',#4459,0.32);
#3453=VERTEX_POINT('',#4460);
#3454=LINE('',#4461,#4462);
#3455=CIRCLE('',#4463,0.32);
#3456=FILL_AREA_STYLE_COLOUR('',#4464);
#3457=VERTEX_POINT('',#4465);
#3458=VERTEX_POINT('',#4466);
#3459=CIRCLE('',#4467,0.64);
#3460=VERTEX_POINT('',#4468);
#3461=LINE('',#4469,#4470);
#3462=VERTEX_POINT('',#4471);
#3463=LINE('',#4472,#4473);
#3464=VERTEX_POINT('',#4474);
#3465=LINE('',#4475,#4476);
#3466=VERTEX_POINT('',#4477);
#3467=CIRCLE('',#4478,0.32);
#3468=VERTEX_POINT('',#4479);
#3469=LINE('',#4480,#4481);
#3470=VERTEX_POINT('',#4482);
#3471=CIRCLE('',#4483,0.64);
#3472=VERTEX_POINT('',#4484);
#3473=LINE('',#4485,#4486);
#3474=LINE('',#4487,#4488);
#3475=LINE('',#4489,#4490);
#3476=FILL_AREA_STYLE_COLOUR('',#4491);
#3477=VERTEX_POINT('',#4492);
#3478=VERTEX_POINT('',#4493);
#3479=CIRCLE('',#4494,0.64);
#3480=LINE('',#4495,#4496);
#3481=LINE('',#4497,#4498);
#3482=FILL_AREA_STYLE_COLOUR('',#4499);
#3483=LINE('',#4500,#4501);
#3484=VERTEX_POINT('',#4502);
#3485=LINE('',#4503,#4504);
#3486=VERTEX_POINT('',#4505);
#3487=LINE('',#4506,#4507);
#3488=VERTEX_POINT('',#4508);
#3489=CIRCLE('',#4509,0.64);
#3490=VERTEX_POINT('',#4510);
#3491=LINE('',#4511,#4512);
#3492=VERTEX_POINT('',#4513);
#3493=CIRCLE('',#4514,0.32);
#3494=VERTEX_POINT('',#4515);
#3495=LINE('',#4516,#4517);
#3496=VERTEX_POINT('',#4518);
#3497=LINE('',#4519,#4520);
#3498=LINE('',#4521,#4522);
#3499=FILL_AREA_STYLE_COLOUR('',#4523);
#3500=LINE('',#4524,#4525);
#3501=FILL_AREA_STYLE_COLOUR('',#4526);
#3502=LINE('',#4527,#4528);
#3503=FILL_AREA_STYLE_COLOUR('',#4529);
#3504=LINE('',#4530,#4531);
#3505=FILL_AREA_STYLE_COLOUR('',#4532);
#3506=LINE('',#4533,#4534);
#3507=FILL_AREA_STYLE_COLOUR('',#4535);
#3508=LINE('',#4536,#4537);
#3509=FILL_AREA_STYLE_COLOUR('',#4538);
#3510=LINE('',#4539,#4540);
#3511=FILL_AREA_STYLE_COLOUR('',#4541);
#3512=LINE('',#4542,#4543);
#3513=FILL_AREA_STYLE_COLOUR('',#4544);
#3514=FILL_AREA_STYLE_COLOUR('',#4545);
#3515=ORIENTED_EDGE('',*,*,#4546,.F.);
#3516=ORIENTED_EDGE('',*,*,#4547,.T.);
#3517=ORIENTED_EDGE('',*,*,#4548,.T.);
#3518=ORIENTED_EDGE('',*,*,#4549,.F.);
#3519=CARTESIAN_POINT('',(1.25,-1.307517111232,-2.8));
#3520=DIRECTION('',(-1.0,0.0,0.0));
#3521=DIRECTION('',(0.0,0.597614304668841,0.801783725736048));
#3522=ORIENTED_EDGE('',*,*,#4550,.F.);
#3523=ORIENTED_EDGE('',*,*,#4551,.T.);
#3524=ORIENTED_EDGE('',*,*,#4552,.F.);
#3525=ORIENTED_EDGE('',*,*,#4553,.F.);
#3526=CARTESIAN_POINT('',(1.25,-1.307517111232,-1.2));
#3527=DIRECTION('',(-1.0,0.0,0.0));
#3528=DIRECTION('',(0.0,0.0,-1.0));
#3529=ORIENTED_EDGE('',*,*,#4554,.F.);
#3530=ORIENTED_EDGE('',*,*,#4555,.F.);
#3531=ORIENTED_EDGE('',*,*,#4556,.F.);
#3532=ORIENTED_EDGE('',*,*,#4557,.T.);
#3533=CARTESIAN_POINT('',(0.0,-5.977517111232,-2.8));
#3534=DIRECTION('',(0.0,0.0,1.0));
#3535=DIRECTION('',(1.0,0.0,0.0));
#3536=ORIENTED_EDGE('',*,*,#4558,.F.);
#3537=ORIENTED_EDGE('',*,*,#4559,.T.);
#3538=ORIENTED_EDGE('',*,*,#4560,.F.);
#3539=ORIENTED_EDGE('',*,*,#4561,.F.);
#3540=CARTESIAN_POINT('',(0.0,-5.977517111232,-2.8));
#3541=DIRECTION('',(0.0,0.0,1.0));
#3542=DIRECTION('',(1.0,0.0,0.0));
#3543=ORIENTED_EDGE('',*,*,#4562,.T.);
#3544=ORIENTED_EDGE('',*,*,#4563,.T.);
#3545=ORIENTED_EDGE('',*,*,#4564,.T.);
#3546=ORIENTED_EDGE('',*,*,#4565,.F.);
#3547=ORIENTED_EDGE('',*,*,#4566,.F.);
#3548=ORIENTED_EDGE('',*,*,#4567,.F.);
#3549=ORIENTED_EDGE('',*,*,#4568,.F.);
#3550=ORIENTED_EDGE('',*,*,#4569,.F.);
#3551=ORIENTED_EDGE('',*,*,#4570,.F.);
#3552=ORIENTED_EDGE('',*,*,#4571,.T.);
#3553=ORIENTED_EDGE('',*,*,#4572,.T.);
#3554=ORIENTED_EDGE('',*,*,#4573,.T.);
#3555=ORIENTED_EDGE('',*,*,#4574,.F.);
#3556=ORIENTED_EDGE('',*,*,#4575,.F.);
#3557=ORIENTED_EDGE('',*,*,#4576,.F.);
#3558=ORIENTED_EDGE('',*,*,#4577,.F.);
#3559=ORIENTED_EDGE('',*,*,#4551,.F.);
#3560=ORIENTED_EDGE('',*,*,#4578,.F.);
#3561=ORIENTED_EDGE('',*,*,#4579,.F.);
#3562=ORIENTED_EDGE('',*,*,#4580,.F.);
#3563=ORIENTED_EDGE('',*,*,#4581,.T.);
#3564=ORIENTED_EDGE('',*,*,#4554,.T.);
#3565=ORIENTED_EDGE('',*,*,#4582,.F.);
#3566=ORIENTED_EDGE('',*,*,#4547,.F.);
#3567=ORIENTED_EDGE('',*,*,#4583,.F.);
#3568=ORIENTED_EDGE('',*,*,#4560,.T.);
#3569=ORIENTED_EDGE('',*,*,#4584,.F.);
#3570=ORIENTED_EDGE('',*,*,#4585,.F.);
#3571=ORIENTED_EDGE('',*,*,#4586,.F.);
#3572=ORIENTED_EDGE('',*,*,#4587,.T.);
#3573=CARTESIAN_POINT('',(1.25,-3.227517111232,-2.8));
#3574=DIRECTION('',(1.0,0.0,-0.0));
#3575=DIRECTION('',(0.0,0.0,1.0));
#3576=ORIENTED_EDGE('',*,*,#4562,.F.);
#3577=ORIENTED_EDGE('',*,*,#4588,.T.);
#3578=ORIENTED_EDGE('',*,*,#4589,.T.);
#3579=ORIENTED_EDGE('',*,*,#4590,.T.);
#3580=CARTESIAN_POINT('',(1.25,2.442482888768,-2.8));
#3581=DIRECTION('',(0.0,1.0,0.0));
#3582=DIRECTION('',(0.0,0.0,1.0));
#3583=ORIENTED_EDGE('',*,*,#4572,.F.);
#3584=ORIENTED_EDGE('',*,*,#4591,.T.);
#3585=ORIENTED_EDGE('',*,*,#4592,.T.);
#3586=ORIENTED_EDGE('',*,*,#4593,.T.);
#3587=CARTESIAN_POINT('',(1.25,2.442482888768,-2.8));
#3588=DIRECTION('',(0.0,1.0,0.0));
#3589=DIRECTION('',(0.0,0.0,1.0));
#3590=ORIENTED_EDGE('',*,*,#4563,.F.);
#3591=ORIENTED_EDGE('',*,*,#4590,.F.);
#3592=ORIENTED_EDGE('',*,*,#4594,.F.);
#3593=ORIENTED_EDGE('',*,*,#4595,.T.);
#3594=CARTESIAN_POINT('',(1.0,2.093741444384,-2.35));
#3595=DIRECTION('',(0.0,0.275637355817005,0.961261695938317));
#3596=DIRECTION('',(-1.0,0.0,0.0));
#3597=ORIENTED_EDGE('',*,*,#4595,.F.);
#3598=ORIENTED_EDGE('',*,*,#4596,.T.);
#3599=ORIENTED_EDGE('',*,*,#4597,.F.);
#3600=ORIENTED_EDGE('',*,*,#4564,.F.);
#3601=CARTESIAN_POINT('',(1.25,1.732482888768,-2.25));
#3602=DIRECTION('',(0.0,0.0,-1.0));
#3603=DIRECTION('',(0.0,1.0,0.0));
#3604=ORIENTED_EDGE('',*,*,#4565,.T.);
#3605=ORIENTED_EDGE('',*,*,#4597,.T.);
#3606=ORIENTED_EDGE('',*,*,#4598,.F.);
#3607=ORIENTED_EDGE('',*,*,#4599,.F.);
#3608=CARTESIAN_POINT('',(1.25,1.426214724424,-2.325));
#3609=DIRECTION('',(0.0,0.237855419878003,-0.97130057100501));
#3610=DIRECTION('',(1.0,0.0,0.0));
#3611=ORIENTED_EDGE('',*,*,#4566,.T.);
#3612=ORIENTED_EDGE('',*,*,#4599,.T.);
#3613=ORIENTED_EDGE('',*,*,#4600,.F.);
#3614=ORIENTED_EDGE('',*,*,#4601,.F.);
#3615=CARTESIAN_POINT('',(1.25,-0.557517111232,-2.325));
#3616=DIRECTION('',(0.0,0.0,-1.0));
#3617=DIRECTION('',(0.0,1.0,0.0));
#3618=ORIENTED_EDGE('',*,*,#4567,.T.);
#3619=ORIENTED_EDGE('',*,*,#4601,.T.);
#3620=ORIENTED_EDGE('',*,*,#4602,.F.);
#3621=ORIENTED_EDGE('',*,*,#4603,.F.);
#3622=CARTESIAN_POINT('',(1.25,-0.557517111232,-2.0));
#3623=DIRECTION('',(-1.0,0.0,0.0));
#3624=DIRECTION('',(0.0,0.0,-1.0));
#3625=ORIENTED_EDGE('',*,*,#4568,.T.);
#3626=ORIENTED_EDGE('',*,*,#4603,.T.);
#3627=ORIENTED_EDGE('',*,*,#4604,.F.);
#3628=ORIENTED_EDGE('',*,*,#4605,.F.);
#3629=CARTESIAN_POINT('',(1.25,1.426214724424,-1.675));
#3630=DIRECTION('',(0.0,0.0,1.0));
#3631=DIRECTION('',(1.0,0.0,0.0));
#3632=ORIENTED_EDGE('',*,*,#4569,.T.);
#3633=ORIENTED_EDGE('',*,*,#4605,.T.);
#3634=ORIENTED_EDGE('',*,*,#4606,.F.);
#3635=ORIENTED_EDGE('',*,*,#4607,.F.);
#3636=CARTESIAN_POINT('',(1.25,1.732482888768,-1.75));
#3637=DIRECTION('',(0.0,0.237855419878003,0.97130057100501));
#3638=DIRECTION('',(-1.0,0.0,0.0));
#3639=ORIENTED_EDGE('',*,*,#4608,.F.);
#3640=ORIENTED_EDGE('',*,*,#4570,.T.);
#3641=ORIENTED_EDGE('',*,*,#4607,.T.);
#3642=ORIENTED_EDGE('',*,*,#4609,.F.);
#3643=CARTESIAN_POINT('',(1.25,2.442482888768,-1.75));
#3644=DIRECTION('',(0.0,0.0,1.0));
#3645=DIRECTION('',(1.0,0.0,0.0));
#3646=ORIENTED_EDGE('',*,*,#4610,.F.);
#3647=ORIENTED_EDGE('',*,*,#4591,.F.);
#3648=ORIENTED_EDGE('',*,*,#4571,.F.);
#3649=ORIENTED_EDGE('',*,*,#4608,.T.);
#3650=CARTESIAN_POINT('',(1.0,2.093741444384,-1.65));
#3651=DIRECTION('',(0.0,0.275637355817005,-0.961261695938317));
#3652=DIRECTION('',(1.0,0.0,0.0));
#3653=ORIENTED_EDGE('',*,*,#4589,.F.);
#3654=ORIENTED_EDGE('',*,*,#4611,.T.);
#3655=ORIENTED_EDGE('',*,*,#4612,.T.);
#3656=ORIENTED_EDGE('',*,*,#4613,.T.);
#3657=ORIENTED_EDGE('',*,*,#4614,.T.);
#3658=ORIENTED_EDGE('',*,*,#4558,.T.);
#3659=ORIENTED_EDGE('',*,*,#4615,.T.);
#3660=ORIENTED_EDGE('',*,*,#4549,.T.);
#3661=ORIENTED_EDGE('',*,*,#4616,.T.);
#3662=ORIENTED_EDGE('',*,*,#4556,.T.);
#3663=ORIENTED_EDGE('',*,*,#4617,.T.);
#3664=ORIENTED_EDGE('',*,*,#4618,.F.);
#3665=ORIENTED_EDGE('',*,*,#4619,.T.);
#3666=ORIENTED_EDGE('',*,*,#4620,.T.);
#3667=ORIENTED_EDGE('',*,*,#4553,.T.);
#3668=ORIENTED_EDGE('',*,*,#4621,.F.);
#3669=ORIENTED_EDGE('',*,*,#4622,.T.);
#3670=ORIENTED_EDGE('',*,*,#4623,.T.);
#3671=ORIENTED_EDGE('',*,*,#4624,.T.);
#3672=ORIENTED_EDGE('',*,*,#4625,.T.);
#3673=ORIENTED_EDGE('',*,*,#4592,.F.);
#3674=ORIENTED_EDGE('',*,*,#4610,.T.);
#3675=ORIENTED_EDGE('',*,*,#4609,.T.);
#3676=ORIENTED_EDGE('',*,*,#4606,.T.);
#3677=ORIENTED_EDGE('',*,*,#4604,.T.);
#3678=ORIENTED_EDGE('',*,*,#4602,.T.);
#3679=ORIENTED_EDGE('',*,*,#4600,.T.);
#3680=ORIENTED_EDGE('',*,*,#4598,.T.);
#3681=ORIENTED_EDGE('',*,*,#4596,.F.);
#3682=ORIENTED_EDGE('',*,*,#4594,.T.);
#3683=CARTESIAN_POINT('',(0.75,2.442482888768,-2.8));
#3684=DIRECTION('',(-1.0,0.0,0.0));
#3685=DIRECTION('',(0.0,-1.0,0.0));
#3686=ORIENTED_EDGE('',*,*,#4573,.F.);
#3687=ORIENTED_EDGE('',*,*,#4593,.F.);
#3688=ORIENTED_EDGE('',*,*,#4625,.F.);
#3689=ORIENTED_EDGE('',*,*,#4626,.T.);
#3690=CARTESIAN_POINT('',(-1.6295,2.292482888768,-1.538004563384));
#3691=DIRECTION('',(-1.0,0.0,0.0));
#3692=DIRECTION('',(0.0,1.0,0.0));
#3693=ORIENTED_EDGE('',*,*,#4574,.T.);
#3694=ORIENTED_EDGE('',*,*,#4626,.F.);
#3695=ORIENTED_EDGE('',*,*,#4624,.F.);
#3696=ORIENTED_EDGE('',*,*,#4627,.F.);
#3697=CARTESIAN_POINT('',(1.25,1.244089863556,-1.3));
#3698=DIRECTION('',(0.0,-0.0831560694447826,-0.996536536266731));
#3699=DIRECTION('',(0.0,0.996536536266731,-0.0831560694447826));
#3700=ORIENTED_EDGE('',*,*,#4575,.T.);
#3701=ORIENTED_EDGE('',*,*,#4627,.T.);
#3702=ORIENTED_EDGE('',*,*,#4623,.F.);
#3703=ORIENTED_EDGE('',*,*,#4628,.F.);
#3704=CARTESIAN_POINT('',(1.25,-0.255910136444,-1.3));
#3705=DIRECTION('',(0.0,0.0,-1.0));
#3706=DIRECTION('',(0.0,1.0,0.0));
#3707=ORIENTED_EDGE('',*,*,#4629,.T.);
#3708=ORIENTED_EDGE('',*,*,#4576,.T.);
#3709=ORIENTED_EDGE('',*,*,#4628,.T.);
#3710=ORIENTED_EDGE('',*,*,#4622,.F.);
#3711=CARTESIAN_POINT('',(1.25,-0.557517111232,-1.2));
#3712=DIRECTION('',(0.0,-0.314710167702886,-0.949187816158858));
#3713=DIRECTION('',(0.0,0.949187816158858,-0.314710167702886));
#3714=ORIENTED_EDGE('',*,*,#4580,.T.);
#3715=ORIENTED_EDGE('',*,*,#4630,.F.);
#3716=ORIENTED_EDGE('',*,*,#4618,.T.);
#3717=ORIENTED_EDGE('',*,*,#4631,.T.);
#3718=CARTESIAN_POINT('',(0.0,-5.977517111232,-1.2));
#3719=DIRECTION('',(0.0,0.0,1.0));
#3720=DIRECTION('',(1.0,0.0,0.0));
#3721=ORIENTED_EDGE('',*,*,#4621,.T.);
#3722=ORIENTED_EDGE('',*,*,#4552,.T.);
#3723=ORIENTED_EDGE('',*,*,#4577,.T.);
#3724=ORIENTED_EDGE('',*,*,#4629,.F.);
#3725=CARTESIAN_POINT('',(0.0,-5.977517111232,-1.2));
#3726=DIRECTION('',(0.0,0.0,1.0));
#3727=DIRECTION('',(1.0,0.0,0.0));
#3728=ORIENTED_EDGE('',*,*,#4581,.F.);
#3729=ORIENTED_EDGE('',*,*,#4631,.F.);
#3730=ORIENTED_EDGE('',*,*,#4617,.F.);
#3731=ORIENTED_EDGE('',*,*,#4555,.T.);
#3732=ORIENTED_EDGE('',*,*,#1810,.F.);
#3733=ORIENTED_EDGE('',*,*,#1825,.F.);
#3734=ORIENTED_EDGE('',*,*,#1854,.T.);
#3735=ORIENTED_EDGE('',*,*,#1833,.T.);
#3736=CARTESIAN_POINT('',(1.25,-2.057517111232,-1.75));
#3737=DIRECTION('',(0.0,1.0,0.0));
#3738=DIRECTION('',(0.0,0.0,1.0));
#3739=ORIENTED_EDGE('',*,*,#4630,.T.);
#3740=ORIENTED_EDGE('',*,*,#4579,.T.);
#3741=ORIENTED_EDGE('',*,*,#4632,.T.);
#3742=ORIENTED_EDGE('',*,*,#4619,.F.);
#3743=CARTESIAN_POINT('',(1.25,-1.657517111232,-1.2));
#3744=DIRECTION('',(0.0,-0.285714285714302,-0.958314847499905));
#3745=DIRECTION('',(0.0,0.958314847499905,-0.285714285714302));
#3746=ORIENTED_EDGE('',*,*,#4550,.T.);
#3747=ORIENTED_EDGE('',*,*,#4620,.F.);
#3748=ORIENTED_EDGE('',*,*,#4632,.F.);
#3749=ORIENTED_EDGE('',*,*,#4578,.T.);
#3750=CARTESIAN_POINT('',(1.25,-1.307517111232,-1.2));
#3751=DIRECTION('',(-1.0,0.0,0.0));
#3752=DIRECTION('',(0.0,0.0,-1.0));
#3753=ORIENTED_EDGE('',*,*,#4557,.F.);
#3754=ORIENTED_EDGE('',*,*,#4616,.F.);
#3755=ORIENTED_EDGE('',*,*,#4548,.F.);
#3756=ORIENTED_EDGE('',*,*,#4582,.T.);
#3757=CARTESIAN_POINT('',(1.25,-1.336088539803,-2.70416851525001));
#3758=DIRECTION('',(0.0,-0.285714285714302,0.958314847499905));
#3759=DIRECTION('',(-1.0,0.0,0.0));
#3760=ORIENTED_EDGE('',*,*,#4546,.T.);
#3761=ORIENTED_EDGE('',*,*,#4615,.F.);
#3762=ORIENTED_EDGE('',*,*,#4561,.T.);
#3763=ORIENTED_EDGE('',*,*,#4583,.T.);
#3764=CARTESIAN_POINT('',(1.25,-1.307517111232,-2.8));
#3765=DIRECTION('',(-1.0,0.0,0.0));
#3766=DIRECTION('',(0.0,0.597614304668841,0.801783725736048));
#3767=ORIENTED_EDGE('',*,*,#4559,.F.);
#3768=ORIENTED_EDGE('',*,*,#4614,.F.);
#3769=ORIENTED_EDGE('',*,*,#4633,.F.);
#3770=ORIENTED_EDGE('',*,*,#4584,.T.);
#3771=CARTESIAN_POINT('',(1.25,-0.255910136444,-2.7));
#3772=DIRECTION('',(0.0,-0.314710167702886,0.949187816158858));
#3773=DIRECTION('',(-1.0,0.0,0.0));
#3774=ORIENTED_EDGE('',*,*,#4585,.T.);
#3775=ORIENTED_EDGE('',*,*,#4633,.T.);
#3776=ORIENTED_EDGE('',*,*,#4613,.F.);
#3777=ORIENTED_EDGE('',*,*,#4634,.F.);
#3778=CARTESIAN_POINT('',(1.25,1.244089863556,-2.7));
#3779=DIRECTION('',(0.0,0.0,1.0));
#3780=DIRECTION('',(1.0,0.0,0.0));
#3781=ORIENTED_EDGE('',*,*,#4586,.T.);
#3782=ORIENTED_EDGE('',*,*,#4634,.T.);
#3783=ORIENTED_EDGE('',*,*,#4612,.F.);
#3784=ORIENTED_EDGE('',*,*,#4635,.F.);
#3785=CARTESIAN_POINT('',(1.25,2.442482888768,-2.6));
#3786=DIRECTION('',(0.0,-0.0831560694447826,0.996536536266731));
#3787=DIRECTION('',(-1.0,0.0,0.0));
#3788=ORIENTED_EDGE('',*,*,#4611,.F.);
#3789=ORIENTED_EDGE('',*,*,#4588,.F.);
#3790=ORIENTED_EDGE('',*,*,#4587,.F.);
#3791=ORIENTED_EDGE('',*,*,#4635,.T.);
#3792=CARTESIAN_POINT('',(2.8795,2.292482888768,-2.4619954366164));
#3793=DIRECTION('',(1.0,0.0,0.0));
#3794=DIRECTION('',(0.0,1.0,0.0));
#3795=COLOUR_RGB('',0.18823529779911,0.18823529779911,0.18823529779911);
#3796=EDGE_CURVE('',#4636,#4637,#4638,.T.);
#3797=EDGE_CURVE('',#4636,#4639,#4640,.T.);
#3798=EDGE_CURVE('',#4641,#4639,#4642,.T.);
#3799=EDGE_CURVE('',#4643,#4641,#4644,.T.);
#3800=EDGE_CURVE('',#4643,#4645,#4646,.T.);
#3801=EDGE_CURVE('',#4645,#4647,#4648,.T.);
#3802=EDGE_CURVE('',#4649,#4647,#4650,.T.);
#3803=EDGE_CURVE('',#4649,#4651,#4652,.T.);
#3804=EDGE_CURVE('',#4653,#4651,#4654,.T.);
#3805=EDGE_CURVE('',#4655,#4653,#4656,.T.);
#3806=EDGE_CURVE('',#4655,#4657,#4658,.T.);
#3807=EDGE_CURVE('',#4657,#4659,#4660,.T.);
#3808=EDGE_CURVE('',#4661,#4659,#4662,.T.);
#3809=EDGE_CURVE('',#4661,#4663,#4664,.T.);
#3810=EDGE_CURVE('',#4665,#4663,#4666,.T.);
#3811=EDGE_CURVE('',#4667,#4665,#4668,.T.);
#3812=EDGE_CURVE('',#4669,#4667,#4670,.T.);
#3813=EDGE_CURVE('',#4671,#4669,#4672,.T.);
#3814=EDGE_CURVE('',#4673,#4671,#4674,.T.);
#3815=EDGE_CURVE('',#4675,#4673,#4676,.T.);
#3816=EDGE_CURVE('',#4675,#4677,#4678,.T.);
#3817=EDGE_CURVE('',#4677,#4637,#4679,.T.);
#3818=EDGE_CURVE('',#4636,#4680,#4681,.T.);
#3819=EDGE_CURVE('',#4637,#4682,#4683,.T.);
#3820=EDGE_CURVE('',#4680,#4682,#4684,.T.);
#3821=EDGE_CURVE('',#4685,#4686,#4687,.T.);
#3822=EDGE_CURVE('',#4688,#4686,#4689,.T.);
#3823=EDGE_CURVE('',#4690,#4688,#4691,.T.);
#3824=EDGE_CURVE('',#4690,#4685,#4692,.T.);
#3825=EDGE_CURVE('',#4693,#4680,#4694,.T.);
#3826=EDGE_CURVE('',#4639,#4693,#4695,.T.);
#3827=EDGE_CURVE('',#4696,#4693,#4697,.T.);
#3828=EDGE_CURVE('',#4641,#4696,#4698,.T.);
#3829=EDGE_CURVE('',#4699,#4700,#4701,.T.);
#3830=EDGE_CURVE('',#4702,#4700,#4703,.T.);
#3831=EDGE_CURVE('',#4704,#4702,#4705,.T.);
#3832=EDGE_CURVE('',#4704,#4699,#4706,.T.);
#3833=EDGE_CURVE('',#4665,#4707,#4708,.T.);
#3834=EDGE_CURVE('',#4709,#4707,#4710,.T.);
#3835=EDGE_CURVE('',#4667,#4709,#4711,.T.);
#3836=EDGE_CURVE('',#4712,#4713,#4714,.T.);
#3837=EDGE_CURVE('',#4715,#4713,#4716,.T.);
#3838=EDGE_CURVE('',#4717,#4715,#4718,.T.);
#3839=EDGE_CURVE('',#4717,#4712,#4719,.T.);
#3840=EDGE_CURVE('',#4653,#4720,#4721,.T.);
#3841=EDGE_CURVE('',#4722,#4720,#4723,.T.);
#3842=EDGE_CURVE('',#4655,#4722,#4724,.T.);
#3843=EDGE_CURVE('',#4725,#4726,#4727,.T.);
#3844=EDGE_CURVE('',#4728,#4726,#4729,.T.);
#3845=EDGE_CURVE('',#4730,#4728,#4731,.T.);
#3846=EDGE_CURVE('',#4730,#4725,#4732,.T.);
#3847=EDGE_CURVE('',#4675,#4733,#4734,.T.);
#3848=EDGE_CURVE('',#4673,#4735,#4736,.T.);
#3849=EDGE_CURVE('',#4733,#4735,#4737,.T.);
#3850=EDGE_CURVE('',#4738,#4739,#4740,.T.);
#3851=EDGE_CURVE('',#4738,#4741,#4742,.T.);
#3852=EDGE_CURVE('',#4741,#4743,#4744,.T.);
#3853=EDGE_CURVE('',#4739,#4743,#4745,.T.);
#3854=EDGE_CURVE('',#4746,#4696,#4747,.T.);
#3855=EDGE_CURVE('',#4643,#4746,#4748,.T.);
#3856=EDGE_CURVE('',#4749,#4702,#4750,.T.);
#3857=EDGE_CURVE('',#4751,#4749,#4752,.T.);
#3858=EDGE_CURVE('',#4751,#4704,#4753,.T.);
#3859=EDGE_CURVE('',#4663,#4754,#4755,.T.);
#3860=EDGE_CURVE('',#4707,#4754,#4756,.T.);
#3861=EDGE_CURVE('',#4757,#4758,#4759,.T.);
#3862=EDGE_CURVE('',#4713,#4758,#4760,.T.);
#3863=EDGE_CURVE('',#4712,#4757,#4761,.T.);
#3864=EDGE_CURVE('',#4661,#4762,#4763,.T.);
#3865=EDGE_CURVE('',#4754,#4762,#4764,.T.);
#3866=EDGE_CURVE('',#4659,#4765,#4766,.T.);
#3867=EDGE_CURVE('',#4762,#4765,#4767,.T.);
#3868=EDGE_CURVE('',#4768,#4769,#4770,.T.);
#3869=EDGE_CURVE('',#4771,#4769,#4772,.T.);
#3870=EDGE_CURVE('',#4773,#4771,#4774,.T.);
#3871=EDGE_CURVE('',#4773,#4768,#4775,.T.);
#3872=EDGE_CURVE('',#4733,#4776,#4777,.T.);
#3873=EDGE_CURVE('',#4735,#4778,#4779,.T.);
#3874=EDGE_CURVE('',#4778,#4780,#4781,.T.);
#3875=EDGE_CURVE('',#4709,#4780,#4782,.T.);
#3876=EDGE_CURVE('',#4765,#4783,#4784,.T.);
#3877=EDGE_CURVE('',#4722,#4783,#4785,.T.);
#3878=EDGE_CURVE('',#4720,#4786,#4787,.T.);
#3879=EDGE_CURVE('',#4786,#4788,#4789,.T.);
#3880=EDGE_CURVE('',#4788,#4790,#4791,.T.);
#3881=EDGE_CURVE('',#4790,#4792,#4793,.T.);
#3882=EDGE_CURVE('',#4746,#4792,#4794,.T.);
#3883=EDGE_CURVE('',#4682,#4776,#4795,.T.);
#3884=EDGE_CURVE('',#4677,#4776,#4796,.T.);
#3885=EDGE_CURVE('',#4797,#4798,#4799,.T.);
#3886=EDGE_CURVE('',#4738,#4797,#4800,.T.);
#3887=EDGE_CURVE('',#4739,#4798,#4801,.T.);
#3888=EDGE_CURVE('',#4686,#4798,#4802,.T.);
#3889=EDGE_CURVE('',#4797,#4685,#4803,.T.);
#3890=EDGE_CURVE('',#4751,#4804,#4805,.T.);
#3891=EDGE_CURVE('',#4804,#4806,#4807,.T.);
#3892=EDGE_CURVE('',#4808,#4806,#4809,.T.);
#3893=EDGE_CURVE('',#4808,#4810,#4811,.T.);
#3894=EDGE_CURVE('',#4725,#4810,#4812,.T.);
#3895=EDGE_CURVE('',#4730,#4813,#4814,.T.);
#3896=EDGE_CURVE('',#4813,#4768,#4815,.T.);
#3897=EDGE_CURVE('',#4773,#4757,#4816,.T.);
#3898=EDGE_CURVE('',#4717,#4817,#4818,.T.);
#3899=EDGE_CURVE('',#4819,#4817,#4820,.T.);
#3900=EDGE_CURVE('',#4741,#4819,#4821,.T.);
#3901=EDGE_CURVE('',#4690,#4699,#4822,.T.);
#3902=EDGE_CURVE('',#4700,#4688,#4823,.T.);
#3903=EDGE_CURVE('',#4743,#4824,#4825,.T.);
#3904=EDGE_CURVE('',#4824,#4826,#4827,.T.);
#3905=EDGE_CURVE('',#4826,#4715,#4828,.T.);
#3906=EDGE_CURVE('',#4758,#4771,#4829,.T.);
#3907=EDGE_CURVE('',#4769,#4830,#4831,.T.);
#3908=EDGE_CURVE('',#4728,#4830,#4832,.T.);
#3909=EDGE_CURVE('',#4726,#4833,#4834,.T.);
#3910=EDGE_CURVE('',#4833,#4835,#4836,.T.);
#3911=EDGE_CURVE('',#4835,#4837,#4838,.T.);
#3912=EDGE_CURVE('',#4837,#4839,#4840,.T.);
#3913=EDGE_CURVE('',#4749,#4839,#4841,.T.);
#3914=EDGE_CURVE('',#4645,#4792,#4842,.T.);
#3915=EDGE_CURVE('',#4804,#4839,#4843,.T.);
#3916=EDGE_CURVE('',#4647,#4790,#4844,.T.);
#3917=EDGE_CURVE('',#4649,#4788,#4845,.T.);
#3918=EDGE_CURVE('',#4806,#4837,#4846,.T.);
#3919=EDGE_CURVE('',#4808,#4835,#4847,.T.);
#3920=EDGE_CURVE('',#4651,#4786,#4848,.T.);
#3921=EDGE_CURVE('',#4810,#4833,#4849,.T.);
#3922=EDGE_CURVE('',#4657,#4783,#4850,.T.);
#3923=EDGE_CURVE('',#4813,#4830,#4851,.T.);
#3924=EDGE_CURVE('',#4780,#4817,#4852,.T.);
#3925=EDGE_CURVE('',#4669,#4826,#4853,.T.);
#3926=EDGE_CURVE('',#4671,#4824,#4854,.T.);
#3927=EDGE_CURVE('',#4855,#4856,#4857,.T.);
#3928=EDGE_CURVE('',#4856,#4858,#4859,.T.);
#3929=EDGE_CURVE('',#4858,#4860,#4861,.T.);
#3930=EDGE_CURVE('',#4860,#4855,#4862,.T.);
#3931=EDGE_CURVE('',#4863,#4864,#4865,.T.);
#3932=EDGE_CURVE('',#4864,#4866,#4867,.T.);
#3933=EDGE_CURVE('',#4866,#4868,#4869,.T.);
#3934=EDGE_CURVE('',#4868,#4863,#4870,.T.);
#3935=EDGE_CURVE('',#4871,#4872,#4873,.T.);
#3936=EDGE_CURVE('',#4872,#4874,#4875,.T.);
#3937=EDGE_CURVE('',#4874,#4876,#4877,.T.);
#3938=EDGE_CURVE('',#4876,#4871,#4878,.T.);
#3939=EDGE_CURVE('',#4778,#4819,#4879,.T.);
#3940=EDGE_CURVE('',#4880,#4881,#4882,.T.);
#3941=EDGE_CURVE('',#4883,#4881,#4884,.T.);
#3942=EDGE_CURVE('',#4885,#4883,#4886,.T.);
#3943=EDGE_CURVE('',#4887,#4885,#4888,.T.);
#3944=EDGE_CURVE('',#4887,#4889,#4890,.T.);
#3945=EDGE_CURVE('',#4889,#4891,#4892,.T.);
#3946=EDGE_CURVE('',#4891,#4893,#4894,.T.);
#3947=EDGE_CURVE('',#4895,#4893,#4896,.T.);
#3948=EDGE_CURVE('',#4897,#4895,#4898,.T.);
#3949=EDGE_CURVE('',#4899,#4897,#4900,.T.);
#3950=EDGE_CURVE('',#4899,#4901,#4902,.T.);
#3951=EDGE_CURVE('',#4901,#4880,#4903,.T.);
#3952=EDGE_CURVE('',#4904,#4905,#4906,.T.);
#3953=EDGE_CURVE('',#4907,#4904,#4908,.T.);
#3954=EDGE_CURVE('',#4909,#4907,#4910,.T.);
#3955=EDGE_CURVE('',#4909,#4911,#4912,.T.);
#3956=EDGE_CURVE('',#4911,#4913,#4914,.T.);
#3957=EDGE_CURVE('',#4913,#4915,#4916,.T.);
#3958=EDGE_CURVE('',#4917,#4915,#4918,.T.);
#3959=EDGE_CURVE('',#4919,#4917,#4920,.T.);
#3960=EDGE_CURVE('',#4921,#4919,#4922,.T.);
#3961=EDGE_CURVE('',#4921,#4923,#4924,.T.);
#3962=EDGE_CURVE('',#4923,#4925,#4926,.T.);
#3963=EDGE_CURVE('',#4925,#4905,#4927,.T.);
#3964=EDGE_CURVE('',#4928,#4929,#4930,.T.);
#3965=EDGE_CURVE('',#4931,#4928,#4932,.T.);
#3966=EDGE_CURVE('',#4933,#4931,#4934,.T.);
#3967=EDGE_CURVE('',#4933,#4935,#4936,.T.);
#3968=EDGE_CURVE('',#4935,#4937,#4938,.T.);
#3969=EDGE_CURVE('',#4937,#4939,#4940,.T.);
#3970=EDGE_CURVE('',#4941,#4939,#4942,.T.);
#3971=EDGE_CURVE('',#4943,#4941,#4944,.T.);
#3972=EDGE_CURVE('',#4945,#4943,#4946,.T.);
#3973=EDGE_CURVE('',#4945,#4947,#4948,.T.);
#3974=EDGE_CURVE('',#4947,#4949,#4950,.T.);
#3975=EDGE_CURVE('',#4949,#4929,#4951,.T.);
#3976=EDGE_CURVE('',#4952,#4953,#4954,.T.);
#3977=EDGE_CURVE('',#4881,#4953,#4955,.T.);
#3978=EDGE_CURVE('',#4956,#4880,#4957,.T.);
#3979=EDGE_CURVE('',#4958,#4956,#4959,.T.);
#3980=EDGE_CURVE('',#4958,#4889,#4960,.T.);
#3981=EDGE_CURVE('',#4887,#4952,#4961,.T.);
#3982=EDGE_CURVE('',#4952,#4962,#4963,.T.);
#3983=EDGE_CURVE('',#4962,#4964,#4965,.T.);
#3984=EDGE_CURVE('',#4964,#4953,#4966,.T.);
#3985=EDGE_CURVE('',#4967,#4968,#4969,.T.);
#3986=EDGE_CURVE('',#4968,#4970,#4971,.T.);
#3987=EDGE_CURVE('',#4970,#4972,#4973,.T.);
#3988=EDGE_CURVE('',#4972,#4967,#4974,.T.);
#3989=EDGE_CURVE('',#4883,#4964,#4975,.T.);
#3990=EDGE_CURVE('',#4899,#4968,#4976,.T.);
#3991=EDGE_CURVE('',#4897,#4970,#4977,.T.);
#3992=EDGE_CURVE('',#4885,#4962,#4978,.T.);
#3993=EDGE_CURVE('',#4893,#4967,#4979,.T.);
#3994=EDGE_CURVE('',#4895,#4972,#4980,.T.);
#3995=EDGE_CURVE('',#4981,#4891,#4982,.T.);
#3996=EDGE_CURVE('',#4983,#4981,#4984,.T.);
#3997=EDGE_CURVE('',#4983,#4901,#4985,.T.);
#3998=EDGE_CURVE('',#4956,#4983,#4986,.T.);
#3999=EDGE_CURVE('',#4983,#4855,#4987,.T.);
#4000=EDGE_CURVE('',#4956,#4860,#4988,.T.);
#4001=EDGE_CURVE('',#4958,#4858,#4989,.T.);
#4002=EDGE_CURVE('',#4981,#4856,#4990,.T.);
#4003=EDGE_CURVE('',#4981,#4958,#4991,.T.);
#4004=EDGE_CURVE('',#4992,#4993,#4994,.T.);
#4005=EDGE_CURVE('',#4904,#4992,#4995,.T.);
#4006=EDGE_CURVE('',#4905,#4993,#4996,.T.);
#4007=EDGE_CURVE('',#4997,#4998,#4999,.T.);
#4008=EDGE_CURVE('',#4921,#4997,#5000,.T.);
#4009=EDGE_CURVE('',#4919,#4998,#5001,.T.);
#4010=EDGE_CURVE('',#5002,#4993,#5003,.T.);
#4011=EDGE_CURVE('',#5002,#5004,#5005,.T.);
#4012=EDGE_CURVE('',#5004,#4992,#5006,.T.);
#4013=EDGE_CURVE('',#4998,#5007,#5008,.T.);
#4014=EDGE_CURVE('',#5007,#5009,#5010,.T.);
#4015=EDGE_CURVE('',#5009,#4997,#5011,.T.);
#4016=EDGE_CURVE('',#4907,#5004,#5012,.T.);
#4017=EDGE_CURVE('',#4917,#5007,#5013,.T.);
#4018=EDGE_CURVE('',#4915,#5009,#5014,.T.);
#4019=EDGE_CURVE('',#4909,#5002,#5015,.T.);
#4020=EDGE_CURVE('',#5016,#4913,#5017,.T.);
#4021=EDGE_CURVE('',#5018,#5016,#5019,.T.);
#4022=EDGE_CURVE('',#5018,#4923,#5020,.T.);
#4023=EDGE_CURVE('',#5021,#5018,#5022,.T.);
#4024=EDGE_CURVE('',#5021,#4925,#5023,.T.);
#4025=EDGE_CURVE('',#5018,#4863,#5024,.T.);
#4026=EDGE_CURVE('',#5021,#4868,#5025,.T.);
#4027=EDGE_CURVE('',#5026,#4866,#5027,.T.);
#4028=EDGE_CURVE('',#5026,#5021,#5028,.T.);
#4029=EDGE_CURVE('',#5026,#4911,#5029,.T.);
#4030=EDGE_CURVE('',#5016,#5026,#5030,.T.);
#4031=EDGE_CURVE('',#5016,#4864,#5031,.T.);
#4032=EDGE_CURVE('',#5032,#5033,#5034,.T.);
#4033=EDGE_CURVE('',#4928,#5032,#5035,.T.);
#4034=EDGE_CURVE('',#4929,#5033,#5036,.T.);
#4035=EDGE_CURVE('',#5037,#5038,#5039,.T.);
#4036=EDGE_CURVE('',#4945,#5037,#5040,.T.);
#4037=EDGE_CURVE('',#4943,#5038,#5041,.T.);
#4038=EDGE_CURVE('',#5042,#5033,#5043,.T.);
#4039=EDGE_CURVE('',#5042,#5044,#5045,.T.);
#4040=EDGE_CURVE('',#5044,#5032,#5046,.T.);
#4041=EDGE_CURVE('',#5038,#5047,#5048,.T.);
#4042=EDGE_CURVE('',#5047,#5049,#5050,.T.);
#4043=EDGE_CURVE('',#5049,#5037,#5051,.T.);
#4044=EDGE_CURVE('',#4931,#5044,#5052,.T.);
#4045=EDGE_CURVE('',#4941,#5047,#5053,.T.);
#4046=EDGE_CURVE('',#4939,#5049,#5054,.T.);
#4047=EDGE_CURVE('',#4933,#5042,#5055,.T.);
#4048=EDGE_CURVE('',#5056,#4937,#5057,.T.);
#4049=EDGE_CURVE('',#5058,#5056,#5059,.T.);
#4050=EDGE_CURVE('',#5058,#4947,#5060,.T.);
#4051=EDGE_CURVE('',#5061,#5058,#5062,.T.);
#4052=EDGE_CURVE('',#5061,#4949,#5063,.T.);
#4053=EDGE_CURVE('',#5058,#4871,#5064,.T.);
#4054=EDGE_CURVE('',#5061,#4876,#5065,.T.);
#4055=EDGE_CURVE('',#5066,#4874,#5067,.T.);
#4056=EDGE_CURVE('',#5066,#5061,#5068,.T.);
#4057=EDGE_CURVE('',#5066,#4935,#5069,.T.);
#4058=EDGE_CURVE('',#5056,#5066,#5070,.T.);
#4059=EDGE_CURVE('',#5056,#4872,#5071,.T.);
#4060=COLOUR_RGB('',0.925490200519562,0.925490200519562,0.925490200519562);
#4061=CARTESIAN_POINT('',(0.752,-3.062502680099,2.25));
#4062=CARTESIAN_POINT('',(0.752,-3.062502680099,1.75));
#4063=CARTESIAN_POINT('',(0.752,-3.062502680099,2.25));
#4064=VECTOR('',#5072,0.5);
#4065=CARTESIAN_POINT('',(0.752,-2.057517111232,2.25));
#4066=CARTESIAN_POINT('',(0.752,-2.057517111232,2.25));
#4067=VECTOR('',#5073,1.004985568867);
#4068=CARTESIAN_POINT('',(0.752,-2.057517111232,1.75));
#4069=CARTESIAN_POINT('',(0.752,-2.057517111232,2.25));
#4070=VECTOR('',#5074,0.5);
#4071=CARTESIAN_POINT('',(0.752,-2.057517111232,1.75));
#4072=VECTOR('',#5075,1.004985568867);
#4073=COLOUR_RGB('',0.925490200519562,0.925490200519562,0.925490200519562);
#4074=CARTESIAN_POINT('',(0.7285024945184,-3.182861604755,1.75));
#4075=AXIS2_PLACEMENT_3D('',#5076,#5077,#5078);
#4076=CARTESIAN_POINT('',(0.7285024945184,-3.182861604755,2.25));
#4077=CARTESIAN_POINT('',(0.7285024945184,-3.182861604755,2.25));
#4078=VECTOR('',#5079,0.5);
#4079=AXIS2_PLACEMENT_3D('',#5080,#5081,#5082);
#4080=COLOUR_RGB('',0.925490200519562,0.925490200519562,0.925490200519562);
#4081=CARTESIAN_POINT('',(0.04699501096315,-4.861745571894,2.25));
#4082=CARTESIAN_POINT('',(0.0,-5.102463421206,2.25));
#4083=AXIS2_PLACEMENT_3D('',#5083,#5084,#5085);
#4084=CARTESIAN_POINT('',(0.0,-5.977517111232,2.25));
#4085=CARTESIAN_POINT('',(0.0,-5.102463421206,2.25));
#4086=VECTOR('',#5086,0.875053690026);
#4087=CARTESIAN_POINT('',(0.5,-5.977517111232,2.25));
#4088=CARTESIAN_POINT('',(0.0,-5.977517111232,2.25));
#4089=VECTOR('',#5087,0.5);
#4090=CARTESIAN_POINT('',(0.5,-5.1376045708862,2.25));
#4091=CARTESIAN_POINT('',(0.5,-5.977517111232,2.25));
#4092=VECTOR('',#5088,0.8399125403458);
#4093=CARTESIAN_POINT('',(0.5234975054816,-5.0172456462302,2.25));
#4094=AXIS2_PLACEMENT_3D('',#5089,#5090,#5091);
#4095=CARTESIAN_POINT('',(1.201004989037,-3.348215622049,2.25));
#4096=CARTESIAN_POINT('',(0.5234975054816,-5.0172456462302,2.25));
#4097=VECTOR('',#5092,1.80129886800908);
#4098=CARTESIAN_POINT('',(1.248,-3.107497772737,2.25));
#4099=AXIS2_PLACEMENT_3D('',#5093,#5094,#5095);
#4100=CARTESIAN_POINT('',(1.248,-2.057517111232,2.25));
#4101=CARTESIAN_POINT('',(1.248,-2.057517111232,2.25));
#4102=VECTOR('',#5096,1.049980661505);
#4103=CARTESIAN_POINT('',(1.248,-2.057517111232,2.25));
#4104=VECTOR('',#5097,0.496);
#4105=CARTESIAN_POINT('',(0.7285024945184,-3.182861604755,2.25));
#4106=VECTOR('',#5098,1.81193372540508);
#4107=COLOUR_RGB('',0.925490200519562,0.925490200519562,0.925490200519562);
#4108=CARTESIAN_POINT('',(0.0,-5.102463421206,1.75));
#4109=CARTESIAN_POINT('',(0.04699501096315,-4.861745571894,1.75));
#4110=AXIS2_PLACEMENT_3D('',#5099,#5100,#5101);
#4111=CARTESIAN_POINT('',(0.0,-5.102463421206,2.25));
#4112=VECTOR('',#5102,0.5);
#4113=CARTESIAN_POINT('',(0.04699501096315,-4.861745571894,2.25));
#4114=VECTOR('',#5103,0.5);
#4115=COLOUR_RGB('',0.925490200519562,0.925490200519562,0.925490200519562);
#4116=CARTESIAN_POINT('',(0.7285024945184,-3.182861604755,1.75));
#4117=VECTOR('',#5104,1.81193372540508);
#4118=CARTESIAN_POINT('',(1.248,-2.057517111232,1.75));
#4119=CARTESIAN_POINT('',(1.248,-2.057517111232,1.75));
#4120=VECTOR('',#5105,0.496);
#4121=CARTESIAN_POINT('',(1.248,-3.107497772737,1.75));
#4122=CARTESIAN_POINT('',(1.248,-2.057517111232,1.75));
#4123=VECTOR('',#5106,1.049980661505);
#4124=CARTESIAN_POINT('',(1.201004989037,-3.348215622049,1.75));
#4125=AXIS2_PLACEMENT_3D('',#5107,#5108,#5109);
#4126=CARTESIAN_POINT('',(0.5234975054816,-5.0172456462302,1.75));
#4127=CARTESIAN_POINT('',(0.5234975054816,-5.0172456462302,1.75));
#4128=VECTOR('',#5110,1.80129886800908);
#4129=CARTESIAN_POINT('',(0.5,-5.1376045708862,1.75));
#4130=AXIS2_PLACEMENT_3D('',#5111,#5112,#5113);
#4131=CARTESIAN_POINT('',(0.5,-5.977517111232,1.75));
#4132=CARTESIAN_POINT('',(0.5,-5.977517111232,1.75));
#4133=VECTOR('',#5114,0.8399125403458);
#4134=CARTESIAN_POINT('',(0.0,-5.977517111232,1.75));
#4135=CARTESIAN_POINT('',(0.0,-5.977517111232,1.75));
#4136=VECTOR('',#5115,0.5);
#4137=CARTESIAN_POINT('',(0.0,-5.102463421206,1.75));
#4138=VECTOR('',#5116,0.875053690026);
#4139=COLOUR_RGB('',0.925490200519562,0.925490200519562,0.925490200519562);
#4140=CARTESIAN_POINT('',(0.0,-5.977517111232,1.75));
#4141=VECTOR('',#5117,0.5);
#4142=COLOUR_RGB('',0.925490200519562,0.925490200519562,0.925490200519562);
#4143=CARTESIAN_POINT('',(0.5,-5.977517111232,1.75));
#4144=VECTOR('',#5118,0.5);
#4145=COLOUR_RGB('',0.925490200519562,0.925490200519562,0.925490200519562);
#4146=CARTESIAN_POINT('',(0.5,-5.1376045708862,1.75));
#4147=VECTOR('',#5119,0.5);
#4148=COLOUR_RGB('',0.925490200519562,0.925490200519562,0.925490200519562);
#4149=CARTESIAN_POINT('',(0.5234975054816,-5.0172456462302,1.75));
#4150=VECTOR('',#5120,0.5);
#4151=COLOUR_RGB('',0.925490200519562,0.925490200519562,0.925490200519562);
#4152=CARTESIAN_POINT('',(1.201004989037,-3.348215622049,1.75));
#4153=VECTOR('',#5121,0.5);
#4154=COLOUR_RGB('',0.925490200519562,0.925490200519562,0.925490200519562);
#4155=CARTESIAN_POINT('',(1.248,-3.107497772737,1.75));
#4156=VECTOR('',#5122,0.5);
#4157=COLOUR_RGB('',0.925490200519562,0.925490200519562,0.925490200519562);
#4158=CARTESIAN_POINT('',(1.248,-2.057517111232,2.25));
#4159=VECTOR('',#5123,0.5);
#4160=COLOUR_RGB('',0.925490200519562,0.925490200519562,0.925490200519562);
#4161=COLOUR_RGB('',1.0,0.807843148708344,0.458823531866074);
#4162=EDGE_CURVE('',#5124,#5125,#5126,.T.);
#4163=EDGE_CURVE('',#5124,#5127,#5128,.T.);
#4164=EDGE_CURVE('',#5127,#5129,#5130,.T.);
#4165=EDGE_CURVE('',#5125,#5129,#5131,.T.);
#4166=EDGE_CURVE('',#5132,#5133,#5134,.T.);
#4167=EDGE_CURVE('',#5132,#5135,#5136,.T.);
#4168=EDGE_CURVE('',#5137,#5135,#5138,.T.);
#4169=EDGE_CURVE('',#5133,#5137,#5139,.T.);
#4170=EDGE_CURVE('',#5140,#5141,#5142,.T.);
#4171=EDGE_CURVE('',#5143,#5140,#5144,.T.);
#4172=EDGE_CURVE('',#5145,#5143,#5146,.T.);
#4173=EDGE_CURVE('',#5145,#5141,#5147,.T.);
#4174=EDGE_CURVE('',#5148,#5149,#5150,.T.);
#4175=EDGE_CURVE('',#5148,#5151,#5152,.T.);
#4176=EDGE_CURVE('',#5153,#5151,#5154,.T.);
#4177=EDGE_CURVE('',#5149,#5153,#5155,.T.);
#4178=EDGE_CURVE('',#5156,#5157,#5158,.T.);
#4179=EDGE_CURVE('',#5157,#5159,#5160,.T.);
#4180=EDGE_CURVE('',#5159,#5161,#5162,.T.);
#4181=EDGE_CURVE('',#5163,#5161,#5164,.T.);
#4182=EDGE_CURVE('',#5165,#5163,#5166,.T.);
#4183=EDGE_CURVE('',#5167,#5165,#5168,.T.);
#4184=EDGE_CURVE('',#5169,#5167,#5170,.T.);
#4185=EDGE_CURVE('',#5171,#5169,#5172,.T.);
#4186=EDGE_CURVE('',#5173,#5171,#5174,.T.);
#4187=EDGE_CURVE('',#5173,#5175,#5176,.T.);
#4188=EDGE_CURVE('',#5175,#5177,#5178,.T.);
#4189=EDGE_CURVE('',#5177,#5179,#5180,.T.);
#4190=EDGE_CURVE('',#5181,#5179,#5182,.T.);
#4191=EDGE_CURVE('',#5183,#5181,#5184,.T.);
#4192=EDGE_CURVE('',#5185,#5183,#5186,.T.);
#4193=EDGE_CURVE('',#5135,#5185,#5187,.T.);
#4194=EDGE_CURVE('',#5188,#5132,#5189,.T.);
#4195=EDGE_CURVE('',#5190,#5188,#5191,.T.);
#4196=EDGE_CURVE('',#5192,#5190,#5193,.T.);
#4197=EDGE_CURVE('',#5192,#5140,#5194,.T.);
#4198=EDGE_CURVE('',#5127,#5141,#5195,.T.);
#4199=EDGE_CURVE('',#5153,#5124,#5196,.T.);
#4200=EDGE_CURVE('',#5197,#5151,#5198,.T.);
#4201=EDGE_CURVE('',#5199,#5197,#5200,.T.);
#4202=EDGE_CURVE('',#5201,#5199,#5202,.T.);
#4203=EDGE_CURVE('',#5201,#5156,#5203,.T.);
#4204=EDGE_CURVE('',#5156,#5204,#5205,.T.);
#4205=EDGE_CURVE('',#5204,#5206,#5207,.T.);
#4206=EDGE_CURVE('',#5206,#5157,#5208,.T.);
#4207=EDGE_CURVE('',#5175,#5209,#5210,.T.);
#4208=EDGE_CURVE('',#5209,#5211,#5212,.T.);
#4209=EDGE_CURVE('',#5211,#5177,#5213,.T.);
#4210=EDGE_CURVE('',#5214,#5206,#5215,.T.);
#4211=EDGE_CURVE('',#5214,#5159,#5216,.T.);
#4212=EDGE_CURVE('',#5214,#5217,#5218,.T.);
#4213=EDGE_CURVE('',#5161,#5217,#5219,.T.);
#4214=EDGE_CURVE('',#5220,#5217,#5221,.T.);
#4215=EDGE_CURVE('',#5163,#5220,#5222,.T.);
#4216=EDGE_CURVE('',#5223,#5220,#5224,.T.);
#4217=EDGE_CURVE('',#5165,#5223,#5225,.T.);
#4218=EDGE_CURVE('',#5226,#5223,#5227,.T.);
#4219=EDGE_CURVE('',#5167,#5226,#5228,.T.);
#4220=EDGE_CURVE('',#5229,#5226,#5230,.T.);
#4221=EDGE_CURVE('',#5169,#5229,#5231,.T.);
#4222=EDGE_CURVE('',#5232,#5229,#5233,.T.);
#4223=EDGE_CURVE('',#5171,#5232,#5234,.T.);
#4224=EDGE_CURVE('',#5173,#5235,#5236,.T.);
#4225=EDGE_CURVE('',#5235,#5232,#5237,.T.);
#4226=EDGE_CURVE('',#5209,#5235,#5238,.T.);
#4227=EDGE_CURVE('',#5204,#5239,#5240,.T.);
#4228=EDGE_CURVE('',#5239,#5241,#5242,.T.);
#4229=EDGE_CURVE('',#5241,#5243,#5244,.T.);
#4230=EDGE_CURVE('',#5243,#5148,#5245,.T.);
#4231=EDGE_CURVE('',#5149,#5125,#5246,.T.);
#4232=EDGE_CURVE('',#5129,#5145,#5247,.T.);
#4233=EDGE_CURVE('',#5143,#5248,#5249,.T.);
#4234=EDGE_CURVE('',#5250,#5248,#5251,.T.);
#4235=EDGE_CURVE('',#5250,#5252,#5253,.T.);
#4236=EDGE_CURVE('',#5252,#5133,#5254,.T.);
#4237=EDGE_CURVE('',#5255,#5137,#5256,.T.);
#4238=EDGE_CURVE('',#5255,#5257,#5258,.T.);
#4239=EDGE_CURVE('',#5257,#5259,#5260,.T.);
#4240=EDGE_CURVE('',#5259,#5261,#5262,.T.);
#4241=EDGE_CURVE('',#5261,#5211,#5263,.T.);
#4242=EDGE_CURVE('',#5261,#5179,#5264,.T.);
#4243=EDGE_CURVE('',#5181,#5259,#5265,.T.);
#4244=EDGE_CURVE('',#5183,#5257,#5266,.T.);
#4245=EDGE_CURVE('',#5255,#5185,#5267,.T.);
#4246=EDGE_CURVE('',#5250,#5190,#5268,.T.);
#4247=EDGE_CURVE('',#5248,#5192,#5269,.T.);
#4248=EDGE_CURVE('',#5188,#5252,#5270,.T.);
#4249=EDGE_CURVE('',#5197,#5243,#5271,.T.);
#4250=EDGE_CURVE('',#5199,#5241,#5272,.T.);
#4251=EDGE_CURVE('',#5201,#5239,#5273,.T.);
#4252=COLOUR_RGB('',0.925490200519562,0.925490200519562,0.925490200519562);
#4253=CARTESIAN_POINT('',(0.752,-3.062502680099,0.25));
#4254=CARTESIAN_POINT('',(0.752,-3.062502680099,-0.25));
#4255=CARTESIAN_POINT('',(0.752,-3.062502680099,0.25));
#4256=VECTOR('',#5274,0.5);
#4257=CARTESIAN_POINT('',(0.752,-2.057517111232,0.25));
#4258=CARTESIAN_POINT('',(0.752,-2.057517111232,0.25));
#4259=VECTOR('',#5275,1.004985568867);
#4260=CARTESIAN_POINT('',(0.752,-2.057517111232,-0.25));
#4261=CARTESIAN_POINT('',(0.752,-2.057517111232,0.25));
#4262=VECTOR('',#5276,0.5);
#4263=CARTESIAN_POINT('',(0.752,-2.057517111232,-0.25));
#4264=VECTOR('',#5277,1.004985568867);
#4265=COLOUR_RGB('',0.925490200519562,0.925490200519562,0.925490200519562);
#4266=CARTESIAN_POINT('',(0.7285024945184,-3.182861604755,-0.25));
#4267=AXIS2_PLACEMENT_3D('',#5278,#5279,#5280);
#4268=CARTESIAN_POINT('',(0.7285024945184,-3.182861604755,0.25));
#4269=CARTESIAN_POINT('',(0.7285024945184,-3.182861604755,0.25));
#4270=VECTOR('',#5281,0.5);
#4271=AXIS2_PLACEMENT_3D('',#5282,#5283,#5284);
#4272=COLOUR_RGB('',0.925490200519562,0.925490200519562,0.925490200519562);
#4273=CARTESIAN_POINT('',(0.04699501096315,-4.861745571894,0.25));
#4274=CARTESIAN_POINT('',(0.0,-5.102463421206,0.25));
#4275=AXIS2_PLACEMENT_3D('',#5285,#5286,#5287);
#4276=CARTESIAN_POINT('',(0.0,-5.977517111232,0.25));
#4277=CARTESIAN_POINT('',(0.0,-5.102463421206,0.25));
#4278=VECTOR('',#5288,0.875053690026);
#4279=CARTESIAN_POINT('',(0.5,-5.977517111232,0.25));
#4280=CARTESIAN_POINT('',(0.0,-5.977517111232,0.25));
#4281=VECTOR('',#5289,0.5);
#4282=CARTESIAN_POINT('',(0.5,-5.1376045708862,0.25));
#4283=CARTESIAN_POINT('',(0.5,-5.977517111232,0.25));
#4284=VECTOR('',#5290,0.8399125403458);
#4285=CARTESIAN_POINT('',(0.5234975054816,-5.0172456462302,0.25));
#4286=AXIS2_PLACEMENT_3D('',#5291,#5292,#5293);
#4287=CARTESIAN_POINT('',(1.201004989037,-3.348215622049,0.25));
#4288=CARTESIAN_POINT('',(0.5234975054816,-5.0172456462302,0.25));
#4289=VECTOR('',#5294,1.80129886800908);
#4290=CARTESIAN_POINT('',(1.248,-3.107497772737,0.25));
#4291=AXIS2_PLACEMENT_3D('',#5295,#5296,#5297);
#4292=CARTESIAN_POINT('',(1.248,-2.057517111232,0.25));
#4293=CARTESIAN_POINT('',(1.248,-2.057517111232,0.25));
#4294=VECTOR('',#5298,1.049980661505);
#4295=CARTESIAN_POINT('',(1.248,-2.057517111232,0.25));
#4296=VECTOR('',#5299,0.496);
#4297=CARTESIAN_POINT('',(0.7285024945184,-3.182861604755,0.25));
#4298=VECTOR('',#5300,1.81193372540508);
#4299=COLOUR_RGB('',0.925490200519562,0.925490200519562,0.925490200519562);
#4300=CARTESIAN_POINT('',(0.0,-5.102463421206,-0.25));
#4301=CARTESIAN_POINT('',(0.04699501096315,-4.861745571894,-0.25));
#4302=AXIS2_PLACEMENT_3D('',#5301,#5302,#5303);
#4303=CARTESIAN_POINT('',(0.0,-5.102463421206,0.25));
#4304=VECTOR('',#5304,0.5);
#4305=CARTESIAN_POINT('',(0.04699501096315,-4.861745571894,0.25));
#4306=VECTOR('',#5305,0.5);
#4307=COLOUR_RGB('',0.925490200519562,0.925490200519562,0.925490200519562);
#4308=CARTESIAN_POINT('',(0.7285024945184,-3.182861604755,-0.25));
#4309=VECTOR('',#5306,1.81193372540508);
#4310=CARTESIAN_POINT('',(1.248,-2.057517111232,-0.25));
#4311=CARTESIAN_POINT('',(1.248,-2.057517111232,-0.25));
#4312=VECTOR('',#5307,0.496);
#4313=CARTESIAN_POINT('',(1.248,-3.107497772737,-0.25));
#4314=CARTESIAN_POINT('',(1.248,-2.057517111232,-0.25));
#4315=VECTOR('',#5308,1.049980661505);
#4316=CARTESIAN_POINT('',(1.201004989037,-3.348215622049,-0.25));
#4317=AXIS2_PLACEMENT_3D('',#5309,#5310,#5311);
#4318=CARTESIAN_POINT('',(0.5234975054816,-5.0172456462302,-0.25));
#4319=CARTESIAN_POINT('',(0.5234975054816,-5.0172456462302,-0.25));
#4320=VECTOR('',#5312,1.80129886800908);
#4321=CARTESIAN_POINT('',(0.5,-5.1376045708862,-0.25));
#4322=AXIS2_PLACEMENT_3D('',#5313,#5314,#5315);
#4323=CARTESIAN_POINT('',(0.5,-5.977517111232,-0.25));
#4324=CARTESIAN_POINT('',(0.5,-5.977517111232,-0.25));
#4325=VECTOR('',#5316,0.8399125403458);
#4326=CARTESIAN_POINT('',(0.0,-5.977517111232,-0.25));
#4327=CARTESIAN_POINT('',(0.0,-5.977517111232,-0.25));
#4328=VECTOR('',#5317,0.5);
#4329=CARTESIAN_POINT('',(0.0,-5.102463421206,-0.25));
#4330=VECTOR('',#5318,0.875053690026);
#4331=COLOUR_RGB('',0.925490200519562,0.925490200519562,0.925490200519562);
#4332=CARTESIAN_POINT('',(0.0,-5.977517111232,-0.25));
#4333=VECTOR('',#5319,0.5);
#4334=COLOUR_RGB('',0.925490200519562,0.925490200519562,0.925490200519562);
#4335=CARTESIAN_POINT('',(0.5,-5.977517111232,-0.25));
#4336=VECTOR('',#5320,0.5);
#4337=COLOUR_RGB('',0.925490200519562,0.925490200519562,0.925490200519562);
#4338=CARTESIAN_POINT('',(0.5,-5.1376045708862,-0.25));
#4339=VECTOR('',#5321,0.5);
#4340=COLOUR_RGB('',0.925490200519562,0.925490200519562,0.925490200519562);
#4341=CARTESIAN_POINT('',(0.5234975054816,-5.0172456462302,-0.25));
#4342=VECTOR('',#5322,0.5);
#4343=COLOUR_RGB('',0.925490200519562,0.925490200519562,0.925490200519562);
#4344=CARTESIAN_POINT('',(1.201004989037,-3.348215622049,-0.25));
#4345=VECTOR('',#5323,0.5);
#4346=COLOUR_RGB('',0.925490200519562,0.925490200519562,0.925490200519562);
#4347=CARTESIAN_POINT('',(1.248,-3.107497772737,-0.25));
#4348=VECTOR('',#5324,0.5);
#4349=COLOUR_RGB('',0.925490200519562,0.925490200519562,0.925490200519562);
#4350=CARTESIAN_POINT('',(1.248,-2.057517111232,0.25));
#4351=VECTOR('',#5325,0.5);
#4352=COLOUR_RGB('',0.925490200519562,0.925490200519562,0.925490200519562);
#4353=COLOUR_RGB('',1.0,0.807843148708344,0.458823531866074);
#4354=EDGE_CURVE('',#5326,#5327,#5328,.T.);
#4355=EDGE_CURVE('',#5326,#5329,#5330,.T.);
#4356=EDGE_CURVE('',#5329,#5331,#5332,.T.);
#4357=EDGE_CURVE('',#5327,#5331,#5333,.T.);
#4358=EDGE_CURVE('',#5334,#5335,#5336,.T.);
#4359=EDGE_CURVE('',#5334,#5337,#5338,.T.);
#4360=EDGE_CURVE('',#5339,#5337,#5340,.T.);
#4361=EDGE_CURVE('',#5335,#5339,#5341,.T.);
#4362=EDGE_CURVE('',#5342,#5343,#5344,.T.);
#4363=EDGE_CURVE('',#5345,#5342,#5346,.T.);
#4364=EDGE_CURVE('',#5347,#5345,#5348,.T.);
#4365=EDGE_CURVE('',#5347,#5343,#5349,.T.);
#4366=EDGE_CURVE('',#5350,#5351,#5352,.T.);
#4367=EDGE_CURVE('',#5350,#5353,#5354,.T.);
#4368=EDGE_CURVE('',#5355,#5353,#5356,.T.);
#4369=EDGE_CURVE('',#5351,#5355,#5357,.T.);
#4370=EDGE_CURVE('',#5358,#5359,#5360,.T.);
#4371=EDGE_CURVE('',#5359,#5361,#5362,.T.);
#4372=EDGE_CURVE('',#5361,#5363,#5364,.T.);
#4373=EDGE_CURVE('',#5365,#5363,#5366,.T.);
#4374=EDGE_CURVE('',#5367,#5365,#5368,.T.);
#4375=EDGE_CURVE('',#5369,#5367,#5370,.T.);
#4376=EDGE_CURVE('',#5371,#5369,#5372,.T.);
#4377=EDGE_CURVE('',#5373,#5371,#5374,.T.);
#4378=EDGE_CURVE('',#5375,#5373,#5376,.T.);
#4379=EDGE_CURVE('',#5375,#5377,#5378,.T.);
#4380=EDGE_CURVE('',#5377,#5379,#5380,.T.);
#4381=EDGE_CURVE('',#5379,#5381,#5382,.T.);
#4382=EDGE_CURVE('',#5383,#5381,#5384,.T.);
#4383=EDGE_CURVE('',#5385,#5383,#5386,.T.);
#4384=EDGE_CURVE('',#5387,#5385,#5388,.T.);
#4385=EDGE_CURVE('',#5337,#5387,#5389,.T.);
#4386=EDGE_CURVE('',#5390,#5334,#5391,.T.);
#4387=EDGE_CURVE('',#5392,#5390,#5393,.T.);
#4388=EDGE_CURVE('',#5394,#5392,#5395,.T.);
#4389=EDGE_CURVE('',#5394,#5342,#5396,.T.);
#4390=EDGE_CURVE('',#5329,#5343,#5397,.T.);
#4391=EDGE_CURVE('',#5355,#5326,#5398,.T.);
#4392=EDGE_CURVE('',#5399,#5353,#5400,.T.);
#4393=EDGE_CURVE('',#5401,#5399,#5402,.T.);
#4394=EDGE_CURVE('',#5403,#5401,#5404,.T.);
#4395=EDGE_CURVE('',#5403,#5358,#5405,.T.);
#4396=EDGE_CURVE('',#5358,#5406,#5407,.T.);
#4397=EDGE_CURVE('',#5406,#5408,#5409,.T.);
#4398=EDGE_CURVE('',#5408,#5359,#5410,.T.);
#4399=EDGE_CURVE('',#5377,#5411,#5412,.T.);
#4400=EDGE_CURVE('',#5411,#5413,#5414,.T.);
#4401=EDGE_CURVE('',#5413,#5379,#5415,.T.);
#4402=EDGE_CURVE('',#5416,#5408,#5417,.T.);
#4403=EDGE_CURVE('',#5416,#5361,#5418,.T.);
#4404=EDGE_CURVE('',#5416,#5419,#5420,.T.);
#4405=EDGE_CURVE('',#5363,#5419,#5421,.T.);
#4406=EDGE_CURVE('',#5422,#5419,#5423,.T.);
#4407=EDGE_CURVE('',#5365,#5422,#5424,.T.);
#4408=EDGE_CURVE('',#5425,#5422,#5426,.T.);
#4409=EDGE_CURVE('',#5367,#5425,#5427,.T.);
#4410=EDGE_CURVE('',#5428,#5425,#5429,.T.);
#4411=EDGE_CURVE('',#5369,#5428,#5430,.T.);
#4412=EDGE_CURVE('',#5431,#5428,#5432,.T.);
#4413=EDGE_CURVE('',#5371,#5431,#5433,.T.);
#4414=EDGE_CURVE('',#5434,#5431,#5435,.T.);
#4415=EDGE_CURVE('',#5373,#5434,#5436,.T.);
#4416=EDGE_CURVE('',#5375,#5437,#5438,.T.);
#4417=EDGE_CURVE('',#5437,#5434,#5439,.T.);
#4418=EDGE_CURVE('',#5411,#5437,#5440,.T.);
#4419=EDGE_CURVE('',#5406,#5441,#5442,.T.);
#4420=EDGE_CURVE('',#5441,#5443,#5444,.T.);
#4421=EDGE_CURVE('',#5443,#5445,#5446,.T.);
#4422=EDGE_CURVE('',#5445,#5350,#5447,.T.);
#4423=EDGE_CURVE('',#5351,#5327,#5448,.T.);
#4424=EDGE_CURVE('',#5331,#5347,#5449,.T.);
#4425=EDGE_CURVE('',#5345,#5450,#5451,.T.);
#4426=EDGE_CURVE('',#5452,#5450,#5453,.T.);
#4427=EDGE_CURVE('',#5452,#5454,#5455,.T.);
#4428=EDGE_CURVE('',#5454,#5335,#5456,.T.);
#4429=EDGE_CURVE('',#5457,#5339,#5458,.T.);
#4430=EDGE_CURVE('',#5457,#5459,#5460,.T.);
#4431=EDGE_CURVE('',#5459,#5461,#5462,.T.);
#4432=EDGE_CURVE('',#5461,#5463,#5464,.T.);
#4433=EDGE_CURVE('',#5463,#5413,#5465,.T.);
#4434=EDGE_CURVE('',#5463,#5381,#5466,.T.);
#4435=EDGE_CURVE('',#5383,#5461,#5467,.T.);
#4436=EDGE_CURVE('',#5385,#5459,#5468,.T.);
#4437=EDGE_CURVE('',#5457,#5387,#5469,.T.);
#4438=EDGE_CURVE('',#5452,#5392,#5470,.T.);
#4439=EDGE_CURVE('',#5450,#5394,#5471,.T.);
#4440=EDGE_CURVE('',#5390,#5454,#5472,.T.);
#4441=EDGE_CURVE('',#5399,#5445,#5473,.T.);
#4442=EDGE_CURVE('',#5401,#5443,#5474,.T.);
#4443=EDGE_CURVE('',#5403,#5441,#5475,.T.);
#4444=COLOUR_RGB('',0.925490200519562,0.925490200519562,0.925490200519562);
#4445=CARTESIAN_POINT('',(0.752,-3.062502680099,-1.75));
#4446=CARTESIAN_POINT('',(0.752,-3.062502680099,-2.25));
#4447=CARTESIAN_POINT('',(0.752,-3.062502680099,-1.75));
#4448=VECTOR('',#5476,0.5);
#4449=CARTESIAN_POINT('',(0.752,-2.057517111232,-1.75));
#4450=CARTESIAN_POINT('',(0.752,-2.057517111232,-1.75));
#4451=VECTOR('',#5477,1.004985568867);
#4452=CARTESIAN_POINT('',(0.752,-2.057517111232,-2.25));
#4453=CARTESIAN_POINT('',(0.752,-2.057517111232,-1.75));
#4454=VECTOR('',#5478,0.5);
#4455=CARTESIAN_POINT('',(0.752,-2.057517111232,-2.25));
#4456=VECTOR('',#5479,1.004985568867);
#4457=COLOUR_RGB('',0.925490200519562,0.925490200519562,0.925490200519562);
#4458=CARTESIAN_POINT('',(0.7285024945184,-3.182861604755,-2.25));
#4459=AXIS2_PLACEMENT_3D('',#5480,#5481,#5482);
#4460=CARTESIAN_POINT('',(0.7285024945184,-3.182861604755,-1.75));
#4461=CARTESIAN_POINT('',(0.7285024945184,-3.182861604755,-1.75));
#4462=VECTOR('',#5483,0.5);
#4463=AXIS2_PLACEMENT_3D('',#5484,#5485,#5486);
#4464=COLOUR_RGB('',0.925490200519562,0.925490200519562,0.925490200519562);
#4465=CARTESIAN_POINT('',(0.04699501096315,-4.861745571894,-1.75));
#4466=CARTESIAN_POINT('',(0.0,-5.102463421206,-1.75));
#4467=AXIS2_PLACEMENT_3D('',#5487,#5488,#5489);
#4468=CARTESIAN_POINT('',(0.0,-5.977517111232,-1.75));
#4469=CARTESIAN_POINT('',(0.0,-5.102463421206,-1.75));
#4470=VECTOR('',#5490,0.875053690026);
#4471=CARTESIAN_POINT('',(0.5,-5.977517111232,-1.75));
#4472=CARTESIAN_POINT('',(0.0,-5.977517111232,-1.75));
#4473=VECTOR('',#5491,0.5);
#4474=CARTESIAN_POINT('',(0.5,-5.1376045708862,-1.75));
#4475=CARTESIAN_POINT('',(0.5,-5.977517111232,-1.75));
#4476=VECTOR('',#5492,0.8399125403458);
#4477=CARTESIAN_POINT('',(0.5234975054816,-5.0172456462302,-1.75));
#4478=AXIS2_PLACEMENT_3D('',#5493,#5494,#5495);
#4479=CARTESIAN_POINT('',(1.201004989037,-3.348215622049,-1.75));
#4480=CARTESIAN_POINT('',(0.5234975054816,-5.0172456462302,-1.75));
#4481=VECTOR('',#5496,1.80129886800908);
#4482=CARTESIAN_POINT('',(1.248,-3.107497772737,-1.75));
#4483=AXIS2_PLACEMENT_3D('',#5497,#5498,#5499);
#4484=CARTESIAN_POINT('',(1.248,-2.057517111232,-1.75));
#4485=CARTESIAN_POINT('',(1.248,-2.057517111232,-1.75));
#4486=VECTOR('',#5500,1.049980661505);
#4487=CARTESIAN_POINT('',(1.248,-2.057517111232,-1.75));
#4488=VECTOR('',#5501,0.496);
#4489=CARTESIAN_POINT('',(0.7285024945184,-3.182861604755,-1.75));
#4490=VECTOR('',#5502,1.81193372540508);
#4491=COLOUR_RGB('',0.925490200519562,0.925490200519562,0.925490200519562);
#4492=CARTESIAN_POINT('',(0.0,-5.102463421206,-2.25));
#4493=CARTESIAN_POINT('',(0.04699501096315,-4.861745571894,-2.25));
#4494=AXIS2_PLACEMENT_3D('',#5503,#5504,#5505);
#4495=CARTESIAN_POINT('',(0.0,-5.102463421206,-1.75));
#4496=VECTOR('',#5506,0.5);
#4497=CARTESIAN_POINT('',(0.04699501096315,-4.861745571894,-1.75));
#4498=VECTOR('',#5507,0.5);
#4499=COLOUR_RGB('',0.925490200519562,0.925490200519562,0.925490200519562);
#4500=CARTESIAN_POINT('',(0.7285024945184,-3.182861604755,-2.25));
#4501=VECTOR('',#5508,1.81193372540508);
#4502=CARTESIAN_POINT('',(1.248,-2.057517111232,-2.25));
#4503=CARTESIAN_POINT('',(1.248,-2.057517111232,-2.25));
#4504=VECTOR('',#5509,0.496);
#4505=CARTESIAN_POINT('',(1.248,-3.107497772737,-2.25));
#4506=CARTESIAN_POINT('',(1.248,-2.057517111232,-2.25));
#4507=VECTOR('',#5510,1.049980661505);
#4508=CARTESIAN_POINT('',(1.201004989037,-3.348215622049,-2.25));
#4509=AXIS2_PLACEMENT_3D('',#5511,#5512,#5513);
#4510=CARTESIAN_POINT('',(0.5234975054816,-5.0172456462302,-2.25));
#4511=CARTESIAN_POINT('',(0.5234975054816,-5.0172456462302,-2.25));
#4512=VECTOR('',#5514,1.80129886800908);
#4513=CARTESIAN_POINT('',(0.5,-5.1376045708862,-2.25));
#4514=AXIS2_PLACEMENT_3D('',#5515,#5516,#5517);
#4515=CARTESIAN_POINT('',(0.5,-5.977517111232,-2.25));
#4516=CARTESIAN_POINT('',(0.5,-5.977517111232,-2.25));
#4517=VECTOR('',#5518,0.8399125403458);
#4518=CARTESIAN_POINT('',(0.0,-5.977517111232,-2.25));
#4519=CARTESIAN_POINT('',(0.0,-5.977517111232,-2.25));
#4520=VECTOR('',#5519,0.5);
#4521=CARTESIAN_POINT('',(0.0,-5.102463421206,-2.25));
#4522=VECTOR('',#5520,0.875053690026);
#4523=COLOUR_RGB('',0.925490200519562,0.925490200519562,0.925490200519562);
#4524=CARTESIAN_POINT('',(0.0,-5.977517111232,-2.25));
#4525=VECTOR('',#5521,0.5);
#4526=COLOUR_RGB('',0.925490200519562,0.925490200519562,0.925490200519562);
#4527=CARTESIAN_POINT('',(0.5,-5.977517111232,-2.25));
#4528=VECTOR('',#5522,0.5);
#4529=COLOUR_RGB('',0.925490200519562,0.925490200519562,0.925490200519562);
#4530=CARTESIAN_POINT('',(0.5,-5.1376045708862,-2.25));
#4531=VECTOR('',#5523,0.5);
#4532=COLOUR_RGB('',0.925490200519562,0.925490200519562,0.925490200519562);
#4533=CARTESIAN_POINT('',(0.5234975054816,-5.0172456462302,-2.25));
#4534=VECTOR('',#5524,0.5);
#4535=COLOUR_RGB('',0.925490200519562,0.925490200519562,0.925490200519562);
#4536=CARTESIAN_POINT('',(1.201004989037,-3.348215622049,-2.25));
#4537=VECTOR('',#5525,0.5);
#4538=COLOUR_RGB('',0.925490200519562,0.925490200519562,0.925490200519562);
#4539=CARTESIAN_POINT('',(1.248,-3.107497772737,-2.25));
#4540=VECTOR('',#5526,0.5);
#4541=COLOUR_RGB('',0.925490200519562,0.925490200519562,0.925490200519562);
#4542=CARTESIAN_POINT('',(1.248,-2.057517111232,-1.75));
#4543=VECTOR('',#5527,0.5);
#4544=COLOUR_RGB('',0.925490200519562,0.925490200519562,0.925490200519562);
#4545=COLOUR_RGB('',1.0,0.807843148708344,0.458823531866074);
#4546=EDGE_CURVE('',#5528,#5529,#5530,.T.);
#4547=EDGE_CURVE('',#5528,#5531,#5532,.T.);
#4548=EDGE_CURVE('',#5531,#5533,#5534,.T.);
#4549=EDGE_CURVE('',#5529,#5533,#5535,.T.);
#4550=EDGE_CURVE('',#5536,#5537,#5538,.T.);
#4551=EDGE_CURVE('',#5536,#5539,#5540,.T.);
#4552=EDGE_CURVE('',#5541,#5539,#5542,.T.);
#4553=EDGE_CURVE('',#5537,#5541,#5543,.T.);
#4554=EDGE_CURVE('',#5544,#5545,#5546,.T.);
#4555=EDGE_CURVE('',#5547,#5544,#5548,.T.);
#4556=EDGE_CURVE('',#5549,#5547,#5550,.T.);
#4557=EDGE_CURVE('',#5549,#5545,#5551,.T.);
#4558=EDGE_CURVE('',#5552,#5553,#5554,.T.);
#4559=EDGE_CURVE('',#5552,#5555,#5556,.T.);
#4560=EDGE_CURVE('',#5557,#5555,#5558,.T.);
#4561=EDGE_CURVE('',#5553,#5557,#5559,.T.);
#4562=EDGE_CURVE('',#5560,#5561,#5562,.T.);
#4563=EDGE_CURVE('',#5561,#5563,#5564,.T.);
#4564=EDGE_CURVE('',#5563,#5565,#5566,.T.);
#4565=EDGE_CURVE('',#5567,#5565,#5568,.T.);
#4566=EDGE_CURVE('',#5569,#5567,#5570,.T.);
#4567=EDGE_CURVE('',#5571,#5569,#5572,.T.);
#4568=EDGE_CURVE('',#5573,#5571,#5574,.T.);
#4569=EDGE_CURVE('',#5575,#5573,#5576,.T.);
#4570=EDGE_CURVE('',#5577,#5575,#5578,.T.);
#4571=EDGE_CURVE('',#5577,#5579,#5580,.T.);
#4572=EDGE_CURVE('',#5579,#5581,#5582,.T.);
#4573=EDGE_CURVE('',#5581,#5583,#5584,.T.);
#4574=EDGE_CURVE('',#5585,#5583,#5586,.T.);
#4575=EDGE_CURVE('',#5587,#5585,#5588,.T.);
#4576=EDGE_CURVE('',#5589,#5587,#5590,.T.);
#4577=EDGE_CURVE('',#5539,#5589,#5591,.T.);
#4578=EDGE_CURVE('',#5592,#5536,#5593,.T.);
#4579=EDGE_CURVE('',#5594,#5592,#5595,.T.);
#4580=EDGE_CURVE('',#5596,#5594,#5597,.T.);
#4581=EDGE_CURVE('',#5596,#5544,#5598,.T.);
#4582=EDGE_CURVE('',#5531,#5545,#5599,.T.);
#4583=EDGE_CURVE('',#5557,#5528,#5600,.T.);
#4584=EDGE_CURVE('',#5601,#5555,#5602,.T.);
#4585=EDGE_CURVE('',#5603,#5601,#5604,.T.);
#4586=EDGE_CURVE('',#5605,#5603,#5606,.T.);
#4587=EDGE_CURVE('',#5605,#5560,#5607,.T.);
#4588=EDGE_CURVE('',#5560,#5608,#5609,.T.);
#4589=EDGE_CURVE('',#5608,#5610,#5611,.T.);
#4590=EDGE_CURVE('',#5610,#5561,#5612,.T.);
#4591=EDGE_CURVE('',#5579,#5613,#5614,.T.);
#4592=EDGE_CURVE('',#5613,#5615,#5616,.T.);
#4593=EDGE_CURVE('',#5615,#5581,#5617,.T.);
#4594=EDGE_CURVE('',#5618,#5610,#5619,.T.);
#4595=EDGE_CURVE('',#5618,#5563,#5620,.T.);
#4596=EDGE_CURVE('',#5618,#5621,#5622,.T.);
#4597=EDGE_CURVE('',#5565,#5621,#5623,.T.);
#4598=EDGE_CURVE('',#5624,#5621,#5625,.T.);
#4599=EDGE_CURVE('',#5567,#5624,#5626,.T.);
#4600=EDGE_CURVE('',#5627,#5624,#5628,.T.);
#4601=EDGE_CURVE('',#5569,#5627,#5629,.T.);
#4602=EDGE_CURVE('',#5630,#5627,#5631,.T.);
#4603=EDGE_CURVE('',#5571,#5630,#5632,.T.);
#4604=EDGE_CURVE('',#5633,#5630,#5634,.T.);
#4605=EDGE_CURVE('',#5573,#5633,#5635,.T.);
#4606=EDGE_CURVE('',#5636,#5633,#5637,.T.);
#4607=EDGE_CURVE('',#5575,#5636,#5638,.T.);
#4608=EDGE_CURVE('',#5577,#5639,#5640,.T.);
#4609=EDGE_CURVE('',#5639,#5636,#5641,.T.);
#4610=EDGE_CURVE('',#5613,#5639,#5642,.T.);
#4611=EDGE_CURVE('',#5608,#5643,#5644,.T.);
#4612=EDGE_CURVE('',#5643,#5645,#5646,.T.);
#4613=EDGE_CURVE('',#5645,#5647,#5648,.T.);
#4614=EDGE_CURVE('',#5647,#5552,#5649,.T.);
#4615=EDGE_CURVE('',#5553,#5529,#5650,.T.);
#4616=EDGE_CURVE('',#5533,#5549,#5651,.T.);
#4617=EDGE_CURVE('',#5547,#5652,#5653,.T.);
#4618=EDGE_CURVE('',#5654,#5652,#5655,.T.);
#4619=EDGE_CURVE('',#5654,#5656,#5657,.T.);
#4620=EDGE_CURVE('',#5656,#5537,#5658,.T.);
#4621=EDGE_CURVE('',#5659,#5541,#5660,.T.);
#4622=EDGE_CURVE('',#5659,#5661,#5662,.T.);
#4623=EDGE_CURVE('',#5661,#5663,#5664,.T.);
#4624=EDGE_CURVE('',#5663,#5665,#5666,.T.);
#4625=EDGE_CURVE('',#5665,#5615,#5667,.T.);
#4626=EDGE_CURVE('',#5665,#5583,#5668,.T.);
#4627=EDGE_CURVE('',#5585,#5663,#5669,.T.);
#4628=EDGE_CURVE('',#5587,#5661,#5670,.T.);
#4629=EDGE_CURVE('',#5659,#5589,#5671,.T.);
#4630=EDGE_CURVE('',#5654,#5594,#5672,.T.);
#4631=EDGE_CURVE('',#5652,#5596,#5673,.T.);
#4632=EDGE_CURVE('',#5592,#5656,#5674,.T.);
#4633=EDGE_CURVE('',#5601,#5647,#5675,.T.);
#4634=EDGE_CURVE('',#5603,#5645,#5676,.T.);
#4635=EDGE_CURVE('',#5605,#5643,#5677,.T.);
#4636=VERTEX_POINT('',#5678);
#4637=VERTEX_POINT('',#5679);
#4638=LINE('',#5680,#5681);
#4639=VERTEX_POINT('',#5682);
#4640=CIRCLE('',#5683,0.15);
#4641=VERTEX_POINT('',#5684);
#4642=LINE('',#5685,#5686);
#4643=VERTEX_POINT('',#5687);
#4644=LINE('',#5688,#5689);
#4645=VERTEX_POINT('',#5690);
#4646=LINE('',#5691,#5692);
#4647=VERTEX_POINT('',#5693);
#4648=CIRCLE('',#5694,0.15);
#4649=VERTEX_POINT('',#5695);
#4650=LINE('',#5696,#5697);
#4651=VERTEX_POINT('',#5698);
#4652=CIRCLE('',#5699,0.15);
#4653=VERTEX_POINT('',#5700);
#4654=LINE('',#5701,#5702);
#4655=VERTEX_POINT('',#5703);
#4656=LINE('',#5704,#5705);
#4657=VERTEX_POINT('',#5706);
#4658=LINE('',#5707,#5708);
#4659=VERTEX_POINT('',#5709);
#4660=CIRCLE('',#5710,0.15);
#4661=VERTEX_POINT('',#5711);
#4662=LINE('',#5712,#5713);
#4663=VERTEX_POINT('',#5714);
#4664=CIRCLE('',#5715,0.15);
#4665=VERTEX_POINT('',#5716);
#4666=LINE('',#5717,#5718);
#4667=VERTEX_POINT('',#5719);
#4668=LINE('',#5720,#5721);
#4669=VERTEX_POINT('',#5722);
#4670=LINE('',#5723,#5724);
#4671=VERTEX_POINT('',#5725);
#4672=LINE('',#5726,#5727);
#4673=VERTEX_POINT('',#5728);
#4674=LINE('',#5729,#5730);
#4675=VERTEX_POINT('',#5731);
#4676=LINE('',#5732,#5733);
#4677=VERTEX_POINT('',#5734);
#4678=LINE('',#5735,#5736);
#4679=CIRCLE('',#5737,0.15);
#4680=VERTEX_POINT('',#5738);
#4681=LINE('',#5739,#5740);
#4682=VERTEX_POINT('',#5741);
#4683=LINE('',#5742,#5743);
#4684=LINE('',#5744,#5745);
#4685=VERTEX_POINT('',#5746);
#4686=VERTEX_POINT('',#5747);
#4687=LINE('',#5748,#5749);
#4688=VERTEX_POINT('',#5750);
#4689=LINE('',#5751,#5752);
#4690=VERTEX_POINT('',#5753);
#4691=LINE('',#5754,#5755);
#4692=LINE('',#5756,#5757);
#4693=VERTEX_POINT('',#5758);
#4694=CIRCLE('',#5759,0.15);
#4695=LINE('',#5760,#5761);
#4696=VERTEX_POINT('',#5762);
#4697=LINE('',#5763,#5764);
#4698=LINE('',#5765,#5766);
#4699=VERTEX_POINT('',#5767);
#4700=VERTEX_POINT('',#5768);
#4701=LINE('',#5769,#5770);
#4702=VERTEX_POINT('',#5771);
#4703=LINE('',#5772,#5773);
#4704=VERTEX_POINT('',#5774);
#4705=LINE('',#5775,#5776);
#4706=LINE('',#5777,#5778);
#4707=VERTEX_POINT('',#5779);
#4708=LINE('',#5780,#5781);
#4709=VERTEX_POINT('',#5782);
#4710=LINE('',#5783,#5784);
#4711=LINE('',#5785,#5786);
#4712=VERTEX_POINT('',#5787);
#4713=VERTEX_POINT('',#5788);
#4714=LINE('',#5789,#5790);
#4715=VERTEX_POINT('',#5791);
#4716=LINE('',#5792,#5793);
#4717=VERTEX_POINT('',#5794);
#4718=LINE('',#5795,#5796);
#4719=LINE('',#5797,#5798);
#4720=VERTEX_POINT('',#5799);
#4721=LINE('',#5800,#5801);
#4722=VERTEX_POINT('',#5802);
#4723=LINE('',#5803,#5804);
#4724=LINE('',#5805,#5806);
#4725=VERTEX_POINT('',#5807);
#4726=VERTEX_POINT('',#5808);
#4727=LINE('',#5809,#5810);
#4728=VERTEX_POINT('',#5811);
#4729=LINE('',#5812,#5813);
#4730=VERTEX_POINT('',#5814);
#4731=LINE('',#5815,#5816);
#4732=LINE('',#5817,#5818);
#4733=VERTEX_POINT('',#5819);
#4734=LINE('',#5820,#5821);
#4735=VERTEX_POINT('',#5822);
#4736=LINE('',#5823,#5824);
#4737=LINE('',#5825,#5826);
#4738=VERTEX_POINT('',#5827);
#4739=VERTEX_POINT('',#5828);
#4740=LINE('',#5829,#5830);
#4741=VERTEX_POINT('',#5831);
#4742=LINE('',#5832,#5833);
#4743=VERTEX_POINT('',#5834);
#4744=LINE('',#5835,#5836);
#4745=LINE('',#5837,#5838);
#4746=VERTEX_POINT('',#5839);
#4747=LINE('',#5840,#5841);
#4748=LINE('',#5842,#5843);
#4749=VERTEX_POINT('',#5844);
#4750=LINE('',#5845,#5846);
#4751=VERTEX_POINT('',#5847);
#4752=LINE('',#5848,#5849);
#4753=LINE('',#5850,#5851);
#4754=VERTEX_POINT('',#5852);
#4755=LINE('',#5853,#5854);
#4756=LINE('',#5855,#5856);
#4757=VERTEX_POINT('',#5857);
#4758=VERTEX_POINT('',#5858);
#4759=LINE('',#5859,#5860);
#4760=LINE('',#5861,#5862);
#4761=LINE('',#5863,#5864);
#4762=VERTEX_POINT('',#5865);
#4763=LINE('',#5866,#5867);
#4764=CIRCLE('',#5868,0.15);
#4765=VERTEX_POINT('',#5869);
#4766=LINE('',#5870,#5871);
#4767=LINE('',#5872,#5873);
#4768=VERTEX_POINT('',#5874);
#4769=VERTEX_POINT('',#5875);
#4770=LINE('',#5876,#5877);
#4771=VERTEX_POINT('',#5878);
#4772=LINE('',#5879,#5880);
#4773=VERTEX_POINT('',#5881);
#4774=LINE('',#5882,#5883);
#4775=LINE('',#5884,#5885);
#4776=VERTEX_POINT('',#5886);
#4777=LINE('',#5887,#5888);
#4778=VERTEX_POINT('',#5889);
#4779=LINE('',#5890,#5891);
#4780=VERTEX_POINT('',#5892);
#4781=LINE('',#5893,#5894);
#4782=LINE('',#5895,#5896);
#4783=VERTEX_POINT('',#5897);
#4784=CIRCLE('',#5898,0.15);
#4785=LINE('',#5899,#5900);
#4786=VERTEX_POINT('',#5901);
#4787=LINE('',#5902,#5903);
#4788=VERTEX_POINT('',#5904);
#4789=CIRCLE('',#5905,0.15);
#4790=VERTEX_POINT('',#5906);
#4791=LINE('',#5907,#5908);
#4792=VERTEX_POINT('',#5909);
#4793=CIRCLE('',#5910,0.15);
#4794=LINE('',#5911,#5912);
#4795=CIRCLE('',#5913,0.15);
#4796=LINE('',#5914,#5915);
#4797=VERTEX_POINT('',#5916);
#4798=VERTEX_POINT('',#5917);
#4799=LINE('',#5918,#5919);
#4800=LINE('',#5920,#5921);
#4801=LINE('',#5922,#5923);
#4802=CIRCLE('',#5924,0.15);
#4803=CIRCLE('',#5925,0.15);
#4804=VERTEX_POINT('',#5926);
#4805=LINE('',#5927,#5928);
#4806=VERTEX_POINT('',#5929);
#4807=CIRCLE('',#5930,0.15);
#4808=VERTEX_POINT('',#5931);
#4809=LINE('',#5932,#5933);
#4810=VERTEX_POINT('',#5934);
#4811=CIRCLE('',#5935,0.15);
#4812=LINE('',#5936,#5937);
#4813=VERTEX_POINT('',#5938);
#4814=LINE('',#5939,#5940);
#4815=CIRCLE('',#5941,0.15);
#4816=CIRCLE('',#5942,0.15);
#4817=VERTEX_POINT('',#5943);
#4818=LINE('',#5944,#5945);
#4819=VERTEX_POINT('',#5946);
#4820=LINE('',#5947,#5948);
#4821=LINE('',#5949,#5950);
#4822=CIRCLE('',#5951,0.15);
#4823=CIRCLE('',#5952,0.15);
#4824=VERTEX_POINT('',#5953);
#4825=LINE('',#5954,#5955);
#4826=VERTEX_POINT('',#5956);
#4827=LINE('',#5957,#5958);
#4828=LINE('',#5959,#5960);
#4829=CIRCLE('',#5961,0.15);
#4830=VERTEX_POINT('',#5962);
#4831=CIRCLE('',#5963,0.15);
#4832=LINE('',#5964,#5965);
#4833=VERTEX_POINT('',#5966);
#4834=LINE('',#5967,#5968);
#4835=VERTEX_POINT('',#5969);
#4836=CIRCLE('',#5970,0.15);
#4837=VERTEX_POINT('',#5971);
#4838=LINE('',#5972,#5973);
#4839=VERTEX_POINT('',#5974);
#4840=CIRCLE('',#5975,0.15);
#4841=LINE('',#5976,#5977);
#4842=LINE('',#5978,#5979);
#4843=LINE('',#5980,#5981);
#4844=LINE('',#5982,#5983);
#4845=LINE('',#5984,#5985);
#4846=LINE('',#5986,#5987);
#4847=LINE('',#5988,#5989);
#4848=LINE('',#5990,#5991);
#4849=LINE('',#5992,#5993);
#4850=LINE('',#5994,#5995);
#4851=LINE('',#5996,#5997);
#4852=LINE('',#5998,#5999);
#4853=LINE('',#6000,#6001);
#4854=LINE('',#6002,#6003);
#4855=VERTEX_POINT('',#6004);
#4856=VERTEX_POINT('',#6005);
#4857=LINE('',#6006,#6007);
#4858=VERTEX_POINT('',#6008);
#4859=LINE('',#6009,#6010);
#4860=VERTEX_POINT('',#6011);
#4861=LINE('',#6012,#6013);
#4862=LINE('',#6014,#6015);
#4863=VERTEX_POINT('',#6016);
#4864=VERTEX_POINT('',#6017);
#4865=LINE('',#6018,#6019);
#4866=VERTEX_POINT('',#6020);
#4867=LINE('',#6021,#6022);
#4868=VERTEX_POINT('',#6023);
#4869=LINE('',#6024,#6025);
#4870=LINE('',#6026,#6027);
#4871=VERTEX_POINT('',#6028);
#4872=VERTEX_POINT('',#6029);
#4873=LINE('',#6030,#6031);
#4874=VERTEX_POINT('',#6032);
#4875=LINE('',#6033,#6034);
#4876=VERTEX_POINT('',#6035);
#4877=LINE('',#6036,#6037);
#4878=LINE('',#6038,#6039);
#4879=LINE('',#6040,#6041);
#4880=VERTEX_POINT('',#6042);
#4881=VERTEX_POINT('',#6043);
#4882=LINE('',#6044,#6045);
#4883=VERTEX_POINT('',#6046);
#4884=LINE('',#6047,#6048);
#4885=VERTEX_POINT('',#6049);
#4886=LINE('',#6050,#6051);
#4887=VERTEX_POINT('',#6052);
#4888=LINE('',#6053,#6054);
#4889=VERTEX_POINT('',#6055);
#4890=LINE('',#6056,#6057);
#4891=VERTEX_POINT('',#6058);
#4892=LINE('',#6059,#6060);
#4893=VERTEX_POINT('',#6061);
#4894=LINE('',#6062,#6063);
#4895=VERTEX_POINT('',#6064);
#4896=LINE('',#6065,#6066);
#4897=VERTEX_POINT('',#6067);
#4898=LINE('',#6068,#6069);
#4899=VERTEX_POINT('',#6070);
#4900=LINE('',#6071,#6072);
#4901=VERTEX_POINT('',#6073);
#4902=LINE('',#6074,#6075);
#4903=LINE('',#6076,#6077);
#4904=VERTEX_POINT('',#6078);
#4905=VERTEX_POINT('',#6079);
#4906=LINE('',#6080,#6081);
#4907=VERTEX_POINT('',#6082);
#4908=LINE('',#6083,#6084);
#4909=VERTEX_POINT('',#6085);
#4910=LINE('',#6086,#6087);
#4911=VERTEX_POINT('',#6088);
#4912=LINE('',#6089,#6090);
#4913=VERTEX_POINT('',#6091);
#4914=LINE('',#6092,#6093);
#4915=VERTEX_POINT('',#6094);
#4916=LINE('',#6095,#6096);
#4917=VERTEX_POINT('',#6097);
#4918=LINE('',#6098,#6099);
#4919=VERTEX_POINT('',#6100);
#4920=LINE('',#6101,#6102);
#4921=VERTEX_POINT('',#6103);
#4922=LINE('',#6104,#6105);
#4923=VERTEX_POINT('',#6106);
#4924=LINE('',#6107,#6108);
#4925=VERTEX_POINT('',#6109);
#4926=LINE('',#6110,#6111);
#4927=LINE('',#6112,#6113);
#4928=VERTEX_POINT('',#6114);
#4929=VERTEX_POINT('',#6115);
#4930=LINE('',#6116,#6117);
#4931=VERTEX_POINT('',#6118);
#4932=LINE('',#6119,#6120);
#4933=VERTEX_POINT('',#6121);
#4934=LINE('',#6122,#6123);
#4935=VERTEX_POINT('',#6124);
#4936=LINE('',#6125,#6126);
#4937=VERTEX_POINT('',#6127);
#4938=LINE('',#6128,#6129);
#4939=VERTEX_POINT('',#6130);
#4940=LINE('',#6131,#6132);
#4941=VERTEX_POINT('',#6133);
#4942=LINE('',#6134,#6135);
#4943=VERTEX_POINT('',#6136);
#4944=LINE('',#6137,#6138);
#4945=VERTEX_POINT('',#6139);
#4946=LINE('',#6140,#6141);
#4947=VERTEX_POINT('',#6142);
#4948=LINE('',#6143,#6144);
#4949=VERTEX_POINT('',#6145);
#4950=LINE('',#6146,#6147);
#4951=LINE('',#6148,#6149);
#4952=VERTEX_POINT('',#6150);
#4953=VERTEX_POINT('',#6151);
#4954=LINE('',#6152,#6153);
#4955=LINE('',#6154,#6155);
#4956=VERTEX_POINT('',#6156);
#4957=LINE('',#6157,#6158);
#4958=VERTEX_POINT('',#6159);
#4959=LINE('',#6160,#6161);
#4960=LINE('',#6162,#6163);
#4961=LINE('',#6164,#6165);
#4962=VERTEX_POINT('',#6166);
#4963=LINE('',#6167,#6168);
#4964=VERTEX_POINT('',#6169);
#4965=LINE('',#6170,#6171);
#4966=LINE('',#6172,#6173);
#4967=VERTEX_POINT('',#6174);
#4968=VERTEX_POINT('',#6175);
#4969=LINE('',#6176,#6177);
#4970=VERTEX_POINT('',#6178);
#4971=LINE('',#6179,#6180);
#4972=VERTEX_POINT('',#6181);
#4973=LINE('',#6182,#6183);
#4974=LINE('',#6184,#6185);
#4975=LINE('',#6186,#6187);
#4976=LINE('',#6188,#6189);
#4977=LINE('',#6190,#6191);
#4978=LINE('',#6192,#6193);
#4979=LINE('',#6194,#6195);
#4980=LINE('',#6196,#6197);
#4981=VERTEX_POINT('',#6198);
#4982=LINE('',#6199,#6200);
#4983=VERTEX_POINT('',#6201);
#4984=LINE('',#6202,#6203);
#4985=LINE('',#6204,#6205);
#4986=LINE('',#6206,#6207);
#4987=LINE('',#6208,#6209);
#4988=LINE('',#6210,#6211);
#4989=LINE('',#6212,#6213);
#4990=LINE('',#6214,#6215);
#4991=LINE('',#6216,#6217);
#4992=VERTEX_POINT('',#6218);
#4993=VERTEX_POINT('',#6219);
#4994=LINE('',#6220,#6221);
#4995=LINE('',#6222,#6223);
#4996=LINE('',#6224,#6225);
#4997=VERTEX_POINT('',#6226);
#4998=VERTEX_POINT('',#6227);
#4999=LINE('',#6228,#6229);
#5000=LINE('',#6230,#6231);
#5001=LINE('',#6232,#6233);
#5002=VERTEX_POINT('',#6234);
#5003=LINE('',#6235,#6236);
#5004=VERTEX_POINT('',#6237);
#5005=LINE('',#6238,#6239);
#5006=LINE('',#6240,#6241);
#5007=VERTEX_POINT('',#6242);
#5008=LINE('',#6243,#6244);
#5009=VERTEX_POINT('',#6245);
#5010=LINE('',#6246,#6247);
#5011=LINE('',#6248,#6249);
#5012=LINE('',#6250,#6251);
#5013=LINE('',#6252,#6253);
#5014=LINE('',#6254,#6255);
#5015=LINE('',#6256,#6257);
#5016=VERTEX_POINT('',#6258);
#5017=LINE('',#6259,#6260);
#5018=VERTEX_POINT('',#6261);
#5019=LINE('',#6262,#6263);
#5020=LINE('',#6264,#6265);
#5021=VERTEX_POINT('',#6266);
#5022=LINE('',#6267,#6268);
#5023=LINE('',#6269,#6270);
#5024=LINE('',#6271,#6272);
#5025=LINE('',#6273,#6274);
#5026=VERTEX_POINT('',#6275);
#5027=LINE('',#6276,#6277);
#5028=LINE('',#6278,#6279);
#5029=LINE('',#6280,#6281);
#5030=LINE('',#6282,#6283);
#5031=LINE('',#6284,#6285);
#5032=VERTEX_POINT('',#6286);
#5033=VERTEX_POINT('',#6287);
#5034=LINE('',#6288,#6289);
#5035=LINE('',#6290,#6291);
#5036=LINE('',#6292,#6293);
#5037=VERTEX_POINT('',#6294);
#5038=VERTEX_POINT('',#6295);
#5039=LINE('',#6296,#6297);
#5040=LINE('',#6298,#6299);
#5041=LINE('',#6300,#6301);
#5042=VERTEX_POINT('',#6302);
#5043=LINE('',#6303,#6304);
#5044=VERTEX_POINT('',#6305);
#5045=LINE('',#6306,#6307);
#5046=LINE('',#6308,#6309);
#5047=VERTEX_POINT('',#6310);
#5048=LINE('',#6311,#6312);
#5049=VERTEX_POINT('',#6313);
#5050=LINE('',#6314,#6315);
#5051=LINE('',#6316,#6317);
#5052=LINE('',#6318,#6319);
#5053=LINE('',#6320,#6321);
#5054=LINE('',#6322,#6323);
#5055=LINE('',#6324,#6325);
#5056=VERTEX_POINT('',#6326);
#5057=LINE('',#6327,#6328);
#5058=VERTEX_POINT('',#6329);
#5059=LINE('',#6330,#6331);
#5060=LINE('',#6332,#6333);
#5061=VERTEX_POINT('',#6334);
#5062=LINE('',#6335,#6336);
#5063=LINE('',#6337,#6338);
#5064=LINE('',#6339,#6340);
#5065=LINE('',#6341,#6342);
#5066=VERTEX_POINT('',#6343);
#5067=LINE('',#6344,#6345);
#5068=LINE('',#6346,#6347);
#5069=LINE('',#6348,#6349);
#5070=LINE('',#6350,#6351);
#5071=LINE('',#6352,#6353);
#5072=DIRECTION('',(0.0,0.0,-1.0));
#5073=DIRECTION('',(0.0,-1.0,0.0));
#5074=DIRECTION('',(0.0,0.0,-1.0));
#5075=DIRECTION('',(0.0,-1.0,0.0));
#5076=CARTESIAN_POINT('',(0.432,-3.062502680099,1.75));
#5077=DIRECTION('',(0.0,0.0,1.0));
#5078=DIRECTION('',(0.926570295370058,-0.376121639550083,0.0));
#5079=DIRECTION('',(0.0,0.0,-1.0));
#5080=CARTESIAN_POINT('',(0.432,-3.062502680099,2.25));
#5081=DIRECTION('',(0.0,0.0,-1.0));
#5082=DIRECTION('',(1.0,0.0,0.0));
#5083=CARTESIAN_POINT('',(0.64,-5.102463421206,2.25));
#5084=DIRECTION('',(0.0,0.0,1.0));
#5085=DIRECTION('',(-0.926570295370058,0.376121639550083,0.0));
#5086=DIRECTION('',(0.0,-1.0,0.0));
#5087=DIRECTION('',(1.0,0.0,0.0));
#5088=DIRECTION('',(0.0,1.0,0.0));
#5089=CARTESIAN_POINT('',(0.82,-5.1376045708862,2.25));
#5090=DIRECTION('',(0.0,0.0,-1.0));
#5091=DIRECTION('',(-1.0,0.0,0.0));
#5092=DIRECTION('',(0.376121639550083,0.926570295370059,0.0));
#5093=CARTESIAN_POINT('',(0.608,-3.107497772737,2.25));
#5094=DIRECTION('',(0.0,0.0,1.0));
#5095=DIRECTION('',(0.926570295370058,-0.376121639550083,0.0));
#5096=DIRECTION('',(0.0,-1.0,0.0));
#5097=DIRECTION('',(-1.0,0.0,0.0));
#5098=DIRECTION('',(-0.376121639550083,-0.926570295370058,0.0));
#5099=CARTESIAN_POINT('',(0.64,-5.102463421206,1.75));
#5100=DIRECTION('',(0.0,0.0,-1.0));
#5101=DIRECTION('',(-1.0,0.0,0.0));
#5102=DIRECTION('',(0.0,0.0,-1.0));
#5103=DIRECTION('',(0.0,0.0,-1.0));
#5104=DIRECTION('',(-0.376121639550083,-0.926570295370058,0.0));
#5105=DIRECTION('',(-1.0,0.0,0.0));
#5106=DIRECTION('',(0.0,-1.0,0.0));
#5107=CARTESIAN_POINT('',(0.608,-3.107497772737,1.75));
#5108=DIRECTION('',(0.0,0.0,-1.0));
#5109=DIRECTION('',(1.0,0.0,0.0));
#5110=DIRECTION('',(0.376121639550083,0.926570295370059,0.0));
#5111=CARTESIAN_POINT('',(0.82,-5.1376045708862,1.75));
#5112=DIRECTION('',(0.0,0.0,1.0));
#5113=DIRECTION('',(-0.926570295370058,0.376121639550083,0.0));
#5114=DIRECTION('',(0.0,1.0,0.0));
#5115=DIRECTION('',(1.0,0.0,0.0));
#5116=DIRECTION('',(0.0,-1.0,0.0));
#5117=DIRECTION('',(0.0,0.0,1.0));
#5118=DIRECTION('',(0.0,0.0,1.0));
#5119=DIRECTION('',(0.0,0.0,1.0));
#5120=DIRECTION('',(0.0,0.0,1.0));
#5121=DIRECTION('',(0.0,0.0,1.0));
#5122=DIRECTION('',(0.0,0.0,1.0));
#5123=DIRECTION('',(0.0,0.0,-1.0));
#5124=VERTEX_POINT('',#6354);
#5125=VERTEX_POINT('',#6355);
#5126=LINE('',#6356,#6357);
#5127=VERTEX_POINT('',#6358);
#5128=CIRCLE('',#6359,0.1);
#5129=VERTEX_POINT('',#6360);
#5130=LINE('',#6361,#6362);
#5131=CIRCLE('',#6363,0.1);
#5132=VERTEX_POINT('',#6364);
#5133=VERTEX_POINT('',#6365);
#5134=LINE('',#6366,#6367);
#5135=VERTEX_POINT('',#6368);
#5136=CIRCLE('',#6369,0.1);
#5137=VERTEX_POINT('',#6370);
#5138=LINE('',#6371,#6372);
#5139=CIRCLE('',#6373,0.1);
#5140=VERTEX_POINT('',#6374);
#5141=VERTEX_POINT('',#6375);
#5142=LINE('',#6376,#6377);
#5143=VERTEX_POINT('',#6378);
#5144=LINE('',#6379,#6380);
#5145=VERTEX_POINT('',#6381);
#5146=LINE('',#6382,#6383);
#5147=LINE('',#6384,#6385);
#5148=VERTEX_POINT('',#6386);
#5149=VERTEX_POINT('',#6387);
#5150=LINE('',#6388,#6389);
#5151=VERTEX_POINT('',#6390);
#5152=LINE('',#6391,#6392);
#5153=VERTEX_POINT('',#6393);
#5154=LINE('',#6394,#6395);
#5155=LINE('',#6396,#6397);
#5156=VERTEX_POINT('',#6398);
#5157=VERTEX_POINT('',#6399);
#5158=LINE('',#6400,#6401);
#5159=VERTEX_POINT('',#6402);
#5160=LINE('',#6403,#6404);
#5161=VERTEX_POINT('',#6405);
#5162=LINE('',#6406,#6407);
#5163=VERTEX_POINT('',#6408);
#5164=LINE('',#6409,#6410);
#5165=VERTEX_POINT('',#6411);
#5166=LINE('',#6412,#6413);
#5167=VERTEX_POINT('',#6414);
#5168=CIRCLE('',#6415,0.325);
#5169=VERTEX_POINT('',#6416);
#5170=LINE('',#6417,#6418);
#5171=VERTEX_POINT('',#6419);
#5172=LINE('',#6420,#6421);
#5173=VERTEX_POINT('',#6422);
#5174=LINE('',#6423,#6424);
#5175=VERTEX_POINT('',#6425);
#5176=LINE('',#6426,#6427);
#5177=VERTEX_POINT('',#6428);
#5178=LINE('',#6429,#6430);
#5179=VERTEX_POINT('',#6431);
#5180=CIRCLE('',#6432,0.15);
#5181=VERTEX_POINT('',#6433);
#5182=LINE('',#6434,#6435);
#5183=VERTEX_POINT('',#6436);
#5184=LINE('',#6437,#6438);
#5185=VERTEX_POINT('',#6439);
#5186=LINE('',#6440,#6441);
#5187=LINE('',#6442,#6443);
#5188=VERTEX_POINT('',#6444);
#5189=CIRCLE('',#6445,0.1);
#5190=VERTEX_POINT('',#6446);
#5191=LINE('',#6447,#6448);
#5192=VERTEX_POINT('',#6449);
#5193=LINE('',#6450,#6451);
#5194=LINE('',#6452,#6453);
#5195=LINE('',#6454,#6455);
#5196=CIRCLE('',#6456,0.1);
#5197=VERTEX_POINT('',#6457);
#5198=LINE('',#6458,#6459);
#5199=VERTEX_POINT('',#6460);
#5200=LINE('',#6461,#6462);
#5201=VERTEX_POINT('',#6463);
#5202=LINE('',#6464,#6465);
#5203=CIRCLE('',#6466,0.15);
#5204=VERTEX_POINT('',#6467);
#5205=LINE('',#6468,#6469);
#5206=VERTEX_POINT('',#6470);
#5207=LINE('',#6471,#6472);
#5208=LINE('',#6473,#6474);
#5209=VERTEX_POINT('',#6475);
#5210=LINE('',#6476,#6477);
#5211=VERTEX_POINT('',#6478);
#5212=LINE('',#6479,#6480);
#5213=LINE('',#6481,#6482);
#5214=VERTEX_POINT('',#6483);
#5215=LINE('',#6484,#6485);
#5216=LINE('',#6486,#6487);
#5217=VERTEX_POINT('',#6488);
#5218=LINE('',#6489,#6490);
#5219=LINE('',#6491,#6492);
#5220=VERTEX_POINT('',#6493);
#5221=LINE('',#6494,#6495);
#5222=LINE('',#6496,#6497);
#5223=VERTEX_POINT('',#6498);
#5224=LINE('',#6499,#6500);
#5225=LINE('',#6501,#6502);
#5226=VERTEX_POINT('',#6503);
#5227=CIRCLE('',#6504,0.325);
#5228=LINE('',#6505,#6506);
#5229=VERTEX_POINT('',#6507);
#5230=LINE('',#6508,#6509);
#5231=LINE('',#6510,#6511);
#5232=VERTEX_POINT('',#6512);
#5233=LINE('',#6513,#6514);
#5234=LINE('',#6515,#6516);
#5235=VERTEX_POINT('',#6517);
#5236=LINE('',#6518,#6519);
#5237=LINE('',#6520,#6521);
#5238=LINE('',#6522,#6523);
#5239=VERTEX_POINT('',#6524);
#5240=CIRCLE('',#6525,0.15);
#5241=VERTEX_POINT('',#6526);
#5242=LINE('',#6527,#6528);
#5243=VERTEX_POINT('',#6529);
#5244=LINE('',#6530,#6531);
#5245=LINE('',#6532,#6533);
#5246=CIRCLE('',#6534,0.1);
#5247=LINE('',#6535,#6536);
#5248=VERTEX_POINT('',#6537);
#5249=LINE('',#6538,#6539);
#5250=VERTEX_POINT('',#6540);
#5251=LINE('',#6541,#6542);
#5252=VERTEX_POINT('',#6543);
#5253=LINE('',#6544,#6545);
#5254=CIRCLE('',#6546,0.1);
#5255=VERTEX_POINT('',#6547);
#5256=LINE('',#6548,#6549);
#5257=VERTEX_POINT('',#6550);
#5258=LINE('',#6551,#6552);
#5259=VERTEX_POINT('',#6553);
#5260=LINE('',#6554,#6555);
#5261=VERTEX_POINT('',#6556);
#5262=LINE('',#6557,#6558);
#5263=CIRCLE('',#6559,0.15);
#5264=LINE('',#6560,#6561);
#5265=LINE('',#6562,#6563);
#5266=LINE('',#6564,#6565);
#5267=LINE('',#6566,#6567);
#5268=LINE('',#6568,#6569);
#5269=LINE('',#6570,#6571);
#5270=LINE('',#6572,#6573);
#5271=LINE('',#6574,#6575);
#5272=LINE('',#6576,#6577);
#5273=LINE('',#6578,#6579);
#5274=DIRECTION('',(0.0,0.0,-1.0));
#5275=DIRECTION('',(0.0,-1.0,0.0));
#5276=DIRECTION('',(0.0,0.0,-1.0));
#5277=DIRECTION('',(0.0,-1.0,0.0));
#5278=CARTESIAN_POINT('',(0.432,-3.062502680099,-0.25));
#5279=DIRECTION('',(0.0,0.0,1.0));
#5280=DIRECTION('',(0.926570295370058,-0.376121639550083,0.0));
#5281=DIRECTION('',(0.0,0.0,-1.0));
#5282=CARTESIAN_POINT('',(0.432,-3.062502680099,0.25));
#5283=DIRECTION('',(0.0,0.0,-1.0));
#5284=DIRECTION('',(1.0,0.0,0.0));
#5285=CARTESIAN_POINT('',(0.64,-5.102463421206,0.25));
#5286=DIRECTION('',(0.0,0.0,1.0));
#5287=DIRECTION('',(-0.926570295370058,0.376121639550083,0.0));
#5288=DIRECTION('',(0.0,-1.0,0.0));
#5289=DIRECTION('',(1.0,0.0,0.0));
#5290=DIRECTION('',(0.0,1.0,0.0));
#5291=CARTESIAN_POINT('',(0.82,-5.1376045708862,0.25));
#5292=DIRECTION('',(0.0,0.0,-1.0));
#5293=DIRECTION('',(-1.0,0.0,0.0));
#5294=DIRECTION('',(0.376121639550083,0.926570295370059,0.0));
#5295=CARTESIAN_POINT('',(0.608,-3.107497772737,0.25));
#5296=DIRECTION('',(0.0,0.0,1.0));
#5297=DIRECTION('',(0.926570295370058,-0.376121639550083,0.0));
#5298=DIRECTION('',(0.0,-1.0,0.0));
#5299=DIRECTION('',(-1.0,0.0,0.0));
#5300=DIRECTION('',(-0.376121639550083,-0.926570295370058,0.0));
#5301=CARTESIAN_POINT('',(0.64,-5.102463421206,-0.25));
#5302=DIRECTION('',(0.0,0.0,-1.0));
#5303=DIRECTION('',(-1.0,0.0,0.0));
#5304=DIRECTION('',(0.0,0.0,-1.0));
#5305=DIRECTION('',(0.0,0.0,-1.0));
#5306=DIRECTION('',(-0.376121639550083,-0.926570295370058,0.0));
#5307=DIRECTION('',(-1.0,0.0,0.0));
#5308=DIRECTION('',(0.0,-1.0,0.0));
#5309=CARTESIAN_POINT('',(0.608,-3.107497772737,-0.25));
#5310=DIRECTION('',(0.0,0.0,-1.0));
#5311=DIRECTION('',(1.0,0.0,0.0));
#5312=DIRECTION('',(0.376121639550083,0.926570295370059,0.0));
#5313=CARTESIAN_POINT('',(0.82,-5.1376045708862,-0.25));
#5314=DIRECTION('',(0.0,0.0,1.0));
#5315=DIRECTION('',(-0.926570295370058,0.376121639550083,0.0));
#5316=DIRECTION('',(0.0,1.0,0.0));
#5317=DIRECTION('',(1.0,0.0,0.0));
#5318=DIRECTION('',(0.0,-1.0,0.0));
#5319=DIRECTION('',(0.0,0.0,1.0));
#5320=DIRECTION('',(0.0,0.0,1.0));
#5321=DIRECTION('',(0.0,0.0,1.0));
#5322=DIRECTION('',(0.0,0.0,1.0));
#5323=DIRECTION('',(0.0,0.0,1.0));
#5324=DIRECTION('',(0.0,0.0,1.0));
#5325=DIRECTION('',(0.0,0.0,-1.0));
#5326=VERTEX_POINT('',#6580);
#5327=VERTEX_POINT('',#6581);
#5328=LINE('',#6582,#6583);
#5329=VERTEX_POINT('',#6584);
#5330=CIRCLE('',#6585,0.1);
#5331=VERTEX_POINT('',#6586);
#5332=LINE('',#6587,#6588);
#5333=CIRCLE('',#6589,0.1);
#5334=VERTEX_POINT('',#6590);
#5335=VERTEX_POINT('',#6591);
#5336=LINE('',#6592,#6593);
#5337=VERTEX_POINT('',#6594);
#5338=CIRCLE('',#6595,0.1);
#5339=VERTEX_POINT('',#6596);
#5340=LINE('',#6597,#6598);
#5341=CIRCLE('',#6599,0.1);
#5342=VERTEX_POINT('',#6600);
#5343=VERTEX_POINT('',#6601);
#5344=LINE('',#6602,#6603);
#5345=VERTEX_POINT('',#6604);
#5346=LINE('',#6605,#6606);
#5347=VERTEX_POINT('',#6607);
#5348=LINE('',#6608,#6609);
#5349=LINE('',#6610,#6611);
#5350=VERTEX_POINT('',#6612);
#5351=VERTEX_POINT('',#6613);
#5352=LINE('',#6614,#6615);
#5353=VERTEX_POINT('',#6616);
#5354=LINE('',#6617,#6618);
#5355=VERTEX_POINT('',#6619);
#5356=LINE('',#6620,#6621);
#5357=LINE('',#6622,#6623);
#5358=VERTEX_POINT('',#6624);
#5359=VERTEX_POINT('',#6625);
#5360=LINE('',#6626,#6627);
#5361=VERTEX_POINT('',#6628);
#5362=LINE('',#6629,#6630);
#5363=VERTEX_POINT('',#6631);
#5364=LINE('',#6632,#6633);
#5365=VERTEX_POINT('',#6634);
#5366=LINE('',#6635,#6636);
#5367=VERTEX_POINT('',#6637);
#5368=LINE('',#6638,#6639);
#5369=VERTEX_POINT('',#6640);
#5370=CIRCLE('',#6641,0.325);
#5371=VERTEX_POINT('',#6642);
#5372=LINE('',#6643,#6644);
#5373=VERTEX_POINT('',#6645);
#5374=LINE('',#6646,#6647);
#5375=VERTEX_POINT('',#6648);
#5376=LINE('',#6649,#6650);
#5377=VERTEX_POINT('',#6651);
#5378=LINE('',#6652,#6653);
#5379=VERTEX_POINT('',#6654);
#5380=LINE('',#6655,#6656);
#5381=VERTEX_POINT('',#6657);
#5382=CIRCLE('',#6658,0.15);
#5383=VERTEX_POINT('',#6659);
#5384=LINE('',#6660,#6661);
#5385=VERTEX_POINT('',#6662);
#5386=LINE('',#6663,#6664);
#5387=VERTEX_POINT('',#6665);
#5388=LINE('',#6666,#6667);
#5389=LINE('',#6668,#6669);
#5390=VERTEX_POINT('',#6670);
#5391=CIRCLE('',#6671,0.1);
#5392=VERTEX_POINT('',#6672);
#5393=LINE('',#6673,#6674);
#5394=VERTEX_POINT('',#6675);
#5395=LINE('',#6676,#6677);
#5396=LINE('',#6678,#6679);
#5397=LINE('',#6680,#6681);
#5398=CIRCLE('',#6682,0.1);
#5399=VERTEX_POINT('',#6683);
#5400=LINE('',#6684,#6685);
#5401=VERTEX_POINT('',#6686);
#5402=LINE('',#6687,#6688);
#5403=VERTEX_POINT('',#6689);
#5404=LINE('',#6690,#6691);
#5405=CIRCLE('',#6692,0.15);
#5406=VERTEX_POINT('',#6693);
#5407=LINE('',#6694,#6695);
#5408=VERTEX_POINT('',#6696);
#5409=LINE('',#6697,#6698);
#5410=LINE('',#6699,#6700);
#5411=VERTEX_POINT('',#6701);
#5412=LINE('',#6702,#6703);
#5413=VERTEX_POINT('',#6704);
#5414=LINE('',#6705,#6706);
#5415=LINE('',#6707,#6708);
#5416=VERTEX_POINT('',#6709);
#5417=LINE('',#6710,#6711);
#5418=LINE('',#6712,#6713);
#5419=VERTEX_POINT('',#6714);
#5420=LINE('',#6715,#6716);
#5421=LINE('',#6717,#6718);
#5422=VERTEX_POINT('',#6719);
#5423=LINE('',#6720,#6721);
#5424=LINE('',#6722,#6723);
#5425=VERTEX_POINT('',#6724);
#5426=LINE('',#6725,#6726);
#5427=LINE('',#6727,#6728);
#5428=VERTEX_POINT('',#6729);
#5429=CIRCLE('',#6730,0.325);
#5430=LINE('',#6731,#6732);
#5431=VERTEX_POINT('',#6733);
#5432=LINE('',#6734,#6735);
#5433=LINE('',#6736,#6737);
#5434=VERTEX_POINT('',#6738);
#5435=LINE('',#6739,#6740);
#5436=LINE('',#6741,#6742);
#5437=VERTEX_POINT('',#6743);
#5438=LINE('',#6744,#6745);
#5439=LINE('',#6746,#6747);
#5440=LINE('',#6748,#6749);
#5441=VERTEX_POINT('',#6750);
#5442=CIRCLE('',#6751,0.15);
#5443=VERTEX_POINT('',#6752);
#5444=LINE('',#6753,#6754);
#5445=VERTEX_POINT('',#6755);
#5446=LINE('',#6756,#6757);
#5447=LINE('',#6758,#6759);
#5448=CIRCLE('',#6760,0.1);
#5449=LINE('',#6761,#6762);
#5450=VERTEX_POINT('',#6763);
#5451=LINE('',#6764,#6765);
#5452=VERTEX_POINT('',#6766);
#5453=LINE('',#6767,#6768);
#5454=VERTEX_POINT('',#6769);
#5455=LINE('',#6770,#6771);
#5456=CIRCLE('',#6772,0.1);
#5457=VERTEX_POINT('',#6773);
#5458=LINE('',#6774,#6775);
#5459=VERTEX_POINT('',#6776);
#5460=LINE('',#6777,#6778);
#5461=VERTEX_POINT('',#6779);
#5462=LINE('',#6780,#6781);
#5463=VERTEX_POINT('',#6782);
#5464=LINE('',#6783,#6784);
#5465=CIRCLE('',#6785,0.15);
#5466=LINE('',#6786,#6787);
#5467=LINE('',#6788,#6789);
#5468=LINE('',#6790,#6791);
#5469=LINE('',#6792,#6793);
#5470=LINE('',#6794,#6795);
#5471=LINE('',#6796,#6797);
#5472=LINE('',#6798,#6799);
#5473=LINE('',#6800,#6801);
#5474=LINE('',#6802,#6803);
#5475=LINE('',#6804,#6805);
#5476=DIRECTION('',(0.0,0.0,-1.0));
#5477=DIRECTION('',(0.0,-1.0,0.0));
#5478=DIRECTION('',(0.0,0.0,-1.0));
#5479=DIRECTION('',(0.0,-1.0,0.0));
#5480=CARTESIAN_POINT('',(0.432,-3.062502680099,-2.25));
#5481=DIRECTION('',(0.0,0.0,1.0));
#5482=DIRECTION('',(0.926570295370058,-0.376121639550083,0.0));
#5483=DIRECTION('',(0.0,0.0,-1.0));
#5484=CARTESIAN_POINT('',(0.432,-3.062502680099,-1.75));
#5485=DIRECTION('',(0.0,0.0,-1.0));
#5486=DIRECTION('',(1.0,0.0,0.0));
#5487=CARTESIAN_POINT('',(0.64,-5.102463421206,-1.75));
#5488=DIRECTION('',(0.0,0.0,1.0));
#5489=DIRECTION('',(-0.926570295370058,0.376121639550083,0.0));
#5490=DIRECTION('',(0.0,-1.0,0.0));
#5491=DIRECTION('',(1.0,0.0,0.0));
#5492=DIRECTION('',(0.0,1.0,0.0));
#5493=CARTESIAN_POINT('',(0.82,-5.1376045708862,-1.75));
#5494=DIRECTION('',(0.0,0.0,-1.0));
#5495=DIRECTION('',(-1.0,0.0,0.0));
#5496=DIRECTION('',(0.376121639550083,0.926570295370059,0.0));
#5497=CARTESIAN_POINT('',(0.608,-3.107497772737,-1.75));
#5498=DIRECTION('',(0.0,0.0,1.0));
#5499=DIRECTION('',(0.926570295370058,-0.376121639550083,0.0));
#5500=DIRECTION('',(0.0,-1.0,0.0));
#5501=DIRECTION('',(-1.0,0.0,0.0));
#5502=DIRECTION('',(-0.376121639550083,-0.926570295370058,0.0));
#5503=CARTESIAN_POINT('',(0.64,-5.102463421206,-2.25));
#5504=DIRECTION('',(0.0,0.0,-1.0));
#5505=DIRECTION('',(-1.0,0.0,0.0));
#5506=DIRECTION('',(0.0,0.0,-1.0));
#5507=DIRECTION('',(0.0,0.0,-1.0));
#5508=DIRECTION('',(-0.376121639550083,-0.926570295370058,0.0));
#5509=DIRECTION('',(-1.0,0.0,0.0));
#5510=DIRECTION('',(0.0,-1.0,0.0));
#5511=CARTESIAN_POINT('',(0.608,-3.107497772737,-2.25));
#5512=DIRECTION('',(0.0,0.0,-1.0));
#5513=DIRECTION('',(1.0,0.0,0.0));
#5514=DIRECTION('',(0.376121639550083,0.926570295370059,0.0));
#5515=CARTESIAN_POINT('',(0.82,-5.1376045708862,-2.25));
#5516=DIRECTION('',(0.0,0.0,1.0));
#5517=DIRECTION('',(-0.926570295370058,0.376121639550083,0.0));
#5518=DIRECTION('',(0.0,1.0,0.0));
#5519=DIRECTION('',(1.0,0.0,0.0));
#5520=DIRECTION('',(0.0,-1.0,0.0));
#5521=DIRECTION('',(0.0,0.0,1.0));
#5522=DIRECTION('',(0.0,0.0,1.0));
#5523=DIRECTION('',(0.0,0.0,1.0));
#5524=DIRECTION('',(0.0,0.0,1.0));
#5525=DIRECTION('',(0.0,0.0,1.0));
#5526=DIRECTION('',(0.0,0.0,1.0));
#5527=DIRECTION('',(0.0,0.0,-1.0));
#5528=VERTEX_POINT('',#6806);
#5529=VERTEX_POINT('',#6807);
#5530=LINE('',#6808,#6809);
#5531=VERTEX_POINT('',#6810);
#5532=CIRCLE('',#6811,0.1);
#5533=VERTEX_POINT('',#6812);
#5534=LINE('',#6813,#6814);
#5535=CIRCLE('',#6815,0.1);
#5536=VERTEX_POINT('',#6816);
#5537=VERTEX_POINT('',#6817);
#5538=LINE('',#6818,#6819);
#5539=VERTEX_POINT('',#6820);
#5540=CIRCLE('',#6821,0.1);
#5541=VERTEX_POINT('',#6822);
#5542=LINE('',#6823,#6824);
#5543=CIRCLE('',#6825,0.1);
#5544=VERTEX_POINT('',#6826);
#5545=VERTEX_POINT('',#6827);
#5546=LINE('',#6828,#6829);
#5547=VERTEX_POINT('',#6830);
#5548=LINE('',#6831,#6832);
#5549=VERTEX_POINT('',#6833);
#5550=LINE('',#6834,#6835);
#5551=LINE('',#6836,#6837);
#5552=VERTEX_POINT('',#6838);
#5553=VERTEX_POINT('',#6839);
#5554=LINE('',#6840,#6841);
#5555=VERTEX_POINT('',#6842);
#5556=LINE('',#6843,#6844);
#5557=VERTEX_POINT('',#6845);
#5558=LINE('',#6846,#6847);
#5559=LINE('',#6848,#6849);
#5560=VERTEX_POINT('',#6850);
#5561=VERTEX_POINT('',#6851);
#5562=LINE('',#6852,#6853);
#5563=VERTEX_POINT('',#6854);
#5564=LINE('',#6855,#6856);
#5565=VERTEX_POINT('',#6857);
#5566=LINE('',#6858,#6859);
#5567=VERTEX_POINT('',#6860);
#5568=LINE('',#6861,#6862);
#5569=VERTEX_POINT('',#6863);
#5570=LINE('',#6864,#6865);
#5571=VERTEX_POINT('',#6866);
#5572=CIRCLE('',#6867,0.325);
#5573=VERTEX_POINT('',#6868);
#5574=LINE('',#6869,#6870);
#5575=VERTEX_POINT('',#6871);
#5576=LINE('',#6872,#6873);
#5577=VERTEX_POINT('',#6874);
#5578=LINE('',#6875,#6876);
#5579=VERTEX_POINT('',#6877);
#5580=LINE('',#6878,#6879);
#5581=VERTEX_POINT('',#6880);
#5582=LINE('',#6881,#6882);
#5583=VERTEX_POINT('',#6883);
#5584=CIRCLE('',#6884,0.15);
#5585=VERTEX_POINT('',#6885);
#5586=LINE('',#6886,#6887);
#5587=VERTEX_POINT('',#6888);
#5588=LINE('',#6889,#6890);
#5589=VERTEX_POINT('',#6891);
#5590=LINE('',#6892,#6893);
#5591=LINE('',#6894,#6895);
#5592=VERTEX_POINT('',#6896);
#5593=CIRCLE('',#6897,0.1);
#5594=VERTEX_POINT('',#6898);
#5595=LINE('',#6899,#6900);
#5596=VERTEX_POINT('',#6901);
#5597=LINE('',#6902,#6903);
#5598=LINE('',#6904,#6905);
#5599=LINE('',#6906,#6907);
#5600=CIRCLE('',#6908,0.1);
#5601=VERTEX_POINT('',#6909);
#5602=LINE('',#6910,#6911);
#5603=VERTEX_POINT('',#6912);
#5604=LINE('',#6913,#6914);
#5605=VERTEX_POINT('',#6915);
#5606=LINE('',#6916,#6917);
#5607=CIRCLE('',#6918,0.15);
#5608=VERTEX_POINT('',#6919);
#5609=LINE('',#6920,#6921);
#5610=VERTEX_POINT('',#6922);
#5611=LINE('',#6923,#6924);
#5612=LINE('',#6925,#6926);
#5613=VERTEX_POINT('',#6927);
#5614=LINE('',#6928,#6929);
#5615=VERTEX_POINT('',#6930);
#5616=LINE('',#6931,#6932);
#5617=LINE('',#6933,#6934);
#5618=VERTEX_POINT('',#6935);
#5619=LINE('',#6936,#6937);
#5620=LINE('',#6938,#6939);
#5621=VERTEX_POINT('',#6940);
#5622=LINE('',#6941,#6942);
#5623=LINE('',#6943,#6944);
#5624=VERTEX_POINT('',#6945);
#5625=LINE('',#6946,#6947);
#5626=LINE('',#6948,#6949);
#5627=VERTEX_POINT('',#6950);
#5628=LINE('',#6951,#6952);
#5629=LINE('',#6953,#6954);
#5630=VERTEX_POINT('',#6955);
#5631=CIRCLE('',#6956,0.325);
#5632=LINE('',#6957,#6958);
#5633=VERTEX_POINT('',#6959);
#5634=LINE('',#6960,#6961);
#5635=LINE('',#6962,#6963);
#5636=VERTEX_POINT('',#6964);
#5637=LINE('',#6965,#6966);
#5638=LINE('',#6967,#6968);
#5639=VERTEX_POINT('',#6969);
#5640=LINE('',#6970,#6971);
#5641=LINE('',#6972,#6973);
#5642=LINE('',#6974,#6975);
#5643=VERTEX_POINT('',#6976);
#5644=CIRCLE('',#6977,0.15);
#5645=VERTEX_POINT('',#6978);
#5646=LINE('',#6979,#6980);
#5647=VERTEX_POINT('',#6981);
#5648=LINE('',#6982,#6983);
#5649=LINE('',#6984,#6985);
#5650=CIRCLE('',#6986,0.1);
#5651=LINE('',#6987,#6988);
#5652=VERTEX_POINT('',#6989);
#5653=LINE('',#6990,#6991);
#5654=VERTEX_POINT('',#6992);
#5655=LINE('',#6993,#6994);
#5656=VERTEX_POINT('',#6995);
#5657=LINE('',#6996,#6997);
#5658=CIRCLE('',#6998,0.1);
#5659=VERTEX_POINT('',#6999);
#5660=LINE('',#7000,#7001);
#5661=VERTEX_POINT('',#7002);
#5662=LINE('',#7003,#7004);
#5663=VERTEX_POINT('',#7005);
#5664=LINE('',#7006,#7007);
#5665=VERTEX_POINT('',#7008);
#5666=LINE('',#7009,#7010);
#5667=CIRCLE('',#7011,0.15);
#5668=LINE('',#7012,#7013);
#5669=LINE('',#7014,#7015);
#5670=LINE('',#7016,#7017);
#5671=LINE('',#7018,#7019);
#5672=LINE('',#7020,#7021);
#5673=LINE('',#7022,#7023);
#5674=LINE('',#7024,#7025);
#5675=LINE('',#7026,#7027);
#5676=LINE('',#7028,#7029);
#5677=LINE('',#7030,#7031);
#5678=CARTESIAN_POINT('',(0.0,-2.8,-1.83));
#5679=CARTESIAN_POINT('',(0.0,-2.8,-2.17));
#5680=CARTESIAN_POINT('',(0.0,-2.8,-1.83));
#5681=VECTOR('',#7032,0.34);
#5682=CARTESIAN_POINT('',(0.0,-2.95,-1.68));
#5683=AXIS2_PLACEMENT_3D('',#7033,#7034,#7035);
#5684=CARTESIAN_POINT('',(0.0,-3.175,-1.68));
#5685=CARTESIAN_POINT('',(0.0,-3.175,-1.68));
#5686=VECTOR('',#7036,0.225);
#5687=CARTESIAN_POINT('',(0.0,-3.175,-0.32));
#5688=CARTESIAN_POINT('',(0.0,-3.175,-0.32));
#5689=VECTOR('',#7037,1.36);
#5690=CARTESIAN_POINT('',(0.0,-2.95,-0.32));
#5691=CARTESIAN_POINT('',(0.0,-3.175,-0.32));
#5692=VECTOR('',#7038,0.225);
#5693=CARTESIAN_POINT('',(0.0,-2.8,-0.17));
#5694=AXIS2_PLACEMENT_3D('',#7039,#7040,#7041);
#5695=CARTESIAN_POINT('',(0.0,-2.8,0.17));
#5696=CARTESIAN_POINT('',(0.0,-2.8,0.17));
#5697=VECTOR('',#7042,0.34);
#5698=CARTESIAN_POINT('',(0.0,-2.95,0.32));
#5699=AXIS2_PLACEMENT_3D('',#7043,#7044,#7045);
#5700=CARTESIAN_POINT('',(0.0,-3.175,0.32));
#5701=CARTESIAN_POINT('',(0.0,-3.175,0.32));
#5702=VECTOR('',#7046,0.225);
#5703=CARTESIAN_POINT('',(0.0,-3.175,1.68));
#5704=CARTESIAN_POINT('',(0.0,-3.175,1.68));
#5705=VECTOR('',#7047,1.36);
#5706=CARTESIAN_POINT('',(0.0,-2.95,1.68));
#5707=CARTESIAN_POINT('',(0.0,-3.175,1.68));
#5708=VECTOR('',#7048,0.225);
#5709=CARTESIAN_POINT('',(0.0,-2.8,1.83));
#5710=AXIS2_PLACEMENT_3D('',#7049,#7050,#7051);
#5711=CARTESIAN_POINT('',(0.0,-2.8,2.17));
#5712=CARTESIAN_POINT('',(0.0,-2.8,2.17));
#5713=VECTOR('',#7052,0.34);
#5714=CARTESIAN_POINT('',(0.0,-2.95,2.32));
#5715=AXIS2_PLACEMENT_3D('',#7053,#7054,#7055);
#5716=CARTESIAN_POINT('',(0.0,-3.175,2.32));
#5717=CARTESIAN_POINT('',(0.0,-3.175,2.32));
#5718=VECTOR('',#7056,0.225);
#5719=CARTESIAN_POINT('',(0.0,-3.175,3.15));
#5720=CARTESIAN_POINT('',(0.0,-3.175,3.15));
#5721=VECTOR('',#7057,0.83);
#5722=CARTESIAN_POINT('',(0.0,3.175,3.15));
#5723=CARTESIAN_POINT('',(0.0,3.175,3.15));
#5724=VECTOR('',#7058,6.35);
#5725=CARTESIAN_POINT('',(0.0,3.175,-3.15));
#5726=CARTESIAN_POINT('',(0.0,3.175,-3.15));
#5727=VECTOR('',#7059,6.3);
#5728=CARTESIAN_POINT('',(0.0,-3.175,-3.15));
#5729=CARTESIAN_POINT('',(0.0,-3.175,-3.15));
#5730=VECTOR('',#7060,6.35);
#5731=CARTESIAN_POINT('',(0.0,-3.175,-2.32));
#5732=CARTESIAN_POINT('',(0.0,-3.175,-2.32));
#5733=VECTOR('',#7061,0.83);
#5734=CARTESIAN_POINT('',(0.0,-2.95,-2.32));
#5735=CARTESIAN_POINT('',(0.0,-3.175,-2.32));
#5736=VECTOR('',#7062,0.225);
#5737=AXIS2_PLACEMENT_3D('',#7063,#7064,#7065);
#5738=CARTESIAN_POINT('',(0.5,-2.8,-1.83));
#5739=CARTESIAN_POINT('',(0.0,-2.8,-1.83));
#5740=VECTOR('',#7066,0.5);
#5741=CARTESIAN_POINT('',(0.5,-2.8,-2.17));
#5742=CARTESIAN_POINT('',(0.0,-2.8,-2.17));
#5743=VECTOR('',#7067,0.5);
#5744=CARTESIAN_POINT('',(0.5,-2.8,-1.83));
#5745=VECTOR('',#7068,0.34);
#5746=CARTESIAN_POINT('',(1.5,-2.8,-2.17));
#5747=CARTESIAN_POINT('',(2.0,-2.8,-2.17));
#5748=CARTESIAN_POINT('',(1.5,-2.8,-2.17));
#5749=VECTOR('',#7069,0.5);
#5750=CARTESIAN_POINT('',(2.0,-2.8,-1.83));
#5751=CARTESIAN_POINT('',(2.0,-2.8,-1.83));
#5752=VECTOR('',#7070,0.34);
#5753=CARTESIAN_POINT('',(1.5,-2.8,-1.83));
#5754=CARTESIAN_POINT('',(1.5,-2.8,-1.83));
#5755=VECTOR('',#7071,0.5);
#5756=CARTESIAN_POINT('',(1.5,-2.8,-1.83));
#5757=VECTOR('',#7072,0.34);
#5758=CARTESIAN_POINT('',(0.5,-2.95,-1.68));
#5759=AXIS2_PLACEMENT_3D('',#7073,#7074,#7075);
#5760=CARTESIAN_POINT('',(0.0,-2.95,-1.68));
#5761=VECTOR('',#7076,0.5);
#5762=CARTESIAN_POINT('',(0.5,-3.175,-1.68));
#5763=CARTESIAN_POINT('',(0.5,-3.175,-1.68));
#5764=VECTOR('',#7077,0.225);
#5765=CARTESIAN_POINT('',(0.0,-3.175,-1.68));
#5766=VECTOR('',#7078,0.5);
#5767=CARTESIAN_POINT('',(1.5,-2.95,-1.68));
#5768=CARTESIAN_POINT('',(2.0,-2.95,-1.68));
#5769=CARTESIAN_POINT('',(1.5,-2.95,-1.68));
#5770=VECTOR('',#7079,0.5);
#5771=CARTESIAN_POINT('',(2.0,-3.175,-1.68));
#5772=CARTESIAN_POINT('',(2.0,-3.175,-1.68));
#5773=VECTOR('',#7080,0.225);
#5774=CARTESIAN_POINT('',(1.5,-3.175,-1.68));
#5775=CARTESIAN_POINT('',(1.5,-3.175,-1.68));
#5776=VECTOR('',#7081,0.5);
#5777=CARTESIAN_POINT('',(1.5,-3.175,-1.68));
#5778=VECTOR('',#7082,0.225);
#5779=CARTESIAN_POINT('',(0.5,-3.175,2.32));
#5780=CARTESIAN_POINT('',(0.0,-3.175,2.32));
#5781=VECTOR('',#7083,0.5);
#5782=CARTESIAN_POINT('',(0.5,-3.175,3.15));
#5783=CARTESIAN_POINT('',(0.5,-3.175,3.15));
#5784=VECTOR('',#7084,0.83);
#5785=CARTESIAN_POINT('',(0.0,-3.175,3.15));
#5786=VECTOR('',#7085,0.5);
#5787=CARTESIAN_POINT('',(1.5,-3.175,2.32));
#5788=CARTESIAN_POINT('',(2.0,-3.175,2.32));
#5789=CARTESIAN_POINT('',(1.5,-3.175,2.32));
#5790=VECTOR('',#7086,0.5);
#5791=CARTESIAN_POINT('',(2.0,-3.175,3.15));
#5792=CARTESIAN_POINT('',(2.0,-3.175,3.15));
#5793=VECTOR('',#7087,0.83);
#5794=CARTESIAN_POINT('',(1.5,-3.175,3.15));
#5795=CARTESIAN_POINT('',(1.5,-3.175,3.15));
#5796=VECTOR('',#7088,0.5);
#5797=CARTESIAN_POINT('',(1.5,-3.175,3.15));
#5798=VECTOR('',#7089,0.83);
#5799=CARTESIAN_POINT('',(0.5,-3.175,0.32));
#5800=CARTESIAN_POINT('',(0.0,-3.175,0.32));
#5801=VECTOR('',#7090,0.5);
#5802=CARTESIAN_POINT('',(0.5,-3.175,1.68));
#5803=CARTESIAN_POINT('',(0.5,-3.175,1.68));
#5804=VECTOR('',#7091,1.36);
#5805=CARTESIAN_POINT('',(0.0,-3.175,1.68));
#5806=VECTOR('',#7092,0.5);
#5807=CARTESIAN_POINT('',(1.5,-3.175,0.32));
#5808=CARTESIAN_POINT('',(2.0,-3.175,0.32));
#5809=CARTESIAN_POINT('',(1.5,-3.175,0.32));
#5810=VECTOR('',#7093,0.5);
#5811=CARTESIAN_POINT('',(2.0,-3.175,1.68));
#5812=CARTESIAN_POINT('',(2.0,-3.175,1.68));
#5813=VECTOR('',#7094,1.36);
#5814=CARTESIAN_POINT('',(1.5,-3.175,1.68));
#5815=CARTESIAN_POINT('',(1.5,-3.175,1.68));
#5816=VECTOR('',#7095,0.5);
#5817=CARTESIAN_POINT('',(1.5,-3.175,1.68));
#5818=VECTOR('',#7096,1.36);
#5819=CARTESIAN_POINT('',(0.5,-3.175,-2.32));
#5820=CARTESIAN_POINT('',(0.0,-3.175,-2.32));
#5821=VECTOR('',#7097,0.5);
#5822=CARTESIAN_POINT('',(0.5,-3.175,-3.15));
#5823=CARTESIAN_POINT('',(0.0,-3.175,-3.15));
#5824=VECTOR('',#7098,0.5);
#5825=CARTESIAN_POINT('',(0.5,-3.175,-2.32));
#5826=VECTOR('',#7099,0.83);
#5827=CARTESIAN_POINT('',(1.5,-3.175,-2.32));
#5828=CARTESIAN_POINT('',(2.0,-3.175,-2.32));
#5829=CARTESIAN_POINT('',(1.5,-3.175,-2.32));
#5830=VECTOR('',#7100,0.5);
#5831=CARTESIAN_POINT('',(1.5,-3.175,-3.15));
#5832=CARTESIAN_POINT('',(1.5,-3.175,-2.32));
#5833=VECTOR('',#7101,0.83);
#5834=CARTESIAN_POINT('',(2.0,-3.175,-3.15));
#5835=CARTESIAN_POINT('',(1.5,-3.175,-3.15));
#5836=VECTOR('',#7102,0.5);
#5837=CARTESIAN_POINT('',(2.0,-3.175,-2.32));
#5838=VECTOR('',#7103,0.83);
#5839=CARTESIAN_POINT('',(0.5,-3.175,-0.32));
#5840=CARTESIAN_POINT('',(0.5,-3.175,-0.32));
#5841=VECTOR('',#7104,1.36);
#5842=CARTESIAN_POINT('',(0.0,-3.175,-0.32));
#5843=VECTOR('',#7105,0.5);
#5844=CARTESIAN_POINT('',(2.0,-3.175,-0.32));
#5845=CARTESIAN_POINT('',(2.0,-3.175,-0.32));
#5846=VECTOR('',#7106,1.36);
#5847=CARTESIAN_POINT('',(1.5,-3.175,-0.32));
#5848=CARTESIAN_POINT('',(1.5,-3.175,-0.32));
#5849=VECTOR('',#7107,0.5);
#5850=CARTESIAN_POINT('',(1.5,-3.175,-0.32));
#5851=VECTOR('',#7108,1.36);
#5852=CARTESIAN_POINT('',(0.5,-2.95,2.32));
#5853=CARTESIAN_POINT('',(0.0,-2.95,2.32));
#5854=VECTOR('',#7109,0.5);
#5855=CARTESIAN_POINT('',(0.5,-3.175,2.32));
#5856=VECTOR('',#7110,0.225);
#5857=CARTESIAN_POINT('',(1.5,-2.95,2.32));
#5858=CARTESIAN_POINT('',(2.0,-2.95,2.32));
#5859=CARTESIAN_POINT('',(1.5,-2.95,2.32));
#5860=VECTOR('',#7111,0.5);
#5861=CARTESIAN_POINT('',(2.0,-3.175,2.32));
#5862=VECTOR('',#7112,0.225);
#5863=CARTESIAN_POINT('',(1.5,-3.175,2.32));
#5864=VECTOR('',#7113,0.225);
#5865=CARTESIAN_POINT('',(0.5,-2.8,2.17));
#5866=CARTESIAN_POINT('',(0.0,-2.8,2.17));
#5867=VECTOR('',#7114,0.5);
#5868=AXIS2_PLACEMENT_3D('',#7115,#7116,#7117);
#5869=CARTESIAN_POINT('',(0.5,-2.8,1.83));
#5870=CARTESIAN_POINT('',(0.0,-2.8,1.83));
#5871=VECTOR('',#7118,0.5);
#5872=CARTESIAN_POINT('',(0.5,-2.8,2.17));
#5873=VECTOR('',#7119,0.34);
#5874=CARTESIAN_POINT('',(1.5,-2.8,1.83));
#5875=CARTESIAN_POINT('',(2.0,-2.8,1.83));
#5876=CARTESIAN_POINT('',(1.5,-2.8,1.83));
#5877=VECTOR('',#7120,0.5);
#5878=CARTESIAN_POINT('',(2.0,-2.8,2.17));
#5879=CARTESIAN_POINT('',(2.0,-2.8,2.17));
#5880=VECTOR('',#7121,0.34);
#5881=CARTESIAN_POINT('',(1.5,-2.8,2.17));
#5882=CARTESIAN_POINT('',(1.5,-2.8,2.17));
#5883=VECTOR('',#7122,0.5);
#5884=CARTESIAN_POINT('',(1.5,-2.8,2.17));
#5885=VECTOR('',#7123,0.34);
#5886=CARTESIAN_POINT('',(0.5,-2.95,-2.32));
#5887=CARTESIAN_POINT('',(0.5,-3.175,-2.32));
#5888=VECTOR('',#7124,0.225);
#5889=CARTESIAN_POINT('',(0.5,-2.375,-3.15));
#5890=CARTESIAN_POINT('',(0.5,-3.175,-3.15));
#5891=VECTOR('',#7125,0.8);
#5892=CARTESIAN_POINT('',(0.5,-2.375,3.15));
#5893=CARTESIAN_POINT('',(0.5,-2.375,-3.15));
#5894=VECTOR('',#7126,6.3);
#5895=CARTESIAN_POINT('',(0.5,-3.175,3.15));
#5896=VECTOR('',#7127,0.8);
#5897=CARTESIAN_POINT('',(0.5,-2.95,1.68));
#5898=AXIS2_PLACEMENT_3D('',#7128,#7129,#7130);
#5899=CARTESIAN_POINT('',(0.5,-3.175,1.68));
#5900=VECTOR('',#7131,0.225);
#5901=CARTESIAN_POINT('',(0.5,-2.95,0.32));
#5902=CARTESIAN_POINT('',(0.5,-3.175,0.32));
#5903=VECTOR('',#7132,0.225);
#5904=CARTESIAN_POINT('',(0.5,-2.8,0.17));
#5905=AXIS2_PLACEMENT_3D('',#7133,#7134,#7135);
#5906=CARTESIAN_POINT('',(0.5,-2.8,-0.17));
#5907=CARTESIAN_POINT('',(0.5,-2.8,0.17));
#5908=VECTOR('',#7136,0.34);
#5909=CARTESIAN_POINT('',(0.5,-2.95,-0.32));
#5910=AXIS2_PLACEMENT_3D('',#7137,#7138,#7139);
#5911=CARTESIAN_POINT('',(0.5,-3.175,-0.32));
#5912=VECTOR('',#7140,0.225);
#5913=AXIS2_PLACEMENT_3D('',#7141,#7142,#7143);
#5914=CARTESIAN_POINT('',(0.0,-2.95,-2.32));
#5915=VECTOR('',#7144,0.5);
#5916=CARTESIAN_POINT('',(1.5,-2.95,-2.32));
#5917=CARTESIAN_POINT('',(2.0,-2.95,-2.32));
#5918=CARTESIAN_POINT('',(1.5,-2.95,-2.32));
#5919=VECTOR('',#7145,0.5);
#5920=CARTESIAN_POINT('',(1.5,-3.175,-2.32));
#5921=VECTOR('',#7146,0.225);
#5922=CARTESIAN_POINT('',(2.0,-3.175,-2.32));
#5923=VECTOR('',#7147,0.225);
#5924=AXIS2_PLACEMENT_3D('',#7148,#7149,#7150);
#5925=AXIS2_PLACEMENT_3D('',#7151,#7152,#7153);
#5926=CARTESIAN_POINT('',(1.5,-2.95,-0.32));
#5927=CARTESIAN_POINT('',(1.5,-3.175,-0.32));
#5928=VECTOR('',#7154,0.225);
#5929=CARTESIAN_POINT('',(1.5,-2.8,-0.17));
#5930=AXIS2_PLACEMENT_3D('',#7155,#7156,#7157);
#5931=CARTESIAN_POINT('',(1.5,-2.8,0.17));
#5932=CARTESIAN_POINT('',(1.5,-2.8,0.17));
#5933=VECTOR('',#7158,0.34);
#5934=CARTESIAN_POINT('',(1.5,-2.95,0.32));
#5935=AXIS2_PLACEMENT_3D('',#7159,#7160,#7161);
#5936=CARTESIAN_POINT('',(1.5,-3.175,0.32));
#5937=VECTOR('',#7162,0.225);
#5938=CARTESIAN_POINT('',(1.5,-2.95,1.68));
#5939=CARTESIAN_POINT('',(1.5,-3.175,1.68));
#5940=VECTOR('',#7163,0.225);
#5941=AXIS2_PLACEMENT_3D('',#7164,#7165,#7166);
#5942=AXIS2_PLACEMENT_3D('',#7167,#7168,#7169);
#5943=CARTESIAN_POINT('',(1.5,-2.375,3.15));
#5944=CARTESIAN_POINT('',(1.5,-3.175,3.15));
#5945=VECTOR('',#7170,0.8);
#5946=CARTESIAN_POINT('',(1.5,-2.375,-3.15));
#5947=CARTESIAN_POINT('',(1.5,-2.375,-3.15));
#5948=VECTOR('',#7171,6.3);
#5949=CARTESIAN_POINT('',(1.5,-3.175,-3.15));
#5950=VECTOR('',#7172,0.8);
#5951=AXIS2_PLACEMENT_3D('',#7173,#7174,#7175);
#5952=AXIS2_PLACEMENT_3D('',#7176,#7177,#7178);
#5953=CARTESIAN_POINT('',(2.0,3.175,-3.15));
#5954=CARTESIAN_POINT('',(2.0,-3.175,-3.15));
#5955=VECTOR('',#7179,6.35);
#5956=CARTESIAN_POINT('',(2.0,3.175,3.15));
#5957=CARTESIAN_POINT('',(2.0,3.175,-3.15));
#5958=VECTOR('',#7180,6.3);
#5959=CARTESIAN_POINT('',(2.0,3.175,3.15));
#5960=VECTOR('',#7181,6.35);
#5961=AXIS2_PLACEMENT_3D('',#7182,#7183,#7184);
#5962=CARTESIAN_POINT('',(2.0,-2.95,1.68));
#5963=AXIS2_PLACEMENT_3D('',#7185,#7186,#7187);
#5964=CARTESIAN_POINT('',(2.0,-3.175,1.68));
#5965=VECTOR('',#7188,0.225);
#5966=CARTESIAN_POINT('',(2.0,-2.95,0.32));
#5967=CARTESIAN_POINT('',(2.0,-3.175,0.32));
#5968=VECTOR('',#7189,0.225);
#5969=CARTESIAN_POINT('',(2.0,-2.8,0.17));
#5970=AXIS2_PLACEMENT_3D('',#7190,#7191,#7192);
#5971=CARTESIAN_POINT('',(2.0,-2.8,-0.17));
#5972=CARTESIAN_POINT('',(2.0,-2.8,0.17));
#5973=VECTOR('',#7193,0.34);
#5974=CARTESIAN_POINT('',(2.0,-2.95,-0.32));
#5975=AXIS2_PLACEMENT_3D('',#7194,#7195,#7196);
#5976=CARTESIAN_POINT('',(2.0,-3.175,-0.32));
#5977=VECTOR('',#7197,0.225);
#5978=CARTESIAN_POINT('',(0.0,-2.95,-0.32));
#5979=VECTOR('',#7198,0.5);
#5980=CARTESIAN_POINT('',(1.5,-2.95,-0.32));
#5981=VECTOR('',#7199,0.5);
#5982=CARTESIAN_POINT('',(0.0,-2.8,-0.17));
#5983=VECTOR('',#7200,0.5);
#5984=CARTESIAN_POINT('',(0.0,-2.8,0.17));
#5985=VECTOR('',#7201,0.5);
#5986=CARTESIAN_POINT('',(1.5,-2.8,-0.17));
#5987=VECTOR('',#7202,0.5);
#5988=CARTESIAN_POINT('',(1.5,-2.8,0.17));
#5989=VECTOR('',#7203,0.5);
#5990=CARTESIAN_POINT('',(0.0,-2.95,0.32));
#5991=VECTOR('',#7204,0.5);
#5992=CARTESIAN_POINT('',(1.5,-2.95,0.32));
#5993=VECTOR('',#7205,0.5);
#5994=CARTESIAN_POINT('',(0.0,-2.95,1.68));
#5995=VECTOR('',#7206,0.5);
#5996=CARTESIAN_POINT('',(1.5,-2.95,1.68));
#5997=VECTOR('',#7207,0.5);
#5998=CARTESIAN_POINT('',(0.5,-2.375,3.15));
#5999=VECTOR('',#7208,1.0);
#6000=CARTESIAN_POINT('',(0.0,3.175,3.15));
#6001=VECTOR('',#7209,2.0);
#6002=CARTESIAN_POINT('',(0.0,3.175,-3.15));
#6003=VECTOR('',#7210,2.0);
#6004=CARTESIAN_POINT('',(0.38,3.175,1.38));
#6005=CARTESIAN_POINT('',(1.62,3.175,1.38));
#6006=CARTESIAN_POINT('',(0.38,3.175,1.38));
#6007=VECTOR('',#7211,1.24);
#6008=CARTESIAN_POINT('',(1.62,3.175,2.62));
#6009=CARTESIAN_POINT('',(1.62,3.175,1.38));
#6010=VECTOR('',#7212,1.24);
#6011=CARTESIAN_POINT('',(0.38,3.175,2.62));
#6012=CARTESIAN_POINT('',(1.62,3.175,2.62));
#6013=VECTOR('',#7213,1.24);
#6014=CARTESIAN_POINT('',(0.38,3.175,2.62));
#6015=VECTOR('',#7214,1.24);
#6016=CARTESIAN_POINT('',(0.38,3.175,-0.62));
#6017=CARTESIAN_POINT('',(1.62,3.175,-0.62));
#6018=CARTESIAN_POINT('',(0.38,3.175,-0.62));
#6019=VECTOR('',#7215,1.24);
#6020=CARTESIAN_POINT('',(1.62,3.175,0.62));
#6021=CARTESIAN_POINT('',(1.62,3.175,-0.62));
#6022=VECTOR('',#7216,1.24);
#6023=CARTESIAN_POINT('',(0.38,3.175,0.62));
#6024=CARTESIAN_POINT('',(1.62,3.175,0.62));
#6025=VECTOR('',#7217,1.24);
#6026=CARTESIAN_POINT('',(0.38,3.175,0.62));
#6027=VECTOR('',#7218,1.24);
#6028=CARTESIAN_POINT('',(0.38,3.175,-2.62));
#6029=CARTESIAN_POINT('',(1.62,3.175,-2.62));
#6030=CARTESIAN_POINT('',(0.38,3.175,-2.62));
#6031=VECTOR('',#7219,1.24);
#6032=CARTESIAN_POINT('',(1.62,3.175,-1.38));
#6033=CARTESIAN_POINT('',(1.62,3.175,-2.62));
#6034=VECTOR('',#7220,1.24);
#6035=CARTESIAN_POINT('',(0.38,3.175,-1.38));
#6036=CARTESIAN_POINT('',(1.62,3.175,-1.38));
#6037=VECTOR('',#7221,1.24);
#6038=CARTESIAN_POINT('',(0.38,3.175,-1.38));
#6039=VECTOR('',#7222,1.24);
#6040=CARTESIAN_POINT('',(0.5,-2.375,-3.15));
#6041=VECTOR('',#7223,1.0);
#6042=CARTESIAN_POINT('',(0.68,-2.375,2.32));
#6043=CARTESIAN_POINT('',(0.75,-2.375,2.32));
#6044=CARTESIAN_POINT('',(0.68,-2.375,2.32));
#6045=VECTOR('',#7224,0.07);
#6046=CARTESIAN_POINT('',(0.75,-2.375,2.8));
#6047=CARTESIAN_POINT('',(0.75,-2.375,2.8));
#6048=VECTOR('',#7225,0.48);
#6049=CARTESIAN_POINT('',(1.25,-2.375,2.8));
#6050=CARTESIAN_POINT('',(1.25,-2.375,2.8));
#6051=VECTOR('',#7226,0.5);
#6052=CARTESIAN_POINT('',(1.25,-2.375,2.32));
#6053=CARTESIAN_POINT('',(1.25,-2.375,2.32));
#6054=VECTOR('',#7227,0.48);
#6055=CARTESIAN_POINT('',(1.32,-2.375,2.32));
#6056=CARTESIAN_POINT('',(1.25,-2.375,2.32));
#6057=VECTOR('',#7228,0.07);
#6058=CARTESIAN_POINT('',(1.32,-2.375,1.68));
#6059=CARTESIAN_POINT('',(1.32,-2.375,2.32));
#6060=VECTOR('',#7229,0.64);
#6061=CARTESIAN_POINT('',(1.25,-2.375,1.68));
#6062=CARTESIAN_POINT('',(1.32,-2.375,1.68));
#6063=VECTOR('',#7230,0.07);
#6064=CARTESIAN_POINT('',(1.25,-2.375,1.2));
#6065=CARTESIAN_POINT('',(1.25,-2.375,1.2));
#6066=VECTOR('',#7231,0.48);
#6067=CARTESIAN_POINT('',(0.75,-2.375,1.2));
#6068=CARTESIAN_POINT('',(0.75,-2.375,1.2));
#6069=VECTOR('',#7232,0.5);
#6070=CARTESIAN_POINT('',(0.75,-2.375,1.68));
#6071=CARTESIAN_POINT('',(0.75,-2.375,1.68));
#6072=VECTOR('',#7233,0.48);
#6073=CARTESIAN_POINT('',(0.68,-2.375,1.68));
#6074=CARTESIAN_POINT('',(0.75,-2.375,1.68));
#6075=VECTOR('',#7234,0.07);
#6076=CARTESIAN_POINT('',(0.68,-2.375,1.68));
#6077=VECTOR('',#7235,0.64);
#6078=CARTESIAN_POINT('',(0.75,-2.375,0.8));
#6079=CARTESIAN_POINT('',(0.75,-2.375,0.32));
#6080=CARTESIAN_POINT('',(0.75,-2.375,0.8));
#6081=VECTOR('',#7236,0.48);
#6082=CARTESIAN_POINT('',(1.25,-2.375,0.8));
#6083=CARTESIAN_POINT('',(1.25,-2.375,0.8));
#6084=VECTOR('',#7237,0.5);
#6085=CARTESIAN_POINT('',(1.25,-2.375,0.32));
#6086=CARTESIAN_POINT('',(1.25,-2.375,0.32));
#6087=VECTOR('',#7238,0.48);
#6088=CARTESIAN_POINT('',(1.32,-2.375,0.32));
#6089=CARTESIAN_POINT('',(1.25,-2.375,0.32));
#6090=VECTOR('',#7239,0.07);
#6091=CARTESIAN_POINT('',(1.32,-2.375,-0.32));
#6092=CARTESIAN_POINT('',(1.32,-2.375,0.32));
#6093=VECTOR('',#7240,0.64);
#6094=CARTESIAN_POINT('',(1.25,-2.375,-0.32));
#6095=CARTESIAN_POINT('',(1.32,-2.375,-0.32));
#6096=VECTOR('',#7241,0.07);
#6097=CARTESIAN_POINT('',(1.25,-2.375,-0.8));
#6098=CARTESIAN_POINT('',(1.25,-2.375,-0.8));
#6099=VECTOR('',#7242,0.48);
#6100=CARTESIAN_POINT('',(0.75,-2.375,-0.8));
#6101=CARTESIAN_POINT('',(0.75,-2.375,-0.8));
#6102=VECTOR('',#7243,0.5);
#6103=CARTESIAN_POINT('',(0.75,-2.375,-0.32));
#6104=CARTESIAN_POINT('',(0.75,-2.375,-0.32));
#6105=VECTOR('',#7244,0.48);
#6106=CARTESIAN_POINT('',(0.68,-2.375,-0.32));
#6107=CARTESIAN_POINT('',(0.75,-2.375,-0.32));
#6108=VECTOR('',#7245,0.07);
#6109=CARTESIAN_POINT('',(0.68,-2.375,0.32));
#6110=CARTESIAN_POINT('',(0.68,-2.375,-0.32));
#6111=VECTOR('',#7246,0.64);
#6112=CARTESIAN_POINT('',(0.68,-2.375,0.32));
#6113=VECTOR('',#7247,0.07);
#6114=CARTESIAN_POINT('',(0.75,-2.375,-1.2));
#6115=CARTESIAN_POINT('',(0.75,-2.375,-1.68));
#6116=CARTESIAN_POINT('',(0.75,-2.375,-1.2));
#6117=VECTOR('',#7248,0.48);
#6118=CARTESIAN_POINT('',(1.25,-2.375,-1.2));
#6119=CARTESIAN_POINT('',(1.25,-2.375,-1.2));
#6120=VECTOR('',#7249,0.5);
#6121=CARTESIAN_POINT('',(1.25,-2.375,-1.68));
#6122=CARTESIAN_POINT('',(1.25,-2.375,-1.68));
#6123=VECTOR('',#7250,0.48);
#6124=CARTESIAN_POINT('',(1.32,-2.375,-1.68));
#6125=CARTESIAN_POINT('',(1.25,-2.375,-1.68));
#6126=VECTOR('',#7251,0.07);
#6127=CARTESIAN_POINT('',(1.32,-2.375,-2.32));
#6128=CARTESIAN_POINT('',(1.32,-2.375,-1.68));
#6129=VECTOR('',#7252,0.64);
#6130=CARTESIAN_POINT('',(1.25,-2.375,-2.32));
#6131=CARTESIAN_POINT('',(1.32,-2.375,-2.32));
#6132=VECTOR('',#7253,0.07);
#6133=CARTESIAN_POINT('',(1.25,-2.375,-2.8));
#6134=CARTESIAN_POINT('',(1.25,-2.375,-2.8));
#6135=VECTOR('',#7254,0.48);
#6136=CARTESIAN_POINT('',(0.75,-2.375,-2.8));
#6137=CARTESIAN_POINT('',(0.75,-2.375,-2.8));
#6138=VECTOR('',#7255,0.5);
#6139=CARTESIAN_POINT('',(0.75,-2.375,-2.32));
#6140=CARTESIAN_POINT('',(0.75,-2.375,-2.32));
#6141=VECTOR('',#7256,0.48);
#6142=CARTESIAN_POINT('',(0.68,-2.375,-2.32));
#6143=CARTESIAN_POINT('',(0.75,-2.375,-2.32));
#6144=VECTOR('',#7257,0.07);
#6145=CARTESIAN_POINT('',(0.68,-2.375,-1.68));
#6146=CARTESIAN_POINT('',(0.68,-2.375,-2.32));
#6147=VECTOR('',#7258,0.64);
#6148=CARTESIAN_POINT('',(0.68,-2.375,-1.68));
#6149=VECTOR('',#7259,0.07);
#6150=CARTESIAN_POINT('',(1.25,2.625,2.32));
#6151=CARTESIAN_POINT('',(0.75,2.625,2.32));
#6152=CARTESIAN_POINT('',(1.25,2.625,2.32));
#6153=VECTOR('',#7260,0.5);
#6154=CARTESIAN_POINT('',(0.75,-2.375,2.32));
#6155=VECTOR('',#7261,5.0);
#6156=CARTESIAN_POINT('',(0.68,2.875,2.32));
#6157=CARTESIAN_POINT('',(0.68,2.875,2.32));
#6158=VECTOR('',#7262,5.25);
#6159=CARTESIAN_POINT('',(1.32,2.875,2.32));
#6160=CARTESIAN_POINT('',(1.32,2.875,2.32));
#6161=VECTOR('',#7263,0.64);
#6162=CARTESIAN_POINT('',(1.32,2.875,2.32));
#6163=VECTOR('',#7264,5.25);
#6164=CARTESIAN_POINT('',(1.25,-2.375,2.32));
#6165=VECTOR('',#7265,5.0);
#6166=CARTESIAN_POINT('',(1.25,2.625,2.8));
#6167=CARTESIAN_POINT('',(1.25,2.625,2.32));
#6168=VECTOR('',#7266,0.48);
#6169=CARTESIAN_POINT('',(0.75,2.625,2.8));
#6170=CARTESIAN_POINT('',(1.25,2.625,2.8));
#6171=VECTOR('',#7267,0.5);
#6172=CARTESIAN_POINT('',(0.75,2.625,2.8));
#6173=VECTOR('',#7268,0.48);
#6174=CARTESIAN_POINT('',(1.25,2.625,1.68));
#6175=CARTESIAN_POINT('',(0.75,2.625,1.68));
#6176=CARTESIAN_POINT('',(1.25,2.625,1.68));
#6177=VECTOR('',#7269,0.5);
#6178=CARTESIAN_POINT('',(0.75,2.625,1.2));
#6179=CARTESIAN_POINT('',(0.75,2.625,1.68));
#6180=VECTOR('',#7270,0.48);
#6181=CARTESIAN_POINT('',(1.25,2.625,1.2));
#6182=CARTESIAN_POINT('',(0.75,2.625,1.2));
#6183=VECTOR('',#7271,0.5);
#6184=CARTESIAN_POINT('',(1.25,2.625,1.2));
#6185=VECTOR('',#7272,0.48);
#6186=CARTESIAN_POINT('',(0.75,-2.375,2.8));
#6187=VECTOR('',#7273,5.0);
#6188=CARTESIAN_POINT('',(0.75,-2.375,1.68));
#6189=VECTOR('',#7274,5.0);
#6190=CARTESIAN_POINT('',(0.75,-2.375,1.2));
#6191=VECTOR('',#7275,5.0);
#6192=CARTESIAN_POINT('',(1.25,-2.375,2.8));
#6193=VECTOR('',#7276,5.0);
#6194=CARTESIAN_POINT('',(1.25,-2.375,1.68));
#6195=VECTOR('',#7277,5.0);
#6196=CARTESIAN_POINT('',(1.25,-2.375,1.2));
#6197=VECTOR('',#7278,5.0);
#6198=CARTESIAN_POINT('',(1.32,2.875,1.68));
#6199=CARTESIAN_POINT('',(1.32,2.875,1.68));
#6200=VECTOR('',#7279,5.25);
#6201=CARTESIAN_POINT('',(0.68,2.875,1.68));
#6202=CARTESIAN_POINT('',(0.68,2.875,1.68));
#6203=VECTOR('',#7280,0.64);
#6204=CARTESIAN_POINT('',(0.68,2.875,1.68));
#6205=VECTOR('',#7281,5.25);
#6206=CARTESIAN_POINT('',(0.68,2.875,2.32));
#6207=VECTOR('',#7282,0.64);
#6208=CARTESIAN_POINT('',(0.68,2.875,1.68));
#6209=VECTOR('',#7283,0.519615242270677);
#6210=CARTESIAN_POINT('',(0.68,2.875,2.32));
#6211=VECTOR('',#7284,0.519615242270677);
#6212=CARTESIAN_POINT('',(1.32,2.875,2.32));
#6213=VECTOR('',#7285,0.519615242270677);
#6214=CARTESIAN_POINT('',(1.32,2.875,1.68));
#6215=VECTOR('',#7286,0.519615242270677);
#6216=CARTESIAN_POINT('',(1.32,2.875,1.68));
#6217=VECTOR('',#7287,0.64);
#6218=CARTESIAN_POINT('',(0.75,2.625,0.8));
#6219=CARTESIAN_POINT('',(0.75,2.625,0.32));
#6220=CARTESIAN_POINT('',(0.75,2.625,0.8));
#6221=VECTOR('',#7288,0.48);
#6222=CARTESIAN_POINT('',(0.75,-2.375,0.8));
#6223=VECTOR('',#7289,5.0);
#6224=CARTESIAN_POINT('',(0.75,-2.375,0.32));
#6225=VECTOR('',#7290,5.0);
#6226=CARTESIAN_POINT('',(0.75,2.625,-0.32));
#6227=CARTESIAN_POINT('',(0.75,2.625,-0.8));
#6228=CARTESIAN_POINT('',(0.75,2.625,-0.32));
#6229=VECTOR('',#7291,0.48);
#6230=CARTESIAN_POINT('',(0.75,-2.375,-0.32));
#6231=VECTOR('',#7292,5.0);
#6232=CARTESIAN_POINT('',(0.75,-2.375,-0.8));
#6233=VECTOR('',#7293,5.0);
#6234=CARTESIAN_POINT('',(1.25,2.625,0.32));
#6235=CARTESIAN_POINT('',(1.25,2.625,0.32));
#6236=VECTOR('',#7294,0.5);
#6237=CARTESIAN_POINT('',(1.25,2.625,0.8));
#6238=CARTESIAN_POINT('',(1.25,2.625,0.32));
#6239=VECTOR('',#7295,0.48);
#6240=CARTESIAN_POINT('',(1.25,2.625,0.8));
#6241=VECTOR('',#7296,0.5);
#6242=CARTESIAN_POINT('',(1.25,2.625,-0.8));
#6243=CARTESIAN_POINT('',(0.75,2.625,-0.8));
#6244=VECTOR('',#7297,0.5);
#6245=CARTESIAN_POINT('',(1.25,2.625,-0.32));
#6246=CARTESIAN_POINT('',(1.25,2.625,-0.8));
#6247=VECTOR('',#7298,0.48);
#6248=CARTESIAN_POINT('',(1.25,2.625,-0.32));
#6249=VECTOR('',#7299,0.5);
#6250=CARTESIAN_POINT('',(1.25,-2.375,0.8));
#6251=VECTOR('',#7300,5.0);
#6252=CARTESIAN_POINT('',(1.25,-2.375,-0.8));
#6253=VECTOR('',#7301,5.0);
#6254=CARTESIAN_POINT('',(1.25,-2.375,-0.32));
#6255=VECTOR('',#7302,5.0);
#6256=CARTESIAN_POINT('',(1.25,-2.375,0.32));
#6257=VECTOR('',#7303,5.0);
#6258=CARTESIAN_POINT('',(1.32,2.875,-0.32));
#6259=CARTESIAN_POINT('',(1.32,2.875,-0.32));
#6260=VECTOR('',#7304,5.25);
#6261=CARTESIAN_POINT('',(0.68,2.875,-0.32));
#6262=CARTESIAN_POINT('',(0.68,2.875,-0.32));
#6263=VECTOR('',#7305,0.64);
#6264=CARTESIAN_POINT('',(0.68,2.875,-0.32));
#6265=VECTOR('',#7306,5.25);
#6266=CARTESIAN_POINT('',(0.68,2.875,0.32));
#6267=CARTESIAN_POINT('',(0.68,2.875,0.32));
#6268=VECTOR('',#7307,0.64);
#6269=CARTESIAN_POINT('',(0.68,2.875,0.32));
#6270=VECTOR('',#7308,5.25);
#6271=CARTESIAN_POINT('',(0.68,2.875,-0.32));
#6272=VECTOR('',#7309,0.519615242270677);
#6273=CARTESIAN_POINT('',(0.68,2.875,0.32));
#6274=VECTOR('',#7310,0.519615242270677);
#6275=CARTESIAN_POINT('',(1.32,2.875,0.32));
#6276=CARTESIAN_POINT('',(1.32,2.875,0.32));
#6277=VECTOR('',#7311,0.519615242270677);
#6278=CARTESIAN_POINT('',(1.32,2.875,0.32));
#6279=VECTOR('',#7312,0.64);
#6280=CARTESIAN_POINT('',(1.32,2.875,0.32));
#6281=VECTOR('',#7313,5.25);
#6282=CARTESIAN_POINT('',(1.32,2.875,-0.32));
#6283=VECTOR('',#7314,0.64);
#6284=CARTESIAN_POINT('',(1.32,2.875,-0.32));
#6285=VECTOR('',#7315,0.519615242270677);
#6286=CARTESIAN_POINT('',(0.75,2.625,-1.2));
#6287=CARTESIAN_POINT('',(0.75,2.625,-1.68));
#6288=CARTESIAN_POINT('',(0.75,2.625,-1.2));
#6289=VECTOR('',#7316,0.48);
#6290=CARTESIAN_POINT('',(0.75,-2.375,-1.2));
#6291=VECTOR('',#7317,5.0);
#6292=CARTESIAN_POINT('',(0.75,-2.375,-1.68));
#6293=VECTOR('',#7318,5.0);
#6294=CARTESIAN_POINT('',(0.75,2.625,-2.32));
#6295=CARTESIAN_POINT('',(0.75,2.625,-2.8));
#6296=CARTESIAN_POINT('',(0.75,2.625,-2.32));
#6297=VECTOR('',#7319,0.48);
#6298=CARTESIAN_POINT('',(0.75,-2.375,-2.32));
#6299=VECTOR('',#7320,5.0);
#6300=CARTESIAN_POINT('',(0.75,-2.375,-2.8));
#6301=VECTOR('',#7321,5.0);
#6302=CARTESIAN_POINT('',(1.25,2.625,-1.68));
#6303=CARTESIAN_POINT('',(1.25,2.625,-1.68));
#6304=VECTOR('',#7322,0.5);
#6305=CARTESIAN_POINT('',(1.25,2.625,-1.2));
#6306=CARTESIAN_POINT('',(1.25,2.625,-1.68));
#6307=VECTOR('',#7323,0.48);
#6308=CARTESIAN_POINT('',(1.25,2.625,-1.2));
#6309=VECTOR('',#7324,0.5);
#6310=CARTESIAN_POINT('',(1.25,2.625,-2.8));
#6311=CARTESIAN_POINT('',(0.75,2.625,-2.8));
#6312=VECTOR('',#7325,0.5);
#6313=CARTESIAN_POINT('',(1.25,2.625,-2.32));
#6314=CARTESIAN_POINT('',(1.25,2.625,-2.8));
#6315=VECTOR('',#7326,0.48);
#6316=CARTESIAN_POINT('',(1.25,2.625,-2.32));
#6317=VECTOR('',#7327,0.5);
#6318=CARTESIAN_POINT('',(1.25,-2.375,-1.2));
#6319=VECTOR('',#7328,5.0);
#6320=CARTESIAN_POINT('',(1.25,-2.375,-2.8));
#6321=VECTOR('',#7329,5.0);
#6322=CARTESIAN_POINT('',(1.25,-2.375,-2.32));
#6323=VECTOR('',#7330,5.0);
#6324=CARTESIAN_POINT('',(1.25,-2.375,-1.68));
#6325=VECTOR('',#7331,5.0);
#6326=CARTESIAN_POINT('',(1.32,2.875,-2.32));
#6327=CARTESIAN_POINT('',(1.32,2.875,-2.32));
#6328=VECTOR('',#7332,5.25);
#6329=CARTESIAN_POINT('',(0.68,2.875,-2.32));
#6330=CARTESIAN_POINT('',(0.68,2.875,-2.32));
#6331=VECTOR('',#7333,0.64);
#6332=CARTESIAN_POINT('',(0.68,2.875,-2.32));
#6333=VECTOR('',#7334,5.25);
#6334=CARTESIAN_POINT('',(0.68,2.875,-1.68));
#6335=CARTESIAN_POINT('',(0.68,2.875,-1.68));
#6336=VECTOR('',#7335,0.64);
#6337=CARTESIAN_POINT('',(0.68,2.875,-1.68));
#6338=VECTOR('',#7336,5.25);
#6339=CARTESIAN_POINT('',(0.68,2.875,-2.32));
#6340=VECTOR('',#7337,0.519615242270677);
#6341=CARTESIAN_POINT('',(0.68,2.875,-1.68));
#6342=VECTOR('',#7338,0.519615242270677);
#6343=CARTESIAN_POINT('',(1.32,2.875,-1.68));
#6344=CARTESIAN_POINT('',(1.32,2.875,-1.68));
#6345=VECTOR('',#7339,0.519615242270677);
#6346=CARTESIAN_POINT('',(1.32,2.875,-1.68));
#6347=VECTOR('',#7340,0.64);
#6348=CARTESIAN_POINT('',(1.32,2.875,-1.68));
#6349=VECTOR('',#7341,5.25);
#6350=CARTESIAN_POINT('',(1.32,2.875,-2.32));
#6351=VECTOR('',#7342,0.64);
#6352=CARTESIAN_POINT('',(1.32,2.875,-2.32));
#6353=VECTOR('',#7343,0.519615242270677);
#6354=CARTESIAN_POINT('',(1.25,-1.24775568076512,1.2801783725736));
#6355=CARTESIAN_POINT('',(0.75,-1.24775568076512,1.2801783725736));
#6356=CARTESIAN_POINT('',(1.25,-1.24775568076512,1.2801783725736));
#6357=VECTOR('',#7344,1.0);
#6358=CARTESIAN_POINT('',(1.25,-1.336088539803,1.29583148474999));
#6359=AXIS2_PLACEMENT_3D('',#7345,#7346,#7347);
#6360=CARTESIAN_POINT('',(0.75,-1.336088539803,1.29583148474999));
#6361=CARTESIAN_POINT('',(1.25,-1.336088539803,1.29583148474999));
#6362=VECTOR('',#7348,0.5);
#6363=AXIS2_PLACEMENT_3D('',#7349,#7350,#7351);
#6364=CARTESIAN_POINT('',(1.25,-1.307517111232,2.7));
#6365=CARTESIAN_POINT('',(0.75,-1.307517111232,2.7));
#6366=CARTESIAN_POINT('',(1.25,-1.307517111232,2.7));
#6367=VECTOR('',#7352,1.0);
#6368=CARTESIAN_POINT('',(1.25,-1.207517111232,2.8));
#6369=AXIS2_PLACEMENT_3D('',#7353,#7354,#7355);
#6370=CARTESIAN_POINT('',(0.75,-1.207517111232,2.8));
#6371=CARTESIAN_POINT('',(0.75,-1.207517111232,2.8));
#6372=VECTOR('',#7356,0.5);
#6373=AXIS2_PLACEMENT_3D('',#7357,#7358,#7359);
#6374=CARTESIAN_POINT('',(1.25,-2.057517111232,1.2));
#6375=CARTESIAN_POINT('',(1.25,-1.657517111232,1.2));
#6376=CARTESIAN_POINT('',(1.25,-2.057517111232,1.2));
#6377=VECTOR('',#7360,0.4);
#6378=CARTESIAN_POINT('',(0.75,-2.057517111232,1.2));
#6379=CARTESIAN_POINT('',(0.75,-2.057517111232,1.2));
#6380=VECTOR('',#7361,0.5);
#6381=CARTESIAN_POINT('',(0.75,-1.657517111232,1.2));
#6382=CARTESIAN_POINT('',(0.75,-1.657517111232,1.2));
#6383=VECTOR('',#7362,0.4);
#6384=CARTESIAN_POINT('',(0.75,-1.657517111232,1.2));
#6385=VECTOR('',#7363,0.5);
#6386=CARTESIAN_POINT('',(0.75,-0.557517111232,1.2));
#6387=CARTESIAN_POINT('',(0.75,-1.207517111232,1.2));
#6388=CARTESIAN_POINT('',(0.75,-0.557517111232,1.2));
#6389=VECTOR('',#7364,0.65);
#6390=CARTESIAN_POINT('',(1.25,-0.557517111232,1.2));
#6391=CARTESIAN_POINT('',(0.75,-0.557517111232,1.2));
#6392=VECTOR('',#7365,0.5);
#6393=CARTESIAN_POINT('',(1.25,-1.207517111232,1.2));
#6394=CARTESIAN_POINT('',(1.25,-1.207517111232,1.2));
#6395=VECTOR('',#7366,0.65);
#6396=CARTESIAN_POINT('',(0.75,-1.207517111232,1.2));
#6397=VECTOR('',#7367,0.5);
#6398=CARTESIAN_POINT('',(1.25,2.442482888768,1.5380045633836));
#6399=CARTESIAN_POINT('',(1.25,2.442482888768,1.55));
#6400=CARTESIAN_POINT('',(1.25,2.442482888768,1.5380045633836));
#6401=VECTOR('',#7368,0.01199543661641);
#6402=CARTESIAN_POINT('',(1.25,1.745,1.75));
#6403=CARTESIAN_POINT('',(1.25,2.442482888768,1.55));
#6404=VECTOR('',#7369,0.725591055708687);
#6405=CARTESIAN_POINT('',(1.25,1.732482888768,1.75));
#6406=CARTESIAN_POINT('',(1.25,1.745,1.75));
#6407=VECTOR('',#7370,0.01251711123182);
#6408=CARTESIAN_POINT('',(1.25,1.426214724424,1.675));
#6409=CARTESIAN_POINT('',(1.25,1.426214724424,1.675));
#6410=VECTOR('',#7371,0.315317599399197);
#6411=CARTESIAN_POINT('',(1.25,-0.557517111232,1.675));
#6412=CARTESIAN_POINT('',(1.25,-0.557517111232,1.675));
#6413=VECTOR('',#7372,1.983731835656);
#6414=CARTESIAN_POINT('',(1.25,-0.557517111232,2.325));
#6415=AXIS2_PLACEMENT_3D('',#7373,#7374,#7375);
#6416=CARTESIAN_POINT('',(1.25,1.426214724424,2.325));
#6417=CARTESIAN_POINT('',(1.25,1.426214724424,2.325));
#6418=VECTOR('',#7376,1.983731835656);
#6419=CARTESIAN_POINT('',(1.25,1.732482888768,2.25));
#6420=CARTESIAN_POINT('',(1.25,1.732482888768,2.25));
#6421=VECTOR('',#7377,0.315317599399197);
#6422=CARTESIAN_POINT('',(1.25,1.745,2.25));
#6423=CARTESIAN_POINT('',(1.25,1.745,2.25));
#6424=VECTOR('',#7378,0.01251711123182);
#6425=CARTESIAN_POINT('',(1.25,2.442482888768,2.45));
#6426=CARTESIAN_POINT('',(1.25,1.745,2.25));
#6427=VECTOR('',#7379,0.725591055708687);
#6428=CARTESIAN_POINT('',(1.25,2.442482888768,2.461995436616));
#6429=CARTESIAN_POINT('',(1.25,2.442482888768,2.45));
#6430=VECTOR('',#7380,0.01199543661641);
#6431=CARTESIAN_POINT('',(1.25,2.304956299185,2.611475917056));
#6432=AXIS2_PLACEMENT_3D('',#7381,#7382,#7383);
#6433=CARTESIAN_POINT('',(1.25,1.244089863556,2.7));
#6434=CARTESIAN_POINT('',(1.25,1.244089863556,2.7));
#6435=VECTOR('',#7384,1.06455347799197);
#6436=CARTESIAN_POINT('',(1.25,-0.255910136444,2.7));
#6437=CARTESIAN_POINT('',(1.25,-0.255910136444,2.7));
#6438=VECTOR('',#7385,1.5);
#6439=CARTESIAN_POINT('',(1.25,-0.557517111232,2.8));
#6440=CARTESIAN_POINT('',(1.25,-0.557517111232,2.8));
#6441=VECTOR('',#7386,0.317752682507614);
#6442=CARTESIAN_POINT('',(1.25,-1.207517111232,2.8));
#6443=VECTOR('',#7387,0.65);
#6444=CARTESIAN_POINT('',(1.25,-1.336088539803,2.70416851525));
#6445=AXIS2_PLACEMENT_3D('',#7388,#7389,#7390);
#6446=CARTESIAN_POINT('',(1.25,-1.657517111232,2.8));
#6447=CARTESIAN_POINT('',(1.25,-1.657517111232,2.8));
#6448=VECTOR('',#7391,0.335410196624998);
#6449=CARTESIAN_POINT('',(1.25,-2.057517111232,2.8));
#6450=CARTESIAN_POINT('',(1.25,-2.057517111232,2.8));
#6451=VECTOR('',#7392,0.4);
#6452=CARTESIAN_POINT('',(1.25,-2.057517111232,2.8));
#6453=VECTOR('',#7393,1.6);
#6454=CARTESIAN_POINT('',(1.25,-1.336088539803,1.29583148474999));
#6455=VECTOR('',#7394,0.335410196624998);
#6456=AXIS2_PLACEMENT_3D('',#7395,#7396,#7397);
#6457=CARTESIAN_POINT('',(1.25,-0.255910136444,1.3));
#6458=CARTESIAN_POINT('',(1.25,-0.255910136444,1.3));
#6459=VECTOR('',#7398,0.317752682507614);
#6460=CARTESIAN_POINT('',(1.25,1.244089863556,1.3));
#6461=CARTESIAN_POINT('',(1.25,1.244089863556,1.3));
#6462=VECTOR('',#7399,1.5);
#6463=CARTESIAN_POINT('',(1.25,2.304956299185,1.3885240829436));
#6464=CARTESIAN_POINT('',(1.25,2.304956299185,1.3885240829436));
#6465=VECTOR('',#7400,1.06455347799197);
#6466=AXIS2_PLACEMENT_3D('',#7401,#7402,#7403);
#6467=CARTESIAN_POINT('',(0.75,2.442482888768,1.5380045633836));
#6468=CARTESIAN_POINT('',(1.25,2.442482888768,1.5380045633836));
#6469=VECTOR('',#7404,0.5);
#6470=CARTESIAN_POINT('',(0.75,2.442482888768,1.55));
#6471=CARTESIAN_POINT('',(0.75,2.442482888768,1.5380045633836));
#6472=VECTOR('',#7405,0.01199543661641);
#6473=CARTESIAN_POINT('',(0.75,2.442482888768,1.55));
#6474=VECTOR('',#7406,0.5);
#6475=CARTESIAN_POINT('',(0.75,2.442482888768,2.45));
#6476=CARTESIAN_POINT('',(1.25,2.442482888768,2.45));
#6477=VECTOR('',#7407,0.5);
#6478=CARTESIAN_POINT('',(0.75,2.442482888768,2.461995436616));
#6479=CARTESIAN_POINT('',(0.75,2.442482888768,2.45));
#6480=VECTOR('',#7408,0.01199543661641);
#6481=CARTESIAN_POINT('',(0.75,2.442482888768,2.461995436616));
#6482=VECTOR('',#7409,0.5);
#6483=CARTESIAN_POINT('',(0.75,1.745,1.75));
#6484=CARTESIAN_POINT('',(0.75,1.745,1.75));
#6485=VECTOR('',#7410,0.725591055708687);
#6486=CARTESIAN_POINT('',(0.75,1.745,1.75));
#6487=VECTOR('',#7411,0.5);
#6488=CARTESIAN_POINT('',(0.75,1.732482888768,1.75));
#6489=CARTESIAN_POINT('',(0.75,1.745,1.75));
#6490=VECTOR('',#7412,0.01251711123182);
#6491=CARTESIAN_POINT('',(1.25,1.732482888768,1.75));
#6492=VECTOR('',#7413,0.5);
#6493=CARTESIAN_POINT('',(0.75,1.426214724424,1.675));
#6494=CARTESIAN_POINT('',(0.75,1.426214724424,1.675));
#6495=VECTOR('',#7414,0.315317599399197);
#6496=CARTESIAN_POINT('',(1.25,1.426214724424,1.675));
#6497=VECTOR('',#7415,0.5);
#6498=CARTESIAN_POINT('',(0.75,-0.557517111232,1.675));
#6499=CARTESIAN_POINT('',(0.75,-0.557517111232,1.675));
#6500=VECTOR('',#7416,1.983731835656);
#6501=CARTESIAN_POINT('',(1.25,-0.557517111232,1.675));
#6502=VECTOR('',#7417,0.5);
#6503=CARTESIAN_POINT('',(0.75,-0.557517111232,2.325));
#6504=AXIS2_PLACEMENT_3D('',#7418,#7419,#7420);
#6505=CARTESIAN_POINT('',(1.25,-0.557517111232,2.325));
#6506=VECTOR('',#7421,0.5);
#6507=CARTESIAN_POINT('',(0.75,1.426214724424,2.325));
#6508=CARTESIAN_POINT('',(0.75,1.426214724424,2.325));
#6509=VECTOR('',#7422,1.983731835656);
#6510=CARTESIAN_POINT('',(1.25,1.426214724424,2.325));
#6511=VECTOR('',#7423,0.5);
#6512=CARTESIAN_POINT('',(0.75,1.732482888768,2.25));
#6513=CARTESIAN_POINT('',(0.75,1.732482888768,2.25));
#6514=VECTOR('',#7424,0.315317599399197);
#6515=CARTESIAN_POINT('',(1.25,1.732482888768,2.25));
#6516=VECTOR('',#7425,0.5);
#6517=CARTESIAN_POINT('',(0.75,1.745,2.25));
#6518=CARTESIAN_POINT('',(1.25,1.745,2.25));
#6519=VECTOR('',#7426,0.5);
#6520=CARTESIAN_POINT('',(0.75,1.745,2.25));
#6521=VECTOR('',#7427,0.01251711123182);
#6522=CARTESIAN_POINT('',(0.75,2.442482888768,2.45));
#6523=VECTOR('',#7428,0.725591055708687);
#6524=CARTESIAN_POINT('',(0.75,2.304956299185,1.3885240829436));
#6525=AXIS2_PLACEMENT_3D('',#7429,#7430,#7431);
#6526=CARTESIAN_POINT('',(0.75,1.244089863556,1.3));
#6527=CARTESIAN_POINT('',(0.75,2.304956299185,1.3885240829436));
#6528=VECTOR('',#7432,1.06455347799197);
#6529=CARTESIAN_POINT('',(0.75,-0.255910136444,1.3));
#6530=CARTESIAN_POINT('',(0.75,1.244089863556,1.3));
#6531=VECTOR('',#7433,1.5);
#6532=CARTESIAN_POINT('',(0.75,-0.255910136444,1.3));
#6533=VECTOR('',#7434,0.317752682507614);
#6534=AXIS2_PLACEMENT_3D('',#7435,#7436,#7437);
#6535=CARTESIAN_POINT('',(0.75,-1.336088539803,1.29583148474999));
#6536=VECTOR('',#7438,0.335410196624998);
#6537=CARTESIAN_POINT('',(0.75,-2.057517111232,2.8));
#6538=CARTESIAN_POINT('',(0.75,-2.057517111232,1.2));
#6539=VECTOR('',#7439,1.6);
#6540=CARTESIAN_POINT('',(0.75,-1.657517111232,2.8));
#6541=CARTESIAN_POINT('',(0.75,-1.657517111232,2.8));
#6542=VECTOR('',#7440,0.4);
#6543=CARTESIAN_POINT('',(0.75,-1.336088539803,2.70416851525));
#6544=CARTESIAN_POINT('',(0.75,-1.657517111232,2.8));
#6545=VECTOR('',#7441,0.335410196624998);
#6546=AXIS2_PLACEMENT_3D('',#7442,#7443,#7444);
#6547=CARTESIAN_POINT('',(0.75,-0.557517111232,2.8));
#6548=CARTESIAN_POINT('',(0.75,-0.557517111232,2.8));
#6549=VECTOR('',#7445,0.65);
#6550=CARTESIAN_POINT('',(0.75,-0.255910136444,2.7));
#6551=CARTESIAN_POINT('',(0.75,-0.557517111232,2.8));
#6552=VECTOR('',#7446,0.317752682507614);
#6553=CARTESIAN_POINT('',(0.75,1.244089863556,2.7));
#6554=CARTESIAN_POINT('',(0.75,-0.255910136444,2.7));
#6555=VECTOR('',#7447,1.5);
#6556=CARTESIAN_POINT('',(0.75,2.304956299185,2.611475917056));
#6557=CARTESIAN_POINT('',(0.75,1.244089863556,2.7));
#6558=VECTOR('',#7448,1.06455347799197);
#6559=AXIS2_PLACEMENT_3D('',#7449,#7450,#7451);
#6560=CARTESIAN_POINT('',(0.75,2.304956299185,2.611475917056));
#6561=VECTOR('',#7452,0.5);
#6562=CARTESIAN_POINT('',(1.25,1.244089863556,2.7));
#6563=VECTOR('',#7453,0.5);
#6564=CARTESIAN_POINT('',(1.25,-0.255910136444,2.7));
#6565=VECTOR('',#7454,0.5);
#6566=CARTESIAN_POINT('',(0.75,-0.557517111232,2.8));
#6567=VECTOR('',#7455,0.5);
#6568=CARTESIAN_POINT('',(0.75,-1.657517111232,2.8));
#6569=VECTOR('',#7456,0.5);
#6570=CARTESIAN_POINT('',(0.75,-2.057517111232,2.8));
#6571=VECTOR('',#7457,0.5);
#6572=CARTESIAN_POINT('',(1.25,-1.336088539803,2.70416851525));
#6573=VECTOR('',#7458,0.5);
#6574=CARTESIAN_POINT('',(1.25,-0.255910136444,1.3));
#6575=VECTOR('',#7459,0.5);
#6576=CARTESIAN_POINT('',(1.25,1.244089863556,1.3));
#6577=VECTOR('',#7460,0.5);
#6578=CARTESIAN_POINT('',(1.25,2.304956299185,1.3885240829436));
#6579=VECTOR('',#7461,0.5);
#6580=CARTESIAN_POINT('',(1.25,-1.24775568076512,-0.719821627426395));
#6581=CARTESIAN_POINT('',(0.75,-1.24775568076512,-0.719821627426395));
#6582=CARTESIAN_POINT('',(1.25,-1.24775568076512,-0.719821627426395));
#6583=VECTOR('',#7462,1.0);
#6584=CARTESIAN_POINT('',(1.25,-1.336088539803,-0.70416851525001));
#6585=AXIS2_PLACEMENT_3D('',#7463,#7464,#7465);
#6586=CARTESIAN_POINT('',(0.75,-1.336088539803,-0.70416851525001));
#6587=CARTESIAN_POINT('',(1.25,-1.336088539803,-0.70416851525001));
#6588=VECTOR('',#7466,0.5);
#6589=AXIS2_PLACEMENT_3D('',#7467,#7468,#7469);
#6590=CARTESIAN_POINT('',(1.25,-1.307517111232,0.7));
#6591=CARTESIAN_POINT('',(0.75,-1.307517111232,0.7));
#6592=CARTESIAN_POINT('',(1.25,-1.307517111232,0.7));
#6593=VECTOR('',#7470,1.0);
#6594=CARTESIAN_POINT('',(1.25,-1.207517111232,0.8));
#6595=AXIS2_PLACEMENT_3D('',#7471,#7472,#7473);
#6596=CARTESIAN_POINT('',(0.75,-1.207517111232,0.8));
#6597=CARTESIAN_POINT('',(0.75,-1.207517111232,0.8));
#6598=VECTOR('',#7474,0.5);
#6599=AXIS2_PLACEMENT_3D('',#7475,#7476,#7477);
#6600=CARTESIAN_POINT('',(1.25,-2.057517111232,-0.8));
#6601=CARTESIAN_POINT('',(1.25,-1.657517111232,-0.8));
#6602=CARTESIAN_POINT('',(1.25,-2.057517111232,-0.8));
#6603=VECTOR('',#7478,0.4);
#6604=CARTESIAN_POINT('',(0.75,-2.057517111232,-0.8));
#6605=CARTESIAN_POINT('',(0.75,-2.057517111232,-0.8));
#6606=VECTOR('',#7479,0.5);
#6607=CARTESIAN_POINT('',(0.75,-1.657517111232,-0.8));
#6608=CARTESIAN_POINT('',(0.75,-1.657517111232,-0.8));
#6609=VECTOR('',#7480,0.4);
#6610=CARTESIAN_POINT('',(0.75,-1.657517111232,-0.8));
#6611=VECTOR('',#7481,0.5);
#6612=CARTESIAN_POINT('',(0.75,-0.557517111232,-0.8));
#6613=CARTESIAN_POINT('',(0.75,-1.207517111232,-0.8));
#6614=CARTESIAN_POINT('',(0.75,-0.557517111232,-0.8));
#6615=VECTOR('',#7482,0.65);
#6616=CARTESIAN_POINT('',(1.25,-0.557517111232,-0.8));
#6617=CARTESIAN_POINT('',(0.75,-0.557517111232,-0.8));
#6618=VECTOR('',#7483,0.5);
#6619=CARTESIAN_POINT('',(1.25,-1.207517111232,-0.8));
#6620=CARTESIAN_POINT('',(1.25,-1.207517111232,-0.8));
#6621=VECTOR('',#7484,0.65);
#6622=CARTESIAN_POINT('',(0.75,-1.207517111232,-0.8));
#6623=VECTOR('',#7485,0.5);
#6624=CARTESIAN_POINT('',(1.25,2.442482888768,-0.4619954366164));
#6625=CARTESIAN_POINT('',(1.25,2.442482888768,-0.45));
#6626=CARTESIAN_POINT('',(1.25,2.442482888768,-0.4619954366164));
#6627=VECTOR('',#7486,0.01199543661641);
#6628=CARTESIAN_POINT('',(1.25,1.745,-0.25));
#6629=CARTESIAN_POINT('',(1.25,2.442482888768,-0.45));
#6630=VECTOR('',#7487,0.725591055708687);
#6631=CARTESIAN_POINT('',(1.25,1.732482888768,-0.25));
#6632=CARTESIAN_POINT('',(1.25,1.745,-0.25));
#6633=VECTOR('',#7488,0.01251711123182);
#6634=CARTESIAN_POINT('',(1.25,1.426214724424,-0.325));
#6635=CARTESIAN_POINT('',(1.25,1.426214724424,-0.325));
#6636=VECTOR('',#7489,0.315317599399197);
#6637=CARTESIAN_POINT('',(1.25,-0.557517111232,-0.325));
#6638=CARTESIAN_POINT('',(1.25,-0.557517111232,-0.325));
#6639=VECTOR('',#7490,1.983731835656);
#6640=CARTESIAN_POINT('',(1.25,-0.557517111232,0.325));
#6641=AXIS2_PLACEMENT_3D('',#7491,#7492,#7493);
#6642=CARTESIAN_POINT('',(1.25,1.426214724424,0.325));
#6643=CARTESIAN_POINT('',(1.25,1.426214724424,0.325));
#6644=VECTOR('',#7494,1.983731835656);
#6645=CARTESIAN_POINT('',(1.25,1.732482888768,0.25));
#6646=CARTESIAN_POINT('',(1.25,1.732482888768,0.25));
#6647=VECTOR('',#7495,0.315317599399197);
#6648=CARTESIAN_POINT('',(1.25,1.745,0.25));
#6649=CARTESIAN_POINT('',(1.25,1.745,0.25));
#6650=VECTOR('',#7496,0.01251711123182);
#6651=CARTESIAN_POINT('',(1.25,2.442482888768,0.45));
#6652=CARTESIAN_POINT('',(1.25,1.745,0.25));
#6653=VECTOR('',#7497,0.725591055708687);
#6654=CARTESIAN_POINT('',(1.25,2.442482888768,0.461995436616));
#6655=CARTESIAN_POINT('',(1.25,2.442482888768,0.45));
#6656=VECTOR('',#7498,0.01199543661641);
#6657=CARTESIAN_POINT('',(1.25,2.304956299185,0.611475917056));
#6658=AXIS2_PLACEMENT_3D('',#7499,#7500,#7501);
#6659=CARTESIAN_POINT('',(1.25,1.244089863556,0.7));
#6660=CARTESIAN_POINT('',(1.25,1.244089863556,0.7));
#6661=VECTOR('',#7502,1.06455347799197);
#6662=CARTESIAN_POINT('',(1.25,-0.255910136444,0.7));
#6663=CARTESIAN_POINT('',(1.25,-0.255910136444,0.7));
#6664=VECTOR('',#7503,1.5);
#6665=CARTESIAN_POINT('',(1.25,-0.557517111232,0.8));
#6666=CARTESIAN_POINT('',(1.25,-0.557517111232,0.8));
#6667=VECTOR('',#7504,0.317752682507614);
#6668=CARTESIAN_POINT('',(1.25,-1.207517111232,0.8));
#6669=VECTOR('',#7505,0.65);
#6670=CARTESIAN_POINT('',(1.25,-1.336088539803,0.70416851525));
#6671=AXIS2_PLACEMENT_3D('',#7506,#7507,#7508);
#6672=CARTESIAN_POINT('',(1.25,-1.657517111232,0.8));
#6673=CARTESIAN_POINT('',(1.25,-1.657517111232,0.8));
#6674=VECTOR('',#7509,0.335410196624998);
#6675=CARTESIAN_POINT('',(1.25,-2.057517111232,0.8));
#6676=CARTESIAN_POINT('',(1.25,-2.057517111232,0.8));
#6677=VECTOR('',#7510,0.4);
#6678=CARTESIAN_POINT('',(1.25,-2.057517111232,0.8));
#6679=VECTOR('',#7511,1.6);
#6680=CARTESIAN_POINT('',(1.25,-1.336088539803,-0.70416851525001));
#6681=VECTOR('',#7512,0.335410196624998);
#6682=AXIS2_PLACEMENT_3D('',#7513,#7514,#7515);
#6683=CARTESIAN_POINT('',(1.25,-0.255910136444,-0.7));
#6684=CARTESIAN_POINT('',(1.25,-0.255910136444,-0.7));
#6685=VECTOR('',#7516,0.317752682507614);
#6686=CARTESIAN_POINT('',(1.25,1.244089863556,-0.7));
#6687=CARTESIAN_POINT('',(1.25,1.244089863556,-0.7));
#6688=VECTOR('',#7517,1.5);
#6689=CARTESIAN_POINT('',(1.25,2.304956299185,-0.6114759170564));
#6690=CARTESIAN_POINT('',(1.25,2.304956299185,-0.6114759170564));
#6691=VECTOR('',#7518,1.06455347799197);
#6692=AXIS2_PLACEMENT_3D('',#7519,#7520,#7521);
#6693=CARTESIAN_POINT('',(0.75,2.442482888768,-0.4619954366164));
#6694=CARTESIAN_POINT('',(1.25,2.442482888768,-0.4619954366164));
#6695=VECTOR('',#7522,0.5);
#6696=CARTESIAN_POINT('',(0.75,2.442482888768,-0.45));
#6697=CARTESIAN_POINT('',(0.75,2.442482888768,-0.4619954366164));
#6698=VECTOR('',#7523,0.01199543661641);
#6699=CARTESIAN_POINT('',(0.75,2.442482888768,-0.45));
#6700=VECTOR('',#7524,0.5);
#6701=CARTESIAN_POINT('',(0.75,2.442482888768,0.45));
#6702=CARTESIAN_POINT('',(1.25,2.442482888768,0.45));
#6703=VECTOR('',#7525,0.5);
#6704=CARTESIAN_POINT('',(0.75,2.442482888768,0.461995436616));
#6705=CARTESIAN_POINT('',(0.75,2.442482888768,0.45));
#6706=VECTOR('',#7526,0.01199543661641);
#6707=CARTESIAN_POINT('',(0.75,2.442482888768,0.461995436616));
#6708=VECTOR('',#7527,0.5);
#6709=CARTESIAN_POINT('',(0.75,1.745,-0.25));
#6710=CARTESIAN_POINT('',(0.75,1.745,-0.25));
#6711=VECTOR('',#7528,0.725591055708687);
#6712=CARTESIAN_POINT('',(0.75,1.745,-0.25));
#6713=VECTOR('',#7529,0.5);
#6714=CARTESIAN_POINT('',(0.75,1.732482888768,-0.25));
#6715=CARTESIAN_POINT('',(0.75,1.745,-0.25));
#6716=VECTOR('',#7530,0.01251711123182);
#6717=CARTESIAN_POINT('',(1.25,1.732482888768,-0.25));
#6718=VECTOR('',#7531,0.5);
#6719=CARTESIAN_POINT('',(0.75,1.426214724424,-0.325));
#6720=CARTESIAN_POINT('',(0.75,1.426214724424,-0.325));
#6721=VECTOR('',#7532,0.315317599399197);
#6722=CARTESIAN_POINT('',(1.25,1.426214724424,-0.325));
#6723=VECTOR('',#7533,0.5);
#6724=CARTESIAN_POINT('',(0.75,-0.557517111232,-0.325));
#6725=CARTESIAN_POINT('',(0.75,-0.557517111232,-0.325));
#6726=VECTOR('',#7534,1.983731835656);
#6727=CARTESIAN_POINT('',(1.25,-0.557517111232,-0.325));
#6728=VECTOR('',#7535,0.5);
#6729=CARTESIAN_POINT('',(0.75,-0.557517111232,0.325));
#6730=AXIS2_PLACEMENT_3D('',#7536,#7537,#7538);
#6731=CARTESIAN_POINT('',(1.25,-0.557517111232,0.325));
#6732=VECTOR('',#7539,0.5);
#6733=CARTESIAN_POINT('',(0.75,1.426214724424,0.325));
#6734=CARTESIAN_POINT('',(0.75,1.426214724424,0.325));
#6735=VECTOR('',#7540,1.983731835656);
#6736=CARTESIAN_POINT('',(1.25,1.426214724424,0.325));
#6737=VECTOR('',#7541,0.5);
#6738=CARTESIAN_POINT('',(0.75,1.732482888768,0.25));
#6739=CARTESIAN_POINT('',(0.75,1.732482888768,0.25));
#6740=VECTOR('',#7542,0.315317599399197);
#6741=CARTESIAN_POINT('',(1.25,1.732482888768,0.25));
#6742=VECTOR('',#7543,0.5);
#6743=CARTESIAN_POINT('',(0.75,1.745,0.25));
#6744=CARTESIAN_POINT('',(1.25,1.745,0.25));
#6745=VECTOR('',#7544,0.5);
#6746=CARTESIAN_POINT('',(0.75,1.745,0.25));
#6747=VECTOR('',#7545,0.01251711123182);
#6748=CARTESIAN_POINT('',(0.75,2.442482888768,0.45));
#6749=VECTOR('',#7546,0.725591055708687);
#6750=CARTESIAN_POINT('',(0.75,2.304956299185,-0.6114759170564));
#6751=AXIS2_PLACEMENT_3D('',#7547,#7548,#7549);
#6752=CARTESIAN_POINT('',(0.75,1.244089863556,-0.7));
#6753=CARTESIAN_POINT('',(0.75,2.304956299185,-0.6114759170564));
#6754=VECTOR('',#7550,1.06455347799197);
#6755=CARTESIAN_POINT('',(0.75,-0.255910136444,-0.7));
#6756=CARTESIAN_POINT('',(0.75,1.244089863556,-0.7));
#6757=VECTOR('',#7551,1.5);
#6758=CARTESIAN_POINT('',(0.75,-0.255910136444,-0.7));
#6759=VECTOR('',#7552,0.317752682507614);
#6760=AXIS2_PLACEMENT_3D('',#7553,#7554,#7555);
#6761=CARTESIAN_POINT('',(0.75,-1.336088539803,-0.70416851525001));
#6762=VECTOR('',#7556,0.335410196624998);
#6763=CARTESIAN_POINT('',(0.75,-2.057517111232,0.8));
#6764=CARTESIAN_POINT('',(0.75,-2.057517111232,-0.8));
#6765=VECTOR('',#7557,1.6);
#6766=CARTESIAN_POINT('',(0.75,-1.657517111232,0.8));
#6767=CARTESIAN_POINT('',(0.75,-1.657517111232,0.8));
#6768=VECTOR('',#7558,0.4);
#6769=CARTESIAN_POINT('',(0.75,-1.336088539803,0.70416851525));
#6770=CARTESIAN_POINT('',(0.75,-1.657517111232,0.8));
#6771=VECTOR('',#7559,0.335410196624998);
#6772=AXIS2_PLACEMENT_3D('',#7560,#7561,#7562);
#6773=CARTESIAN_POINT('',(0.75,-0.557517111232,0.8));
#6774=CARTESIAN_POINT('',(0.75,-0.557517111232,0.8));
#6775=VECTOR('',#7563,0.65);
#6776=CARTESIAN_POINT('',(0.75,-0.255910136444,0.7));
#6777=CARTESIAN_POINT('',(0.75,-0.557517111232,0.8));
#6778=VECTOR('',#7564,0.317752682507614);
#6779=CARTESIAN_POINT('',(0.75,1.244089863556,0.7));
#6780=CARTESIAN_POINT('',(0.75,-0.255910136444,0.7));
#6781=VECTOR('',#7565,1.5);
#6782=CARTESIAN_POINT('',(0.75,2.304956299185,0.611475917056));
#6783=CARTESIAN_POINT('',(0.75,1.244089863556,0.7));
#6784=VECTOR('',#7566,1.06455347799197);
#6785=AXIS2_PLACEMENT_3D('',#7567,#7568,#7569);
#6786=CARTESIAN_POINT('',(0.75,2.304956299185,0.611475917056));
#6787=VECTOR('',#7570,0.5);
#6788=CARTESIAN_POINT('',(1.25,1.244089863556,0.7));
#6789=VECTOR('',#7571,0.5);
#6790=CARTESIAN_POINT('',(1.25,-0.255910136444,0.7));
#6791=VECTOR('',#7572,0.5);
#6792=CARTESIAN_POINT('',(0.75,-0.557517111232,0.8));
#6793=VECTOR('',#7573,0.5);
#6794=CARTESIAN_POINT('',(0.75,-1.657517111232,0.8));
#6795=VECTOR('',#7574,0.5);
#6796=CARTESIAN_POINT('',(0.75,-2.057517111232,0.8));
#6797=VECTOR('',#7575,0.5);
#6798=CARTESIAN_POINT('',(1.25,-1.336088539803,0.70416851525));
#6799=VECTOR('',#7576,0.5);
#6800=CARTESIAN_POINT('',(1.25,-0.255910136444,-0.7));
#6801=VECTOR('',#7577,0.5);
#6802=CARTESIAN_POINT('',(1.25,1.244089863556,-0.7));
#6803=VECTOR('',#7578,0.5);
#6804=CARTESIAN_POINT('',(1.25,2.304956299185,-0.6114759170564));
#6805=VECTOR('',#7579,0.5);
#6806=CARTESIAN_POINT('',(1.25,-1.24775568076512,-2.71982162742639));
#6807=CARTESIAN_POINT('',(0.75,-1.24775568076512,-2.71982162742639));
#6808=CARTESIAN_POINT('',(1.25,-1.24775568076512,-2.71982162742639));
#6809=VECTOR('',#7580,1.0);
#6810=CARTESIAN_POINT('',(1.25,-1.336088539803,-2.70416851525001));
#6811=AXIS2_PLACEMENT_3D('',#7581,#7582,#7583);
#6812=CARTESIAN_POINT('',(0.75,-1.336088539803,-2.70416851525001));
#6813=CARTESIAN_POINT('',(1.25,-1.336088539803,-2.70416851525001));
#6814=VECTOR('',#7584,0.5);
#6815=AXIS2_PLACEMENT_3D('',#7585,#7586,#7587);
#6816=CARTESIAN_POINT('',(1.25,-1.307517111232,-1.3));
#6817=CARTESIAN_POINT('',(0.75,-1.307517111232,-1.3));
#6818=CARTESIAN_POINT('',(1.25,-1.307517111232,-1.3));
#6819=VECTOR('',#7588,1.0);
#6820=CARTESIAN_POINT('',(1.25,-1.207517111232,-1.2));
#6821=AXIS2_PLACEMENT_3D('',#7589,#7590,#7591);
#6822=CARTESIAN_POINT('',(0.75,-1.207517111232,-1.2));
#6823=CARTESIAN_POINT('',(0.75,-1.207517111232,-1.2));
#6824=VECTOR('',#7592,0.5);
#6825=AXIS2_PLACEMENT_3D('',#7593,#7594,#7595);
#6826=CARTESIAN_POINT('',(1.25,-2.057517111232,-2.8));
#6827=CARTESIAN_POINT('',(1.25,-1.657517111232,-2.8));
#6828=CARTESIAN_POINT('',(1.25,-2.057517111232,-2.8));
#6829=VECTOR('',#7596,0.4);
#6830=CARTESIAN_POINT('',(0.75,-2.057517111232,-2.8));
#6831=CARTESIAN_POINT('',(0.75,-2.057517111232,-2.8));
#6832=VECTOR('',#7597,0.5);
#6833=CARTESIAN_POINT('',(0.75,-1.657517111232,-2.8));
#6834=CARTESIAN_POINT('',(0.75,-1.657517111232,-2.8));
#6835=VECTOR('',#7598,0.4);
#6836=CARTESIAN_POINT('',(0.75,-1.657517111232,-2.8));
#6837=VECTOR('',#7599,0.5);
#6838=CARTESIAN_POINT('',(0.75,-0.557517111232,-2.8));
#6839=CARTESIAN_POINT('',(0.75,-1.207517111232,-2.8));
#6840=CARTESIAN_POINT('',(0.75,-0.557517111232,-2.8));
#6841=VECTOR('',#7600,0.65);
#6842=CARTESIAN_POINT('',(1.25,-0.557517111232,-2.8));
#6843=CARTESIAN_POINT('',(0.75,-0.557517111232,-2.8));
#6844=VECTOR('',#7601,0.5);
#6845=CARTESIAN_POINT('',(1.25,-1.207517111232,-2.8));
#6846=CARTESIAN_POINT('',(1.25,-1.207517111232,-2.8));
#6847=VECTOR('',#7602,0.65);
#6848=CARTESIAN_POINT('',(0.75,-1.207517111232,-2.8));
#6849=VECTOR('',#7603,0.5);
#6850=CARTESIAN_POINT('',(1.25,2.442482888768,-2.4619954366164));
#6851=CARTESIAN_POINT('',(1.25,2.442482888768,-2.45));
#6852=CARTESIAN_POINT('',(1.25,2.442482888768,-2.4619954366164));
#6853=VECTOR('',#7604,0.01199543661641);
#6854=CARTESIAN_POINT('',(1.25,1.745,-2.25));
#6855=CARTESIAN_POINT('',(1.25,2.442482888768,-2.45));
#6856=VECTOR('',#7605,0.725591055708687);
#6857=CARTESIAN_POINT('',(1.25,1.732482888768,-2.25));
#6858=CARTESIAN_POINT('',(1.25,1.745,-2.25));
#6859=VECTOR('',#7606,0.01251711123182);
#6860=CARTESIAN_POINT('',(1.25,1.426214724424,-2.325));
#6861=CARTESIAN_POINT('',(1.25,1.426214724424,-2.325));
#6862=VECTOR('',#7607,0.315317599399197);
#6863=CARTESIAN_POINT('',(1.25,-0.557517111232,-2.325));
#6864=CARTESIAN_POINT('',(1.25,-0.557517111232,-2.325));
#6865=VECTOR('',#7608,1.983731835656);
#6866=CARTESIAN_POINT('',(1.25,-0.557517111232,-1.675));
#6867=AXIS2_PLACEMENT_3D('',#7609,#7610,#7611);
#6868=CARTESIAN_POINT('',(1.25,1.426214724424,-1.675));
#6869=CARTESIAN_POINT('',(1.25,1.426214724424,-1.675));
#6870=VECTOR('',#7612,1.983731835656);
#6871=CARTESIAN_POINT('',(1.25,1.732482888768,-1.75));
#6872=CARTESIAN_POINT('',(1.25,1.732482888768,-1.75));
#6873=VECTOR('',#7613,0.315317599399197);
#6874=CARTESIAN_POINT('',(1.25,1.745,-1.75));
#6875=CARTESIAN_POINT('',(1.25,1.745,-1.75));
#6876=VECTOR('',#7614,0.01251711123182);
#6877=CARTESIAN_POINT('',(1.25,2.442482888768,-1.55));
#6878=CARTESIAN_POINT('',(1.25,1.745,-1.75));
#6879=VECTOR('',#7615,0.725591055708687);
#6880=CARTESIAN_POINT('',(1.25,2.442482888768,-1.538004563384));
#6881=CARTESIAN_POINT('',(1.25,2.442482888768,-1.55));
#6882=VECTOR('',#7616,0.01199543661641);
#6883=CARTESIAN_POINT('',(1.25,2.304956299185,-1.388524082944));
#6884=AXIS2_PLACEMENT_3D('',#7617,#7618,#7619);
#6885=CARTESIAN_POINT('',(1.25,1.244089863556,-1.3));
#6886=CARTESIAN_POINT('',(1.25,1.244089863556,-1.3));
#6887=VECTOR('',#7620,1.06455347799197);
#6888=CARTESIAN_POINT('',(1.25,-0.255910136444,-1.3));
#6889=CARTESIAN_POINT('',(1.25,-0.255910136444,-1.3));
#6890=VECTOR('',#7621,1.5);
#6891=CARTESIAN_POINT('',(1.25,-0.557517111232,-1.2));
#6892=CARTESIAN_POINT('',(1.25,-0.557517111232,-1.2));
#6893=VECTOR('',#7622,0.317752682507614);
#6894=CARTESIAN_POINT('',(1.25,-1.207517111232,-1.2));
#6895=VECTOR('',#7623,0.65);
#6896=CARTESIAN_POINT('',(1.25,-1.336088539803,-1.29583148475));
#6897=AXIS2_PLACEMENT_3D('',#7624,#7625,#7626);
#6898=CARTESIAN_POINT('',(1.25,-1.657517111232,-1.2));
#6899=CARTESIAN_POINT('',(1.25,-1.657517111232,-1.2));
#6900=VECTOR('',#7627,0.335410196624998);
#6901=CARTESIAN_POINT('',(1.25,-2.057517111232,-1.2));
#6902=CARTESIAN_POINT('',(1.25,-2.057517111232,-1.2));
#6903=VECTOR('',#7628,0.4);
#6904=CARTESIAN_POINT('',(1.25,-2.057517111232,-1.2));
#6905=VECTOR('',#7629,1.6);
#6906=CARTESIAN_POINT('',(1.25,-1.336088539803,-2.70416851525001));
#6907=VECTOR('',#7630,0.335410196624998);
#6908=AXIS2_PLACEMENT_3D('',#7631,#7632,#7633);
#6909=CARTESIAN_POINT('',(1.25,-0.255910136444,-2.7));
#6910=CARTESIAN_POINT('',(1.25,-0.255910136444,-2.7));
#6911=VECTOR('',#7634,0.317752682507614);
#6912=CARTESIAN_POINT('',(1.25,1.244089863556,-2.7));
#6913=CARTESIAN_POINT('',(1.25,1.244089863556,-2.7));
#6914=VECTOR('',#7635,1.5);
#6915=CARTESIAN_POINT('',(1.25,2.304956299185,-2.6114759170564));
#6916=CARTESIAN_POINT('',(1.25,2.304956299185,-2.6114759170564));
#6917=VECTOR('',#7636,1.06455347799197);
#6918=AXIS2_PLACEMENT_3D('',#7637,#7638,#7639);
#6919=CARTESIAN_POINT('',(0.75,2.442482888768,-2.4619954366164));
#6920=CARTESIAN_POINT('',(1.25,2.442482888768,-2.4619954366164));
#6921=VECTOR('',#7640,0.5);
#6922=CARTESIAN_POINT('',(0.75,2.442482888768,-2.45));
#6923=CARTESIAN_POINT('',(0.75,2.442482888768,-2.4619954366164));
#6924=VECTOR('',#7641,0.01199543661641);
#6925=CARTESIAN_POINT('',(0.75,2.442482888768,-2.45));
#6926=VECTOR('',#7642,0.5);
#6927=CARTESIAN_POINT('',(0.75,2.442482888768,-1.55));
#6928=CARTESIAN_POINT('',(1.25,2.442482888768,-1.55));
#6929=VECTOR('',#7643,0.5);
#6930=CARTESIAN_POINT('',(0.75,2.442482888768,-1.538004563384));
#6931=CARTESIAN_POINT('',(0.75,2.442482888768,-1.55));
#6932=VECTOR('',#7644,0.01199543661641);
#6933=CARTESIAN_POINT('',(0.75,2.442482888768,-1.538004563384));
#6934=VECTOR('',#7645,0.5);
#6935=CARTESIAN_POINT('',(0.75,1.745,-2.25));
#6936=CARTESIAN_POINT('',(0.75,1.745,-2.25));
#6937=VECTOR('',#7646,0.725591055708687);
#6938=CARTESIAN_POINT('',(0.75,1.745,-2.25));
#6939=VECTOR('',#7647,0.5);
#6940=CARTESIAN_POINT('',(0.75,1.732482888768,-2.25));
#6941=CARTESIAN_POINT('',(0.75,1.745,-2.25));
#6942=VECTOR('',#7648,0.01251711123182);
#6943=CARTESIAN_POINT('',(1.25,1.732482888768,-2.25));
#6944=VECTOR('',#7649,0.5);
#6945=CARTESIAN_POINT('',(0.75,1.426214724424,-2.325));
#6946=CARTESIAN_POINT('',(0.75,1.426214724424,-2.325));
#6947=VECTOR('',#7650,0.315317599399197);
#6948=CARTESIAN_POINT('',(1.25,1.426214724424,-2.325));
#6949=VECTOR('',#7651,0.5);
#6950=CARTESIAN_POINT('',(0.75,-0.557517111232,-2.325));
#6951=CARTESIAN_POINT('',(0.75,-0.557517111232,-2.325));
#6952=VECTOR('',#7652,1.983731835656);
#6953=CARTESIAN_POINT('',(1.25,-0.557517111232,-2.325));
#6954=VECTOR('',#7653,0.5);
#6955=CARTESIAN_POINT('',(0.75,-0.557517111232,-1.675));
#6956=AXIS2_PLACEMENT_3D('',#7654,#7655,#7656);
#6957=CARTESIAN_POINT('',(1.25,-0.557517111232,-1.675));
#6958=VECTOR('',#7657,0.5);
#6959=CARTESIAN_POINT('',(0.75,1.426214724424,-1.675));
#6960=CARTESIAN_POINT('',(0.75,1.426214724424,-1.675));
#6961=VECTOR('',#7658,1.983731835656);
#6962=CARTESIAN_POINT('',(1.25,1.426214724424,-1.675));
#6963=VECTOR('',#7659,0.5);
#6964=CARTESIAN_POINT('',(0.75,1.732482888768,-1.75));
#6965=CARTESIAN_POINT('',(0.75,1.732482888768,-1.75));
#6966=VECTOR('',#7660,0.315317599399197);
#6967=CARTESIAN_POINT('',(1.25,1.732482888768,-1.75));
#6968=VECTOR('',#7661,0.5);
#6969=CARTESIAN_POINT('',(0.75,1.745,-1.75));
#6970=CARTESIAN_POINT('',(1.25,1.745,-1.75));
#6971=VECTOR('',#7662,0.5);
#6972=CARTESIAN_POINT('',(0.75,1.745,-1.75));
#6973=VECTOR('',#7663,0.01251711123182);
#6974=CARTESIAN_POINT('',(0.75,2.442482888768,-1.55));
#6975=VECTOR('',#7664,0.725591055708687);
#6976=CARTESIAN_POINT('',(0.75,2.304956299185,-2.6114759170564));
#6977=AXIS2_PLACEMENT_3D('',#7665,#7666,#7667);
#6978=CARTESIAN_POINT('',(0.75,1.244089863556,-2.7));
#6979=CARTESIAN_POINT('',(0.75,2.304956299185,-2.6114759170564));
#6980=VECTOR('',#7668,1.06455347799197);
#6981=CARTESIAN_POINT('',(0.75,-0.255910136444,-2.7));
#6982=CARTESIAN_POINT('',(0.75,1.244089863556,-2.7));
#6983=VECTOR('',#7669,1.5);
#6984=CARTESIAN_POINT('',(0.75,-0.255910136444,-2.7));
#6985=VECTOR('',#7670,0.317752682507614);
#6986=AXIS2_PLACEMENT_3D('',#7671,#7672,#7673);
#6987=CARTESIAN_POINT('',(0.75,-1.336088539803,-2.70416851525001));
#6988=VECTOR('',#7674,0.335410196624998);
#6989=CARTESIAN_POINT('',(0.75,-2.057517111232,-1.2));
#6990=CARTESIAN_POINT('',(0.75,-2.057517111232,-2.8));
#6991=VECTOR('',#7675,1.6);
#6992=CARTESIAN_POINT('',(0.75,-1.657517111232,-1.2));
#6993=CARTESIAN_POINT('',(0.75,-1.657517111232,-1.2));
#6994=VECTOR('',#7676,0.4);
#6995=CARTESIAN_POINT('',(0.75,-1.336088539803,-1.29583148475));
#6996=CARTESIAN_POINT('',(0.75,-1.657517111232,-1.2));
#6997=VECTOR('',#7677,0.335410196624998);
#6998=AXIS2_PLACEMENT_3D('',#7678,#7679,#7680);
#6999=CARTESIAN_POINT('',(0.75,-0.557517111232,-1.2));
#7000=CARTESIAN_POINT('',(0.75,-0.557517111232,-1.2));
#7001=VECTOR('',#7681,0.65);
#7002=CARTESIAN_POINT('',(0.75,-0.255910136444,-1.3));
#7003=CARTESIAN_POINT('',(0.75,-0.557517111232,-1.2));
#7004=VECTOR('',#7682,0.317752682507614);
#7005=CARTESIAN_POINT('',(0.75,1.244089863556,-1.3));
#7006=CARTESIAN_POINT('',(0.75,-0.255910136444,-1.3));
#7007=VECTOR('',#7683,1.5);
#7008=CARTESIAN_POINT('',(0.75,2.304956299185,-1.388524082944));
#7009=CARTESIAN_POINT('',(0.75,1.244089863556,-1.3));
#7010=VECTOR('',#7684,1.06455347799197);
#7011=AXIS2_PLACEMENT_3D('',#7685,#7686,#7687);
#7012=CARTESIAN_POINT('',(0.75,2.304956299185,-1.388524082944));
#7013=VECTOR('',#7688,0.5);
#7014=CARTESIAN_POINT('',(1.25,1.244089863556,-1.3));
#7015=VECTOR('',#7689,0.5);
#7016=CARTESIAN_POINT('',(1.25,-0.255910136444,-1.3));
#7017=VECTOR('',#7690,0.5);
#7018=CARTESIAN_POINT('',(0.75,-0.557517111232,-1.2));
#7019=VECTOR('',#7691,0.5);
#7020=CARTESIAN_POINT('',(0.75,-1.657517111232,-1.2));
#7021=VECTOR('',#7692,0.5);
#7022=CARTESIAN_POINT('',(0.75,-2.057517111232,-1.2));
#7023=VECTOR('',#7693,0.5);
#7024=CARTESIAN_POINT('',(1.25,-1.336088539803,-1.29583148475));
#7025=VECTOR('',#7694,0.5);
#7026=CARTESIAN_POINT('',(1.25,-0.255910136444,-2.7));
#7027=VECTOR('',#7695,0.5);
#7028=CARTESIAN_POINT('',(1.25,1.244089863556,-2.7));
#7029=VECTOR('',#7696,0.5);
#7030=CARTESIAN_POINT('',(1.25,2.304956299185,-2.6114759170564));
#7031=VECTOR('',#7697,0.5);
#7032=DIRECTION('',(0.0,0.0,-1.0));
#7033=CARTESIAN_POINT('',(0.0,-2.95,-1.83));
#7034=DIRECTION('',(1.0,0.0,0.0));
#7035=DIRECTION('',(0.0,1.0,0.0));
#7036=DIRECTION('',(0.0,1.0,0.0));
#7037=DIRECTION('',(0.0,0.0,-1.0));
#7038=DIRECTION('',(0.0,1.0,0.0));
#7039=CARTESIAN_POINT('',(0.0,-2.95,-0.17));
#7040=DIRECTION('',(1.0,0.0,0.0));
#7041=DIRECTION('',(0.0,0.0,-1.0));
#7042=DIRECTION('',(0.0,0.0,-1.0));
#7043=CARTESIAN_POINT('',(0.0,-2.95,0.17));
#7044=DIRECTION('',(1.0,0.0,0.0));
#7045=DIRECTION('',(0.0,1.0,0.0));
#7046=DIRECTION('',(0.0,1.0,0.0));
#7047=DIRECTION('',(0.0,0.0,-1.0));
#7048=DIRECTION('',(0.0,1.0,0.0));
#7049=CARTESIAN_POINT('',(0.0,-2.95,1.83));
#7050=DIRECTION('',(1.0,0.0,0.0));
#7051=DIRECTION('',(0.0,0.0,-1.0));
#7052=DIRECTION('',(0.0,0.0,-1.0));
#7053=CARTESIAN_POINT('',(0.0,-2.95,2.17));
#7054=DIRECTION('',(1.0,0.0,0.0));
#7055=DIRECTION('',(0.0,1.0,0.0));
#7056=DIRECTION('',(0.0,1.0,0.0));
#7057=DIRECTION('',(0.0,0.0,-1.0));
#7058=DIRECTION('',(0.0,-1.0,0.0));
#7059=DIRECTION('',(0.0,0.0,1.0));
#7060=DIRECTION('',(0.0,1.0,0.0));
#7061=DIRECTION('',(0.0,0.0,-1.0));
#7062=DIRECTION('',(0.0,1.0,0.0));
#7063=CARTESIAN_POINT('',(0.0,-2.95,-2.17));
#7064=DIRECTION('',(1.0,0.0,0.0));
#7065=DIRECTION('',(0.0,0.0,-1.0));
#7066=DIRECTION('',(1.0,0.0,0.0));
#7067=DIRECTION('',(1.0,0.0,0.0));
#7068=DIRECTION('',(0.0,0.0,-1.0));
#7069=DIRECTION('',(1.0,0.0,0.0));
#7070=DIRECTION('',(0.0,0.0,-1.0));
#7071=DIRECTION('',(1.0,0.0,0.0));
#7072=DIRECTION('',(0.0,0.0,-1.0));
#7073=CARTESIAN_POINT('',(0.5,-2.95,-1.83));
#7074=DIRECTION('',(-1.0,0.0,0.0));
#7075=DIRECTION('',(0.0,0.0,1.0));
#7076=DIRECTION('',(1.0,0.0,0.0));
#7077=DIRECTION('',(0.0,1.0,0.0));
#7078=DIRECTION('',(1.0,0.0,0.0));
#7079=DIRECTION('',(1.0,0.0,0.0));
#7080=DIRECTION('',(0.0,1.0,0.0));
#7081=DIRECTION('',(1.0,0.0,0.0));
#7082=DIRECTION('',(0.0,1.0,0.0));
#7083=DIRECTION('',(1.0,0.0,0.0));
#7084=DIRECTION('',(0.0,0.0,-1.0));
#7085=DIRECTION('',(1.0,0.0,0.0));
#7086=DIRECTION('',(1.0,0.0,0.0));
#7087=DIRECTION('',(0.0,0.0,-1.0));
#7088=DIRECTION('',(1.0,0.0,0.0));
#7089=DIRECTION('',(0.0,0.0,-1.0));
#7090=DIRECTION('',(1.0,0.0,0.0));
#7091=DIRECTION('',(0.0,0.0,-1.0));
#7092=DIRECTION('',(1.0,0.0,0.0));
#7093=DIRECTION('',(1.0,0.0,0.0));
#7094=DIRECTION('',(0.0,0.0,-1.0));
#7095=DIRECTION('',(1.0,0.0,0.0));
#7096=DIRECTION('',(0.0,0.0,-1.0));
#7097=DIRECTION('',(1.0,0.0,0.0));
#7098=DIRECTION('',(1.0,0.0,0.0));
#7099=DIRECTION('',(0.0,0.0,-1.0));
#7100=DIRECTION('',(1.0,0.0,0.0));
#7101=DIRECTION('',(0.0,0.0,-1.0));
#7102=DIRECTION('',(1.0,0.0,0.0));
#7103=DIRECTION('',(0.0,0.0,-1.0));
#7104=DIRECTION('',(0.0,0.0,-1.0));
#7105=DIRECTION('',(1.0,0.0,0.0));
#7106=DIRECTION('',(0.0,0.0,-1.0));
#7107=DIRECTION('',(1.0,0.0,0.0));
#7108=DIRECTION('',(0.0,0.0,-1.0));
#7109=DIRECTION('',(1.0,0.0,0.0));
#7110=DIRECTION('',(0.0,1.0,0.0));
#7111=DIRECTION('',(1.0,0.0,0.0));
#7112=DIRECTION('',(0.0,1.0,0.0));
#7113=DIRECTION('',(0.0,1.0,0.0));
#7114=DIRECTION('',(1.0,0.0,0.0));
#7115=CARTESIAN_POINT('',(0.5,-2.95,2.17));
#7116=DIRECTION('',(-1.0,0.0,0.0));
#7117=DIRECTION('',(0.0,0.0,1.0));
#7118=DIRECTION('',(1.0,0.0,0.0));
#7119=DIRECTION('',(0.0,0.0,-1.0));
#7120=DIRECTION('',(1.0,0.0,0.0));
#7121=DIRECTION('',(0.0,0.0,-1.0));
#7122=DIRECTION('',(1.0,0.0,0.0));
#7123=DIRECTION('',(0.0,0.0,-1.0));
#7124=DIRECTION('',(0.0,1.0,0.0));
#7125=DIRECTION('',(0.0,1.0,0.0));
#7126=DIRECTION('',(0.0,0.0,1.0));
#7127=DIRECTION('',(0.0,1.0,0.0));
#7128=CARTESIAN_POINT('',(0.5,-2.95,1.83));
#7129=DIRECTION('',(-1.0,0.0,0.0));
#7130=DIRECTION('',(0.0,1.0,0.0));
#7131=DIRECTION('',(0.0,1.0,0.0));
#7132=DIRECTION('',(0.0,1.0,0.0));
#7133=CARTESIAN_POINT('',(0.5,-2.95,0.17));
#7134=DIRECTION('',(-1.0,0.0,0.0));
#7135=DIRECTION('',(0.0,0.0,1.0));
#7136=DIRECTION('',(0.0,0.0,-1.0));
#7137=CARTESIAN_POINT('',(0.5,-2.95,-0.17));
#7138=DIRECTION('',(-1.0,0.0,0.0));
#7139=DIRECTION('',(0.0,1.0,0.0));
#7140=DIRECTION('',(0.0,1.0,0.0));
#7141=CARTESIAN_POINT('',(0.5,-2.95,-2.17));
#7142=DIRECTION('',(-1.0,0.0,0.0));
#7143=DIRECTION('',(0.0,1.0,0.0));
#7144=DIRECTION('',(1.0,0.0,0.0));
#7145=DIRECTION('',(1.0,0.0,0.0));
#7146=DIRECTION('',(0.0,1.0,0.0));
#7147=DIRECTION('',(0.0,1.0,0.0));
#7148=CARTESIAN_POINT('',(2.0,-2.95,-2.17));
#7149=DIRECTION('',(-1.0,0.0,0.0));
#7150=DIRECTION('',(0.0,1.0,0.0));
#7151=CARTESIAN_POINT('',(1.5,-2.95,-2.17));
#7152=DIRECTION('',(1.0,0.0,0.0));
#7153=DIRECTION('',(0.0,0.0,-1.0));
#7154=DIRECTION('',(0.0,1.0,0.0));
#7155=CARTESIAN_POINT('',(1.5,-2.95,-0.17));
#7156=DIRECTION('',(1.0,0.0,0.0));
#7157=DIRECTION('',(0.0,0.0,-1.0));
#7158=DIRECTION('',(0.0,0.0,-1.0));
#7159=CARTESIAN_POINT('',(1.5,-2.95,0.17));
#7160=DIRECTION('',(1.0,0.0,0.0));
#7161=DIRECTION('',(0.0,1.0,0.0));
#7162=DIRECTION('',(0.0,1.0,0.0));
#7163=DIRECTION('',(0.0,1.0,0.0));
#7164=CARTESIAN_POINT('',(1.5,-2.95,1.83));
#7165=DIRECTION('',(1.0,0.0,0.0));
#7166=DIRECTION('',(0.0,0.0,-1.0));
#7167=CARTESIAN_POINT('',(1.5,-2.95,2.17));
#7168=DIRECTION('',(1.0,0.0,0.0));
#7169=DIRECTION('',(0.0,1.0,0.0));
#7170=DIRECTION('',(0.0,1.0,0.0));
#7171=DIRECTION('',(0.0,0.0,1.0));
#7172=DIRECTION('',(0.0,1.0,0.0));
#7173=CARTESIAN_POINT('',(1.5,-2.95,-1.83));
#7174=DIRECTION('',(1.0,0.0,0.0));
#7175=DIRECTION('',(0.0,1.0,0.0));
#7176=CARTESIAN_POINT('',(2.0,-2.95,-1.83));
#7177=DIRECTION('',(-1.0,0.0,0.0));
#7178=DIRECTION('',(0.0,0.0,1.0));
#7179=DIRECTION('',(0.0,1.0,0.0));
#7180=DIRECTION('',(0.0,0.0,1.0));
#7181=DIRECTION('',(0.0,-1.0,0.0));
#7182=CARTESIAN_POINT('',(2.0,-2.95,2.17));
#7183=DIRECTION('',(-1.0,0.0,0.0));
#7184=DIRECTION('',(0.0,0.0,1.0));
#7185=CARTESIAN_POINT('',(2.0,-2.95,1.83));
#7186=DIRECTION('',(-1.0,0.0,0.0));
#7187=DIRECTION('',(0.0,1.0,0.0));
#7188=DIRECTION('',(0.0,1.0,0.0));
#7189=DIRECTION('',(0.0,1.0,0.0));
#7190=CARTESIAN_POINT('',(2.0,-2.95,0.17));
#7191=DIRECTION('',(-1.0,0.0,0.0));
#7192=DIRECTION('',(0.0,0.0,1.0));
#7193=DIRECTION('',(0.0,0.0,-1.0));
#7194=CARTESIAN_POINT('',(2.0,-2.95,-0.17));
#7195=DIRECTION('',(-1.0,0.0,0.0));
#7196=DIRECTION('',(0.0,1.0,0.0));
#7197=DIRECTION('',(0.0,1.0,0.0));
#7198=DIRECTION('',(1.0,0.0,0.0));
#7199=DIRECTION('',(1.0,0.0,0.0));
#7200=DIRECTION('',(1.0,0.0,0.0));
#7201=DIRECTION('',(1.0,0.0,0.0));
#7202=DIRECTION('',(1.0,0.0,0.0));
#7203=DIRECTION('',(1.0,0.0,0.0));
#7204=DIRECTION('',(1.0,0.0,0.0));
#7205=DIRECTION('',(1.0,0.0,0.0));
#7206=DIRECTION('',(1.0,0.0,0.0));
#7207=DIRECTION('',(1.0,0.0,0.0));
#7208=DIRECTION('',(1.0,0.0,0.0));
#7209=DIRECTION('',(1.0,0.0,0.0));
#7210=DIRECTION('',(1.0,0.0,0.0));
#7211=DIRECTION('',(1.0,0.0,0.0));
#7212=DIRECTION('',(0.0,0.0,1.0));
#7213=DIRECTION('',(-1.0,0.0,0.0));
#7214=DIRECTION('',(0.0,0.0,-1.0));
#7215=DIRECTION('',(1.0,0.0,0.0));
#7216=DIRECTION('',(0.0,0.0,1.0));
#7217=DIRECTION('',(-1.0,0.0,0.0));
#7218=DIRECTION('',(0.0,0.0,-1.0));
#7219=DIRECTION('',(1.0,0.0,0.0));
#7220=DIRECTION('',(0.0,0.0,1.0));
#7221=DIRECTION('',(-1.0,0.0,0.0));
#7222=DIRECTION('',(0.0,0.0,-1.0));
#7223=DIRECTION('',(1.0,0.0,0.0));
#7224=DIRECTION('',(1.0,0.0,0.0));
#7225=DIRECTION('',(0.0,0.0,-1.0));
#7226=DIRECTION('',(-1.0,0.0,0.0));
#7227=DIRECTION('',(0.0,0.0,1.0));
#7228=DIRECTION('',(1.0,0.0,0.0));
#7229=DIRECTION('',(0.0,0.0,-1.0));
#7230=DIRECTION('',(-1.0,0.0,0.0));
#7231=DIRECTION('',(0.0,0.0,1.0));
#7232=DIRECTION('',(1.0,0.0,0.0));
#7233=DIRECTION('',(0.0,0.0,-1.0));
#7234=DIRECTION('',(-1.0,0.0,0.0));
#7235=DIRECTION('',(0.0,0.0,1.0));
#7236=DIRECTION('',(0.0,0.0,-1.0));
#7237=DIRECTION('',(-1.0,0.0,0.0));
#7238=DIRECTION('',(0.0,0.0,1.0));
#7239=DIRECTION('',(1.0,0.0,0.0));
#7240=DIRECTION('',(0.0,0.0,-1.0));
#7241=DIRECTION('',(-1.0,0.0,0.0));
#7242=DIRECTION('',(0.0,0.0,1.0));
#7243=DIRECTION('',(1.0,0.0,0.0));
#7244=DIRECTION('',(0.0,0.0,-1.0));
#7245=DIRECTION('',(-1.0,0.0,0.0));
#7246=DIRECTION('',(0.0,0.0,1.0));
#7247=DIRECTION('',(1.0,0.0,0.0));
#7248=DIRECTION('',(0.0,0.0,-1.0));
#7249=DIRECTION('',(-1.0,0.0,0.0));
#7250=DIRECTION('',(0.0,0.0,1.0));
#7251=DIRECTION('',(1.0,0.0,0.0));
#7252=DIRECTION('',(0.0,0.0,-1.0));
#7253=DIRECTION('',(-1.0,0.0,0.0));
#7254=DIRECTION('',(0.0,0.0,1.0));
#7255=DIRECTION('',(1.0,0.0,0.0));
#7256=DIRECTION('',(0.0,0.0,-1.0));
#7257=DIRECTION('',(-1.0,0.0,0.0));
#7258=DIRECTION('',(0.0,0.0,1.0));
#7259=DIRECTION('',(1.0,0.0,0.0));
#7260=DIRECTION('',(-1.0,0.0,0.0));
#7261=DIRECTION('',(0.0,1.0,0.0));
#7262=DIRECTION('',(0.0,-1.0,0.0));
#7263=DIRECTION('',(-1.0,0.0,0.0));
#7264=DIRECTION('',(0.0,-1.0,0.0));
#7265=DIRECTION('',(0.0,1.0,0.0));
#7266=DIRECTION('',(0.0,0.0,1.0));
#7267=DIRECTION('',(-1.0,0.0,0.0));
#7268=DIRECTION('',(0.0,0.0,-1.0));
#7269=DIRECTION('',(-1.0,0.0,0.0));
#7270=DIRECTION('',(0.0,0.0,-1.0));
#7271=DIRECTION('',(1.0,0.0,0.0));
#7272=DIRECTION('',(0.0,0.0,1.0));
#7273=DIRECTION('',(0.0,1.0,0.0));
#7274=DIRECTION('',(0.0,1.0,0.0));
#7275=DIRECTION('',(0.0,1.0,0.0));
#7276=DIRECTION('',(0.0,1.0,0.0));
#7277=DIRECTION('',(0.0,1.0,0.0));
#7278=DIRECTION('',(0.0,1.0,0.0));
#7279=DIRECTION('',(0.0,-1.0,0.0));
#7280=DIRECTION('',(1.0,0.0,0.0));
#7281=DIRECTION('',(0.0,-1.0,0.0));
#7282=DIRECTION('',(0.0,0.0,-1.0));
#7283=DIRECTION('',(-0.577350269189626,0.577350269189626,-0.577350269189626));
#7284=DIRECTION('',(-0.577350269189626,0.577350269189626,0.577350269189626));
#7285=DIRECTION('',(0.577350269189626,0.577350269189626,0.577350269189626));
#7286=DIRECTION('',(0.577350269189626,0.577350269189626,-0.577350269189626));
#7287=DIRECTION('',(0.0,0.0,1.0));
#7288=DIRECTION('',(0.0,0.0,-1.0));
#7289=DIRECTION('',(0.0,1.0,0.0));
#7290=DIRECTION('',(0.0,1.0,0.0));
#7291=DIRECTION('',(0.0,0.0,-1.0));
#7292=DIRECTION('',(0.0,1.0,0.0));
#7293=DIRECTION('',(0.0,1.0,0.0));
#7294=DIRECTION('',(-1.0,0.0,0.0));
#7295=DIRECTION('',(0.0,0.0,1.0));
#7296=DIRECTION('',(-1.0,0.0,0.0));
#7297=DIRECTION('',(1.0,0.0,0.0));
#7298=DIRECTION('',(0.0,0.0,1.0));
#7299=DIRECTION('',(-1.0,0.0,0.0));
#7300=DIRECTION('',(0.0,1.0,0.0));
#7301=DIRECTION('',(0.0,1.0,0.0));
#7302=DIRECTION('',(0.0,1.0,0.0));
#7303=DIRECTION('',(0.0,1.0,0.0));
#7304=DIRECTION('',(0.0,-1.0,0.0));
#7305=DIRECTION('',(1.0,0.0,0.0));
#7306=DIRECTION('',(0.0,-1.0,0.0));
#7307=DIRECTION('',(0.0,0.0,-1.0));
#7308=DIRECTION('',(0.0,-1.0,0.0));
#7309=DIRECTION('',(-0.577350269189626,0.577350269189626,-0.577350269189626));
#7310=DIRECTION('',(-0.577350269189626,0.577350269189626,0.577350269189626));
#7311=DIRECTION('',(0.577350269189626,0.577350269189626,0.577350269189626));
#7312=DIRECTION('',(-1.0,0.0,0.0));
#7313=DIRECTION('',(0.0,-1.0,0.0));
#7314=DIRECTION('',(0.0,0.0,1.0));
#7315=DIRECTION('',(0.577350269189626,0.577350269189626,-0.577350269189626));
#7316=DIRECTION('',(0.0,0.0,-1.0));
#7317=DIRECTION('',(0.0,1.0,0.0));
#7318=DIRECTION('',(0.0,1.0,0.0));
#7319=DIRECTION('',(0.0,0.0,-1.0));
#7320=DIRECTION('',(0.0,1.0,0.0));
#7321=DIRECTION('',(0.0,1.0,0.0));
#7322=DIRECTION('',(-1.0,0.0,0.0));
#7323=DIRECTION('',(0.0,0.0,1.0));
#7324=DIRECTION('',(-1.0,0.0,0.0));
#7325=DIRECTION('',(1.0,0.0,0.0));
#7326=DIRECTION('',(0.0,0.0,1.0));
#7327=DIRECTION('',(-1.0,0.0,0.0));
#7328=DIRECTION('',(0.0,1.0,0.0));
#7329=DIRECTION('',(0.0,1.0,0.0));
#7330=DIRECTION('',(0.0,1.0,0.0));
#7331=DIRECTION('',(0.0,1.0,0.0));
#7332=DIRECTION('',(0.0,-1.0,0.0));
#7333=DIRECTION('',(1.0,0.0,0.0));
#7334=DIRECTION('',(0.0,-1.0,0.0));
#7335=DIRECTION('',(0.0,0.0,-1.0));
#7336=DIRECTION('',(0.0,-1.0,0.0));
#7337=DIRECTION('',(-0.577350269189626,0.577350269189626,-0.577350269189626));
#7338=DIRECTION('',(-0.577350269189626,0.577350269189626,0.577350269189626));
#7339=DIRECTION('',(0.577350269189626,0.577350269189626,0.577350269189626));
#7340=DIRECTION('',(-1.0,0.0,0.0));
#7341=DIRECTION('',(0.0,-1.0,0.0));
#7342=DIRECTION('',(0.0,0.0,1.0));
#7343=DIRECTION('',(0.577350269189626,0.577350269189626,-0.577350269189626));
#7344=DIRECTION('',(-1.0,-0.0,-0.0));
#7345=CARTESIAN_POINT('',(1.25,-1.307517111232,1.2));
#7346=DIRECTION('',(1.0,0.0,0.0));
#7347=DIRECTION('',(0.0,1.0,0.0));
#7348=DIRECTION('',(-1.0,0.0,0.0));
#7349=CARTESIAN_POINT('',(0.75,-1.307517111232,1.2));
#7350=DIRECTION('',(1.0,0.0,0.0));
#7351=DIRECTION('',(0.0,1.0,0.0));
#7352=DIRECTION('',(-1.0,-0.0,0.0));
#7353=CARTESIAN_POINT('',(1.25,-1.307517111232,2.8));
#7354=DIRECTION('',(1.0,0.0,0.0));
#7355=DIRECTION('',(0.0,-0.285714285714301,-0.958314847499905));
#7356=DIRECTION('',(1.0,0.0,0.0));
#7357=CARTESIAN_POINT('',(0.75,-1.307517111232,2.8));
#7358=DIRECTION('',(1.0,0.0,0.0));
#7359=DIRECTION('',(0.0,-0.285714285714301,-0.958314847499905));
#7360=DIRECTION('',(0.0,1.0,0.0));
#7361=DIRECTION('',(1.0,0.0,0.0));
#7362=DIRECTION('',(0.0,-1.0,0.0));
#7363=DIRECTION('',(1.0,0.0,0.0));
#7364=DIRECTION('',(0.0,-1.0,0.0));
#7365=DIRECTION('',(1.0,0.0,0.0));
#7366=DIRECTION('',(0.0,1.0,0.0));
#7367=DIRECTION('',(1.0,0.0,0.0));
#7368=DIRECTION('',(0.0,0.0,1.0));
#7369=DIRECTION('',(0.0,-0.961261695938317,0.275637355817005));
#7370=DIRECTION('',(0.0,-1.0,0.0));
#7371=DIRECTION('',(0.0,0.97130057100501,0.237855419878003));
#7372=DIRECTION('',(0.0,1.0,0.0));
#7373=CARTESIAN_POINT('',(1.25,-0.557517111232,2.0));
#7374=DIRECTION('',(1.0,0.0,-0.0));
#7375=DIRECTION('',(0.0,0.0,1.0));
#7376=DIRECTION('',(0.0,-1.0,0.0));
#7377=DIRECTION('',(0.0,-0.97130057100501,0.237855419878003));
#7378=DIRECTION('',(0.0,-1.0,0.0));
#7379=DIRECTION('',(0.0,0.961261695938317,0.275637355817005));
#7380=DIRECTION('',(0.0,0.0,1.0));
#7381=CARTESIAN_POINT('',(1.25,2.292482888768,2.461995436616));
#7382=DIRECTION('',(1.0,0.0,0.0));
#7383=DIRECTION('',(0.0,1.0,0.0));
#7384=DIRECTION('',(0.0,0.996536536266731,-0.0831560694447826));
#7385=DIRECTION('',(0.0,1.0,0.0));
#7386=DIRECTION('',(0.0,0.949187816158858,-0.314710167702886));
#7387=DIRECTION('',(0.0,1.0,0.0));
#7388=CARTESIAN_POINT('',(1.25,-1.307517111232,2.8));
#7389=DIRECTION('',(1.0,0.0,0.0));
#7390=DIRECTION('',(0.0,-0.285714285714301,-0.958314847499905));
#7391=DIRECTION('',(0.0,0.958314847499905,-0.285714285714302));
#7392=DIRECTION('',(0.0,1.0,0.0));
#7393=DIRECTION('',(0.0,0.0,-1.0));
#7394=DIRECTION('',(0.0,-0.958314847499905,-0.285714285714302));
#7395=CARTESIAN_POINT('',(1.25,-1.307517111232,1.2));
#7396=DIRECTION('',(1.0,0.0,0.0));
#7397=DIRECTION('',(0.0,1.0,0.0));
#7398=DIRECTION('',(0.0,-0.949187816158858,-0.314710167702886));
#7399=DIRECTION('',(0.0,-1.0,0.0));
#7400=DIRECTION('',(0.0,-0.996536536266731,-0.0831560694447826));
#7401=CARTESIAN_POINT('',(1.25,2.292482888768,1.5380045633836));
#7402=DIRECTION('',(1.0,0.0,0.0));
#7403=DIRECTION('',(0.0,0.0831560694447826,-0.996536536266731));
#7404=DIRECTION('',(-1.0,0.0,0.0));
#7405=DIRECTION('',(0.0,0.0,1.0));
#7406=DIRECTION('',(1.0,0.0,0.0));
#7407=DIRECTION('',(-1.0,0.0,0.0));
#7408=DIRECTION('',(0.0,0.0,1.0));
#7409=DIRECTION('',(1.0,0.0,0.0));
#7410=DIRECTION('',(0.0,0.961261695938317,-0.275637355817005));
#7411=DIRECTION('',(1.0,0.0,0.0));
#7412=DIRECTION('',(0.0,-1.0,0.0));
#7413=DIRECTION('',(-1.0,0.0,0.0));
#7414=DIRECTION('',(0.0,0.97130057100501,0.237855419878003));
#7415=DIRECTION('',(-1.0,0.0,0.0));
#7416=DIRECTION('',(0.0,1.0,0.0));
#7417=DIRECTION('',(-1.0,0.0,0.0));
#7418=CARTESIAN_POINT('',(0.75,-0.557517111232,2.0));
#7419=DIRECTION('',(1.0,0.0,-0.0));
#7420=DIRECTION('',(0.0,0.0,1.0));
#7421=DIRECTION('',(-1.0,0.0,0.0));
#7422=DIRECTION('',(0.0,-1.0,0.0));
#7423=DIRECTION('',(-1.0,0.0,0.0));
#7424=DIRECTION('',(0.0,-0.97130057100501,0.237855419878003));
#7425=DIRECTION('',(-1.0,0.0,0.0));
#7426=DIRECTION('',(-1.0,0.0,0.0));
#7427=DIRECTION('',(0.0,-1.0,0.0));
#7428=DIRECTION('',(0.0,-0.961261695938317,-0.275637355817005));
#7429=CARTESIAN_POINT('',(0.75,2.292482888768,1.5380045633836));
#7430=DIRECTION('',(-1.0,0.0,0.0));
#7431=DIRECTION('',(0.0,1.0,1.147230458779E-14));
#7432=DIRECTION('',(0.0,-0.996536536266731,-0.0831560694447826));
#7433=DIRECTION('',(0.0,-1.0,0.0));
#7434=DIRECTION('',(0.0,-0.949187816158858,-0.314710167702886));
#7435=CARTESIAN_POINT('',(0.75,-1.307517111232,1.2));
#7436=DIRECTION('',(1.0,0.0,0.0));
#7437=DIRECTION('',(0.0,1.0,0.0));
#7438=DIRECTION('',(0.0,-0.958314847499905,-0.285714285714302));
#7439=DIRECTION('',(0.0,0.0,1.0));
#7440=DIRECTION('',(0.0,-1.0,0.0));
#7441=DIRECTION('',(0.0,0.958314847499905,-0.285714285714302));
#7442=CARTESIAN_POINT('',(0.75,-1.307517111232,2.8));
#7443=DIRECTION('',(1.0,0.0,0.0));
#7444=DIRECTION('',(0.0,-0.285714285714301,-0.958314847499905));
#7445=DIRECTION('',(0.0,-1.0,0.0));
#7446=DIRECTION('',(0.0,0.949187816158858,-0.314710167702886));
#7447=DIRECTION('',(0.0,1.0,0.0));
#7448=DIRECTION('',(0.0,0.996536536266731,-0.0831560694447826));
#7449=CARTESIAN_POINT('',(0.75,2.292482888768,2.461995436616));
#7450=DIRECTION('',(-1.0,0.0,0.0));
#7451=DIRECTION('',(0.0,0.0831560694447826,0.996536536266731));
#7452=DIRECTION('',(1.0,0.0,0.0));
#7453=DIRECTION('',(-1.0,0.0,0.0));
#7454=DIRECTION('',(-1.0,0.0,0.0));
#7455=DIRECTION('',(1.0,0.0,0.0));
#7456=DIRECTION('',(1.0,0.0,0.0));
#7457=DIRECTION('',(1.0,0.0,0.0));
#7458=DIRECTION('',(-1.0,0.0,0.0));
#7459=DIRECTION('',(-1.0,0.0,0.0));
#7460=DIRECTION('',(-1.0,0.0,0.0));
#7461=DIRECTION('',(-1.0,0.0,0.0));
#7462=DIRECTION('',(-1.0,-0.0,-0.0));
#7463=CARTESIAN_POINT('',(1.25,-1.307517111232,-0.8));
#7464=DIRECTION('',(1.0,0.0,0.0));
#7465=DIRECTION('',(0.0,1.0,0.0));
#7466=DIRECTION('',(-1.0,0.0,0.0));
#7467=CARTESIAN_POINT('',(0.75,-1.307517111232,-0.8));
#7468=DIRECTION('',(1.0,0.0,0.0));
#7469=DIRECTION('',(0.0,1.0,0.0));
#7470=DIRECTION('',(-1.0,-0.0,0.0));
#7471=CARTESIAN_POINT('',(1.25,-1.307517111232,0.8));
#7472=DIRECTION('',(1.0,0.0,0.0));
#7473=DIRECTION('',(0.0,-0.285714285714301,-0.958314847499905));
#7474=DIRECTION('',(1.0,0.0,0.0));
#7475=CARTESIAN_POINT('',(0.75,-1.307517111232,0.8));
#7476=DIRECTION('',(1.0,0.0,0.0));
#7477=DIRECTION('',(0.0,-0.285714285714301,-0.958314847499905));
#7478=DIRECTION('',(0.0,1.0,0.0));
#7479=DIRECTION('',(1.0,0.0,0.0));
#7480=DIRECTION('',(0.0,-1.0,0.0));
#7481=DIRECTION('',(1.0,0.0,0.0));
#7482=DIRECTION('',(0.0,-1.0,0.0));
#7483=DIRECTION('',(1.0,0.0,0.0));
#7484=DIRECTION('',(0.0,1.0,0.0));
#7485=DIRECTION('',(1.0,0.0,0.0));
#7486=DIRECTION('',(0.0,0.0,1.0));
#7487=DIRECTION('',(0.0,-0.961261695938317,0.275637355817005));
#7488=DIRECTION('',(0.0,-1.0,0.0));
#7489=DIRECTION('',(0.0,0.97130057100501,0.237855419878003));
#7490=DIRECTION('',(0.0,1.0,0.0));
#7491=CARTESIAN_POINT('',(1.25,-0.557517111232,0.0));
#7492=DIRECTION('',(1.0,0.0,-0.0));
#7493=DIRECTION('',(0.0,0.0,1.0));
#7494=DIRECTION('',(0.0,-1.0,0.0));
#7495=DIRECTION('',(0.0,-0.97130057100501,0.237855419878003));
#7496=DIRECTION('',(0.0,-1.0,0.0));
#7497=DIRECTION('',(0.0,0.961261695938317,0.275637355817005));
#7498=DIRECTION('',(0.0,0.0,1.0));
#7499=CARTESIAN_POINT('',(1.25,2.292482888768,0.461995436616));
#7500=DIRECTION('',(1.0,0.0,0.0));
#7501=DIRECTION('',(0.0,1.0,0.0));
#7502=DIRECTION('',(0.0,0.996536536266731,-0.0831560694447826));
#7503=DIRECTION('',(0.0,1.0,0.0));
#7504=DIRECTION('',(0.0,0.949187816158858,-0.314710167702886));
#7505=DIRECTION('',(0.0,1.0,0.0));
#7506=CARTESIAN_POINT('',(1.25,-1.307517111232,0.8));
#7507=DIRECTION('',(1.0,0.0,0.0));
#7508=DIRECTION('',(0.0,-0.285714285714301,-0.958314847499905));
#7509=DIRECTION('',(0.0,0.958314847499905,-0.285714285714302));
#7510=DIRECTION('',(0.0,1.0,0.0));
#7511=DIRECTION('',(0.0,0.0,-1.0));
#7512=DIRECTION('',(0.0,-0.958314847499905,-0.285714285714302));
#7513=CARTESIAN_POINT('',(1.25,-1.307517111232,-0.8));
#7514=DIRECTION('',(1.0,0.0,0.0));
#7515=DIRECTION('',(0.0,1.0,0.0));
#7516=DIRECTION('',(0.0,-0.949187816158858,-0.314710167702886));
#7517=DIRECTION('',(0.0,-1.0,0.0));
#7518=DIRECTION('',(0.0,-0.996536536266731,-0.0831560694447826));
#7519=CARTESIAN_POINT('',(1.25,2.292482888768,-0.4619954366164));
#7520=DIRECTION('',(1.0,0.0,0.0));
#7521=DIRECTION('',(0.0,0.0831560694447826,-0.996536536266731));
#7522=DIRECTION('',(-1.0,0.0,0.0));
#7523=DIRECTION('',(0.0,0.0,1.0));
#7524=DIRECTION('',(1.0,0.0,0.0));
#7525=DIRECTION('',(-1.0,0.0,0.0));
#7526=DIRECTION('',(0.0,0.0,1.0));
#7527=DIRECTION('',(1.0,0.0,0.0));
#7528=DIRECTION('',(0.0,0.961261695938317,-0.275637355817005));
#7529=DIRECTION('',(1.0,0.0,0.0));
#7530=DIRECTION('',(0.0,-1.0,0.0));
#7531=DIRECTION('',(-1.0,0.0,0.0));
#7532=DIRECTION('',(0.0,0.97130057100501,0.237855419878003));
#7533=DIRECTION('',(-1.0,0.0,0.0));
#7534=DIRECTION('',(0.0,1.0,0.0));
#7535=DIRECTION('',(-1.0,0.0,0.0));
#7536=CARTESIAN_POINT('',(0.75,-0.557517111232,0.0));
#7537=DIRECTION('',(1.0,0.0,-0.0));
#7538=DIRECTION('',(0.0,0.0,1.0));
#7539=DIRECTION('',(-1.0,0.0,0.0));
#7540=DIRECTION('',(0.0,-1.0,0.0));
#7541=DIRECTION('',(-1.0,0.0,0.0));
#7542=DIRECTION('',(0.0,-0.97130057100501,0.237855419878003));
#7543=DIRECTION('',(-1.0,0.0,0.0));
#7544=DIRECTION('',(-1.0,0.0,0.0));
#7545=DIRECTION('',(0.0,-1.0,0.0));
#7546=DIRECTION('',(0.0,-0.961261695938317,-0.275637355817005));
#7547=CARTESIAN_POINT('',(0.75,2.292482888768,-0.4619954366164));
#7548=DIRECTION('',(-1.0,0.0,0.0));
#7549=DIRECTION('',(0.0,1.0,1.147230458779E-14));
#7550=DIRECTION('',(0.0,-0.996536536266731,-0.0831560694447826));
#7551=DIRECTION('',(0.0,-1.0,0.0));
#7552=DIRECTION('',(0.0,-0.949187816158858,-0.314710167702886));
#7553=CARTESIAN_POINT('',(0.75,-1.307517111232,-0.8));
#7554=DIRECTION('',(1.0,0.0,0.0));
#7555=DIRECTION('',(0.0,1.0,0.0));
#7556=DIRECTION('',(0.0,-0.958314847499905,-0.285714285714302));
#7557=DIRECTION('',(0.0,0.0,1.0));
#7558=DIRECTION('',(0.0,-1.0,0.0));
#7559=DIRECTION('',(0.0,0.958314847499905,-0.285714285714302));
#7560=CARTESIAN_POINT('',(0.75,-1.307517111232,0.8));
#7561=DIRECTION('',(1.0,0.0,0.0));
#7562=DIRECTION('',(0.0,-0.285714285714301,-0.958314847499905));
#7563=DIRECTION('',(0.0,-1.0,0.0));
#7564=DIRECTION('',(0.0,0.949187816158858,-0.314710167702886));
#7565=DIRECTION('',(0.0,1.0,0.0));
#7566=DIRECTION('',(0.0,0.996536536266731,-0.0831560694447826));
#7567=CARTESIAN_POINT('',(0.75,2.292482888768,0.461995436616));
#7568=DIRECTION('',(-1.0,0.0,0.0));
#7569=DIRECTION('',(0.0,0.0831560694447826,0.996536536266731));
#7570=DIRECTION('',(1.0,0.0,0.0));
#7571=DIRECTION('',(-1.0,0.0,0.0));
#7572=DIRECTION('',(-1.0,0.0,0.0));
#7573=DIRECTION('',(1.0,0.0,0.0));
#7574=DIRECTION('',(1.0,0.0,0.0));
#7575=DIRECTION('',(1.0,0.0,0.0));
#7576=DIRECTION('',(-1.0,0.0,0.0));
#7577=DIRECTION('',(-1.0,0.0,0.0));
#7578=DIRECTION('',(-1.0,0.0,0.0));
#7579=DIRECTION('',(-1.0,0.0,0.0));
#7580=DIRECTION('',(-1.0,-0.0,-0.0));
#7581=CARTESIAN_POINT('',(1.25,-1.307517111232,-2.8));
#7582=DIRECTION('',(1.0,0.0,0.0));
#7583=DIRECTION('',(0.0,1.0,0.0));
#7584=DIRECTION('',(-1.0,0.0,0.0));
#7585=CARTESIAN_POINT('',(0.75,-1.307517111232,-2.8));
#7586=DIRECTION('',(1.0,0.0,0.0));
#7587=DIRECTION('',(0.0,1.0,0.0));
#7588=DIRECTION('',(-1.0,-0.0,0.0));
#7589=CARTESIAN_POINT('',(1.25,-1.307517111232,-1.2));
#7590=DIRECTION('',(1.0,0.0,0.0));
#7591=DIRECTION('',(0.0,-0.285714285714301,-0.958314847499905));
#7592=DIRECTION('',(1.0,0.0,0.0));
#7593=CARTESIAN_POINT('',(0.75,-1.307517111232,-1.2));
#7594=DIRECTION('',(1.0,0.0,0.0));
#7595=DIRECTION('',(0.0,-0.285714285714301,-0.958314847499905));
#7596=DIRECTION('',(0.0,1.0,0.0));
#7597=DIRECTION('',(1.0,0.0,0.0));
#7598=DIRECTION('',(0.0,-1.0,0.0));
#7599=DIRECTION('',(1.0,0.0,0.0));
#7600=DIRECTION('',(0.0,-1.0,0.0));
#7601=DIRECTION('',(1.0,0.0,0.0));
#7602=DIRECTION('',(0.0,1.0,0.0));
#7603=DIRECTION('',(1.0,0.0,0.0));
#7604=DIRECTION('',(0.0,0.0,1.0));
#7605=DIRECTION('',(0.0,-0.961261695938317,0.275637355817005));
#7606=DIRECTION('',(0.0,-1.0,0.0));
#7607=DIRECTION('',(0.0,0.97130057100501,0.237855419878003));
#7608=DIRECTION('',(0.0,1.0,0.0));
#7609=CARTESIAN_POINT('',(1.25,-0.557517111232,-2.0));
#7610=DIRECTION('',(1.0,0.0,-0.0));
#7611=DIRECTION('',(0.0,0.0,1.0));
#7612=DIRECTION('',(0.0,-1.0,0.0));
#7613=DIRECTION('',(0.0,-0.97130057100501,0.237855419878003));
#7614=DIRECTION('',(0.0,-1.0,0.0));
#7615=DIRECTION('',(0.0,0.961261695938317,0.275637355817005));
#7616=DIRECTION('',(0.0,0.0,1.0));
#7617=CARTESIAN_POINT('',(1.25,2.292482888768,-1.538004563384));
#7618=DIRECTION('',(1.0,0.0,0.0));
#7619=DIRECTION('',(0.0,1.0,0.0));
#7620=DIRECTION('',(0.0,0.996536536266731,-0.0831560694447826));
#7621=DIRECTION('',(0.0,1.0,0.0));
#7622=DIRECTION('',(0.0,0.949187816158858,-0.314710167702886));
#7623=DIRECTION('',(0.0,1.0,0.0));
#7624=CARTESIAN_POINT('',(1.25,-1.307517111232,-1.2));
#7625=DIRECTION('',(1.0,0.0,0.0));
#7626=DIRECTION('',(0.0,-0.285714285714301,-0.958314847499905));
#7627=DIRECTION('',(0.0,0.958314847499905,-0.285714285714302));
#7628=DIRECTION('',(0.0,1.0,0.0));
#7629=DIRECTION('',(0.0,0.0,-1.0));
#7630=DIRECTION('',(0.0,-0.958314847499905,-0.285714285714302));
#7631=CARTESIAN_POINT('',(1.25,-1.307517111232,-2.8));
#7632=DIRECTION('',(1.0,0.0,0.0));
#7633=DIRECTION('',(0.0,1.0,0.0));
#7634=DIRECTION('',(0.0,-0.949187816158858,-0.314710167702886));
#7635=DIRECTION('',(0.0,-1.0,0.0));
#7636=DIRECTION('',(0.0,-0.996536536266731,-0.0831560694447826));
#7637=CARTESIAN_POINT('',(1.25,2.292482888768,-2.4619954366164));
#7638=DIRECTION('',(1.0,0.0,0.0));
#7639=DIRECTION('',(0.0,0.0831560694447826,-0.996536536266731));
#7640=DIRECTION('',(-1.0,0.0,0.0));
#7641=DIRECTION('',(0.0,0.0,1.0));
#7642=DIRECTION('',(1.0,0.0,0.0));
#7643=DIRECTION('',(-1.0,0.0,0.0));
#7644=DIRECTION('',(0.0,0.0,1.0));
#7645=DIRECTION('',(1.0,0.0,0.0));
#7646=DIRECTION('',(0.0,0.961261695938317,-0.275637355817005));
#7647=DIRECTION('',(1.0,0.0,0.0));
#7648=DIRECTION('',(0.0,-1.0,0.0));
#7649=DIRECTION('',(-1.0,0.0,0.0));
#7650=DIRECTION('',(0.0,0.97130057100501,0.237855419878003));
#7651=DIRECTION('',(-1.0,0.0,0.0));
#7652=DIRECTION('',(0.0,1.0,0.0));
#7653=DIRECTION('',(-1.0,0.0,0.0));
#7654=CARTESIAN_POINT('',(0.75,-0.557517111232,-2.0));
#7655=DIRECTION('',(1.0,0.0,-0.0));
#7656=DIRECTION('',(0.0,0.0,1.0));
#7657=DIRECTION('',(-1.0,0.0,0.0));
#7658=DIRECTION('',(0.0,-1.0,0.0));
#7659=DIRECTION('',(-1.0,0.0,0.0));
#7660=DIRECTION('',(0.0,-0.97130057100501,0.237855419878003));
#7661=DIRECTION('',(-1.0,0.0,0.0));
#7662=DIRECTION('',(-1.0,0.0,0.0));
#7663=DIRECTION('',(0.0,-1.0,0.0));
#7664=DIRECTION('',(0.0,-0.961261695938317,-0.275637355817005));
#7665=CARTESIAN_POINT('',(0.75,2.292482888768,-2.4619954366164));
#7666=DIRECTION('',(-1.0,0.0,0.0));
#7667=DIRECTION('',(0.0,1.0,1.147230458779E-14));
#7668=DIRECTION('',(0.0,-0.996536536266731,-0.0831560694447826));
#7669=DIRECTION('',(0.0,-1.0,0.0));
#7670=DIRECTION('',(0.0,-0.949187816158858,-0.314710167702886));
#7671=CARTESIAN_POINT('',(0.75,-1.307517111232,-2.8));
#7672=DIRECTION('',(1.0,0.0,0.0));
#7673=DIRECTION('',(0.0,1.0,0.0));
#7674=DIRECTION('',(0.0,-0.958314847499905,-0.285714285714302));
#7675=DIRECTION('',(0.0,0.0,1.0));
#7676=DIRECTION('',(0.0,-1.0,0.0));
#7677=DIRECTION('',(0.0,0.958314847499905,-0.285714285714302));
#7678=CARTESIAN_POINT('',(0.75,-1.307517111232,-1.2));
#7679=DIRECTION('',(1.0,0.0,0.0));
#7680=DIRECTION('',(0.0,-0.285714285714301,-0.958314847499905));
#7681=DIRECTION('',(0.0,-1.0,0.0));
#7682=DIRECTION('',(0.0,0.949187816158858,-0.314710167702886));
#7683=DIRECTION('',(0.0,1.0,0.0));
#7684=DIRECTION('',(0.0,0.996536536266731,-0.0831560694447826));
#7685=CARTESIAN_POINT('',(0.75,2.292482888768,-1.538004563384));
#7686=DIRECTION('',(-1.0,0.0,0.0));
#7687=DIRECTION('',(0.0,0.0831560694447826,0.996536536266731));
#7688=DIRECTION('',(1.0,0.0,0.0));
#7689=DIRECTION('',(-1.0,0.0,0.0));
#7690=DIRECTION('',(-1.0,0.0,0.0));
#7691=DIRECTION('',(1.0,0.0,0.0));
#7692=DIRECTION('',(1.0,0.0,0.0));
#7693=DIRECTION('',(1.0,0.0,0.0));
#7694=DIRECTION('',(-1.0,0.0,0.0));
#7695=DIRECTION('',(-1.0,0.0,0.0));
#7696=DIRECTION('',(-1.0,0.0,0.0));
#7697=DIRECTION('',(-1.0,0.0,0.0));
ENDSEC;
END-ISO-10303-21;
