ISO-10303-21;
HEADER;
FILE_DESCRIPTION (( 'STEP AP214' ),
    '1' );
FILE_NAME ('PTS815 SJG 250 SMTR LFS.STEP',
    '2025-04-02T23:47:43',
    ( '' ),
    ( '' ),
    'SwSTEP 2.0',
    'SolidWorks 2021',
    '' );
FILE_SCHEMA (( 'AUTOMOTIVE_DESIGN' ));
ENDSEC;

DATA;
#1 = CARTESIAN_POINT ( 'NONE',  ( 1.420000000000000817, 1.849999999999999645, 1.554999999999999272 ) ) ;
#2 = DIRECTION ( 'NONE',  ( -1.000000000000000000, 0.000000000000000000, 0.000000000000000000 ) ) ;
#3 = CARTESIAN_POINT ( 'NONE',  ( 2.100000000000000089, 0.1499999999999997169, 0.8000000000000000444 ) ) ;
#4 = VECTOR ( 'NONE', #5822, 1000.000000000000000 ) ;
#5 = LINE ( 'NONE', #889, #1110 ) ;
#6 = ORIENTED_EDGE ( 'NONE', *, *, #1756, .F. ) ;
#7 = EDGE_CURVE ( 'NONE', #1118, #1945, #3273, .T. ) ;
#8 = CARTESIAN_POINT ( 'NONE',  ( 1.749999999999999778, 0.1499999999999997724, 1.600000000000000089 ) ) ;
#9 = CARTESIAN_POINT ( 'NONE',  ( 2.274543651416819579, 0.1623701247003876136, -1.350000000000000089 ) ) ;
#10 = ORIENTED_EDGE ( 'NONE', *, *, #368, .T. ) ;
#11 = LINE ( 'NONE', #3046, #439 ) ;
#12 = CARTESIAN_POINT ( 'NONE',  ( 1.542867965644037165, 1.849999999999999645, -1.542867965644033834 ) ) ;
#13 = DIRECTION ( 'NONE',  ( -1.000000000000000000, 0.000000000000000000, -0.000000000000000000 ) ) ;
#14 = EDGE_LOOP ( 'NONE', ( #1761, #103, #208, #881 ) ) ;
#15 = EDGE_CURVE ( 'NONE', #3534, #4622, #645, .T. ) ;
#16 = CARTESIAN_POINT ( 'NONE',  ( -2.100000000000000089, 0.000000000000000000, 1.350000000000000089 ) ) ;
#17 = CARTESIAN_POINT ( 'NONE',  ( 2.024999999999999911, 1.399999999999999689, -1.600000000000000089 ) ) ;
#18 = EDGE_CURVE ( 'NONE', #3453, #4270, #409, .T. ) ;
#19 = DIRECTION ( 'NONE',  ( -1.000000000000000000, 0.000000000000000000, 0.000000000000000000 ) ) ;
#20 = ORIENTED_EDGE ( 'NONE', *, *, #3234, .F. ) ;
#21 = DIRECTION ( 'NONE',  ( 0.000000000000000000, -0.000000000000000000, 1.000000000000000000 ) ) ;
#22 = ORIENTED_EDGE ( 'NONE', *, *, #3965, .F. ) ;
#23 = COLOUR_RGB ( '',0.7921568627450980005, 0.8196078431372548767, 0.9333333333333333481 ) ;
#24 = CIRCLE ( 'NONE', #3308, 0.07499999999999998335 ) ;
#25 = CARTESIAN_POINT ( 'NONE',  ( 1.749999999999999778, 0.1499999999999997724, -1.600000000000000089 ) ) ;
#26 = CARTESIAN_POINT ( 'NONE',  ( 1.295000000000001039, 1.550000000000000266, 1.521506350946108865 ) ) ;
#27 = ORIENTED_EDGE ( 'NONE', *, *, #330, .T. ) ;
#28 =( GEOMETRIC_REPRESENTATION_CONTEXT ( 3 ) GLOBAL_UNCERTAINTY_ASSIGNED_CONTEXT ( ( #3331 ) ) GLOBAL_UNIT_ASSIGNED_CONTEXT ( ( #1990, #4210, #2017 ) ) REPRESENTATION_CONTEXT ( 'NONE', 'WORKASPACE' ) );
#29 = AXIS2_PLACEMENT_3D ( 'NONE', #499, #3709, #4504 ) ;
#30 = LINE ( 'NONE', #1842, #3662 ) ;
#31 = CARTESIAN_POINT ( 'NONE',  ( 2.124934807345259635, 0.1731957321000552052, 0.8000000000000000444 ) ) ;
#32 = FACE_OUTER_BOUND ( 'NONE', #624, .T. ) ;
#33 = DIRECTION ( 'NONE',  ( 0.000000000000000000, 0.000000000000000000, -1.000000000000000000 ) ) ;
#34 = LINE ( 'NONE', #1847, #4133 ) ;
#35 = ORIENTED_EDGE ( 'NONE', *, *, #4232, .F. ) ;
#36 = FACE_BOUND ( 'NONE', #723, .T. ) ;
#37 = DIRECTION ( 'NONE',  ( 0.000000000000000000, 1.000000000000000000, 0.000000000000000000 ) ) ;
#38 = ORIENTED_EDGE ( 'NONE', *, *, #1473, .T. ) ;
#39 = DIRECTION ( 'NONE',  ( 0.000000000000000000, 0.000000000000000000, 1.000000000000000000 ) ) ;
#40 = CARTESIAN_POINT ( 'NONE',  ( -2.100000000000000089, 0.1749999999999997946, 0.8000000000000000444 ) ) ;
#41 = PLANE ( 'NONE',  #1500 ) ;
#42 = ORIENTED_EDGE ( 'NONE', *, *, #2870, .F. ) ;
#43 = EDGE_CURVE ( 'NONE', #4485, #1456, #2214, .T. ) ;
#44 = DIRECTION ( 'NONE',  ( 0.000000000000000000, 0.000000000000000000, 1.000000000000000000 ) ) ;
#45 = CARTESIAN_POINT ( 'NONE',  ( 2.100000000000000089, 0.1499999999999999667, -0.8000000000000000444 ) ) ;
#46 = DIRECTION ( 'NONE',  ( 0.000000000000000000, 0.000000000000000000, 1.000000000000000000 ) ) ;
#47 = ORIENTED_EDGE ( 'NONE', *, *, #4995, .F. ) ;
#48 = CARTESIAN_POINT ( 'NONE',  ( -1.955000000000000515, 1.849999999999999645, -1.554999999999999716 ) ) ;
#49 = ORIENTED_EDGE ( 'NONE', *, *, #1162, .F. ) ;
#50 = EDGE_CURVE ( 'NONE', #713, #3484, #1302, .T. ) ;
#51 = ADVANCED_FACE ( 'NONE', ( #5397 ), #1239, .T. ) ;
#52 = CARTESIAN_POINT ( 'NONE',  ( -1.749999999999999778, 0.1499999999999997724, 0.8000000000000000444 ) ) ;
#53 = ORIENTED_EDGE ( 'NONE', *, *, #3548, .F. ) ;
#54 = DIRECTION ( 'NONE',  ( -0.7071067811865483499, 0.000000000000000000, -0.7071067811865467956 ) ) ;
#55 = CARTESIAN_POINT ( 'NONE',  ( 0.3999999999999998557, 2.700000000000000178, -0.9000000000000004663 ) ) ;
#56 = DIRECTION ( 'NONE',  ( 0.000000000000000000, 1.000000000000000000, 0.000000000000000000 ) ) ;
#57 = PLANE ( 'NONE',  #1970 ) ;
#58 = ORIENTED_EDGE ( 'NONE', *, *, #1512, .T. ) ;
#59 = MECHANICAL_DESIGN_GEOMETRIC_PRESENTATION_REPRESENTATION (  '', ( #3174 ), #1570 ) ;
#60 = LINE ( 'NONE', #2367, #353 ) ;
#61 = CARTESIAN_POINT ( 'NONE',  ( 2.274543651416819579, 0.1623701247003876136, -0.8000000000000000444 ) ) ;
#62 = ORIENTED_EDGE ( 'NONE', *, *, #3294, .T. ) ;
#63 = CARTESIAN_POINT ( 'NONE',  ( -2.000157082654852037, 1.849999999999999645, 1.070151285479566949 ) ) ;
#64 = VECTOR ( 'NONE', #505, 1000.000000000000000 ) ;
#65 = ORIENTED_EDGE ( 'NONE', *, *, #2435, .T. ) ;
#66 = ORIENTED_EDGE ( 'NONE', *, *, #5649, .T. ) ;
#67 = DIRECTION ( 'NONE',  ( -0.8164965809277247022, -0.5773502691896276184, 0.000000000000000000 ) ) ;
#68 = ADVANCED_FACE ( 'NONE', ( #3914 ), #5715, .T. ) ;
#69 = LINE ( 'NONE', #4113, #3481 ) ;
#70 = VERTEX_POINT ( 'NONE', #3030 ) ;
#71 = LINE ( 'NONE', #3677, #2496 ) ;
#72 = ORIENTED_EDGE ( 'NONE', *, *, #584, .T. ) ;
#73 = VECTOR ( 'NONE', #819, 1000.000000000000000 ) ;
#74 = LINE ( 'NONE', #26, #5163 ) ;
#75 = EDGE_LOOP ( 'NONE', ( #2494, #2369, #5460, #1524 ) ) ;
#76 = ADVANCED_FACE ( 'NONE', ( #2629 ), #2659, .T. ) ;
#77 = EDGE_CURVE ( 'NONE', #1984, #1627, #3602, .T. ) ;
#78 = PLANE ( 'NONE',  #4073 ) ;
#79 = FACE_BOUND ( 'NONE', #1392, .T. ) ;
#80 = VECTOR ( 'NONE', #5663, 1000.000000000000000 ) ;
#81 = CARTESIAN_POINT ( 'NONE',  ( -1.295000000000001039, 1.399999999999999689, 1.310000000000000497 ) ) ;
#82 = VECTOR ( 'NONE', #5031, 1000.000000000000000 ) ;
#83 = ORIENTED_EDGE ( 'NONE', *, *, #4814, .F. ) ;
#84 = VECTOR ( 'NONE', #4499, 1000.000000000000000 ) ;
#85 = DIRECTION ( 'NONE',  ( 0.7071067811865483499, 0.000000000000000000, -0.7071067811865467956 ) ) ;
#86 = CARTESIAN_POINT ( 'NONE',  ( 2.150391155928440323, 0.5250000000000000222, -0.8000000000000000444 ) ) ;
#87 = ORIENTED_EDGE ( 'NONE', *, *, #3083, .T. ) ;
#88 = CARTESIAN_POINT ( 'NONE',  ( -1.295000000000001039, 1.399999999999999689, -1.521506350946109309 ) ) ;
#89 = VERTEX_POINT ( 'NONE', #1780 ) ;
#90 = VERTEX_POINT ( 'NONE', #344 ) ;
#91 = DIRECTION ( 'NONE',  ( -0.000000000000000000, -1.000000000000000000, -0.000000000000000000 ) ) ;
#92 = CARTESIAN_POINT ( 'NONE',  ( -2.100000000000000089, 1.399999999999999689, -1.600000000000000089 ) ) ;
#93 = ORIENTED_EDGE ( 'NONE', *, *, #2744, .T. ) ;
#94 = CARTESIAN_POINT ( 'NONE',  ( 2.274543651416819579, 0.1623701247003876413, 0.8000000000000000444 ) ) ;
#95 = VERTEX_POINT ( 'NONE', #3945 ) ;
#96 = DIRECTION ( 'NONE',  ( 0.9973922938103979563, -0.07217071599778390745, 0.000000000000000000 ) ) ;
#97 = ORIENTED_EDGE ( 'NONE', *, *, #2990, .F. ) ;
#98 = AXIS2_PLACEMENT_3D ( 'NONE', #4733, #5210, #2972 ) ;
#99 = CARTESIAN_POINT ( 'NONE',  ( 1.420000000000000817, 1.774999999999999689, 1.554999999999999272 ) ) ;
#100 = CARTESIAN_POINT ( 'NONE',  ( 0.4000000000000000777, 1.550000000000000266, -1.199999999999999956 ) ) ;
#101 = CARTESIAN_POINT ( 'NONE',  ( 2.100000000000000089, 0.1749999999999997946, 1.350000000000000089 ) ) ;
#102 = AXIS2_PLACEMENT_3D ( 'NONE', #2469, #3735, #2029 ) ;
#103 = ORIENTED_EDGE ( 'NONE', *, *, #1647, .T. ) ;
#104 = EDGE_CURVE ( 'NONE', #5221, #4622, #1338, .T. ) ;
#105 = DIRECTION ( 'NONE',  ( 0.000000000000000000, 0.000000000000000000, 1.000000000000000000 ) ) ;
#106 = CARTESIAN_POINT ( 'NONE',  ( -2.124934807345259635, 0.1731957321000552052, -1.350000000000000089 ) ) ;
#107 = ORIENTED_EDGE ( 'NONE', *, *, #3318, .T. ) ;
#108 = DIRECTION ( 'NONE',  ( 1.000000000000000000, 0.000000000000000000, 0.000000000000000000 ) ) ;
#109 = ORIENTED_EDGE ( 'NONE', *, *, #2501, .T. ) ;
#110 = ORIENTED_EDGE ( 'NONE', *, *, #2855, .F. ) ;
#111 = DIRECTION ( 'NONE',  ( -0.000000000000000000, -1.000000000000000000, -0.000000000000000000 ) ) ;
#112 = CARTESIAN_POINT ( 'NONE',  ( -2.150391155928440323, 0.5250000000000000222, -0.8000000000000000444 ) ) ;
#113 = CARTESIAN_POINT ( 'NONE',  ( -1.636801948466053425, 1.774999999999999689, 1.554999999999999272 ) ) ;
#114 = EDGE_LOOP ( 'NONE', ( #2649, #5182, #5140, #1419, #4281, #1534, #5452, #5810 ) ) ;
#115 = EDGE_CURVE ( 'NONE', #1236, #5217, #3507, .T. ) ;
#116 = CARTESIAN_POINT ( 'NONE',  ( 1.805000000000000382, 1.849999999999999645, 0.8749999999999993339 ) ) ;
#117 = VERTEX_POINT ( 'NONE', #1367 ) ;
#118 = EDGE_CURVE ( 'NONE', #876, #4501, #4917, .T. ) ;
#119 = DIRECTION ( 'NONE',  ( -0.07217071599778383806, 0.9973922938103979563, 0.000000000000000000 ) ) ;
#120 = VERTEX_POINT ( 'NONE', #4474 ) ;
#121 = EDGE_CURVE ( 'NONE', #4796, #5079, #440, .T. ) ;
#122 = FACE_OUTER_BOUND ( 'NONE', #2558, .T. ) ;
#123 = FACE_OUTER_BOUND ( 'NONE', #1896, .T. ) ;
#124 = DIRECTION ( 'NONE',  ( -0.000000000000000000, -0.000000000000000000, -1.000000000000000000 ) ) ;
#125 = DIRECTION ( 'NONE',  ( 1.000000000000000000, 0.000000000000000000, 0.000000000000000000 ) ) ;
#126 = ORIENTED_EDGE ( 'NONE', *, *, #4981, .T. ) ;
#127 = AXIS2_PLACEMENT_3D ( 'NONE', #5055, #5533, #2908 ) ;
#128 = CARTESIAN_POINT ( 'NONE',  ( -1.295000000000001039, 1.550000000000000266, 1.521506350946108865 ) ) ;
#129 = FACE_OUTER_BOUND ( 'NONE', #2460, .T. ) ;
#130 = ORIENTED_EDGE ( 'NONE', *, *, #2474, .T. ) ;
#131 = DIRECTION ( 'NONE',  ( -0.000000000000000000, 0.000000000000000000, 1.000000000000000000 ) ) ;
#132 = EDGE_CURVE ( 'NONE', #1400, #4508, #30, .T. ) ;
#133 = VERTEX_POINT ( 'NONE', #5428 ) ;
#134 = ORIENTED_EDGE ( 'NONE', *, *, #4549, .T. ) ;
#135 = EDGE_CURVE ( 'NONE', #1055, #420, #2759, .T. ) ;
#136 = CARTESIAN_POINT ( 'NONE',  ( -2.100000000000000089, 0.1499999999999999667, 1.350000000000000089 ) ) ;
#137 = EDGE_CURVE ( 'NONE', #747, #3680, #5818, .T. ) ;
#138 = SURFACE_STYLE_USAGE ( .BOTH. , #4187 ) ;
#139 = LINE ( 'NONE', #1939, #682 ) ;
#140 = CARTESIAN_POINT ( 'NONE',  ( -2.299999999999999822, 0.5141743926003324860, -0.8000000000000000444 ) ) ;
#141 = VERTEX_POINT ( 'NONE', #4547 ) ;
#142 = CARTESIAN_POINT ( 'NONE',  ( 2.100000000000000089, 0.000000000000000000, -0.8000000000000000444 ) ) ;
#143 = ORIENTED_EDGE ( 'NONE', *, *, #2145, .F. ) ;
#144 = ADVANCED_FACE ( 'NONE', ( #2200 ), #5351, .F. ) ;
#145 = LINE ( 'NONE', #3758, #5373 ) ;
#146 = ORIENTED_EDGE ( 'NONE', *, *, #1599, .F. ) ;
#147 = DIRECTION ( 'NONE',  ( 0.8164965809277250353, -0.5773502691896271743, 0.000000000000000000 ) ) ;
#148 = EDGE_CURVE ( 'NONE', #3624, #5221, #2706, .T. ) ;
#149 = CARTESIAN_POINT ( 'NONE',  ( -1.370000000000000995, 1.849999999999999645, 1.463956826847687021 ) ) ;
#150 = CARTESIAN_POINT ( 'NONE',  ( -0.3999999999999998557, 2.500000000000000000, 1.100000000000000533 ) ) ;
#151 = FACE_OUTER_BOUND ( 'NONE', #5294, .T. ) ;
#152 = VECTOR ( 'NONE', #3865, 1000.000000000000000 ) ;
#153 = ORIENTED_EDGE ( 'NONE', *, *, #2463, .T. ) ;
#154 = VECTOR ( 'NONE', #4081, 1000.000000000000000 ) ;
#155 = TOROIDAL_SURFACE ( 'NONE', #936, 0.9000000000000004663, 0.2000000000000000111 ) ;
#156 = LINE ( 'NONE', #2856, #2881 ) ;
#157 = CARTESIAN_POINT ( 'NONE',  ( -1.636801948466052092, 1.774999999999999467, -1.554999999999999716 ) ) ;
#158 = ORIENTED_EDGE ( 'NONE', *, *, #636, .F. ) ;
#159 = DIRECTION ( 'NONE',  ( 0.000000000000000000, -0.000000000000000000, -1.000000000000000000 ) ) ;
#160 = VECTOR ( 'NONE', #4536, 1000.000000000000000 ) ;
#161 = ADVANCED_FACE ( 'NONE', ( #2172 ), #896, .T. ) ;
#162 = ORIENTED_EDGE ( 'NONE', *, *, #5666, .F. ) ;
#163 = VERTEX_POINT ( 'NONE', #4052 ) ;
#164 = AXIS2_PLACEMENT_3D ( 'NONE', #1235, #340, #371 ) ;
#165 = AXIS2_PLACEMENT_3D ( 'NONE', #4623, #530, #5540 ) ;
#166 = DIRECTION ( 'NONE',  ( -0.000000000000000000, -1.000000000000000000, -0.000000000000000000 ) ) ;
#167 = SURFACE_SIDE_STYLE ('',( #4161 ) ) ;
#168 = CARTESIAN_POINT ( 'NONE',  ( -2.021506350946109976, 8.380151512977635164, 0.7999999999999993783 ) ) ;
#169 = CARTESIAN_POINT ( 'NONE',  ( -2.055000000000000604, 1.608578643762689886, 1.372157287525378466 ) ) ;
#170 = ORIENTED_EDGE ( 'NONE', *, *, #2915, .T. ) ;
#171 = CARTESIAN_POINT ( 'NONE',  ( 2.100000000000000089, 1.399999999999999689, 1.525000000000000133 ) ) ;
#172 = ORIENTED_EDGE ( 'NONE', *, *, #2886, .T. ) ;
#173 = EDGE_CURVE ( 'NONE', #1069, #4145, #5413, .T. ) ;
#174 = ADVANCED_FACE ( 'NONE', ( #4989 ), #1382, .T. ) ;
#175 = CARTESIAN_POINT ( 'NONE',  ( -2.299999999999999822, 0.5141743926003324860, -0.8000000000000000444 ) ) ;
#176 = VERTEX_POINT ( 'NONE', #5759 ) ;
#177 = DIRECTION ( 'NONE',  ( 0.000000000000000000, -1.000000000000000000, 0.000000000000000000 ) ) ;
#178 = CARTESIAN_POINT ( 'NONE',  ( 1.420000000000001039, 1.774999999999999689, -1.554999999999999716 ) ) ;
#179 = ORIENTED_EDGE ( 'NONE', *, *, #2990, .T. ) ;
#180 = AXIS2_PLACEMENT_3D ( 'NONE', #2623, #3938, #3531 ) ;
#181 = DIRECTION ( 'NONE',  ( -0.000000000000000000, -0.000000000000000000, -1.000000000000000000 ) ) ;
#182 = EDGE_CURVE ( 'NONE', #2042, #2734, #4901, .T. ) ;
#183 = CARTESIAN_POINT ( 'NONE',  ( 1.955000000000000515, 1.549999999999997158, 1.554999999999999272 ) ) ;
#184 = ORIENTED_EDGE ( 'NONE', *, *, #733, .F. ) ;
#185 = VECTOR ( 'NONE', #3567, 1000.000000000000000 ) ;
#186 = DIRECTION ( 'NONE',  ( -0.000000000000000000, -0.000000000000000000, 1.000000000000000000 ) ) ;
#187 = PLANE ( 'NONE',  #765 ) ;
#188 = EDGE_LOOP ( 'NONE', ( #621, #170, #107, #3514 ) ) ;
#189 = ADVANCED_FACE ( 'NONE', ( #1288 ), #3960, .T. ) ;
#190 = LINE ( 'NONE', #1178, #5362 ) ;
#191 =( BOUNDED_CURVE ( )  B_SPLINE_CURVE ( 3, ( #332, #5732, #4784, #2205 ),
 .UNSPECIFIED., .F., .T. ) 
 B_SPLINE_CURVE_WITH_KNOTS ( ( 4, 4 ),
 ( 0.7853981633974460586, 1.570796326794896558 ),
 .UNSPECIFIED. ) 
 CURVE ( )  GEOMETRIC_REPRESENTATION_ITEM ( )  RATIONAL_B_SPLINE_CURVE ( ( 1.000000000000000000, 0.9492530216741907889, 0.9492530216741907889, 1.000000000000000000 ) ) 
 REPRESENTATION_ITEM ( '' )  );
#192 = ORIENTED_EDGE ( 'NONE', *, *, #5521, .F. ) ;
#193 = ORIENTED_EDGE ( 'NONE', *, *, #1712, .T. ) ;
#194 = VECTOR ( 'NONE', #3372, 1000.000000000000000 ) ;
#195 = DIRECTION ( 'NONE',  ( -0.7071067811865465735, 0.000000000000000000, 0.7071067811865485719 ) ) ;
#196 = ADVANCED_FACE ( 'NONE', ( #2733 ), #4520, .F. ) ;
#197 = LINE ( 'NONE', #614, #3226 ) ;
#198 = DIRECTION ( 'NONE',  ( 0.7071067811865467956, -0.000000000000000000, 0.7071067811865483499 ) ) ;
#199 = CARTESIAN_POINT ( 'NONE',  ( 2.021506350946109976, 1.399999999999999689, 0.7999999999999993783 ) ) ;
#200 = ORIENTED_EDGE ( 'NONE', *, *, #3430, .T. ) ;
#201 = CARTESIAN_POINT ( 'NONE',  ( -2.055000000000000604, 1.399999999999999689, 0.9249999999999992673 ) ) ;
#202 = ADVANCED_FACE ( 'NONE', ( #3169 ), #2676, .F. ) ;
#203 = ORIENTED_EDGE ( 'NONE', *, *, #137, .T. ) ;
#204 = VECTOR ( 'NONE', #1364, 1000.000000000000000 ) ;
#205 = CARTESIAN_POINT ( 'NONE',  ( 2.299999999999999822, 0.5141743926003324860, -0.8000000000000000444 ) ) ;
#206 = LINE ( 'NONE', #1046, #5738 ) ;
#207 = AXIS2_PLACEMENT_3D ( 'NONE', #1759, #417, #3549 ) ;
#208 = ORIENTED_EDGE ( 'NONE', *, *, #4588, .T. ) ;
#209 = CARTESIAN_POINT ( 'NONE',  ( -1.955000000000000515, 1.849999999999999645, 1.554999999999999272 ) ) ;
#210 = EDGE_CURVE ( 'NONE', #3470, #163, #926, .T. ) ;
#211 = EDGE_CURVE ( 'NONE', #1159, #2924, #4456, .T. ) ;
#212 = CARTESIAN_POINT ( 'NONE',  ( -1.858033008588991564, 1.849999999999999645, 0.8530330085889902270 ) ) ;
#213 = DIRECTION ( 'NONE',  ( -0.000000000000000000, -1.000000000000000000, -0.000000000000000000 ) ) ;
#214 = VERTEX_POINT ( 'NONE', #1319 ) ;
#215 = CARTESIAN_POINT ( 'NONE',  ( 0.000000000000000000, 1.774999999999999689, -1.479999999999999760 ) ) ;
#216 = DIRECTION ( 'NONE',  ( 0.000000000000000000, 0.000000000000000000, -1.000000000000000000 ) ) ;
#217 = ORIENTED_EDGE ( 'NONE', *, *, #4418, .F. ) ;
#218 = CARTESIAN_POINT ( 'NONE',  ( 1.370000000000000995, 1.849999999999999645, -1.310000000000000941 ) ) ;
#219 = LINE ( 'NONE', #1208, #1353 ) ;
#220 = ORIENTED_EDGE ( 'NONE', *, *, #4571, .F. ) ;
#221 = CARTESIAN_POINT ( 'NONE',  ( -1.558400974233027592, 1.828033008588990871, -1.558400974233024261 ) ) ;
#222 = ADVANCED_FACE ( 'NONE', ( #958 ), #41, .T. ) ;
#223 = AXIS2_PLACEMENT_3D ( 'NONE', #854, #3032, #5275 ) ;
#224 = VERTEX_POINT ( 'NONE', #1856 ) ;
#225 = ORIENTED_EDGE ( 'NONE', *, *, #1882, .T. ) ;
#226 = VECTOR ( 'NONE', #2955, 1000.000000000000000 ) ;
#227 = DIRECTION ( 'NONE',  ( -0.000000000000000000, -0.000000000000000000, -1.000000000000000000 ) ) ;
#228 = LINE ( 'NONE', #4237, #5585 ) ;
#229 = FILL_AREA_STYLE ('',( #355 ) ) ;
#230 = CARTESIAN_POINT ( 'NONE',  ( 1.370000000000000995, 1.849999999999999645, 1.341066017177982017 ) ) ;
#231 = CARTESIAN_POINT ( 'NONE',  ( -1.370000000000000995, 1.774999999999999689, 0.000000000000000000 ) ) ;
#232 = ORIENTED_EDGE ( 'NONE', *, *, #3561, .T. ) ;
#233 = FACE_OUTER_BOUND ( 'NONE', #3238, .T. ) ;
#234 = ORIENTED_EDGE ( 'NONE', *, *, #3702, .T. ) ;
#235 = ADVANCED_FACE ( 'NONE', ( #5383 ), #3642, .T. ) ;
#236 = PLANE ( 'NONE',  #4313 ) ;
#237 = LINE ( 'NONE', #2413, #2739 ) ;
#238 = ORIENTED_EDGE ( 'NONE', *, *, #3133, .F. ) ;
#239 = VECTOR ( 'NONE', #3322, 1000.000000000000000 ) ;
#240 = CARTESIAN_POINT ( 'NONE',  ( -1.295000000000001039, 8.380151512977635164, -1.521506350946109309 ) ) ;
#241 = CARTESIAN_POINT ( 'NONE',  ( -2.100000000000000533, 0.000000000000000000, -0.8000000000000000444 ) ) ;
#242 = PLANE ( 'NONE',  #2538 ) ;
#243 = ORIENTED_EDGE ( 'NONE', *, *, #2308, .T. ) ;
#244 = CARTESIAN_POINT ( 'NONE',  ( -2.055000000000000604, 1.774999999999999689, -0.9249999999999999334 ) ) ;
#245 = DIRECTION ( 'NONE',  ( 1.000000000000000000, 6.546552552286067020E-16, 0.000000000000000000 ) ) ;
#246 = EDGE_LOOP ( 'NONE', ( #225, #5446, #1081, #3098, #4221, #5057, #1148, #179 ) ) ;
#247 = EDGE_CURVE ( 'NONE', #2976, #3545, #3747, .T. ) ;
#248 = EDGE_CURVE ( 'NONE', #4963, #2080, #5796, .T. ) ;
#249 = CARTESIAN_POINT ( 'NONE',  ( -2.055000000000000604, 1.550000000000000266, 1.454999999999999183 ) ) ;
#250 = PLANE ( 'NONE',  #1916 ) ;
#251 = ORIENTED_EDGE ( 'NONE', *, *, #3508, .F. ) ;
#252 = LINE ( 'NONE', #474, #3474 ) ;
#253 = AXIS2_PLACEMENT_3D ( 'NONE', #3912, #3376, #4794 ) ;
#254 = AXIS2_PLACEMENT_3D ( 'NONE', #454, #4424, #1796 ) ;
#255 = ORIENTED_EDGE ( 'NONE', *, *, #3218, .F. ) ;
#256 = ORIENTED_EDGE ( 'NONE', *, *, #3037, .T. ) ;
#257 = CARTESIAN_POINT ( 'NONE',  ( -2.299999999999999822, 0.5141743926003324860, -0.8000000000000000444 ) ) ;
#258 = VECTOR ( 'NONE', #600, 1000.000000000000000 ) ;
#259 = DIRECTION ( 'NONE',  ( -0.7071067811865467956, 0.000000000000000000, 0.7071067811865483499 ) ) ;
#260 = LINE ( 'NONE', #2585, #2938 ) ;
#261 = ORIENTED_EDGE ( 'NONE', *, *, #1528, .F. ) ;
#262 = LINE ( 'NONE', #2457, #3990 ) ;
#263 = PRESENTATION_STYLE_ASSIGNMENT (( #2695 ) ) ;
#264 = VECTOR ( 'NONE', #2689, 1000.000000000000000 ) ;
#265 = ORIENTED_EDGE ( 'NONE', *, *, #3590, .T. ) ;
#266 = PLANE ( 'NONE',  #4370 ) ;
#267 = VECTOR ( 'NONE', #5678, 1000.000000000000000 ) ;
#268 = VERTEX_POINT ( 'NONE', #964 ) ;
#269 = CARTESIAN_POINT ( 'NONE',  ( -2.025000000000000355, 0.1499999999999997169, 1.525000000000000133 ) ) ;
#270 = VECTOR ( 'NONE', #3201, 1000.000000000000000 ) ;
#271 = CARTESIAN_POINT ( 'NONE',  ( 2.124934807345259635, 0.1731957321000552052, -0.8000000000000000444 ) ) ;
#272 = ORIENTED_EDGE ( 'NONE', *, *, #104, .F. ) ;
#273 = DIRECTION ( 'NONE',  ( 0.7071067811865464625, -0.000000000000000000, 0.7071067811865486830 ) ) ;
#274 = EDGE_CURVE ( 'NONE', #4696, #141, #1360, .T. ) ;
#275 = CARTESIAN_POINT ( 'NONE',  ( 2.274543651416819579, 0.1623701247003876413, 0.8000000000000000444 ) ) ;
#276 = DIRECTION ( 'NONE',  ( 0.2588190451025212946, 0.000000000000000000, -0.9659258262890682012 ) ) ;
#277 = ORIENTED_EDGE ( 'NONE', *, *, #2169, .F. ) ;
#278 = PLANE ( 'NONE',  #5358 ) ;
#279 = PLANE ( 'NONE',  #5670 ) ;
#280 = ORIENTED_EDGE ( 'NONE', *, *, #2493, .F. ) ;
#281 = ADVANCED_FACE ( 'NONE', ( #844 ), #4060, .F. ) ;
#282 = LINE ( 'NONE', #4228, #826 ) ;
#283 = DIRECTION ( 'NONE',  ( -0.9659258262890680902, 0.000000000000000000, 0.2588190451025212946 ) ) ;
#284 = VERTEX_POINT ( 'NONE', #5765 ) ;
#285 = CARTESIAN_POINT ( 'NONE',  ( -1.420000000000000817, 1.550000000000000266, 1.554999999999999272 ) ) ;
#286 = ORIENTED_EDGE ( 'NONE', *, *, #4741, .T. ) ;
#287 = ADVANCED_FACE ( 'NONE', ( #1835 ), #4088, .F. ) ;
#288 = ORIENTED_EDGE ( 'NONE', *, *, #3439, .T. ) ;
#289 = VECTOR ( 'NONE', #2708, 1000.000000000000000 ) ;
#290 = CARTESIAN_POINT ( 'NONE',  ( 1.805000000000000604, 1.399999999999999689, -0.8000000000000001554 ) ) ;
#291 = DIRECTION ( 'NONE',  ( -1.000000000000000000, 0.000000000000000000, 0.000000000000000000 ) ) ;
#292 = ORIENTED_EDGE ( 'NONE', *, *, #4947, .F. ) ;
#293 = DIRECTION ( 'NONE',  ( -1.000000000000000000, 0.000000000000000000, 0.000000000000000000 ) ) ;
#294 = LINE ( 'NONE', #5673, #5330 ) ;
#295 = EDGE_LOOP ( 'NONE', ( #3059, #1004, #2345, #3921 ) ) ;
#296 = AXIS2_PLACEMENT_3D ( 'NONE', #2227, #419, #3517 ) ;
#297 = DIRECTION ( 'NONE',  ( -0.9659258262890680902, 0.000000000000000000, -0.2588190451025212946 ) ) ;
#298 = ADVANCED_FACE ( 'NONE', ( #2179 ), #2207, .F. ) ;
#299 = DIRECTION ( 'NONE',  ( 0.9659258262890682012, 0.000000000000000000, 0.2588190451025212946 ) ) ;
#300 = VERTEX_POINT ( 'NONE', #3562 ) ;
#301 = DIRECTION ( 'NONE',  ( 0.000000000000000000, 0.000000000000000000, -1.000000000000000000 ) ) ;
#302 = EDGE_CURVE ( 'NONE', #3857, #1943, #3241, .T. ) ;
#303 = ORIENTED_EDGE ( 'NONE', *, *, #3546, .F. ) ;
#304 = VECTOR ( 'NONE', #166, 1000.000000000000000 ) ;
#305 = DIRECTION ( 'NONE',  ( -0.000000000000000000, -1.000000000000000000, -0.000000000000000000 ) ) ;
#306 = DIRECTION ( 'NONE',  ( 0.2588190451025212946, 0.000000000000000000, -0.9659258262890682012 ) ) ;
#307 = ORIENTED_EDGE ( 'NONE', *, *, #1520, .F. ) ;
#308 = DIRECTION ( 'NONE',  ( 1.000000000000000000, -0.000000000000000000, -0.000000000000000000 ) ) ;
#309 = CYLINDRICAL_SURFACE ( 'NONE', #2402, 0.07499999999999998335 ) ;
#310 = ORIENTED_EDGE ( 'NONE', *, *, #1741, .F. ) ;
#311 = ADVANCED_FACE ( 'NONE', ( #5825 ), #2742, .T. ) ;
#312 = VECTOR ( 'NONE', #4326, 1000.000000000000000 ) ;
#313 = LINE ( 'NONE', #3658, #1476 ) ;
#314 = CARTESIAN_POINT ( 'NONE',  ( 1.295000000000001261, 1.818933982822017459, 1.521506350946108643 ) ) ;
#315 = VERTEX_POINT ( 'NONE', #4996 ) ;
#316 = DIRECTION ( 'NONE',  ( -0.000000000000000000, -1.000000000000000000, -0.000000000000000000 ) ) ;
#317 = AXIS2_PLACEMENT_3D ( 'NONE', #1826, #1855, #3991 ) ;
#318 = ORIENTED_EDGE ( 'NONE', *, *, #2758, .T. ) ;
#319 = ORIENTED_EDGE ( 'NONE', *, *, #4966, .F. ) ;
#320 = PLANE ( 'NONE',  #3843 ) ;
#321 = AXIS2_PLACEMENT_3D ( 'NONE', #1443, #3229, #4192 ) ;
#322 = DIRECTION ( 'NONE',  ( 0.000000000000000000, 0.000000000000000000, 1.000000000000000000 ) ) ;
#323 = PLANE ( 'NONE',  #5295 ) ;
#324 = ORIENTED_EDGE ( 'NONE', *, *, #4720, .T. ) ;
#325 = CARTESIAN_POINT ( 'NONE',  ( 1.577865067056392512, 1.842286218423174082, 1.518779798754807064 ) ) ;
#326 = EDGE_CURVE ( 'NONE', #5423, #90, #875, .T. ) ;
#327 = CARTESIAN_POINT ( 'NONE',  ( 1.295000000000001039, 1.399999999999999689, -1.521506350946109309 ) ) ;
#328 = ORIENTED_EDGE ( 'NONE', *, *, #3049, .F. ) ;
#329 = EDGE_CURVE ( 'NONE', #5277, #858, #1388, .T. ) ;
#330 = EDGE_CURVE ( 'NONE', #2873, #4927, #431, .T. ) ;
#331 = DIRECTION ( 'NONE',  ( 0.000000000000000000, 0.000000000000000000, -1.000000000000000000 ) ) ;
#332 = CARTESIAN_POINT ( 'NONE',  ( 1.583768939877062243, 1.828033008588990649, -1.533033008588991164 ) ) ;
#333 = ORIENTED_EDGE ( 'NONE', *, *, #345, .F. ) ;
#334 = LINE ( 'NONE', #1614, #5288 ) ;
#335 = VERTEX_POINT ( 'NONE', #3596 ) ;
#336 = VECTOR ( 'NONE', #2375, 1000.000000000000000 ) ;
#337 = EDGE_CURVE ( 'NONE', #668, #1915, #5390, .T. ) ;
#338 = CARTESIAN_POINT ( 'NONE',  ( 2.021506350946109087, 1.818933982822017459, -0.8000000000000001554 ) ) ;
#339 = VECTOR ( 'NONE', #3348, 1000.000000000000000 ) ;
#340 = DIRECTION ( 'NONE',  ( 0.000000000000000000, 0.000000000000000000, 1.000000000000000000 ) ) ;
#341 = VERTEX_POINT ( 'NONE', #4969 ) ;
#342 = DIRECTION ( 'NONE',  ( -0.000000000000000000, -1.000000000000000000, -0.000000000000000000 ) ) ;
#343 = DIRECTION ( 'NONE',  ( 0.000000000000000000, 0.000000000000000000, 1.000000000000000000 ) ) ;
#344 = CARTESIAN_POINT ( 'NONE',  ( 2.055000000000000604, 1.399999999999999689, -1.454999999999999627 ) ) ;
#345 = EDGE_CURVE ( 'NONE', #1435, #685, #904, .T. ) ;
#346 = CARTESIAN_POINT ( 'NONE',  ( -2.100000000000000089, 0.1499999999999997724, -0.8000000000000000444 ) ) ;
#347 = LINE ( 'NONE', #1341, #5664 ) ;
#348 = ORIENTED_EDGE ( 'NONE', *, *, #408, .T. ) ;
#349 = PLANE ( 'NONE',  #1974 ) ;
#350 = ORIENTED_EDGE ( 'NONE', *, *, #5773, .F. ) ;
#351 = VERTEX_POINT ( 'NONE', #2302 ) ;
#352 = DIRECTION ( 'NONE',  ( -0.07217071599778390745, -0.9973922938103979563, 0.000000000000000000 ) ) ;
#353 = VECTOR ( 'NONE', #2396, 1000.000000000000000 ) ;
#354 = DIRECTION ( 'NONE',  ( -1.000000000000000000, 0.000000000000000000, 0.000000000000000000 ) ) ;
#355 = FILL_AREA_STYLE_COLOUR ( '', #1923 ) ;
#356 = EDGE_LOOP ( 'NONE', ( #1202, #1890, #1088, #2142, #256, #2265, #5597, #1600 ) ) ;
#357 = CARTESIAN_POINT ( 'NONE',  ( -2.055000000000000604, 1.774999999999999689, 1.136801948466051426 ) ) ;
#358 = AXIS2_PLACEMENT_3D ( 'NONE', #2718, #4824, #3090 ) ;
#359 = CARTESIAN_POINT ( 'NONE',  ( 2.021506350946109087, 1.399999999999999689, -0.7999999999999994893 ) ) ;
#360 = VERTEX_POINT ( 'NONE', #3966 ) ;
#361 = CARTESIAN_POINT ( 'NONE',  ( -1.955000000000000515, 8.380151512977635164, 1.554999999999999272 ) ) ;
#362 = CARTESIAN_POINT ( 'NONE',  ( -1.749999999999999778, -2.143131898507868051E-16, 0.8000000000000000444 ) ) ;
#363 = VECTOR ( 'NONE', #1817, 1000.000000000000000 ) ;
#364 = ORIENTED_EDGE ( 'NONE', *, *, #3780, .T. ) ;
#365 = EDGE_CURVE ( 'NONE', #5469, #4807, #920, .T. ) ;
#366 = CARTESIAN_POINT ( 'NONE',  ( -2.299999999999999822, 0.5141743926003324860, 0.8000000000000000444 ) ) ;
#367 = ORIENTED_EDGE ( 'NONE', *, *, #302, .F. ) ;
#368 = EDGE_CURVE ( 'NONE', #4425, #95, #5327, .T. ) ;
#369 = AXIS2_PLACEMENT_3D ( 'NONE', #3810, #2898, #5105 ) ;
#370 = SURFACE_STYLE_USAGE ( .BOTH. , #3084 ) ;
#371 = DIRECTION ( 'NONE',  ( -1.000000000000000000, 0.000000000000000000, 0.000000000000000000 ) ) ;
#372 = VERTEX_POINT ( 'NONE', #5524 ) ;
#373 = CARTESIAN_POINT ( 'NONE',  ( -1.955000000000000515, 8.380151512977635164, -1.554999999999999716 ) ) ;
#374 = FACE_OUTER_BOUND ( 'NONE', #2783, .T. ) ;
#375 = ORIENTED_EDGE ( 'NONE', *, *, #502, .F. ) ;
#376 = CARTESIAN_POINT ( 'NONE',  ( -0.4000000000000001887, 8.380151512977635164, -1.199999999999999956 ) ) ;
#377 = DIRECTION ( 'NONE',  ( -0.000000000000000000, -1.000000000000000000, -0.000000000000000000 ) ) ;
#378 = EDGE_LOOP ( 'NONE', ( #2360, #280, #3182, #220 ) ) ;
#379 = DIRECTION ( 'NONE',  ( 0.000000000000000000, 0.000000000000000000, -1.000000000000000000 ) ) ;
#380 = EDGE_CURVE ( 'NONE', #713, #4626, #2410, .T. ) ;
#381 = FACE_OUTER_BOUND ( 'NONE', #4116, .T. ) ;
#382 = VERTEX_POINT ( 'NONE', #1014 ) ;
#383 = ORIENTED_EDGE ( 'NONE', *, *, #2822, .T. ) ;
#384 = ADVANCED_FACE ( 'NONE', ( #3309 ), #5474, .F. ) ;
#385 = DIRECTION ( 'NONE',  ( 1.000000000000000000, -6.546552552286067020E-16, 0.000000000000000000 ) ) ;
#386 = CARTESIAN_POINT ( 'NONE',  ( -2.100000000000000089, 0.1499999999999997169, -1.525000000000000133 ) ) ;
#387 = VERTEX_POINT ( 'NONE', #142 ) ;
#388 = LINE ( 'NONE', #1349, #2251 ) ;
#389 = VECTOR ( 'NONE', #1975, 1000.000000000000000 ) ;
#390 = CARTESIAN_POINT ( 'NONE',  ( -2.025000000000000355, 1.399999999999999689, 1.525000000000000133 ) ) ;
#391 = DIRECTION ( 'NONE',  ( -0.000000000000000000, -0.000000000000000000, 1.000000000000000000 ) ) ;
#392 = VECTOR ( 'NONE', #4068, 1000.000000000000000 ) ;
#393 = ORIENTED_EDGE ( 'NONE', *, *, #3976, .F. ) ;
#394 = VECTOR ( 'NONE', #3029, 1000.000000000000000 ) ;
#395 = LINE ( 'NONE', #5415, #289 ) ;
#396 = FACE_OUTER_BOUND ( 'NONE', #4573, .T. ) ;
#397 = CARTESIAN_POINT ( 'NONE',  ( -2.025000000000000355, 1.550000000000000266, 1.600000000000000089 ) ) ;
#398 = ORIENTED_EDGE ( 'NONE', *, *, #1045, .T. ) ;
#399 = CARTESIAN_POINT ( 'NONE',  ( 0.000000000000000000, 0.000000000000000000, -1.600000000000000089 ) ) ;
#400 = ORIENTED_EDGE ( 'NONE', *, *, #3511, .T. ) ;
#401 =( BOUNDED_CURVE ( )  B_SPLINE_CURVE ( 3, ( #230, #1126, #2111, #3391 ),
 .UNSPECIFIED., .F., .F. ) 
 B_SPLINE_CURVE_WITH_KNOTS ( ( 4, 4 ),
 ( 1.570796326794896558, 3.141592653589793116 ),
 .UNSPECIFIED. ) 
 CURVE ( )  GEOMETRIC_REPRESENTATION_ITEM ( )  RATIONAL_B_SPLINE_CURVE ( ( 1.000000000000000000, 0.8047378541243649375, 0.8047378541243649375, 1.000000000000000000 ) ) 
 REPRESENTATION_ITEM ( '' )  );
#402 = DIRECTION ( 'NONE',  ( 0.7071067811865465735, 0.000000000000000000, -0.7071067811865485719 ) ) ;
#403 = DIRECTION ( 'NONE',  ( 0.2588190451025213501, 0.000000000000000000, -0.9659258262890682012 ) ) ;
#404 = ORIENTED_EDGE ( 'NONE', *, *, #1999, .F. ) ;
#405 = EDGE_CURVE ( 'NONE', #3619, #1133, #3752, .T. ) ;
#406 = DIRECTION ( 'NONE',  ( -0.9659258262890682012, 0.000000000000000000, -0.2588190451025212946 ) ) ;
#407 = LINE ( 'NONE', #240, #2933 ) ;
#408 = EDGE_CURVE ( 'NONE', #1627, #5600, #5553, .T. ) ;
#409 = LINE ( 'NONE', #5337, #729 ) ;
#410 = VECTOR ( 'NONE', #534, 1000.000000000000000 ) ;
#411 = DIRECTION ( 'NONE',  ( -0.07217071599778390745, -0.9973922938103979563, -0.000000000000000000 ) ) ;
#412 = LINE ( 'NONE', #5776, #3778 ) ;
#413 = DIRECTION ( 'NONE',  ( 0.000000000000000000, 1.000000000000000000, 0.000000000000000000 ) ) ;
#414 = VERTEX_POINT ( 'NONE', #1470 ) ;
#415 = VERTEX_POINT ( 'NONE', #4633 ) ;
#416 = ADVANCED_FACE ( 'NONE', ( #564 ), #5075, .T. ) ;
#417 = DIRECTION ( 'NONE',  ( 0.7071067811865483499, -0.000000000000000000, 0.7071067811865467956 ) ) ;
#418 = AXIS2_PLACEMENT_3D ( 'NONE', #40, #5350, #2170 ) ;
#419 = DIRECTION ( 'NONE',  ( -0.000000000000000000, -1.000000000000000000, -0.000000000000000000 ) ) ;
#420 = VERTEX_POINT ( 'NONE', #2814 ) ;
#421 = DIRECTION ( 'NONE',  ( 0.000000000000000000, 1.000000000000000000, 0.000000000000000000 ) ) ;
#422 = LINE ( 'NONE', #3105, #3250 ) ;
#423 = DIRECTION ( 'NONE',  ( 0.2588190451025212946, 0.000000000000000000, -0.9659258262890680902 ) ) ;
#424 = EDGE_LOOP ( 'NONE', ( #4365, #324, #2707, #2126 ) ) ;
#425 = CARTESIAN_POINT ( 'NONE',  ( -1.420000000000001261, 1.774999999999999689, 1.554999999999999494 ) ) ;
#426 = CARTESIAN_POINT ( 'NONE',  ( 1.370000000000000995, 1.849999999999999645, -1.341066017177983127 ) ) ;
#427 = VECTOR ( 'NONE', #4961, 1000.000000000000000 ) ;
#428 = CARTESIAN_POINT ( 'NONE',  ( -0.3999999999999998557, 1.399999999999999689, 1.100000000000000533 ) ) ;
#429 = VERTEX_POINT ( 'NONE', #2768 ) ;
#430 = ADVANCED_FACE ( 'NONE', ( #618 ), #3253, .T. ) ;
#431 = LINE ( 'NONE', #460, #3717 ) ;
#432 = AXIS2_PLACEMENT_3D ( 'NONE', #2773, #3235, #4948 ) ;
#433 = ORIENTED_EDGE ( 'NONE', *, *, #1819, .T. ) ;
#434 = DIRECTION ( 'NONE',  ( 1.000000000000000000, 0.000000000000000000, 0.000000000000000000 ) ) ;
#435 = CARTESIAN_POINT ( 'NONE',  ( 1.804999999999999938, 1.818933982822017903, 0.7999999999999992673 ) ) ;
#436 = EDGE_LOOP ( 'NONE', ( #1047, #3310, #5404, #897, #4180, #793, #1841, #5475 ) ) ;
#437 = DIRECTION ( 'NONE',  ( 0.000000000000000000, -0.000000000000000000, -1.000000000000000000 ) ) ;
#438 = EDGE_CURVE ( 'NONE', #2973, #3324, #3279, .T. ) ;
#439 = VECTOR ( 'NONE', #2729, 1000.000000000000000 ) ;
#440 = LINE ( 'NONE', #4065, #2731 ) ;
#441 = PLANE ( 'NONE',  #5328 ) ;
#442 = FACE_OUTER_BOUND ( 'NONE', #1142, .T. ) ;
#443 = CARTESIAN_POINT ( 'NONE',  ( -1.749999999999999778, 0.1499999999999997724, 1.350000000000000089 ) ) ;
#444 = ADVANCED_FACE ( 'NONE', ( #4556 ), #4606, .T. ) ;
#445 = EDGE_LOOP ( 'NONE', ( #2201, #1036, #596, #774 ) ) ;
#446 =( LENGTH_UNIT ( ) NAMED_UNIT ( * ) SI_UNIT ( .MILLI., .METRE. ) );
#447 = EDGE_CURVE ( 'NONE', #2476, #3857, #1070, .T. ) ;
#448 = CARTESIAN_POINT ( 'NONE',  ( -1.420000000000000817, 1.399999999999999689, 1.554999999999999272 ) ) ;
#449 = CARTESIAN_POINT ( 'NONE',  ( -2.055000000000000604, 8.380151512977635164, 1.454999999999999183 ) ) ;
#450 = ORIENTED_EDGE ( 'NONE', *, *, #2650, .F. ) ;
#451 = CARTESIAN_POINT ( 'NONE',  ( -1.420000000000000817, 1.774999999999999689, 1.554999999999999272 ) ) ;
#452 = CIRCLE ( 'NONE', #1963, 0.1749999999999998224 ) ;
#453 = LINE ( 'NONE', #2263, #5784 ) ;
#454 = CARTESIAN_POINT ( 'NONE',  ( -2.100000000000000089, 0.1749999999999997946, -1.350000000000000089 ) ) ;
#455 = ORIENTED_EDGE ( 'NONE', *, *, #1473, .F. ) ;
#456 = DIRECTION ( 'NONE',  ( 0.2588190451025212946, -0.000000000000000000, 0.9659258262890682012 ) ) ;
#457 = LINE ( 'NONE', #4551, #1722 ) ;
#458 = DIRECTION ( 'NONE',  ( -1.000000000000000000, -0.000000000000000000, 0.000000000000000000 ) ) ;
#459 = EDGE_LOOP ( 'NONE', ( #1180, #2022, #3428, #5672 ) ) ;
#460 = CARTESIAN_POINT ( 'NONE',  ( 1.805000000000000382, 1.774999999999999689, -0.8000000000000000444 ) ) ;
#461 = VECTOR ( 'NONE', #1577, 1000.000000000000114 ) ;
#462 = VECTOR ( 'NONE', #423, 1000.000000000000000 ) ;
#463 = EDGE_LOOP ( 'NONE', ( #1547, #232, #4987, #4369 ) ) ;
#464 =( NAMED_UNIT ( * ) SI_UNIT ( $, .STERADIAN. ) SOLID_ANGLE_UNIT ( ) );
#465 = CARTESIAN_POINT ( 'NONE',  ( -2.274543651416819579, 0.1623701247003876413, 0.8000000000000000444 ) ) ;
#466 = VERTEX_POINT ( 'NONE', #2868 ) ;
#467 = ADVANCED_FACE ( 'NONE', ( #5129 ), #4658, .T. ) ;
#468 = VECTOR ( 'NONE', #2024, 1000.000000000000000 ) ;
#469 = VECTOR ( 'NONE', #458, 1000.000000000000000 ) ;
#470 = DIRECTION ( 'NONE',  ( 0.000000000000000000, 1.000000000000000000, 0.000000000000000000 ) ) ;
#471 = PRODUCT_DEFINITION_FORMATION_WITH_SPECIFIED_SOURCE ( 'ANY', '', #3585, .NOT_KNOWN. ) ;
#472 = CARTESIAN_POINT ( 'NONE',  ( 1.370000000000000995, 1.849999999999999645, -1.463956826847687465 ) ) ;
#473 = FACE_OUTER_BOUND ( 'NONE', #1153, .T. ) ;
#474 = CARTESIAN_POINT ( 'NONE',  ( -1.982555563028320034, 1.849999999999999645, 0.9444114283826889888 ) ) ;
#475 = FILL_AREA_STYLE ('',( #3424 ) ) ;
#476 = EDGE_CURVE ( 'NONE', #1441, #4841, #537, .T. ) ;
#477 = ORIENTED_EDGE ( 'NONE', *, *, #3882, .T. ) ;
#478 = FACE_BOUND ( 'NONE', #4876, .T. ) ;
#479 = CARTESIAN_POINT ( 'NONE',  ( 2.025000000000000355, 1.399999999999999689, -1.525000000000000133 ) ) ;
#480 = ORIENTED_EDGE ( 'NONE', *, *, #1303, .F. ) ;
#481 = CARTESIAN_POINT ( 'NONE',  ( -1.420000000000000817, 1.550000000000000266, 1.554999999999999272 ) ) ;
#482 = EDGE_CURVE ( 'NONE', #2684, #668, #5581, .T. ) ;
#483 = FACE_OUTER_BOUND ( 'NONE', #4592, .T. ) ;
#484 = CARTESIAN_POINT ( 'NONE',  ( 2.055000000000000604, 1.608578643762689664, 1.372157287525377800 ) ) ;
#485 = VERTEX_POINT ( 'NONE', #1548 ) ;
#486 = EDGE_CURVE ( 'NONE', #3354, #3189, #4142, .T. ) ;
#487 = PLANE ( 'NONE',  #571 ) ;
#488 = FACE_OUTER_BOUND ( 'NONE', #5789, .T. ) ;
#489 = LINE ( 'NONE', #3144, #5266 ) ;
#490 = VERTEX_POINT ( 'NONE', #1917 ) ;
#491 = DIRECTION ( 'NONE',  ( 1.000000000000000000, -6.546552552286067020E-16, -0.000000000000000000 ) ) ;
#492 = ORIENTED_EDGE ( 'NONE', *, *, #5790, .F. ) ;
#493 = MECHANICAL_DESIGN_GEOMETRIC_PRESENTATION_REPRESENTATION (  '', ( #5566 ), #28 ) ;
#494 = VECTOR ( 'NONE', #1260, 1000.000000000000000 ) ;
#495 = CARTESIAN_POINT ( 'NONE',  ( -1.370000000000000995, 1.849999999999999645, 1.341066017177982239 ) ) ;
#496 = VERTEX_POINT ( 'NONE', #1942 ) ;
#497 = MECHANICAL_DESIGN_GEOMETRIC_PRESENTATION_REPRESENTATION (  '', ( #4624 ), #2846 ) ;
#498 = CIRCLE ( 'NONE', #2304, 0.07499999999999998335 ) ;
#499 = CARTESIAN_POINT ( 'NONE',  ( 2.025000000000000355, 1.550000000000000266, -1.525000000000000133 ) ) ;
#500 = CARTESIAN_POINT ( 'NONE',  ( 0.4000000000000001887, 8.380151512977635164, 1.199999999999999956 ) ) ;
#501 = CARTESIAN_POINT ( 'NONE',  ( -2.021506350946109976, 1.399999999999999689, -0.8000000000000001554 ) ) ;
#502 = EDGE_CURVE ( 'NONE', #5360, #979, #71, .T. ) ;
#503 = ORIENTED_EDGE ( 'NONE', *, *, #1420, .F. ) ;
#504 = SURFACE_STYLE_USAGE ( .BOTH. , #4924 ) ;
#505 = DIRECTION ( 'NONE',  ( -0.000000000000000000, -0.000000000000000000, 1.000000000000000000 ) ) ;
#506 = DIRECTION ( 'NONE',  ( -0.000000000000000000, 1.000000000000000000, 0.000000000000000000 ) ) ;
#507 = ORIENTED_EDGE ( 'NONE', *, *, #5262, .F. ) ;
#508 = DIRECTION ( 'NONE',  ( 1.000000000000000000, 0.000000000000000000, 0.000000000000000000 ) ) ;
#509 = VECTOR ( 'NONE', #1488, 1000.000000000000000 ) ;
#510 = VERTEX_POINT ( 'NONE', #2051 ) ;
#511 = ORIENTED_EDGE ( 'NONE', *, *, #4921, .T. ) ;
#512 = CARTESIAN_POINT ( 'NONE',  ( 0.3999999999999998557, 1.399999999999999689, -1.100000000000000533 ) ) ;
#513 = CARTESIAN_POINT ( 'NONE',  ( -2.025000000000000355, 1.550000000000000266, 1.525000000000000133 ) ) ;
#514 = CARTESIAN_POINT ( 'NONE',  ( -2.025000000000000355, 1.550000000000000266, 1.600000000000000089 ) ) ;
#515 = ORIENTED_EDGE ( 'NONE', *, *, #5490, .T. ) ;
#516 = DIRECTION ( 'NONE',  ( -0.07217071599778383806, -0.9973922938103979563, -0.000000000000000000 ) ) ;
#517 = EDGE_CURVE ( 'NONE', #4449, #387, #294, .T. ) ;
#518 = EDGE_LOOP ( 'NONE', ( #3734, #2301, #1583, #2414, #3417, #4356, #2521, #2614 ) ) ;
#519 = ADVANCED_FACE ( 'NONE', ( #4716 ), #4687, .T. ) ;
#520 = DIRECTION ( 'NONE',  ( -0.000000000000000000, -1.000000000000000000, -0.000000000000000000 ) ) ;
#521 = VERTEX_POINT ( 'NONE', #3361 ) ;
#522 = VECTOR ( 'NONE', #944, 1000.000000000000000 ) ;
#523 = CARTESIAN_POINT ( 'NONE',  ( -2.055000000000000604, 1.399999999999999689, -1.454999999999999627 ) ) ;
#524 = CARTESIAN_POINT ( 'NONE',  ( -1.295000000000001483, 1.774999999999999689, -1.521506350946109531 ) ) ;
#525 = DIRECTION ( 'NONE',  ( -0.000000000000000000, -0.000000000000000000, 1.000000000000000000 ) ) ;
#526 = ORIENTED_EDGE ( 'NONE', *, *, #3314, .F. ) ;
#527 = FACE_OUTER_BOUND ( 'NONE', #3022, .T. ) ;
#528 = DIRECTION ( 'NONE',  ( -0.000000000000000000, -1.000000000000000000, -0.000000000000000000 ) ) ;
#529 = ORIENTED_EDGE ( 'NONE', *, *, #182, .F. ) ;
#530 = DIRECTION ( 'NONE',  ( -0.7071067811865486830, 0.000000000000000000, 0.7071067811865464625 ) ) ;
#531 = VECTOR ( 'NONE', #5059, 1000.000000000000114 ) ;
#532 = ORIENTED_EDGE ( 'NONE', *, *, #2420, .T. ) ;
#533 = ORIENTED_EDGE ( 'NONE', *, *, #1016, .F. ) ;
#534 = DIRECTION ( 'NONE',  ( -0.000000000000000000, -0.000000000000000000, -1.000000000000000000 ) ) ;
#535 = CARTESIAN_POINT ( 'NONE',  ( -1.295000000000001039, 1.550000000000000266, 1.310000000000000497 ) ) ;
#536 = ORIENTED_EDGE ( 'NONE', *, *, #1882, .F. ) ;
#537 = LINE ( 'NONE', #3779, #4265 ) ;
#538 = ORIENTED_EDGE ( 'NONE', *, *, #2849, .T. ) ;
#539 = VECTOR ( 'NONE', #186, 1000.000000000000000 ) ;
#540 = ADVANCED_FACE ( 'NONE', ( #5254 ), #1224, .F. ) ;
#541 = CARTESIAN_POINT ( 'NONE',  ( 2.021506350946109976, 1.399999999999999689, -0.8000000000000000444 ) ) ;
#542 = ORIENTED_EDGE ( 'NONE', *, *, #4549, .F. ) ;
#543 = AXIS2_PLACEMENT_3D ( 'NONE', #5805, #1716, #3475 ) ;
#544 = ADVANCED_FACE ( 'NONE', ( #2894 ), #3836, .F. ) ;
#545 = AXIS2_PLACEMENT_3D ( 'NONE', #2775, #2313, #4614 ) ;
#546 = CARTESIAN_POINT ( 'NONE',  ( -2.055000000000000604, 1.550000000000000266, 0.9249999999999992673 ) ) ;
#547 = CARTESIAN_POINT ( 'NONE',  ( 1.955000000000000515, 8.380151512977635164, -1.554999999999999716 ) ) ;
#548 = VECTOR ( 'NONE', #5694, 1000.000000000000000 ) ;
#549 = AXIS2_PLACEMENT_3D ( 'NONE', #5682, #3435, #5236 ) ;
#550 = ORIENTED_EDGE ( 'NONE', *, *, #5649, .F. ) ;
#551 = AXIS2_PLACEMENT_3D ( 'NONE', #5230, #2146, #3019 ) ;
#552 = FACE_OUTER_BOUND ( 'NONE', #4420, .T. ) ;
#553 = EDGE_CURVE ( 'NONE', #2075, #1623, #901, .T. ) ;
#554 = ORIENTED_EDGE ( 'NONE', *, *, #2273, .T. ) ;
#555 = CARTESIAN_POINT ( 'NONE',  ( -1.295000000000001039, 1.774999999999999689, -1.310000000000000941 ) ) ;
#556 = ADVANCED_FACE ( 'NONE', ( #1158 ), #4334, .T. ) ;
#557 = ORIENTED_EDGE ( 'NONE', *, *, #1075, .F. ) ;
#558 = ORIENTED_EDGE ( 'NONE', *, *, #5386, .F. ) ;
#559 = LINE ( 'NONE', #2403, #2393 ) ;
#560 = DIRECTION ( 'NONE',  ( 0.000000000000000000, 0.000000000000000000, -1.000000000000000000 ) ) ;
#561 = LINE ( 'NONE', #4655, #5306 ) ;
#562 = DIRECTION ( 'NONE',  ( -0.000000000000000000, -1.000000000000000000, -0.000000000000000000 ) ) ;
#563 = ORIENTED_EDGE ( 'NONE', *, *, #2013, .T. ) ;
#564 = FACE_OUTER_BOUND ( 'NONE', #2589, .T. ) ;
#565 = ORIENTED_EDGE ( 'NONE', *, *, #5175, .T. ) ;
#566 = EDGE_CURVE ( 'NONE', #5217, #1873, #1641, .T. ) ;
#567 = DIRECTION ( 'NONE',  ( -0.000000000000000000, -1.000000000000000000, -0.000000000000000000 ) ) ;
#568 = ORIENTED_EDGE ( 'NONE', *, *, #3984, .T. ) ;
#569 = AXIS2_PLACEMENT_3D ( 'NONE', #2764, #5792, #3673 ) ;
#570 = ADVANCED_FACE ( 'NONE', ( #4809 ), #5701, .T. ) ;
#571 = AXIS2_PLACEMENT_3D ( 'NONE', #361, #3526, #3223 ) ;
#572 = LINE ( 'NONE', #2824, #4274 ) ;
#573 = ADVANCED_FACE ( 'NONE', ( #1190 ), #2084, .T. ) ;
#574 = DIRECTION ( 'NONE',  ( 0.9659258262890680902, -0.000000000000000000, 0.2588190451025212946 ) ) ;
#575 = FILL_AREA_STYLE ('',( #4776 ) ) ;
#576 = LINE ( 'NONE', #2475, #1166 ) ;
#577 = ORIENTED_EDGE ( 'NONE', *, *, #3900, .T. ) ;
#578 =( BOUNDED_CURVE ( )  B_SPLINE_CURVE ( 3, ( #113, #4189, #4164, #4212 ),
 .UNSPECIFIED., .F., .T. ) 
 B_SPLINE_CURVE_WITH_KNOTS ( ( 4, 4 ),
 ( 2.186276035465284817, 2.971674198862731320 ),
 .UNSPECIFIED. ) 
 CURVE ( )  GEOMETRIC_REPRESENTATION_ITEM ( )  RATIONAL_B_SPLINE_CURVE ( ( 1.000000000000000000, 0.9492530216741912330, 0.9492530216741912330, 1.000000000000000000 ) ) 
 REPRESENTATION_ITEM ( '' )  );
#579 = LINE ( 'NONE', #128, #1101 ) ;
#580 = ORIENTED_EDGE ( 'NONE', *, *, #2428, .T. ) ;
#581 = CARTESIAN_POINT ( 'NONE',  ( 2.100000000000000089, 0.1749999999999997946, 1.350000000000000089 ) ) ;
#582 = VERTEX_POINT ( 'NONE', #4304 ) ;
#583 = VERTEX_POINT ( 'NONE', #2985 ) ;
#584 = EDGE_CURVE ( 'NONE', #2005, #1008, #5158, .T. ) ;
#585 = VECTOR ( 'NONE', #4550, 1000.000000000000000 ) ;
#586 = CARTESIAN_POINT ( 'NONE',  ( 2.025000000000000355, 0.000000000000000000, 1.525000000000000133 ) ) ;
#587 = SURFACE_STYLE_FILL_AREA ( #2406 ) ;
#588 = AXIS2_PLACEMENT_3D ( 'NONE', #2864, #434, #3179 ) ;
#589 = FACE_OUTER_BOUND ( 'NONE', #3797, .T. ) ;
#590 = VERTEX_POINT ( 'NONE', #1668 ) ;
#591 = DIRECTION ( 'NONE',  ( 0.000000000000000000, 0.000000000000000000, -1.000000000000000000 ) ) ;
#592 = ORIENTED_EDGE ( 'NONE', *, *, #4872, .F. ) ;
#593 = ADVANCED_FACE ( 'NONE', ( #2557 ), #266, .F. ) ;
#594 = EDGE_CURVE ( 'NONE', #3745, #5041, #2492, .T. ) ;
#595 = DIRECTION ( 'NONE',  ( -1.000000000000000000, 0.000000000000000000, 0.000000000000000000 ) ) ;
#596 = ORIENTED_EDGE ( 'NONE', *, *, #2922, .T. ) ;
#597 = VECTOR ( 'NONE', #4527, 1000.000000000000000 ) ;
#598 = CARTESIAN_POINT ( 'NONE',  ( 1.295000000000001039, 8.380151512977635164, -1.310000000000000941 ) ) ;
#599 = EDGE_CURVE ( 'NONE', #4689, #2343, #3928, .T. ) ;
#600 = DIRECTION ( 'NONE',  ( -0.7071067811865467956, 0.000000000000000000, 0.7071067811865483499 ) ) ;
#601 = LINE ( 'NONE', #4198, #836 ) ;
#602 = FACE_OUTER_BOUND ( 'NONE', #2378, .T. ) ;
#603 = VERTEX_POINT ( 'NONE', #201 ) ;
#604 = CARTESIAN_POINT ( 'NONE',  ( -1.749999999999999778, 0.1499999999999997724, -0.8000000000000000444 ) ) ;
#605 = LINE ( 'NONE', #4130, #1362 ) ;
#606 = ORIENTED_EDGE ( 'NONE', *, *, #2822, .F. ) ;
#607 = CARTESIAN_POINT ( 'NONE',  ( -2.100000000000000089, 0.1499999999999997169, 1.600000000000000089 ) ) ;
#608 = EDGE_CURVE ( 'NONE', #2638, #1159, #2021, .T. ) ;
#609 = ORIENTED_EDGE ( 'NONE', *, *, #3187, .T. ) ;
#610 = AXIS2_PLACEMENT_3D ( 'NONE', #2685, #3117, #781 ) ;
#611 = VERTEX_POINT ( 'NONE', #4272 ) ;
#612 = ADVANCED_FACE ( 'NONE', ( #233 ), #1381, .T. ) ;
#613 = LINE ( 'NONE', #4654, #3887 ) ;
#614 = CARTESIAN_POINT ( 'NONE',  ( 1.749999999999999778, -2.291293393300126514E-16, 0.8000000000000000444 ) ) ;
#615 = DIRECTION ( 'NONE',  ( 1.000000000000000000, -0.000000000000000000, -0.000000000000000000 ) ) ;
#616 = LINE ( 'NONE', #5522, #4051 ) ;
#617 = VERTEX_POINT ( 'NONE', #5286 ) ;
#618 = FACE_OUTER_BOUND ( 'NONE', #2114, .T. ) ;
#619 = VERTEX_POINT ( 'NONE', #1256 ) ;
#620 = LINE ( 'NONE', #1132, #2271 ) ;
#621 = ORIENTED_EDGE ( 'NONE', *, *, #3375, .F. ) ;
#622 = EDGE_CURVE ( 'NONE', #2189, #628, #5320, .T. ) ;
#623 = DIRECTION ( 'NONE',  ( -0.7071067811865467956, 0.000000000000000000, 0.7071067811865483499 ) ) ;
#624 = EDGE_LOOP ( 'NONE', ( #3948, #4135, #2687, #2895 ) ) ;
#625 = CARTESIAN_POINT ( 'NONE',  ( 2.150391155928440323, 0.5250000000000000222, 1.350000000000000089 ) ) ;
#626 = FACE_OUTER_BOUND ( 'NONE', #1981, .T. ) ;
#627 = VECTOR ( 'NONE', #1068, 1000.000000000000000 ) ;
#628 = VERTEX_POINT ( 'NONE', #4423 ) ;
#629 = EDGE_CURVE ( 'NONE', #2158, #1623, #2199, .T. ) ;
#630 = VECTOR ( 'NONE', #1237, 1000.000000000000000 ) ;
#631 = PLANE ( 'NONE',  #5342 ) ;
#632 = FACE_OUTER_BOUND ( 'NONE', #2782, .T. ) ;
#633 = ORIENTED_EDGE ( 'NONE', *, *, #5555, .F. ) ;
#634 = CARTESIAN_POINT ( 'NONE',  ( -2.100000000000000089, 8.380151512977635164, -1.525000000000000133 ) ) ;
#635 = VECTOR ( 'NONE', #2504, 1000.000000000000000 ) ;
#636 = EDGE_CURVE ( 'NONE', #3619, #617, #3048, .T. ) ;
#637 = ORIENTED_EDGE ( 'NONE', *, *, #4301, .F. ) ;
#638 = ORIENTED_EDGE ( 'NONE', *, *, #5425, .T. ) ;
#639 = VECTOR ( 'NONE', #1704, 1000.000000000000000 ) ;
#640 = VECTOR ( 'NONE', #977, 1000.000000000000000 ) ;
#641 = LINE ( 'NONE', #1151, #885 ) ;
#642 = CARTESIAN_POINT ( 'NONE',  ( 1.295000000000000595, 1.399999999999999689, 1.521506350946108865 ) ) ;
#643 = CARTESIAN_POINT ( 'NONE',  ( 1.583768939877061577, 1.828033008588990649, 1.533033008588990498 ) ) ;
#644 = EDGE_CURVE ( 'NONE', #2927, #2668, #1944, .T. ) ;
#645 =( BOUNDED_CURVE ( )  B_SPLINE_CURVE ( 3, ( #5772, #1748, #4377, #4888 ),
 .UNSPECIFIED., .F., .F. ) 
 B_SPLINE_CURVE_WITH_KNOTS ( ( 4, 4 ),
 ( 3.926990816987240507, 4.712388980384689674 ),
 .UNSPECIFIED. ) 
 CURVE ( )  GEOMETRIC_REPRESENTATION_ITEM ( )  RATIONAL_B_SPLINE_CURVE ( ( 1.000000000000000000, 0.9492530216741910110, 0.9492530216741910110, 1.000000000000000000 ) ) 
 REPRESENTATION_ITEM ( '' )  );
#646 = DIRECTION ( 'NONE',  ( -0.7071067811865465735, 0.000000000000000000, -0.7071067811865485719 ) ) ;
#647 = ORIENTED_EDGE ( 'NONE', *, *, #115, .T. ) ;
#648 = ADVANCED_FACE ( 'NONE', ( #5817 ), #4391, .T. ) ;
#649 = DIRECTION ( 'NONE',  ( -0.7071067811865467956, -2.775557561562877484E-17, -0.7071067811865483499 ) ) ;
#650 = ORIENTED_EDGE ( 'NONE', *, *, #1495, .F. ) ;
#651 = CARTESIAN_POINT ( 'NONE',  ( -1.817867965644035966, 1.849999999999999645, 0.8310660171779814531 ) ) ;
#652 = CARTESIAN_POINT ( 'NONE',  ( -1.295000000000001039, 1.774999999999999689, 1.521506350946108865 ) ) ;
#653 = ORIENTED_EDGE ( 'NONE', *, *, #5505, .T. ) ;
#654 = CARTESIAN_POINT ( 'NONE',  ( -2.055000000000000160, 1.795157082654851521, -1.108295528797683671 ) ) ;
#655 = CARTESIAN_POINT ( 'NONE',  ( 1.749999999999999778, 0.1499999999999997169, 0.8000000000000000444 ) ) ;
#656 = CIRCLE ( 'NONE', #4066, 0.07499999999999998335 ) ;
#657 = VERTEX_POINT ( 'NONE', #2231 ) ;
#658 = COLOUR_RGB ( '',1.000000000000000000, 1.000000000000000000, 1.000000000000000000 ) ;
#659 = FACE_OUTER_BOUND ( 'NONE', #4528, .T. ) ;
#660 = CARTESIAN_POINT ( 'NONE',  ( -2.055000000000000604, 1.550000000000000266, -1.454999999999999627 ) ) ;
#661 = ORIENTED_EDGE ( 'NONE', *, *, #4966, .T. ) ;
#662 = CIRCLE ( 'NONE', #5003, 1.199999999999999956 ) ;
#663 = DIRECTION ( 'NONE',  ( -0.000000000000000000, -1.000000000000000000, -0.000000000000000000 ) ) ;
#664 = DIRECTION ( 'NONE',  ( -0.000000000000000000, -1.000000000000000000, -0.000000000000000000 ) ) ;
#665 = EDGE_LOOP ( 'NONE', ( #3972, #910, #768, #3393 ) ) ;
#666 = DIRECTION ( 'NONE',  ( 1.000000000000000000, 0.000000000000000000, -0.000000000000000000 ) ) ;
#667 = EDGE_CURVE ( 'NONE', #4997, #1059, #5799, .T. ) ;
#668 = VERTEX_POINT ( 'NONE', #1795 ) ;
#669 = ORIENTED_EDGE ( 'NONE', *, *, #2234, .T. ) ;
#670 = ADVANCED_FACE ( 'NONE', ( #3553 ), #3586, .T. ) ;
#671 = DIRECTION ( 'NONE',  ( 0.07217071599778383806, 0.9973922938103979563, 0.000000000000000000 ) ) ;
#672 = VECTOR ( 'NONE', #4694, 1000.000000000000000 ) ;
#673 = CARTESIAN_POINT ( 'NONE',  ( -2.025000000000000355, 8.380151512977635164, 1.525000000000000133 ) ) ;
#674 = FACE_OUTER_BOUND ( 'NONE', #5690, .T. ) ;
#675 = DIRECTION ( 'NONE',  ( -0.9659258262890682012, 0.000000000000000000, 0.2588190451025212946 ) ) ;
#676 = UNCERTAINTY_MEASURE_WITH_UNIT (LENGTH_MEASURE( 1.000000000000000082E-05 ), #4447, 'distance_accuracy_value', 'NONE');
#677 = LINE ( 'NONE', #2490, #5056 ) ;
#678 = ORIENTED_EDGE ( 'NONE', *, *, #2480, .T. ) ;
#679 = DIRECTION ( 'NONE',  ( -0.000000000000000000, -0.000000000000000000, -1.000000000000000000 ) ) ;
#680 = ORIENTED_EDGE ( 'NONE', *, *, #5405, .T. ) ;
#681 = VECTOR ( 'NONE', #1604, 1000.000000000000000 ) ;
#682 = VECTOR ( 'NONE', #615, 1000.000000000000000 ) ;
#683 = CARTESIAN_POINT ( 'NONE',  ( 2.150391155928440323, 0.5250000000000000222, 0.8000000000000000444 ) ) ;
#684 = CARTESIAN_POINT ( 'NONE',  ( -2.021506350946109976, 1.550000000000000266, -0.8000000000000000444 ) ) ;
#685 = VERTEX_POINT ( 'NONE', #1318 ) ;
#686 = EDGE_CURVE ( 'NONE', #685, #1566, #422, .T. ) ;
#687 = EDGE_CURVE ( 'NONE', #2014, #5473, #4900, .T. ) ;
#688 = CARTESIAN_POINT ( 'NONE',  ( -1.420000000000000595, 1.399999999999999689, 1.554999999999999050 ) ) ;
#689 = CARTESIAN_POINT ( 'NONE',  ( -1.749999999999999778, 0.1499999999999997724, 1.350000000000000089 ) ) ;
#690 = CARTESIAN_POINT ( 'NONE',  ( -1.955000000000000515, 1.399999999999999689, -1.554999999999999716 ) ) ;
#691 = ORIENTED_EDGE ( 'NONE', *, *, #4718, .F. ) ;
#692 = FACE_OUTER_BOUND ( 'NONE', #1690, .T. ) ;
#693 = DIRECTION ( 'NONE',  ( -1.000000000000000000, 0.000000000000000000, 0.000000000000000000 ) ) ;
#694 = ORIENTED_EDGE ( 'NONE', *, *, #2564, .F. ) ;
#695 = LINE ( 'NONE', #5688, #2617 ) ;
#696 = FACE_OUTER_BOUND ( 'NONE', #3982, .T. ) ;
#697 = ORIENTED_EDGE ( 'NONE', *, *, #3468, .F. ) ;
#698 = DIRECTION ( 'NONE',  ( 0.000000000000000000, -1.000000000000000000, -0.000000000000000000 ) ) ;
#699 = CIRCLE ( 'NONE', #4007, 0.07499999999999998335 ) ;
#700 = ORIENTED_EDGE ( 'NONE', *, *, #5455, .F. ) ;
#701 = ORIENTED_EDGE ( 'NONE', *, *, #5563, .F. ) ;
#702 = VECTOR ( 'NONE', #3959, 1000.000000000000000 ) ;
#703 = CARTESIAN_POINT ( 'NONE',  ( -2.055000000000000604, 8.380151512977635164, -0.9249999999999999334 ) ) ;
#704 = LINE ( 'NONE', #2584, #4724 ) ;
#705 = VERTEX_POINT ( 'NONE', #802 ) ;
#706 = CYLINDRICAL_SURFACE ( 'NONE', #5729, 0.07499999999999998335 ) ;
#707 = EDGE_CURVE ( 'NONE', #5574, #3302, #895, .T. ) ;
#708 = ORIENTED_EDGE ( 'NONE', *, *, #2564, .T. ) ;
#709 = DIRECTION ( 'NONE',  ( -1.000000000000000000, 0.000000000000000000, -0.000000000000000000 ) ) ;
#710 = ORIENTED_EDGE ( 'NONE', *, *, #3269, .T. ) ;
#711 = CYLINDRICAL_SURFACE ( 'NONE', #839, 0.07499999999999998335 ) ;
#712 = CARTESIAN_POINT ( 'NONE',  ( -2.033033008588991386, 1.828033008588990871, -1.083768939877059134 ) ) ;
#713 = VERTEX_POINT ( 'NONE', #4487 ) ;
#714 = EDGE_CURVE ( 'NONE', #1164, #4184, #453, .T. ) ;
#715 = DIRECTION ( 'NONE',  ( -0.000000000000000000, -1.000000000000000000, -0.000000000000000000 ) ) ;
#716 = DIRECTION ( 'NONE',  ( -0.5000000000000013323, 0.7071067811865464625, -0.5000000000000002220 ) ) ;
#717 = CARTESIAN_POINT ( 'NONE',  ( -1.955000000000000515, 1.550000000000000266, -1.554999999999999716 ) ) ;
#718 = ORIENTED_EDGE ( 'NONE', *, *, #4517, .F. ) ;
#719 = ADVANCED_FACE ( 'NONE', ( #4840 ), #4050, .T. ) ;
#720 = CARTESIAN_POINT ( 'NONE',  ( 1.817867965644036188, 1.849999999999999645, -0.8310660171779822303 ) ) ;
#721 = VECTOR ( 'NONE', #131, 1000.000000000000000 ) ;
#722 = DIRECTION ( 'NONE',  ( 0.000000000000000000, 1.000000000000000000, 0.000000000000000000 ) ) ;
#723 = EDGE_LOOP ( 'NONE', ( #4167, #286, #5718, #3643, #2831, #678, #5016, #2432 ) ) ;
#724 = DIRECTION ( 'NONE',  ( -1.000000000000000000, 0.000000000000000000, 0.000000000000000000 ) ) ;
#725 = LINE ( 'NONE', #2071, #4620 ) ;
#726 = ORIENTED_EDGE ( 'NONE', *, *, #3074, .T. ) ;
#727 = DIRECTION ( 'NONE',  ( -0.07217071599778503155, -0.9973922938103978453, 0.000000000000000000 ) ) ;
#728 = COLOUR_RGB ( '',0.7921568627450980005, 0.8196078431372548767, 0.9333333333333333481 ) ;
#729 = VECTOR ( 'NONE', #2155, 1000.000000000000227 ) ;
#730 = ORIENTED_EDGE ( 'NONE', *, *, #4871, .T. ) ;
#731 = ORIENTED_EDGE ( 'NONE', *, *, #2854, .T. ) ;
#732 = DIRECTION ( 'NONE',  ( 0.000000000000000000, -0.000000000000000000, 1.000000000000000000 ) ) ;
#733 = EDGE_CURVE ( 'NONE', #1435, #2769, #3168, .T. ) ;
#734 = VECTOR ( 'NONE', #1210, 1000.000000000000000 ) ;
#735 = FACE_OUTER_BOUND ( 'NONE', #3205, .T. ) ;
#736 = CARTESIAN_POINT ( 'NONE',  ( 2.100000000000000089, 0.000000000000000000, -1.350000000000000089 ) ) ;
#737 = CARTESIAN_POINT ( 'NONE',  ( -2.100000000000000089, 0.1499999999999997169, 1.525000000000000133 ) ) ;
#738 = CARTESIAN_POINT ( 'NONE',  ( 1.420000000000000817, 1.399999999999999689, 1.554999999999999272 ) ) ;
#739 = AXIS2_PLACEMENT_3D ( 'NONE', #4472, #437, #2247 ) ;
#740 = ORIENTED_EDGE ( 'NONE', *, *, #2108, .F. ) ;
#741 = DIRECTION ( 'NONE',  ( 0.000000000000000000, 1.000000000000000000, 0.000000000000000000 ) ) ;
#742 = VECTOR ( 'NONE', #4345, 1000.000000000000000 ) ;
#743 = VERTEX_POINT ( 'NONE', #2732 ) ;
#744 = CYLINDRICAL_SURFACE ( 'NONE', #3668, 0.07499999999999998335 ) ;
#745 = AXIS2_PLACEMENT_3D ( 'NONE', #5043, #1012, #902 ) ;
#746 = DIRECTION ( 'NONE',  ( 0.9973922938103979563, -0.07217071599778390745, -0.000000000000000000 ) ) ;
#747 = VERTEX_POINT ( 'NONE', #4519 ) ;
#748 = CARTESIAN_POINT ( 'NONE',  ( 0.3999999999999998557, 2.700000000000000178, 0.9000000000000004663 ) ) ;
#749 = ORIENTED_EDGE ( 'NONE', *, *, #5476, .T. ) ;
#750 = CARTESIAN_POINT ( 'NONE',  ( -1.420000000000000817, 1.849999999999999645, 1.479999999999999316 ) ) ;
#751 = VERTEX_POINT ( 'NONE', #359 ) ;
#752 = CARTESIAN_POINT ( 'NONE',  ( 1.805000000000000382, 1.774999999999999689, -0.8000000000000000444 ) ) ;
#753 = LINE ( 'NONE', #1714, #394 ) ;
#754 = ORIENTED_EDGE ( 'NONE', *, *, #2849, .F. ) ;
#755 = ADVANCED_FACE ( 'NONE', ( #483 ), #2291, .T. ) ;
#756 = DIRECTION ( 'NONE',  ( -1.000000000000000000, 0.000000000000000000, -0.000000000000000000 ) ) ;
#757 = CARTESIAN_POINT ( 'NONE',  ( -2.025000000000000799, 1.550000000000000266, -1.600000000000000089 ) ) ;
#758 = VERTEX_POINT ( 'NONE', #660 ) ;
#759 = DIRECTION ( 'NONE',  ( 1.000000000000000000, 0.000000000000000000, 0.000000000000000000 ) ) ;
#760 = EDGE_CURVE ( 'NONE', #3002, #4329, #576, .T. ) ;
#761 = EDGE_CURVE ( 'NONE', #3899, #5632, #3263, .T. ) ;
#762 = ORIENTED_EDGE ( 'NONE', *, *, #3234, .T. ) ;
#763 = EDGE_LOOP ( 'NONE', ( #5823, #2303, #3374, #935 ) ) ;
#764 = CARTESIAN_POINT ( 'NONE',  ( -1.420000000000001039, 1.399999999999999689, -1.554999999999999716 ) ) ;
#765 = AXIS2_PLACEMENT_3D ( 'NONE', #2010, #4379, #4890 ) ;
#766 = CARTESIAN_POINT ( 'NONE',  ( 1.749999999999999778, -2.143131898507868051E-16, 1.600000000000000089 ) ) ;
#767 = DIRECTION ( 'NONE',  ( -1.000000000000000000, -1.548860246407861611E-16, 0.000000000000000000 ) ) ;
#768 = ORIENTED_EDGE ( 'NONE', *, *, #4461, .T. ) ;
#769 = CARTESIAN_POINT ( 'NONE',  ( -1.370000000000000995, 1.849999999999999645, -1.341066017177983127 ) ) ;
#770 = AXIS2_PLACEMENT_3D ( 'NONE', #5667, #5187, #5283 ) ;
#771 = DIRECTION ( 'NONE',  ( -1.000000000000000000, 6.546552552286067020E-16, 0.000000000000000000 ) ) ;
#772 = VECTOR ( 'NONE', #1898, 1000.000000000000000 ) ;
#773 = ADVANCED_FACE ( 'NONE', ( #626 ), #1109, .T. ) ;
#774 = ORIENTED_EDGE ( 'NONE', *, *, #5201, .T. ) ;
#775 = VECTOR ( 'NONE', #1403, 999.9999999999998863 ) ;
#776 = DIRECTION ( 'NONE',  ( 0.000000000000000000, 0.000000000000000000, -1.000000000000000000 ) ) ;
#777 = CARTESIAN_POINT ( 'NONE',  ( -2.055000000000000604, 1.849999999999999645, 0.9249999999999992673 ) ) ;
#778 = EDGE_LOOP ( 'NONE', ( #1243, #2893, #5329, #3166 ) ) ;
#779 = CARTESIAN_POINT ( 'NONE',  ( -0.4000000000000001887, 1.550000000000000266, 1.199999999999999956 ) ) ;
#780 = ORIENTED_EDGE ( 'NONE', *, *, #173, .F. ) ;
#781 = DIRECTION ( 'NONE',  ( -1.000000000000000000, 0.000000000000000000, 0.000000000000000000 ) ) ;
#782 = PLANE ( 'NONE',  #4507 ) ;
#783 = ORIENTED_EDGE ( 'NONE', *, *, #1027, .F. ) ;
#784 = CARTESIAN_POINT ( 'NONE',  ( 2.024999999999999911, 8.380151512977635164, -1.600000000000000089 ) ) ;
#785 = CARTESIAN_POINT ( 'NONE',  ( 1.295000000000001039, 8.380151512977635164, 1.521506350946108865 ) ) ;
#786 = CARTESIAN_POINT ( 'NONE',  ( -2.124934807345259635, 0.1731957321000552052, -0.8000000000000000444 ) ) ;
#787 = EDGE_CURVE ( 'NONE', #4425, #4260, #5564, .T. ) ;
#788 = DIRECTION ( 'NONE',  ( -0.7071067811865465735, -0.000000000000000000, -0.7071067811865485719 ) ) ;
#789 = DIRECTION ( 'NONE',  ( 0.07217071599778504543, 0.9973922938103978453, 0.000000000000000000 ) ) ;
#790 = VERTEX_POINT ( 'NONE', #1505 ) ;
#791 = CARTESIAN_POINT ( 'NONE',  ( 1.295000000000001039, 8.380151512977635164, -1.521506350946109309 ) ) ;
#792 = ORIENTED_EDGE ( 'NONE', *, *, #2744, .F. ) ;
#793 = ORIENTED_EDGE ( 'NONE', *, *, #1741, .T. ) ;
#794 = DIRECTION ( 'NONE',  ( -0.9659258262890682012, 0.000000000000000000, 0.2588190451025212946 ) ) ;
#795 = VECTOR ( 'NONE', #2328, 1000.000000000000114 ) ;
#796 = CARTESIAN_POINT ( 'NONE',  ( 2.274543651416819579, 0.1623701247003876413, -0.8000000000000000444 ) ) ;
#797 = EDGE_CURVE ( 'NONE', #5469, #2677, #3295, .T. ) ;
#798 = CARTESIAN_POINT ( 'NONE',  ( -1.577865067056394066, 1.842286218423174082, 1.518779798754806620 ) ) ;
#799 = ORIENTED_EDGE ( 'NONE', *, *, #2545, .F. ) ;
#800 = CARTESIAN_POINT ( 'NONE',  ( -0.3999999999999998557, 1.399999999999999689, 4.397732528557848481E-16 ) ) ;
#801 = PRODUCT_DEFINITION_CONTEXT ( 'detailed design', #866, 'design' ) ;
#802 = CARTESIAN_POINT ( 'NONE',  ( -1.749999999999999778, 0.1499999999999997724, -1.600000000000000089 ) ) ;
#803 = ADVANCED_FACE ( 'NONE', ( #1028 ), #2447, .T. ) ;
#804 = ORIENTED_EDGE ( 'NONE', *, *, #3684, .F. ) ;
#805 = CARTESIAN_POINT ( 'NONE',  ( -2.021506350946109976, 8.380151512977635164, 0.7999999999999993783 ) ) ;
#806 = DIRECTION ( 'NONE',  ( -0.000000000000000000, -0.000000000000000000, 1.000000000000000000 ) ) ;
#807 = ORIENTED_EDGE ( 'NONE', *, *, #1702, .F. ) ;
#808 = CARTESIAN_POINT ( 'NONE',  ( 0.000000000000000000, 2.700000000000000178, 0.000000000000000000 ) ) ;
#809 = ORIENTED_EDGE ( 'NONE', *, *, #1962, .F. ) ;
#810 = EDGE_CURVE ( 'NONE', #1220, #4501, #3521, .T. ) ;
#811 = CARTESIAN_POINT ( 'NONE',  ( -2.021506350946109531, 1.818933982822017903, -0.7999999999999999334 ) ) ;
#812 = VECTOR ( 'NONE', #1815, 1000.000000000000000 ) ;
#813 = DIRECTION ( 'NONE',  ( 1.000000000000000000, -0.000000000000000000, 0.000000000000000000 ) ) ;
#814 = ORIENTED_EDGE ( 'NONE', *, *, #5080, .T. ) ;
#815 = LINE ( 'NONE', #4440, #5835 ) ;
#816 = DIRECTION ( 'NONE',  ( 1.000000000000000000, 0.000000000000000000, -0.000000000000000000 ) ) ;
#817 = ADVANCED_FACE ( 'NONE', ( #1080 ), #1054, .F. ) ;
#818 = DIRECTION ( 'NONE',  ( -1.000000000000000000, 0.000000000000000000, 0.000000000000000000 ) ) ;
#819 = DIRECTION ( 'NONE',  ( 0.000000000000000000, 1.000000000000000000, 0.000000000000000000 ) ) ;
#820 = CARTESIAN_POINT ( 'NONE',  ( -2.299999999999999822, 0.5141743926003324860, 0.8000000000000000444 ) ) ;
#821 = ORIENTED_EDGE ( 'NONE', *, *, #4118, .T. ) ;
#822 = DIRECTION ( 'NONE',  ( -0.000000000000000000, -1.000000000000000000, -0.000000000000000000 ) ) ;
#823 = ORIENTED_EDGE ( 'NONE', *, *, #4173, .F. ) ;
#824 = ORIENTED_EDGE ( 'NONE', *, *, #4422, .F. ) ;
#825 = DIRECTION ( 'NONE',  ( 0.000000000000000000, 1.000000000000000000, -0.000000000000000000 ) ) ;
#826 = VECTOR ( 'NONE', #1654, 1000.000000000000000 ) ;
#827 = EDGE_CURVE ( 'NONE', #5277, #1069, #2826, .T. ) ;
#828 = LINE ( 'NONE', #1251, #5411 ) ;
#829 = DIRECTION ( 'NONE',  ( 1.000000000000000000, 0.000000000000000000, 0.000000000000000000 ) ) ;
#830 = ORIENTED_EDGE ( 'NONE', *, *, #5081, .T. ) ;
#831 = DIRECTION ( 'NONE',  ( 0.000000000000000000, 0.000000000000000000, 1.000000000000000000 ) ) ;
#832 = AXIS2_PLACEMENT_3D ( 'NONE', #5368, #818, #1814 ) ;
#833 = DIRECTION ( 'NONE',  ( -0.000000000000000000, -1.000000000000000000, -0.000000000000000000 ) ) ;
#834 = CARTESIAN_POINT ( 'NONE',  ( -1.420000000000000817, 8.380151512977635164, 1.554999999999999272 ) ) ;
#835 = ORIENTED_EDGE ( 'NONE', *, *, #368, .F. ) ;
#836 = VECTOR ( 'NONE', #3237, 1000.000000000000000 ) ;
#837 = DIRECTION ( 'NONE',  ( 0.7071067811865467956, 0.000000000000000000, -0.7071067811865483499 ) ) ;
#838 = EDGE_CURVE ( 'NONE', #2869, #2927, #1141, .T. ) ;
#839 = AXIS2_PLACEMENT_3D ( 'NONE', #5644, #776, #3902 ) ;
#840 = ADVANCED_FACE ( 'NONE', ( #1950 ), #3818, .T. ) ;
#841 = LINE ( 'NONE', #2648, #3106 ) ;
#842 = AXIS2_PLACEMENT_3D ( 'NONE', #4891, #413, #2663 ) ;
#843 = EDGE_LOOP ( 'NONE', ( #5171, #65, #5157, #2510, #3233 ) ) ;
#844 = FACE_OUTER_BOUND ( 'NONE', #2607, .T. ) ;
#845 = ORIENTED_EDGE ( 'NONE', *, *, #1615, .T. ) ;
#846 = AXIS2_PLACEMENT_3D ( 'NONE', #2655, #3118, #5333 ) ;
#847 = DIRECTION ( 'NONE',  ( 0.000000000000000000, 0.000000000000000000, 1.000000000000000000 ) ) ;
#848 = LINE ( 'NONE', #750, #1026 ) ;
#849 = ORIENTED_EDGE ( 'NONE', *, *, #3702, .F. ) ;
#850 = DIRECTION ( 'NONE',  ( -1.000000000000000000, -6.546552552286067020E-16, 0.000000000000000000 ) ) ;
#851 = LINE ( 'NONE', #785, #1551 ) ;
#852 = CARTESIAN_POINT ( 'NONE',  ( -1.805000000000000382, 1.849999999999999645, -0.8000000000000000444 ) ) ;
#853 = EDGE_CURVE ( 'NONE', #3189, #1757, #2956, .T. ) ;
#854 = CARTESIAN_POINT ( 'NONE',  ( 1.355533008588993615, 1.774999999999999689, 1.355533008588989397 ) ) ;
#855 = CYLINDRICAL_SURFACE ( 'NONE', #1048, 0.07499999999999998335 ) ;
#856 = LINE ( 'NONE', #5719, #937 ) ;
#857 = DIRECTION ( 'NONE',  ( 0.000000000000000000, -0.000000000000000000, -1.000000000000000000 ) ) ;
#858 = VERTEX_POINT ( 'NONE', #2418 ) ;
#859 = EDGE_LOOP ( 'NONE', ( #4021, #126, #2394, #255 ) ) ;
#860 = PRODUCT_CONTEXT ( 'NONE', #1697, 'mechanical' ) ;
#861 = LINE ( 'NONE', #3985, #5438 ) ;
#862 = ADVANCED_FACE ( 'NONE', ( #602 ), #4199, .F. ) ;
#863 = ADVANCED_FACE ( 'NONE', ( #151 ), #4226, .F. ) ;
#864 = CARTESIAN_POINT ( 'NONE',  ( -1.749999999999999778, -2.143131898507868051E-16, -1.600000000000000089 ) ) ;
#865 = ORIENTED_EDGE ( 'NONE', *, *, #4476, .T. ) ;
#866 = APPLICATION_CONTEXT ( 'automotive_design' ) ;
#867 = CARTESIAN_POINT ( 'NONE',  ( -1.295000000000001039, 1.818933982822017681, 1.310000000000000053 ) ) ;
#868 = DIRECTION ( 'NONE',  ( 0.7071067811865464625, -0.000000000000000000, 0.7071067811865486830 ) ) ;
#869 = CARTESIAN_POINT ( 'NONE',  ( -1.749999999999999778, -2.291293393300126514E-16, 1.350000000000000089 ) ) ;
#870 = EDGE_LOOP ( 'NONE', ( #4143, #2036, #2880, #5389 ) ) ;
#871 = LINE ( 'NONE', #2267, #3688 ) ;
#872 = DIRECTION ( 'NONE',  ( 0.000000000000000000, -0.000000000000000000, -1.000000000000000000 ) ) ;
#873 = DIRECTION ( 'NONE',  ( 0.000000000000000000, -1.000000000000000000, 0.000000000000000000 ) ) ;
#874 = ORIENTED_EDGE ( 'NONE', *, *, #5303, .T. ) ;
#875 = LINE ( 'NONE', #4465, #3334 ) ;
#876 = VERTEX_POINT ( 'NONE', #183 ) ;
#877 = VECTOR ( 'NONE', #2368, 1000.000000000000000 ) ;
#878 = FILL_AREA_STYLE ('',( #5681 ) ) ;
#879 = ADVANCED_FACE ( 'NONE', ( #2007 ), #3790, .F. ) ;
#880 = FACE_OUTER_BOUND ( 'NONE', #4373, .T. ) ;
#881 = ORIENTED_EDGE ( 'NONE', *, *, #5800, .F. ) ;
#882 = CARTESIAN_POINT ( 'NONE',  ( 1.955000000000000515, 1.549999999999997158, 1.554999999999999272 ) ) ;
#883 = EDGE_CURVE ( 'NONE', #1657, #4270, #4823, .T. ) ;
#884 = ORIENTED_EDGE ( 'NONE', *, *, #4211, .T. ) ;
#885 = VECTOR ( 'NONE', #3892, 1000.000000000000114 ) ;
#886 = CARTESIAN_POINT ( 'NONE',  ( -2.100000000000000089, 1.399999999999999689, 1.600000000000000089 ) ) ;
#887 = CARTESIAN_POINT ( 'NONE',  ( 1.370000000000000995, 1.849999999999999645, 1.341066017177982017 ) ) ;
#888 = PLANE ( 'NONE',  #4594 ) ;
#889 = CARTESIAN_POINT ( 'NONE',  ( -2.274543651416819579, 0.1623701247003876413, -0.8000000000000000444 ) ) ;
#890 = ORIENTED_EDGE ( 'NONE', *, *, #2870, .T. ) ;
#891 = DIRECTION ( 'NONE',  ( -0.000000000000000000, -1.000000000000000000, -0.000000000000000000 ) ) ;
#892 = LINE ( 'NONE', #5814, #775 ) ;
#893 = ORIENTED_EDGE ( 'NONE', *, *, #1831, .F. ) ;
#894 = DIRECTION ( 'NONE',  ( 0.7071067811865489050, 0.000000000000000000, -0.7071067811865460184 ) ) ;
#895 = LINE ( 'NONE', #2705, #3898 ) ;
#896 = CYLINDRICAL_SURFACE ( 'NONE', #5359, 0.07499999999999998335 ) ;
#897 = ORIENTED_EDGE ( 'NONE', *, *, #4490, .T. ) ;
#898 = CARTESIAN_POINT ( 'NONE',  ( 1.955000000000000515, 1.399999999999999689, 1.554999999999999272 ) ) ;
#899 = DIRECTION ( 'NONE',  ( 0.7071067811865467956, 0.000000000000000000, 0.7071067811865483499 ) ) ;
#900 = EDGE_CURVE ( 'NONE', #5322, #4273, #5239, .T. ) ;
#901 = CIRCLE ( 'NONE', #4747, 0.02499999999999984873 ) ;
#902 = DIRECTION ( 'NONE',  ( 0.000000000000000000, 0.000000000000000000, 1.000000000000000000 ) ) ;
#903 = VERTEX_POINT ( 'NONE', #2571 ) ;
#904 = LINE ( 'NONE', #2274, #4467 ) ;
#905 = ORIENTED_EDGE ( 'NONE', *, *, #248, .F. ) ;
#906 = VECTOR ( 'NONE', #3344, 1000.000000000000114 ) ;
#907 = CARTESIAN_POINT ( 'NONE',  ( -2.055000000000000604, 8.380151512977635164, 0.9249999999999992673 ) ) ;
#908 = ADVANCED_FACE ( 'NONE', ( #374 ), #309, .T. ) ;
#909 = CARTESIAN_POINT ( 'NONE',  ( -1.420000000000000817, 1.774999999999999689, 1.554999999999999272 ) ) ;
#910 = ORIENTED_EDGE ( 'NONE', *, *, #4663, .F. ) ;
#911 = CARTESIAN_POINT ( 'NONE',  ( 1.955000000000000515, 8.380151512977635164, -1.554999999999999716 ) ) ;
#912 = LINE ( 'NONE', #1477, #3540 ) ;
#913 = EDGE_CURVE ( 'NONE', #4577, #3002, #5745, .T. ) ;
#914 = CARTESIAN_POINT ( 'NONE',  ( 1.370000000000000995, 1.849999999999999645, 1.521506350946108865 ) ) ;
#915 = CARTESIAN_POINT ( 'NONE',  ( -1.749999999999999778, -2.143131898507868051E-16, -1.600000000000000089 ) ) ;
#916 = EDGE_CURVE ( 'NONE', #3523, #2086, #1747, .T. ) ;
#917 = DIRECTION ( 'NONE',  ( -0.000000000000000000, -1.000000000000000000, -0.000000000000000000 ) ) ;
#918 = ORIENTED_EDGE ( 'NONE', *, *, #4012, .F. ) ;
#919 = DIRECTION ( 'NONE',  ( 0.000000000000000000, 0.000000000000000000, 1.000000000000000000 ) ) ;
#920 =( BOUNDED_CURVE ( )  B_SPLINE_CURVE ( 3, ( #3651, #5447, #1413, #3204 ),
 .UNSPECIFIED., .F., .F. ) 
 B_SPLINE_CURVE_WITH_KNOTS ( ( 4, 4 ),
 ( 0.000000000000000000, 1.570796326794897890 ),
 .UNSPECIFIED. ) 
 CURVE ( )  GEOMETRIC_REPRESENTATION_ITEM ( )  RATIONAL_B_SPLINE_CURVE ( ( 1.000000000000000000, 0.8047378541243646044, 0.8047378541243646044, 1.000000000000000000 ) ) 
 REPRESENTATION_ITEM ( '' )  );
#921 = LINE ( 'NONE', #2136, #1585 ) ;
#922 = LINE ( 'NONE', #3134, #5098 ) ;
#923 = ORIENTED_EDGE ( 'NONE', *, *, #3590, .F. ) ;
#924 = LINE ( 'NONE', #481, #1681 ) ;
#925 = CARTESIAN_POINT ( 'NONE',  ( -2.100000000000000089, 0.000000000000000000, -0.8000000000000000444 ) ) ;
#926 = LINE ( 'NONE', #484, #4400 ) ;
#927 = ORIENTED_EDGE ( 'NONE', *, *, #2925, .T. ) ;
#928 = CARTESIAN_POINT ( 'NONE',  ( 2.021506350946109976, 1.849999999999999645, -0.8000000000000000444 ) ) ;
#929 = PLANE ( 'NONE',  #2376 ) ;
#930 = PLANE ( 'NONE',  #1030 ) ;
#931 = ORIENTED_EDGE ( 'NONE', *, *, #3206, .F. ) ;
#932 = DIRECTION ( 'NONE',  ( 0.000000000000000000, 0.000000000000000000, 1.000000000000000000 ) ) ;
#933 = AXIS2_PLACEMENT_3D ( 'NONE', #3392, #5191, #2953 ) ;
#934 = VECTOR ( 'NONE', #2690, 1000.000000000000114 ) ;
#935 = ORIENTED_EDGE ( 'NONE', *, *, #4215, .F. ) ;
#936 = AXIS2_PLACEMENT_3D ( 'NONE', #951, #4102, #4510 ) ;
#937 = VECTOR ( 'NONE', #822, 1000.000000000000000 ) ;
#938 = EDGE_CURVE ( 'NONE', #2597, #5347, #851, .T. ) ;
#939 = LINE ( 'NONE', #2305, #4044 ) ;
#940 = ORIENTED_EDGE ( 'NONE', *, *, #787, .T. ) ;
#941 = ADVANCED_FACE ( 'NONE', ( #5304 ), #2125, .T. ) ;
#942 = VECTOR ( 'NONE', #5419, 1000.000000000000000 ) ;
#943 = AXIS2_PLACEMENT_3D ( 'NONE', #4544, #159, #508 ) ;
#944 = DIRECTION ( 'NONE',  ( -0.7071067811865467956, -0.000000000000000000, 0.7071067811865483499 ) ) ;
#945 = CARTESIAN_POINT ( 'NONE',  ( 1.749999999999999778, 0.1499999999999997724, 1.600000000000000089 ) ) ;
#946 = EDGE_CURVE ( 'NONE', #5473, #582, #662, .T. ) ;
#947 = PLANE ( 'NONE',  #5830 ) ;
#948 = CARTESIAN_POINT ( 'NONE',  ( 1.429873937319055210, 1.849999999999999645, -1.479999999999999760 ) ) ;
#949 = ORIENTED_EDGE ( 'NONE', *, *, #5386, .T. ) ;
#950 = EDGE_CURVE ( 'NONE', #2120, #4696, #1652, .T. ) ;
#951 = CARTESIAN_POINT ( 'NONE',  ( -0.3999999999999998557, 2.500000000000000444, 4.397732528557848481E-16 ) ) ;
#952 = CARTESIAN_POINT ( 'NONE',  ( -1.805000000000000604, 1.774999999999999689, -0.7999999999999999334 ) ) ;
#953 = LINE ( 'NONE', #2197, #5399 ) ;
#954 = ORIENTED_EDGE ( 'NONE', *, *, #5558, .F. ) ;
#955 = FACE_OUTER_BOUND ( 'NONE', #1968, .T. ) ;
#956 = EDGE_CURVE ( 'NONE', #2924, #1627, #2468, .T. ) ;
#957 = EDGE_CURVE ( 'NONE', #4260, #1157, #753, .T. ) ;
#958 = FACE_OUTER_BOUND ( 'NONE', #5093, .T. ) ;
#959 = VERTEX_POINT ( 'NONE', #4795 ) ;
#960 = CARTESIAN_POINT ( 'NONE',  ( -1.538823954192048760, 1.844280904158205336, 1.554999999999999272 ) ) ;
#961 = CARTESIAN_POINT ( 'NONE',  ( 2.274543651416819579, 0.1623701247003876413, 1.350000000000000089 ) ) ;
#962 = DIRECTION ( 'NONE',  ( 0.000000000000000000, 0.000000000000000000, 1.000000000000000000 ) ) ;
#963 = EDGE_LOOP ( 'NONE', ( #1484, #261, #3067, #3926 ) ) ;
#964 = CARTESIAN_POINT ( 'NONE',  ( -0.3999999999999998557, 1.399999999999999689, -1.100000000000000533 ) ) ;
#965 = VERTEX_POINT ( 'NONE', #3440 ) ;
#966 = AXIS2_PLACEMENT_3D ( 'NONE', #3880, #2213, #4005 ) ;
#967 = CARTESIAN_POINT ( 'NONE',  ( 2.018779798754807508, 1.842286218423174082, 1.077865067056390735 ) ) ;
#968 = EDGE_LOOP ( 'NONE', ( #5692, #5554, #927, #3650, #814, #5769, #1903, #3353 ) ) ;
#969 = AXIS2_PLACEMENT_3D ( 'NONE', #1555, #716, #1587 ) ;
#970 = DIRECTION ( 'NONE',  ( 1.000000000000000000, 0.000000000000000000, 0.000000000000000000 ) ) ;
#971 = CARTESIAN_POINT ( 'NONE',  ( 0.3999999999999998557, 9.120215047547656440, 4.397732528557848481E-16 ) ) ;
#972 = FACE_OUTER_BOUND ( 'NONE', #2211, .T. ) ;
#973 = VERTEX_POINT ( 'NONE', #1622 ) ;
#974 = DIRECTION ( 'NONE',  ( 0.9973922938103979563, 0.07217071599778390745, 0.000000000000000000 ) ) ;
#975 = CARTESIAN_POINT ( 'NONE',  ( -1.980000000000000426, 1.849999999999999645, 1.061801948466051693 ) ) ;
#976 = ORIENTED_EDGE ( 'NONE', *, *, #5592, .T. ) ;
#977 = DIRECTION ( 'NONE',  ( 1.000000000000000000, 1.548860246407861364E-16, -0.000000000000000000 ) ) ;
#978 = CIRCLE ( 'NONE', #4256, 0.1749999999999998224 ) ;
#979 = VERTEX_POINT ( 'NONE', #1238 ) ;
#980 = ORIENTED_EDGE ( 'NONE', *, *, #3915, .F. ) ;
#981 = ADVANCED_FACE ( 'NONE', ( #2537 ), #279, .F. ) ;
#982 = CARTESIAN_POINT ( 'NONE',  ( 0.000000000000000000, 0.000000000000000000, 1.600000000000000089 ) ) ;
#983 = CARTESIAN_POINT ( 'NONE',  ( 1.955000000000000515, 1.550000000000000266, 1.554999999999999272 ) ) ;
#984 = UNCERTAINTY_MEASURE_WITH_UNIT (LENGTH_MEASURE( 1.000000000000000082E-05 ), #3150, 'distance_accuracy_value', 'NONE');
#985 = EDGE_CURVE ( 'NONE', #3961, #3470, #5336, .T. ) ;
#986 = LINE ( 'NONE', #92, #3587 ) ;
#987 = ORIENTED_EDGE ( 'NONE', *, *, #5080, .F. ) ;
#988 = AXIS2_PLACEMENT_3D ( 'NONE', #2433, #4216, #1994 ) ;
#989 = DIRECTION ( 'NONE',  ( -1.000000000000000000, 0.000000000000000000, 0.000000000000000000 ) ) ;
#990 = ORIENTED_EDGE ( 'NONE', *, *, #5449, .F. ) ;
#991 = AXIS2_PLACEMENT_3D ( 'NONE', #2380, #5023, #591 ) ;
#992 = CARTESIAN_POINT ( 'NONE',  ( -1.420000000000000817, 1.774999999999999689, -1.554999999999999716 ) ) ;
#993 = EDGE_LOOP ( 'NONE', ( #2032, #3170, #3066, #5777 ) ) ;
#994 = CIRCLE ( 'NONE', #432, 0.1749999999999998224 ) ;
#995 = ADVANCED_FACE ( 'NONE', ( #3943 ), #1301, .T. ) ;
#996 = DIRECTION ( 'NONE',  ( 1.000000000000000000, -0.000000000000000000, -0.000000000000000000 ) ) ;
#997 = DIRECTION ( 'NONE',  ( 0.000000000000000000, 0.000000000000000000, -1.000000000000000000 ) ) ;
#998 = PRODUCT_DEFINITION ( 'UNKNOWN', '', #471, #801 ) ;
#999 = LINE ( 'NONE', #4537, #2059 ) ;
#1000 = VECTOR ( 'NONE', #3988, 1000.000000000000000 ) ;
#1001 = ORIENTED_EDGE ( 'NONE', *, *, #4394, .F. ) ;
#1002 = CARTESIAN_POINT ( 'NONE',  ( -2.055000000000000604, 1.849999999999999645, 1.454999999999999183 ) ) ;
#1003 = CARTESIAN_POINT ( 'NONE',  ( -1.997668557556425917, 1.849999999999999645, 0.8310660171779815641 ) ) ;
#1004 = ORIENTED_EDGE ( 'NONE', *, *, #5108, .F. ) ;
#1005 = PLANE ( 'NONE',  #165 ) ;
#1006 = VECTOR ( 'NONE', #5209, 1000.000000000000000 ) ;
#1007 = ADVANCED_FACE ( 'NONE', ( #2999 ), #3088, .F. ) ;
#1008 = VERTEX_POINT ( 'NONE', #4320 ) ;
#1009 = EDGE_LOOP ( 'NONE', ( #3351, #2817, #3555, #5226 ) ) ;
#1010 = LINE ( 'NONE', #960, #4929 ) ;
#1011 = SURFACE_STYLE_USAGE ( .BOTH. , #4162 ) ;
#1012 = DIRECTION ( 'NONE',  ( -1.000000000000000000, 0.000000000000000000, 0.000000000000000000 ) ) ;
#1013 = EDGE_LOOP ( 'NONE', ( #1209, #780, #4027, #3020 ) ) ;
#1014 = CARTESIAN_POINT ( 'NONE',  ( 1.955000000000000515, 1.549999999999998046, -1.554999999999999716 ) ) ;
#1015 = ORIENTED_EDGE ( 'NONE', *, *, #2910, .F. ) ;
#1016 = EDGE_CURVE ( 'NONE', #5352, #4609, #4438, .T. ) ;
#1017 = EDGE_CURVE ( 'NONE', #521, #3453, #5804, .T. ) ;
#1018 = LINE ( 'NONE', #3207, #1421 ) ;
#1019 = TOROIDAL_SURFACE ( 'NONE', #2807, 0.9000000000000004663, 0.2000000000000000111 ) ;
#1020 = ORIENTED_EDGE ( 'NONE', *, *, #4118, .F. ) ;
#1021 = VECTOR ( 'NONE', #4950, 1000.000000000000000 ) ;
#1022 = CARTESIAN_POINT ( 'NONE',  ( 2.033033008588991386, 1.828033008588990649, 1.083768939877059356 ) ) ;
#1023 = DIRECTION ( 'NONE',  ( -0.7071067811865487940, 0.000000000000000000, 0.7071067811865463515 ) ) ;
#1024 = VECTOR ( 'NONE', #297, 1000.000000000000000 ) ;
#1025 = CARTESIAN_POINT ( 'NONE',  ( 2.055000000000000604, 1.795157082654851521, 1.108295528797683449 ) ) ;
#1026 = VECTOR ( 'NONE', #813, 1000.000000000000000 ) ;
#1027 = EDGE_CURVE ( 'NONE', #3483, #3783, #407, .T. ) ;
#1028 = FACE_OUTER_BOUND ( 'NONE', #859, .T. ) ;
#1029 = ORIENTED_EDGE ( 'NONE', *, *, #4574, .T. ) ;
#1030 = AXIS2_PLACEMENT_3D ( 'NONE', #2738, #4603, #46 ) ;
#1031 = CARTESIAN_POINT ( 'NONE',  ( -1.955000000000000515, 1.399999999999999689, 1.554999999999999272 ) ) ;
#1032 = FACE_OUTER_BOUND ( 'NONE', #3321, .T. ) ;
#1033 = ORIENTED_EDGE ( 'NONE', *, *, #2097, .F. ) ;
#1034 = DIRECTION ( 'NONE',  ( 1.000000000000000000, 0.000000000000000000, 0.000000000000000000 ) ) ;
#1035 = ORIENTED_EDGE ( 'NONE', *, *, #3901, .F. ) ;
#1036 = ORIENTED_EDGE ( 'NONE', *, *, #4090, .F. ) ;
#1037 = ADVANCED_FACE ( 'NONE', ( #5263 ), #4278, .F. ) ;
#1038 = CARTESIAN_POINT ( 'NONE',  ( 2.100000000000000089, 0.000000000000000000, 0.8000000000000000444 ) ) ;
#1039 = CARTESIAN_POINT ( 'NONE',  ( 2.100000000000000089, 1.399999999999999689, 1.600000000000000089 ) ) ;
#1040 = CARTESIAN_POINT ( 'NONE',  ( 1.295000000000001039, 1.849999999999999645, -1.521506350946109309 ) ) ;
#1041 = CARTESIAN_POINT ( 'NONE',  ( -1.805000000000000382, 1.399999999999999689, 0.7999999999999993783 ) ) ;
#1042 = VERTEX_POINT ( 'NONE', #1584 ) ;
#1043 = DIRECTION ( 'NONE',  ( 0.2588190451025211836, 0.000000000000000000, 0.9659258262890682012 ) ) ;
#1044 = ORIENTED_EDGE ( 'NONE', *, *, #1442, .T. ) ;
#1045 = EDGE_CURVE ( 'NONE', #1146, #2581, #3021, .T. ) ;
#1046 = CARTESIAN_POINT ( 'NONE',  ( -1.530735931288070173, 1.849999999999999645, -1.479999999999999760 ) ) ;
#1047 = ORIENTED_EDGE ( 'NONE', *, *, #3708, .T. ) ;
#1048 = AXIS2_PLACEMENT_3D ( 'NONE', #1750, #2188, #5748 ) ;
#1049 = EDGE_CURVE ( 'NONE', #1705, #3448, #2962, .T. ) ;
#1050 = DIRECTION ( 'NONE',  ( 0.000000000000000000, -0.000000000000000000, -1.000000000000000000 ) ) ;
#1051 = CARTESIAN_POINT ( 'NONE',  ( -1.295000000000001039, 1.399999999999999689, 1.310000000000000719 ) ) ;
#1052 = CARTESIAN_POINT ( 'NONE',  ( 1.805000000000000382, 1.774999999999999689, 0.7999999999999993783 ) ) ;
#1053 = ADVANCED_FACE ( 'NONE', ( #4755 ), #4723, .F. ) ;
#1054 = PLANE ( 'NONE',  #3438 ) ;
#1055 = VERTEX_POINT ( 'NONE', #2057 ) ;
#1056 = VECTOR ( 'NONE', #4105, 1000.000000000000000 ) ;
#1057 = DIRECTION ( 'NONE',  ( 1.000000000000000000, 0.000000000000000000, -0.000000000000000000 ) ) ;
#1058 = CARTESIAN_POINT ( 'NONE',  ( -2.021506350946109976, 1.774999999999999689, 0.7999999999999993783 ) ) ;
#1059 = VERTEX_POINT ( 'NONE', #779 ) ;
#1060 = CARTESIAN_POINT ( 'NONE',  ( 1.295000000000001039, 1.399999999999999689, -1.521506350946108865 ) ) ;
#1061 = ORIENTED_EDGE ( 'NONE', *, *, #2717, .T. ) ;
#1062 = EDGE_LOOP ( 'NONE', ( #3213, #27, #762, #2984 ) ) ;
#1063 = VECTOR ( 'NONE', #2046, 1000.000000000000000 ) ;
#1064 = LINE ( 'NONE', #5518, #410 ) ;
#1065 = PLANE ( 'NONE',  #3603 ) ;
#1066 = CARTESIAN_POINT ( 'NONE',  ( 2.100000000000000089, 1.399999999999999689, -1.525000000000000133 ) ) ;
#1067 =( BOUNDED_CURVE ( )  B_SPLINE_CURVE ( 3, ( #4229, #1003, #2779, #1058 ),
 .UNSPECIFIED., .F., .T. ) 
 B_SPLINE_CURVE_WITH_KNOTS ( ( 4, 4 ),
 ( 1.570796326794897446, 3.141592653589793116 ),
 .UNSPECIFIED. ) 
 CURVE ( )  GEOMETRIC_REPRESENTATION_ITEM ( )  RATIONAL_B_SPLINE_CURVE ( ( 1.000000000000000000, 0.8047378541243652705, 0.8047378541243652705, 1.000000000000000000 ) ) 
 REPRESENTATION_ITEM ( '' )  );
#1068 = DIRECTION ( 'NONE',  ( 1.000000000000000000, -0.000000000000000000, -0.000000000000000000 ) ) ;
#1069 = VERTEX_POINT ( 'NONE', #3461 ) ;
#1070 = LINE ( 'NONE', #5045, #4271 ) ;
#1071 = VERTEX_POINT ( 'NONE', #3369 ) ;
#1072 = PLANE ( 'NONE',  #4414 ) ;
#1073 = ORIENTED_EDGE ( 'NONE', *, *, #337, .F. ) ;
#1074 = VECTOR ( 'NONE', #4115, 1000.000000000000000 ) ;
#1075 = EDGE_CURVE ( 'NONE', #1931, #1486, #3874, .T. ) ;
#1076 = LINE ( 'NONE', #4251, #194 ) ;
#1077 = DIRECTION ( 'NONE',  ( -0.000000000000000000, -1.000000000000000000, -0.000000000000000000 ) ) ;
#1078 = ORIENTED_EDGE ( 'NONE', *, *, #1738, .F. ) ;
#1079 = DIRECTION ( 'NONE',  ( -0.7071067811865467956, -0.000000000000000000, 0.7071067811865483499 ) ) ;
#1080 = FACE_OUTER_BOUND ( 'NONE', #3097, .T. ) ;
#1081 = ORIENTED_EDGE ( 'NONE', *, *, #1778, .T. ) ;
#1082 = ADVANCED_FACE ( 'NONE', ( #3496 ), #5680, .T. ) ;
#1083 = LINE ( 'NONE', #2449, #339 ) ;
#1084 = EDGE_CURVE ( 'NONE', #3983, #4480, #5614, .T. ) ;
#1085 = CARTESIAN_POINT ( 'NONE',  ( 1.805000000000000382, 1.399999999999999689, 0.7999999999999993783 ) ) ;
#1086 = ORIENTED_EDGE ( 'NONE', *, *, #1936, .F. ) ;
#1087 = CARTESIAN_POINT ( 'NONE',  ( 2.100000000000000089, 0.1499999999999997169, 1.525000000000000133 ) ) ;
#1088 = ORIENTED_EDGE ( 'NONE', *, *, #2387, .T. ) ;
#1089 = VECTOR ( 'NONE', #1334, 1000.000000000000000 ) ;
#1090 = VERTEX_POINT ( 'NONE', #5167 ) ;
#1091 = LINE ( 'NONE', #4772, #1063 ) ;
#1092 = VECTOR ( 'NONE', #1113, 1000.000000000000000 ) ;
#1093 = PRESENTATION_STYLE_ASSIGNMENT (( #1011 ) ) ;
#1094 = FACE_OUTER_BOUND ( 'NONE', #3384, .T. ) ;
#1095 = EDGE_LOOP ( 'NONE', ( #3906, #5734, #2306, #5756 ) ) ;
#1096 = DIRECTION ( 'NONE',  ( 0.000000000000000000, 0.000000000000000000, 1.000000000000000000 ) ) ;
#1097 = VERTEX_POINT ( 'NONE', #3934 ) ;
#1098 = FACE_OUTER_BOUND ( 'NONE', #1557, .T. ) ;
#1099 = CARTESIAN_POINT ( 'NONE',  ( 1.749999999999999778, 0.1499999999999997724, -0.8000000000000000444 ) ) ;
#1100 = ORIENTED_EDGE ( 'NONE', *, *, #4322, .T. ) ;
#1101 = VECTOR ( 'NONE', #3687, 1000.000000000000000 ) ;
#1102 = ADVANCED_FACE ( 'NONE', ( #2499 ), #3842, .T. ) ;
#1103 = AXIS2_PLACEMENT_3D ( 'NONE', #4488, #3075, #3107 ) ;
#1104 = LINE ( 'NONE', #3291, #3222 ) ;
#1105 = DIRECTION ( 'NONE',  ( -0.9659258262890682012, 0.000000000000000000, -0.2588190451025212946 ) ) ;
#1106 = ORIENTED_EDGE ( 'NONE', *, *, #4983, .T. ) ;
#1107 = EDGE_CURVE ( 'NONE', #4203, #2052, #1134, .T. ) ;
#1108 = CARTESIAN_POINT ( 'NONE',  ( 2.025000000000000355, 1.399999999999999689, 1.525000000000000133 ) ) ;
#1109 = CYLINDRICAL_SURFACE ( 'NONE', #127, 0.07499999999999998335 ) ;
#1110 = VECTOR ( 'NONE', #3188, 1000.000000000000114 ) ;
#1111 = ORIENTED_EDGE ( 'NONE', *, *, #3901, .T. ) ;
#1112 = AXIS2_PLACEMENT_3D ( 'NONE', #2559, #1581, #4366 ) ;
#1113 = DIRECTION ( 'NONE',  ( 0.000000000000000000, -1.000000000000000000, 0.000000000000000000 ) ) ;
#1114 = CARTESIAN_POINT ( 'NONE',  ( 2.100000000000000089, 0.000000000000000000, 0.8000000000000000444 ) ) ;
#1115 = ORIENTED_EDGE ( 'NONE', *, *, #5674, .T. ) ;
#1116 = DIRECTION ( 'NONE',  ( 0.000000000000000000, -0.000000000000000000, 1.000000000000000000 ) ) ;
#1117 = VECTOR ( 'NONE', #316, 1000.000000000000000 ) ;
#1118 = VERTEX_POINT ( 'NONE', #748 ) ;
#1119 = ORIENTED_EDGE ( 'NONE', *, *, #5089, .F. ) ;
#1120 = LINE ( 'NONE', #3450, #80 ) ;
#1121 = AXIS2_PLACEMENT_3D ( 'NONE', #3366, #2025, #3337 ) ;
#1122 = EDGE_CURVE ( 'NONE', #5300, #628, #3905, .T. ) ;
#1123 = CYLINDRICAL_SURFACE ( 'NONE', #3525, 0.02499999999999984873 ) ;
#1124 = EDGE_CURVE ( 'NONE', #2152, #4577, #5648, .T. ) ;
#1125 = CARTESIAN_POINT ( 'NONE',  ( -2.100000000000000089, 0.000000000000000000, -0.8000000000000000444 ) ) ;
#1126 = CARTESIAN_POINT ( 'NONE',  ( 1.326066017177983003, 1.849999999999999645, 1.322867965644035859 ) ) ;
#1127 = CARTESIAN_POINT ( 'NONE',  ( -1.420000000000000817, 1.849999999999999645, -1.554999999999999716 ) ) ;
#1128 = ORIENTED_EDGE ( 'NONE', *, *, #3037, .F. ) ;
#1129 = DIRECTION ( 'NONE',  ( 0.000000000000000000, 0.000000000000000000, -1.000000000000000000 ) ) ;
#1130 = ORIENTED_EDGE ( 'NONE', *, *, #2181, .F. ) ;
#1131 = LINE ( 'NONE', #4337, #468 ) ;
#1132 = CARTESIAN_POINT ( 'NONE',  ( -1.295000000000001039, 1.774999999999999689, 1.521506350946108865 ) ) ;
#1133 = VERTEX_POINT ( 'NONE', #688 ) ;
#1134 = LINE ( 'NONE', #1707, #2382 ) ;
#1135 = LINE ( 'NONE', #5109, #3035 ) ;
#1136 = CARTESIAN_POINT ( 'NONE',  ( 1.295000000000001039, 1.849999999999999645, 1.521506350946108865 ) ) ;
#1137 = EDGE_LOOP ( 'NONE', ( #799, #5802, #1100, #2426 ) ) ;
#1138 = AXIS2_PLACEMENT_3D ( 'NONE', #275, #5530, #3845 ) ;
#1139 = FACE_OUTER_BOUND ( 'NONE', #5668, .T. ) ;
#1140 = AXIS2_PLACEMENT_3D ( 'NONE', #5401, #4919, #5430 ) ;
#1141 = LINE ( 'NONE', #2851, #2215 ) ;
#1142 = EDGE_LOOP ( 'NONE', ( #1314, #2138, #130, #5618, #5025 ) ) ;
#1143 = AXIS2_PLACEMENT_3D ( 'NONE', #2531, #3812, #2991 ) ;
#1144 = CARTESIAN_POINT ( 'NONE',  ( 1.963956826847687687, 1.849999999999999645, 0.8749999999999993339 ) ) ;
#1145 = CARTESIAN_POINT ( 'NONE',  ( 2.124934807345259635, 0.1731957321000552052, 1.350000000000000089 ) ) ;
#1146 = VERTEX_POINT ( 'NONE', #2932 ) ;
#1147 = FACE_OUTER_BOUND ( 'NONE', #665, .T. ) ;
#1148 = ORIENTED_EDGE ( 'NONE', *, *, #3858, .T. ) ;
#1149 = ORIENTED_EDGE ( 'NONE', *, *, #2487, .T. ) ;
#1150 = LINE ( 'NONE', #3042, #5265 ) ;
#1151 = CARTESIAN_POINT ( 'NONE',  ( -2.150391155928440323, 0.5250000000000000222, 1.350000000000000089 ) ) ;
#1152 = DIRECTION ( 'NONE',  ( -1.548860246407861611E-16, 1.000000000000000000, 0.000000000000000000 ) ) ;
#1153 = EDGE_LOOP ( 'NONE', ( #2827, #2860, #3877, #4285 ) ) ;
#1154 = DIRECTION ( 'NONE',  ( -0.000000000000000000, -1.000000000000000000, -0.000000000000000000 ) ) ;
#1155 = UNCERTAINTY_MEASURE_WITH_UNIT (LENGTH_MEASURE( 1.000000000000000082E-05 ), #5739, 'distance_accuracy_value', 'NONE');
#1156 = PLANE ( 'NONE',  #933 ) ;
#1157 = VERTEX_POINT ( 'NONE', #3433 ) ;
#1158 = FACE_OUTER_BOUND ( 'NONE', #3873, .T. ) ;
#1159 = VERTEX_POINT ( 'NONE', #5708 ) ;
#1160 = AXIS2_PLACEMENT_3D ( 'NONE', #3015, #4268, #4744 ) ;
#1161 = CARTESIAN_POINT ( 'NONE',  ( 2.299999999999999822, 0.5141743926003324860, -0.8000000000000000444 ) ) ;
#1162 = EDGE_CURVE ( 'NONE', #1538, #1877, #334, .T. ) ;
#1163 = CARTESIAN_POINT ( 'NONE',  ( -2.021506350946109976, 1.774999999999999689, 0.7999999999999999334 ) ) ;
#1164 = VERTEX_POINT ( 'NONE', #5233 ) ;
#1165 = CARTESIAN_POINT ( 'NONE',  ( 2.055000000000000604, 1.849999999999999645, 1.454999999999999183 ) ) ;
#1166 = VECTOR ( 'NONE', #1406, 1000.000000000000000 ) ;
#1167 = CARTESIAN_POINT ( 'NONE',  ( -1.520900974233027503, 1.774999999999999689, -1.520900974233024172 ) ) ;
#1168 = CARTESIAN_POINT ( 'NONE',  ( -2.021506350946109976, 1.849999999999999645, 0.7999999999999993783 ) ) ;
#1169 = ORIENTED_EDGE ( 'NONE', *, *, #2901, .T. ) ;
#1170 = LINE ( 'NONE', #2006, #2992 ) ;
#1171 = EDGE_CURVE ( 'NONE', #1758, #2941, #3399, .T. ) ;
#1172 = CARTESIAN_POINT ( 'NONE',  ( -0.4000000000000001887, 8.380151512977635164, -1.199999999999999956 ) ) ;
#1173 = AXIS2_PLACEMENT_3D ( 'NONE', #4026, #1330, #4496 ) ;
#1174 = VERTEX_POINT ( 'NONE', #2562 ) ;
#1175 = EDGE_CURVE ( 'NONE', #1580, #1829, #3054, .T. ) ;
#1176 = DIRECTION ( 'NONE',  ( 0.000000000000000000, 0.000000000000000000, 1.000000000000000000 ) ) ;
#1177 = EDGE_LOOP ( 'NONE', ( #3568, #455, #1672, #319 ) ) ;
#1178 = CARTESIAN_POINT ( 'NONE',  ( 0.3999999999999998557, 2.700000000000000178, 0.9000000000000004663 ) ) ;
#1179 = ORIENTED_EDGE ( 'NONE', *, *, #2777, .T. ) ;
#1180 = ORIENTED_EDGE ( 'NONE', *, *, #5017, .F. ) ;
#1181 = VECTOR ( 'NONE', #1731, 1000.000000000000000 ) ;
#1182 = DIRECTION ( 'NONE',  ( 0.9659258262890682012, 0.000000000000000000, -0.2588190451025212946 ) ) ;
#1183 = CARTESIAN_POINT ( 'NONE',  ( -1.420000000000000817, 8.380151512977635164, -1.554999999999999716 ) ) ;
#1184 = EDGE_CURVE ( 'NONE', #2093, #4449, #457, .T. ) ;
#1185 = LINE ( 'NONE', #5635, #1730 ) ;
#1186 = CARTESIAN_POINT ( 'NONE',  ( -2.100000000000000089, 1.399999999999999689, 1.525000000000000133 ) ) ;
#1187 = DIRECTION ( 'NONE',  ( -1.000000000000000000, 0.000000000000000000, 0.000000000000000000 ) ) ;
#1188 = ORIENTED_EDGE ( 'NONE', *, *, #1550, .F. ) ;
#1189 = AXIS2_PLACEMENT_3D ( 'NONE', #2921, #3895, #2952 ) ;
#1190 = FACE_OUTER_BOUND ( 'NONE', #5384, .T. ) ;
#1191 = EDGE_LOOP ( 'NONE', ( #20, #731, #3987, #93 ) ) ;
#1192 =( BOUNDED_CURVE ( )  B_SPLINE_CURVE ( 3, ( #909, #3255, #1448, #3152 ),
 .UNSPECIFIED., .F., .T. ) 
 B_SPLINE_CURVE_WITH_KNOTS ( ( 4, 4 ),
 ( 3.141592653589793116, 4.712388980384690562 ),
 .UNSPECIFIED. ) 
 CURVE ( )  GEOMETRIC_REPRESENTATION_ITEM ( )  RATIONAL_B_SPLINE_CURVE ( ( 1.000000000000000000, 0.8047378541243648264, 0.8047378541243648264, 1.000000000000000000 ) ) 
 REPRESENTATION_ITEM ( '' )  );
#1193 = DIRECTION ( 'NONE',  ( -0.000000000000000000, -1.000000000000000000, -0.000000000000000000 ) ) ;
#1194 = PLANE ( 'NONE',  #5462 ) ;
#1195 = VERTEX_POINT ( 'NONE', #4085 ) ;
#1196 = DIRECTION ( 'NONE',  ( -0.000000000000000000, -1.000000000000000000, -0.000000000000000000 ) ) ;
#1197 = ADVANCED_FACE ( 'NONE', ( #5354 ), #2647, .T. ) ;
#1198 = CARTESIAN_POINT ( 'NONE',  ( 2.021506350946109976, 1.774999999999999689, -0.8000000000000000444 ) ) ;
#1199 = EDGE_CURVE ( 'NONE', #3652, #4837, #1385, .T. ) ;
#1200 = EDGE_CURVE ( 'NONE', #3563, #3630, #1437, .T. ) ;
#1201 = LINE ( 'NONE', #3939, #1217 ) ;
#1202 = ORIENTED_EDGE ( 'NONE', *, *, #2285, .T. ) ;
#1203 = DIRECTION ( 'NONE',  ( -1.000000000000000000, 0.000000000000000000, 0.000000000000000000 ) ) ;
#1204 = VECTOR ( 'NONE', #4156, 1000.000000000000000 ) ;
#1205 = CARTESIAN_POINT ( 'NONE',  ( 1.980000000000000426, 1.774999999999999689, 0.000000000000000000 ) ) ;
#1206 = ORIENTED_EDGE ( 'NONE', *, *, #553, .F. ) ;
#1207 = DIRECTION ( 'NONE',  ( -0.2588190451025211836, 0.000000000000000000, 0.9659258262890682012 ) ) ;
#1208 = CARTESIAN_POINT ( 'NONE',  ( -2.100000000000000089, 1.550000000000000266, -1.525000000000000133 ) ) ;
#1209 = ORIENTED_EDGE ( 'NONE', *, *, #2387, .F. ) ;
#1210 = DIRECTION ( 'NONE',  ( 1.000000000000000000, 0.000000000000000000, 0.000000000000000000 ) ) ;
#1211 = EDGE_CURVE ( 'NONE', #583, #5707, #4122, .T. ) ;
#1212 = VECTOR ( 'NONE', #2865, 1000.000000000000000 ) ;
#1213 = AXIS2_PLACEMENT_3D ( 'NONE', #2240, #3115, #932 ) ;
#1214 = ORIENTED_EDGE ( 'NONE', *, *, #5017, .T. ) ;
#1215 = ORIENTED_EDGE ( 'NONE', *, *, #3644, .F. ) ;
#1216 = DIRECTION ( 'NONE',  ( -0.9973922938103979563, 0.07217071599778383806, 0.000000000000000000 ) ) ;
#1217 = VECTOR ( 'NONE', #4437, 1000.000000000000114 ) ;
#1218 = DIRECTION ( 'NONE',  ( -0.000000000000000000, -1.000000000000000000, -0.000000000000000000 ) ) ;
#1219 = PLANE ( 'NONE',  #1450 ) ;
#1220 = VERTEX_POINT ( 'NONE', #3995 ) ;
#1221 = CARTESIAN_POINT ( 'NONE',  ( -1.420000000000000817, 1.849999999999999645, -1.554999999999999716 ) ) ;
#1222 = EDGE_CURVE ( 'NONE', #5148, #372, #656, .T. ) ;
#1223 = VECTOR ( 'NONE', #2485, 1000.000000000000000 ) ;
#1224 = PLANE ( 'NONE',  #1472 ) ;
#1225 = VECTOR ( 'NONE', #96, 1000.000000000000000 ) ;
#1226 = ORIENTED_EDGE ( 'NONE', *, *, #5592, .F. ) ;
#1227 = VECTOR ( 'NONE', #1932, 1000.000000000000000 ) ;
#1228 = CARTESIAN_POINT ( 'NONE',  ( -1.295000000000001039, 1.550000000000000266, -1.521506350946109309 ) ) ;
#1229 = LINE ( 'NONE', #3963, #5546 ) ;
#1230 = ORIENTED_EDGE ( 'NONE', *, *, #2573, .T. ) ;
#1231 = DIRECTION ( 'NONE',  ( -1.000000000000000000, 0.000000000000000000, 0.000000000000000000 ) ) ;
#1232 = ORIENTED_EDGE ( 'NONE', *, *, #956, .T. ) ;
#1233 = ADVANCED_FACE ( 'NONE', ( #5821 ), #3111, .F. ) ;
#1234 = FACE_OUTER_BOUND ( 'NONE', #778, .T. ) ;
#1235 = CARTESIAN_POINT ( 'NONE',  ( 2.100000000000000089, 0.1749999999999997946, -0.8000000000000000444 ) ) ;
#1236 = VERTEX_POINT ( 'NONE', #4427 ) ;
#1237 = DIRECTION ( 'NONE',  ( -1.000000000000000000, -6.546552552286067020E-16, -0.000000000000000000 ) ) ;
#1238 = CARTESIAN_POINT ( 'NONE',  ( -2.055000000000000604, 1.399999999999999689, -0.9249999999999996003 ) ) ;
#1239 = CYLINDRICAL_SURFACE ( 'NONE', #832, 0.07499999999999998335 ) ;
#1240 = ADVANCED_FACE ( 'NONE', ( #1769 ), #4935, .T. ) ;
#1241 = LINE ( 'NONE', #2692, #2230 ) ;
#1242 = DIRECTION ( 'NONE',  ( 0.000000000000000000, 1.000000000000000000, 0.000000000000000000 ) ) ;
#1243 = ORIENTED_EDGE ( 'NONE', *, *, #2758, .F. ) ;
#1244 = ADVANCED_FACE ( 'NONE', ( #396 ), #5387, .F. ) ;
#1245 = FACE_OUTER_BOUND ( 'NONE', #1561, .T. ) ;
#1246 = VECTOR ( 'NONE', #4845, 1000.000000000000000 ) ;
#1247 = EDGE_LOOP ( 'NONE', ( #4064, #4072, #1361, #398, #638 ) ) ;
#1248 = ORIENTED_EDGE ( 'NONE', *, *, #1345, .T. ) ;
#1249 = PLANE ( 'NONE',  #4134 ) ;
#1250 = AXIS2_PLACEMENT_3D ( 'NONE', #805, #44, #1858 ) ;
#1251 = CARTESIAN_POINT ( 'NONE',  ( 1.295000000000001039, 8.380151512977635164, -1.521506350946109309 ) ) ;
#1252 = CARTESIAN_POINT ( 'NONE',  ( -1.295000000000001039, 1.774999999999999689, 1.521506350946108865 ) ) ;
#1253 = VERTEX_POINT ( 'NONE', #1325 ) ;
#1254 = LINE ( 'NONE', #3801, #4454 ) ;
#1255 = CIRCLE ( 'NONE', #770, 0.07499999999999998335 ) ;
#1256 = CARTESIAN_POINT ( 'NONE',  ( -2.055000000000000604, 1.774999999999999689, 1.136801948466051426 ) ) ;
#1257 = ORIENTED_EDGE ( 'NONE', *, *, #476, .F. ) ;
#1258 = EDGE_CURVE ( 'NONE', #1277, #4820, #3968, .T. ) ;
#1259 = VECTOR ( 'NONE', #2701, 1000.000000000000000 ) ;
#1260 = DIRECTION ( 'NONE',  ( -0.000000000000000000, -1.000000000000000000, -0.000000000000000000 ) ) ;
#1261 = EDGE_CURVE ( 'NONE', #382, #2772, #4023, .T. ) ;
#1262 = CARTESIAN_POINT ( 'NONE',  ( 1.295000000000001039, 1.774999999999999689, -1.521506350946109309 ) ) ;
#1263 = ORIENTED_EDGE ( 'NONE', *, *, #5442, .T. ) ;
#1264 = DIRECTION ( 'NONE',  ( -1.000000000000000000, -6.546552552286067020E-16, -0.000000000000000000 ) ) ;
#1265 = ORIENTED_EDGE ( 'NONE', *, *, #5455, .T. ) ;
#1266 = VECTOR ( 'NONE', #5443, 1000.000000000000000 ) ;
#1267 = CARTESIAN_POINT ( 'NONE',  ( 2.021506350946109976, 1.774999999999999689, 0.7999999999999993783 ) ) ;
#1268 = EDGE_CURVE ( 'NONE', #414, #903, #2204, .T. ) ;
#1269 = DIRECTION ( 'NONE',  ( -0.7071067811865466846, 0.000000000000000000, -0.7071067811865483499 ) ) ;
#1270 = ORIENTED_EDGE ( 'NONE', *, *, #3620, .T. ) ;
#1271 = DIRECTION ( 'NONE',  ( 0.000000000000000000, -0.000000000000000000, -1.000000000000000000 ) ) ;
#1272 = CARTESIAN_POINT ( 'NONE',  ( -2.100000000000000533, 0.1499999999999997169, -0.8000000000000000444 ) ) ;
#1273 = ORIENTED_EDGE ( 'NONE', *, *, #5064, .T. ) ;
#1274 = EDGE_CURVE ( 'NONE', #466, #4844, #4493, .T. ) ;
#1275 = LINE ( 'NONE', #886, #1311 ) ;
#1276 = DIRECTION ( 'NONE',  ( -0.000000000000000000, -1.000000000000000000, -0.000000000000000000 ) ) ;
#1277 = VERTEX_POINT ( 'NONE', #5444 ) ;
#1278 = CARTESIAN_POINT ( 'NONE',  ( -1.295000000000001039, 1.399999999999999689, -1.310000000000000941 ) ) ;
#1279 = VERTEX_POINT ( 'NONE', #17 ) ;
#1280 = EDGE_CURVE ( 'NONE', #5318, #4731, #1832, .T. ) ;
#1281 = EDGE_LOOP ( 'NONE', ( #2104, #5243, #1720, #4416, #4384 ) ) ;
#1282 = ADVANCED_FACE ( 'NONE', ( #488 ), #929, .T. ) ;
#1283 = DIRECTION ( 'NONE',  ( -0.000000000000000000, -0.000000000000000000, 1.000000000000000000 ) ) ;
#1284 = CARTESIAN_POINT ( 'NONE',  ( 1.805000000000000382, 1.399999999999999689, -0.8000000000000000444 ) ) ;
#1285 = ORIENTED_EDGE ( 'NONE', *, *, #345, .T. ) ;
#1286 = CARTESIAN_POINT ( 'NONE',  ( -2.047286218423175264, 1.813779798754806993, 1.089672812697729309 ) ) ;
#1287 = CARTESIAN_POINT ( 'NONE',  ( 2.100000000000000089, 0.1499999999999997724, 1.350000000000000089 ) ) ;
#1288 = FACE_OUTER_BOUND ( 'NONE', #3993, .T. ) ;
#1289 = ORIENTED_EDGE ( 'NONE', *, *, #4646, .T. ) ;
#1290 = LINE ( 'NONE', #928, #3028 ) ;
#1291 = FACE_OUTER_BOUND ( 'NONE', #4793, .T. ) ;
#1292 = ORIENTED_EDGE ( 'NONE', *, *, #1966, .F. ) ;
#1293 = ADVANCED_FACE ( 'NONE', ( #1938 ), #2374, .F. ) ;
#1294 = DIRECTION ( 'NONE',  ( 1.000000000000000000, 0.000000000000000000, -0.000000000000000000 ) ) ;
#1295 = EDGE_LOOP ( 'NONE', ( #2206, #653, #42, #3894, #3841, #2853, #3698, #1679 ) ) ;
#1296 = LINE ( 'NONE', #2595, #4955 ) ;
#1297 = AXIS2_PLACEMENT_3D ( 'NONE', #5434, #5511, #1929 ) ;
#1298 = CARTESIAN_POINT ( 'NONE',  ( 1.370000000000000995, 1.849999999999999645, -1.463956826847687465 ) ) ;
#1299 = ORIENTED_EDGE ( 'NONE', *, *, #43, .T. ) ;
#1300 = CARTESIAN_POINT ( 'NONE',  ( -0.4000000000000001887, 1.399999999999999689, -1.199999999999999956 ) ) ;
#1301 = PLANE ( 'NONE',  #4713 ) ;
#1302 = LINE ( 'NONE', #911, #2630 ) ;
#1303 = EDGE_CURVE ( 'NONE', #2476, #4429, #1516, .T. ) ;
#1304 = CARTESIAN_POINT ( 'NONE',  ( 1.749999999999999778, -2.143131898507868051E-16, 0.8000000000000000444 ) ) ;
#1305 = LINE ( 'NONE', #820, #2094 ) ;
#1306 = PLANE ( 'NONE',  #2735 ) ;
#1307 = DIRECTION ( 'NONE',  ( -1.000000000000000000, 0.000000000000000000, 0.000000000000000000 ) ) ;
#1308 = ORIENTED_EDGE ( 'NONE', *, *, #1017, .T. ) ;
#1309 = VERTEX_POINT ( 'NONE', #983 ) ;
#1310 = APPLICATION_PROTOCOL_DEFINITION ( 'draft international standard', 'automotive_design', 1998, #1697 ) ;
#1311 = VECTOR ( 'NONE', #1685, 1000.000000000000000 ) ;
#1312 = LINE ( 'NONE', #796, #4117 ) ;
#1313 = CARTESIAN_POINT ( 'NONE',  ( -1.295000000000001261, 1.818933982822017459, -1.521506350946109087 ) ) ;
#1314 = ORIENTED_EDGE ( 'NONE', *, *, #5303, .F. ) ;
#1315 = LINE ( 'NONE', #2289, #5247 ) ;
#1316 = AXIS2_PLACEMENT_3D ( 'NONE', #101, #525, #1978 ) ;
#1317 = VECTOR ( 'NONE', #3121, 1000.000000000000000 ) ;
#1318 = CARTESIAN_POINT ( 'NONE',  ( -1.749999999999999778, -2.291293393300126514E-16, -0.8000000000000000444 ) ) ;
#1319 = CARTESIAN_POINT ( 'NONE',  ( -2.150391155928440323, 0.5250000000000000222, 1.350000000000000089 ) ) ;
#1320 = ORIENTED_EDGE ( 'NONE', *, *, #2145, .T. ) ;
#1321 = CIRCLE ( 'NONE', #1316, 0.02499999999999984873 ) ;
#1322 = ADVANCED_FACE ( 'NONE', ( #5519 ), #1065, .T. ) ;
#1323 = EDGE_CURVE ( 'NONE', #876, #5639, #1489, .T. ) ;
#1324 = DIRECTION ( 'NONE',  ( 0.000000000000000000, 0.000000000000000000, -1.000000000000000000 ) ) ;
#1325 = CARTESIAN_POINT ( 'NONE',  ( 0.4000000000000001887, 1.399999999999999689, 1.199999999999999956 ) ) ;
#1326 = AXIS2_PLACEMENT_3D ( 'NONE', #5229, #2143, #2528 ) ;
#1327 = DIRECTION ( 'NONE',  ( -1.000000000000000000, 0.000000000000000000, 0.000000000000000000 ) ) ;
#1328 = VECTOR ( 'NONE', #3373, 1000.000000000000000 ) ;
#1329 = ORIENTED_EDGE ( 'NONE', *, *, #5273, .T. ) ;
#1330 = DIRECTION ( 'NONE',  ( -1.548860246407861611E-16, -1.000000000000000000, 0.000000000000000000 ) ) ;
#1331 = ORIENTED_EDGE ( 'NONE', *, *, #121, .T. ) ;
#1332 = MANIFOLD_SOLID_BREP ( 'Mirror2[1]', #4878 ) ;
#1333 = VECTOR ( 'NONE', #1582, 1000.000000000000000 ) ;
#1334 = DIRECTION ( 'NONE',  ( -1.000000000000000000, -0.000000000000000000, 0.000000000000000000 ) ) ;
#1335 = DIRECTION ( 'NONE',  ( 0.9659258262890682012, -0.000000000000000000, 0.2588190451025212946 ) ) ;
#1336 = VERTEX_POINT ( 'NONE', #2404 ) ;
#1337 = LINE ( 'NONE', #882, #264 ) ;
#1338 = LINE ( 'NONE', #5746, #1793 ) ;
#1339 = MANIFOLD_SOLID_BREP ( 'Fillet3', #3364 ) ;
#1340 = DIRECTION ( 'NONE',  ( -1.000000000000000000, 0.000000000000000000, 0.000000000000000000 ) ) ;
#1341 = CARTESIAN_POINT ( 'NONE',  ( 1.955000000000000515, 1.550000000000000266, 1.554999999999999272 ) ) ;
#1342 = DIRECTION ( 'NONE',  ( 1.000000000000000000, 0.000000000000000000, 0.000000000000000000 ) ) ;
#1343 = FACE_OUTER_BOUND ( 'NONE', #3270, .T. ) ;
#1344 = VERTEX_POINT ( 'NONE', #642 ) ;
#1345 = EDGE_CURVE ( 'NONE', #5322, #1877, #197, .T. ) ;
#1346 = DIRECTION ( 'NONE',  ( -0.9659258262890682012, -0.000000000000000000, 0.2588190451025212946 ) ) ;
#1347 = CARTESIAN_POINT ( 'NONE',  ( 0.4000000000000001887, 1.550000000000000266, 1.199999999999999956 ) ) ;
#1348 = ORIENTED_EDGE ( 'NONE', *, *, #211, .T. ) ;
#1349 = CARTESIAN_POINT ( 'NONE',  ( 1.295000000000001039, 1.399999999999999689, -1.310000000000000941 ) ) ;
#1350 = AXIS2_PLACEMENT_3D ( 'NONE', #2737, #3142, #4111 ) ;
#1351 = CARTESIAN_POINT ( 'NONE',  ( -1.530735931288071727, 1.774999999999999689, 1.554999999999999272 ) ) ;
#1352 = CARTESIAN_POINT ( 'NONE',  ( 1.355533008588994059, 1.774999999999999689, -1.355533008588990063 ) ) ;
#1353 = VECTOR ( 'NONE', #2038, 1000.000000000000000 ) ;
#1354 = ORIENTED_EDGE ( 'NONE', *, *, #3318, .F. ) ;
#1355 = ADVANCED_FACE ( 'NONE', ( #4139 ), #3800, .F. ) ;
#1356 = LINE ( 'NONE', #2236, #4709 ) ;
#1357 = CARTESIAN_POINT ( 'NONE',  ( -2.025000000000000355, 1.399999999999999689, -1.525000000000000133 ) ) ;
#1358 = CARTESIAN_POINT ( 'NONE',  ( 0.3999999999999998557, 2.500000000000002220, -1.100000000000000533 ) ) ;
#1359 = VERTEX_POINT ( 'NONE', #4360 ) ;
#1360 = LINE ( 'NONE', #4399, #4503 ) ;
#1361 = ORIENTED_EDGE ( 'NONE', *, *, #2144, .T. ) ;
#1362 = VECTOR ( 'NONE', #2883, 1000.000000000000114 ) ;
#1363 = ADVANCED_FACE ( 'NONE', ( #674 ), #323, .F. ) ;
#1364 = DIRECTION ( 'NONE',  ( 1.000000000000000000, 0.000000000000000000, 0.000000000000000000 ) ) ;
#1365 = DIRECTION ( 'NONE',  ( 0.000000000000000000, 1.000000000000000000, 0.000000000000000000 ) ) ;
#1366 = ORIENTED_EDGE ( 'NONE', *, *, #1956, .T. ) ;
#1367 = CARTESIAN_POINT ( 'NONE',  ( 1.980000000000000426, 1.849999999999999645, 1.061801948466050582 ) ) ;
#1368 = AXIS2_PLACEMENT_3D ( 'NONE', #673, #4331, #2951 ) ;
#1369 = LINE ( 'NONE', #2336, #772 ) ;
#1370 = CARTESIAN_POINT ( 'NONE',  ( 1.749999999999999778, -2.291293393300126514E-16, 1.350000000000000089 ) ) ;
#1371 = DIRECTION ( 'NONE',  ( -1.000000000000000000, 0.000000000000000000, 0.000000000000000000 ) ) ;
#1372 = EDGE_CURVE ( 'NONE', #1758, #1958, #1255, .T. ) ;
#1373 = FACE_BOUND ( 'NONE', #114, .T. ) ;
#1374 = EDGE_CURVE ( 'NONE', #2005, #1971, #2507, .T. ) ;
#1375 = VERTEX_POINT ( 'NONE', #1252 ) ;
#1376 = DIRECTION ( 'NONE',  ( -0.9659258262890680902, -0.000000000000000000, -0.2588190451025212946 ) ) ;
#1377 = LINE ( 'NONE', #3164, #1573 ) ;
#1378 = DIRECTION ( 'NONE',  ( 0.000000000000000000, 0.000000000000000000, -1.000000000000000000 ) ) ;
#1379 = VERTEX_POINT ( 'NONE', #3421 ) ;
#1380 = DIRECTION ( 'NONE',  ( 0.000000000000000000, 0.000000000000000000, 1.000000000000000000 ) ) ;
#1381 = CYLINDRICAL_SURFACE ( 'NONE', #3723, 0.07499999999999995559 ) ;
#1382 = PLANE ( 'NONE',  #5058 ) ;
#1383 = ORIENTED_EDGE ( 'NONE', *, *, #3900, .F. ) ;
#1384 = CARTESIAN_POINT ( 'NONE',  ( -1.295000000000001039, 1.399999999999999689, -1.521506350946109087 ) ) ;
#1385 = LINE ( 'NONE', #45, #3775 ) ;
#1386 = DIRECTION ( 'NONE',  ( -0.2588190451025212946, 0.000000000000000000, 0.9659258262890682012 ) ) ;
#1387 = VERTEX_POINT ( 'NONE', #2079 ) ;
#1388 = LINE ( 'NONE', #366, #2696 ) ;
#1389 = ORIENTED_EDGE ( 'NONE', *, *, #1049, .F. ) ;
#1390 =( NAMED_UNIT ( * ) PLANE_ANGLE_UNIT ( ) SI_UNIT ( $, .RADIAN. ) );
#1391 = LINE ( 'NONE', #5501, #84 ) ;
#1392 = EDGE_LOOP ( 'NONE', ( #2130, #4463, #1383, #1675 ) ) ;
#1393 = EDGE_CURVE ( 'NONE', #2622, #360, #1185, .T. ) ;
#1394 = EDGE_CURVE ( 'NONE', #1174, #2873, #5250, .T. ) ;
#1395 = ADVANCED_FACE ( 'NONE', ( #1727 ), #3044, .T. ) ;
#1396 = DIRECTION ( 'NONE',  ( 0.07217071599778503155, -0.9973922938103978453, 0.000000000000000000 ) ) ;
#1397 = DIRECTION ( 'NONE',  ( 0.000000000000000000, 0.000000000000000000, -1.000000000000000000 ) ) ;
#1398 = LINE ( 'NONE', #1871, #160 ) ;
#1399 = FACE_BOUND ( 'NONE', #3798, .T. ) ;
#1400 = VERTEX_POINT ( 'NONE', #736 ) ;
#1401 = EDGE_CURVE ( 'NONE', #5712, #95, #1635, .T. ) ;
#1402 = DIRECTION ( 'NONE',  ( 0.07217071599778390745, -0.9973922938103979563, 0.000000000000000000 ) ) ;
#1403 = DIRECTION ( 'NONE',  ( 0.7071067811865467956, -0.000000000000000000, 0.7071067811865483499 ) ) ;
#1404 = EDGE_LOOP ( 'NONE', ( #3721, #4257, #2055, #4858 ) ) ;
#1405 = CARTESIAN_POINT ( 'NONE',  ( -1.370000000000000995, 1.849999999999999645, -1.463956826847687243 ) ) ;
#1406 = DIRECTION ( 'NONE',  ( -0.000000000000000000, -0.000000000000000000, -1.000000000000000000 ) ) ;
#1407 = DIRECTION ( 'NONE',  ( 0.000000000000000000, -0.5773502691896268413, 0.8164965809277252573 ) ) ;
#1408 = ORIENTED_EDGE ( 'NONE', *, *, #2182, .F. ) ;
#1409 = DIRECTION ( 'NONE',  ( 0.2588190451025212946, -0.000000000000000000, 0.9659258262890680902 ) ) ;
#1410 = CARTESIAN_POINT ( 'NONE',  ( 2.150391155928440323, 0.5250000000000000222, -0.8000000000000000444 ) ) ;
#1411 = LINE ( 'NONE', #3175, #270 ) ;
#1412 = ORIENTED_EDGE ( 'NONE', *, *, #1420, .T. ) ;
#1413 = CARTESIAN_POINT ( 'NONE',  ( -2.023933982822018862, 1.849999999999999867, 0.9290899187515775370 ) ) ;
#1414 = CIRCLE ( 'NONE', #3095, 0.1749999999999998224 ) ;
#1415 = ORIENTED_EDGE ( 'NONE', *, *, #2348, .T. ) ;
#1416 = VECTOR ( 'NONE', #2053, 1000.000000000000000 ) ;
#1417 = VECTOR ( 'NONE', #2102, 1000.000000000000000 ) ;
#1418 = CARTESIAN_POINT ( 'NONE',  ( 0.000000000000000000, 1.774999999999999689, 1.479999999999999316 ) ) ;
#1419 = ORIENTED_EDGE ( 'NONE', *, *, #5476, .F. ) ;
#1420 = EDGE_CURVE ( 'NONE', #5360, #485, #2488, .T. ) ;
#1421 = VECTOR ( 'NONE', #567, 1000.000000000000000 ) ;
#1422 = VECTOR ( 'NONE', #2804, 1000.000000000000000 ) ;
#1423 = CARTESIAN_POINT ( 'NONE',  ( 1.749999999999999778, 0.1499999999999997724, 1.600000000000000089 ) ) ;
#1424 = FACE_OUTER_BOUND ( 'NONE', #246, .T. ) ;
#1425 =( LENGTH_UNIT ( ) NAMED_UNIT ( * ) SI_UNIT ( .MILLI., .METRE. ) );
#1426 = ADVANCED_FACE ( 'NONE', ( #3925 ), #1219, .F. ) ;
#1427 = ORIENTED_EDGE ( 'NONE', *, *, #118, .F. ) ;
#1428 = EDGE_CURVE ( 'NONE', #1279, #5044, #260, .T. ) ;
#1429 = PLANE ( 'NONE',  #3822 ) ;
#1430 = DIRECTION ( 'NONE',  ( -0.000000000000000000, -1.000000000000000000, -0.000000000000000000 ) ) ;
#1431 = VERTEX_POINT ( 'NONE', #2137 ) ;
#1432 = DIRECTION ( 'NONE',  ( 0.000000000000000000, 0.000000000000000000, -1.000000000000000000 ) ) ;
#1433 = MANIFOLD_SOLID_BREP ( 'Boss-Extrude2', #3465 ) ;
#1434 = ORIENTED_EDGE ( 'NONE', *, *, #4159, .T. ) ;
#1435 = VERTEX_POINT ( 'NONE', #1125 ) ;
#1436 = DIRECTION ( 'NONE',  ( 1.000000000000000000, 0.000000000000000000, -0.000000000000000000 ) ) ;
#1437 = LINE ( 'NONE', #961, #5660 ) ;
#1438 = AXIS2_PLACEMENT_3D ( 'NONE', #2298, #4459, #2237 ) ;
#1439 = VECTOR ( 'NONE', #305, 1000.000000000000000 ) ;
#1440 = DIRECTION ( 'NONE',  ( 0.000000000000000000, -1.000000000000000000, -0.000000000000000000 ) ) ;
#1441 = VERTEX_POINT ( 'NONE', #5378 ) ;
#1442 = EDGE_CURVE ( 'NONE', #89, #4515, #3893, .T. ) ;
#1443 = CARTESIAN_POINT ( 'NONE',  ( 0.4000000000000001887, 8.380151512977635164, -7.347880794884125159E-17 ) ) ;
#1444 = VERTEX_POINT ( 'NONE', #1347 ) ;
#1445 = AXIS2_PLACEMENT_3D ( 'NONE', #2185, #4375, #4851 ) ;
#1446 = EDGE_CURVE ( 'NONE', #1653, #4429, #2287, .T. ) ;
#1447 = CIRCLE ( 'NONE', #102, 0.1999999999999999833 ) ;
#1448 = CARTESIAN_POINT ( 'NONE',  ( -1.424089918751577422, 1.849999999999999423, 1.523933982822017530 ) ) ;
#1449 = ORIENTED_EDGE ( 'NONE', *, *, #4667, .T. ) ;
#1450 = AXIS2_PLACEMENT_3D ( 'NONE', #4711, #1152, #767 ) ;
#1451 = EDGE_CURVE ( 'NONE', #705, #4091, #3986, .T. ) ;
#1452 = CARTESIAN_POINT ( 'NONE',  ( -2.100000000000000089, 0.1499999999999999667, -1.350000000000000089 ) ) ;
#1453 = CARTESIAN_POINT ( 'NONE',  ( -2.055000000000000604, 1.399999999999999689, -0.9249999999999999334 ) ) ;
#1454 = CYLINDRICAL_SURFACE ( 'NONE', #545, 0.02499999999999984873 ) ;
#1455 = AXIS2_PLACEMENT_3D ( 'NONE', #982, #3694, #1436 ) ;
#1456 = VERTEX_POINT ( 'NONE', #1760 ) ;
#1457 = DIRECTION ( 'NONE',  ( 1.000000000000000000, 0.000000000000000000, 0.000000000000000000 ) ) ;
#1458 = DIRECTION ( 'NONE',  ( -0.7071067811865483499, 0.000000000000000000, 0.7071067811865467956 ) ) ;
#1459 = ORIENTED_EDGE ( 'NONE', *, *, #3896, .T. ) ;
#1460 = PLANE ( 'NONE',  #2119 ) ;
#1461 = EDGE_CURVE ( 'NONE', #2327, #2637, #3550, .T. ) ;
#1462 = VERTEX_POINT ( 'NONE', #4046 ) ;
#1463 = VERTEX_POINT ( 'NONE', #2317 ) ;
#1464 = ADVANCED_FACE ( 'NONE', ( #4542 ), #4075, .T. ) ;
#1465 = LINE ( 'NONE', #3246, #509 ) ;
#1466 = DIRECTION ( 'NONE',  ( -0.000000000000000000, -1.000000000000000000, -0.000000000000000000 ) ) ;
#1467 = UNCERTAINTY_MEASURE_WITH_UNIT (LENGTH_MEASURE( 1.000000000000000082E-05 ), #2047, 'distance_accuracy_value', 'NONE');
#1468 = DIRECTION ( 'NONE',  ( -1.000000000000000000, -0.000000000000000000, -0.000000000000000000 ) ) ;
#1469 = VERTEX_POINT ( 'NONE', #61 ) ;
#1470 = CARTESIAN_POINT ( 'NONE',  ( 1.295000000000001039, 1.550000000000000266, 1.310000000000000497 ) ) ;
#1471 = ORIENTED_EDGE ( 'NONE', *, *, #594, .F. ) ;
#1472 = AXIS2_PLACEMENT_3D ( 'NONE', #3394, #1096, #5607 ) ;
#1473 = EDGE_CURVE ( 'NONE', #176, #5148, #922, .T. ) ;
#1474 = LINE ( 'NONE', #1921, #4314 ) ;
#1475 = ORIENTED_EDGE ( 'NONE', *, *, #2480, .F. ) ;
#1476 = VECTOR ( 'NONE', #2364, 1000.000000000000000 ) ;
#1477 = CARTESIAN_POINT ( 'NONE',  ( 2.024999999999999911, 8.380151512977635164, 1.600000000000000089 ) ) ;
#1478 = DIRECTION ( 'NONE',  ( 0.7071067811865467956, 0.000000000000000000, 0.7071067811865483499 ) ) ;
#1479 = PRESENTATION_STYLE_ASSIGNMENT (( #3212 ) ) ;
#1480 = ADVANCED_FACE ( 'NONE', ( #3191 ), #4016, .F. ) ;
#1481 = ORIENTED_EDGE ( 'NONE', *, *, #3151, .T. ) ;
#1482 = CARTESIAN_POINT ( 'NONE',  ( 1.749999999999999778, 0.1499999999999997724, 0.8000000000000000444 ) ) ;
#1483 = CARTESIAN_POINT ( 'NONE',  ( -2.021506350946109976, 1.399999999999999689, 0.7999999999999993783 ) ) ;
#1484 = ORIENTED_EDGE ( 'NONE', *, *, #1374, .T. ) ;
#1485 = LINE ( 'NONE', #5062, #4095 ) ;
#1486 = VERTEX_POINT ( 'NONE', #9 ) ;
#1487 = ORIENTED_EDGE ( 'NONE', *, *, #733, .T. ) ;
#1488 = DIRECTION ( 'NONE',  ( -1.000000000000000000, -0.000000000000000000, -0.000000000000000000 ) ) ;
#1489 = LINE ( 'NONE', #3248, #2660 ) ;
#1490 = DIRECTION ( 'NONE',  ( -0.000000000000000000, -1.000000000000000000, -0.000000000000000000 ) ) ;
#1491 = AXIS2_PLACEMENT_3D ( 'NONE', #1854, #4077, #894 ) ;
#1492 = EDGE_LOOP ( 'NONE', ( #2444, #824, #5609, #3422, #158 ) ) ;
#1493 = DIRECTION ( 'NONE',  ( -0.2588190451025211836, 0.000000000000000000, -0.9659258262890682012 ) ) ;
#1494 = VERTEX_POINT ( 'NONE', #1852 ) ;
#1495 = EDGE_CURVE ( 'NONE', #3324, #4973, #498, .T. ) ;
#1496 = EDGE_CURVE ( 'NONE', #1336, #3534, #4926, .T. ) ;
#1497 = LINE ( 'NONE', #5165, #1700 ) ;
#1498 = AXIS2_PLACEMENT_3D ( 'NONE', #231, #4631, #2049 ) ;
#1499 = ORIENTED_EDGE ( 'NONE', *, *, #2722, .T. ) ;
#1500 = AXIS2_PLACEMENT_3D ( 'NONE', #4020, #5321, #3588 ) ;
#1501 = VECTOR ( 'NONE', #1556, 1000.000000000000000 ) ;
#1502 = PLANE ( 'NONE',  #969 ) ;
#1503 = CARTESIAN_POINT ( 'NONE',  ( -2.055000000000000604, 1.549999999999998046, 1.454999999999999183 ) ) ;
#1504 = VECTOR ( 'NONE', #4815, 1000.000000000000000 ) ;
#1505 = CARTESIAN_POINT ( 'NONE',  ( -2.100000000000000089, 0.1499999999999999667, 0.8000000000000000444 ) ) ;
#1506 = ORIENTED_EDGE ( 'NONE', *, *, #3648, .T. ) ;
#1507 = AXIS2_PLACEMENT_3D ( 'NONE', #2923, #3802, #646 ) ;
#1508 = DIRECTION ( 'NONE',  ( -0.000000000000000000, -0.000000000000000000, -1.000000000000000000 ) ) ;
#1509 = CARTESIAN_POINT ( 'NONE',  ( -1.589672812697729309, 1.813779798754807215, -1.547286218423174153 ) ) ;
#1510 = EDGE_LOOP ( 'NONE', ( #110, #4659, #1737, #918 ) ) ;
#1511 = CARTESIAN_POINT ( 'NONE',  ( -1.980000000000000426, 1.849999999999999645, 1.061801948466051693 ) ) ;
#1512 = EDGE_CURVE ( 'NONE', #3669, #747, #3707, .T. ) ;
#1513 = EDGE_LOOP ( 'NONE', ( #4846, #2788, #5693, #2110, #4693, #4101, #3868, #66 ) ) ;
#1514 = EDGE_LOOP ( 'NONE', ( #3026, #809, #4766, #3764, #2020, #3368, #5379, #4355 ) ) ;
#1515 = CARTESIAN_POINT ( 'NONE',  ( 2.055000000000000604, 1.550000000000000266, 1.454999999999999183 ) ) ;
#1516 = LINE ( 'NONE', #1039, #5180 ) ;
#1517 = FACE_OUTER_BOUND ( 'NONE', #5752, .T. ) ;
#1518 = ORIENTED_EDGE ( 'NONE', *, *, #5026, .F. ) ;
#1519 = CARTESIAN_POINT ( 'NONE',  ( 0.2742166083042625324, 1.774999999999999689, 1.023390314470719042 ) ) ;
#1520 = EDGE_CURVE ( 'NONE', #4346, #1195, #3613, .T. ) ;
#1521 = VERTEX_POINT ( 'NONE', #386 ) ;
#1522 =( BOUNDED_CURVE ( )  B_SPLINE_CURVE ( 3, ( #3215, #1509, #5037, #157 ),
 .UNSPECIFIED., .F., .T. ) 
 B_SPLINE_CURVE_WITH_KNOTS ( ( 4, 4 ),
 ( 0.1699184547270581047, 0.9553166181245101862 ),
 .UNSPECIFIED. ) 
 CURVE ( )  GEOMETRIC_REPRESENTATION_ITEM ( )  RATIONAL_B_SPLINE_CURVE ( ( 1.000000000000000000, 0.9492530216741906779, 0.9492530216741906779, 1.000000000000000000 ) ) 
 REPRESENTATION_ITEM ( '' )  );
#1523 = DIRECTION ( 'NONE',  ( -0.000000000000000000, 0.000000000000000000, 1.000000000000000000 ) ) ;
#1524 = ORIENTED_EDGE ( 'NONE', *, *, #1615, .F. ) ;
#1525 =( GEOMETRIC_REPRESENTATION_CONTEXT ( 3 ) GLOBAL_UNCERTAINTY_ASSIGNED_CONTEXT ( ( #1576 ) ) GLOBAL_UNIT_ASSIGNED_CONTEXT ( ( #5096, #2810, #3773 ) ) REPRESENTATION_CONTEXT ( 'NONE', 'WORKASPACE' ) );
#1526 = EDGE_CURVE ( 'NONE', #2697, #3492, #892, .T. ) ;
#1527 = AXIS2_PLACEMENT_3D ( 'NONE', #4505, #2282, #3185 ) ;
#1528 = EDGE_CURVE ( 'NONE', #1689, #1971, #2672, .T. ) ;
#1529 = CARTESIAN_POINT ( 'NONE',  ( 1.538823954192048760, 1.844280904158205114, -1.554999999999999716 ) ) ;
#1530 = CARTESIAN_POINT ( 'NONE',  ( 1.608295528797686336, 1.795157082654851521, -1.554999999999999938 ) ) ;
#1531 = SURFACE_SIDE_STYLE ('',( #1949 ) ) ;
#1532 = VECTOR ( 'NONE', #2533, 1000.000000000000000 ) ;
#1533 = CARTESIAN_POINT ( 'NONE',  ( 1.583768939877061577, 1.828033008588990649, 1.533033008588990498 ) ) ;
#1534 = ORIENTED_EDGE ( 'NONE', *, *, #2085, .F. ) ;
#1535 = AXIS2_PLACEMENT_3D ( 'NONE', #4484, #3071, #1378 ) ;
#1536 = CARTESIAN_POINT ( 'NONE',  ( 1.836066017177982790, 1.849999999999999645, -0.8750000000000000000 ) ) ;
#1537 = DIRECTION ( 'NONE',  ( 1.000000000000000000, -0.000000000000000000, 0.000000000000000000 ) ) ;
#1538 = VERTEX_POINT ( 'NONE', #5408 ) ;
#1539 = CARTESIAN_POINT ( 'NONE',  ( 2.100000000000000089, 1.550000000000000266, 1.525000000000000133 ) ) ;
#1540 = ORIENTED_EDGE ( 'NONE', *, *, #1442, .F. ) ;
#1541 = ORIENTED_EDGE ( 'NONE', *, *, #3184, .T. ) ;
#1542 = AXIS2_PLACEMENT_3D ( 'NONE', #1183, #5219, #3329 ) ;
#1543 = CARTESIAN_POINT ( 'NONE',  ( -1.805000000000000382, 1.550000000000000266, -0.8000000000000001554 ) ) ;
#1544 = PRESENTATION_STYLE_ASSIGNMENT (( #138 ) ) ;
#1545 = DIRECTION ( 'NONE',  ( -0.000000000000000000, -1.000000000000000000, -0.000000000000000000 ) ) ;
#1546 = DIRECTION ( 'NONE',  ( 0.2588190451025212946, 0.000000000000000000, -0.9659258262890680902 ) ) ;
#1547 = ORIENTED_EDGE ( 'NONE', *, *, #4553, .F. ) ;
#1548 = CARTESIAN_POINT ( 'NONE',  ( -2.055000000000000604, 1.774999999999999689, -1.136801948466050538 ) ) ;
#1549 = ORIENTED_EDGE ( 'NONE', *, *, #1611, .F. ) ;
#1550 = EDGE_CURVE ( 'NONE', #1118, #4380, #2103, .T. ) ;
#1551 = VECTOR ( 'NONE', #1683, 1000.000000000000000 ) ;
#1552 = DIRECTION ( 'NONE',  ( -0.000000000000000000, -0.000000000000000000, 1.000000000000000000 ) ) ;
#1553 = ORIENTED_EDGE ( 'NONE', *, *, #4729, .T. ) ;
#1554 = AXIS2_PLACEMENT_3D ( 'NONE', #1519, #5101, #1043 ) ;
#1555 = CARTESIAN_POINT ( 'NONE',  ( -1.542867965644036499, 1.849999999999999645, -1.542867965644033390 ) ) ;
#1556 = DIRECTION ( 'NONE',  ( -0.000000000000000000, -1.000000000000000000, -0.000000000000000000 ) ) ;
#1557 = EDGE_LOOP ( 'NONE', ( #3338, #5675, #83, #4908, #5160 ) ) ;
#1558 = CARTESIAN_POINT ( 'NONE',  ( 1.542867965644036499, 1.849999999999999645, 1.542867965644033390 ) ) ;
#1559 = AXIS2_PLACEMENT_3D ( 'NONE', #4748, #3867, #771 ) ;
#1560 = CARTESIAN_POINT ( 'NONE',  ( -2.274543651416819579, 0.1623701247003876413, 0.8000000000000000444 ) ) ;
#1561 = EDGE_LOOP ( 'NONE', ( #4736, #1459, #4662, #22 ) ) ;
#1562 = EDGE_CURVE ( 'NONE', #5318, #4091, #953, .T. ) ;
#1563 = ADVANCED_FACE ( 'NONE', ( #2727 ), #4865, .F. ) ;
#1564 = LINE ( 'NONE', #5176, #4286 ) ;
#1565 = PLANE ( 'NONE',  #3870 ) ;
#1566 = VERTEX_POINT ( 'NONE', #3716 ) ;
#1567 = AXIS2_PLACEMENT_3D ( 'NONE', #1605, #2522, #4775 ) ;
#1568 = DIRECTION ( 'NONE',  ( 0.000000000000000000, 1.000000000000000000, 0.000000000000000000 ) ) ;
#1569 = ORIENTED_EDGE ( 'NONE', *, *, #4564, .T. ) ;
#1570 =( GEOMETRIC_REPRESENTATION_CONTEXT ( 3 ) GLOBAL_UNCERTAINTY_ASSIGNED_CONTEXT ( ( #984 ) ) GLOBAL_UNIT_ASSIGNED_CONTEXT ( ( #3150, #1390, #464 ) ) REPRESENTATION_CONTEXT ( 'NONE', 'WORKASPACE' ) );
#1571 = ORIENTED_EDGE ( 'NONE', *, *, #985, .F. ) ;
#1572 = CARTESIAN_POINT ( 'NONE',  ( 1.295000000000001039, 1.849999999999999645, -1.310000000000000941 ) ) ;
#1573 = VECTOR ( 'NONE', #4957, 1000.000000000000227 ) ;
#1574 = DIRECTION ( 'NONE',  ( 1.000000000000000000, 0.000000000000000000, 0.000000000000000000 ) ) ;
#1575 = DIRECTION ( 'NONE',  ( 0.000000000000000000, -0.5773502691896263972, -0.8164965809277255904 ) ) ;
#1576 = UNCERTAINTY_MEASURE_WITH_UNIT (LENGTH_MEASURE( 1.000000000000000082E-05 ), #5096, 'distance_accuracy_value', 'NONE');
#1577 = DIRECTION ( 'NONE',  ( 0.000000000000000000, 0.5773502691896266192, -0.8164965809277252573 ) ) ;
#1578 = ORIENTED_EDGE ( 'NONE', *, *, #3593, .T. ) ;
#1579 = DIRECTION ( 'NONE',  ( 0.000000000000000000, -0.000000000000000000, 1.000000000000000000 ) ) ;
#1580 = VERTEX_POINT ( 'NONE', #86 ) ;
#1581 = DIRECTION ( 'NONE',  ( -0.000000000000000000, 0.000000000000000000, 1.000000000000000000 ) ) ;
#1582 = DIRECTION ( 'NONE',  ( 0.000000000000000000, -0.000000000000000000, -1.000000000000000000 ) ) ;
#1583 = ORIENTED_EDGE ( 'NONE', *, *, #4611, .F. ) ;
#1584 = CARTESIAN_POINT ( 'NONE',  ( 0.3999999999999998557, 1.399999999999999689, 1.100000000000000977 ) ) ;
#1585 = VECTOR ( 'NONE', #3487, 1000.000000000000000 ) ;
#1586 = VECTOR ( 'NONE', #2264, 1000.000000000000000 ) ;
#1587 = DIRECTION ( 'NONE',  ( 0.7071067811865467956, 0.000000000000000000, -0.7071067811865483499 ) ) ;
#1588 = FACE_OUTER_BOUND ( 'NONE', #4151, .T. ) ;
#1589 = ORIENTED_EDGE ( 'NONE', *, *, #4933, .F. ) ;
#1590 = CARTESIAN_POINT ( 'NONE',  ( -1.805000000000000382, 1.399999999999999689, 0.7999999999999993783 ) ) ;
#1591 = DIRECTION ( 'NONE',  ( -0.9659258262890682012, 0.000000000000000000, -0.2588190451025212946 ) ) ;
#1592 = VECTOR ( 'NONE', #1606, 1000.000000000000000 ) ;
#1593 = ORIENTED_EDGE ( 'NONE', *, *, #4168, .F. ) ;
#1594 = CARTESIAN_POINT ( 'NONE',  ( 1.980000000000000426, 1.849999999999999645, 0.9348739373190552149 ) ) ;
#1595 = CARTESIAN_POINT ( 'NONE',  ( 1.955000000000000515, 1.849999999999999645, -1.554999999999999716 ) ) ;
#1596 = ORIENTED_EDGE ( 'NONE', *, *, #566, .F. ) ;
#1597 = LINE ( 'NONE', #3796, #4688 ) ;
#1598 = AXIS2_PLACEMENT_3D ( 'NONE', #2936, #2416, #1105 ) ;
#1599 = EDGE_CURVE ( 'NONE', #2526, #4260, #1522, .T. ) ;
#1600 = ORIENTED_EDGE ( 'NONE', *, *, #2330, .T. ) ;
#1601 = ORIENTED_EDGE ( 'NONE', *, *, #7, .F. ) ;
#1602 = DIRECTION ( 'NONE',  ( -0.7071067811865489050, 0.000000000000000000, 0.7071067811865460184 ) ) ;
#1603 = AXIS2_PLACEMENT_3D ( 'NONE', #4002, #2210, #306 ) ;
#1604 = DIRECTION ( 'NONE',  ( 0.000000000000000000, 0.000000000000000000, -1.000000000000000000 ) ) ;
#1605 = CARTESIAN_POINT ( 'NONE',  ( 2.025000000000000355, 1.399999999999999689, -1.525000000000000133 ) ) ;
#1606 = DIRECTION ( 'NONE',  ( 0.000000000000000000, 0.000000000000000000, 1.000000000000000000 ) ) ;
#1607 = EDGE_LOOP ( 'NONE', ( #1987, #1331, #708, #1650, #5287, #2681, #2634, #2278, #3560, #1776, #5102, #2101 ) ) ;
#1608 = CARTESIAN_POINT ( 'NONE',  ( 0.000000000000000000, 1.849999999999999645, 0.000000000000000000 ) ) ;
#1609 = ORIENTED_EDGE ( 'NONE', *, *, #5232, .T. ) ;
#1610 = CARTESIAN_POINT ( 'NONE',  ( -2.055000000000000604, 8.380151512977635164, -1.454999999999999627 ) ) ;
#1611 = EDGE_CURVE ( 'NONE', #341, #5231, #1067, .T. ) ;
#1612 = CARTESIAN_POINT ( 'NONE',  ( 2.055000000000000604, 1.399999999999999689, -0.9249999999999999334 ) ) ;
#1613 = ORIENTED_EDGE ( 'NONE', *, *, #4561, .F. ) ;
#1614 = CARTESIAN_POINT ( 'NONE',  ( 1.749999999999999778, -2.291293393300126514E-16, 1.350000000000000089 ) ) ;
#1615 = EDGE_CURVE ( 'NONE', #4082, #743, #3298, .T. ) ;
#1616 = LINE ( 'NONE', #1529, #5007 ) ;
#1617 = CARTESIAN_POINT ( 'NONE',  ( 1.295000000000001039, 1.399999999999999689, -1.310000000000000941 ) ) ;
#1618 = STYLED_ITEM ( 'NONE', ( #5603 ), #1332 ) ;
#1619 = VERTEX_POINT ( 'NONE', #3766 ) ;
#1620 = CARTESIAN_POINT ( 'NONE',  ( 1.805000000000000826, 1.818933982822017681, -0.8000000000000002665 ) ) ;
#1621 = VECTOR ( 'NONE', #283, 1000.000000000000000 ) ;
#1622 = CARTESIAN_POINT ( 'NONE',  ( 1.749999999999999778, 0.1499999999999997724, -1.350000000000000089 ) ) ;
#1623 = VERTEX_POINT ( 'NONE', #5569 ) ;
#1624 = VECTOR ( 'NONE', #5735, 1000.000000000000000 ) ;
#1625 = CARTESIAN_POINT ( 'NONE',  ( -2.025000000000000355, 1.399999999999999689, 1.600000000000000089 ) ) ;
#1626 = FACE_OUTER_BOUND ( 'NONE', #4895, .T. ) ;
#1627 = VERTEX_POINT ( 'NONE', #106 ) ;
#1628 = CARTESIAN_POINT ( 'NONE',  ( 1.955000000000000959, 1.399999999999999689, -1.554999999999999716 ) ) ;
#1629 = VECTOR ( 'NONE', #2754, 1000.000000000000000 ) ;
#1630 = ORIENTED_EDGE ( 'NONE', *, *, #3347, .F. ) ;
#1631 = ORIENTED_EDGE ( 'NONE', *, *, #4871, .F. ) ;
#1632 = ADVANCED_FACE ( 'NONE', ( #129 ), #4568, .T. ) ;
#1633 = CARTESIAN_POINT ( 'NONE',  ( 1.295000000000001039, 1.774999999999999689, -1.310000000000000941 ) ) ;
#1634 = DIRECTION ( 'NONE',  ( -0.000000000000000000, -1.000000000000000000, -0.000000000000000000 ) ) ;
#1635 = LINE ( 'NONE', #5220, #2765 ) ;
#1636 = VERTEX_POINT ( 'NONE', #3740 ) ;
#1637 = CARTESIAN_POINT ( 'NONE',  ( 1.955000000000000515, 1.399999999999999689, -1.554999999999999494 ) ) ;
#1638 = EDGE_CURVE ( 'NONE', #1359, #4082, #1905, .T. ) ;
#1639 = FACE_BOUND ( 'NONE', #2535, .T. ) ;
#1640 = ORIENTED_EDGE ( 'NONE', *, *, #3627, .T. ) ;
#1641 = LINE ( 'NONE', #3426, #226 ) ;
#1642 = ORIENTED_EDGE ( 'NONE', *, *, #2181, .T. ) ;
#1643 = LINE ( 'NONE', #1161, #3370 ) ;
#1644 = DIRECTION ( 'NONE',  ( 0.000000000000000000, -0.000000000000000000, 1.000000000000000000 ) ) ;
#1645 = EDGE_LOOP ( 'NONE', ( #1086, #577, #3050, #5557 ) ) ;
#1646 = CARTESIAN_POINT ( 'NONE',  ( 1.749999999999999778, -2.143131898507868051E-16, 1.600000000000000089 ) ) ;
#1647 = EDGE_CURVE ( 'NONE', #490, #3952, #5486, .T. ) ;
#1648 = DIRECTION ( 'NONE',  ( 0.7071067811865467956, 0.000000000000000000, -0.7071067811865483499 ) ) ;
#1649 = DIRECTION ( 'NONE',  ( 0.000000000000000000, 0.000000000000000000, 1.000000000000000000 ) ) ;
#1650 = ORIENTED_EDGE ( 'NONE', *, *, #3409, .T. ) ;
#1651 = CARTESIAN_POINT ( 'NONE',  ( -1.749999999999999334, 0.000000000000000000, -0.8000000000000000444 ) ) ;
#1652 = LINE ( 'NONE', #3505, #4533 ) ;
#1653 = VERTEX_POINT ( 'NONE', #1930 ) ;
#1654 = DIRECTION ( 'NONE',  ( -0.000000000000000000, -1.000000000000000000, -0.000000000000000000 ) ) ;
#1655 = PLANE ( 'NONE',  #5185 ) ;
#1656 = AXIS2_PLACEMENT_3D ( 'NONE', #3016, #3897, #1699 ) ;
#1657 = VERTEX_POINT ( 'NONE', #4591 ) ;
#1658 = LINE ( 'NONE', #634, #1117 ) ;
#1659 = ADVANCED_FACE ( 'NONE', ( #4621 ), #3266, .T. ) ;
#1660 = VERTEX_POINT ( 'NONE', #1876 ) ;
#1661 = EDGE_LOOP ( 'NONE', ( #987, #700, #3639, #726 ) ) ;
#1662 = CARTESIAN_POINT ( 'NONE',  ( 2.299999999999999822, 0.5141743926003324860, -0.8000000000000000444 ) ) ;
#1663 = LINE ( 'NONE', #2486, #5018 ) ;
#1664 = SURFACE_STYLE_USAGE ( .BOTH. , #2520 ) ;
#1665 = ORIENTED_EDGE ( 'NONE', *, *, #1550, .T. ) ;
#1666 = CARTESIAN_POINT ( 'NONE',  ( 1.570151285479566949, 1.849999999999999645, 1.500157082654851148 ) ) ;
#1667 = EDGE_CURVE ( 'NONE', #2931, #1387, #4154, .T. ) ;
#1668 = CARTESIAN_POINT ( 'NONE',  ( 2.055000000000000604, 1.399999999999999689, 1.454999999999999183 ) ) ;
#1669 = VERTEX_POINT ( 'NONE', #1983 ) ;
#1670 = CARTESIAN_POINT ( 'NONE',  ( -2.025000000000000355, 8.380151512977635164, -1.525000000000000133 ) ) ;
#1671 = CARTESIAN_POINT ( 'NONE',  ( 1.420000000000000817, 1.550000000000000266, 1.554999999999999272 ) ) ;
#1672 = ORIENTED_EDGE ( 'NONE', *, *, #3973, .F. ) ;
#1673 = EDGE_CURVE ( 'NONE', #1873, #965, #5060, .T. ) ;
#1674 = DIRECTION ( 'NONE',  ( 0.000000000000000000, 0.000000000000000000, 1.000000000000000000 ) ) ;
#1675 = ORIENTED_EDGE ( 'NONE', *, *, #3882, .F. ) ;
#1676 = EDGE_CURVE ( 'NONE', #133, #5061, #605, .T. ) ;
#1677 = CARTESIAN_POINT ( 'NONE',  ( 1.805000000000000382, 1.849999999999999645, -0.8000000000000000444 ) ) ;
#1678 = CYLINDRICAL_SURFACE ( 'NONE', #4984, 0.07499999999999992784 ) ;
#1679 = ORIENTED_EDGE ( 'NONE', *, *, #1222, .T. ) ;
#1680 = DIRECTION ( 'NONE',  ( 0.000000000000000000, -1.000000000000000000, -0.000000000000000000 ) ) ;
#1681 = VECTOR ( 'NONE', #2674, 1000.000000000000000 ) ;
#1682 =( BOUNDED_CURVE ( )  B_SPLINE_CURVE ( 3, ( #5242, #4799, #314, #3918 ),
 .UNSPECIFIED., .F., .T. ) 
 B_SPLINE_CURVE_WITH_KNOTS ( ( 4, 4 ),
 ( 1.570796326794899889, 3.141592653589793116 ),
 .UNSPECIFIED. ) 
 CURVE ( )  GEOMETRIC_REPRESENTATION_ITEM ( )  RATIONAL_B_SPLINE_CURVE ( ( 1.000000000000000000, 0.8047378541243658256, 0.8047378541243658256, 1.000000000000000000 ) ) 
 REPRESENTATION_ITEM ( '' )  );
#1683 = DIRECTION ( 'NONE',  ( -0.000000000000000000, -1.000000000000000000, -0.000000000000000000 ) ) ;
#1684 = ORIENTED_EDGE ( 'NONE', *, *, #4517, .T. ) ;
#1685 = DIRECTION ( 'NONE',  ( -0.000000000000000000, -0.000000000000000000, -1.000000000000000000 ) ) ;
#1686 = LINE ( 'NONE', #3478, #2570 ) ;
#1687 = ORIENTED_EDGE ( 'NONE', *, *, #4599, .F. ) ;
#1688 = CARTESIAN_POINT ( 'NONE',  ( -1.295000000000001039, 1.550000000000000266, -1.310000000000000941 ) ) ;
#1689 = VERTEX_POINT ( 'NONE', #975 ) ;
#1690 = EDGE_LOOP ( 'NONE', ( #1044, #277, #2183, #2728 ) ) ;
#1691 = PLANE ( 'NONE',  #5065 ) ;
#1692 = VECTOR ( 'NONE', #5684, 1000.000000000000000 ) ;
#1693 = ADVANCED_FACE ( 'NONE', ( #1032 ), #2830, .F. ) ;
#1694 = AXIS2_PLACEMENT_3D ( 'NONE', #2606, #3949, #4479 ) ;
#1695 = CARTESIAN_POINT ( 'NONE',  ( -1.805000000000000382, 1.849999999999999645, 0.7999999999999993783 ) ) ;
#1696 = ORIENTED_EDGE ( 'NONE', *, *, #1962, .T. ) ;
#1697 = APPLICATION_CONTEXT ( 'automotive_design' ) ;
#1698 = CARTESIAN_POINT ( 'NONE',  ( 2.055000000000000604, 1.399999999999999689, 0.9249999999999992673 ) ) ;
#1699 = DIRECTION ( 'NONE',  ( -1.000000000000000000, 0.000000000000000000, -0.000000000000000000 ) ) ;
#1700 = VECTOR ( 'NONE', #4220, 1000.000000000000000 ) ;
#1701 = EDGE_LOOP ( 'NONE', ( #3382, #1837, #4597, #4136 ) ) ;
#1702 = EDGE_CURVE ( 'NONE', #2909, #5038, #3486, .T. ) ;
#1703 = CARTESIAN_POINT ( 'NONE',  ( -1.805000000000000382, 1.774999999999999689, 0.7999999999999993783 ) ) ;
#1704 = DIRECTION ( 'NONE',  ( -0.000000000000000000, -0.000000000000000000, -1.000000000000000000 ) ) ;
#1705 = VERTEX_POINT ( 'NONE', #4649 ) ;
#1706 = ADVANCED_FACE ( 'NONE', ( #632 ), #2450, .T. ) ;
#1707 = CARTESIAN_POINT ( 'NONE',  ( -1.295000000000001039, 1.399999999999999689, -1.310000000000000941 ) ) ;
#1708 = ORIENTED_EDGE ( 'NONE', *, *, #1647, .F. ) ;
#1709 = LINE ( 'NONE', #4371, #1089 ) ;
#1710 = PLANE ( 'NONE',  #1603 ) ;
#1711 = ORIENTED_EDGE ( 'NONE', *, *, #3110, .F. ) ;
#1712 = EDGE_CURVE ( 'NONE', #1619, #2152, #2912, .T. ) ;
#1713 = DIRECTION ( 'NONE',  ( 0.000000000000000000, 0.000000000000000000, -1.000000000000000000 ) ) ;
#1714 = CARTESIAN_POINT ( 'NONE',  ( -1.420000000000000817, 1.774999999999999689, -1.554999999999999716 ) ) ;
#1715 = ADVANCED_FACE ( 'NONE', ( #5657 ), #3004, .F. ) ;
#1716 = DIRECTION ( 'NONE',  ( 0.7071067811865487940, -0.000000000000000000, 0.7071067811865463515 ) ) ;
#1717 = CYLINDRICAL_SURFACE ( 'NONE', #223, 0.07499999999999995559 ) ;
#1718 = CYLINDRICAL_SURFACE ( 'NONE', #3607, 1.100000000000000533 ) ;
#1719 = VECTOR ( 'NONE', #2565, 1000.000000000000000 ) ;
#1720 = ORIENTED_EDGE ( 'NONE', *, *, #365, .F. ) ;
#1721 = DIRECTION ( 'NONE',  ( 0.000000000000000000, 0.000000000000000000, -1.000000000000000000 ) ) ;
#1722 = VECTOR ( 'NONE', #2325, 1000.000000000000000 ) ;
#1723 = ORIENTED_EDGE ( 'NONE', *, *, #2580, .T. ) ;
#1724 = ORIENTED_EDGE ( 'NONE', *, *, #3871, .F. ) ;
#1725 = FACE_OUTER_BOUND ( 'NONE', #4558, .T. ) ;
#1726 = CARTESIAN_POINT ( 'NONE',  ( 2.023933982822018418, 1.849999999999999645, 0.9290899187515783142 ) ) ;
#1727 = FACE_OUTER_BOUND ( 'NONE', #5334, .T. ) ;
#1728 = EDGE_LOOP ( 'NONE', ( #35, #1824, #5582, #3513 ) ) ;
#1729 = CARTESIAN_POINT ( 'NONE',  ( -2.023933982822018418, 1.849999999999999423, -0.9290899187515792024 ) ) ;
#1730 = VECTOR ( 'NONE', #291, 1000.000000000000000 ) ;
#1731 = DIRECTION ( 'NONE',  ( -0.000000000000000000, -0.000000000000000000, -1.000000000000000000 ) ) ;
#1732 = VECTOR ( 'NONE', #5136, 1000.000000000000000 ) ;
#1733 = DIRECTION ( 'NONE',  ( 0.000000000000000000, 0.000000000000000000, -1.000000000000000000 ) ) ;
#1734 = ORIENTED_EDGE ( 'NONE', *, *, #5587, .F. ) ;
#1735 = FACE_OUTER_BOUND ( 'NONE', #1661, .T. ) ;
#1736 = CARTESIAN_POINT ( 'NONE',  ( -1.980000000000000426, 1.849999999999999645, -1.061801948466050582 ) ) ;
#1737 = ORIENTED_EDGE ( 'NONE', *, *, #1027, .T. ) ;
#1738 = EDGE_CURVE ( 'NONE', #2937, #1441, #3884, .T. ) ;
#1739 = CARTESIAN_POINT ( 'NONE',  ( 2.100000000000000089, 0.1749999999999997946, 0.8000000000000000444 ) ) ;
#1740 = ORIENTED_EDGE ( 'NONE', *, *, #3206, .T. ) ;
#1741 = EDGE_CURVE ( 'NONE', #360, #2996, #5142, .T. ) ;
#1742 = VECTOR ( 'NONE', #2226, 1000.000000000000000 ) ;
#1743 = LINE ( 'NONE', #4344, #5001 ) ;
#1744 = CARTESIAN_POINT ( 'NONE',  ( 0.3999999999999998557, 2.500000000000002220, 1.100000000000000977 ) ) ;
#1745 = ORIENTED_EDGE ( 'NONE', *, *, #4539, .T. ) ;
#1746 = DIRECTION ( 'NONE',  ( 1.000000000000000000, -0.000000000000000000, -0.000000000000000000 ) ) ;
#1747 = LINE ( 'NONE', #3473, #3328 ) ;
#1748 = CARTESIAN_POINT ( 'NONE',  ( 2.018779798754807508, 1.842286218423174082, -1.077865067056392068 ) ) ;
#1749 = CARTESIAN_POINT ( 'NONE',  ( 2.150391155928440323, 0.5250000000000000222, -1.350000000000000089 ) ) ;
#1750 = CARTESIAN_POINT ( 'NONE',  ( 0.000000000000000000, 1.774999999999999689, 1.479999999999999316 ) ) ;
#1751 = ORIENTED_EDGE ( 'NONE', *, *, #5190, .F. ) ;
#1752 = LINE ( 'NONE', #3543, #363 ) ;
#1753 = DIRECTION ( 'NONE',  ( 0.000000000000000000, 0.000000000000000000, -1.000000000000000000 ) ) ;
#1754 = VECTOR ( 'NONE', #2354, 1000.000000000000000 ) ;
#1755 = ADVANCED_FACE ( 'NONE', ( #1626 ), #1565, .T. ) ;
#1756 = EDGE_CURVE ( 'NONE', #4317, #4676, #3381, .T. ) ;
#1757 = VERTEX_POINT ( 'NONE', #1114 ) ;
#1758 = VERTEX_POINT ( 'NONE', #757 ) ;
#1759 = CARTESIAN_POINT ( 'NONE',  ( -1.955000000000000515, 1.849999999999999645, -1.554999999999999716 ) ) ;
#1760 = CARTESIAN_POINT ( 'NONE',  ( -1.805000000000000160, 1.399999999999999689, -0.7999999999999999334 ) ) ;
#1761 = ORIENTED_EDGE ( 'NONE', *, *, #5193, .F. ) ;
#1762 = CARTESIAN_POINT ( 'NONE',  ( -2.055000000000000604, 1.795157082654851299, 1.108295528797684781 ) ) ;
#1763 = VECTOR ( 'NONE', #1781, 1000.000000000000000 ) ;
#1764 = VECTOR ( 'NONE', #649, 999.9999999999998863 ) ;
#1765 = CARTESIAN_POINT ( 'NONE',  ( -2.124934807345259635, 0.1731957321000552052, 0.8000000000000000444 ) ) ;
#1766 = CARTESIAN_POINT ( 'NONE',  ( -2.274543651416819579, 0.1623701247003876136, 0.8000000000000000444 ) ) ;
#1767 = ORIENTED_EDGE ( 'NONE', *, *, #760, .T. ) ;
#1768 = LINE ( 'NONE', #3994, #2294 ) ;
#1769 = FACE_OUTER_BOUND ( 'NONE', #1510, .T. ) ;
#1770 = DIRECTION ( 'NONE',  ( 0.000000000000000000, 0.000000000000000000, -1.000000000000000000 ) ) ;
#1771 = ORIENTED_EDGE ( 'NONE', *, *, #5489, .T. ) ;
#1772 = DIRECTION ( 'NONE',  ( 0.7071067811865485719, 0.000000000000000000, -0.7071067811865465735 ) ) ;
#1773 = ORIENTED_EDGE ( 'NONE', *, *, #4582, .F. ) ;
#1774 = CARTESIAN_POINT ( 'NONE',  ( -0.4000000000000001887, 8.380151512977635164, 1.199999999999999956 ) ) ;
#1775 = FACE_OUTER_BOUND ( 'NONE', #188, .T. ) ;
#1776 = ORIENTED_EDGE ( 'NONE', *, *, #2182, .T. ) ;
#1777 = CARTESIAN_POINT ( 'NONE',  ( -1.949061913974429627, 1.849999999999999645, -0.8194114283826895440 ) ) ;
#1778 = EDGE_CURVE ( 'NONE', #1958, #1277, #219, .T. ) ;
#1779 = CARTESIAN_POINT ( 'NONE',  ( 2.055000000000000604, 1.399999999999999689, 1.454999999999999183 ) ) ;
#1780 = CARTESIAN_POINT ( 'NONE',  ( -2.299999999999999822, 0.5141743926003324860, -1.350000000000000089 ) ) ;
#1781 = DIRECTION ( 'NONE',  ( 1.000000000000000000, -0.000000000000000000, 0.000000000000000000 ) ) ;
#1782 = FACE_OUTER_BOUND ( 'NONE', #2805, .T. ) ;
#1783 = CARTESIAN_POINT ( 'NONE',  ( -1.295000000000001039, 1.849999999999999645, -1.310000000000000941 ) ) ;
#1784 = DIRECTION ( 'NONE',  ( -0.7071067811865467956, 0.000000000000000000, 0.7071067811865483499 ) ) ;
#1785 = ADVANCED_FACE ( 'NONE', ( #696 ), #1655, .F. ) ;
#1786 = VERTEX_POINT ( 'NONE', #1145 ) ;
#1787 = SHAPE_DEFINITION_REPRESENTATION ( #5467, #2388 ) ;
#1788 = CARTESIAN_POINT ( 'NONE',  ( 1.295000000000001039, 1.399999999999999689, -1.521506350946109309 ) ) ;
#1789 = CARTESIAN_POINT ( 'NONE',  ( -1.749999999999999778, 0.1499999999999997724, 0.8000000000000000444 ) ) ;
#1790 = ORIENTED_EDGE ( 'NONE', *, *, #4853, .T. ) ;
#1791 = CARTESIAN_POINT ( 'NONE',  ( -1.980000000000000426, 1.849999999999999645, -0.9249999999999999334 ) ) ;
#1792 = VECTOR ( 'NONE', #1964, 1000.000000000000000 ) ;
#1793 = VECTOR ( 'NONE', #4409, 1000.000000000000000 ) ;
#1794 = ADVANCED_FACE ( 'NONE', ( #3824 ), #250, .F. ) ;
#1795 = CARTESIAN_POINT ( 'NONE',  ( 1.836066017177982346, 1.849999999999999645, 0.8749999999999993339 ) ) ;
#1796 = DIRECTION ( 'NONE',  ( 1.000000000000000000, 0.000000000000000000, -0.000000000000000000 ) ) ;
#1797 = ORIENTED_EDGE ( 'NONE', *, *, #3858, .F. ) ;
#1798 = AXIS2_PLACEMENT_3D ( 'NONE', #2546, #1568, #3413 ) ;
#1799 = CARTESIAN_POINT ( 'NONE',  ( 1.749999999999999778, 0.1499999999999997724, -0.8000000000000000444 ) ) ;
#1800 = CARTESIAN_POINT ( 'NONE',  ( 1.295000000000001039, 1.774999999999999689, -1.310000000000000941 ) ) ;
#1801 = CIRCLE ( 'NONE', #1112, 0.02499999999999984873 ) ;
#1802 = CARTESIAN_POINT ( 'NONE',  ( 0.000000000000000000, 2.500000000000000000, 0.9000000000000004663 ) ) ;
#1803 = VECTOR ( 'NONE', #5049, 1000.000000000000227 ) ;
#1804 = ORIENTED_EDGE ( 'NONE', *, *, #4648, .F. ) ;
#1805 = DIRECTION ( 'NONE',  ( -1.000000000000000000, -0.000000000000000000, -0.000000000000000000 ) ) ;
#1806 = ORIENTED_EDGE ( 'NONE', *, *, #2296, .F. ) ;
#1807 = AXIS2_PLACEMENT_3D ( 'NONE', #5472, #1386, #4058 ) ;
#1808 = ADVANCED_FACE ( 'NONE', ( #3411 ), #2128, .T. ) ;
#1809 = CARTESIAN_POINT ( 'NONE',  ( 1.420000000000000817, 1.399999999999999689, -1.554999999999999716 ) ) ;
#1810 = CARTESIAN_POINT ( 'NONE',  ( -1.955000000000000515, 1.549999999999997158, -1.554999999999999716 ) ) ;
#1811 = EDGE_CURVE ( 'NONE', #2080, #268, #725, .T. ) ;
#1812 = VERTEX_POINT ( 'NONE', #2543 ) ;
#1813 = FACE_OUTER_BOUND ( 'NONE', #445, .T. ) ;
#1814 = DIRECTION ( 'NONE',  ( 0.000000000000000000, 0.000000000000000000, 1.000000000000000000 ) ) ;
#1815 = DIRECTION ( 'NONE',  ( 0.000000000000000000, 0.000000000000000000, 1.000000000000000000 ) ) ;
#1816 = CARTESIAN_POINT ( 'NONE',  ( 2.299999999999999822, 0.5141743926003324860, -1.350000000000000089 ) ) ;
#1817 = DIRECTION ( 'NONE',  ( -0.000000000000000000, -1.000000000000000000, -0.000000000000000000 ) ) ;
#1818 =( NAMED_UNIT ( * ) SI_UNIT ( $, .STERADIAN. ) SOLID_ANGLE_UNIT ( ) );
#1819 = EDGE_CURVE ( 'NONE', #1463, #120, #1682, .T. ) ;
#1820 = ORIENTED_EDGE ( 'NONE', *, *, #2453, .T. ) ;
#1821 =( NAMED_UNIT ( * ) SI_UNIT ( $, .STERADIAN. ) SOLID_ANGLE_UNIT ( ) );
#1822 = DIRECTION ( 'NONE',  ( 0.7071067811865465735, -0.000000000000000000, 0.7071067811865485719 ) ) ;
#1823 = DIRECTION ( 'NONE',  ( 0.000000000000000000, 1.000000000000000000, 0.000000000000000000 ) ) ;
#1824 = ORIENTED_EDGE ( 'NONE', *, *, #599, .T. ) ;
#1825 = CARTESIAN_POINT ( 'NONE',  ( 2.274543651416819579, 0.1623701247003876136, 1.350000000000000089 ) ) ;
#1826 = CARTESIAN_POINT ( 'NONE',  ( -0.4000000000000001887, 1.550000000000000266, -7.347880794884117764E-17 ) ) ;
#1827 = DIRECTION ( 'NONE',  ( -1.000000000000000000, 0.000000000000000000, -0.000000000000000000 ) ) ;
#1828 = VECTOR ( 'NONE', #4099, 1000.000000000000000 ) ;
#1829 = VERTEX_POINT ( 'NONE', #3445 ) ;
#1830 = CARTESIAN_POINT ( 'NONE',  ( -2.100000000000000089, 0.1749999999999997946, -0.8000000000000000444 ) ) ;
#1831 = EDGE_CURVE ( 'NONE', #3964, #4230, #1686, .T. ) ;
#1832 = LINE ( 'NONE', #3622, #2092 ) ;
#1833 = LINE ( 'NONE', #4494, #5836 ) ;
#1834 = ORIENTED_EDGE ( 'NONE', *, *, #3112, .T. ) ;
#1835 = FACE_OUTER_BOUND ( 'NONE', #4800, .T. ) ;
#1836 = EDGE_CURVE ( 'NONE', #1090, #2973, #24, .T. ) ;
#1837 = ORIENTED_EDGE ( 'NONE', *, *, #1171, .T. ) ;
#1838 = ADVANCED_FACE ( 'NONE', ( #4827 ), #187, .F. ) ;
#1839 = VECTOR ( 'NONE', #5011, 1000.000000000000114 ) ;
#1840 = LINE ( 'NONE', #112, #4854 ) ;
#1841 = ORIENTED_EDGE ( 'NONE', *, *, #2688, .T. ) ;
#1842 = CARTESIAN_POINT ( 'NONE',  ( 1.749999999999999778, -2.291293393300126514E-16, -1.350000000000000089 ) ) ;
#1843 = ADVANCED_FACE ( 'NONE', ( #2720 ), #855, .T. ) ;
#1844 = CARTESIAN_POINT ( 'NONE',  ( 2.100000000000000089, 0.1749999999999997946, -0.8000000000000000444 ) ) ;
#1845 = CARTESIAN_POINT ( 'NONE',  ( 1.749999999999999778, -2.143131898507868051E-16, 1.600000000000000089 ) ) ;
#1846 = CARTESIAN_POINT ( 'NONE',  ( -1.955000000000000515, 8.380151512977635164, -1.554999999999999716 ) ) ;
#1847 = CARTESIAN_POINT ( 'NONE',  ( 1.805000000000000382, 8.380151512977635164, -0.8000000000000000444 ) ) ;
#1848 = ORIENTED_EDGE ( 'NONE', *, *, #1894, .F. ) ;
#1849 = EDGE_CURVE ( 'NONE', #1915, #1463, #2250, .T. ) ;
#1850 = FACE_BOUND ( 'NONE', #3230, .T. ) ;
#1851 = EDGE_CURVE ( 'NONE', #5600, #89, #3978, .T. ) ;
#1852 = CARTESIAN_POINT ( 'NONE',  ( -1.561801948466052137, 1.849999999999999645, -1.479999999999999760 ) ) ;
#1853 = ORIENTED_EDGE ( 'NONE', *, *, #2946, .T. ) ;
#1854 = CARTESIAN_POINT ( 'NONE',  ( -1.520900974233028169, 1.774999999999999689, 1.520900974233024838 ) ) ;
#1855 = DIRECTION ( 'NONE',  ( 0.000000000000000000, 1.000000000000000000, 0.000000000000000000 ) ) ;
#1856 = CARTESIAN_POINT ( 'NONE',  ( 1.636801948466053203, 1.774999999999999689, -1.554999999999999716 ) ) ;
#1857 = ORIENTED_EDGE ( 'NONE', *, *, #1274, .T. ) ;
#1858 = DIRECTION ( 'NONE',  ( 1.000000000000000000, 0.000000000000000000, -0.000000000000000000 ) ) ;
#1859 = CARTESIAN_POINT ( 'NONE',  ( 0.000000000000000000, 1.849999999999999645, 0.000000000000000000 ) ) ;
#1860 = ADVANCED_FACE ( 'NONE', ( #442 ), #4009, .F. ) ;
#1861 = CARTESIAN_POINT ( 'NONE',  ( 1.805000000000000382, 1.774999999999999689, -0.8000000000000000444 ) ) ;
#1862 = ORIENTED_EDGE ( 'NONE', *, *, #50, .F. ) ;
#1863 = DIRECTION ( 'NONE',  ( 0.000000000000000000, 0.000000000000000000, 1.000000000000000000 ) ) ;
#1864 = ORIENTED_EDGE ( 'NONE', *, *, #707, .T. ) ;
#1865 = EDGE_CURVE ( 'NONE', #1636, #5277, #1305, .T. ) ;
#1866 = DIRECTION ( 'NONE',  ( 0.9973922938103979563, 0.07217071599778383806, 0.000000000000000000 ) ) ;
#1867 = VERTEX_POINT ( 'NONE', #2219 ) ;
#1868 = EDGE_CURVE ( 'NONE', #1309, #959, #347, .T. ) ;
#1869 = AXIS2_PLACEMENT_3D ( 'NONE', #2037, #4732, #1207 ) ;
#1870 = DIRECTION ( 'NONE',  ( -0.7071067811865467956, 0.000000000000000000, 0.7071067811865483499 ) ) ;
#1871 = CARTESIAN_POINT ( 'NONE',  ( -1.749999999999999778, 0.1499999999999997724, -0.8000000000000000444 ) ) ;
#1872 = DIRECTION ( 'NONE',  ( -0.2588190451025212946, 0.000000000000000000, 0.9659258262890682012 ) ) ;
#1873 = VERTEX_POINT ( 'NONE', #5339 ) ;
#1874 = PLANE ( 'NONE',  #1297 ) ;
#1875 = EDGE_CURVE ( 'NONE', #4560, #3495, #2157, .T. ) ;
#1876 = CARTESIAN_POINT ( 'NONE',  ( -2.100000000000000533, 0.000000000000000000, -0.8000000000000000444 ) ) ;
#1877 = VERTEX_POINT ( 'NONE', #1370 ) ;
#1878 = LINE ( 'NONE', #1985, #1422 ) ;
#1879 = ORIENTED_EDGE ( 'NONE', *, *, #5150, .T. ) ;
#1880 = ORIENTED_EDGE ( 'NONE', *, *, #1345, .F. ) ;
#1881 = VECTOR ( 'NONE', #4179, 1000.000000000000000 ) ;
#1882 = EDGE_CURVE ( 'NONE', #70, #1758, #3947, .T. ) ;
#1883 = AXIS2_PLACEMENT_3D ( 'NONE', #399, #4430, #4907 ) ;
#1884 = DIRECTION ( 'NONE',  ( 0.000000000000000000, -1.000000000000000000, 0.000000000000000000 ) ) ;
#1885 = CARTESIAN_POINT ( 'NONE',  ( 1.295000000000001039, 1.818933982822017681, -1.310000000000000719 ) ) ;
#1886 = CARTESIAN_POINT ( 'NONE',  ( -2.100000000000000089, 0.1499999999999997724, 1.350000000000000089 ) ) ;
#1887 = EDGE_LOOP ( 'NONE', ( #923, #4625, #4325, #3997 ) ) ;
#1888 = DIRECTION ( 'NONE',  ( 0.000000000000000000, 0.000000000000000000, -1.000000000000000000 ) ) ;
#1889 = VECTOR ( 'NONE', #4714, 1000.000000000000000 ) ;
#1890 = ORIENTED_EDGE ( 'NONE', *, *, #4364, .T. ) ;
#1891 = ADVANCED_FACE ( 'NONE', ( #32 ), #1718, .T. ) ;
#1892 = VECTOR ( 'NONE', #308, 1000.000000000000000 ) ;
#1893 = VECTOR ( 'NONE', #574, 1000.000000000000000 ) ;
#1894 = EDGE_CURVE ( 'NONE', #3922, #4108, #2633, .T. ) ;
#1895 = CARTESIAN_POINT ( 'NONE',  ( 2.055000000000000604, 1.399999999999999689, -1.454999999999999627 ) ) ;
#1896 = EDGE_LOOP ( 'NONE', ( #4632, #1740, #2479, #1033 ) ) ;
#1897 = AXIS2_PLACEMENT_3D ( 'NONE', #5794, #3559, #5290 ) ;
#1898 = DIRECTION ( 'NONE',  ( -1.000000000000000000, 0.000000000000000000, 0.000000000000000000 ) ) ;
#1899 = EDGE_CURVE ( 'NONE', #611, #5574, #412, .T. ) ;
#1900 = CARTESIAN_POINT ( 'NONE',  ( 0.000000000000000000, 1.550000000000000044, 0.000000000000000000 ) ) ;
#1901 = ADVANCED_FACE ( 'NONE', ( #1782 ), #3573, .F. ) ;
#1902 = CARTESIAN_POINT ( 'NONE',  ( 1.420000000000000817, 1.774999999999999689, -1.554999999999999716 ) ) ;
#1903 = ORIENTED_EDGE ( 'NONE', *, *, #5642, .T. ) ;
#1904 = DIRECTION ( 'NONE',  ( -0.7071067811865467956, 0.000000000000000000, -0.7071067811865483499 ) ) ;
#1905 = LINE ( 'NONE', #5119, #5676 ) ;
#1906 = ORIENTED_EDGE ( 'NONE', *, *, #2493, .T. ) ;
#1907 = EDGE_LOOP ( 'NONE', ( #4243, #5414, #4968, #3789 ) ) ;
#1908 = ORIENTED_EDGE ( 'NONE', *, *, #4663, .T. ) ;
#1909 = ADVANCED_FACE ( 'NONE', ( #473 ), #3125, .T. ) ;
#1910 = CARTESIAN_POINT ( 'NONE',  ( -1.295000000000001039, 1.849999999999999645, -1.521506350946109309 ) ) ;
#1911 = FILL_AREA_STYLE_COLOUR ( '', #4811 ) ;
#1912 = AXIS2_PLACEMENT_3D ( 'NONE', #513, #4523, #2268 ) ;
#1913 = VECTOR ( 'NONE', #847, 1000.000000000000000 ) ;
#1914 = FACE_OUTER_BOUND ( 'NONE', #4224, .T. ) ;
#1915 = VERTEX_POINT ( 'NONE', #887 ) ;
#1916 = AXIS2_PLACEMENT_3D ( 'NONE', #1595, #2943, #5596 ) ;
#1917 = CARTESIAN_POINT ( 'NONE',  ( 1.805000000000000382, 1.550000000000000266, -0.8000000000000000444 ) ) ;
#1918 = EDGE_LOOP ( 'NONE', ( #367, #2884, #4596, #5216 ) ) ;
#1919 = VECTOR ( 'NONE', #4312, 1000.000000000000114 ) ;
#1920 = EDGE_CURVE ( 'NONE', #3448, #3669, #4477, .T. ) ;
#1921 = CARTESIAN_POINT ( 'NONE',  ( 2.055000000000000604, 1.849999999999999645, -1.454999999999999627 ) ) ;
#1922 = ORIENTED_EDGE ( 'NONE', *, *, #4090, .T. ) ;
#1923 = COLOUR_RGB ( '',0.7921568627450980005, 0.8196078431372548767, 0.9333333333333333481 ) ;
#1924 = DIRECTION ( 'NONE',  ( 0.000000000000000000, 0.000000000000000000, 1.000000000000000000 ) ) ;
#1925 = CARTESIAN_POINT ( 'NONE',  ( -2.021506350946109976, 1.550000000000000266, 0.7999999999999993783 ) ) ;
#1926 = CARTESIAN_POINT ( 'NONE',  ( 1.980000000000000426, 1.849999999999999645, -0.9348739373190558810 ) ) ;
#1927 = VECTOR ( 'NONE', #4209, 1000.000000000000000 ) ;
#1928 = ORIENTED_EDGE ( 'NONE', *, *, #1261, .F. ) ;
#1929 = DIRECTION ( 'NONE',  ( 0.000000000000000000, -0.000000000000000000, 1.000000000000000000 ) ) ;
#1930 = CARTESIAN_POINT ( 'NONE',  ( 2.100000000000000089, 0.1499999999999997169, -1.525000000000000133 ) ) ;
#1931 = VERTEX_POINT ( 'NONE', #1816 ) ;
#1932 = DIRECTION ( 'NONE',  ( 0.000000000000000000, 0.000000000000000000, -1.000000000000000000 ) ) ;
#1933 = ADVANCED_FACE ( 'NONE', ( #3605 ), #3157, .T. ) ;
#1934 = EDGE_LOOP ( 'NONE', ( #5246, #1857, #5426, #5513 ) ) ;
#1935 = ORIENTED_EDGE ( 'NONE', *, *, #121, .F. ) ;
#1936 = EDGE_CURVE ( 'NONE', #1444, #1253, #2311, .T. ) ;
#1937 = CARTESIAN_POINT ( 'NONE',  ( -2.100000000000000533, 0.1499999999999997169, 0.8000000000000000444 ) ) ;
#1938 = FACE_OUTER_BOUND ( 'NONE', #3296, .T. ) ;
#1939 = CARTESIAN_POINT ( 'NONE',  ( 2.100000000000000089, 0.1499999999999997724, -1.350000000000000089 ) ) ;
#1940 = FACE_OUTER_BOUND ( 'NONE', #3744, .T. ) ;
#1941 = ORIENTED_EDGE ( 'NONE', *, *, #2280, .F. ) ;
#1942 = CARTESIAN_POINT ( 'NONE',  ( -2.100000000000000533, 0.1499999999999997169, -0.8000000000000000444 ) ) ;
#1943 = VERTEX_POINT ( 'NONE', #4535 ) ;
#1944 = CIRCLE ( 'NONE', #2129, 0.07499999999999998335 ) ;
#1945 = VERTEX_POINT ( 'NONE', #55 ) ;
#1946 = LINE ( 'NONE', #2310, #5297 ) ;
#1947 = DIRECTION ( 'NONE',  ( 0.2588190451025212946, 0.000000000000000000, 0.9659258262890682012 ) ) ;
#1948 = ADVANCED_FACE ( 'NONE', ( #2748 ), #4426, .F. ) ;
#1949 = SURFACE_STYLE_FILL_AREA ( #575 ) ;
#1950 = FACE_OUTER_BOUND ( 'NONE', #3140, .T. ) ;
#1951 = ORIENTED_EDGE ( 'NONE', *, *, #761, .F. ) ;
#1952 = CARTESIAN_POINT ( 'NONE',  ( -1.963956826847687243, 1.849999999999999645, -0.8750000000000000000 ) ) ;
#1953 = CARTESIAN_POINT ( 'NONE',  ( 2.021506350946109976, 1.550000000000000266, -0.8000000000000000444 ) ) ;
#1954 = ORIENTED_EDGE ( 'NONE', *, *, #1849, .T. ) ;
#1955 = DIRECTION ( 'NONE',  ( 1.000000000000000000, 0.000000000000000000, 0.000000000000000000 ) ) ;
#1956 = EDGE_CURVE ( 'NONE', #5639, #521, #3078, .T. ) ;
#1957 = ORIENTED_EDGE ( 'NONE', *, *, #2430, .F. ) ;
#1958 = VERTEX_POINT ( 'NONE', #5323 ) ;
#1959 = CARTESIAN_POINT ( 'NONE',  ( 2.021506350946109976, 1.550000000000000266, 0.7999999999999993783 ) ) ;
#1960 = DIRECTION ( 'NONE',  ( 1.000000000000000000, 0.000000000000000000, 0.000000000000000000 ) ) ;
#1961 = CARTESIAN_POINT ( 'NONE',  ( 2.299999999999999822, 0.5141743926003324860, 0.8000000000000000444 ) ) ;
#1962 = EDGE_CURVE ( 'NONE', #4030, #2791, #395, .T. ) ;
#1963 = AXIS2_PLACEMENT_3D ( 'NONE', #581, #1432, #108 ) ;
#1964 = DIRECTION ( 'NONE',  ( 1.000000000000000000, -6.546552552286067020E-16, -0.000000000000000000 ) ) ;
#1965 = ORIENTED_EDGE ( 'NONE', *, *, #3314, .T. ) ;
#1966 = EDGE_CURVE ( 'NONE', #3783, #4183, #1768, .T. ) ;
#1967 = DIRECTION ( 'NONE',  ( -0.000000000000000000, -1.000000000000000000, -0.000000000000000000 ) ) ;
#1968 = EDGE_LOOP ( 'NONE', ( #4749, #2356, #3178, #1935 ) ) ;
#1969 = DIRECTION ( 'NONE',  ( -0.000000000000000000, 0.000000000000000000, 1.000000000000000000 ) ) ;
#1970 = AXIS2_PLACEMENT_3D ( 'NONE', #5032, #3711, #3762 ) ;
#1971 = VERTEX_POINT ( 'NONE', #3591 ) ;
#1972 = VECTOR ( 'NONE', #4245, 1000.000000000000000 ) ;
#1973 = EDGE_CURVE ( 'NONE', #4108, #1456, #5791, .T. ) ;
#1974 = AXIS2_PLACEMENT_3D ( 'NONE', #3512, #997, #2337 ) ;
#1975 = DIRECTION ( 'NONE',  ( -0.7071067811865464625, 0.000000000000000000, -0.7071067811865486830 ) ) ;
#1976 = CARTESIAN_POINT ( 'NONE',  ( -2.021506350946109976, 8.380151512977635164, -0.8000000000000000444 ) ) ;
#1977 = VECTOR ( 'NONE', #4264, 1000.000000000000000 ) ;
#1978 = DIRECTION ( 'NONE',  ( -1.000000000000000000, 0.000000000000000000, 0.000000000000000000 ) ) ;
#1979 = AXIS2_PLACEMENT_3D ( 'NONE', #1802, #19, #4024 ) ;
#1980 = DIRECTION ( 'NONE',  ( 0.7071067811865486830, -0.000000000000000000, 0.7071067811865464625 ) ) ;
#1981 = EDGE_LOOP ( 'NONE', ( #265, #4398, #2549, #238, #503 ) ) ;
#1982 = CARTESIAN_POINT ( 'NONE',  ( -1.749999999999999778, 0.1499999999999997724, 0.8000000000000000444 ) ) ;
#1983 = CARTESIAN_POINT ( 'NONE',  ( -1.295000000000001039, 1.399999999999999689, -1.310000000000000941 ) ) ;
#1984 = VERTEX_POINT ( 'NONE', #5289 ) ;
#1985 = CARTESIAN_POINT ( 'NONE',  ( 2.021506350946109976, 1.849999999999999645, -0.8750000000000000000 ) ) ;
#1986 = EDGE_LOOP ( 'NONE', ( #6, #2062, #5721, #542 ) ) ;
#1987 = ORIENTED_EDGE ( 'NONE', *, *, #4825, .T. ) ;
#1988 = EDGE_CURVE ( 'NONE', #2873, #751, #1290, .T. ) ;
#1989 = CARTESIAN_POINT ( 'NONE',  ( -1.370000000000000995, 1.849999999999999645, 1.310000000000000497 ) ) ;
#1990 =( LENGTH_UNIT ( ) NAMED_UNIT ( * ) SI_UNIT ( .MILLI., .METRE. ) );
#1991 = DIRECTION ( 'NONE',  ( -1.000000000000000000, 0.000000000000000000, 0.000000000000000000 ) ) ;
#1992 = LINE ( 'NONE', #3776, #1889 ) ;
#1993 = ORIENTED_EDGE ( 'NONE', *, *, #4327, .T. ) ;
#1994 = DIRECTION ( 'NONE',  ( 0.9659258262890682012, 0.000000000000000000, 0.2588190451025212946 ) ) ;
#1995 = VERTEX_POINT ( 'NONE', #3557 ) ;
#1996 = EDGE_CURVE ( 'NONE', #5837, #335, #3962, .T. ) ;
#1997 = DIRECTION ( 'NONE',  ( 0.000000000000000000, 1.000000000000000000, 0.000000000000000000 ) ) ;
#1998 = ORIENTED_EDGE ( 'NONE', *, *, #5131, .F. ) ;
#1999 = EDGE_CURVE ( 'NONE', #5269, #590, #1356, .T. ) ;
#2000 = ADVANCED_FACE ( 'NONE', ( #5762 ), #4055, .T. ) ;
#2001 = VECTOR ( 'NONE', #2148, 1000.000000000000000 ) ;
#2002 = VECTOR ( 'NONE', #1324, 1000.000000000000000 ) ;
#2003 = PLANE ( 'NONE',  #1138 ) ;
#2004 = LINE ( 'NONE', #1976, #1501 ) ;
#2005 = VERTEX_POINT ( 'NONE', #5353 ) ;
#2006 = CARTESIAN_POINT ( 'NONE',  ( 1.295000000000001039, 1.399999999999999689, 1.310000000000000497 ) ) ;
#2007 = FACE_OUTER_BOUND ( 'NONE', #843, .T. ) ;
#2008 = ORIENTED_EDGE ( 'NONE', *, *, #2717, .F. ) ;
#2009 = LINE ( 'NONE', #3410, #1006 ) ;
#2010 = CARTESIAN_POINT ( 'NONE',  ( 2.055000000000000604, 1.849999999999999645, 0.9249999999999992673 ) ) ;
#2011 = ORIENTED_EDGE ( 'NONE', *, *, #622, .T. ) ;
#2012 = CARTESIAN_POINT ( 'NONE',  ( -2.100000000000000533, 0.1499999999999997169, -0.8000000000000000444 ) ) ;
#2013 = EDGE_CURVE ( 'NONE', #2241, #133, #4492, .T. ) ;
#2014 = VERTEX_POINT ( 'NONE', #4903 ) ;
#2015 = ORIENTED_EDGE ( 'NONE', *, *, #3112, .F. ) ;
#2016 = CARTESIAN_POINT ( 'NONE',  ( -1.295000000000001039, 1.399999999999999689, 1.521506350946108865 ) ) ;
#2017 =( NAMED_UNIT ( * ) SI_UNIT ( $, .STERADIAN. ) SOLID_ANGLE_UNIT ( ) );
#2018 = DIRECTION ( 'NONE',  ( 0.000000000000000000, 0.000000000000000000, -1.000000000000000000 ) ) ;
#2019 = DIRECTION ( 'NONE',  ( 0.9973922938103979563, 0.07217071599778390745, 0.000000000000000000 ) ) ;
#2020 = ORIENTED_EDGE ( 'NONE', *, *, #3561, .F. ) ;
#2021 = LINE ( 'NONE', #2926, #3163 ) ;
#2022 = ORIENTED_EDGE ( 'NONE', *, *, #5214, .T. ) ;
#2023 =( BOUNDED_CURVE ( )  B_SPLINE_CURVE ( 3, ( #3501, #2122, #435, #3564 ),
 .UNSPECIFIED., .F., .T. ) 
 B_SPLINE_CURVE_WITH_KNOTS ( ( 4, 4 ),
 ( 1.570796326794896558, 3.141592653589793116 ),
 .UNSPECIFIED. ) 
 CURVE ( )  GEOMETRIC_REPRESENTATION_ITEM ( )  RATIONAL_B_SPLINE_CURVE ( ( 1.000000000000000000, 0.8047378541243649375, 0.8047378541243649375, 1.000000000000000000 ) ) 
 REPRESENTATION_ITEM ( '' )  );
#2024 = DIRECTION ( 'NONE',  ( -1.000000000000000000, 0.000000000000000000, 0.000000000000000000 ) ) ;
#2025 = DIRECTION ( 'NONE',  ( 0.000000000000000000, 0.000000000000000000, -1.000000000000000000 ) ) ;
#2026 = ORIENTED_EDGE ( 'NONE', *, *, #629, .F. ) ;
#2027 = DIRECTION ( 'NONE',  ( 0.7071067811865465735, 0.000000000000000000, -0.7071067811865485719 ) ) ;
#2028 = EDGE_CURVE ( 'NONE', #2366, #3324, #871, .T. ) ;
#2029 = DIRECTION ( 'NONE',  ( 0.000000000000000000, 0.000000000000000000, -1.000000000000000000 ) ) ;
#2030 = VECTOR ( 'NONE', #4008, 1000.000000000000114 ) ;
#2031 = LINE ( 'NONE', #4252, #3844 ) ;
#2032 = ORIENTED_EDGE ( 'NONE', *, *, #1200, .T. ) ;
#2033 = DIRECTION ( 'NONE',  ( -0.000000000000000000, -1.000000000000000000, -0.000000000000000000 ) ) ;
#2034 = ADVANCED_FACE ( 'NONE', ( #3141 ), #4842, .F. ) ;
#2035 = CARTESIAN_POINT ( 'NONE',  ( -1.295000000000001039, 1.849999999999999645, 1.521506350946108865 ) ) ;
#2036 = ORIENTED_EDGE ( 'NONE', *, *, #2934, .F. ) ;
#2037 = CARTESIAN_POINT ( 'NONE',  ( -0.2742166083042624769, 1.774999999999999689, 1.023390314470718820 ) ) ;
#2038 = DIRECTION ( 'NONE',  ( 0.000000000000000000, 0.000000000000000000, 1.000000000000000000 ) ) ;
#2039 = ORIENTED_EDGE ( 'NONE', *, *, #797, .T. ) ;
#2040 = CIRCLE ( 'NONE', #2793, 1.100000000000000533 ) ;
#2041 = CARTESIAN_POINT ( 'NONE',  ( -2.021506350946109976, 1.399999999999999689, -0.8000000000000000444 ) ) ;
#2042 = VERTEX_POINT ( 'NONE', #16 ) ;
#2043 = ORIENTED_EDGE ( 'NONE', *, *, #4322, .F. ) ;
#2044 = DIRECTION ( 'NONE',  ( -1.000000000000000000, 0.000000000000000000, 0.000000000000000000 ) ) ;
#2045 = EDGE_CURVE ( 'NONE', #4786, #1435, #4434, .T. ) ;
#2046 = DIRECTION ( 'NONE',  ( -0.000000000000000000, -1.000000000000000000, -0.000000000000000000 ) ) ;
#2047 =( LENGTH_UNIT ( ) NAMED_UNIT ( * ) SI_UNIT ( .MILLI., .METRE. ) );
#2048 = FACE_OUTER_BOUND ( 'NONE', #5683, .T. ) ;
#2049 = DIRECTION ( 'NONE',  ( 1.000000000000000000, 0.000000000000000000, 0.000000000000000000 ) ) ;
#2050 = ORIENTED_EDGE ( 'NONE', *, *, #2395, .T. ) ;
#2051 = CARTESIAN_POINT ( 'NONE',  ( 1.420000000000000817, 1.399999999999999689, 1.554999999999999272 ) ) ;
#2052 = VERTEX_POINT ( 'NONE', #1384 ) ;
#2053 = DIRECTION ( 'NONE',  ( 0.7071067811865465735, -0.000000000000000000, 0.7071067811865485719 ) ) ;
#2054 = LINE ( 'NONE', #1163, #3202 ) ;
#2055 = ORIENTED_EDGE ( 'NONE', *, *, #4296, .T. ) ;
#2056 = EDGE_CURVE ( 'NONE', #1375, #3619, #4458, .T. ) ;
#2057 = CARTESIAN_POINT ( 'NONE',  ( -1.955000000000000515, 1.399999999999999689, 1.554999999999999272 ) ) ;
#2058 = VECTOR ( 'NONE', #1457, 1000.000000000000000 ) ;
#2059 = VECTOR ( 'NONE', #181, 1000.000000000000000 ) ;
#2060 = CARTESIAN_POINT ( 'NONE',  ( -2.100000000000000089, 0.1499999999999997724, 0.8000000000000000444 ) ) ;
#2061 = DIRECTION ( 'NONE',  ( -0.7071067811865467956, 0.000000000000000000, 0.7071067811865483499 ) ) ;
#2062 = ORIENTED_EDGE ( 'NONE', *, *, #3768, .T. ) ;
#2063 = DIRECTION ( 'NONE',  ( 0.000000000000000000, 0.000000000000000000, -1.000000000000000000 ) ) ;
#2064 = DIRECTION ( 'NONE',  ( -1.000000000000000000, 0.000000000000000000, 0.000000000000000000 ) ) ;
#2065 = AXIS2_PLACEMENT_3D ( 'NONE', #3659, #1023, #3211 ) ;
#2066 = ORIENTED_EDGE ( 'NONE', *, *, #950, .F. ) ;
#2067 = ADVANCED_FACE ( 'NONE', ( #1735 ), #4964, .F. ) ;
#2068 = VECTOR ( 'NONE', #3566, 1000.000000000000000 ) ;
#2069 = CARTESIAN_POINT ( 'NONE',  ( 2.299999999999999822, 0.5141743926003324860, 0.8000000000000000444 ) ) ;
#2070 = ADVANCED_FACE ( 'NONE', ( #4522 ), #487, .T. ) ;
#2071 = CARTESIAN_POINT ( 'NONE',  ( -0.3999999999999998557, 1.399999999999999689, -1.100000000000000533 ) ) ;
#2072 = ORIENTED_EDGE ( 'NONE', *, *, #3482, .F. ) ;
#2073 = CARTESIAN_POINT ( 'NONE',  ( 2.021506350946109976, 8.380151512977635164, 0.7999999999999993783 ) ) ;
#2074 = VECTOR ( 'NONE', #2974, 1000.000000000000000 ) ;
#2075 = VERTEX_POINT ( 'NONE', #136 ) ;
#2076 = ORIENTED_EDGE ( 'NONE', *, *, #3031, .T. ) ;
#2077 = CARTESIAN_POINT ( 'NONE',  ( -2.025000000000000355, 0.1499999999999997169, 1.600000000000000089 ) ) ;
#2078 = LINE ( 'NONE', #1572, #3232 ) ;
#2079 = CARTESIAN_POINT ( 'NONE',  ( -0.3999999999999998557, 1.399999999999999689, 1.100000000000000533 ) ) ;
#2080 = VERTEX_POINT ( 'NONE', #512 ) ;
#2081 = CARTESIAN_POINT ( 'NONE',  ( 2.033033008588991386, 1.828033008588990649, -1.083768939877060467 ) ) ;
#2082 =( NAMED_UNIT ( * ) PLANE_ANGLE_UNIT ( ) SI_UNIT ( $, .RADIAN. ) );
#2083 = ORIENTED_EDGE ( 'NONE', *, *, #3809, .T. ) ;
#2084 = CYLINDRICAL_SURFACE ( 'NONE', #2225, 0.07499999999999998335 ) ;
#2085 = EDGE_CURVE ( 'NONE', #1456, #4203, #5069, .T. ) ;
#2086 = VERTEX_POINT ( 'NONE', #2350 ) ;
#2087 = LINE ( 'NONE', #2958, #1416 ) ;
#2088 = EDGE_LOOP ( 'NONE', ( #557, #1734, #1820, #1922 ) ) ;
#2089 = CARTESIAN_POINT ( 'NONE',  ( 2.100000000000000089, 0.1499999999999999667, 0.8000000000000000444 ) ) ;
#2090 = ADVANCED_FACE ( 'NONE', ( #4575 ), #2373, .T. ) ;
#2091 = FACE_OUTER_BOUND ( 'NONE', #4328, .T. ) ;
#2092 = VECTOR ( 'NONE', #5417, 1000.000000000000000 ) ;
#2093 = VERTEX_POINT ( 'NONE', #3672 ) ;
#2094 = VECTOR ( 'NONE', #5308, 1000.000000000000000 ) ;
#2095 = DIRECTION ( 'NONE',  ( -1.548860246407861611E-16, 1.000000000000000000, 0.000000000000000000 ) ) ;
#2096 = ORIENTED_EDGE ( 'NONE', *, *, #957, .T. ) ;
#2097 = EDGE_CURVE ( 'NONE', #4184, #4082, #559, .T. ) ;
#2098 = PRESENTATION_LAYER_ASSIGNMENT (  '', '', ( #4624 ) ) ;
#2099 = CARTESIAN_POINT ( 'NONE',  ( -2.100000000000000089, 0.000000000000000000, 0.8000000000000000444 ) ) ;
#2100 = DIRECTION ( 'NONE',  ( -1.000000000000000000, 0.000000000000000000, -0.000000000000000000 ) ) ;
#2101 = ORIENTED_EDGE ( 'NONE', *, *, #1124, .F. ) ;
#2102 = DIRECTION ( 'NONE',  ( 0.000000000000000000, 0.000000000000000000, -1.000000000000000000 ) ) ;
#2103 = CIRCLE ( 'NONE', #1535, 0.1999999999999999833 ) ;
#2104 = ORIENTED_EDGE ( 'NONE', *, *, #3755, .T. ) ;
#2105 = ORIENTED_EDGE ( 'NONE', *, *, #5391, .T. ) ;
#2106 = LINE ( 'NONE', #4954, #4219 ) ;
#2107 = LINE ( 'NONE', #766, #2482 ) ;
#2108 = EDGE_CURVE ( 'NONE', #1657, #3961, #3304, .T. ) ;
#2109 = CARTESIAN_POINT ( 'NONE',  ( 0.000000000000000000, 1.774999999999999689, -0.8750000000000000000 ) ) ;
#2110 = ORIENTED_EDGE ( 'NONE', *, *, #3821, .T. ) ;
#2111 = CARTESIAN_POINT ( 'NONE',  ( 1.295000000000000595, 1.818933982822017903, 1.309999999999999609 ) ) ;
#2112 = CARTESIAN_POINT ( 'NONE',  ( -2.100000000000000089, 0.1749999999999997946, 1.350000000000000089 ) ) ;
#2113 = EDGE_CURVE ( 'NONE', #2086, #5079, #4991, .T. ) ;
#2114 = EDGE_LOOP ( 'NONE', ( #2746, #2160, #2434, #310 ) ) ;
#2115 = CARTESIAN_POINT ( 'NONE',  ( -1.836066017177982568, 1.849999999999999645, 0.8749999999999993339 ) ) ;
#2116 = CARTESIAN_POINT ( 'NONE',  ( -1.980000000000000426, 1.849999999999999645, 0.9348739373190552149 ) ) ;
#2117 = ORIENTED_EDGE ( 'NONE', *, *, #1868, .F. ) ;
#2118 = CARTESIAN_POINT ( 'NONE',  ( -1.295000000000001039, 1.774999999999999689, 1.310000000000000497 ) ) ;
#2119 = AXIS2_PLACEMENT_3D ( 'NONE', #3243, #3719, #5514 ) ;
#2120 = VERTEX_POINT ( 'NONE', #1959 ) ;
#2121 = CARTESIAN_POINT ( 'NONE',  ( 2.274543651416819579, 0.1623701247003876136, 0.8000000000000000444 ) ) ;
#2122 = CARTESIAN_POINT ( 'NONE',  ( 1.817867965644035300, 1.849999999999999645, 0.8310660171779814531 ) ) ;
#2123 = ORIENTED_EDGE ( 'NONE', *, *, #3311, .T. ) ;
#2124 = CARTESIAN_POINT ( 'NONE',  ( -1.749999999999999778, 0.1499999999999997724, -1.350000000000000089 ) ) ;
#2125 = PLANE ( 'NONE',  #4097 ) ;
#2126 = ORIENTED_EDGE ( 'NONE', *, *, #5234, .T. ) ;
#2127 = CARTESIAN_POINT ( 'NONE',  ( 2.299999999999999822, 0.5141743926003324860, 0.8000000000000000444 ) ) ;
#2128 = CYLINDRICAL_SURFACE ( 'NONE', #98, 0.07499999999999998335 ) ;
#2129 = AXIS2_PLACEMENT_3D ( 'NONE', #390, #3617, #4868 ) ;
#2130 = ORIENTED_EDGE ( 'NONE', *, *, #667, .F. ) ;
#2131 = LINE ( 'NONE', #5691, #2074 ) ;
#2132 = ORIENTED_EDGE ( 'NONE', *, *, #2616, .T. ) ;
#2133 = ORIENTED_EDGE ( 'NONE', *, *, #1428, .F. ) ;
#2134 = DIRECTION ( 'NONE',  ( -0.7071067811865467956, 0.000000000000000000, -0.7071067811865483499 ) ) ;
#2135 = ADVANCED_FACE ( 'NONE', ( #5548 ), #3748, .T. ) ;
#2136 = CARTESIAN_POINT ( 'NONE',  ( -2.100000000000000089, 0.1499999999999999667, 0.8000000000000000444 ) ) ;
#2137 = CARTESIAN_POINT ( 'NONE',  ( 2.024999999999999911, 1.399999999999999689, 1.600000000000000089 ) ) ;
#2138 = ORIENTED_EDGE ( 'NONE', *, *, #1184, .F. ) ;
#2139 = CARTESIAN_POINT ( 'NONE',  ( -2.055000000000000604, 1.608578643762689664, -1.372157287525378022 ) ) ;
#2140 = COLOUR_RGB ( '',0.7921568627450980005, 0.8196078431372548767, 0.9333333333333333481 ) ;
#2141 = DIRECTION ( 'NONE',  ( 0.000000000000000000, 0.000000000000000000, 1.000000000000000000 ) ) ;
#2142 = ORIENTED_EDGE ( 'NONE', *, *, #182, .T. ) ;
#2143 = DIRECTION ( 'NONE',  ( 0.000000000000000000, 1.000000000000000000, 0.000000000000000000 ) ) ;
#2144 = EDGE_CURVE ( 'NONE', #617, #1146, #1010, .T. ) ;
#2145 = EDGE_CURVE ( 'NONE', #959, #5487, #3724, .T. ) ;
#2146 = DIRECTION ( 'NONE',  ( 0.000000000000000000, 0.000000000000000000, -1.000000000000000000 ) ) ;
#2147 = ORIENTED_EDGE ( 'NONE', *, *, #1851, .T. ) ;
#2148 = DIRECTION ( 'NONE',  ( 1.000000000000000000, -0.000000000000000000, -0.000000000000000000 ) ) ;
#2149 = EDGE_LOOP ( 'NONE', ( #4311, #4666, #2039, #4902, #3359 ) ) ;
#2150 = CARTESIAN_POINT ( 'NONE',  ( 1.963956826847687687, 1.849999999999999645, 0.8749999999999993339 ) ) ;
#2151 = DIRECTION ( 'NONE',  ( 0.000000000000000000, -0.000000000000000000, 1.000000000000000000 ) ) ;
#2152 = VERTEX_POINT ( 'NONE', #5095 ) ;
#2153 = CARTESIAN_POINT ( 'NONE',  ( -2.055000000000000604, 1.774999999999999689, 0.9249999999999992673 ) ) ;
#2154 = CARTESIAN_POINT ( 'NONE',  ( 2.055000000000000604, 1.774999999999999689, 1.030735931288068397 ) ) ;
#2155 = DIRECTION ( 'NONE',  ( -0.2588190451025212946, 0.000000000000000000, -0.9659258262890682012 ) ) ;
#2156 = FACE_OUTER_BOUND ( 'NONE', #2423, .T. ) ;
#2157 = LINE ( 'NONE', #4037, #4338 ) ;
#2158 = VERTEX_POINT ( 'NONE', #2429 ) ;
#2159 = CARTESIAN_POINT ( 'NONE',  ( 2.033033008588991386, 1.828033008588990649, -1.083768939877060467 ) ) ;
#2160 = ORIENTED_EDGE ( 'NONE', *, *, #4327, .F. ) ;
#2161 = EDGE_LOOP ( 'NONE', ( #980, #5091, #4638, #1226 ) ) ;
#2162 = CYLINDRICAL_SURFACE ( 'NONE', #5258, 0.07499999999999995559 ) ;
#2163 = AXIS2_PLACEMENT_3D ( 'NONE', #3087, #2657, #4004 ) ;
#2164 = VECTOR ( 'NONE', #5340, 1000.000000000000000 ) ;
#2165 = CARTESIAN_POINT ( 'NONE',  ( 1.295000000000001039, 1.774999999999999689, -1.521506350946109309 ) ) ;
#2166 = EDGE_CURVE ( 'NONE', #747, #2052, #5470, .T. ) ;
#2167 = CARTESIAN_POINT ( 'NONE',  ( -1.805000000000000160, 1.818933982822017903, -0.8000000000000001554 ) ) ;
#2168 = AXIS2_PLACEMENT_3D ( 'NONE', #4863, #825, #2255 ) ;
#2169 = EDGE_CURVE ( 'NONE', #4786, #4515, #1064, .T. ) ;
#2170 = DIRECTION ( 'NONE',  ( 1.000000000000000000, 0.000000000000000000, 0.000000000000000000 ) ) ;
#2171 = VECTOR ( 'NONE', #1269, 1000.000000000000000 ) ;
#2172 = FACE_OUTER_BOUND ( 'NONE', #3342, .T. ) ;
#2173 = ORIENTED_EDGE ( 'NONE', *, *, #608, .T. ) ;
#2174 = AXIS2_PLACEMENT_3D ( 'NONE', #4107, #5013, #4570 ) ;
#2175 = DIRECTION ( 'NONE',  ( -0.000000000000000000, -1.000000000000000000, -0.000000000000000000 ) ) ;
#2176 = EDGE_CURVE ( 'NONE', #3922, #5360, #5494, .T. ) ;
#2177 = CARTESIAN_POINT ( 'NONE',  ( -2.021506350946109976, 1.399999999999999689, -0.8000000000000000444 ) ) ;
#2178 = ORIENTED_EDGE ( 'NONE', *, *, #7, .T. ) ;
#2179 = FACE_OUTER_BOUND ( 'NONE', #1191, .T. ) ;
#2180 = ORIENTED_EDGE ( 'NONE', *, *, #4335, .F. ) ;
#2181 = EDGE_CURVE ( 'NONE', #163, #521, #4186, .T. ) ;
#2182 = EDGE_CURVE ( 'NONE', #4230, #1812, #1465, .T. ) ;
#2183 = ORIENTED_EDGE ( 'NONE', *, *, #5150, .F. ) ;
#2184 = LINE ( 'NONE', #1777, #2068 ) ;
#2185 = CARTESIAN_POINT ( 'NONE',  ( -2.100000000000000089, 0.1749999999999997946, -1.350000000000000089 ) ) ;
#2186 = DIRECTION ( 'NONE',  ( 0.000000000000000000, 0.000000000000000000, 1.000000000000000000 ) ) ;
#2187 = CARTESIAN_POINT ( 'NONE',  ( -1.295000000000001039, 1.774999999999999689, -1.310000000000000941 ) ) ;
#2188 = DIRECTION ( 'NONE',  ( -1.000000000000000000, 0.000000000000000000, 0.000000000000000000 ) ) ;
#2189 = VERTEX_POINT ( 'NONE', #3274 ) ;
#2190 = LINE ( 'NONE', #1278, #4217 ) ;
#2191 = VECTOR ( 'NONE', #2, 1000.000000000000000 ) ;
#2192 = CARTESIAN_POINT ( 'NONE',  ( 2.100000000000000089, 0.1499999999999997724, 0.8000000000000000444 ) ) ;
#2193 = AXIS2_PLACEMENT_3D ( 'NONE', #1165, #1231, #1674 ) ;
#2194 = ORIENTED_EDGE ( 'NONE', *, *, #2889, .F. ) ;
#2195 = ORIENTED_EDGE ( 'NONE', *, *, #957, .F. ) ;
#2196 = CARTESIAN_POINT ( 'NONE',  ( 0.3999999999999998557, 2.500000000000000444, 4.397732528557848481E-16 ) ) ;
#2197 = CARTESIAN_POINT ( 'NONE',  ( -1.749999999999999778, -2.143131898507868051E-16, 1.600000000000000089 ) ) ;
#2198 = ORIENTED_EDGE ( 'NONE', *, *, #5542, .F. ) ;
#2199 = LINE ( 'NONE', #1765, #4473 ) ;
#2200 = FACE_OUTER_BOUND ( 'NONE', #2471, .T. ) ;
#2201 = ORIENTED_EDGE ( 'NONE', *, *, #2925, .F. ) ;
#2202 = EDGE_CURVE ( 'NONE', #1757, #1538, #4110, .T. ) ;
#2203 = DIRECTION ( 'NONE',  ( 0.9659258262890682012, 0.000000000000000000, -0.2588190451025212946 ) ) ;
#2204 = LINE ( 'NONE', #4904, #4532 ) ;
#2205 = CARTESIAN_POINT ( 'NONE',  ( 1.561801948466053247, 1.849999999999999645, -1.479999999999999760 ) ) ;
#2206 = ORIENTED_EDGE ( 'NONE', *, *, #2816, .F. ) ;
#2207 = PLANE ( 'NONE',  #5324 ) ;
#2208 = EDGE_LOOP ( 'NONE', ( #931, #47, #3010, #5698, #3116, #1687, #4263, #2194 ) ) ;
#2209 = CARTESIAN_POINT ( 'NONE',  ( -1.997668557556426583, 1.849999999999999867, -0.8310660171779822303 ) ) ;
#2210 = DIRECTION ( 'NONE',  ( 0.9659258262890682012, -0.000000000000000000, 0.2588190451025212946 ) ) ;
#2211 = EDGE_LOOP ( 'NONE', ( #1631, #5284, #3398, #4915 ) ) ;
#2212 = CARTESIAN_POINT ( 'NONE',  ( -2.025000000000000355, 1.399999999999999689, 1.525000000000000133 ) ) ;
#2213 = DIRECTION ( 'NONE',  ( 0.000000000000000000, 1.000000000000000000, 0.000000000000000000 ) ) ;
#2214 = LINE ( 'NONE', #852, #4782 ) ;
#2215 = VECTOR ( 'NONE', #4698, 1000.000000000000000 ) ;
#2216 =( BOUNDED_CURVE ( )  B_SPLINE_CURVE ( 3, ( #5319, #3072, #2167, #2229 ),
 .UNSPECIFIED., .F., .F. ) 
 B_SPLINE_CURVE_WITH_KNOTS ( ( 4, 4 ),
 ( 1.570796326794896558, 3.141592653589793116 ),
 .UNSPECIFIED. ) 
 CURVE ( )  GEOMETRIC_REPRESENTATION_ITEM ( )  RATIONAL_B_SPLINE_CURVE ( ( 1.000000000000000000, 0.8047378541243649375, 0.8047378541243649375, 1.000000000000000000 ) ) 
 REPRESENTATION_ITEM ( '' )  );
#2217 = LINE ( 'NONE', #1749, #2030 ) ;
#2218 = EDGE_CURVE ( 'NONE', #4626, #3408, #2324, .T. ) ;
#2219 = CARTESIAN_POINT ( 'NONE',  ( -2.055000000000000604, 1.399999999999999689, -1.454999999999999627 ) ) ;
#2220 = CARTESIAN_POINT ( 'NONE',  ( -1.805000000000000382, 1.774999999999999689, 0.7999999999999993783 ) ) ;
#2221 = SURFACE_STYLE_FILL_AREA ( #475 ) ;
#2222 = ORIENTED_EDGE ( 'NONE', *, *, #4981, .F. ) ;
#2223 = ORIENTED_EDGE ( 'NONE', *, *, #4588, .F. ) ;
#2224 = CARTESIAN_POINT ( 'NONE',  ( 0.000000000000000000, 0.000000000000000000, 0.000000000000000000 ) ) ;
#2225 = AXIS2_PLACEMENT_3D ( 'NONE', #2525, #5640, #3455 ) ;
#2226 = DIRECTION ( 'NONE',  ( -0.7071067811865467956, 0.000000000000000000, -0.7071067811865483499 ) ) ;
#2227 = CARTESIAN_POINT ( 'NONE',  ( -0.4000000000000001887, 8.380151512977635164, -7.347880794884117764E-17 ) ) ;
#2228 = ORIENTED_EDGE ( 'NONE', *, *, #2762, .F. ) ;
#2229 = CARTESIAN_POINT ( 'NONE',  ( -1.805000000000000382, 1.774999999999999689, -0.8000000000000000444 ) ) ;
#2230 = VECTOR ( 'NONE', #788, 1000.000000000000000 ) ;
#2231 = CARTESIAN_POINT ( 'NONE',  ( -1.429873937319055210, 1.849999999999999645, 1.479999999999999316 ) ) ;
#2232 = CARTESIAN_POINT ( 'NONE',  ( -2.100000000000000089, 0.1499999999999997724, -1.350000000000000089 ) ) ;
#2233 = ORIENTED_EDGE ( 'NONE', *, *, #4611, .T. ) ;
#2234 = EDGE_CURVE ( 'NONE', #3503, #2581, #613, .T. ) ;
#2235 = EDGE_CURVE ( 'NONE', #1146, #4200, #2836, .T. ) ;
#2236 = CARTESIAN_POINT ( 'NONE',  ( 1.955000000000000515, 1.399999999999999689, 1.554999999999999272 ) ) ;
#2237 = DIRECTION ( 'NONE',  ( 0.000000000000000000, 0.000000000000000000, 1.000000000000000000 ) ) ;
#2238 = LINE ( 'NONE', #3079, #5645 ) ;
#2239 = VERTEX_POINT ( 'NONE', #290 ) ;
#2240 = CARTESIAN_POINT ( 'NONE',  ( -0.3999999999999998557, 2.700000000000000178, 4.397732528557848481E-16 ) ) ;
#2241 = VERTEX_POINT ( 'NONE', #2016 ) ;
#2242 = AXIS2_PLACEMENT_3D ( 'NONE', #5699, #675, #2555 ) ;
#2243 = CARTESIAN_POINT ( 'NONE',  ( 2.055000000000000604, 1.399999999999999689, 1.454999999999999183 ) ) ;
#2244 = ADVANCED_FACE ( 'NONE', ( #2978 ), #5602, .T. ) ;
#2245 = CARTESIAN_POINT ( 'NONE',  ( 1.295000000000001039, 1.849999999999999645, 1.310000000000000497 ) ) ;
#2246 = ORIENTED_EDGE ( 'NONE', *, *, #4768, .F. ) ;
#2247 = DIRECTION ( 'NONE',  ( 1.000000000000000000, 0.000000000000000000, 0.000000000000000000 ) ) ;
#2248 = ORIENTED_EDGE ( 'NONE', *, *, #3569, .T. ) ;
#2249 = CARTESIAN_POINT ( 'NONE',  ( -1.295000000000001039, 1.849999999999999645, 1.521506350946108865 ) ) ;
#2250 = LINE ( 'NONE', #914, #5393 ) ;
#2251 = VECTOR ( 'NONE', #2703, 1000.000000000000000 ) ;
#2252 = CARTESIAN_POINT ( 'NONE',  ( 1.420000000000000817, 1.774999999999999689, 1.554999999999999272 ) ) ;
#2253 = EDGE_LOOP ( 'NONE', ( #2740, #172, #1179, #1998 ) ) ;
#2254 = EDGE_CURVE ( 'NONE', #758, #1867, #1091, .T. ) ;
#2255 = DIRECTION ( 'NONE',  ( 0.000000000000000000, 0.000000000000000000, 1.000000000000000000 ) ) ;
#2256 = DIRECTION ( 'NONE',  ( 0.9659258262890682012, 0.000000000000000000, -0.2588190451025212946 ) ) ;
#2257 = DIRECTION ( 'NONE',  ( 0.000000000000000000, 0.000000000000000000, 1.000000000000000000 ) ) ;
#2258 = ORIENTED_EDGE ( 'NONE', *, *, #1920, .T. ) ;
#2259 = CARTESIAN_POINT ( 'NONE',  ( 2.299999999999999822, 0.5141743926003324860, 1.350000000000000089 ) ) ;
#2260 = VECTOR ( 'NONE', #2600, 1000.000000000000000 ) ;
#2261 = ADVANCED_FACE ( 'NONE', ( #4297 ), #4680, .F. ) ;
#2262 = ADVANCED_FACE ( 'NONE', ( #735 ), #5634, .T. ) ;
#2263 = CARTESIAN_POINT ( 'NONE',  ( -1.295000000000001039, 8.380151512977635164, 1.310000000000000497 ) ) ;
#2264 = DIRECTION ( 'NONE',  ( -0.000000000000000000, -0.000000000000000000, 1.000000000000000000 ) ) ;
#2265 = ORIENTED_EDGE ( 'NONE', *, *, #4872, .T. ) ;
#2266 = AXIS2_PLACEMENT_3D ( 'NONE', #4735, #698, #2514 ) ;
#2267 = CARTESIAN_POINT ( 'NONE',  ( 2.100000000000000089, 8.380151512977635164, -1.525000000000000133 ) ) ;
#2268 = DIRECTION ( 'NONE',  ( 0.000000000000000000, 0.000000000000000000, 1.000000000000000000 ) ) ;
#2269 = VECTOR ( 'NONE', #2506, 1000.000000000000000 ) ;
#2270 = LINE ( 'NONE', #5496, #4512 ) ;
#2271 = VECTOR ( 'NONE', #1552, 1000.000000000000000 ) ;
#2272 = ORIENTED_EDGE ( 'NONE', *, *, #4282, .F. ) ;
#2273 = EDGE_CURVE ( 'NONE', #95, #3495, #4740, .T. ) ;
#2274 = CARTESIAN_POINT ( 'NONE',  ( -1.749999999999999778, -2.291293393300126514E-16, -0.8000000000000000444 ) ) ;
#2275 = ORIENTED_EDGE ( 'NONE', *, *, #3871, .T. ) ;
#2276 = PLANE ( 'NONE',  #4112 ) ;
#2277 = CARTESIAN_POINT ( 'NONE',  ( 2.299999999999999822, 0.5141743926003324860, 1.350000000000000089 ) ) ;
#2278 = ORIENTED_EDGE ( 'NONE', *, *, #3110, .T. ) ;
#2279 = DIRECTION ( 'NONE',  ( -1.000000000000000000, -0.000000000000000000, -0.000000000000000000 ) ) ;
#2280 = EDGE_CURVE ( 'NONE', #4241, #4565, #3861, .T. ) ;
#2281 = LINE ( 'NONE', #546, #5035 ) ;
#2282 = DIRECTION ( 'NONE',  ( 0.000000000000000000, 0.000000000000000000, 1.000000000000000000 ) ) ;
#2283 = PLANE ( 'NONE',  #5733 ) ;
#2284 = ORIENTED_EDGE ( 'NONE', *, *, #302, .T. ) ;
#2285 = EDGE_CURVE ( 'NONE', #214, #858, #1663, .T. ) ;
#2286 = CARTESIAN_POINT ( 'NONE',  ( -2.100000000000000533, 0.000000000000000000, -0.8000000000000000444 ) ) ;
#2287 = LINE ( 'NONE', #5785, #1629 ) ;
#2288 = ORIENTED_EDGE ( 'NONE', *, *, #173, .T. ) ;
#2289 = CARTESIAN_POINT ( 'NONE',  ( 1.749999999999999778, 0.1499999999999997724, 0.8000000000000000444 ) ) ;
#2290 = PRESENTATION_LAYER_ASSIGNMENT (  '', '', ( #1618 ) ) ;
#2291 = CYLINDRICAL_SURFACE ( 'NONE', #5510, 0.07499999999999995559 ) ;
#2292 =( BOUNDED_CURVE ( )  B_SPLINE_CURVE ( 3, ( #3063, #4855, #3477, #2187 ),
 .UNSPECIFIED., .F., .T. ) 
 B_SPLINE_CURVE_WITH_KNOTS ( ( 4, 4 ),
 ( 1.570796326794896558, 3.141592653589793116 ),
 .UNSPECIFIED. ) 
 CURVE ( )  GEOMETRIC_REPRESENTATION_ITEM ( )  RATIONAL_B_SPLINE_CURVE ( ( 1.000000000000000000, 0.8047378541243649375, 0.8047378541243649375, 1.000000000000000000 ) ) 
 REPRESENTATION_ITEM ( '' )  );
#2293 = DIRECTION ( 'NONE',  ( 0.000000000000000000, 0.000000000000000000, -1.000000000000000000 ) ) ;
#2294 = VECTOR ( 'NONE', #5820, 1000.000000000000227 ) ;
#2295 = ORIENTED_EDGE ( 'NONE', *, *, #2425, .T. ) ;
#2296 = EDGE_CURVE ( 'NONE', #5707, #5041, #2078, .T. ) ;
#2297 = DIRECTION ( 'NONE',  ( 0.000000000000000000, 0.000000000000000000, 1.000000000000000000 ) ) ;
#2298 = CARTESIAN_POINT ( 'NONE',  ( -1.295000000000001039, 8.380151512977635164, -1.310000000000000941 ) ) ;
#2299 = EDGE_CURVE ( 'NONE', #619, #5469, #228, .T. ) ;
#2300 = LINE ( 'NONE', #514, #942 ) ;
#2301 = ORIENTED_EDGE ( 'NONE', *, *, #2501, .F. ) ;
#2302 = CARTESIAN_POINT ( 'NONE',  ( 1.420000000000000817, 1.774999999999999689, -1.554999999999999716 ) ) ;
#2303 = ORIENTED_EDGE ( 'NONE', *, *, #4249, .T. ) ;
#2304 = AXIS2_PLACEMENT_3D ( 'NONE', #479, #37, #2257 ) ;
#2305 = CARTESIAN_POINT ( 'NONE',  ( 1.439411428382690428, 1.849999999999999645, 1.482555563028319368 ) ) ;
#2306 = ORIENTED_EDGE ( 'NONE', *, *, #4418, .T. ) ;
#2307 = VECTOR ( 'NONE', #1545, 1000.000000000000000 ) ;
#2308 = EDGE_CURVE ( 'NONE', #4560, #4425, #4806, .T. ) ;
#2309 = VECTOR ( 'NONE', #3199, 1000.000000000000000 ) ;
#2310 = CARTESIAN_POINT ( 'NONE',  ( 0.3999999999999998557, 2.500000000000000000, -1.100000000000000533 ) ) ;
#2311 = LINE ( 'NONE', #500, #1828 ) ;
#2312 = DIRECTION ( 'NONE',  ( 0.7071067811865467956, 0.000000000000000000, -0.7071067811865483499 ) ) ;
#2313 = DIRECTION ( 'NONE',  ( -0.000000000000000000, -0.000000000000000000, 1.000000000000000000 ) ) ;
#2314 = ORIENTED_EDGE ( 'NONE', *, *, #3511, .F. ) ;
#2315 = PRESENTATION_STYLE_ASSIGNMENT (( #504 ) ) ;
#2316 = LINE ( 'NONE', #952, #1881 ) ;
#2317 = CARTESIAN_POINT ( 'NONE',  ( 1.370000000000000995, 1.849999999999999645, 1.463956826847686798 ) ) ;
#2318 = ORIENTED_EDGE ( 'NONE', *, *, #3780, .F. ) ;
#2319 = LINE ( 'NONE', #2370, #2741 ) ;
#2320 = EDGE_CURVE ( 'NONE', #4577, #1812, #2107, .T. ) ;
#2321 = EDGE_LOOP ( 'NONE', ( #433, #5751, #5764, #4705 ) ) ;
#2322 = ORIENTED_EDGE ( 'NONE', *, *, #5292, .T. ) ;
#2323 = EDGE_CURVE ( 'NONE', #743, #603, #704, .T. ) ;
#2324 = LINE ( 'NONE', #2863, #304 ) ;
#2325 = DIRECTION ( 'NONE',  ( 1.000000000000000000, 0.000000000000000000, 0.000000000000000000 ) ) ;
#2326 = FACE_OUTER_BOUND ( 'NONE', #5094, .T. ) ;
#2327 = VERTEX_POINT ( 'NONE', #3420 ) ;
#2328 = DIRECTION ( 'NONE',  ( -0.07217071599778504543, 0.9973922938103978453, -0.000000000000000000 ) ) ;
#2329 = EDGE_LOOP ( 'NONE', ( #3957, #1804, #3597, #2195, #146 ) ) ;
#2330 = EDGE_CURVE ( 'NONE', #1623, #214, #641, .T. ) ;
#2331 = ADVANCED_FACE ( 'NONE', ( #3772 ), #5696, .T. ) ;
#2332 = LINE ( 'NONE', #2844, #3675 ) ;
#2333 = ORIENTED_EDGE ( 'NONE', *, *, #1175, .F. ) ;
#2334 = VECTOR ( 'NONE', #4629, 1000.000000000000000 ) ;
#2335 = AXIS2_PLACEMENT_3D ( 'NONE', #4128, #1402, #974 ) ;
#2336 = CARTESIAN_POINT ( 'NONE',  ( -2.021506350946109976, 1.849999999999999645, 0.8749999999999993339 ) ) ;
#2337 = DIRECTION ( 'NONE',  ( -1.000000000000000000, 0.000000000000000000, -0.000000000000000000 ) ) ;
#2338 =( NAMED_UNIT ( * ) SI_UNIT ( $, .STERADIAN. ) SOLID_ANGLE_UNIT ( ) );
#2339 = EDGE_CURVE ( 'NONE', #3189, #3630, #4358, .T. ) ;
#2340 = EDGE_LOOP ( 'NONE', ( #3395, #4803, #4898, #5344 ) ) ;
#2341 = LINE ( 'NONE', #4567, #5628 ) ;
#2342 = CARTESIAN_POINT ( 'NONE',  ( -2.025000000000000355, 0.000000000000000000, 1.525000000000000133 ) ) ;
#2343 = VERTEX_POINT ( 'NONE', #1543 ) ;
#2344 = CARTESIAN_POINT ( 'NONE',  ( 1.530735931288070617, 1.849999999999999645, 1.479999999999999316 ) ) ;
#2345 = ORIENTED_EDGE ( 'NONE', *, *, #2725, .F. ) ;
#2346 = ORIENTED_EDGE ( 'NONE', *, *, #2843, .F. ) ;
#2347 = AXIS2_PLACEMENT_3D ( 'NONE', #1695, #5783, #4925 ) ;
#2348 = EDGE_CURVE ( 'NONE', #979, #4108, #5125, .T. ) ;
#2349 = CLOSED_SHELL ( 'NONE', ( #2792, #3180, #311, #981, #2540, #5164, #2362, #5601, #2653, #1293 ) ) ;
#2350 = CARTESIAN_POINT ( 'NONE',  ( -2.100000000000000533, 0.1499999999999997169, 0.8000000000000000444 ) ) ;
#2351 = DIRECTION ( 'NONE',  ( 0.000000000000000000, -0.000000000000000000, 1.000000000000000000 ) ) ;
#2352 = CARTESIAN_POINT ( 'NONE',  ( 2.024999999999999911, 1.399999999999999689, -1.600000000000000089 ) ) ;
#2353 = ORIENTED_EDGE ( 'NONE', *, *, #853, .T. ) ;
#2354 = DIRECTION ( 'NONE',  ( -1.000000000000000000, 0.000000000000000000, 0.000000000000000000 ) ) ;
#2355 =( GEOMETRIC_REPRESENTATION_CONTEXT ( 3 ) GLOBAL_UNCERTAINTY_ASSIGNED_CONTEXT ( ( #2458 ) ) GLOBAL_UNIT_ASSIGNED_CONTEXT ( ( #1425, #2799, #2338 ) ) REPRESENTATION_CONTEXT ( 'NONE', 'WORKASPACE' ) );
#2356 = ORIENTED_EDGE ( 'NONE', *, *, #2435, .F. ) ;
#2357 = VECTOR ( 'NONE', #3485, 1000.000000000000227 ) ;
#2358 = VECTOR ( 'NONE', #3788, 1000.000000000000000 ) ;
#2359 = DIRECTION ( 'NONE',  ( -0.000000000000000000, -0.000000000000000000, -1.000000000000000000 ) ) ;
#2360 = ORIENTED_EDGE ( 'NONE', *, *, #3249, .T. ) ;
#2361 = VECTOR ( 'NONE', #3654, 1000.000000000000000 ) ;
#2362 = ADVANCED_FACE ( 'NONE', ( #5152 ), #1123, .F. ) ;
#2363 = ADVANCED_FACE ( 'NONE', ( #4896 ), #5282, .F. ) ;
#2364 = DIRECTION ( 'NONE',  ( -0.000000000000000000, -1.000000000000000000, -0.000000000000000000 ) ) ;
#2365 = DIRECTION ( 'NONE',  ( 0.000000000000000000, -0.000000000000000000, 1.000000000000000000 ) ) ;
#2366 = VERTEX_POINT ( 'NONE', #5346 ) ;
#2367 = CARTESIAN_POINT ( 'NONE',  ( -2.055000000000000604, 8.380151512977635164, 1.454999999999999183 ) ) ;
#2368 = DIRECTION ( 'NONE',  ( -1.000000000000000000, -0.000000000000000000, -0.000000000000000000 ) ) ;
#2369 = ORIENTED_EDGE ( 'NONE', *, *, #2889, .T. ) ;
#2370 = CARTESIAN_POINT ( 'NONE',  ( -2.100000000000000089, 0.1499999999999999667, -0.8000000000000000444 ) ) ;
#2371 = ORIENTED_EDGE ( 'NONE', *, *, #3122, .F. ) ;
#2372 = ORIENTED_EDGE ( 'NONE', *, *, #115, .F. ) ;
#2373 = CYLINDRICAL_SURFACE ( 'NONE', #4089, 0.07499999999999998335 ) ;
#2374 = PLANE ( 'NONE',  #3499 ) ;
#2376 = AXIS2_PLACEMENT_3D ( 'NONE', #1859, #3646, #2351 ) ;
#2375 = DIRECTION ( 'NONE',  ( -0.000000000000000000, -1.000000000000000000, -0.000000000000000000 ) ) ;
#2377 = CARTESIAN_POINT ( 'NONE',  ( 1.295000000000001927, 1.399999999999999689, -1.310000000000000941 ) ) ;
#2378 = EDGE_LOOP ( 'NONE', ( #4033, #3267, #5196, #1265 ) ) ;
#2379 = AXIS2_PLACEMENT_3D ( 'NONE', #1799, #2618, #2736 ) ;
#2380 = CARTESIAN_POINT ( 'NONE',  ( 1.295000000000001039, 8.380151512977635164, -1.310000000000000941 ) ) ;
#2381 = ORIENTED_EDGE ( 'NONE', *, *, #3311, .F. ) ;
#2382 = VECTOR ( 'NONE', #301, 1000.000000000000000 ) ;
#2383 = EDGE_CURVE ( 'NONE', #3408, #415, #3924, .T. ) ;
#2384 = CARTESIAN_POINT ( 'NONE',  ( 1.749999999999999778, -2.143131898507868051E-16, 1.600000000000000089 ) ) ;
#2385 = ORIENTED_EDGE ( 'NONE', *, *, #4648, .T. ) ;
#2386 = VECTOR ( 'NONE', #1823, 1000.000000000000000 ) ;
#2387 = EDGE_CURVE ( 'NONE', #4145, #2042, #978, .T. ) ;
#2388 = ADVANCED_BREP_SHAPE_REPRESENTATION ( 'PTS815 SJG 250 SMTR LFS', ( #1433, #1339, #3257, #5170, #5204, #1332, #3288, #5369 ), #5461 ) ;
#2389 = LINE ( 'NONE', #523, #2473 ) ;
#2390 = CARTESIAN_POINT ( 'NONE',  ( -1.420000000000000817, 1.399999999999999689, -1.554999999999999716 ) ) ;
#2391 = CARTESIAN_POINT ( 'NONE',  ( 1.424089918751576755, 1.849999999999999645, -1.523933982822017974 ) ) ;
#2392 = CARTESIAN_POINT ( 'NONE',  ( -1.538823954192047871, 1.844280904158204892, -1.554999999999999716 ) ) ;
#2393 = VECTOR ( 'NONE', #4138, 1000.000000000000114 ) ;
#2394 = ORIENTED_EDGE ( 'NONE', *, *, #938, .T. ) ;
#2395 = EDGE_CURVE ( 'NONE', #5707, #4832, #3516, .T. ) ;
#2396 = DIRECTION ( 'NONE',  ( -0.000000000000000000, -1.000000000000000000, -0.000000000000000000 ) ) ;
#2397 = CARTESIAN_POINT ( 'NONE',  ( 1.420000000000000817, 1.774999999999999689, 1.554999999999999272 ) ) ;
#2398 = ORIENTED_EDGE ( 'NONE', *, *, #5608, .T. ) ;
#2399 = CARTESIAN_POINT ( 'NONE',  ( 2.055000000000000604, 1.550000000000000266, -1.454999999999999627 ) ) ;
#2400 = ORIENTED_EDGE ( 'NONE', *, *, #5425, .F. ) ;
#2401 = ORIENTED_EDGE ( 'NONE', *, *, #405, .T. ) ;
#2402 = AXIS2_PLACEMENT_3D ( 'NONE', #1205, #5685, #3407 ) ;
#2403 = CARTESIAN_POINT ( 'NONE',  ( -1.805000000000000382, 1.399999999999999689, 0.7999999999999993783 ) ) ;
#2404 = CARTESIAN_POINT ( 'NONE',  ( 1.583768939877062243, 1.828033008588990649, -1.533033008588991164 ) ) ;
#2405 =( BOUNDED_CURVE ( )  B_SPLINE_CURVE ( 3, ( #3293, #3262, #3683, #1926 ),
 .UNSPECIFIED., .F., .T. ) 
 B_SPLINE_CURVE_WITH_KNOTS ( ( 4, 4 ),
 ( 0.000000000000000000, 1.570796326794897446 ),
 .UNSPECIFIED. ) 
 CURVE ( )  GEOMETRIC_REPRESENTATION_ITEM ( )  RATIONAL_B_SPLINE_CURVE ( ( 1.000000000000000000, 0.8047378541243648264, 0.8047378541243648264, 1.000000000000000000 ) ) 
 REPRESENTATION_ITEM ( '' )  );
#2406 = FILL_AREA_STYLE ('',( #3434 ) ) ;
#2407 = FACE_OUTER_BOUND ( 'NONE', #5781, .T. ) ;
#2408 = ORIENTED_EDGE ( 'NONE', *, *, #2816, .T. ) ;
#2409 = EDGE_CURVE ( 'NONE', #466, #415, #828, .T. ) ;
#2410 = LINE ( 'NONE', #2789, #2867 ) ;
#2411 = ORIENTED_EDGE ( 'NONE', *, *, #3498, .F. ) ;
#2412 = EDGE_CURVE ( 'NONE', #90, #3899, #2639, .T. ) ;
#2413 = CARTESIAN_POINT ( 'NONE',  ( -1.420000000000000817, 8.380151512977635164, -1.554999999999999716 ) ) ;
#2414 = ORIENTED_EDGE ( 'NONE', *, *, #3258, .F. ) ;
#2415 = CARTESIAN_POINT ( 'NONE',  ( -0.3999999999999998557, 9.120215047547656440, -1.100000000000000533 ) ) ;
#2416 = DIRECTION ( 'NONE',  ( 0.2588190451025212946, 0.000000000000000000, -0.9659258262890682012 ) ) ;
#2417 = CARTESIAN_POINT ( 'NONE',  ( -2.021506350946109976, 1.399999999999999689, 0.7999999999999993783 ) ) ;
#2418 = CARTESIAN_POINT ( 'NONE',  ( -2.299999999999999822, 0.5141743926003324860, 1.350000000000000089 ) ) ;
#2419 = ORIENTED_EDGE ( 'NONE', *, *, #1428, .T. ) ;
#2420 = EDGE_CURVE ( 'NONE', #3961, #2652, #4708, .T. ) ;
#2421 = DIRECTION ( 'NONE',  ( -1.000000000000000000, -0.000000000000000000, -0.000000000000000000 ) ) ;
#2422 = CARTESIAN_POINT ( 'NONE',  ( 1.420000000000003260, 1.818933982822017681, 1.554999999999999494 ) ) ;
#2423 = EDGE_LOOP ( 'NONE', ( #1348, #849, #637, #2173 ) ) ;
#2424 = FACE_OUTER_BOUND ( 'NONE', #2530, .T. ) ;
#2425 = EDGE_CURVE ( 'NONE', #3770, #2327, #2610, .T. ) ;
#2426 = ORIENTED_EDGE ( 'NONE', *, *, #3430, .F. ) ;
#2427 = ORIENTED_EDGE ( 'NONE', *, *, #4679, .T. ) ;
#2428 = EDGE_CURVE ( 'NONE', #5632, #3745, #4015, .T. ) ;
#2429 = CARTESIAN_POINT ( 'NONE',  ( -2.124934807345259635, 0.1731957321000552052, 0.8000000000000000444 ) ) ;
#2430 = EDGE_CURVE ( 'NONE', #4963, #4380, #5024, .T. ) ;
#2431 = CARTESIAN_POINT ( 'NONE',  ( 1.429873937319055877, 1.849999999999999645, 1.479999999999999316 ) ) ;
#2432 = ORIENTED_EDGE ( 'NONE', *, *, #4149, .T. ) ;
#2433 = CARTESIAN_POINT ( 'NONE',  ( -1.295000000000001039, 8.380151512977635164, -1.521506350946109309 ) ) ;
#2434 = ORIENTED_EDGE ( 'NONE', *, *, #4498, .F. ) ;
#2435 = EDGE_CURVE ( 'NONE', #2086, #1379, #861, .T. ) ;
#2436 = CARTESIAN_POINT ( 'NONE',  ( 1.805000000000000382, 1.550000000000000266, 0.7999999999999994893 ) ) ;
#2437 = VECTOR ( 'NONE', #3094, 1000.000000000000000 ) ;
#2438 = ORIENTED_EDGE ( 'NONE', *, *, #1865, .T. ) ;
#2439 = VECTOR ( 'NONE', #4283, 1000.000000000000000 ) ;
#2440 = CIRCLE ( 'NONE', #1798, 1.199999999999999956 ) ;
#2441 = DIRECTION ( 'NONE',  ( 0.7071067811865489050, 0.000000000000000000, 0.7071067811865460184 ) ) ;
#2442 = ADVANCED_FACE ( 'NONE', ( #5377 ), #3581, .F. ) ;
#2443 = CARTESIAN_POINT ( 'NONE',  ( 1.749999999999999778, 0.1499999999999997724, 0.8000000000000000444 ) ) ;
#2444 = ORIENTED_EDGE ( 'NONE', *, *, #4531, .T. ) ;
#2445 = DIRECTION ( 'NONE',  ( 1.000000000000000000, 0.000000000000000000, -0.000000000000000000 ) ) ;
#2446 = AXIS2_PLACEMENT_3D ( 'NONE', #5078, #1523, #2930 ) ;
#2447 = PLANE ( 'NONE',  #2704 ) ;
#2448 = ORIENTED_EDGE ( 'NONE', *, *, #4422, .T. ) ;
#2449 = CARTESIAN_POINT ( 'NONE',  ( 1.749999999999999778, 0.1499999999999997724, 1.350000000000000089 ) ) ;
#2450 = CYLINDRICAL_SURFACE ( 'NONE', #3784, 0.07499999999999998335 ) ;
#2451 = ORIENTED_EDGE ( 'NONE', *, *, #946, .F. ) ;
#2452 = DIRECTION ( 'NONE',  ( 0.000000000000000000, 0.000000000000000000, -1.000000000000000000 ) ) ;
#2453 = EDGE_CURVE ( 'NONE', #5686, #1469, #1312, .T. ) ;
#2454 = ORIENTED_EDGE ( 'NONE', *, *, #3656, .F. ) ;
#2455 = ORIENTED_EDGE ( 'NONE', *, *, #946, .T. ) ;
#2456 = CARTESIAN_POINT ( 'NONE',  ( -1.955000000000000515, 1.549999999999997158, -1.554999999999999716 ) ) ;
#2457 = CARTESIAN_POINT ( 'NONE',  ( -1.955000000000000515, 1.399999999999999689, 1.554999999999999272 ) ) ;
#2458 = UNCERTAINTY_MEASURE_WITH_UNIT (LENGTH_MEASURE( 1.000000000000000082E-05 ), #1425, 'distance_accuracy_value', 'NONE');
#2459 = DIRECTION ( 'NONE',  ( 1.000000000000000000, 0.000000000000000000, -0.000000000000000000 ) ) ;
#2460 = EDGE_LOOP ( 'NONE', ( #3940, #303, #4126, #192 ) ) ;
#2461 = DIRECTION ( 'NONE',  ( -1.000000000000000000, 0.000000000000000000, 0.000000000000000000 ) ) ;
#2462 = ORIENTED_EDGE ( 'NONE', *, *, #913, .F. ) ;
#2463 = EDGE_CURVE ( 'NONE', #4844, #490, #2700, .T. ) ;
#2464 = CARTESIAN_POINT ( 'NONE',  ( 1.805000000000000382, 1.550000000000000266, 0.7999999999999993783 ) ) ;
#2465 = EDGE_CURVE ( 'NONE', #1133, #2241, #4483, .T. ) ;
#2466 = CARTESIAN_POINT ( 'NONE',  ( 2.100000000000000089, 8.380151512977635164, 1.525000000000000133 ) ) ;
#2467 = ORIENTED_EDGE ( 'NONE', *, *, #365, .T. ) ;
#2468 = CIRCLE ( 'NONE', #1445, 0.02499999999999984873 ) ;
#2469 = CARTESIAN_POINT ( 'NONE',  ( -0.3999999999999998557, 2.500000000000000444, -0.9000000000000001332 ) ) ;
#2470 = FACE_OUTER_BOUND ( 'NONE', #2544, .T. ) ;
#2471 = EDGE_LOOP ( 'NONE', ( #3176, #2579, #3041, #1015 ) ) ;
#2472 = FACE_OUTER_BOUND ( 'NONE', #2329, .T. ) ;
#2473 = VECTOR ( 'NONE', #4172, 1000.000000000000000 ) ;
#2474 = EDGE_CURVE ( 'NONE', #2093, #3302, #4045, .T. ) ;
#2475 = CARTESIAN_POINT ( 'NONE',  ( 1.749999999999999778, 0.1499999999999997724, 1.600000000000000089 ) ) ;
#2476 = VERTEX_POINT ( 'NONE', #5407 ) ;
#2477 = CYLINDRICAL_SURFACE ( 'NONE', #1869, 0.07499999999999992784 ) ;
#2478 = DIRECTION ( 'NONE',  ( 0.000000000000000000, 0.000000000000000000, -1.000000000000000000 ) ) ;
#2479 = ORIENTED_EDGE ( 'NONE', *, *, #1638, .T. ) ;
#2480 = EDGE_CURVE ( 'NONE', #5720, #2776, #1377, .T. ) ;
#2481 = LINE ( 'NONE', #221, #5159 ) ;
#2482 = VECTOR ( 'NONE', #2890, 1000.000000000000000 ) ;
#2483 = ORIENTED_EDGE ( 'NONE', *, *, #4600, .F. ) ;
#2484 = ORIENTED_EDGE ( 'NONE', *, *, #3467, .F. ) ;
#2485 = DIRECTION ( 'NONE',  ( -0.000000000000000000, -0.000000000000000000, -1.000000000000000000 ) ) ;
#2486 = CARTESIAN_POINT ( 'NONE',  ( -2.299999999999999822, 0.5141743926003324860, 1.350000000000000089 ) ) ;
#2487 = EDGE_CURVE ( 'NONE', #790, #2075, #921, .T. ) ;
#2488 = LINE ( 'NONE', #2553, #4244 ) ;
#2489 = CARTESIAN_POINT ( 'NONE',  ( -2.025000000000000355, 1.399999999999999689, 1.600000000000000089 ) ) ;
#2490 = CARTESIAN_POINT ( 'NONE',  ( 2.055000000000000604, 1.550000000000000266, -0.9249999999999999334 ) ) ;
#2491 = ORIENTED_EDGE ( 'NONE', *, *, #1819, .F. ) ;
#2492 = LINE ( 'NONE', #327, #5507 ) ;
#2493 = EDGE_CURVE ( 'NONE', #4485, #3922, #3043, .T. ) ;
#2494 = ORIENTED_EDGE ( 'NONE', *, *, #1638, .F. ) ;
#2495 = CARTESIAN_POINT ( 'NONE',  ( 1.420000000000001039, 1.399999999999999689, -1.554999999999999494 ) ) ;
#2496 = VECTOR ( 'NONE', #3700, 1000.000000000000000 ) ;
#2497 = DIRECTION ( 'NONE',  ( -1.000000000000000000, 0.000000000000000000, 0.000000000000000000 ) ) ;
#2498 = EDGE_LOOP ( 'NONE', ( #97, #3130, #3626, #4722 ) ) ;
#2499 = FACE_OUTER_BOUND ( 'NONE', #5077, .T. ) ;
#2500 = ADVANCED_FACE ( 'NONE', ( #5463 ), #1429, .T. ) ;
#2501 = EDGE_CURVE ( 'NONE', #2158, #1636, #2341, .T. ) ;
#2502 = DIRECTION ( 'NONE',  ( 1.000000000000000000, 0.000000000000000000, 0.000000000000000000 ) ) ;
#2503 = VECTOR ( 'NONE', #4475, 1000.000000000000000 ) ;
#2504 = DIRECTION ( 'NONE',  ( -0.000000000000000000, -1.000000000000000000, -0.000000000000000000 ) ) ;
#2505 = ORIENTED_EDGE ( 'NONE', *, *, #5773, .T. ) ;
#2506 = DIRECTION ( 'NONE',  ( 1.000000000000000000, 0.000000000000000000, 0.000000000000000000 ) ) ;
#2507 =( BOUNDED_CURVE ( )  B_SPLINE_CURVE ( 3, ( #5755, #798, #4298, #2920 ),
 .UNSPECIFIED., .F., .T. ) 
 B_SPLINE_CURVE_WITH_KNOTS ( ( 4, 4 ),
 ( 0.7853981633974461696, 1.570796326794896558 ),
 .UNSPECIFIED. ) 
 CURVE ( )  GEOMETRIC_REPRESENTATION_ITEM ( )  RATIONAL_B_SPLINE_CURVE ( ( 1.000000000000000000, 0.9492530216741910110, 0.9492530216741910110, 1.000000000000000000 ) ) 
 REPRESENTATION_ITEM ( '' )  );
#2508 = CARTESIAN_POINT ( 'NONE',  ( 1.749999999999999778, -2.291293393300126514E-16, -0.8000000000000000444 ) ) ;
#2509 = VECTOR ( 'NONE', #4808, 1000.000000000000000 ) ;
#2510 = ORIENTED_EDGE ( 'NONE', *, *, #3699, .F. ) ;
#2511 = CARTESIAN_POINT ( 'NONE',  ( -2.100000000000000089, 0.000000000000000000, -1.350000000000000089 ) ) ;
#2512 = DIRECTION ( 'NONE',  ( -1.000000000000000000, -0.000000000000000000, -0.000000000000000000 ) ) ;
#2513 = VERTEX_POINT ( 'NONE', #4985 ) ;
#2514 = DIRECTION ( 'NONE',  ( 0.000000000000000000, 0.000000000000000000, -1.000000000000000000 ) ) ;
#2515 = EDGE_CURVE ( 'NONE', #3680, #4485, #2316, .T. ) ;
#2516 = ORIENTED_EDGE ( 'NONE', *, *, #3083, .F. ) ;
#2517 = ORIENTED_EDGE ( 'NONE', *, *, #1199, .T. ) ;
#2518 = DIRECTION ( 'NONE',  ( -0.2588190451025212946, 0.000000000000000000, -0.9659258262890682012 ) ) ;
#2519 = CARTESIAN_POINT ( 'NONE',  ( -1.805000000000000382, 1.849999999999999645, -0.8000000000000000444 ) ) ;
#2520 = SURFACE_SIDE_STYLE ('',( #4332 ) ) ;
#2521 = ORIENTED_EDGE ( 'NONE', *, *, #5116, .F. ) ;
#2522 = DIRECTION ( 'NONE',  ( -0.000000000000000000, 1.000000000000000000, -0.000000000000000000 ) ) ;
#2523 = LINE ( 'NONE', #5432, #152 ) ;
#2524 = ORIENTED_EDGE ( 'NONE', *, *, #5824, .T. ) ;
#2525 = CARTESIAN_POINT ( 'NONE',  ( 1.980000000000000426, 1.774999999999999689, 0.000000000000000000 ) ) ;
#2526 = VERTEX_POINT ( 'NONE', #4513 ) ;
#2527 = ADVANCED_FACE ( 'NONE', ( #36, #4152, #2801, #478, #2828, #1850 ), #1874, .F. ) ;
#2528 = DIRECTION ( 'NONE',  ( 0.000000000000000000, 0.000000000000000000, 1.000000000000000000 ) ) ;
#2529 = CARTESIAN_POINT ( 'NONE',  ( -2.018779798754807953, 1.842286218423174304, -1.077865067056390735 ) ) ;
#2530 = EDGE_LOOP ( 'NONE', ( #3751, #4862, #4214, #1908 ) ) ;
#2531 = CARTESIAN_POINT ( 'NONE',  ( -1.955000000000000515, 1.849999999999999645, 1.554999999999999272 ) ) ;
#2532 = CLOSED_SHELL ( 'NONE', ( #3806, #1901, #1860, #1426, #5124, #1563, #5838, #4343, #1715, #5002, #5110, #879, #2135, #281, #1632, #2090, #189, #3951, #1355, #3301, #202, #2261, #4054, #4956, #5033, #2363, #4376, #1693, #1794, #1948, #1363, #298, #4780, #5296, #2665, #519, #3720, #2442, #4436, #4801, #2601, #1053, #5724, #817, #1282, #2897, #1007, #1037, #1838, #287, #863, #3732, #4350, #5704, #5312, #719, #3070, #648, #416, #5103, #4509, #612, #3628, #5146, #5613, #4435, #4831, #1706, #573, #2847, #4359, #161, #1843, #2790, #430, #1102, #5575, #235, #5741, #1395, #908, #1909, #76, #51, #773, #755, #3173, #1808, #5349, #3419, #3714, #941, #556, #1322 ) ) ;
#2533 = DIRECTION ( 'NONE',  ( 0.000000000000000000, 1.000000000000000000, 0.000000000000000000 ) ) ;
#2534 = LINE ( 'NONE', #1168, #635 ) ;
#2535 = EDGE_LOOP ( 'NONE', ( #4990, #4943, #4383, #1119, #792, #1471, #4727, #1951 ) ) ;
#2536 = LINE ( 'NONE', #5172, #1692 ) ;
#2537 = FACE_OUTER_BOUND ( 'NONE', #5516, .T. ) ;
#2538 = AXIS2_PLACEMENT_3D ( 'NONE', #3815, #3846, #5617 ) ;
#2539 = ORIENTED_EDGE ( 'NONE', *, *, #5117, .T. ) ;
#2540 = ADVANCED_FACE ( 'NONE', ( #552 ), #3239, .F. ) ;
#2541 = AXIS2_PLACEMENT_3D ( 'NONE', #1108, #3317, #2569 ) ;
#2542 = DIRECTION ( 'NONE',  ( 0.000000000000000000, 0.000000000000000000, 1.000000000000000000 ) ) ;
#2543 = CARTESIAN_POINT ( 'NONE',  ( 1.749999999999999778, 0.000000000000000000, 0.8000000000000000444 ) ) ;
#2544 = EDGE_LOOP ( 'NONE', ( #3803, #3497, #4404, #2462 ) ) ;
#2545 = EDGE_CURVE ( 'NONE', #2697, #5709, #60, .T. ) ;
#2546 = CARTESIAN_POINT ( 'NONE',  ( 0.4000000000000001887, 1.550000000000000266, -7.347880794884125159E-17 ) ) ;
#2547 = VECTOR ( 'NONE', #2359, 1000.000000000000000 ) ;
#2548 = ORIENTED_EDGE ( 'NONE', *, *, #5193, .T. ) ;
#2549 = ORIENTED_EDGE ( 'NONE', *, *, #4729, .F. ) ;
#2550 = CARTESIAN_POINT ( 'NONE',  ( 0.000000000000000000, 1.849999999999999645, 0.000000000000000000 ) ) ;
#2551 = VECTOR ( 'NONE', #5021, 1000.000000000000227 ) ;
#2552 = DIRECTION ( 'NONE',  ( -0.9973922938103979563, -0.07217071599778390745, 0.000000000000000000 ) ) ;
#2553 = CARTESIAN_POINT ( 'NONE',  ( -2.055000000000000604, 1.774999999999999689, -1.030735931288068397 ) ) ;
#2554 = ORIENTED_EDGE ( 'NONE', *, *, #5048, .F. ) ;
#2555 = DIRECTION ( 'NONE',  ( 0.2588190451025212946, 0.000000000000000000, 0.9659258262890682012 ) ) ;
#2556 = ORIENTED_EDGE ( 'NONE', *, *, #4679, .F. ) ;
#2557 = FACE_OUTER_BOUND ( 'NONE', #5074, .T. ) ;
#2558 = EDGE_LOOP ( 'NONE', ( #4412, #3690, #568, #404 ) ) ;
#2559 = CARTESIAN_POINT ( 'NONE',  ( 2.100000000000000089, 0.1749999999999997946, -1.350000000000000089 ) ) ;
#2560 = CARTESIAN_POINT ( 'NONE',  ( -2.274543651416819579, 0.1623701247003876136, -0.8000000000000000444 ) ) ;
#2561 = ORIENTED_EDGE ( 'NONE', *, *, #210, .F. ) ;
#2562 = CARTESIAN_POINT ( 'NONE',  ( 2.055000000000000604, 1.774999999999999689, -0.9249999999999999334 ) ) ;
#2563 = VERTEX_POINT ( 'NONE', #1952 ) ;
#2564 = EDGE_CURVE ( 'NONE', #5079, #1660, #3265, .T. ) ;
#2565 = DIRECTION ( 'NONE',  ( -0.000000000000000000, -1.000000000000000000, -0.000000000000000000 ) ) ;
#2566 = DIRECTION ( 'NONE',  ( -0.9659258262890682012, 0.000000000000000000, -0.2588190451025211836 ) ) ;
#2567 = VECTOR ( 'NONE', #4056, 1000.000000000000000 ) ;
#2568 = ORIENTED_EDGE ( 'NONE', *, *, #3096, .F. ) ;
#2569 = DIRECTION ( 'NONE',  ( 0.000000000000000000, 0.000000000000000000, -1.000000000000000000 ) ) ;
#2570 = VECTOR ( 'NONE', #5276, 1000.000000000000000 ) ;
#2571 = CARTESIAN_POINT ( 'NONE',  ( 1.295000000000001927, 1.399999999999999689, 1.310000000000000497 ) ) ;
#2572 = ORIENTED_EDGE ( 'NONE', *, *, #3955, .T. ) ;
#2573 = EDGE_CURVE ( 'NONE', #1984, #300, #5087, .T. ) ;
#2574 = FACE_OUTER_BOUND ( 'NONE', #295, .T. ) ;
#2575 = CARTESIAN_POINT ( 'NONE',  ( 2.150391155928440323, 0.5250000000000000222, 0.8000000000000000444 ) ) ;
#2576 = ORIENTED_EDGE ( 'NONE', *, *, #15, .T. ) ;
#2577 = DIRECTION ( 'NONE',  ( -1.000000000000000000, 0.000000000000000000, 0.000000000000000000 ) ) ;
#2578 = AXIS2_PLACEMENT_3D ( 'NONE', #2857, #1458, #3240 ) ;
#2579 = ORIENTED_EDGE ( 'NONE', *, *, #3056, .T. ) ;
#2580 = EDGE_CURVE ( 'NONE', #4609, #2973, #3663, .T. ) ;
#2581 = VERTEX_POINT ( 'NONE', #1031 ) ;
#2582 = CARTESIAN_POINT ( 'NONE',  ( -1.420000000000000817, 1.849999999999999645, 1.554999999999999272 ) ) ;
#2583 = ADVANCED_FACE ( 'NONE', ( #5036 ), #5010, .F. ) ;
#2584 = CARTESIAN_POINT ( 'NONE',  ( -2.055000000000000604, 1.399999999999999689, 0.9249999999999992673 ) ) ;
#2585 = CARTESIAN_POINT ( 'NONE',  ( 2.025000000000000355, 0.000000000000000000, -1.600000000000000089 ) ) ;
#2586 = ORIENTED_EDGE ( 'NONE', *, *, #2997, .T. ) ;
#2587 = CARTESIAN_POINT ( 'NONE',  ( 1.980000000000000426, 1.849999999999999645, 0.9249999999999992673 ) ) ;
#2588 = CARTESIAN_POINT ( 'NONE',  ( -1.749999999999999778, 0.1499999999999997724, -0.8000000000000000444 ) ) ;
#2589 = EDGE_LOOP ( 'NONE', ( #3837, #5661, #691, #2371 ) ) ;
#2590 = DIRECTION ( 'NONE',  ( -1.000000000000000000, 0.000000000000000000, 0.000000000000000000 ) ) ;
#2591 = CARTESIAN_POINT ( 'NONE',  ( -1.749999999999999334, 0.000000000000000000, 0.8000000000000000444 ) ) ;
#2592 = ORIENTED_EDGE ( 'NONE', *, *, #3362, .F. ) ;
#2593 = CARTESIAN_POINT ( 'NONE',  ( 2.274543651416819579, 0.1623701247003876413, -1.350000000000000089 ) ) ;
#2594 = EDGE_LOOP ( 'NONE', ( #1848, #3076, #4157, #1415 ) ) ;
#2595 = CARTESIAN_POINT ( 'NONE',  ( 1.520900974233027503, 1.849999999999999645, 1.520900974233024172 ) ) ;
#2596 = PLANE ( 'NONE',  #846 ) ;
#2597 = VERTEX_POINT ( 'NONE', #3190 ) ;
#2598 = DIRECTION ( 'NONE',  ( -0.000000000000000000, -1.000000000000000000, -0.000000000000000000 ) ) ;
#2599 = DIRECTION ( 'NONE',  ( 0.000000000000000000, 0.000000000000000000, -1.000000000000000000 ) ) ;
#2600 = DIRECTION ( 'NONE',  ( -0.000000000000000000, -0.000000000000000000, -1.000000000000000000 ) ) ;
#2601 = ADVANCED_FACE ( 'NONE', ( #527 ), #4541, .F. ) ;
#2602 = CARTESIAN_POINT ( 'NONE',  ( -1.295000000000001039, 8.380151512977635164, -1.310000000000000941 ) ) ;
#2603 = EDGE_CURVE ( 'NONE', #1636, #214, #3297, .T. ) ;
#2604 = CARTESIAN_POINT ( 'NONE',  ( 2.025000000000000355, 1.399999999999999689, 1.525000000000000133 ) ) ;
#2605 = ORIENTED_EDGE ( 'NONE', *, *, #3468, .T. ) ;
#2606 = CARTESIAN_POINT ( 'NONE',  ( -2.100000000000000089, 0.1749999999999997946, 1.350000000000000089 ) ) ;
#2607 = EDGE_LOOP ( 'NONE', ( #5255, #2419, #5279, #3363, #2954, #5679, #2556, #38 ) ) ;
#2608 = ORIENTED_EDGE ( 'NONE', *, *, #900, .F. ) ;
#2609 = CARTESIAN_POINT ( 'NONE',  ( 2.021506350946109976, 8.380151512977635164, 0.7999999999999993783 ) ) ;
#2610 = LINE ( 'NONE', #5813, #2852 ) ;
#2611 = DIRECTION ( 'NONE',  ( -0.2588190451025212946, -0.000000000000000000, 0.9659258262890680902 ) ) ;
#2612 = EDGE_LOOP ( 'NONE', ( #2043, #3216, #318, #3589 ) ) ;
#2613 = DIRECTION ( 'NONE',  ( 0.5000000000000012212, 0.7071067811865465735, -0.5000000000000001110 ) ) ;
#2614 = ORIENTED_EDGE ( 'NONE', *, *, #827, .F. ) ;
#2615 = EDGE_CURVE ( 'NONE', #3847, #5837, #579, .T. ) ;
#2616 = EDGE_CURVE ( 'NONE', #582, #1253, #3739, .T. ) ;
#2617 = VECTOR ( 'NONE', #663, 1000.000000000000000 ) ;
#2618 = DIRECTION ( 'NONE',  ( 1.000000000000000000, 0.000000000000000000, -0.000000000000000000 ) ) ;
#2619 = CARTESIAN_POINT ( 'NONE',  ( 2.150391155928440323, 0.5250000000000000222, 1.350000000000000089 ) ) ;
#2620 = VERTEX_POINT ( 'NONE', #3765 ) ;
#2621 = DIRECTION ( 'NONE',  ( 0.000000000000000000, -0.000000000000000000, 1.000000000000000000 ) ) ;
#2622 = VERTEX_POINT ( 'NONE', #5624 ) ;
#2623 = CARTESIAN_POINT ( 'NONE',  ( -1.295000000000001039, 8.380151512977635164, 1.521506350946108865 ) ) ;
#2624 = FACE_OUTER_BOUND ( 'NONE', #5491, .T. ) ;
#2625 = ORIENTED_EDGE ( 'NONE', *, *, #4469, .F. ) ;
#2626 = CARTESIAN_POINT ( 'NONE',  ( 2.055000000000000604, 1.550000000000000266, 0.9249999999999992673 ) ) ;
#2627 = DIRECTION ( 'NONE',  ( 0.000000000000000000, 1.000000000000000000, 0.000000000000000000 ) ) ;
#2628 = VECTOR ( 'NONE', #5537, 1000.000000000000000 ) ;
#2629 = FACE_OUTER_BOUND ( 'NONE', #1887, .T. ) ;
#2630 = VECTOR ( 'NONE', #4006, 1000.000000000000000 ) ;
#2631 =( BOUNDED_CURVE ( )  B_SPLINE_CURVE ( 3, ( #5084, #1025, #4642, #3660 ),
 .UNSPECIFIED., .F., .T. ) 
 B_SPLINE_CURVE_WITH_KNOTS ( ( 4, 4 ),
 ( 2.186276035465284373, 2.971674198862732652 ),
 .UNSPECIFIED. ) 
 CURVE ( )  GEOMETRIC_REPRESENTATION_ITEM ( )  RATIONAL_B_SPLINE_CURVE ( ( 1.000000000000000000, 0.9492530216741911220, 0.9492530216741911220, 1.000000000000000000 ) ) 
 REPRESENTATION_ITEM ( '' )  );
#2632 = DIRECTION ( 'NONE',  ( -0.000000000000000000, -1.000000000000000000, -0.000000000000000000 ) ) ;
#2633 = LINE ( 'NONE', #4444, #5088 ) ;
#2634 = ORIENTED_EDGE ( 'NONE', *, *, #1899, .F. ) ;
#2635 = DIRECTION ( 'NONE',  ( -1.000000000000000000, 0.000000000000000000, 0.000000000000000000 ) ) ;
#2636 = CARTESIAN_POINT ( 'NONE',  ( -2.055000000000000604, 1.399999999999999689, -0.9249999999999999334 ) ) ;
#2637 = VERTEX_POINT ( 'NONE', #1982 ) ;
#2638 = VERTEX_POINT ( 'NONE', #604 ) ;
#2639 = LINE ( 'NONE', #3956, #1742 ) ;
#2640 = DIRECTION ( 'NONE',  ( -0.000000000000000000, -1.000000000000000000, -0.000000000000000000 ) ) ;
#2641 = ORIENTED_EDGE ( 'NONE', *, *, #5214, .F. ) ;
#2642 = CARTESIAN_POINT ( 'NONE',  ( -1.355533008588993837, 1.774999999999999689, 1.355533008588989397 ) ) ;
#2643 = AXIS2_PLACEMENT_3D ( 'NONE', #4792, #1335, #5801 ) ;
#2644 = DIRECTION ( 'NONE',  ( -1.000000000000000000, 0.000000000000000000, -0.000000000000000000 ) ) ;
#2645 = EDGE_LOOP ( 'NONE', ( #4810, #1115, #3082, #2845 ) ) ;
#2646 = CARTESIAN_POINT ( 'NONE',  ( -1.295000000000001039, 1.399999999999999689, 1.521506350946108865 ) ) ;
#2647 = CYLINDRICAL_SURFACE ( 'NONE', #1350, 0.1999999999999999833 ) ;
#2648 = CARTESIAN_POINT ( 'NONE',  ( 1.295000000000001039, 1.774999999999999689, 1.310000000000000497 ) ) ;
#2649 = ORIENTED_EDGE ( 'NONE', *, *, #3000, .F. ) ;
#2650 = EDGE_CURVE ( 'NONE', #3964, #4329, #4258, .T. ) ;
#2651 = DIRECTION ( 'NONE',  ( -0.7071067811865465735, 0.000000000000000000, -0.7071067811865485719 ) ) ;
#2652 = VERTEX_POINT ( 'NONE', #1594 ) ;
#2653 = ADVANCED_FACE ( 'NONE', ( #5567 ), #5241, .T. ) ;
#2654 = CARTESIAN_POINT ( 'NONE',  ( -2.021506350946109976, 1.774999999999999689, -0.8000000000000000444 ) ) ;
#2655 = CARTESIAN_POINT ( 'NONE',  ( -2.150391155928440323, 0.5250000000000000222, -0.8000000000000000444 ) ) ;
#2656 = ORIENTED_EDGE ( 'NONE', *, *, #2688, .F. ) ;
#2657 = DIRECTION ( 'NONE',  ( 1.000000000000000000, -0.000000000000000000, 0.000000000000000000 ) ) ;
#2658 = DIRECTION ( 'NONE',  ( 0.000000000000000000, 1.000000000000000000, 0.000000000000000000 ) ) ;
#2659 = CYLINDRICAL_SURFACE ( 'NONE', #358, 0.07499999999999992784 ) ;
#2660 = VECTOR ( 'NONE', #1466, 1000.000000000000000 ) ;
#2661 = CARTESIAN_POINT ( 'NONE',  ( 2.021506350946109976, 1.774999999999999689, -0.8000000000000000444 ) ) ;
#2662 = DIRECTION ( 'NONE',  ( -0.000000000000000000, -1.000000000000000000, -0.000000000000000000 ) ) ;
#2663 = DIRECTION ( 'NONE',  ( 0.000000000000000000, 0.000000000000000000, 1.000000000000000000 ) ) ;
#2664 = VECTOR ( 'NONE', #4289, 1000.000000000000000 ) ;
#2665 = ADVANCED_FACE ( 'NONE', ( #4288 ), #631, .F. ) ;
#2666 = DIRECTION ( 'NONE',  ( 1.000000000000000000, 0.000000000000000000, -0.000000000000000000 ) ) ;
#2667 = VECTOR ( 'NONE', #273, 1000.000000000000000 ) ;
#2668 = VERTEX_POINT ( 'NONE', #1625 ) ;
#2669 = ORIENTED_EDGE ( 'NONE', *, *, #956, .F. ) ;
#2670 =( BOUNDED_CURVE ( )  B_SPLINE_CURVE ( 3, ( #4960, #3615, #5410, #5816 ),
 .UNSPECIFIED., .F., .F. ) 
 B_SPLINE_CURVE_WITH_KNOTS ( ( 4, 4 ),
 ( 3.926990816987242283, 4.712388980384688786 ),
 .UNSPECIFIED. ) 
 CURVE ( )  GEOMETRIC_REPRESENTATION_ITEM ( )  RATIONAL_B_SPLINE_CURVE ( ( 1.000000000000000000, 0.9492530216741912330, 0.9492530216741912330, 1.000000000000000000 ) ) 
 REPRESENTATION_ITEM ( '' )  );
#2671 = CARTESIAN_POINT ( 'NONE',  ( 1.420000000000000817, 1.399999999999999689, -1.554999999999999716 ) ) ;
#2672 = LINE ( 'NONE', #5317, #1259 ) ;
#2673 = ORIENTED_EDGE ( 'NONE', *, *, #913, .T. ) ;
#2674 = DIRECTION ( 'NONE',  ( 1.000000000000000000, -0.000000000000000000, 0.000000000000000000 ) ) ;
#2675 = CARTESIAN_POINT ( 'NONE',  ( -1.542867965644037165, 1.849999999999999645, 1.542867965644033834 ) ) ;
#2676 = PLANE ( 'NONE',  #3571 ) ;
#2677 = VERTEX_POINT ( 'NONE', #5118 ) ;
#2678 = CARTESIAN_POINT ( 'NONE',  ( 2.100000000000000089, 0.1749999999999997946, -1.350000000000000089 ) ) ;
#2679 = DIRECTION ( 'NONE',  ( -0.07217071599778383806, -0.9973922938103979563, -0.000000000000000000 ) ) ;
#2680 = LINE ( 'NONE', #4462, #3580 ) ;
#2681 = ORIENTED_EDGE ( 'NONE', *, *, #5427, .T. ) ;
#2682 = DIRECTION ( 'NONE',  ( 1.000000000000000000, 0.000000000000000000, 0.000000000000000000 ) ) ;
#2683 = VECTOR ( 'NONE', #259, 1000.000000000000000 ) ;
#2684 = VERTEX_POINT ( 'NONE', #1144 ) ;
#2685 = CARTESIAN_POINT ( 'NONE',  ( 2.100000000000000089, 0.1749999999999997946, 0.8000000000000000444 ) ) ;
#2686 = CARTESIAN_POINT ( 'NONE',  ( 2.150391155928440323, 0.5250000000000000222, -0.8000000000000000444 ) ) ;
#2687 = ORIENTED_EDGE ( 'NONE', *, *, #3096, .T. ) ;
#2688 = EDGE_CURVE ( 'NONE', #2996, #583, #4323, .T. ) ;
#2689 = DIRECTION ( 'NONE',  ( -0.7071067811865467956, -0.000000000000000000, 0.7071067811865483499 ) ) ;
#2690 = DIRECTION ( 'NONE',  ( -0.8164965809277245912, 0.5773502691896276184, 0.000000000000000000 ) ) ;
#2691 = VECTOR ( 'NONE', #4441, 1000.000000000000000 ) ;
#2692 = CARTESIAN_POINT ( 'NONE',  ( 1.295000000000001039, 1.774999999999999689, -1.310000000000000941 ) ) ;
#2693 = CARTESIAN_POINT ( 'NONE',  ( -1.370000000000000995, 1.849999999999999645, -1.521506350946109309 ) ) ;
#2694 = CARTESIAN_POINT ( 'NONE',  ( -2.100000000000000089, 8.380151512977635164, -1.525000000000000133 ) ) ;
#2695 = SURFACE_STYLE_USAGE ( .BOTH. , #5780 ) ;
#2696 = VECTOR ( 'NONE', #3177, 1000.000000000000000 ) ;
#2697 = VERTEX_POINT ( 'NONE', #249 ) ;
#2698 =( NAMED_UNIT ( * ) SI_UNIT ( $, .STERADIAN. ) SOLID_ANGLE_UNIT ( ) );
#2699 = EDGE_CURVE ( 'NONE', #2937, #1786, #156, .T. ) ;
#2700 = LINE ( 'NONE', #4450, #4125 ) ;
#2701 = DIRECTION ( 'NONE',  ( 0.7071067811865467956, -0.000000000000000000, 0.7071067811865483499 ) ) ;
#2702 = ORIENTED_EDGE ( 'NONE', *, *, #2722, .F. ) ;
#2703 = DIRECTION ( 'NONE',  ( -0.000000000000000000, -0.000000000000000000, 1.000000000000000000 ) ) ;
#2704 = AXIS2_PLACEMENT_3D ( 'NONE', #4255, #125, #216 ) ;
#2705 = CARTESIAN_POINT ( 'NONE',  ( 1.749999999999999778, -2.143131898507868051E-16, -1.600000000000000089 ) ) ;
#2706 = LINE ( 'NONE', #3139, #462 ) ;
#2707 = ORIENTED_EDGE ( 'NONE', *, *, #4282, .T. ) ;
#2708 = DIRECTION ( 'NONE',  ( -1.000000000000000000, 0.000000000000000000, 0.000000000000000000 ) ) ;
#2709 = DIRECTION ( 'NONE',  ( -0.000000000000000000, 0.000000000000000000, -1.000000000000000000 ) ) ;
#2710 = CARTESIAN_POINT ( 'NONE',  ( -1.805000000000000382, 1.399999999999999689, -0.8000000000000000444 ) ) ;
#2711 = VERTEX_POINT ( 'NONE', #1536 ) ;
#2712 = EDGE_CURVE ( 'NONE', #5047, #4689, #4764, .T. ) ;
#2713 = CARTESIAN_POINT ( 'NONE',  ( 0.3999999999999998557, 9.120215047547656440, -1.100000000000000533 ) ) ;
#2714 = ORIENTED_EDGE ( 'NONE', *, *, #3259, .F. ) ;
#2715 = LINE ( 'NONE', #1895, #2547 ) ;
#2716 = ORIENTED_EDGE ( 'NONE', *, *, #4947, .T. ) ;
#2717 = EDGE_CURVE ( 'NONE', #1877, #2189, #1083, .T. ) ;
#2718 = CARTESIAN_POINT ( 'NONE',  ( -1.613646665416829551, 1.774999999999999689, 0.4323753208676145432 ) ) ;
#2719 = CARTESIAN_POINT ( 'NONE',  ( 1.561801948466052581, 1.849999999999999645, 1.479999999999999316 ) ) ;
#2720 = FACE_OUTER_BOUND ( 'NONE', #3979, .T. ) ;
#2721 = CARTESIAN_POINT ( 'NONE',  ( -1.420000000000000817, 1.550000000000000266, -1.554999999999999716 ) ) ;
#2722 = EDGE_CURVE ( 'NONE', #5047, #5122, #282, .T. ) ;
#2723 = EDGE_LOOP ( 'NONE', ( #2222, #2949, #2066, #4047, #143, #2117, #5508, #3866 ) ) ;
#2724 = APPLICATION_PROTOCOL_DEFINITION ( 'draft international standard', 'automotive_design', 1998, #866 ) ;
#2725 = EDGE_CURVE ( 'NONE', #1441, #3354, #5595, .T. ) ;
#2726 = CARTESIAN_POINT ( 'NONE',  ( -2.100000000000000089, 0.1749999999999997946, 1.350000000000000089 ) ) ;
#2727 = FACE_OUTER_BOUND ( 'NONE', #3326, .T. ) ;
#2728 = ORIENTED_EDGE ( 'NONE', *, *, #4933, .T. ) ;
#2729 = DIRECTION ( 'NONE',  ( 1.000000000000000000, -1.548860246407861364E-16, 0.000000000000000000 ) ) ;
#2730 = PRESENTATION_LAYER_ASSIGNMENT (  '', '', ( #3464 ) ) ;
#2731 = VECTOR ( 'NONE', #2279, 1000.000000000000000 ) ;
#2732 = CARTESIAN_POINT ( 'NONE',  ( -2.021506350946109976, 1.399999999999999689, 0.7999999999999993783 ) ) ;
#2733 = FACE_OUTER_BOUND ( 'NONE', #3345, .T. ) ;
#2734 = VERTEX_POINT ( 'NONE', #4671 ) ;
#2735 = AXIS2_PLACEMENT_3D ( 'NONE', #791, #5808, #3480 ) ;
#2736 = DIRECTION ( 'NONE',  ( 0.000000000000000000, 0.000000000000000000, 1.000000000000000000 ) ) ;
#2737 = CARTESIAN_POINT ( 'NONE',  ( 0.000000000000000000, 2.500000000000000000, -0.9000000000000004663 ) ) ;
#2738 = CARTESIAN_POINT ( 'NONE',  ( -1.295000000000001039, 8.380151512977635164, 1.310000000000000497 ) ) ;
#2739 = VECTOR ( 'NONE', #5611, 1000.000000000000000 ) ;
#2740 = ORIENTED_EDGE ( 'NONE', *, *, #4296, .F. ) ;
#2741 = VECTOR ( 'NONE', #5092, 1000.000000000000000 ) ;
#2742 = CYLINDRICAL_SURFACE ( 'NONE', #3160, 0.1749999999999998224 ) ;
#2743 = ORIENTED_EDGE ( 'NONE', *, *, #3269, .F. ) ;
#2744 = EDGE_CURVE ( 'NONE', #5041, #2239, #2009, .T. ) ;
#2745 = CARTESIAN_POINT ( 'NONE',  ( -2.055000000000000604, 1.549999999999997158, -1.454999999999999627 ) ) ;
#2746 = ORIENTED_EDGE ( 'NONE', *, *, #5224, .F. ) ;
#2747 = DIRECTION ( 'NONE',  ( -1.000000000000000000, 0.000000000000000000, 0.000000000000000000 ) ) ;
#2748 = FACE_OUTER_BOUND ( 'NONE', #4452, .T. ) ;
#2749 = DIRECTION ( 'NONE',  ( 0.7071067811865483499, -0.000000000000000000, 0.7071067811865467956 ) ) ;
#2750 = CARTESIAN_POINT ( 'NONE',  ( 2.100000000000000089, 0.1499999999999999667, 0.8000000000000000444 ) ) ;
#2751 = EDGE_CURVE ( 'NONE', #3770, #2042, #2971, .T. ) ;
#2752 = ORIENTED_EDGE ( 'NONE', *, *, #2699, .F. ) ;
#2753 = DIRECTION ( 'NONE',  ( 1.000000000000000000, 0.000000000000000000, 0.000000000000000000 ) ) ;
#2754 = DIRECTION ( 'NONE',  ( 0.000000000000000000, 1.000000000000000000, 0.000000000000000000 ) ) ;
#2755 = ORIENTED_EDGE ( 'NONE', *, *, #517, .F. ) ;
#2756 = FACE_OUTER_BOUND ( 'NONE', #4131, .T. ) ;
#2757 = AXIS2_PLACEMENT_3D ( 'NONE', #4817, #4787, #5293 ) ;
#2758 = EDGE_CURVE ( 'NONE', #3847, #420, #1564, .T. ) ;
#2759 = LINE ( 'NONE', #4962, #4127 ) ;
#2760 = VECTOR ( 'NONE', #1397, 1000.000000000000000 ) ;
#2761 = EDGE_LOOP ( 'NONE', ( #4770, #1696, #515, #550 ) ) ;
#2762 = EDGE_CURVE ( 'NONE', #496, #1660, #3823, .T. ) ;
#2763 = CARTESIAN_POINT ( 'NONE',  ( 2.055000000000000604, 1.849999999999999645, 1.454999999999999183 ) ) ;
#2764 = CARTESIAN_POINT ( 'NONE',  ( -0.3999999999999998557, 1.399999999999999689, 4.397732528557848481E-16 ) ) ;
#2765 = VECTOR ( 'NONE', #4388, 1000.000000000000000 ) ;
#2766 = LINE ( 'NONE', #3227, #2551 ) ;
#2767 = ORIENTED_EDGE ( 'NONE', *, *, #3389, .T. ) ;
#2768 = CARTESIAN_POINT ( 'NONE',  ( -1.955000000000000515, 1.399999999999999689, -1.554999999999999716 ) ) ;
#2769 = VERTEX_POINT ( 'NONE', #2511 ) ;
#2770 = VECTOR ( 'NONE', #4986, 1000.000000000000114 ) ;
#2771 = CARTESIAN_POINT ( 'NONE',  ( 2.021506350946109976, 8.380151512977635164, -0.8000000000000000444 ) ) ;
#2772 = VERTEX_POINT ( 'NONE', #2911 ) ;
#2773 = CARTESIAN_POINT ( 'NONE',  ( 2.100000000000000089, 0.1749999999999997946, -1.350000000000000089 ) ) ;
#2774 = CARTESIAN_POINT ( 'NONE',  ( 1.805000000000000382, 1.399999999999999689, 0.7999999999999993783 ) ) ;
#2775 = CARTESIAN_POINT ( 'NONE',  ( -2.100000000000000089, 0.1749999999999997946, 0.8000000000000000444 ) ) ;
#2776 = VERTEX_POINT ( 'NONE', #4700 ) ;
#2777 = EDGE_CURVE ( 'NONE', #1309, #5269, #695, .T. ) ;
#2778 = CARTESIAN_POINT ( 'NONE',  ( -2.150391155928440323, 0.5250000000000000222, -0.8000000000000000444 ) ) ;
#2779 = CARTESIAN_POINT ( 'NONE',  ( -2.021506350946109531, 1.818933982822017681, 0.7999999999999994893 ) ) ;
#2780 = ORIENTED_EDGE ( 'NONE', *, *, #4921, .F. ) ;
#2781 = CARTESIAN_POINT ( 'NONE',  ( 1.295000000000001039, 1.849999999999999645, 1.310000000000000497 ) ) ;
#2782 = EDGE_LOOP ( 'NONE', ( #3034, #1001, #2625, #3781 ) ) ;
#2783 = EDGE_LOOP ( 'NONE', ( #2576, #272, #4025, #701, #2989 ) ) ;
#2784 = CARTESIAN_POINT ( 'NONE',  ( -2.055000000000000604, 1.774999999999999689, -0.9250000000000004885 ) ) ;
#2785 = CIRCLE ( 'NONE', #4750, 0.1749999999999998224 ) ;
#2786 = CARTESIAN_POINT ( 'NONE',  ( -2.100000000000000533, 0.1499999999999997169, 0.8000000000000000444 ) ) ;
#2787 = CARTESIAN_POINT ( 'NONE',  ( -2.033033008588991386, 1.828033008588990871, -1.083768939877059134 ) ) ;
#2788 = ORIENTED_EDGE ( 'NONE', *, *, #3467, .T. ) ;
#2789 = CARTESIAN_POINT ( 'NONE',  ( 1.420000000000000817, 1.550000000000000266, -1.554999999999999716 ) ) ;
#2790 = ADVANCED_FACE ( 'NONE', ( #2942 ), #2477, .T. ) ;
#2791 = VERTEX_POINT ( 'NONE', #5806 ) ;
#2792 = ADVANCED_FACE ( 'NONE', ( #2574 ), #4378, .F. ) ;
#2793 = AXIS2_PLACEMENT_3D ( 'NONE', #800, #4838, #1380 ) ;
#2794 = DIRECTION ( 'NONE',  ( 0.9659258262890680902, 0.000000000000000000, 0.2588190451025212946 ) ) ;
#2795 = ORIENTED_EDGE ( 'NONE', *, *, #3684, .T. ) ;
#2796 = VECTOR ( 'NONE', #4201, 1000.000000000000000 ) ;
#2797 = DIRECTION ( 'NONE',  ( -0.000000000000000000, -1.000000000000000000, -0.000000000000000000 ) ) ;
#2798 = FACE_OUTER_BOUND ( 'NONE', #2161, .T. ) ;
#2799 =( NAMED_UNIT ( * ) PLANE_ANGLE_UNIT ( ) SI_UNIT ( $, .RADIAN. ) );
#2800 = ORIENTED_EDGE ( 'NONE', *, *, #5790, .T. ) ;
#2801 = FACE_OUTER_BOUND ( 'NONE', #5795, .T. ) ;
#2802 = DIRECTION ( 'NONE',  ( -0.000000000000000000, -1.000000000000000000, -0.000000000000000000 ) ) ;
#2803 = ORIENTED_EDGE ( 'NONE', *, *, #5234, .F. ) ;
#2804 = DIRECTION ( 'NONE',  ( 1.000000000000000000, -0.000000000000000000, 0.000000000000000000 ) ) ;
#2805 = EDGE_LOOP ( 'NONE', ( #3609, #2767, #5544, #1864 ) ) ;
#2806 = ORIENTED_EDGE ( 'NONE', *, *, #3154, .F. ) ;
#2807 = AXIS2_PLACEMENT_3D ( 'NONE', #5591, #2878, #4728 ) ;
#2808 = VECTOR ( 'NONE', #391, 1000.000000000000000 ) ;
#2809 = DIRECTION ( 'NONE',  ( 0.7071067811865467956, 0.000000000000000000, 0.7071067811865483499 ) ) ;
#2810 =( NAMED_UNIT ( * ) PLANE_ANGLE_UNIT ( ) SI_UNIT ( $, .RADIAN. ) );
#2811 = CARTESIAN_POINT ( 'NONE',  ( -1.439411428382690428, 1.849999999999999645, -1.482555563028319590 ) ) ;
#2812 = DIRECTION ( 'NONE',  ( 0.2588190451025212946, -0.000000000000000000, -0.9659258262890682012 ) ) ;
#2813 = ORIENTED_EDGE ( 'NONE', *, *, #3648, .F. ) ;
#2814 = CARTESIAN_POINT ( 'NONE',  ( -1.420000000000000817, 1.399999999999999689, 1.554999999999999272 ) ) ;
#2815 = AXIS2_PLACEMENT_3D ( 'NONE', #547, #2825, #1478 ) ;
#2816 = EDGE_CURVE ( 'NONE', #3463, #372, #1275, .T. ) ;
#2817 = ORIENTED_EDGE ( 'NONE', *, *, #2202, .F. ) ;
#2818 = VECTOR ( 'NONE', #850, 1000.000000000000000 ) ;
#2819 = VECTOR ( 'NONE', #873, 1000.000000000000000 ) ;
#2820 = CARTESIAN_POINT ( 'NONE',  ( -1.420000000000003260, 1.818933982822017681, -1.555000000000000160 ) ) ;
#2821 = ORIENTED_EDGE ( 'NONE', *, *, #1323, .F. ) ;
#2822 = EDGE_CURVE ( 'NONE', #3448, #3680, #2292, .T. ) ;
#2823 = VECTOR ( 'NONE', #1997, 1000.000000000000000 ) ;
#2824 = CARTESIAN_POINT ( 'NONE',  ( -2.055000000000000604, 1.849999999999999645, 1.454999999999999183 ) ) ;
#2825 = DIRECTION ( 'NONE',  ( -0.7071067811865483499, 0.000000000000000000, 0.7071067811865467956 ) ) ;
#2826 = LINE ( 'NONE', #1560, #906 ) ;
#2827 = ORIENTED_EDGE ( 'NONE', *, *, #3282, .T. ) ;
#2828 = FACE_BOUND ( 'NONE', #4253, .T. ) ;
#2829 = ADVANCED_FACE ( 'NONE', ( #2156 ), #5307, .F. ) ;
#2830 = PLANE ( 'NONE',  #2578 ) ;
#2831 = ORIENTED_EDGE ( 'NONE', *, *, #3347, .T. ) ;
#2832 = DIRECTION ( 'NONE',  ( -0.000000000000000000, 0.000000000000000000, 1.000000000000000000 ) ) ;
#2833 = EDGE_CURVE ( 'NONE', #2677, #3503, #4889, .T. ) ;
#2834 = EDGE_LOOP ( 'NONE', ( #3678, #3953, #609, #2451 ) ) ;
#2835 = ORIENTED_EDGE ( 'NONE', *, *, #3908, .T. ) ;
#2836 = LINE ( 'NONE', #4627, #1927 ) ;
#2837 = FILL_AREA_STYLE ('',( #1911 ) ) ;
#2838 = DIRECTION ( 'NONE',  ( -0.2588190451025212946, 0.000000000000000000, -0.9659258262890682012 ) ) ;
#2839 = CYLINDRICAL_SURFACE ( 'NONE', #1498, 0.07499999999999998335 ) ;
#2840 = ORIENTED_EDGE ( 'NONE', *, *, #2323, .T. ) ;
#2841 = CARTESIAN_POINT ( 'NONE',  ( -0.2742166083042626434, 1.774999999999999689, -1.023390314470719487 ) ) ;
#2842 = ORIENTED_EDGE ( 'NONE', *, *, #4250, .T. ) ;
#2843 = EDGE_CURVE ( 'NONE', #1812, #4329, #3946, .T. ) ;
#2844 = CARTESIAN_POINT ( 'NONE',  ( -2.055000000000000604, 1.550000000000000266, 1.454999999999999183 ) ) ;
#2845 = ORIENTED_EDGE ( 'NONE', *, *, #4149, .F. ) ;
#2846 =( GEOMETRIC_REPRESENTATION_CONTEXT ( 3 ) GLOBAL_UNCERTAINTY_ASSIGNED_CONTEXT ( ( #1467 ) ) GLOBAL_UNIT_ASSIGNED_CONTEXT ( ( #2047, #3390, #4742 ) ) REPRESENTATION_CONTEXT ( 'NONE', 'WORKASPACE' ) );
#2847 = ADVANCED_FACE ( 'NONE', ( #3091 ), #1717, .T. ) ;
#2848 = DIRECTION ( 'NONE',  ( 0.9659258262890680902, 0.000000000000000000, -0.2588190451025212946 ) ) ;
#2849 = EDGE_CURVE ( 'NONE', #1375, #2241, #3917, .T. ) ;
#2850 = FACE_OUTER_BOUND ( 'NONE', #14, .T. ) ;
#2851 = CARTESIAN_POINT ( 'NONE',  ( -2.100000000000000089, 1.399999999999999689, -1.525000000000000133 ) ) ;
#2852 = VECTOR ( 'NONE', #385, 1000.000000000000000 ) ;
#2853 = ORIENTED_EDGE ( 'NONE', *, *, #3508, .T. ) ;
#2854 = EDGE_CURVE ( 'NONE', #4927, #5707, #1241, .T. ) ;
#2855 = EDGE_CURVE ( 'NONE', #315, #1669, #5747, .T. ) ;
#2856 = CARTESIAN_POINT ( 'NONE',  ( 2.124934807345259635, 0.1731957321000552052, 0.8000000000000000444 ) ) ;
#2857 = CARTESIAN_POINT ( 'NONE',  ( 2.055000000000000604, 1.849999999999999645, -1.454999999999999627 ) ) ;
#2858 = EDGE_LOOP ( 'NONE', ( #592, #4262, #3327, #1149 ) ) ;
#2859 = LINE ( 'NONE', #2344, #4640 ) ;
#2860 = ORIENTED_EDGE ( 'NONE', *, *, #1394, .F. ) ;
#2861 = ORIENTED_EDGE ( 'NONE', *, *, #950, .T. ) ;
#2862 = EDGE_CURVE ( 'NONE', #4997, #5473, #4410, .T. ) ;
#2863 = CARTESIAN_POINT ( 'NONE',  ( 1.420000000000000817, 8.380151512977635164, -1.554999999999999716 ) ) ;
#2864 = CARTESIAN_POINT ( 'NONE',  ( -0.3999999999999998557, 2.500000000000000000, 0.9000000000000009104 ) ) ;
#2865 = DIRECTION ( 'NONE',  ( -1.000000000000000000, 0.000000000000000000, 0.000000000000000000 ) ) ;
#2866 = ORIENTED_EDGE ( 'NONE', *, *, #2412, .T. ) ;
#2867 = VECTOR ( 'NONE', #989, 1000.000000000000000 ) ;
#2868 = CARTESIAN_POINT ( 'NONE',  ( 1.295000000000001039, 1.550000000000000266, -1.521506350946109309 ) ) ;
#2869 = VERTEX_POINT ( 'NONE', #4036 ) ;
#2870 = EDGE_CURVE ( 'NONE', #1431, #1995, #3977, .T. ) ;
#2871 = AXIS2_PLACEMENT_3D ( 'NONE', #2675, #5382, #4455 ) ;
#2872 = DIRECTION ( 'NONE',  ( 0.000000000000000000, 0.000000000000000000, 1.000000000000000000 ) ) ;
#2873 = VERTEX_POINT ( 'NONE', #2661 ) ;
#2874 = DIRECTION ( 'NONE',  ( -0.000000000000000000, -0.000000000000000000, 1.000000000000000000 ) ) ;
#2875 = EDGE_CURVE ( 'NONE', #2887, #1829, #2217, .T. ) ;
#2876 = CARTESIAN_POINT ( 'NONE',  ( 2.100000000000000089, 0.1499999999999997724, -0.8000000000000000444 ) ) ;
#2877 = ORIENTED_EDGE ( 'NONE', *, *, #4667, .F. ) ;
#2878 = DIRECTION ( 'NONE',  ( 0.000000000000000000, 1.000000000000000000, 0.000000000000000000 ) ) ;
#2879 = DIRECTION ( 'NONE',  ( 0.7071067811865464625, 0.000000000000000000, -0.7071067811865486830 ) ) ;
#2880 = ORIENTED_EDGE ( 'NONE', *, *, #3339, .F. ) ;
#2881 = VECTOR ( 'NONE', #1176, 1000.000000000000000 ) ;
#2882 = DIRECTION ( 'NONE',  ( 0.000000000000000000, 0.000000000000000000, -1.000000000000000000 ) ) ;
#2883 = DIRECTION ( 'NONE',  ( -0.7071067811865463515, 0.000000000000000000, -0.7071067811865486830 ) ) ;
#2884 = ORIENTED_EDGE ( 'NONE', *, *, #447, .F. ) ;
#2885 = DIRECTION ( 'NONE',  ( 1.000000000000000000, -0.000000000000000000, 0.000000000000000000 ) ) ;
#2886 = EDGE_CURVE ( 'NONE', #4779, #1309, #3541, .T. ) ;
#2887 = VERTEX_POINT ( 'NONE', #5370 ) ;
#2888 = ORIENTED_EDGE ( 'NONE', *, *, #4814, .T. ) ;
#2889 = EDGE_CURVE ( 'NONE', #1359, #4109, #3003, .T. ) ;
#2890 = DIRECTION ( 'NONE',  ( -0.000000000000000000, -0.000000000000000000, -1.000000000000000000 ) ) ;
#2891 = CARTESIAN_POINT ( 'NONE',  ( 2.100000000000000089, 0.1749999999999997946, 1.350000000000000089 ) ) ;
#2892 = LINE ( 'NONE', #5072, #1792 ) ;
#2893 = ORIENTED_EDGE ( 'NONE', *, *, #2615, .T. ) ;
#2894 = FACE_OUTER_BOUND ( 'NONE', #5138, .T. ) ;
#2895 = ORIENTED_EDGE ( 'NONE', *, *, #3548, .T. ) ;
#2896 = CARTESIAN_POINT ( 'NONE',  ( 1.955000000000000515, 1.399999999999999689, -1.554999999999999716 ) ) ;
#2897 = ADVANCED_FACE ( 'NONE', ( #3124 ), #441, .F. ) ;
#2898 = DIRECTION ( 'NONE',  ( -1.000000000000000000, 0.000000000000000000, 0.000000000000000000 ) ) ;
#2899 = ORIENTED_EDGE ( 'NONE', *, *, #2308, .F. ) ;
#2900 = AXIS2_PLACEMENT_3D ( 'NONE', #2212, #3941, #1713 ) ;
#2901 = EDGE_CURVE ( 'NONE', #2909, #284, #313, .T. ) ;
#2902 = VECTOR ( 'NONE', #2885, 1000.000000000000000 ) ;
#2903 = DIRECTION ( 'NONE',  ( 0.000000000000000000, 0.000000000000000000, 1.000000000000000000 ) ) ;
#2904 = CARTESIAN_POINT ( 'NONE',  ( 1.636801948466053203, 1.774999999999999689, -1.554999999999999716 ) ) ;
#2905 = ORIENTED_EDGE ( 'NONE', *, *, #380, .T. ) ;
#2906 = DIRECTION ( 'NONE',  ( 0.5000000000000015543, 0.7071067811865461294, 0.5000000000000004441 ) ) ;
#2907 = AXIS2_PLACEMENT_3D ( 'NONE', #4843, #806, #1327 ) ;
#2908 = DIRECTION ( 'NONE',  ( -1.000000000000000000, 0.000000000000000000, 0.000000000000000000 ) ) ;
#2909 = VERTEX_POINT ( 'NONE', #99 ) ;
#2910 = EDGE_CURVE ( 'NONE', #5352, #1090, #912, .T. ) ;
#2911 = CARTESIAN_POINT ( 'NONE',  ( 2.055000000000000604, 1.549999999999998046, -1.454999999999999627 ) ) ;
#2912 = LINE ( 'NONE', #3854, #4545 ) ;
#2913 = ORIENTED_EDGE ( 'NONE', *, *, #1849, .F. ) ;
#2914 = DIRECTION ( 'NONE',  ( -1.000000000000000000, 0.000000000000000000, 0.000000000000000000 ) ) ;
#2915 = EDGE_CURVE ( 'NONE', #4109, #2948, #2281, .T. ) ;
#2916 = VERTEX_POINT ( 'NONE', #5481 ) ;
#2917 = ORIENTED_EDGE ( 'NONE', *, *, #2580, .F. ) ;
#2918 = CARTESIAN_POINT ( 'NONE',  ( -1.749999999999999778, 0.1499999999999997724, 1.600000000000000089 ) ) ;
#2919 = CARTESIAN_POINT ( 'NONE',  ( 2.100000000000000089, 0.1749999999999997946, 0.8000000000000000444 ) ) ;
#2920 = CARTESIAN_POINT ( 'NONE',  ( -1.561801948466053469, 1.849999999999999645, 1.479999999999999316 ) ) ;
#2921 = CARTESIAN_POINT ( 'NONE',  ( -1.805000000000000382, 8.380151512977635164, -0.8000000000000000444 ) ) ;
#2922 = EDGE_CURVE ( 'NONE', #1469, #2620, #2785, .T. ) ;
#2923 = CARTESIAN_POINT ( 'NONE',  ( 1.805000000000000382, 8.380151512977635164, -0.8000000000000000444 ) ) ;
#2924 = VERTEX_POINT ( 'NONE', #1452 ) ;
#2925 = EDGE_CURVE ( 'NONE', #1486, #1400, #994, .T. ) ;
#2926 = CARTESIAN_POINT ( 'NONE',  ( -1.749999999999999778, 0.1499999999999997724, -0.8000000000000000444 ) ) ;
#2927 = VERTEX_POINT ( 'NONE', #4146 ) ;
#2928 = PLANE ( 'NONE',  #4406 ) ;
#2929 = AXIS2_PLACEMENT_3D ( 'NONE', #2678, #2297, #4934 ) ;
#2930 = DIRECTION ( 'NONE',  ( -1.000000000000000000, 0.000000000000000000, 0.000000000000000000 ) ) ;
#2931 = VERTEX_POINT ( 'NONE', #3210 ) ;
#2932 = CARTESIAN_POINT ( 'NONE',  ( -1.955000000000000515, 1.549999999999998046, 1.554999999999999272 ) ) ;
#2933 = VECTOR ( 'NONE', #715, 1000.000000000000000 ) ;
#2934 = EDGE_CURVE ( 'NONE', #2931, #5627, #2965, .T. ) ;
#2935 = LINE ( 'NONE', #4725, #5767 ) ;
#2936 = CARTESIAN_POINT ( 'NONE',  ( 1.295000000000001039, 8.380151512977635164, 1.521506350946108865 ) ) ;
#2937 = VERTEX_POINT ( 'NONE', #31 ) ;
#2938 = VECTOR ( 'NONE', #5153, 1000.000000000000000 ) ;
#2939 = LINE ( 'NONE', #2124, #2439 ) ;
#2940 = CARTESIAN_POINT ( 'NONE',  ( 2.100000000000000089, 0.1749999999999997946, 0.8000000000000000444 ) ) ;
#2941 = VERTEX_POINT ( 'NONE', #4123 ) ;
#2942 = FACE_OUTER_BOUND ( 'NONE', #2321, .T. ) ;
#2943 = DIRECTION ( 'NONE',  ( 0.000000000000000000, -0.000000000000000000, 1.000000000000000000 ) ) ;
#2944 = ORIENTED_EDGE ( 'NONE', *, *, #5117, .F. ) ;
#2945 = CYLINDRICAL_SURFACE ( 'NONE', #2266, 0.07499999999999998335 ) ;
#2946 = EDGE_CURVE ( 'NONE', #4200, #3503, #572, .T. ) ;
#2947 = VECTOR ( 'NONE', #4971, 1000.000000000000000 ) ;
#2948 = VERTEX_POINT ( 'NONE', #4562 ) ;
#2949 = ORIENTED_EDGE ( 'NONE', *, *, #5674, .F. ) ;
#2950 = LINE ( 'NONE', #2918, #1223 ) ;
#2951 = DIRECTION ( 'NONE',  ( 0.000000000000000000, 0.000000000000000000, -1.000000000000000000 ) ) ;
#2952 = DIRECTION ( 'NONE',  ( -0.7071067811865465735, 0.000000000000000000, 0.7071067811865485719 ) ) ;
#2953 = DIRECTION ( 'NONE',  ( 0.000000000000000000, 0.000000000000000000, -1.000000000000000000 ) ) ;
#2954 = ORIENTED_EDGE ( 'NONE', *, *, #5427, .F. ) ;
#2955 = DIRECTION ( 'NONE',  ( -0.000000000000000000, -1.000000000000000000, -0.000000000000000000 ) ) ;
#2956 = CIRCLE ( 'NONE', #3712, 0.1749999999999998224 ) ;
#2957 = ORIENTED_EDGE ( 'NONE', *, *, #4185, .T. ) ;
#2958 = CARTESIAN_POINT ( 'NONE',  ( 1.858033008588991786, 1.849999999999999645, -0.8530330085889910041 ) ) ;
#2959 = DIRECTION ( 'NONE',  ( 0.2588190451025212946, -0.000000000000000000, -0.9659258262890680902 ) ) ;
#2960 = VERTEX_POINT ( 'NONE', #1022 ) ;
#2961 = ADVANCED_FACE ( 'NONE', ( #3260 ), #4534, .F. ) ;
#2962 = LINE ( 'NONE', #4341, #4914 ) ;
#2963 = EDGE_CURVE ( 'NONE', #5044, #1653, #699, .T. ) ;
#2964 = CARTESIAN_POINT ( 'NONE',  ( 2.025000000000000355, 1.399999999999999689, 1.600000000000000089 ) ) ;
#2965 = CIRCLE ( 'NONE', #3725, 1.100000000000000533 ) ;
#2966 = PLANE ( 'NONE',  #3100 ) ;
#2967 = ORIENTED_EDGE ( 'NONE', *, *, #4756, .T. ) ;
#2968 = CARTESIAN_POINT ( 'NONE',  ( 1.955000000000000515, 1.849999999999999645, -1.554999999999999716 ) ) ;
#2969 = DIRECTION ( 'NONE',  ( -0.7071067811865483499, 0.000000000000000000, -0.7071067811865467956 ) ) ;
#2970 = VERTEX_POINT ( 'NONE', #2719 ) ;
#2971 = LINE ( 'NONE', #2099, #539 ) ;
#2972 = DIRECTION ( 'NONE',  ( 1.000000000000000000, 0.000000000000000000, 0.000000000000000000 ) ) ;
#2973 = VERTEX_POINT ( 'NONE', #3183 ) ;
#2974 = DIRECTION ( 'NONE',  ( -0.2588190451025212946, 0.000000000000000000, -0.9659258262890680902 ) ) ;
#2975 = ORIENTED_EDGE ( 'NONE', *, *, #5736, .T. ) ;
#2976 = VERTEX_POINT ( 'NONE', #4976 ) ;
#2977 = FACE_OUTER_BOUND ( 'NONE', #870, .T. ) ;
#2978 = FACE_OUTER_BOUND ( 'NONE', #2761, .T. ) ;
#2979 = CARTESIAN_POINT ( 'NONE',  ( 2.021506350946109976, 1.774999999999999689, -0.8000000000000003775 ) ) ;
#2980 = ORIENTED_EDGE ( 'NONE', *, *, #5542, .T. ) ;
#2981 = LINE ( 'NONE', #2489, #5135 ) ;
#2982 = LINE ( 'NONE', #150, #5826 ) ;
#2983 = EDGE_CURVE ( 'NONE', #2960, #1220, #3681, .T. ) ;
#2984 = ORIENTED_EDGE ( 'NONE', *, *, #5089, .T. ) ;
#2985 = CARTESIAN_POINT ( 'NONE',  ( 1.370000000000000995, 1.849999999999999645, -1.341066017177983127 ) ) ;
#2986 = EDGE_LOOP ( 'NONE', ( #3135, #5178, #2228, #1111 ) ) ;
#2987 = CARTESIAN_POINT ( 'NONE',  ( -0.3999999999999998557, 2.500000000000002220, -1.100000000000000533 ) ) ;
#2988 = PLANE ( 'NONE',  #4604 ) ;
#2989 = ORIENTED_EDGE ( 'NONE', *, *, #4049, .F. ) ;
#2990 = EDGE_CURVE ( 'NONE', #2366, #70, #4445, .T. ) ;
#2991 = DIRECTION ( 'NONE',  ( -1.000000000000000000, 0.000000000000000000, -0.000000000000000000 ) ) ;
#2992 = VECTOR ( 'NONE', #3848, 1000.000000000000000 ) ;
#2993 = AXIS2_PLACEMENT_3D ( 'NONE', #4442, #470, #2186 ) ;
#2994 = CARTESIAN_POINT ( 'NONE',  ( 1.997668557556425917, 1.849999999999999645, 0.8310660171779813421 ) ) ;
#2995 = CARTESIAN_POINT ( 'NONE',  ( 2.100000000000000089, 0.000000000000000000, 0.8000000000000000444 ) ) ;
#2996 = VERTEX_POINT ( 'NONE', #472 ) ;
#2997 = EDGE_CURVE ( 'NONE', #5627, #4963, #1946, .T. ) ;
#2998 = DIRECTION ( 'NONE',  ( -1.000000000000000000, 0.000000000000000000, 0.000000000000000000 ) ) ;
#2999 = FACE_OUTER_BOUND ( 'NONE', #5356, .T. ) ;
#3000 = EDGE_CURVE ( 'NONE', #3495, #979, #2389, .T. ) ;
#3001 = VECTOR ( 'NONE', #1947, 1000.000000000000227 ) ;
#3002 = VERTEX_POINT ( 'NONE', #1423 ) ;
#3003 = LINE ( 'NONE', #4918, #5509 ) ;
#3004 = PLANE ( 'NONE',  #4630 ) ;
#3005 = ORIENTED_EDGE ( 'NONE', *, *, #5623, .F. ) ;
#3006 = LINE ( 'NONE', #5571, #312 ) ;
#3007 = VECTOR ( 'NONE', #3085, 1000.000000000000000 ) ;
#3008 = COLOUR_RGB ( '',0.7921568627450980005, 0.8196078431372548767, 0.9333333333333333481 ) ;
#3009 = VERTEX_POINT ( 'NONE', #4098 ) ;
#3010 = ORIENTED_EDGE ( 'NONE', *, *, #2615, .F. ) ;
#3011 = FACE_OUTER_BOUND ( 'NONE', #3911, .T. ) ;
#3012 = ADVANCED_FACE ( 'NONE', ( #122 ), #78, .T. ) ;
#3013 = DIRECTION ( 'NONE',  ( 0.000000000000000000, 0.000000000000000000, -1.000000000000000000 ) ) ;
#3014 = ORIENTED_EDGE ( 'NONE', *, *, #2833, .F. ) ;
#3015 = CARTESIAN_POINT ( 'NONE',  ( 0.2742166083042625879, 1.774999999999999689, -1.023390314470719265 ) ) ;
#3016 = CARTESIAN_POINT ( 'NONE',  ( -2.100000000000000533, 0.1499999999999997169, -0.8000000000000000444 ) ) ;
#3017 = ORIENTED_EDGE ( 'NONE', *, *, #4301, .T. ) ;
#3018 = LINE ( 'NONE', #2896, #3579 ) ;
#3019 = DIRECTION ( 'NONE',  ( -1.000000000000000000, 0.000000000000000000, -0.000000000000000000 ) ) ;
#3020 = ORIENTED_EDGE ( 'NONE', *, *, #2751, .T. ) ;
#3021 = LINE ( 'NONE', #209, #1624 ) ;
#3022 = EDGE_LOOP ( 'NONE', ( #4818, #3254, #1853, #669 ) ) ;
#3023 =( NAMED_UNIT ( * ) PLANE_ANGLE_UNIT ( ) SI_UNIT ( $, .RADIAN. ) );
#3024 = CARTESIAN_POINT ( 'NONE',  ( 2.021506350946109976, 1.774999999999999689, 0.7999999999999993783 ) ) ;
#3025 = PRESENTATION_LAYER_ASSIGNMENT (  '', '', ( #5566 ) ) ;
#3026 = ORIENTED_EDGE ( 'NONE', *, *, #4249, .F. ) ;
#3027 = LINE ( 'NONE', #784, #4789 ) ;
#3028 = VECTOR ( 'NONE', #2175, 1000.000000000000000 ) ;
#3029 = DIRECTION ( 'NONE',  ( 1.000000000000000000, -0.000000000000000000, -0.000000000000000000 ) ) ;
#3030 = CARTESIAN_POINT ( 'NONE',  ( 2.024999999999999911, 1.550000000000000266, -1.600000000000000089 ) ) ;
#3031 = EDGE_CURVE ( 'NONE', #5655, #341, #1369, .T. ) ;
#3032 = DIRECTION ( 'NONE',  ( 0.7071067811865464625, 0.000000000000000000, -0.7071067811865486830 ) ) ;
#3033 = DIRECTION ( 'NONE',  ( 0.000000000000000000, 0.000000000000000000, 1.000000000000000000 ) ) ;
#3034 = ORIENTED_EDGE ( 'NONE', *, *, #3287, .T. ) ;
#3035 = VECTOR ( 'NONE', #5560, 1000.000000000000000 ) ;
#3036 = DIRECTION ( 'NONE',  ( 1.000000000000000000, 0.000000000000000000, 0.000000000000000000 ) ) ;
#3037 = EDGE_CURVE ( 'NONE', #2734, #4014, #5030, .T. ) ;
#3038 = EDGE_CURVE ( 'NONE', #1619, #1379, #1135, .T. ) ;
#3039 = VECTOR ( 'NONE', #2640, 1000.000000000000000 ) ;
#3040 = ORIENTED_EDGE ( 'NONE', *, *, #4582, .T. ) ;
#3041 = ORIENTED_EDGE ( 'NONE', *, *, #3498, .T. ) ;
#3042 = CARTESIAN_POINT ( 'NONE',  ( 2.021506350946109976, 1.399999999999999689, -0.8000000000000000444 ) ) ;
#3043 = LINE ( 'NONE', #4074, #2628 ) ;
#3044 = CYLINDRICAL_SURFACE ( 'NONE', #3696, 0.07499999999999998335 ) ;
#3045 = ORIENTED_EDGE ( 'NONE', *, *, #1973, .T. ) ;
#3046 = CARTESIAN_POINT ( 'NONE',  ( 1.749999999999999778, 0.1499999999999997724, -1.600000000000000089 ) ) ;
#3047 = UNCERTAINTY_MEASURE_WITH_UNIT (LENGTH_MEASURE( 1.000000000000000082E-05 ), #5345, 'distance_accuracy_value', 'NONE');
#3048 = LINE ( 'NONE', #1351, #3907 ) ;
#3049 = EDGE_CURVE ( 'NONE', #4844, #4346, #5616, .T. ) ;
#3050 = ORIENTED_EDGE ( 'NONE', *, *, #5190, .T. ) ;
#3051 = DIRECTION ( 'NONE',  ( -0.000000000000000000, -1.000000000000000000, -0.000000000000000000 ) ) ;
#3052 = FACE_OUTER_BOUND ( 'NONE', #1013, .T. ) ;
#3053 = ORIENTED_EDGE ( 'NONE', *, *, #916, .F. ) ;
#3054 = LINE ( 'NONE', #1410, #4239 ) ;
#3055 = ORIENTED_EDGE ( 'NONE', *, *, #1836, .F. ) ;
#3056 = EDGE_CURVE ( 'NONE', #4820, #2668, #1076, .T. ) ;
#3057 = FACE_OUTER_BOUND ( 'NONE', #2594, .T. ) ;
#3058 = FACE_OUTER_BOUND ( 'NONE', #4336, .T. ) ;
#3059 = ORIENTED_EDGE ( 'NONE', *, *, #4561, .T. ) ;
#3060 = LINE ( 'NONE', #3120, #2818 ) ;
#3061 = DIRECTION ( 'NONE',  ( 0.000000000000000000, 0.000000000000000000, 1.000000000000000000 ) ) ;
#3062 = ORIENTED_EDGE ( 'NONE', *, *, #2603, .F. ) ;
#3063 = CARTESIAN_POINT ( 'NONE',  ( -1.370000000000000995, 1.849999999999999645, -1.341066017177983127 ) ) ;
#3064 = DIRECTION ( 'NONE',  ( 0.000000000000000000, 0.000000000000000000, -1.000000000000000000 ) ) ;
#3065 = ORIENTED_EDGE ( 'NONE', *, *, #3768, .F. ) ;
#3066 = ORIENTED_EDGE ( 'NONE', *, *, #486, .F. ) ;
#3067 = ORIENTED_EDGE ( 'NONE', *, *, #3755, .F. ) ;
#3068 = FILL_AREA_STYLE ('',( #3162 ) ) ;
#3069 = DIRECTION ( 'NONE',  ( -0.000000000000000000, -1.000000000000000000, -0.000000000000000000 ) ) ;
#3070 = ADVANCED_FACE ( 'NONE', ( #3813 ), #1502, .T. ) ;
#3071 = DIRECTION ( 'NONE',  ( 1.000000000000000000, 0.000000000000000000, 0.000000000000000000 ) ) ;
#3072 = CARTESIAN_POINT ( 'NONE',  ( -1.817867965644035966, 1.849999999999999645, -0.8310660171779820082 ) ) ;
#3073 = CARTESIAN_POINT ( 'NONE',  ( -0.4000000000000001887, 1.399999999999999689, -1.199999999999999956 ) ) ;
#3074 = EDGE_CURVE ( 'NONE', #3009, #973, #5082, .T. ) ;
#3075 = DIRECTION ( 'NONE',  ( 0.000000000000000000, 1.000000000000000000, 0.000000000000000000 ) ) ;
#3076 = ORIENTED_EDGE ( 'NONE', *, *, #2176, .T. ) ;
#3077 = AXIS2_PLACEMENT_3D ( 'NONE', #1002, #85, #1904 ) ;
#3078 = LINE ( 'NONE', #898, #5479 ) ;
#3079 = CARTESIAN_POINT ( 'NONE',  ( 2.299999999999999822, 0.5141743926003324860, -0.8000000000000000444 ) ) ;
#3080 = ORIENTED_EDGE ( 'NONE', *, *, #1528, .T. ) ;
#3081 = CARTESIAN_POINT ( 'NONE',  ( 2.021506350946109976, 1.849999999999999645, 0.7999999999999993783 ) ) ;
#3082 = ORIENTED_EDGE ( 'NONE', *, *, #1268, .T. ) ;
#3083 = EDGE_CURVE ( 'NONE', #603, #5709, #2935, .T. ) ;
#3084 = SURFACE_SIDE_STYLE ('',( #4001 ) ) ;
#3085 = DIRECTION ( 'NONE',  ( -0.000000000000000000, -1.000000000000000000, -0.000000000000000000 ) ) ;
#3086 = ORIENTED_EDGE ( 'NONE', *, *, #1124, .T. ) ;
#3087 = CARTESIAN_POINT ( 'NONE',  ( 0.3999999999999998557, 2.500000000000000000, -0.9000000000000004663 ) ) ;
#3088 = PLANE ( 'NONE',  #5480 ) ;
#3089 = VECTOR ( 'NONE', #3214, 1000.000000000000000 ) ;
#3090 = DIRECTION ( 'NONE',  ( -0.9659258262890682012, 0.000000000000000000, 0.2588190451025211836 ) ) ;
#3091 = FACE_OUTER_BOUND ( 'NONE', #4702, .T. ) ;
#3092 = DIRECTION ( 'NONE',  ( 0.7071067811865467956, 0.000000000000000000, -0.7071067811865483499 ) ) ;
#3093 = FACE_OUTER_BOUND ( 'NONE', #356, .T. ) ;
#3094 = DIRECTION ( 'NONE',  ( 1.000000000000000000, 0.000000000000000000, 0.000000000000000000 ) ) ;
#3095 = AXIS2_PLACEMENT_3D ( 'NONE', #5225, #3128, #1307 ) ;
#3096 = EDGE_CURVE ( 'NONE', #5627, #268, #3340, .T. ) ;
#3097 = EDGE_LOOP ( 'NONE', ( #2780, #1449, #538, #563 ) ) ;
#3098 = ORIENTED_EDGE ( 'NONE', *, *, #1258, .T. ) ;
#3099 = CIRCLE ( 'NONE', #5731, 0.07499999999999998335 ) ;
#3100 = AXIS2_PLACEMENT_3D ( 'NONE', #1136, #276, #4316 ) ;
#3101 = DIRECTION ( 'NONE',  ( -0.07217071599778383806, -0.9973922938103979563, 0.000000000000000000 ) ) ;
#3102 = CARTESIAN_POINT ( 'NONE',  ( -2.274543651416819579, 0.1623701247003876413, -1.350000000000000089 ) ) ;
#3103 = ORIENTED_EDGE ( 'NONE', *, *, #686, .T. ) ;
#3104 = LINE ( 'NONE', #4899, #5620 ) ;
#3105 = CARTESIAN_POINT ( 'NONE',  ( -1.749999999999999778, -2.291293393300126514E-16, -0.8000000000000000444 ) ) ;
#3106 = VECTOR ( 'NONE', #3528, 1000.000000000000000 ) ;
#3107 = DIRECTION ( 'NONE',  ( 0.000000000000000000, 0.000000000000000000, 1.000000000000000000 ) ) ;
#3108 = ORIENTED_EDGE ( 'NONE', *, *, #5081, .F. ) ;
#3109 = DIRECTION ( 'NONE',  ( 1.000000000000000000, 0.000000000000000000, 0.000000000000000000 ) ) ;
#3110 = EDGE_CURVE ( 'NONE', #611, #387, #5202, .T. ) ;
#3111 = PLANE ( 'NONE',  #569 ) ;
#3112 = EDGE_CURVE ( 'NONE', #224, #382, #1616, .T. ) ;
#3113 = CARTESIAN_POINT ( 'NONE',  ( 2.100000000000000089, 0.1499999999999999667, -1.350000000000000089 ) ) ;
#3114 = ORIENTED_EDGE ( 'NONE', *, *, #5232, .F. ) ;
#3115 = DIRECTION ( 'NONE',  ( 0.000000000000000000, 1.000000000000000000, 0.000000000000000000 ) ) ;
#3116 = ORIENTED_EDGE ( 'NONE', *, *, #1526, .F. ) ;
#3117 = DIRECTION ( 'NONE',  ( -0.000000000000000000, -0.000000000000000000, 1.000000000000000000 ) ) ;
#3118 = DIRECTION ( 'NONE',  ( -0.9973922938103979563, -0.07217071599778504543, 0.000000000000000000 ) ) ;
#3119 = ORIENTED_EDGE ( 'NONE', *, *, #2420, .F. ) ;
#3120 = CARTESIAN_POINT ( 'NONE',  ( 1.749999999999999778, -2.291293393300126514E-16, -0.8000000000000000444 ) ) ;
#3121 = DIRECTION ( 'NONE',  ( 0.7071067811865464625, -0.000000000000000000, -0.7071067811865486830 ) ) ;
#3122 = EDGE_CURVE ( 'NONE', #657, #4241, #1104, .T. ) ;
#3123 = MECHANICAL_DESIGN_GEOMETRIC_PRESENTATION_REPRESENTATION (  '', ( #1618 ), #1525 ) ;
#3124 = FACE_OUTER_BOUND ( 'NONE', #3565, .T. ) ;
#3125 = CYLINDRICAL_SURFACE ( 'NONE', #1140, 0.07499999999999992784 ) ;
#3126 = CARTESIAN_POINT ( 'NONE',  ( 2.055000000000000604, 1.774999999999999689, 0.9249999999999992673 ) ) ;
#3127 = AXIS2_PLACEMENT_3D ( 'NONE', #1830, #4022, #4393 ) ;
#3128 = DIRECTION ( 'NONE',  ( 0.000000000000000000, 0.000000000000000000, 1.000000000000000000 ) ) ;
#3129 = VECTOR ( 'NONE', #5771, 1000.000000000000000 ) ;
#3130 = ORIENTED_EDGE ( 'NONE', *, *, #2028, .T. ) ;
#3131 = FACE_OUTER_BOUND ( 'NONE', #1607, .T. ) ;
#3132 = CARTESIAN_POINT ( 'NONE',  ( 2.055000000000000604, 1.774999999999999689, 0.9249999999999992673 ) ) ;
#3133 = EDGE_CURVE ( 'NONE', #485, #4894, #5331, .T. ) ;
#3134 = CARTESIAN_POINT ( 'NONE',  ( -2.025000000000000355, -0.000000000000000000, -1.600000000000000089 ) ) ;
#3135 = ORIENTED_EDGE ( 'NONE', *, *, #1280, .F. ) ;
#3136 = CARTESIAN_POINT ( 'NONE',  ( 1.963956826847687687, 1.849999999999999645, -0.8750000000000000000 ) ) ;
#3137 = VECTOR ( 'NONE', #1537, 1000.000000000000000 ) ;
#3138 = DIRECTION ( 'NONE',  ( -0.000000000000000000, -0.000000000000000000, -1.000000000000000000 ) ) ;
#3139 = CARTESIAN_POINT ( 'NONE',  ( 1.982555563028320034, 1.849999999999999645, -0.9444114283826896550 ) ) ;
#3140 = EDGE_LOOP ( 'NONE', ( #2223, #830, #5240, #3278 ) ) ;
#3141 = FACE_OUTER_BOUND ( 'NONE', #968, .T. ) ;
#3142 = DIRECTION ( 'NONE',  ( 1.000000000000000000, 0.000000000000000000, 0.000000000000000000 ) ) ;
#3143 = ADVANCED_FACE ( 'NONE', ( #4279 ), #3401, .F. ) ;
#3144 = CARTESIAN_POINT ( 'NONE',  ( -2.299999999999999822, 0.5141743926003324860, -0.8000000000000000444 ) ) ;
#3145 = ORIENTED_EDGE ( 'NONE', *, *, #2234, .F. ) ;
#3146 = CARTESIAN_POINT ( 'NONE',  ( 1.348033008588991999, 1.849999999999999645, 1.363033008588991013 ) ) ;
#3147 = VECTOR ( 'NONE', #111, 1000.000000000000000 ) ;
#3148 = EDGE_LOOP ( 'NONE', ( #890, #5181, #5192, #193, #3086, #2673, #1771, #1541 ) ) ;
#3149 = VECTOR ( 'NONE', #4188, 1000.000000000000000 ) ;
#3150 =( LENGTH_UNIT ( ) NAMED_UNIT ( * ) SI_UNIT ( .MILLI., .METRE. ) );
#3151 = EDGE_CURVE ( 'NONE', #5627, #2976, #1447, .T. ) ;
#3152 = CARTESIAN_POINT ( 'NONE',  ( -1.429873937319055210, 1.849999999999999645, 1.479999999999999316 ) ) ;
#3153 = ORIENTED_EDGE ( 'NONE', *, *, #2725, .T. ) ;
#3154 = EDGE_CURVE ( 'NONE', #4565, #5655, #4196, .T. ) ;
#3155 = CARTESIAN_POINT ( 'NONE',  ( 1.538823954192048094, 1.844280904158205114, 1.554999999999999272 ) ) ;
#3156 = DIRECTION ( 'NONE',  ( -0.000000000000000000, -0.000000000000000000, -1.000000000000000000 ) ) ;
#3157 = PLANE ( 'NONE',  #1527 ) ;
#3158 = PLANE ( 'NONE',  #1694 ) ;
#3159 = DIRECTION ( 'NONE',  ( 0.000000000000000000, 0.000000000000000000, 1.000000000000000000 ) ) ;
#3160 = AXIS2_PLACEMENT_3D ( 'NONE', #1739, #1863, #2682 ) ;
#3161 = EDGE_LOOP ( 'NONE', ( #375, #1412, #288, #3456, #4607 ) ) ;
#3162 = FILL_AREA_STYLE_COLOUR ( '', #3008 ) ;
#3163 = VECTOR ( 'NONE', #679, 1000.000000000000000 ) ;
#3164 = CARTESIAN_POINT ( 'NONE',  ( 2.055000000000000604, 1.399999999999999689, 0.9249999999999992673 ) ) ;
#3165 = DIRECTION ( 'NONE',  ( 0.07217071599778383806, -0.9973922938103979563, -0.000000000000000000 ) ) ;
#3166 = ORIENTED_EDGE ( 'NONE', *, *, #4646, .F. ) ;
#3167 = CARTESIAN_POINT ( 'NONE',  ( -1.370000000000000995, 1.849999999999999645, 1.341066017177982239 ) ) ;
#3168 = LINE ( 'NONE', #925, #1181 ) ;
#3169 = FACE_OUTER_BOUND ( 'NONE', #3286, .T. ) ;
#3170 = ORIENTED_EDGE ( 'NONE', *, *, #2339, .F. ) ;
#3171 = DIRECTION ( 'NONE',  ( -0.9659258262890680902, -0.000000000000000000, 0.2588190451025212946 ) ) ;
#3172 = DIRECTION ( 'NONE',  ( 0.000000000000000000, -1.000000000000000000, -0.000000000000000000 ) ) ;
#3173 = ADVANCED_FACE ( 'NONE', ( #4664 ), #4315, .T. ) ;
#3174 = STYLED_ITEM ( 'NONE', ( #1093 ), #3288 ) ;
#3175 = CARTESIAN_POINT ( 'NONE',  ( -1.805000000000000382, 1.849999999999999645, 0.7999999999999993783 ) ) ;
#3176 = ORIENTED_EDGE ( 'NONE', *, *, #4946, .F. ) ;
#3177 = DIRECTION ( 'NONE',  ( -0.000000000000000000, -0.000000000000000000, 1.000000000000000000 ) ) ;
#3178 = ORIENTED_EDGE ( 'NONE', *, *, #2113, .T. ) ;
#3179 = DIRECTION ( 'NONE',  ( 0.000000000000000000, 0.000000000000000000, -1.000000000000000000 ) ) ;
#3180 = ADVANCED_FACE ( 'NONE', ( #5168 ), #2003, .F. ) ;
#3181 = CARTESIAN_POINT ( 'NONE',  ( 1.749999999999999778, -2.291293393300126514E-16, -1.350000000000000089 ) ) ;
#3182 = ORIENTED_EDGE ( 'NONE', *, *, #3627, .F. ) ;
#3183 = CARTESIAN_POINT ( 'NONE',  ( 2.100000000000000089, 1.399999999999999689, 1.525000000000000133 ) ) ;
#3184 = EDGE_CURVE ( 'NONE', #1943, #1431, #5650, .T. ) ;
#3185 = DIRECTION ( 'NONE',  ( 1.000000000000000000, 0.000000000000000000, -0.000000000000000000 ) ) ;
#3186 = PLANE ( 'NONE',  #4785 ) ;
#3187 = EDGE_CURVE ( 'NONE', #1059, #582, #4758, .T. ) ;
#3188 = DIRECTION ( 'NONE',  ( 0.07217071599778383806, -0.9973922938103979563, -0.000000000000000000 ) ) ;
#3189 = VERTEX_POINT ( 'NONE', #2121 ) ;
#3190 = CARTESIAN_POINT ( 'NONE',  ( 1.295000000000001039, 1.550000000000000266, 1.521506350946108865 ) ) ;
#3191 = FACE_OUTER_BOUND ( 'NONE', #2834, .T. ) ;
#3192 = ORIENTED_EDGE ( 'NONE', *, *, #2056, .T. ) ;
#3193 = PLANE ( 'NONE',  #5547 ) ;
#3194 = MECHANICAL_DESIGN_GEOMETRIC_PRESENTATION_REPRESENTATION (  '', ( #4781 ), #2355 ) ;
#3195 = VECTOR ( 'NONE', #406, 1000.000000000000227 ) ;
#3196 = CARTESIAN_POINT ( 'NONE',  ( -1.295000000000001039, 1.774999999999999689, -1.310000000000000941 ) ) ;
#3197 = ORIENTED_EDGE ( 'NONE', *, *, #1496, .T. ) ;
#3198 = VECTOR ( 'NONE', #2061, 999.9999999999998863 ) ;
#3199 = DIRECTION ( 'NONE',  ( 0.7071067811865465735, 0.000000000000000000, -0.7071067811865485719 ) ) ;
#3200 = DIRECTION ( 'NONE',  ( 0.000000000000000000, -0.000000000000000000, -1.000000000000000000 ) ) ;
#3201 = DIRECTION ( 'NONE',  ( -0.000000000000000000, -1.000000000000000000, -0.000000000000000000 ) ) ;
#3202 = VECTOR ( 'NONE', #2959, 1000.000000000000000 ) ;
#3203 = ORIENTED_EDGE ( 'NONE', *, *, #1676, .T. ) ;
#3204 = CARTESIAN_POINT ( 'NONE',  ( -1.980000000000000426, 1.849999999999999645, 0.9348739373190552149 ) ) ;
#3205 = EDGE_LOOP ( 'NONE', ( #4495, #5066, #4333, #5396 ) ) ;
#3206 = EDGE_CURVE ( 'NONE', #1164, #1359, #4468, .T. ) ;
#3207 = CARTESIAN_POINT ( 'NONE',  ( -1.805000000000000382, 8.380151512977635164, -0.8000000000000000444 ) ) ;
#3208 = ORIENTED_EDGE ( 'NONE', *, *, #2762, .T. ) ;
#3209 = EDGE_CURVE ( 'NONE', #5000, #1669, #1743, .T. ) ;
#3210 = CARTESIAN_POINT ( 'NONE',  ( -0.3999999999999998557, 2.500000000000002220, 1.100000000000000533 ) ) ;
#3211 = DIRECTION ( 'NONE',  ( 0.7071067811865463515, 0.000000000000000000, 0.7071067811865487940 ) ) ;
#3212 = SURFACE_STYLE_USAGE ( .BOTH. , #1531 ) ;
#3213 = ORIENTED_EDGE ( 'NONE', *, *, #1988, .F. ) ;
#3214 = DIRECTION ( 'NONE',  ( -0.000000000000000000, -1.000000000000000000, -0.000000000000000000 ) ) ;
#3215 = CARTESIAN_POINT ( 'NONE',  ( -1.583768939877061133, 1.828033008588990871, -1.533033008588990720 ) ) ;
#3216 = ORIENTED_EDGE ( 'NONE', *, *, #3611, .T. ) ;
#3217 = FACE_OUTER_BOUND ( 'NONE', #1095, .T. ) ;
#3218 = EDGE_CURVE ( 'NONE', #903, #5347, #4847, .T. ) ;
#3219 = ADVANCED_FACE ( 'NONE', ( #1234 ), #3970, .T. ) ;
#3220 = ORIENTED_EDGE ( 'NONE', *, *, #4788, .F. ) ;
#3221 = EDGE_LOOP ( 'NONE', ( #949, #1257, #1078, #4763 ) ) ;
#3222 = VECTOR ( 'NONE', #2848, 1000.000000000000000 ) ;
#3223 = DIRECTION ( 'NONE',  ( -0.7071067811865467956, 0.000000000000000000, -0.7071067811865483499 ) ) ;
#3224 = CARTESIAN_POINT ( 'NONE',  ( 1.326066017177983225, 1.850000000000000089, -1.322867965644036303 ) ) ;
#3225 =( BOUNDED_CURVE ( )  B_SPLINE_CURVE ( 3, ( #3879, #720, #1620, #752 ),
 .UNSPECIFIED., .F., .F. ) 
 B_SPLINE_CURVE_WITH_KNOTS ( ( 4, 4 ),
 ( 1.570796326794897890, 3.141592653589793116 ),
 .UNSPECIFIED. ) 
 CURVE ( )  GEOMETRIC_REPRESENTATION_ITEM ( )  RATIONAL_B_SPLINE_CURVE ( ( 1.000000000000000000, 0.8047378541243652705, 0.8047378541243652705, 1.000000000000000000 ) ) 
 REPRESENTATION_ITEM ( '' )  );
#3226 = VECTOR ( 'NONE', #3356, 1000.000000000000000 ) ;
#3227 = CARTESIAN_POINT ( 'NONE',  ( 2.055000000000000604, 1.608578643762690108, -1.372157287525378688 ) ) ;
#3228 = EDGE_LOOP ( 'NONE', ( #1206, #5502, #2233, #3754 ) ) ;
#3229 = DIRECTION ( 'NONE',  ( -0.000000000000000000, -1.000000000000000000, -0.000000000000000000 ) ) ;
#3230 = EDGE_LOOP ( 'NONE', ( #4849, #845, #2840, #87, #200, #5208, #1289, #1609 ) ) ;
#3231 = CYLINDRICAL_SURFACE ( 'NONE', #4892, 0.07499999999999998335 ) ;
#3232 = VECTOR ( 'NONE', #1634, 1000.000000000000000 ) ;
#3233 = ORIENTED_EDGE ( 'NONE', *, *, #5615, .T. ) ;
#3234 = EDGE_CURVE ( 'NONE', #4927, #2239, #5332, .T. ) ;
#3235 = DIRECTION ( 'NONE',  ( -0.000000000000000000, -0.000000000000000000, -1.000000000000000000 ) ) ;
#3236 = CARTESIAN_POINT ( 'NONE',  ( 2.299999999999999822, 0.5141743926003324860, -1.350000000000000089 ) ) ;
#3237 = DIRECTION ( 'NONE',  ( -0.000000000000000000, -0.000000000000000000, 1.000000000000000000 ) ) ;
#3238 = EDGE_LOOP ( 'NONE', ( #4178, #4870, #162, #2806 ) ) ;
#3239 = PLANE ( 'NONE',  #4860 ) ;
#3240 = DIRECTION ( 'NONE',  ( 0.7071067811865467956, 0.000000000000000000, 0.7071067811865483499 ) ) ;
#3241 = CIRCLE ( 'NONE', #1173, 0.07499999999999998335 ) ;
#3242 = ORIENTED_EDGE ( 'NONE', *, *, #1184, .T. ) ;
#3243 = CARTESIAN_POINT ( 'NONE',  ( 2.055000000000000604, 8.380151512977635164, -1.454999999999999627 ) ) ;
#3244 = ORIENTED_EDGE ( 'NONE', *, *, #3936, .T. ) ;
#3245 = ORIENTED_EDGE ( 'NONE', *, *, #2430, .T. ) ;
#3246 = CARTESIAN_POINT ( 'NONE',  ( -2.100000000000000533, 0.000000000000000000, 0.8000000000000000444 ) ) ;
#3247 = VECTOR ( 'NONE', #5716, 1000.000000000000000 ) ;
#3248 = CARTESIAN_POINT ( 'NONE',  ( 1.955000000000000515, 1.849999999999999645, 1.554999999999999272 ) ) ;
#3249 = EDGE_CURVE ( 'NONE', #2563, #3922, #4295, .T. ) ;
#3250 = VECTOR ( 'NONE', #3138, 1000.000000000000000 ) ;
#3251 = PLANE ( 'NONE',  #745 ) ;
#3252 = EDGE_LOOP ( 'NONE', ( #1751, #4500, #5251, #5525 ) ) ;
#3253 = CYLINDRICAL_SURFACE ( 'NONE', #4739, 0.07499999999999992784 ) ;
#3254 = ORIENTED_EDGE ( 'NONE', *, *, #2235, .T. ) ;
#3255 = CARTESIAN_POINT ( 'NONE',  ( -1.420000000000003038, 1.818933982822017681, 1.554999999999999716 ) ) ;
#3256 = EDGE_LOOP ( 'NONE', ( #5067, #3303, #2505, #4804 ) ) ;
#3257 = MANIFOLD_SOLID_BREP ( 'Boss-Extrude5', #2532 ) ;
#3258 = EDGE_CURVE ( 'NONE', #2637, #790, #1709, .T. ) ;
#3259 = EDGE_CURVE ( 'NONE', #5300, #2937, #3916, .T. ) ;
#3260 = FACE_OUTER_BOUND ( 'NONE', #4158, .T. ) ;
#3261 = FACE_BOUND ( 'NONE', #3379, .T. ) ;
#3262 = CARTESIAN_POINT ( 'NONE',  ( 2.055000000000001048, 1.818933982822017681, -0.9250000000000039302 ) ) ;
#3263 = LINE ( 'NONE', #5114, #4478 ) ;
#3264 = ORIENTED_EDGE ( 'NONE', *, *, #4639, .F. ) ;
#3265 = LINE ( 'NONE', #2286, #3653 ) ;
#3266 = CYLINDRICAL_SURFACE ( 'NONE', #3878, 0.07499999999999998335 ) ;
#3267 = ORIENTED_EDGE ( 'NONE', *, *, #5201, .F. ) ;
#3268 = CARTESIAN_POINT ( 'NONE',  ( -2.033033008588991386, 1.828033008588990649, 1.083768939877060689 ) ) ;
#3269 = EDGE_CURVE ( 'NONE', #2970, #117, #1296, .T. ) ;
#3270 = EDGE_LOOP ( 'NONE', ( #4299, #5034, #1549, #5441 ) ) ;
#3271 = ORIENTED_EDGE ( 'NONE', *, *, #2166, .F. ) ;
#3272 = AXIS2_PLACEMENT_3D ( 'NONE', #215, #2445, #2063 ) ;
#3273 = CIRCLE ( 'NONE', #2993, 0.9000000000000004663 ) ;
#3274 = CARTESIAN_POINT ( 'NONE',  ( 1.749999999999999778, 0.1499999999999997724, 1.350000000000000089 ) ) ;
#3275 = SURFACE_STYLE_FILL_AREA ( #2837 ) ;
#3276 = LINE ( 'NONE', #2243, #2947 ) ;
#3277 = CARTESIAN_POINT ( 'NONE',  ( -2.055000000000000604, 1.550000000000000266, -0.9249999999999999334 ) ) ;
#3278 = ORIENTED_EDGE ( 'NONE', *, *, #4856, .F. ) ;
#3279 = LINE ( 'NONE', #171, #3537 ) ;
#3280 = AXIS2_PLACEMENT_3D ( 'NONE', #2073, #1116, #666 ) ;
#3281 = ORIENTED_EDGE ( 'NONE', *, *, #5364, .F. ) ;
#3282 = EDGE_CURVE ( 'NONE', #3624, #2873, #4910, .T. ) ;
#3283 = VECTOR ( 'NONE', #5803, 1000.000000000000000 ) ;
#3284 = VECTOR ( 'NONE', #4661, 1000.000000000000227 ) ;
#3285 = CARTESIAN_POINT ( 'NONE',  ( -1.980000000000000426, 1.849999999999999645, -1.061801948466050582 ) ) ;
#3286 = EDGE_LOOP ( 'NONE', ( #3859, #1906, #3676, #3045 ) ) ;
#3287 = EDGE_CURVE ( 'NONE', #2684, #1657, #3891, .T. ) ;
#3288 = MANIFOLD_SOLID_BREP ( 'Mirror2[2]', #2349 ) ;
#3289 = STYLED_ITEM ( 'NONE', ( #2315 ), #2388 ) ;
#3290 = VECTOR ( 'NONE', #962, 1000.000000000000000 ) ;
#3291 = CARTESIAN_POINT ( 'NONE',  ( -1.314411428382690650, 1.849999999999999645, 1.449061913974429183 ) ) ;
#3292 = LINE ( 'NONE', #3236, #82 ) ;
#3293 = CARTESIAN_POINT ( 'NONE',  ( 2.055000000000000604, 1.774999999999999689, -0.9249999999999999334 ) ) ;
#3294 = EDGE_CURVE ( 'NONE', #4832, #3745, #5071, .T. ) ;
#3295 = LINE ( 'NONE', #5173, #5421 ) ;
#3296 = EDGE_LOOP ( 'NONE', ( #1613, #558, #4053, #4193, #2008, #49, #3436, #4353 ) ) ;
#3297 = LINE ( 'NONE', #4619, #64 ) ;
#3298 = LINE ( 'NONE', #1483, #877 ) ;
#3299 = EDGE_LOOP ( 'NONE', ( #1232, #4303, #3701, #234 ) ) ;
#3300 = LINE ( 'NONE', #2399, #1227 ) ;
#3301 = ADVANCED_FACE ( 'NONE', ( #3057 ), #2276, .F. ) ;
#3302 = VERTEX_POINT ( 'NONE', #25 ) ;
#3303 = ORIENTED_EDGE ( 'NONE', *, *, #1280, .T. ) ;
#3304 = LINE ( 'NONE', #5042, #5106 ) ;
#3305 = FILL_AREA_STYLE_COLOUR ( '', #23 ) ;
#3306 = PLANE ( 'NONE',  #1507 ) ;
#3307 = ORIENTED_EDGE ( 'NONE', *, *, #3527, .F. ) ;
#3308 = AXIS2_PLACEMENT_3D ( 'NONE', #2604, #1242, #3033 ) ;
#3309 = FACE_OUTER_BOUND ( 'NONE', #1645, .T. ) ;
#3310 = ORIENTED_EDGE ( 'NONE', *, *, #148, .T. ) ;
#3311 = EDGE_CURVE ( 'NONE', #300, #5600, #1840, .T. ) ;
#3312 = LINE ( 'NONE', #271, #1333 ) ;
#3313 = ORIENTED_EDGE ( 'NONE', *, *, #3442, .T. ) ;
#3314 = EDGE_CURVE ( 'NONE', #3669, #4715, #3330, .T. ) ;
#3315 = CARTESIAN_POINT ( 'NONE',  ( -2.033033008588991386, 1.828033008588990871, -1.083768939877059134 ) ) ;
#3316 = DIRECTION ( 'NONE',  ( 1.000000000000000000, -0.000000000000000000, -0.000000000000000000 ) ) ;
#3317 = DIRECTION ( 'NONE',  ( -0.000000000000000000, 1.000000000000000000, -0.000000000000000000 ) ) ;
#3318 = EDGE_CURVE ( 'NONE', #2948, #603, #5549, .T. ) ;
#3319 = CARTESIAN_POINT ( 'NONE',  ( 1.636801948466052536, 1.774999999999999467, 1.554999999999999272 ) ) ;
#3320 = VECTOR ( 'NONE', #5316, 1000.000000000000227 ) ;
#3321 = EDGE_LOOP ( 'NONE', ( #3281, #3885, #1684, #2866 ) ) ;
#3322 = DIRECTION ( 'NONE',  ( 0.2588190451025212946, -0.000000000000000000, 0.9659258262890680902 ) ) ;
#3323 = DIRECTION ( 'NONE',  ( 0.000000000000000000, 0.000000000000000000, -1.000000000000000000 ) ) ;
#3324 = VERTEX_POINT ( 'NONE', #1066 ) ;
#3325 = LINE ( 'NONE', #2012, #734 ) ;
#3326 = EDGE_LOOP ( 'NONE', ( #4439, #1790, #3705, #3731 ) ) ;
#3327 = ORIENTED_EDGE ( 'NONE', *, *, #3258, .T. ) ;
#3328 = VECTOR ( 'NONE', #5654, 1000.000000000000000 ) ;
#3329 = DIRECTION ( 'NONE',  ( 1.000000000000000000, 0.000000000000000000, -0.000000000000000000 ) ) ;
#3330 = LINE ( 'NONE', #2811, #2334 ) ;
#3331 = UNCERTAINTY_MEASURE_WITH_UNIT (LENGTH_MEASURE( 1.000000000000000082E-05 ), #1990, 'distance_accuracy_value', 'NONE');
#3332 = CARTESIAN_POINT ( 'NONE',  ( 1.805000000000000382, 1.399999999999999689, -0.8000000000000000444 ) ) ;
#3333 = ORIENTED_EDGE ( 'NONE', *, *, #3339, .T. ) ;
#3334 = VECTOR ( 'NONE', #3625, 1000.000000000000000 ) ;
#3335 = CARTESIAN_POINT ( 'NONE',  ( -1.420000000000000817, 1.849999999999999645, 1.554999999999999272 ) ) ;
#3336 = ORIENTED_EDGE ( 'NONE', *, *, #3074, .F. ) ;
#3337 = DIRECTION ( 'NONE',  ( 1.000000000000000000, 0.000000000000000000, 0.000000000000000000 ) ) ;
#3338 = ORIENTED_EDGE ( 'NONE', *, *, #5224, .T. ) ;
#3339 = EDGE_CURVE ( 'NONE', #3545, #2931, #4546, .T. ) ;
#3340 = LINE ( 'NONE', #2415, #672 ) ;
#3341 = CARTESIAN_POINT ( 'NONE',  ( 1.589672812697730864, 1.813779798754807437, -1.547286218423174375 ) ) ;
#3342 = EDGE_LOOP ( 'NONE', ( #400, #2246, #2491, #2913 ) ) ;
#3343 = PLANE ( 'NONE',  #253 ) ;
#3344 = DIRECTION ( 'NONE',  ( 0.07217071599778383806, -0.9973922938103979563, 0.000000000000000000 ) ) ;
#3345 = EDGE_LOOP ( 'NONE', ( #3577, #3851, #2669, #5343, #990, #1518, #2944, #1540 ) ) ;
#3346 = VECTOR ( 'NONE', #2421, 1000.000000000000000 ) ;
#3347 = EDGE_CURVE ( 'NONE', #590, #5720, #3276, .T. ) ;
#3348 = DIRECTION ( 'NONE',  ( 0.000000000000000000, 1.000000000000000000, 0.000000000000000000 ) ) ;
#3349 = EDGE_CURVE ( 'NONE', #3961, #3453, #4602, .T. ) ;
#3350 = DIRECTION ( 'NONE',  ( 0.000000000000000000, 0.000000000000000000, -1.000000000000000000 ) ) ;
#3351 = ORIENTED_EDGE ( 'NONE', *, *, #3686, .T. ) ;
#3352 = FACE_OUTER_BOUND ( 'NONE', #5499, .T. ) ;
#3353 = ORIENTED_EDGE ( 'NONE', *, *, #2875, .T. ) ;
#3354 = VERTEX_POINT ( 'NONE', #1961 ) ;
#3355 = DIRECTION ( 'NONE',  ( 0.000000000000000000, 0.000000000000000000, 1.000000000000000000 ) ) ;
#3356 = DIRECTION ( 'NONE',  ( 0.000000000000000000, 0.000000000000000000, 1.000000000000000000 ) ) ;
#3357 = DIRECTION ( 'NONE',  ( 1.000000000000000000, 0.000000000000000000, 0.000000000000000000 ) ) ;
#3358 = LINE ( 'NONE', #5155, #627 ) ;
#3359 = ORIENTED_EDGE ( 'NONE', *, *, #2946, .F. ) ;
#3360 = VECTOR ( 'NONE', #3612, 1000.000000000000000 ) ;
#3361 = CARTESIAN_POINT ( 'NONE',  ( 2.055000000000000604, 1.399999999999999689, 1.454999999999999183 ) ) ;
#3362 = EDGE_CURVE ( 'NONE', #3857, #3964, #561, .T. ) ;
#3363 = ORIENTED_EDGE ( 'NONE', *, *, #707, .F. ) ;
#3364 = CLOSED_SHELL ( 'NONE', ( #1891, #3757, #4147, #540, #1233, #1082, #5812, #4909, #1197, #5313 ) ) ;
#3365 = FACE_OUTER_BOUND ( 'NONE', #1701, .T. ) ;
#3366 = CARTESIAN_POINT ( 'NONE',  ( -2.100000000000000089, 0.1749999999999997946, 0.8000000000000000444 ) ) ;
#3367 = VECTOR ( 'NONE', #1784, 1000.000000000000000 ) ;
#3368 = ORIENTED_EDGE ( 'NONE', *, *, #599, .F. ) ;
#3369 = CARTESIAN_POINT ( 'NONE',  ( -2.021506350946109976, 1.399999999999999689, 0.7999999999999993783 ) ) ;
#3370 = VECTOR ( 'NONE', #5610, 1000.000000000000000 ) ;
#3371 = EDGE_CURVE ( 'NONE', #973, #4837, #139, .T. ) ;
#3372 = DIRECTION ( 'NONE',  ( -0.000000000000000000, -1.000000000000000000, -0.000000000000000000 ) ) ;
#3373 = DIRECTION ( 'NONE',  ( -1.000000000000000000, -0.000000000000000000, -0.000000000000000000 ) ) ;
#3374 = ORIENTED_EDGE ( 'NONE', *, *, #2254, .T. ) ;
#3375 = EDGE_CURVE ( 'NONE', #4109, #743, #4028, .T. ) ;
#3376 = DIRECTION ( 'NONE',  ( 0.9973922938103979563, 0.07217071599778383806, -0.000000000000000000 ) ) ;
#3377 = CIRCLE ( 'NONE', #1121, 0.02499999999999984873 ) ;
#3378 = DIRECTION ( 'NONE',  ( -0.2588190451025212946, 0.000000000000000000, 0.9659258262890682012 ) ) ;
#3379 = EDGE_LOOP ( 'NONE', ( #5134, #4530, #3065, #3108, #1708, #4699, #5015, #4171 ) ) ;
#3380 = CARTESIAN_POINT ( 'NONE',  ( -2.055000000000000604, 1.550000000000000266, -0.9249999999999999334 ) ) ;
#3381 = LINE ( 'NONE', #5689, #2664 ) ;
#3382 = ORIENTED_EDGE ( 'NONE', *, *, #1372, .F. ) ;
#3383 = DIRECTION ( 'NONE',  ( 0.7071067811865467956, 3.925231146709443463E-17, -0.7071067811865483499 ) ) ;
#3384 = EDGE_LOOP ( 'NONE', ( #4141, #2877, #3547, #1941 ) ) ;
#3385 = ORIENTED_EDGE ( 'NONE', *, *, #1446, .F. ) ;
#3386 = LINE ( 'NONE', #4357, #4885 ) ;
#3387 = EDGE_CURVE ( 'NONE', #4094, #4997, #3774, .T. ) ;
#3388 = DIRECTION ( 'NONE',  ( 0.7071067811865467956, 0.000000000000000000, -0.7071067811865483499 ) ) ;
#3389 = EDGE_CURVE ( 'NONE', #2093, #611, #3727, .T. ) ;
#3390 =( NAMED_UNIT ( * ) PLANE_ANGLE_UNIT ( ) SI_UNIT ( $, .RADIAN. ) );
#3391 = CARTESIAN_POINT ( 'NONE',  ( 1.295000000000001039, 1.774999999999999689, 1.310000000000000497 ) ) ;
#3392 = CARTESIAN_POINT ( 'NONE',  ( -2.100000000000000089, 0.1499999999999997169, 1.600000000000000089 ) ) ;
#3393 = ORIENTED_EDGE ( 'NONE', *, *, #1175, .T. ) ;
#3394 = CARTESIAN_POINT ( 'NONE',  ( -0.3999999999999998557, 9.120215047547656440, -1.100000000000000533 ) ) ;
#3395 = ORIENTED_EDGE ( 'NONE', *, *, #883, .F. ) ;
#3396 = DIRECTION ( 'NONE',  ( 1.000000000000000000, 0.000000000000000000, 0.000000000000000000 ) ) ;
#3397 = CARTESIAN_POINT ( 'NONE',  ( 1.980000000000000426, 1.849999999999999645, -1.061801948466051915 ) ) ;
#3398 = ORIENTED_EDGE ( 'NONE', *, *, #1988, .T. ) ;
#3399 = LINE ( 'NONE', #5200, #3502 ) ;
#3400 = VECTOR ( 'NONE', #2611, 1000.000000000000000 ) ;
#3401 = PLANE ( 'NONE',  #5195 ) ;
#3402 =( BOUNDED_CURVE ( )  B_SPLINE_CURVE ( 3, ( #992, #2820, #5027, #4559 ),
 .UNSPECIFIED., .F., .T. ) 
 B_SPLINE_CURVE_WITH_KNOTS ( ( 4, 4 ),
 ( 0.000000000000000000, 1.570796326794895004 ),
 .UNSPECIFIED. ) 
 CURVE ( )  GEOMETRIC_REPRESENTATION_ITEM ( )  RATIONAL_B_SPLINE_CURVE ( ( 1.000000000000000000, 0.8047378541243653816, 0.8047378541243653816, 1.000000000000000000 ) ) 
 REPRESENTATION_ITEM ( '' )  );
#3403 = LINE ( 'NONE', #5561, #1328 ) ;
#3404 = EDGE_LOOP ( 'NONE', ( #3153, #4497, #2353, #2980, #5166, #4830, #5420, #3863 ) ) ;
#3405 = AXIS2_PLACEMENT_3D ( 'NONE', #5070, #1574, #560 ) ;
#3406 = LINE ( 'NONE', #625, #4208 ) ;
#3407 = DIRECTION ( 'NONE',  ( 1.000000000000000000, 0.000000000000000000, 0.000000000000000000 ) ) ;
#3408 = VERTEX_POINT ( 'NONE', #1809 ) ;
#3409 = EDGE_CURVE ( 'NONE', #1660, #5318, #3598, .T. ) ;
#3410 = CARTESIAN_POINT ( 'NONE',  ( 1.295000000000001039, 1.399999999999999689, -1.310000000000000941 ) ) ;
#3411 = FACE_OUTER_BOUND ( 'NONE', #4932, .T. ) ;
#3412 = ORIENTED_EDGE ( 'NONE', *, *, #4757, .T. ) ;
#3413 = DIRECTION ( 'NONE',  ( 0.000000000000000000, 0.000000000000000000, 1.000000000000000000 ) ) ;
#3414 = AXIS2_PLACEMENT_3D ( 'NONE', #2519, #3830, #195 ) ;
#3415 = VECTOR ( 'NONE', #1991, 1000.000000000000000 ) ;
#3416 = ORIENTED_EDGE ( 'NONE', *, *, #2545, .T. ) ;
#3417 = ORIENTED_EDGE ( 'NONE', *, *, #1461, .F. ) ;
#3418 = FACE_OUTER_BOUND ( 'NONE', #3299, .T. ) ;
#3419 = ADVANCED_FACE ( 'NONE', ( #2048 ), #3832, .T. ) ;
#3420 = CARTESIAN_POINT ( 'NONE',  ( -1.749999999999999778, -2.291293393300126514E-16, 0.8000000000000000444 ) ) ;
#3421 = CARTESIAN_POINT ( 'NONE',  ( -1.749999999999999778, 0.1499999999999997724, 0.8000000000000000444 ) ) ;
#3422 = ORIENTED_EDGE ( 'NONE', *, *, #5046, .F. ) ;
#3423 = CARTESIAN_POINT ( 'NONE',  ( -1.295000000000001039, 1.550000000000000266, -1.521506350946109309 ) ) ;
#3424 = FILL_AREA_STYLE_COLOUR ( '', #728 ) ;
#3425 = ORIENTED_EDGE ( 'NONE', *, *, #18, .F. ) ;
#3426 = CARTESIAN_POINT ( 'NONE',  ( 1.805000000000000382, 1.849999999999999645, 0.7999999999999993783 ) ) ;
#3427 = VECTOR ( 'NONE', #722, 1000.000000000000000 ) ;
#3428 = ORIENTED_EDGE ( 'NONE', *, *, #1667, .T. ) ;
#3429 = FACE_OUTER_BOUND ( 'NONE', #3221, .T. ) ;
#3430 = EDGE_CURVE ( 'NONE', #5709, #1055, #262, .T. ) ;
#3431 = LINE ( 'NONE', #5763, #267 ) ;
#3432 = ORIENTED_EDGE ( 'NONE', *, *, #3490, .F. ) ;
#3433 = CARTESIAN_POINT ( 'NONE',  ( -1.420000000000000817, 1.774999999999999689, -1.554999999999999716 ) ) ;
#3434 = FILL_AREA_STYLE_COLOUR ( '', #2140 ) ;
#3435 = DIRECTION ( 'NONE',  ( 0.7071067811865467956, 0.000000000000000000, -0.7071067811865483499 ) ) ;
#3436 = ORIENTED_EDGE ( 'NONE', *, *, #3686, .F. ) ;
#3437 = FACE_OUTER_BOUND ( 'NONE', #5040, .T. ) ;
#3438 = AXIS2_PLACEMENT_3D ( 'NONE', #2035, #5085, #3763 ) ;
#3439 = EDGE_CURVE ( 'NONE', #485, #4560, #5222, .T. ) ;
#3440 = CARTESIAN_POINT ( 'NONE',  ( 1.295000000000001039, 1.399999999999999689, 1.310000000000000497 ) ) ;
#3441 = ORIENTED_EDGE ( 'NONE', *, *, #2983, .F. ) ;
#3442 = EDGE_CURVE ( 'NONE', #4973, #2941, #1254, .T. ) ;
#3443 =( BOUNDED_CURVE ( )  B_SPLINE_CURVE ( 3, ( #2904, #1530, #3341, #4726 ),
 .UNSPECIFIED., .F., .T. ) 
 B_SPLINE_CURVE_WITH_KNOTS ( ( 4, 4 ),
 ( 2.186276035465284373, 2.971674198862729099 ),
 .UNSPECIFIED. ) 
 CURVE ( )  GEOMETRIC_REPRESENTATION_ITEM ( )  RATIONAL_B_SPLINE_CURVE ( ( 1.000000000000000000, 0.9492530216741915661, 0.9492530216741915661, 1.000000000000000000 ) ) 
 REPRESENTATION_ITEM ( '' )  );
#3444 = CARTESIAN_POINT ( 'NONE',  ( -2.100000000000000533, 0.1499999999999997169, -0.8000000000000000444 ) ) ;
#3445 = CARTESIAN_POINT ( 'NONE',  ( 2.150391155928440323, 0.5250000000000000222, -1.350000000000000089 ) ) ;
#3446 = ORIENTED_EDGE ( 'NONE', *, *, #3786, .F. ) ;
#3447 = DIRECTION ( 'NONE',  ( 1.000000000000000000, 0.000000000000000000, 0.000000000000000000 ) ) ;
#3448 = VERTEX_POINT ( 'NONE', #769 ) ;
#3449 = ORIENTED_EDGE ( 'NONE', *, *, #5405, .F. ) ;
#3450 = CARTESIAN_POINT ( 'NONE',  ( 1.295000000000001039, 1.849999999999999645, 1.521506350946108865 ) ) ;
#3451 = CARTESIAN_POINT ( 'NONE',  ( 2.025000000000000355, 8.380151512977635164, -1.525000000000000133 ) ) ;
#3452 = PRESENTATION_STYLE_ASSIGNMENT (( #1664 ) ) ;
#3453 = VERTEX_POINT ( 'NONE', #1698 ) ;
#3454 = CARTESIAN_POINT ( 'NONE',  ( 1.561801948466052581, 1.849999999999999645, 1.479999999999999316 ) ) ;
#3455 = DIRECTION ( 'NONE',  ( 1.000000000000000000, 0.000000000000000000, 0.000000000000000000 ) ) ;
#3456 = ORIENTED_EDGE ( 'NONE', *, *, #1875, .T. ) ;
#3457 = CARTESIAN_POINT ( 'NONE',  ( -1.836066017177982568, 1.849999999999999645, 0.8749999999999993339 ) ) ;
#3458 = AXIS2_PLACEMENT_3D ( 'NONE', #3584, #421, #831 ) ;
#3459 = CARTESIAN_POINT ( 'NONE',  ( 2.024999999999999911, 8.380151512977635164, -1.600000000000000089 ) ) ;
#3460 = ORIENTED_EDGE ( 'NONE', *, *, #686, .F. ) ;
#3461 = CARTESIAN_POINT ( 'NONE',  ( -2.274543651416819579, 0.1623701247003876136, 0.8000000000000000444 ) ) ;
#3462 = ADVANCED_FACE ( 'NONE', ( #4362 ), #5669, .T. ) ;
#3463 = VERTEX_POINT ( 'NONE', #1186 ) ;
#3464 = STYLED_ITEM ( 'NONE', ( #263 ), #5170 ) ;
#3465 = CLOSED_SHELL ( 'NONE', ( #4182, #3785, #840, #4205, #5014, #444, #4041, #2500, #995, #384, #1755, #1480, #4797, #2331, #4675, #1659, #144, #2262, #4071, #5625, #2244, #467, #1240, #3524, #4092, #5740, #5687, #4096, #68, #3933, #3462, #222, #3012, #570, #4235, #803, #2527, #4974, #3219, #174, #2070, #1464, #4395, #2000, #4129, #4121 ) ) ;
#3466 = PRESENTATION_STYLE_ASSIGNMENT (( #370 ) ) ;
#3467 = EDGE_CURVE ( 'NONE', #1867, #5122, #5188, .T. ) ;
#3468 = EDGE_CURVE ( 'NONE', #117, #2652, #5636, .T. ) ;
#3469 = CARTESIAN_POINT ( 'NONE',  ( 1.520900974233028391, 1.849999999999999645, -1.520900974233024838 ) ) ;
#3470 = VERTEX_POINT ( 'NONE', #3864 ) ;
#3471 = CARTESIAN_POINT ( 'NONE',  ( 2.055000000000000604, 1.774999999999999689, -0.9249999999999999334 ) ) ;
#3472 = AXIS2_PLACEMENT_3D ( 'NONE', #3860, #227, #2044 ) ;
#3473 = CARTESIAN_POINT ( 'NONE',  ( -2.100000000000000089, 0.1499999999999997169, 1.600000000000000089 ) ) ;
#3474 = VECTOR ( 'NONE', #4859, 1000.000000000000000 ) ;
#3475 = DIRECTION ( 'NONE',  ( 0.7071067811865463515, 0.000000000000000000, -0.7071067811865487940 ) ) ;
#3476 = MECHANICAL_DESIGN_GEOMETRIC_PRESENTATION_REPRESENTATION (  '', ( #3289 ), #5161 ) ;
#3477 = CARTESIAN_POINT ( 'NONE',  ( -1.295000000000000595, 1.818933982822017903, -1.310000000000000719 ) ) ;
#3478 = CARTESIAN_POINT ( 'NONE',  ( 2.100000000000000089, 0.1499999999999997169, 0.8000000000000000444 ) ) ;
#3479 = ORIENTED_EDGE ( 'NONE', *, *, #5076, .T. ) ;
#3480 = DIRECTION ( 'NONE',  ( 0.9659258262890682012, 0.000000000000000000, -0.2588190451025212946 ) ) ;
#3481 = VECTOR ( 'NONE', #3623, 1000.000000000000000 ) ;
#3482 = EDGE_CURVE ( 'NONE', #1220, #2970, #5215, .T. ) ;
#3483 = VERTEX_POINT ( 'NONE', #3423 ) ;
#3484 = VERTEX_POINT ( 'NONE', #1637 ) ;
#3485 = DIRECTION ( 'NONE',  ( 0.9659258262890682012, 0.000000000000000000, 0.2588190451025212946 ) ) ;
#3486 =( BOUNDED_CURVE ( )  B_SPLINE_CURVE ( 3, ( #2397, #2422, #4202, #4672 ),
 .UNSPECIFIED., .F., .T. ) 
 B_SPLINE_CURVE_WITH_KNOTS ( ( 4, 4 ),
 ( 0.000000000000000000, 1.570796326794895004 ),
 .UNSPECIFIED. ) 
 CURVE ( )  GEOMETRIC_REPRESENTATION_ITEM ( )  RATIONAL_B_SPLINE_CURVE ( ( 1.000000000000000000, 0.8047378541243653816, 0.8047378541243653816, 1.000000000000000000 ) ) 
 REPRESENTATION_ITEM ( '' )  );
#3487 = DIRECTION ( 'NONE',  ( -0.000000000000000000, -0.000000000000000000, 1.000000000000000000 ) ) ;
#3488 = ORIENTED_EDGE ( 'NONE', *, *, #3282, .F. ) ;
#3489 = CARTESIAN_POINT ( 'NONE',  ( -1.955000000000000515, 1.550000000000000266, 1.554999999999999272 ) ) ;
#3490 = EDGE_CURVE ( 'NONE', #4273, #5300, #3927, .T. ) ;
#3491 = DIRECTION ( 'NONE',  ( 0.000000000000000000, -1.000000000000000000, 0.000000000000000000 ) ) ;
#3492 = VERTEX_POINT ( 'NONE', #3489 ) ;
#3493 = DIRECTION ( 'NONE',  ( 1.000000000000000000, 0.000000000000000000, -0.000000000000000000 ) ) ;
#3494 = CYLINDRICAL_SURFACE ( 'NONE', #1897, 0.07499999999999992784 ) ;
#3495 = VERTEX_POINT ( 'NONE', #5604 ) ;
#3496 = FACE_OUTER_BOUND ( 'NONE', #3665, .T. ) ;
#3497 = ORIENTED_EDGE ( 'NONE', *, *, #2843, .T. ) ;
#3498 = EDGE_CURVE ( 'NONE', #2668, #1090, #2981, .T. ) ;
#3499 = AXIS2_PLACEMENT_3D ( 'NONE', #2891, #3726, #4628 ) ;
#3500 = STYLED_ITEM ( 'NONE', ( #3466 ), #3257 ) ;
#3501 = CARTESIAN_POINT ( 'NONE',  ( 1.836066017177982346, 1.849999999999999645, 0.8749999999999993339 ) ) ;
#3502 = VECTOR ( 'NONE', #1196, 1000.000000000000000 ) ;
#3503 = VERTEX_POINT ( 'NONE', #5725 ) ;
#3504 = CARTESIAN_POINT ( 'NONE',  ( -1.805000000000000382, 1.774999999999999689, 0.7999999999999993783 ) ) ;
#3505 = CARTESIAN_POINT ( 'NONE',  ( 2.021506350946109976, 1.550000000000000266, 0.7999999999999993783 ) ) ;
#3506 = VECTOR ( 'NONE', #2502, 1000.000000000000000 ) ;
#3507 = LINE ( 'NONE', #5305, #1317 ) ;
#3508 = EDGE_CURVE ( 'NONE', #4429, #1279, #5526, .T. ) ;
#3509 = CARTESIAN_POINT ( 'NONE',  ( -0.3999999999999998557, 9.120215047547656440, 4.397732528557848481E-16 ) ) ;
#3510 = ORIENTED_EDGE ( 'NONE', *, *, #827, .T. ) ;
#3511 = EDGE_CURVE ( 'NONE', #1915, #1236, #401, .T. ) ;
#3512 = CARTESIAN_POINT ( 'NONE',  ( -2.021506350946109976, 8.380151512977635164, -0.8000000000000000444 ) ) ;
#3513 = ORIENTED_EDGE ( 'NONE', *, *, #3821, .F. ) ;
#3514 = ORIENTED_EDGE ( 'NONE', *, *, #2323, .F. ) ;
#3515 = FACE_OUTER_BOUND ( 'NONE', #4704, .T. ) ;
#3516 = LINE ( 'NONE', #2165, #4170 ) ;
#3517 = DIRECTION ( 'NONE',  ( 0.000000000000000000, 0.000000000000000000, -1.000000000000000000 ) ) ;
#3518 = LINE ( 'NONE', #5437, #4482 ) ;
#3519 = VECTOR ( 'NONE', #1575, 1000.000000000000227 ) ;
#3520 = CARTESIAN_POINT ( 'NONE',  ( -1.355533008588994059, 1.774999999999999689, -1.355533008588990063 ) ) ;
#3521 =( BOUNDED_CURVE ( )  B_SPLINE_CURVE ( 3, ( #1533, #4730, #5593, #3319 ),
 .UNSPECIFIED., .F., .F. ) 
 B_SPLINE_CURVE_WITH_KNOTS ( ( 4, 4 ),
 ( 0.1699184547270618517, 0.9553166181245116295 ),
 .UNSPECIFIED. ) 
 CURVE ( )  GEOMETRIC_REPRESENTATION_ITEM ( )  RATIONAL_B_SPLINE_CURVE ( ( 1.000000000000000000, 0.9492530216741910110, 0.9492530216741910110, 1.000000000000000000 ) ) 
 REPRESENTATION_ITEM ( '' )  );
#3522 = DIRECTION ( 'NONE',  ( 0.000000000000000000, 0.000000000000000000, -1.000000000000000000 ) ) ;
#3523 = VERTEX_POINT ( 'NONE', #737 ) ;
#3524 = ADVANCED_FACE ( 'NONE', ( #5154 ), #4300, .T. ) ;
#3525 = AXIS2_PLACEMENT_3D ( 'NONE', #2919, #4710, #4864 ) ;
#3526 = DIRECTION ( 'NONE',  ( 0.7071067811865483499, 0.000000000000000000, -0.7071067811865467956 ) ) ;
#3527 = EDGE_CURVE ( 'NONE', #1157, #5712, #4712, .T. ) ;
#3528 = DIRECTION ( 'NONE',  ( 0.000000000000000000, -0.000000000000000000, -1.000000000000000000 ) ) ;
#3529 = ORIENTED_EDGE ( 'NONE', *, *, #5458, .F. ) ;
#3530 = ORIENTED_EDGE ( 'NONE', *, *, #1875, .F. ) ;
#3531 = DIRECTION ( 'NONE',  ( -0.9659258262890682012, 0.000000000000000000, 0.2588190451025212946 ) ) ;
#3532 = EDGE_CURVE ( 'NONE', #4565, #4480, #5829, .T. ) ;
#3533 = LINE ( 'NONE', #2245, #3007 ) ;
#3534 = VERTEX_POINT ( 'NONE', #2081 ) ;
#3535 = LINE ( 'NONE', #5335, #630 ) ;
#3536 = DIRECTION ( 'NONE',  ( -1.000000000000000000, 0.000000000000000000, -0.000000000000000000 ) ) ;
#3537 = VECTOR ( 'NONE', #1888, 1000.000000000000000 ) ;
#3538 = DIRECTION ( 'NONE',  ( -0.000000000000000000, -1.000000000000000000, -0.000000000000000000 ) ) ;
#3539 = EDGE_CURVE ( 'NONE', #3302, #5044, #11, .T. ) ;
#3540 = VECTOR ( 'NONE', #2797, 1000.000000000000000 ) ;
#3541 = LINE ( 'NONE', #5338, #1763 ) ;
#3542 = DIRECTION ( 'NONE',  ( 1.548860246407861611E-16, 1.000000000000000000, -0.000000000000000000 ) ) ;
#3543 = CARTESIAN_POINT ( 'NONE',  ( -2.100000000000000089, 8.380151512977635164, 1.525000000000000133 ) ) ;
#3544 = PLANE ( 'NONE',  #4502 ) ;
#3545 = VERTEX_POINT ( 'NONE', #5348 ) ;
#3546 = EDGE_CURVE ( 'NONE', #3523, #3463, #3518, .T. ) ;
#3547 = ORIENTED_EDGE ( 'NONE', *, *, #3532, .F. ) ;
#3548 = EDGE_CURVE ( 'NONE', #268, #1387, #2040, .T. ) ;
#3549 = DIRECTION ( 'NONE',  ( 0.7071067811865467956, 0.000000000000000000, -0.7071067811865483499 ) ) ;
#3550 = LINE ( 'NONE', #1789, #2386 ) ;
#3551 = ORIENTED_EDGE ( 'NONE', *, *, #2854, .F. ) ;
#3552 = FACE_OUTER_BOUND ( 'NONE', #963, .T. ) ;
#3553 = FACE_OUTER_BOUND ( 'NONE', #518, .T. ) ;
#3554 = CARTESIAN_POINT ( 'NONE',  ( -2.021506350946109976, 1.849999999999999645, -0.8000000000000000444 ) ) ;
#3555 = ORIENTED_EDGE ( 'NONE', *, *, #853, .F. ) ;
#3556 = VECTOR ( 'NONE', #4647, 1000.000000000000000 ) ;
#3557 = CARTESIAN_POINT ( 'NONE',  ( -2.025000000000000355, 1.399999999999999689, 1.600000000000000089 ) ) ;
#3558 = CARTESIAN_POINT ( 'NONE',  ( 2.100000000000000089, 0.1499999999999997724, -0.8000000000000000444 ) ) ;
#3559 = DIRECTION ( 'NONE',  ( 0.2588190451025213501, 0.000000000000000000, 0.9659258262890682012 ) ) ;
#3560 = ORIENTED_EDGE ( 'NONE', *, *, #4335, .T. ) ;
#3561 = EDGE_CURVE ( 'NONE', #2343, #315, #4421, .T. ) ;
#3562 = CARTESIAN_POINT ( 'NONE',  ( -2.150391155928440323, 0.5250000000000000222, -0.8000000000000000444 ) ) ;
#3563 = VERTEX_POINT ( 'NONE', #2259 ) ;
#3564 = CARTESIAN_POINT ( 'NONE',  ( 1.805000000000000382, 1.774999999999999689, 0.7999999999999993783 ) ) ;
#3565 = EDGE_LOOP ( 'NONE', ( #5280, #5523, #1169, #2083, #2821 ) ) ;
#3566 = DIRECTION ( 'NONE',  ( 0.2588190451025212946, -0.000000000000000000, 0.9659258262890680902 ) ) ;
#3567 = DIRECTION ( 'NONE',  ( 0.000000000000000000, 0.000000000000000000, -1.000000000000000000 ) ) ;
#3568 = ORIENTED_EDGE ( 'NONE', *, *, #1222, .F. ) ;
#3569 = EDGE_CURVE ( 'NONE', #1253, #2014, #4952, .T. ) ;
#3570 = VECTOR ( 'NONE', #917, 1000.000000000000000 ) ;
#3571 = AXIS2_PLACEMENT_3D ( 'NONE', #3554, #2293, #13 ) ;
#3572 = CARTESIAN_POINT ( 'NONE',  ( -2.055000000000000604, 1.399999999999999689, 0.9249999999999992673 ) ) ;
#3573 = PLANE ( 'NONE',  #4153 ) ;
#3574 = CARTESIAN_POINT ( 'NONE',  ( 2.274543651416819579, 0.1623701247003876136, -0.8000000000000000444 ) ) ;
#3575 = CARTESIAN_POINT ( 'NONE',  ( 0.4000000000000001887, 8.380151512977635164, -1.199999999999999956 ) ) ;
#3576 = VECTOR ( 'NONE', #4446, 1000.000000000000000 ) ;
#3577 = ORIENTED_EDGE ( 'NONE', *, *, #1851, .F. ) ;
#3578 = CARTESIAN_POINT ( 'NONE',  ( -1.295000000000001039, 1.550000000000000266, 1.521506350946108865 ) ) ;
#3579 = VECTOR ( 'NONE', #4751, 1000.000000000000000 ) ;
#3580 = VECTOR ( 'NONE', #2812, 1000.000000000000227 ) ;
#3581 = PLANE ( 'NONE',  #2347 ) ;
#3582 = CARTESIAN_POINT ( 'NONE',  ( -1.326066017177983225, 1.849999999999999423, -1.497668557556425473 ) ) ;
#3583 = ORIENTED_EDGE ( 'NONE', *, *, #2901, .F. ) ;
#3584 = CARTESIAN_POINT ( 'NONE',  ( 0.4000000000000001887, 1.399999999999999689, -7.347880794884125159E-17 ) ) ;
#3585 = PRODUCT ( 'PTS815 SJG 250 SMTR LFS', 'PTS815 SJG 250 SMTR LFS', '', ( #860 ) ) ;
#3586 = PLANE ( 'NONE',  #418 ) ;
#3587 = VECTOR ( 'NONE', #1468, 1000.000000000000000 ) ;
#3588 = DIRECTION ( 'NONE',  ( 0.000000000000000000, 0.000000000000000000, 1.000000000000000000 ) ) ;
#3589 = ORIENTED_EDGE ( 'NONE', *, *, #135, .F. ) ;
#3590 = EDGE_CURVE ( 'NONE', #5360, #1462, #4839, .T. ) ;
#3591 = CARTESIAN_POINT ( 'NONE',  ( -1.561801948466053469, 1.849999999999999645, 1.479999999999999316 ) ) ;
#3592 = DIRECTION ( 'NONE',  ( -0.000000000000000000, -1.000000000000000000, -0.000000000000000000 ) ) ;
#3593 = EDGE_CURVE ( 'NONE', #415, #4346, #388, .T. ) ;
#3594 = CARTESIAN_POINT ( 'NONE',  ( 1.749999999999999778, -2.291293393300126514E-16, -0.8000000000000000444 ) ) ;
#3595 = ORIENTED_EDGE ( 'NONE', *, *, #5262, .T. ) ;
#3596 = CARTESIAN_POINT ( 'NONE',  ( -1.295000000000001039, 1.399999999999999689, 1.521506350946108865 ) ) ;
#3597 = ORIENTED_EDGE ( 'NONE', *, *, #4564, .F. ) ;
#3598 = LINE ( 'NONE', #5394, #204 ) ;
#3599 = FACE_OUTER_BOUND ( 'NONE', #4227, .T. ) ;
#3600 = ORIENTED_EDGE ( 'NONE', *, *, #3984, .F. ) ;
#3601 = CYLINDRICAL_SURFACE ( 'NONE', #739, 0.1749999999999998224 ) ;
#3602 = LINE ( 'NONE', #786, #2260 ) ;
#3603 = AXIS2_PLACEMENT_3D ( 'NONE', #2786, #4682, #1960 ) ;
#3604 = DIRECTION ( 'NONE',  ( 0.000000000000000000, 0.000000000000000000, -1.000000000000000000 ) ) ;
#3605 = FACE_OUTER_BOUND ( 'NONE', #4555, .T. ) ;
#3606 = FACE_OUTER_BOUND ( 'NONE', #1907, .T. ) ;
#3607 = AXIS2_PLACEMENT_3D ( 'NONE', #3509, #1276, #3064 ) ;
#3608 = LINE ( 'NONE', #5809, #3367 ) ;
#3609 = ORIENTED_EDGE ( 'NONE', *, *, #2474, .F. ) ;
#3610 =( NAMED_UNIT ( * ) PLANE_ANGLE_UNIT ( ) SI_UNIT ( $, .RADIAN. ) );
#3611 = EDGE_CURVE ( 'NONE', #3492, #3847, #924, .T. ) ;
#3612 = DIRECTION ( 'NONE',  ( -0.000000000000000000, -0.000000000000000000, -1.000000000000000000 ) ) ;
#3613 = LINE ( 'NONE', #1284, #1056 ) ;
#3614 = ORIENTED_EDGE ( 'NONE', *, *, #3482, .T. ) ;
#3615 = CARTESIAN_POINT ( 'NONE',  ( -1.577865067056391624, 1.842286218423174082, -1.518779798754807508 ) ) ;
#3616 = VECTOR ( 'NONE', #2802, 1000.000000000000000 ) ;
#3617 = DIRECTION ( 'NONE',  ( 0.000000000000000000, 1.000000000000000000, 0.000000000000000000 ) ) ;
#3618 = DIRECTION ( 'NONE',  ( -1.000000000000000000, 0.000000000000000000, 0.000000000000000000 ) ) ;
#3619 = VERTEX_POINT ( 'NONE', #451 ) ;
#3620 = EDGE_CURVE ( 'NONE', #1008, #619, #4382, .T. ) ;
#3621 = CARTESIAN_POINT ( 'NONE',  ( 1.420000000000000817, 1.849999999999999645, -1.554999999999999716 ) ) ;
#3622 = CARTESIAN_POINT ( 'NONE',  ( -1.749999999999999778, -2.143131898507868051E-16, -0.8000000000000001554 ) ) ;
#3623 = DIRECTION ( 'NONE',  ( -0.9659258262890680902, 0.000000000000000000, 0.2588190451025212946 ) ) ;
#3624 = VERTEX_POINT ( 'NONE', #3136 ) ;
#3625 = DIRECTION ( 'NONE',  ( 0.000000000000000000, 0.000000000000000000, -1.000000000000000000 ) ) ;
#3626 = ORIENTED_EDGE ( 'NONE', *, *, #1495, .T. ) ;
#3627 = EDGE_CURVE ( 'NONE', #1705, #4485, #2216, .T. ) ;
#3628 = ADVANCED_FACE ( 'NONE', ( #3552 ), #4048, .T. ) ;
#3629 = CARTESIAN_POINT ( 'NONE',  ( 1.326066017177983447, 1.849999999999999645, -1.497668557556425917 ) ) ;
#3630 = VERTEX_POINT ( 'NONE', #1825 ) ;
#3631 = DIRECTION ( 'NONE',  ( -1.000000000000000000, -6.546552552286067020E-16, 0.000000000000000000 ) ) ;
#3632 = CARTESIAN_POINT ( 'NONE',  ( -2.150391155928440323, 0.5250000000000000222, 0.8000000000000000444 ) ) ;
#3633 = CARTESIAN_POINT ( 'NONE',  ( 2.024999999999999911, 1.550000000000000266, -1.600000000000000089 ) ) ;
#3634 = FACE_BOUND ( 'NONE', #2208, .T. ) ;
#3635 = DIRECTION ( 'NONE',  ( -0.000000000000000000, -1.000000000000000000, -0.000000000000000000 ) ) ;
#3636 = ORIENTED_EDGE ( 'NONE', *, *, #4995, .T. ) ;
#3637 = CARTESIAN_POINT ( 'NONE',  ( 2.100000000000000089, 8.380151512977635164, 1.525000000000000133 ) ) ;
#3638 = CARTESIAN_POINT ( 'NONE',  ( -1.295000000000001039, 1.774999999999999689, -1.521506350946109309 ) ) ;
#3639 = ORIENTED_EDGE ( 'NONE', *, *, #4615, .T. ) ;
#3640 = CARTESIAN_POINT ( 'NONE',  ( -1.295000000000001039, 1.774999999999999689, 1.310000000000000497 ) ) ;
#3641 = CARTESIAN_POINT ( 'NONE',  ( 1.805000000000000382, 1.849999999999999645, 0.7999999999999993783 ) ) ;
#3642 = CYLINDRICAL_SURFACE ( 'NONE', #5536, 0.07499999999999995559 ) ;
#3643 = ORIENTED_EDGE ( 'NONE', *, *, #1999, .T. ) ;
#3644 = EDGE_CURVE ( 'NONE', #2526, #1494, #2670, .T. ) ;
#3645 = DIRECTION ( 'NONE',  ( 0.000000000000000000, -1.000000000000000000, 0.000000000000000000 ) ) ;
#3646 = DIRECTION ( 'NONE',  ( 0.000000000000000000, 1.000000000000000000, 0.000000000000000000 ) ) ;
#3647 =( BOUNDED_CURVE ( )  B_SPLINE_CURVE ( 3, ( #1298, #3629, #4119, #4144 ),
 .UNSPECIFIED., .F., .T. ) 
 B_SPLINE_CURVE_WITH_KNOTS ( ( 4, 4 ),
 ( 1.570796326794896558, 3.141592653589793116 ),
 .UNSPECIFIED. ) 
 CURVE ( )  GEOMETRIC_REPRESENTATION_ITEM ( )  RATIONAL_B_SPLINE_CURVE ( ( 1.000000000000000000, 0.8047378541243649375, 0.8047378541243649375, 1.000000000000000000 ) ) 
 REPRESENTATION_ITEM ( '' )  );
#3648 = EDGE_CURVE ( 'NONE', #4273, #2189, #1315, .T. ) ;
#3649 = CARTESIAN_POINT ( 'NONE',  ( -2.100000000000000089, 0.1499999999999997169, -1.525000000000000133 ) ) ;
#3650 = ORIENTED_EDGE ( 'NONE', *, *, #132, .T. ) ;
#3651 = CARTESIAN_POINT ( 'NONE',  ( -2.055000000000000604, 1.774999999999999689, 0.9249999999999992673 ) ) ;
#3652 = VERTEX_POINT ( 'NONE', #4018 ) ;
#3653 = VECTOR ( 'NONE', #1508, 1000.000000000000000 ) ;
#3654 = DIRECTION ( 'NONE',  ( -0.000000000000000000, -0.000000000000000000, 1.000000000000000000 ) ) ;
#3655 = ORIENTED_EDGE ( 'NONE', *, *, #3389, .F. ) ;
#3656 = EDGE_CURVE ( 'NONE', #2652, #2684, #3104, .T. ) ;
#3657 = EDGE_CURVE ( 'NONE', #4734, #1462, #5757, .T. ) ;
#3658 = CARTESIAN_POINT ( 'NONE',  ( 1.420000000000000817, 1.849999999999999645, 1.554999999999999272 ) ) ;
#3659 = CARTESIAN_POINT ( 'NONE',  ( -1.805000000000000382, 8.380151512977635164, 0.7999999999999993783 ) ) ;
#3660 = CARTESIAN_POINT ( 'NONE',  ( 2.033033008588991386, 1.828033008588990649, 1.083768939877059356 ) ) ;
#3661 = ORIENTED_EDGE ( 'NONE', *, *, #5076, .F. ) ;
#3662 = VECTOR ( 'NONE', #3631, 1000.000000000000000 ) ;
#3663 = LINE ( 'NONE', #3637, #3089 ) ;
#3664 = CARTESIAN_POINT ( 'NONE',  ( 0.000000000000000000, 1.774999999999999689, 0.8749999999999993339 ) ) ;
#3665 = EDGE_LOOP ( 'NONE', ( #2275, #2178, #2835, #4076 ) ) ;
#3666 = DIRECTION ( 'NONE',  ( 0.000000000000000000, 0.000000000000000000, -1.000000000000000000 ) ) ;
#3667 = VECTOR ( 'NONE', #1872, 1000.000000000000227 ) ;
#3668 = AXIS2_PLACEMENT_3D ( 'NONE', #1670, #1193, #331 ) ;
#3669 = VERTEX_POINT ( 'NONE', #1405 ) ;
#3670 = ORIENTED_EDGE ( 'NONE', *, *, #1171, .F. ) ;
#3671 = AXIS2_PLACEMENT_3D ( 'NONE', #5278, #5750, #1342 ) ;
#3672 = CARTESIAN_POINT ( 'NONE',  ( 1.749999999999999778, 0.1499999999999997169, -0.8000000000000000444 ) ) ;
#3673 = DIRECTION ( 'NONE',  ( 0.000000000000000000, -0.000000000000000000, 1.000000000000000000 ) ) ;
#3674 = CYLINDRICAL_SURFACE ( 'NONE', #1979, 0.1999999999999999833 ) ;
#3675 = VECTOR ( 'NONE', #1969, 1000.000000000000000 ) ;
#3676 = ORIENTED_EDGE ( 'NONE', *, *, #1894, .T. ) ;
#3677 = CARTESIAN_POINT ( 'NONE',  ( -2.055000000000000604, 1.849999999999999645, -0.9249999999999999334 ) ) ;
#3678 = ORIENTED_EDGE ( 'NONE', *, *, #2862, .F. ) ;
#3679 = DIRECTION ( 'NONE',  ( -1.000000000000000000, 0.000000000000000000, 0.000000000000000000 ) ) ;
#3680 = VERTEX_POINT ( 'NONE', #555 ) ;
#3681 = LINE ( 'NONE', #5454, #522 ) ;
#3682 = CARTESIAN_POINT ( 'NONE',  ( -2.274543651416819579, 0.1623701247003876136, 1.350000000000000089 ) ) ;
#3683 = CARTESIAN_POINT ( 'NONE',  ( 2.023933982822018418, 1.849999999999999423, -0.9290899187515782032 ) ) ;
#3684 = EDGE_CURVE ( 'NONE', #496, #1521, #4988, .T. ) ;
#3685 = ORIENTED_EDGE ( 'NONE', *, *, #2997, .F. ) ;
#3686 = EDGE_CURVE ( 'NONE', #3630, #1538, #452, .T. ) ;
#3687 = DIRECTION ( 'NONE',  ( 0.9659258262890680902, 0.000000000000000000, -0.2588190451025212946 ) ) ;
#3688 = VECTOR ( 'NONE', #3051, 1000.000000000000000 ) ;
#3689 = DIRECTION ( 'NONE',  ( 0.000000000000000000, 0.000000000000000000, -1.000000000000000000 ) ) ;
#3690 = ORIENTED_EDGE ( 'NONE', *, *, #1868, .T. ) ;
#3691 = CARTESIAN_POINT ( 'NONE',  ( -2.100000000000000089, 0.000000000000000000, 0.8000000000000000444 ) ) ;
#3692 = ORIENTED_EDGE ( 'NONE', *, *, #1211, .F. ) ;
#3693 = EDGE_LOOP ( 'NONE', ( #4293, #3551, #3449, #3005 ) ) ;
#3694 = DIRECTION ( 'NONE',  ( 0.000000000000000000, -0.000000000000000000, 1.000000000000000000 ) ) ;
#3695 = SURFACE_STYLE_USAGE ( .BOTH. , #167 ) ;
#3696 = AXIS2_PLACEMENT_3D ( 'NONE', #2109, #4773, #3862 ) ;
#3697 = DIRECTION ( 'NONE',  ( -0.000000000000000000, -1.000000000000000000, -0.000000000000000000 ) ) ;
#3698 = ORIENTED_EDGE ( 'NONE', *, *, #4998, .T. ) ;
#3699 = EDGE_CURVE ( 'NONE', #5786, #1619, #4181, .T. ) ;
#3700 = DIRECTION ( 'NONE',  ( -0.000000000000000000, -1.000000000000000000, -0.000000000000000000 ) ) ;
#3701 = ORIENTED_EDGE ( 'NONE', *, *, #4062, .F. ) ;
#3702 = EDGE_CURVE ( 'NONE', #5465, #2924, #2319, .T. ) ;
#3703 = DIRECTION ( 'NONE',  ( -0.000000000000000000, -1.000000000000000000, -0.000000000000000000 ) ) ;
#3704 = VECTOR ( 'NONE', #1346, 1000.000000000000227 ) ;
#3705 = ORIENTED_EDGE ( 'NONE', *, *, #4825, .F. ) ;
#3706 = VECTOR ( 'NONE', #5520, 1000.000000000000000 ) ;
#3707 =( BOUNDED_CURVE ( )  B_SPLINE_CURVE ( 3, ( #4897, #3582, #1313, #3638 ),
 .UNSPECIFIED., .F., .F. ) 
 B_SPLINE_CURVE_WITH_KNOTS ( ( 4, 4 ),
 ( 1.570796326794899889, 3.141592653589793116 ),
 .UNSPECIFIED. ) 
 CURVE ( )  GEOMETRIC_REPRESENTATION_ITEM ( )  RATIONAL_B_SPLINE_CURVE ( ( 1.000000000000000000, 0.8047378541243658256, 0.8047378541243658256, 1.000000000000000000 ) ) 
 REPRESENTATION_ITEM ( '' )  );
#3708 = EDGE_CURVE ( 'NONE', #2711, #3624, #1878, .T. ) ;
#3709 = DIRECTION ( 'NONE',  ( 0.000000000000000000, 1.000000000000000000, 0.000000000000000000 ) ) ;
#3710 = LINE ( 'NONE', #1453, #3001 ) ;
#3711 = DIRECTION ( 'NONE',  ( -0.9659258262890682012, 0.000000000000000000, -0.2588190451025212946 ) ) ;
#3712 = AXIS2_PLACEMENT_3D ( 'NONE', #2940, #4644, #4616 ) ;
#3713 = ORIENTED_EDGE ( 'NONE', *, *, #1496, .F. ) ;
#3714 = ADVANCED_FACE ( 'NONE', ( #955 ), #3193, .T. ) ;
#3715 = CARTESIAN_POINT ( 'NONE',  ( 1.420000000000000817, 8.380151512977635164, -1.554999999999999716 ) ) ;
#3716 = CARTESIAN_POINT ( 'NONE',  ( -1.749999999999999778, -2.291293393300126514E-16, -1.350000000000000089 ) ) ;
#3717 = VECTOR ( 'NONE', #1805, 1000.000000000000000 ) ;
#3718 = EDGE_LOOP ( 'NONE', ( #2015, #884, #3197, #4982, #5492, #1928 ) ) ;
#3719 = DIRECTION ( 'NONE',  ( -1.000000000000000000, 0.000000000000000000, 0.000000000000000000 ) ) ;
#3720 = ADVANCED_FACE ( 'NONE', ( #2756 ), #1005, .F. ) ;
#3721 = ORIENTED_EDGE ( 'NONE', *, *, #938, .F. ) ;
#3722 = ORIENTED_EDGE ( 'NONE', *, *, #77, .T. ) ;
#3723 = AXIS2_PLACEMENT_3D ( 'NONE', #2642, #868, #4930 ) ;
#3724 = LINE ( 'NONE', #1515, #3989 ) ;
#3725 = AXIS2_PLACEMENT_3D ( 'NONE', #4585, #5503, #1924 ) ;
#3726 = DIRECTION ( 'NONE',  ( 0.000000000000000000, 0.000000000000000000, -1.000000000000000000 ) ) ;
#3727 = LINE ( 'NONE', #5577, #3706 ) ;
#3728 = DIRECTION ( 'NONE',  ( 0.07217071599778390745, -0.9973922938103979563, 0.000000000000000000 ) ) ;
#3729 = ORIENTED_EDGE ( 'NONE', *, *, #3973, .T. ) ;
#3730 = CARTESIAN_POINT ( 'NONE',  ( -2.150391155928440323, 0.5250000000000000222, -1.350000000000000089 ) ) ;
#3731 = ORIENTED_EDGE ( 'NONE', *, *, #1712, .F. ) ;
#3732 = ADVANCED_FACE ( 'NONE', ( #3217 ), #4651, .F. ) ;
#3733 = LINE ( 'NONE', #541, #1803 ) ;
#3734 = ORIENTED_EDGE ( 'NONE', *, *, #1865, .F. ) ;
#3735 = DIRECTION ( 'NONE',  ( 1.000000000000000000, -0.000000000000000000, 0.000000000000000000 ) ) ;
#3736 = DIRECTION ( 'NONE',  ( -0.000000000000000000, -1.000000000000000000, -0.000000000000000000 ) ) ;
#3737 = DIRECTION ( 'NONE',  ( 0.7071067811865489050, 0.000000000000000000, 0.7071067811865460184 ) ) ;
#3738 = ORIENTED_EDGE ( 'NONE', *, *, #2144, .F. ) ;
#3739 = LINE ( 'NONE', #5485, #2058 ) ;
#3740 = CARTESIAN_POINT ( 'NONE',  ( -2.150391155928440323, 0.5250000000000000222, 0.8000000000000000444 ) ) ;
#3741 = ORIENTED_EDGE ( 'NONE', *, *, #5046, .T. ) ;
#3742 = CYLINDRICAL_SURFACE ( 'NONE', #943, 0.02499999999999984873 ) ;
#3743 = ADVANCED_FACE ( 'NONE', ( #2424 ), #3742, .F. ) ;
#3744 = EDGE_LOOP ( 'NONE', ( #3053, #4234, #2408, #661, #804, #3208, #694, #5264 ) ) ;
#3745 = VERTEX_POINT ( 'NONE', #1060 ) ;
#3746 = VECTOR ( 'NONE', #1203, 1000.000000000000000 ) ;
#3747 = CIRCLE ( 'NONE', #1213, 0.9000000000000004663 ) ;
#3748 = PLANE ( 'NONE',  #1455 ) ;
#3749 = CARTESIAN_POINT ( 'NONE',  ( 2.055000000000000604, 1.849999999999999645, 0.9249999999999992673 ) ) ;
#3750 = DIRECTION ( 'NONE',  ( -0.000000000000000000, -1.000000000000000000, -0.000000000000000000 ) ) ;
#3751 = ORIENTED_EDGE ( 'NONE', *, *, #5642, .F. ) ;
#3752 = LINE ( 'NONE', #3335, #1074 ) ;
#3753 = AXIS2_PLACEMENT_3D ( 'NONE', #1783, #1371, #5310 ) ;
#3754 = ORIENTED_EDGE ( 'NONE', *, *, #629, .T. ) ;
#3755 = EDGE_CURVE ( 'NONE', #1008, #1689, #3852, .T. ) ;
#3756 = AXIS2_PLACEMENT_3D ( 'NONE', #2550, #4805, #732 ) ;
#3757 = ADVANCED_FACE ( 'NONE', ( #5466 ), #4204, .F. ) ;
#3758 = CARTESIAN_POINT ( 'NONE',  ( 1.420000000000000817, 1.399999999999999689, -1.554999999999999716 ) ) ;
#3759 = ORIENTED_EDGE ( 'NONE', *, *, #4498, .T. ) ;
#3760 = CARTESIAN_POINT ( 'NONE',  ( -2.055000000000000604, 1.774999999999999689, -1.136801948466050538 ) ) ;
#3761 = CARTESIAN_POINT ( 'NONE',  ( 2.021506350946110864, 1.399999999999999689, 0.7999999999999993783 ) ) ;
#3762 = DIRECTION ( 'NONE',  ( -0.2588190451025212946, 0.000000000000000000, 0.9659258262890682012 ) ) ;
#3763 = DIRECTION ( 'NONE',  ( 0.000000000000000000, 0.000000000000000000, 1.000000000000000000 ) ) ;
#3764 = ORIENTED_EDGE ( 'NONE', *, *, #4032, .F. ) ;
#3765 = CARTESIAN_POINT ( 'NONE',  ( 2.100000000000000089, 0.000000000000000000, -0.8000000000000000444 ) ) ;
#3766 = CARTESIAN_POINT ( 'NONE',  ( -1.749999999999999778, 0.1499999999999997724, 1.600000000000000089 ) ) ;
#3767 = EDGE_LOOP ( 'NONE', ( #53, #5573, #4760, #3220 ) ) ;
#3768 = EDGE_CURVE ( 'NONE', #4317, #4120, #3300, .T. ) ;
#3769 = CARTESIAN_POINT ( 'NONE',  ( -1.749999999999999778, 0.1499999999999997724, 1.600000000000000089 ) ) ;
#3770 = VERTEX_POINT ( 'NONE', #3691 ) ;
#3771 = ORIENTED_EDGE ( 'NONE', *, *, #1956, .F. ) ;
#3772 = FACE_OUTER_BOUND ( 'NONE', #2498, .T. ) ;
#3773 =( NAMED_UNIT ( * ) SI_UNIT ( $, .STERADIAN. ) SOLID_ANGLE_UNIT ( ) );
#3775 = VECTOR ( 'NONE', #872, 1000.000000000000000 ) ;
#3774 = LINE ( 'NONE', #5831, #3415 ) ;
#3776 = CARTESIAN_POINT ( 'NONE',  ( 1.749999999999999778, 0.1499999999999997724, -1.350000000000000089 ) ) ;
#3777 = ORIENTED_EDGE ( 'NONE', *, *, #810, .F. ) ;
#3778 = VECTOR ( 'NONE', #5807, 1000.000000000000000 ) ;
#3779 = CARTESIAN_POINT ( 'NONE',  ( 2.150391155928440323, 0.5250000000000000222, 0.8000000000000000444 ) ) ;
#3780 = EDGE_CURVE ( 'NONE', #5038, #2970, #2859, .T. ) ;
#3781 = ORIENTED_EDGE ( 'NONE', *, *, #482, .F. ) ;
#3782 = CARTESIAN_POINT ( 'NONE',  ( -1.429873937319055877, 1.849999999999999645, -1.479999999999999760 ) ) ;
#3783 = VERTEX_POINT ( 'NONE', #88 ) ;
#3784 = AXIS2_PLACEMENT_3D ( 'NONE', #3664, #4324, #2478 ) ;
#3785 = ADVANCED_FACE ( 'NONE', ( #5488 ), #1460, .T. ) ;
#3786 = EDGE_CURVE ( 'NONE', #2776, #141, #1485, .T. ) ;
#3787 = DIRECTION ( 'NONE',  ( 0.000000000000000000, 1.000000000000000000, 0.000000000000000000 ) ) ;
#3788 = DIRECTION ( 'NONE',  ( 0.9659258262890680902, -0.000000000000000000, -0.2588190451025212946 ) ) ;
#3789 = ORIENTED_EDGE ( 'NONE', *, *, #2383, .F. ) ;
#3790 = PLANE ( 'NONE',  #5213 ) ;
#3791 = VECTOR ( 'NONE', #3388, 1000.000000000000000 ) ;
#3792 = EDGE_LOOP ( 'NONE', ( #3307, #1434, #3881, #749 ) ) ;
#3793 = CARTESIAN_POINT ( 'NONE',  ( 2.100000000000000089, 0.1749999999999997946, 0.8000000000000000444 ) ) ;
#3794 = DIRECTION ( 'NONE',  ( -1.000000000000000000, 1.548860246407861611E-16, 0.000000000000000000 ) ) ;
#3795 = EDGE_LOOP ( 'NONE', ( #4521, #5766, #3244, #3827, #4970, #2899 ) ) ;
#3796 = CARTESIAN_POINT ( 'NONE',  ( -0.3999999999999998557, 2.700000000000000178, -0.9000000000000004663 ) ) ;
#3797 = EDGE_LOOP ( 'NONE', ( #940, #2096, #4042, #4206, #835 ) ) ;
#3798 = EDGE_LOOP ( 'NONE', ( #4605, #492, #5448, #3825, #3661, #3425, #3932, #3771 ) ) ;
#3799 = DIRECTION ( 'NONE',  ( 0.000000000000000000, -0.000000000000000000, -1.000000000000000000 ) ) ;
#3800 = PLANE ( 'NONE',  #3405 ) ;
#3801 = CARTESIAN_POINT ( 'NONE',  ( 2.024999999999999911, 1.399999999999999689, -1.600000000000000089 ) ) ;
#3802 = DIRECTION ( 'NONE',  ( 0.7071067811865485719, 0.000000000000000000, -0.7071067811865465735 ) ) ;
#3803 = ORIENTED_EDGE ( 'NONE', *, *, #2320, .T. ) ;
#3804 = CARTESIAN_POINT ( 'NONE',  ( 1.420000000000000817, 8.380151512977635164, 1.554999999999999272 ) ) ;
#3805 = EDGE_LOOP ( 'NONE', ( #3530, #243, #10, #554 ) ) ;
#3806 = ADVANCED_FACE ( 'NONE', ( #4703 ), #4261, .F. ) ;
#3807 = VECTOR ( 'NONE', #4798, 1000.000000000000000 ) ;
#3808 = FACE_OUTER_BOUND ( 'NONE', #4538, .T. ) ;
#3809 = EDGE_CURVE ( 'NONE', #284, #5639, #3006, .T. ) ;
#3810 = CARTESIAN_POINT ( 'NONE',  ( -1.749999999999999778, 0.1499999999999997724, 0.8000000000000000444 ) ) ;
#3811 = ORIENTED_EDGE ( 'NONE', *, *, #4364, .F. ) ;
#3812 = DIRECTION ( 'NONE',  ( 0.000000000000000000, 0.000000000000000000, -1.000000000000000000 ) ) ;
#3813 = FACE_OUTER_BOUND ( 'NONE', #3795, .T. ) ;
#3814 =( BOUNDED_CURVE ( )  B_SPLINE_CURVE ( 3, ( #3457, #651, #5257, #1703 ),
 .UNSPECIFIED., .F., .T. ) 
 B_SPLINE_CURVE_WITH_KNOTS ( ( 4, 4 ),
 ( 1.570796326794896558, 3.141592653589793116 ),
 .UNSPECIFIED. ) 
 CURVE ( )  GEOMETRIC_REPRESENTATION_ITEM ( )  RATIONAL_B_SPLINE_CURVE ( ( 1.000000000000000000, 0.8047378541243649375, 0.8047378541243649375, 1.000000000000000000 ) ) 
 REPRESENTATION_ITEM ( '' )  );
#3815 = CARTESIAN_POINT ( 'NONE',  ( 1.749999999999999778, -2.143131898507868051E-16, 1.600000000000000089 ) ) ;
#3816 = ORIENTED_EDGE ( 'NONE', *, *, #5583, .T. ) ;
#3817 = CARTESIAN_POINT ( 'NONE',  ( 1.749999999999999778, -2.291293393300126514E-16, 0.8000000000000000444 ) ) ;
#3818 = PLANE ( 'NONE',  #5500 ) ;
#3819 = EDGE_LOOP ( 'NONE', ( #1128, #4852, #4548, #1029 ) ) ;
#3820 = ADVANCED_FACE ( 'NONE', ( #1147 ), #3886, .F. ) ;
#3821 = EDGE_CURVE ( 'NONE', #4746, #5000, #5212, .T. ) ;
#3822 = AXIS2_PLACEMENT_3D ( 'NONE', #3715, #105, #1057 ) ;
#3823 = LINE ( 'NONE', #3444, #1092 ) ;
#3824 = FACE_OUTER_BOUND ( 'NONE', #5211, .T. ) ;
#3825 = ORIENTED_EDGE ( 'NONE', *, *, #1673, .F. ) ;
#3826 = CARTESIAN_POINT ( 'NONE',  ( 2.055000000000000604, 8.380151512977635164, -1.454999999999999627 ) ) ;
#3827 = ORIENTED_EDGE ( 'NONE', *, *, #1599, .T. ) ;
#3828 = ORIENTED_EDGE ( 'NONE', *, *, #1611, .T. ) ;
#3829 = PLANE ( 'NONE',  #4511 ) ;
#3830 = DIRECTION ( 'NONE',  ( -0.7071067811865485719, 0.000000000000000000, -0.7071067811865465735 ) ) ;
#3831 = DIRECTION ( 'NONE',  ( 0.000000000000000000, 0.000000000000000000, -1.000000000000000000 ) ) ;
#3832 = CYLINDRICAL_SURFACE ( 'NONE', #1160, 0.07499999999999992784 ) ;
#3833 = LINE ( 'NONE', #5637, #1592 ) ;
#3834 = ORIENTED_EDGE ( 'NONE', *, *, #2013, .F. ) ;
#3835 = AXIS2_PLACEMENT_3D ( 'NONE', #2196, #891, #322 ) ;
#3836 = PLANE ( 'NONE',  #1559 ) ;
#3837 = ORIENTED_EDGE ( 'NONE', *, *, #4531, .F. ) ;
#3838 = AXIS2_PLACEMENT_3D ( 'NONE', #4745, #5403, #1187 ) ;
#3839 = CARTESIAN_POINT ( 'NONE',  ( -1.370000000000000995, 1.849999999999999645, 1.463956826847687021 ) ) ;
#3840 =( GEOMETRIC_REPRESENTATION_CONTEXT ( 3 ) GLOBAL_UNCERTAINTY_ASSIGNED_CONTEXT ( ( #676 ) ) GLOBAL_UNIT_ASSIGNED_CONTEXT ( ( #4447, #2082, #1818 ) ) REPRESENTATION_CONTEXT ( 'NONE', 'WORKASPACE' ) );
#3841 = ORIENTED_EDGE ( 'NONE', *, *, #1303, .T. ) ;
#3842 = CYLINDRICAL_SURFACE ( 'NONE', #2757, 0.07499999999999998335 ) ;
#3843 = AXIS2_PLACEMENT_3D ( 'NONE', #1662, #352, #5633 ) ;
#3844 = VECTOR ( 'NONE', #1077, 1000.000000000000000 ) ;
#3845 = DIRECTION ( 'NONE',  ( 0.07217071599778383806, 0.9973922938103979563, 0.000000000000000000 ) ) ;
#3846 = DIRECTION ( 'NONE',  ( -1.000000000000000000, 0.000000000000000000, 0.000000000000000000 ) ) ;
#3847 = VERTEX_POINT ( 'NONE', #285 ) ;
#3848 = DIRECTION ( 'NONE',  ( 0.000000000000000000, 0.000000000000000000, 1.000000000000000000 ) ) ;
#3849 = CIRCLE ( 'NONE', #2446, 0.02499999999999984873 ) ;
#3850 = CARTESIAN_POINT ( 'NONE',  ( 2.021506350946109976, 1.849999999999999645, 0.7999999999999993783 ) ) ;
#3851 = ORIENTED_EDGE ( 'NONE', *, *, #408, .F. ) ;
#3852 =( BOUNDED_CURVE ( )  B_SPLINE_CURVE ( 3, ( #3268, #4593, #63, #1511 ),
 .UNSPECIFIED., .F., .F. ) 
 B_SPLINE_CURVE_WITH_KNOTS ( ( 4, 4 ),
 ( 3.926990816987236954, 4.712388980384687009 ),
 .UNSPECIFIED. ) 
 CURVE ( )  GEOMETRIC_REPRESENTATION_ITEM ( )  RATIONAL_B_SPLINE_CURVE ( ( 1.000000000000000000, 0.9492530216741910110, 0.9492530216741910110, 1.000000000000000000 ) ) 
 REPRESENTATION_ITEM ( '' )  );
#3853 = DIRECTION ( 'NONE',  ( -1.000000000000000000, 0.000000000000000000, 0.000000000000000000 ) ) ;
#3854 = CARTESIAN_POINT ( 'NONE',  ( -1.749999999999999778, -2.143131898507868051E-16, 1.600000000000000089 ) ) ;
#3855 = ORIENTED_EDGE ( 'NONE', *, *, #2383, .T. ) ;
#3856 = CARTESIAN_POINT ( 'NONE',  ( -1.749999999999999778, -2.143131898507868051E-16, 1.600000000000000089 ) ) ;
#3857 = VERTEX_POINT ( 'NONE', #1087 ) ;
#3858 = EDGE_CURVE ( 'NONE', #4609, #2366, #4802, .T. ) ;
#3859 = ORIENTED_EDGE ( 'NONE', *, *, #43, .F. ) ;
#3860 = CARTESIAN_POINT ( 'NONE',  ( -2.100000000000000089, 0.1749999999999997946, -0.8000000000000000444 ) ) ;
#3861 = LINE ( 'NONE', #1989, #681 ) ;
#3862 = DIRECTION ( 'NONE',  ( 0.000000000000000000, 0.000000000000000000, 1.000000000000000000 ) ) ;
#3863 = ORIENTED_EDGE ( 'NONE', *, *, #1738, .T. ) ;
#3864 = CARTESIAN_POINT ( 'NONE',  ( 2.055000000000000604, 1.774999999999999689, 1.136801948466050538 ) ) ;
#3865 = DIRECTION ( 'NONE',  ( 0.000000000000000000, -0.000000000000000000, -1.000000000000000000 ) ) ;
#3866 = ORIENTED_EDGE ( 'NONE', *, *, #4526, .F. ) ;
#3867 = DIRECTION ( 'NONE',  ( 6.546552552286067020E-16, 1.000000000000000000, -0.000000000000000000 ) ) ;
#3868 = ORIENTED_EDGE ( 'NONE', *, *, #1966, .T. ) ;
#3869 = CARTESIAN_POINT ( 'NONE',  ( 1.955000000000001403, 1.399999999999999689, 1.554999999999999050 ) ) ;
#3870 = AXIS2_PLACEMENT_3D ( 'NONE', #4701, #3350, #2100 ) ;
#3871 = EDGE_CURVE ( 'NONE', #3545, #1118, #190, .T. ) ;
#3872 = CARTESIAN_POINT ( 'NONE',  ( -2.000157082654852481, 1.849999999999999867, -1.070151285479565395 ) ) ;
#3873 = EDGE_LOOP ( 'NONE', ( #3655, #3242, #5149, #1711 ) ) ;
#3874 = LINE ( 'NONE', #2593, #1919 ) ;
#3875 = EDGE_CURVE ( 'NONE', #5487, #2120, #2131, .T. ) ;
#3876 = CYLINDRICAL_SURFACE ( 'NONE', #549, 0.07499999999999995559 ) ;
#3877 = ORIENTED_EDGE ( 'NONE', *, *, #5253, .T. ) ;
#3878 = AXIS2_PLACEMENT_3D ( 'NONE', #5538, #1430, #3689 ) ;
#3879 = CARTESIAN_POINT ( 'NONE',  ( 1.836066017177982790, 1.849999999999999645, -0.8750000000000000000 ) ) ;
#3880 = CARTESIAN_POINT ( 'NONE',  ( 2.025000000000000355, 1.550000000000000266, 1.525000000000000133 ) ) ;
#3881 = ORIENTED_EDGE ( 'NONE', *, *, #2166, .T. ) ;
#3882 = EDGE_CURVE ( 'NONE', #1059, #1444, #5629, .T. ) ;
#3883 = CARTESIAN_POINT ( 'NONE',  ( -2.100000000000000533, 0.1499999999999997169, 0.8000000000000000444 ) ) ;
#3884 = LINE ( 'NONE', #2575, #4821 ) ;
#3885 = ORIENTED_EDGE ( 'NONE', *, *, #1261, .T. ) ;
#3886 = PLANE ( 'NONE',  #4598 ) ;
#3887 = VECTOR ( 'NONE', #2809, 1000.000000000000000 ) ;
#3888 = ORIENTED_EDGE ( 'NONE', *, *, #1996, .F. ) ;
#3889 = ORIENTED_EDGE ( 'NONE', *, *, #3362, .T. ) ;
#3890 = DIRECTION ( 'NONE',  ( -0.2588190451025212946, 0.000000000000000000, -0.9659258262890682012 ) ) ;
#3891 =( BOUNDED_CURVE ( )  B_SPLINE_CURVE ( 3, ( #2150, #2994, #5298, #1267 ),
 .UNSPECIFIED., .F., .F. ) 
 B_SPLINE_CURVE_WITH_KNOTS ( ( 4, 4 ),
 ( 1.570796326794896558, 3.141592653589793116 ),
 .UNSPECIFIED. ) 
 CURVE ( )  GEOMETRIC_REPRESENTATION_ITEM ( )  RATIONAL_B_SPLINE_CURVE ( ( 1.000000000000000000, 0.8047378541243649375, 0.8047378541243649375, 1.000000000000000000 ) ) 
 REPRESENTATION_ITEM ( '' )  );
#3892 = DIRECTION ( 'NONE',  ( -0.07217071599778504543, 0.9973922938103978453, 0.000000000000000000 ) ) ;
#3893 = LINE ( 'NONE', #3102, #4163 ) ;
#3894 = ORIENTED_EDGE ( 'NONE', *, *, #5418, .T. ) ;
#3895 = DIRECTION ( 'NONE',  ( -0.7071067811865485719, 0.000000000000000000, -0.7071067811865465735 ) ) ;
#3896 = EDGE_CURVE ( 'NONE', #1958, #2869, #1658, .T. ) ;
#3897 = DIRECTION ( 'NONE',  ( 0.000000000000000000, 0.000000000000000000, -1.000000000000000000 ) ) ;
#3898 = VECTOR ( 'NONE', #5758, 1000.000000000000000 ) ;
#3899 = VERTEX_POINT ( 'NONE', #1628 ) ;
#3900 = EDGE_CURVE ( 'NONE', #1444, #4094, #2440, .T. ) ;
#3901 = EDGE_CURVE ( 'NONE', #496, #4731, #3325, .T. ) ;
#3902 = DIRECTION ( 'NONE',  ( -1.000000000000000000, 0.000000000000000000, 0.000000000000000000 ) ) ;
#3903 = LINE ( 'NONE', #5706, #639 ) ;
#3904 = ORIENTED_EDGE ( 'NONE', *, *, #4461, .F. ) ;
#3905 = LINE ( 'NONE', #2089, #1246 ) ;
#3906 = ORIENTED_EDGE ( 'NONE', *, *, #5736, .F. ) ;
#3907 = VECTOR ( 'NONE', #5787, 1000.000000000000000 ) ;
#3908 = EDGE_CURVE ( 'NONE', #1945, #2976, #1597, .T. ) ;
#3909 = DIRECTION ( 'NONE',  ( -0.7071067811865463515, 0.000000000000000000, -0.7071067811865487940 ) ) ;
#3910 = CARTESIAN_POINT ( 'NONE',  ( -1.295000000000001039, 1.774999999999999689, 1.310000000000000497 ) ) ;
#3911 = EDGE_LOOP ( 'NONE', ( #2702, #4652, #5728, #1593 ) ) ;
#3912 = CARTESIAN_POINT ( 'NONE',  ( -2.274543651416819579, 0.1623701247003876413, -0.8000000000000000444 ) ) ;
#3913 = DIRECTION ( 'NONE',  ( -6.546552552286067020E-16, 1.000000000000000000, 0.000000000000000000 ) ) ;
#3914 = FACE_OUTER_BOUND ( 'NONE', #2645, .T. ) ;
#3915 = EDGE_CURVE ( 'NONE', #4120, #1097, #4354, .T. ) ;
#3916 = CIRCLE ( 'NONE', #610, 0.02499999999999984873 ) ;
#3917 = LINE ( 'NONE', #2249, #3247 ) ;
#3918 = CARTESIAN_POINT ( 'NONE',  ( 1.295000000000001039, 1.774999999999999689, 1.521506350946108865 ) ) ;
#3919 = EDGE_LOOP ( 'NONE', ( #3271, #203, #865, #5565 ) ) ;
#3920 = CARTESIAN_POINT ( 'NONE',  ( -2.025000000000000355, 0.1499999999999997169, -1.525000000000000133 ) ) ;
#3921 = ORIENTED_EDGE ( 'NONE', *, *, #476, .T. ) ;
#3922 = VERTEX_POINT ( 'NONE', #5121 ) ;
#3923 = LINE ( 'NONE', #3954, #2357 ) ;
#3924 = LINE ( 'NONE', #1788, #3704 ) ;
#3925 = FACE_OUTER_BOUND ( 'NONE', #5606, .T. ) ;
#3926 = ORIENTED_EDGE ( 'NONE', *, *, #584, .F. ) ;
#3927 = LINE ( 'NONE', #4683, #4752 ) ;
#3928 = LINE ( 'NONE', #4242, #5700 ) ;
#3929 = VERTEX_POINT ( 'NONE', #4674 ) ;
#3930 = LINE ( 'NONE', #2464, #1972 ) ;
#3931 = DIRECTION ( 'NONE',  ( 1.000000000000000000, 0.000000000000000000, -0.000000000000000000 ) ) ;
#3932 = ORIENTED_EDGE ( 'NONE', *, *, #1017, .F. ) ;
#3933 = ADVANCED_FACE ( 'NONE', ( #3352 ), #5145, .T. ) ;
#3934 = CARTESIAN_POINT ( 'NONE',  ( 2.055000000000000604, 1.399999999999999689, -1.454999999999999627 ) ) ;
#3935 = ORIENTED_EDGE ( 'NONE', *, *, #1520, .T. ) ;
#3936 = EDGE_CURVE ( 'NONE', #4894, #2526, #2481, .T. ) ;
#3937 = MECHANICAL_DESIGN_GEOMETRIC_PRESENTATION_REPRESENTATION (  '', ( #3464 ), #3840 ) ;
#3938 = DIRECTION ( 'NONE',  ( -0.2588190451025212946, 0.000000000000000000, -0.9659258262890682012 ) ) ;
#3939 = CARTESIAN_POINT ( 'NONE',  ( -2.274543651416819579, 0.1623701247003876413, 1.350000000000000089 ) ) ;
#3940 = ORIENTED_EDGE ( 'NONE', *, *, #5505, .F. ) ;
#3941 = DIRECTION ( 'NONE',  ( -0.000000000000000000, 1.000000000000000000, -0.000000000000000000 ) ) ;
#3942 = VECTOR ( 'NONE', #1680, 1000.000000000000000 ) ;
#3943 = FACE_OUTER_BOUND ( 'NONE', #3252, .T. ) ;
#3944 = CIRCLE ( 'NONE', #4040, 0.07499999999999998335 ) ;
#3945 = CARTESIAN_POINT ( 'NONE',  ( -1.955000000000000959, 1.399999999999999689, -1.554999999999999494 ) ) ;
#3946 = LINE ( 'NONE', #1304, #73 ) ;
#3947 = LINE ( 'NONE', #3633, #2191 ) ;
#3948 = ORIENTED_EDGE ( 'NONE', *, *, #1667, .F. ) ;
#3949 = DIRECTION ( 'NONE',  ( 0.000000000000000000, 0.000000000000000000, -1.000000000000000000 ) ) ;
#3950 = VECTOR ( 'NONE', #4029, 1000.000000000000000 ) ;
#3951 = ADVANCED_FACE ( 'NONE', ( #5179 ), #2945, .T. ) ;
#3952 = VERTEX_POINT ( 'NONE', #4291 ) ;
#3953 = ORIENTED_EDGE ( 'NONE', *, *, #667, .T. ) ;
#3954 = CARTESIAN_POINT ( 'NONE',  ( 1.295000000000001039, 1.399999999999999689, 1.521506350946108865 ) ) ;
#3955 = EDGE_CURVE ( 'NONE', #341, #4807, #252, .T. ) ;
#3956 = CARTESIAN_POINT ( 'NONE',  ( 2.055000000000000604, 1.399999999999999689, -1.454999999999999627 ) ) ;
#3957 = ORIENTED_EDGE ( 'NONE', *, *, #3644, .T. ) ;
#3958 = DIRECTION ( 'NONE',  ( -0.2588190451025212946, 0.000000000000000000, -0.9659258262890680902 ) ) ;
#3959 = DIRECTION ( 'NONE',  ( -1.000000000000000000, -0.000000000000000000, -0.000000000000000000 ) ) ;
#3960 = CYLINDRICAL_SURFACE ( 'NONE', #1103, 0.07499999999999998335 ) ;
#3961 = VERTEX_POINT ( 'NONE', #3126 ) ;
#3962 = LINE ( 'NONE', #4873, #494 ) ;
#3963 = CARTESIAN_POINT ( 'NONE',  ( 1.295000000000001039, 1.399999999999999689, 1.521506350946108865 ) ) ;
#3964 = VERTEX_POINT ( 'NONE', #3 ) ;
#3965 = EDGE_CURVE ( 'NONE', #1277, #2927, #1752, .T. ) ;
#3966 = CARTESIAN_POINT ( 'NONE',  ( 1.429873937319055210, 1.849999999999999645, -1.479999999999999760 ) ) ;
#3967 = ORIENTED_EDGE ( 'NONE', *, *, #330, .F. ) ;
#3968 = CIRCLE ( 'NONE', #1912, 0.07499999999999998335 ) ;
#3969 = VECTOR ( 'NONE', #3909, 1000.000000000000000 ) ;
#3970 = PLANE ( 'NONE',  #180 ) ;
#3971 = DIRECTION ( 'NONE',  ( 0.07217071599778504543, 0.9973922938103978453, 0.000000000000000000 ) ) ;
#3972 = ORIENTED_EDGE ( 'NONE', *, *, #2875, .F. ) ;
#3973 = EDGE_CURVE ( 'NONE', #1521, #176, #3944, .T. ) ;
#3974 = LINE ( 'NONE', #4405, #3283 ) ;
#3975 = CARTESIAN_POINT ( 'NONE',  ( 1.749999999999999778, -2.291293393300126514E-16, 0.8000000000000000444 ) ) ;
#3976 = EDGE_CURVE ( 'NONE', #4501, #2909, #4011, .T. ) ;
#3977 = LINE ( 'NONE', #5775, #3807 ) ;
#3978 = LINE ( 'NONE', #4857, #392 ) ;
#3979 = EDGE_LOOP ( 'NONE', ( #3614, #2318, #807, #393, #3777 ) ) ;
#3980 = CARTESIAN_POINT ( 'NONE',  ( 2.047286218423175264, 1.813779798754807215, -1.089672812697728643 ) ) ;
#3981 = DIRECTION ( 'NONE',  ( 0.000000000000000000, -1.000000000000000000, 0.000000000000000000 ) ) ;
#3982 = EDGE_LOOP ( 'NONE', ( #529, #4828, #2295, #1329 ) ) ;
#3983 = VERTEX_POINT ( 'NONE', #2220 ) ;
#3984 = EDGE_CURVE ( 'NONE', #959, #590, #856, .T. ) ;
#3985 = CARTESIAN_POINT ( 'NONE',  ( -1.749999999999999778, 0.1499999999999997724, 0.8000000000000000444 ) ) ;
#3986 = LINE ( 'NONE', #864, #3039 ) ;
#3987 = ORIENTED_EDGE ( 'NONE', *, *, #2296, .T. ) ;
#3988 = DIRECTION ( 'NONE',  ( 0.7071067811865465735, 0.000000000000000000, -0.7071067811865485719 ) ) ;
#3989 = VECTOR ( 'NONE', #4160, 1000.000000000000000 ) ;
#3990 = VECTOR ( 'NONE', #198, 1000.000000000000000 ) ;
#3991 = DIRECTION ( 'NONE',  ( 0.000000000000000000, 0.000000000000000000, 1.000000000000000000 ) ) ;
#3992 = DIRECTION ( 'NONE',  ( 0.000000000000000000, 0.000000000000000000, -1.000000000000000000 ) ) ;
#3993 = EDGE_LOOP ( 'NONE', ( #4569, #2133, #251, #3385 ) ) ;
#3994 = CARTESIAN_POINT ( 'NONE',  ( -1.295000000000001039, 1.399999999999999689, -1.521506350946109309 ) ) ;
#3995 = CARTESIAN_POINT ( 'NONE',  ( 1.583768939877061577, 1.828033008588990649, 1.533033008588990498 ) ) ;
#3996 = FACE_OUTER_BOUND ( 'NONE', #5107, .T. ) ;
#3997 = ORIENTED_EDGE ( 'NONE', *, *, #5515, .F. ) ;
#3998 = DIRECTION ( 'NONE',  ( -0.7071067811865489050, 0.000000000000000000, 0.7071067811865460184 ) ) ;
#3999 = ORIENTED_EDGE ( 'NONE', *, *, #5026, .T. ) ;
#4000 = VECTOR ( 'NONE', #1967, 1000.000000000000000 ) ;
#4001 = SURFACE_STYLE_FILL_AREA ( #878 ) ;
#4002 = CARTESIAN_POINT ( 'NONE',  ( -2.021506350946109976, 1.849999999999999645, 0.7999999999999993783 ) ) ;
#4003 = ORIENTED_EDGE ( 'NONE', *, *, #438, .F. ) ;
#4004 = DIRECTION ( 'NONE',  ( 0.000000000000000000, 0.000000000000000000, -1.000000000000000000 ) ) ;
#4005 = DIRECTION ( 'NONE',  ( 0.000000000000000000, 0.000000000000000000, 1.000000000000000000 ) ) ;
#4006 = DIRECTION ( 'NONE',  ( -0.000000000000000000, -1.000000000000000000, -0.000000000000000000 ) ) ;
#4007 = AXIS2_PLACEMENT_3D ( 'NONE', #4612, #5051, #2747 ) ;
#4008 = DIRECTION ( 'NONE',  ( 0.07217071599778504543, 0.9973922938103978453, 0.000000000000000000 ) ) ;
#4009 = PLANE ( 'NONE',  #4070 ) ;
#4010 = AXIS2_PLACEMENT_3D ( 'NONE', #12, #2613, #5412 ) ;
#4011 = LINE ( 'NONE', #2252, #3576 ) ;
#4012 = EDGE_CURVE ( 'NONE', #1669, #3783, #2190, .T. ) ;
#4013 = ORIENTED_EDGE ( 'NONE', *, *, #4757, .F. ) ;
#4014 = VERTEX_POINT ( 'NONE', #443 ) ;
#4015 = LINE ( 'NONE', #2671, #3320 ) ;
#4016 = CYLINDRICAL_SURFACE ( 'NONE', #296, 1.199999999999999956 ) ;
#4017 = ORIENTED_EDGE ( 'NONE', *, *, #5558, .T. ) ;
#4018 = CARTESIAN_POINT ( 'NONE',  ( 2.100000000000000089, 0.1499999999999999667, -0.8000000000000000444 ) ) ;
#4019 = DIRECTION ( 'NONE',  ( -0.000000000000000000, -0.000000000000000000, 1.000000000000000000 ) ) ;
#4020 = CARTESIAN_POINT ( 'NONE',  ( 2.055000000000000604, 8.380151512977635164, 1.454999999999999183 ) ) ;
#4021 = ORIENTED_EDGE ( 'NONE', *, *, #1268, .F. ) ;
#4022 = DIRECTION ( 'NONE',  ( 0.000000000000000000, 0.000000000000000000, 1.000000000000000000 ) ) ;
#4023 = LINE ( 'NONE', #5471, #4618 ) ;
#4024 = DIRECTION ( 'NONE',  ( 0.000000000000000000, 0.000000000000000000, 1.000000000000000000 ) ) ;
#4025 = ORIENTED_EDGE ( 'NONE', *, *, #5253, .F. ) ;
#4026 = CARTESIAN_POINT ( 'NONE',  ( 2.025000000000000355, 0.1499999999999997169, 1.525000000000000133 ) ) ;
#4027 = ORIENTED_EDGE ( 'NONE', *, *, #5116, .T. ) ;
#4028 = LINE ( 'NONE', #168, #4552 ) ;
#4029 = DIRECTION ( 'NONE',  ( -0.000000000000000000, -1.000000000000000000, -0.000000000000000000 ) ) ;
#4030 = VERTEX_POINT ( 'NONE', #2721 ) ;
#4031 = LINE ( 'NONE', #3471, #4043 ) ;
#4032 = EDGE_CURVE ( 'NONE', #315, #3483, #4038, .T. ) ;
#4033 = ORIENTED_EDGE ( 'NONE', *, *, #132, .F. ) ;
#4034 = AXIS2_PLACEMENT_3D ( 'NONE', #1127, #5605, #2459 ) ;
#4035 = CLOSED_SHELL ( 'NONE', ( #5726, #5705, #5559, #862, #2067, #1244, #3743, #3820, #4491, #2034 ) ) ;
#4036 = CARTESIAN_POINT ( 'NONE',  ( -2.100000000000000089, 1.399999999999999689, -1.525000000000000133 ) ) ;
#4037 = CARTESIAN_POINT ( 'NONE',  ( -2.055000000000000604, 1.849999999999999645, -1.454999999999999627 ) ) ;
#4038 = LINE ( 'NONE', #1688, #2164 ) ;
#4039 = FACE_OUTER_BOUND ( 'NONE', #1295, .T. ) ;
#4040 = AXIS2_PLACEMENT_3D ( 'NONE', #3920, #4413, #2635 ) ;
#4041 = ADVANCED_FACE ( 'NONE', ( #3606 ), #1306, .T. ) ;
#4042 = ORIENTED_EDGE ( 'NONE', *, *, #3527, .T. ) ;
#4043 = VECTOR ( 'NONE', #5271, 1000.000000000000000 ) ;
#4044 = VECTOR ( 'NONE', #2794, 1000.000000000000000 ) ;
#4045 = LINE ( 'NONE', #8, #3360 ) ;
#4046 = CARTESIAN_POINT ( 'NONE',  ( -1.980000000000000426, 1.849999999999999645, -0.9348739373190565471 ) ) ;
#4047 = ORIENTED_EDGE ( 'NONE', *, *, #3875, .F. ) ;
#4048 = CYLINDRICAL_SURFACE ( 'NONE', #1491, 0.07499999999999995559 ) ;
#4049 = EDGE_CURVE ( 'NONE', #3534, #2513, #4460, .T. ) ;
#4050 = PLANE ( 'NONE',  #4010 ) ;
#4051 = VECTOR ( 'NONE', #3750, 1000.000000000000000 ) ;
#4052 = CARTESIAN_POINT ( 'NONE',  ( 2.055000000000000604, 1.549999999999997158, 1.454999999999999183 ) ) ;
#4053 = ORIENTED_EDGE ( 'NONE', *, *, #5292, .F. ) ;
#4054 = ADVANCED_FACE ( 'NONE', ( #4829 ), #5779, .F. ) ;
#4055 = PLANE ( 'NONE',  #1250 ) ;
#4056 = DIRECTION ( 'NONE',  ( -0.000000000000000000, 0.000000000000000000, 1.000000000000000000 ) ) ;
#4057 =( BOUNDED_CURVE ( )  B_SPLINE_CURVE ( 3, ( #1902, #4175, #2391, #948 ),
 .UNSPECIFIED., .F., .T. ) 
 B_SPLINE_CURVE_WITH_KNOTS ( ( 4, 4 ),
 ( 3.141592653589793116, 4.712388980384689674 ),
 .UNSPECIFIED. ) 
 CURVE ( )  GEOMETRIC_REPRESENTATION_ITEM ( )  RATIONAL_B_SPLINE_CURVE ( ( 1.000000000000000000, 0.8047378541243649375, 0.8047378541243649375, 1.000000000000000000 ) ) 
 REPRESENTATION_ITEM ( '' )  );
#4058 = DIRECTION ( 'NONE',  ( 0.9659258262890682012, 0.000000000000000000, 0.2588190451025212946 ) ) ;
#4059 = ORIENTED_EDGE ( 'NONE', *, *, #2910, .T. ) ;
#4060 = PLANE ( 'NONE',  #1883 ) ;
#4061 = ORIENTED_EDGE ( 'NONE', *, *, #3154, .T. ) ;
#4062 = EDGE_CURVE ( 'NONE', #5465, #1984, #5459, .T. ) ;
#4063 = LINE ( 'NONE', #2771, #4790 ) ;
#4064 = ORIENTED_EDGE ( 'NONE', *, *, #405, .F. ) ;
#4065 = CARTESIAN_POINT ( 'NONE',  ( -2.100000000000000533, 0.000000000000000000, 0.8000000000000000444 ) ) ;
#4066 = AXIS2_PLACEMENT_3D ( 'NONE', #1357, #5020, #4992 ) ;
#4067 = DIRECTION ( 'NONE',  ( -0.2588190451025212946, 0.000000000000000000, 0.9659258262890680902 ) ) ;
#4068 = DIRECTION ( 'NONE',  ( -0.9973922938103979563, -0.07217071599778390745, -0.000000000000000000 ) ) ;
#4069 = CARTESIAN_POINT ( 'NONE',  ( 2.021506350946109976, 8.380151512977635164, -0.8000000000000000444 ) ) ;
#4070 = AXIS2_PLACEMENT_3D ( 'NONE', #945, #3542, #4411 ) ;
#4071 = ADVANCED_FACE ( 'NONE', ( #1245 ), #888, .F. ) ;
#4072 = ORIENTED_EDGE ( 'NONE', *, *, #636, .T. ) ;
#4073 = AXIS2_PLACEMENT_3D ( 'NONE', #5400, #54, #1870 ) ;
#4074 = CARTESIAN_POINT ( 'NONE',  ( -2.021506350946109976, 1.774999999999999689, -0.8000000000000000444 ) ) ;
#4075 = PLANE ( 'NONE',  #5301 ) ;
#4076 = ORIENTED_EDGE ( 'NONE', *, *, #247, .T. ) ;
#4077 = DIRECTION ( 'NONE',  ( 0.7071067811865467956, -0.000000000000000000, 0.7071067811865483499 ) ) ;
#4078 = AXIS2_PLACEMENT_3D ( 'NONE', #4514, #829, #3323 ) ;
#4079 = ADVANCED_FACE ( 'NONE', ( #3093 ), #3158, .F. ) ;
#4080 = DIRECTION ( 'NONE',  ( -0.7071067811865465735, 0.000000000000000000, 0.7071067811865485719 ) ) ;
#4081 = DIRECTION ( 'NONE',  ( -1.000000000000000000, -0.000000000000000000, -0.000000000000000000 ) ) ;
#4082 = VERTEX_POINT ( 'NONE', #5402 ) ;
#4083 = DIRECTION ( 'NONE',  ( 0.7071067811865467956, 0.000000000000000000, -0.7071067811865483499 ) ) ;
#4084 = EDGE_CURVE ( 'NONE', #2941, #2869, #4408, .T. ) ;
#4085 = CARTESIAN_POINT ( 'NONE',  ( 1.805000000000000382, 1.399999999999999689, -0.8000000000000000444 ) ) ;
#4086 = PLANE ( 'NONE',  #1807 ) ;
#4087 = ORIENTED_EDGE ( 'NONE', *, *, #5175, .F. ) ;
#4088 = PLANE ( 'NONE',  #5147 ) ;
#4089 = AXIS2_PLACEMENT_3D ( 'NONE', #586, #1884, #5019 ) ;
#4090 = EDGE_CURVE ( 'NONE', #1469, #1486, #4506, .T. ) ;
#4091 = VERTEX_POINT ( 'NONE', #915 ) ;
#4092 = ADVANCED_FACE ( 'NONE', ( #4381 ), #349, .T. ) ;
#4093 = LINE ( 'NONE', #52, #2361 ) ;
#4094 = VERTEX_POINT ( 'NONE', #100 ) ;
#4095 = VECTOR ( 'NONE', #2914, 1000.000000000000000 ) ;
#4096 = ADVANCED_FACE ( 'NONE', ( #4978 ), #947, .T. ) ;
#4097 = AXIS2_PLACEMENT_3D ( 'NONE', #1272, #2599, #3536 ) ;
#4098 = CARTESIAN_POINT ( 'NONE',  ( 1.749999999999999778, 0.1499999999999997724, -0.8000000000000000444 ) ) ;
#4099 = DIRECTION ( 'NONE',  ( -0.000000000000000000, -1.000000000000000000, -0.000000000000000000 ) ) ;
#4100 = CARTESIAN_POINT ( 'NONE',  ( 2.055000000000000604, 1.550000000000000266, -1.454999999999999627 ) ) ;
#4101 = ORIENTED_EDGE ( 'NONE', *, *, #4012, .T. ) ;
#4102 = DIRECTION ( 'NONE',  ( 0.000000000000000000, 1.000000000000000000, 0.000000000000000000 ) ) ;
#4103 = AXIS2_PLACEMENT_3D ( 'NONE', #1608, #741, #1579 ) ;
#4104 = DIRECTION ( 'NONE',  ( 0.000000000000000000, 0.000000000000000000, -1.000000000000000000 ) ) ;
#4105 = DIRECTION ( 'NONE',  ( 0.7071067811865465735, -0.000000000000000000, 0.7071067811865485719 ) ) ;
#4106 = ORIENTED_EDGE ( 'NONE', *, *, #337, .T. ) ;
#4107 = CARTESIAN_POINT ( 'NONE',  ( -0.3999999999999998557, 9.120215047547656440, 1.100000000000000533 ) ) ;
#4108 = VERTEX_POINT ( 'NONE', #501 ) ;
#4109 = VERTEX_POINT ( 'NONE', #1925 ) ;
#4110 = LINE ( 'NONE', #1038, #585 ) ;
#4111 = DIRECTION ( 'NONE',  ( 0.000000000000000000, 0.000000000000000000, -1.000000000000000000 ) ) ;
#4112 = AXIS2_PLACEMENT_3D ( 'NONE', #5097, #4941, #2838 ) ;
#4113 = CARTESIAN_POINT ( 'NONE',  ( 1.295000000000001039, 1.550000000000000266, -1.521506350946109309 ) ) ;
#4114 = ORIENTED_EDGE ( 'NONE', *, *, #5555, .T. ) ;
#4115 = DIRECTION ( 'NONE',  ( -0.000000000000000000, -1.000000000000000000, -0.000000000000000000 ) ) ;
#4116 = EDGE_LOOP ( 'NONE', ( #2011, #4525, #3432, #1506 ) ) ;
#4117 = VECTOR ( 'NONE', #3101, 1000.000000000000114 ) ;
#4118 = EDGE_CURVE ( 'NONE', #685, #2638, #1398, .T. ) ;
#4119 = CARTESIAN_POINT ( 'NONE',  ( 1.295000000000001261, 1.818933982822017903, -1.521506350946109976 ) ) ;
#4120 = VERTEX_POINT ( 'NONE', #4100 ) ;
#4121 = ADVANCED_FACE ( 'NONE', ( #3634, #4124, #3261, #5456, #79, #1424 ), #3186, .T. ) ;
#4122 =( BOUNDED_CURVE ( )  B_SPLINE_CURVE ( 3, ( #426, #3224, #1885, #1800 ),
 .UNSPECIFIED., .F., .F. ) 
 B_SPLINE_CURVE_WITH_KNOTS ( ( 4, 4 ),
 ( 1.570796326794894116, 3.141592653589793116 ),
 .UNSPECIFIED. ) 
 CURVE ( )  GEOMETRIC_REPRESENTATION_ITEM ( )  RATIONAL_B_SPLINE_CURVE ( ( 1.000000000000000000, 0.8047378541243643824, 0.8047378541243643824, 1.000000000000000000 ) ) 
 REPRESENTATION_ITEM ( '' )  );
#4123 = CARTESIAN_POINT ( 'NONE',  ( -2.025000000000000355, 1.399999999999999689, -1.600000000000000089 ) ) ;
#4124 = FACE_BOUND ( 'NONE', #2723, .T. ) ;
#4125 = VECTOR ( 'NONE', #1822, 1000.000000000000000 ) ;
#4126 = ORIENTED_EDGE ( 'NONE', *, *, #5615, .F. ) ;
#4127 = VECTOR ( 'NONE', #4869, 1000.000000000000000 ) ;
#4128 = CARTESIAN_POINT ( 'NONE',  ( -2.299999999999999822, 0.5141743926003324860, 0.8000000000000000444 ) ) ;
#4129 = ADVANCED_FACE ( 'NONE', ( #123 ), #5531, .T. ) ;
#4130 = CARTESIAN_POINT ( 'NONE',  ( -1.295000000000001039, 1.399999999999999689, 1.310000000000000497 ) ) ;
#4131 = EDGE_LOOP ( 'NONE', ( #292, #5022, #511, #3203 ) ) ;
#4132 = DIRECTION ( 'NONE',  ( 1.000000000000000000, 0.000000000000000000, 0.000000000000000000 ) ) ;
#4133 = VECTOR ( 'NONE', #3635, 1000.000000000000000 ) ;
#4134 = AXIS2_PLACEMENT_3D ( 'NONE', #703, #1182, #2518 ) ;
#4135 = ORIENTED_EDGE ( 'NONE', *, *, #2934, .T. ) ;
#4136 = ORIENTED_EDGE ( 'NONE', *, *, #3896, .F. ) ;
#4137 = VECTOR ( 'NONE', #4563, 1000.000000000000114 ) ;
#4138 = DIRECTION ( 'NONE',  ( -0.7071067811865463515, -0.000000000000000000, -0.7071067811865486830 ) ) ;
#4139 = FACE_OUTER_BOUND ( 'NONE', #3161, .T. ) ;
#4140 = CARTESIAN_POINT ( 'NONE',  ( -0.4000000000000001887, 1.550000000000000266, -1.199999999999999956 ) ) ;
#4141 = ORIENTED_EDGE ( 'NONE', *, *, #4718, .T. ) ;
#4142 = LINE ( 'NONE', #94, #5029 ) ;
#4143 = ORIENTED_EDGE ( 'NONE', *, *, #3151, .F. ) ;
#4144 = CARTESIAN_POINT ( 'NONE',  ( 1.295000000000001039, 1.774999999999999689, -1.521506350946109309 ) ) ;
#4145 = VERTEX_POINT ( 'NONE', #3682 ) ;
#4146 = CARTESIAN_POINT ( 'NONE',  ( -2.100000000000000089, 1.399999999999999689, 1.525000000000000133 ) ) ;
#4147 = ADVANCED_FACE ( 'NONE', ( #4148 ), #5005, .T. ) ;
#4148 = FACE_OUTER_BOUND ( 'NONE', #4677, .T. ) ;
#4149 = EDGE_CURVE ( 'NONE', #141, #903, #5504, .T. ) ;
#4150 = CARTESIAN_POINT ( 'NONE',  ( -2.299999999999999822, 0.5141743926003324860, 0.8000000000000000444 ) ) ;
#4151 = EDGE_LOOP ( 'NONE', ( #3583, #2524, #2975, #2800 ) ) ;
#4152 = FACE_BOUND ( 'NONE', #1513, .T. ) ;
#4153 = AXIS2_PLACEMENT_3D ( 'NONE', #1845, #5371, #4949 ) ;
#4154 = LINE ( 'NONE', #5512, #3616 ) ;
#4155 = ORIENTED_EDGE ( 'NONE', *, *, #4490, .F. ) ;
#4156 = DIRECTION ( 'NONE',  ( -0.000000000000000000, -0.000000000000000000, -1.000000000000000000 ) ) ;
#4157 = ORIENTED_EDGE ( 'NONE', *, *, #502, .T. ) ;
#4158 = EDGE_LOOP ( 'NONE', ( #4670, #2026, #109, #5104 ) ) ;
#4159 = EDGE_CURVE ( 'NONE', #1157, #747, #5053, .T. ) ;
#4160 = DIRECTION ( 'NONE',  ( 0.000000000000000000, 0.000000000000000000, -1.000000000000000000 ) ) ;
#4161 = SURFACE_STYLE_FILL_AREA ( #4238 ) ;
#4162 = SURFACE_SIDE_STYLE ('',( #587 ) ) ;
#4163 = VECTOR ( 'NONE', #3165, 1000.000000000000114 ) ;
#4164 = CARTESIAN_POINT ( 'NONE',  ( -1.589672812697731086, 1.813779798754807215, 1.547286218423173709 ) ) ;
#4165 = ORIENTED_EDGE ( 'NONE', *, *, #2028, .F. ) ;
#4166 = DIRECTION ( 'NONE',  ( 0.000000000000000000, 0.000000000000000000, 1.000000000000000000 ) ) ;
#4167 = ORIENTED_EDGE ( 'NONE', *, *, #3218, .T. ) ;
#4168 = EDGE_CURVE ( 'NONE', #5122, #4746, #3710, .T. ) ;
#4169 = PLANE ( 'NONE',  #4691 ) ;
#4170 = VECTOR ( 'NONE', #5754, 1000.000000000000000 ) ;
#4171 = ORIENTED_EDGE ( 'NONE', *, *, #4944, .F. ) ;
#4172 = DIRECTION ( 'NONE',  ( 0.000000000000000000, 0.000000000000000000, 1.000000000000000000 ) ) ;
#4173 = EDGE_CURVE ( 'NONE', #1829, #1931, #3292, .T. ) ;
#4174 = CARTESIAN_POINT ( 'NONE',  ( 2.055000000000000604, 8.380151512977635164, 0.9249999999999992673 ) ) ;
#4175 = CARTESIAN_POINT ( 'NONE',  ( 1.420000000000002149, 1.818933982822017903, -1.554999999999999938 ) ) ;
#4176 = VECTOR ( 'NONE', #4669, 1000.000000000000227 ) ;
#4177 = DIRECTION ( 'NONE',  ( -0.000000000000000000, -1.000000000000000000, -0.000000000000000000 ) ) ;
#4178 = ORIENTED_EDGE ( 'NONE', *, *, #3532, .T. ) ;
#4179 = DIRECTION ( 'NONE',  ( -0.7071067811865465735, -0.000000000000000000, 0.7071067811865485719 ) ) ;
#4180 = ORIENTED_EDGE ( 'NONE', *, *, #1393, .T. ) ;
#4181 = LINE ( 'NONE', #3769, #640 ) ;
#4182 = ADVANCED_FACE ( 'NONE', ( #2798 ), #4586, .T. ) ;
#4183 = VERTEX_POINT ( 'NONE', #2390 ) ;
#4184 = VERTEX_POINT ( 'NONE', #1051 ) ;
#4185 = EDGE_CURVE ( 'NONE', #5487, #5720, #4613, .T. ) ;
#4186 = LINE ( 'NONE', #2763, #3147 ) ;
#4187 = SURFACE_SIDE_STYLE ('',( #3275 ) ) ;
#4188 = DIRECTION ( 'NONE',  ( -0.000000000000000000, -1.000000000000000000, -0.000000000000000000 ) ) ;
#4189 = CARTESIAN_POINT ( 'NONE',  ( -1.608295528797686558, 1.795157082654851521, 1.554999999999999272 ) ) ;
#4190 = ORIENTED_EDGE ( 'NONE', *, *, #5587, .T. ) ;
#4191 = VECTOR ( 'NONE', #1154, 1000.000000000000000 ) ;
#4192 = DIRECTION ( 'NONE',  ( 0.000000000000000000, 0.000000000000000000, -1.000000000000000000 ) ) ;
#4193 = ORIENTED_EDGE ( 'NONE', *, *, #622, .F. ) ;
#4194 = DIRECTION ( 'NONE',  ( -1.000000000000000000, -0.000000000000000000, -0.000000000000000000 ) ) ;
#4195 = ORIENTED_EDGE ( 'NONE', *, *, #326, .T. ) ;
#4196 = LINE ( 'NONE', #212, #389 ) ;
#4197 = LINE ( 'NONE', #690, #258 ) ;
#4198 = CARTESIAN_POINT ( 'NONE',  ( -1.749999999999999778, -2.291293393300126514E-16, 0.8000000000000000444 ) ) ;
#4199 = PLANE ( 'NONE',  #4643 ) ;
#4200 = VERTEX_POINT ( 'NONE', #1503 ) ;
#4201 = DIRECTION ( 'NONE',  ( -0.000000000000000000, 0.000000000000000000, 1.000000000000000000 ) ) ;
#4202 = CARTESIAN_POINT ( 'NONE',  ( 1.424089918751578088, 1.849999999999999645, 1.523933982822017752 ) ) ;
#4203 = VERTEX_POINT ( 'NONE', #5083 ) ;
#4204 = PLANE ( 'NONE',  #2174 ) ;
#4205 = ADVANCED_FACE ( 'NONE', ( #2850 ), #2283, .T. ) ;
#4206 = ORIENTED_EDGE ( 'NONE', *, *, #1401, .T. ) ;
#4207 = ORIENTED_EDGE ( 'NONE', *, *, #4062, .T. ) ;
#4208 = VECTOR ( 'NONE', #4347, 1000.000000000000114 ) ;
#4209 = DIRECTION ( 'NONE',  ( -0.7071067811865467956, 0.000000000000000000, -0.7071067811865483499 ) ) ;
#4210 =( NAMED_UNIT ( * ) PLANE_ANGLE_UNIT ( ) SI_UNIT ( $, .RADIAN. ) );
#4211 = EDGE_CURVE ( 'NONE', #224, #1336, #3443, .T. ) ;
#4212 = CARTESIAN_POINT ( 'NONE',  ( -1.583768939877062687, 1.828033008588990649, 1.533033008588990498 ) ) ;
#4213 = CIRCLE ( 'NONE', #2163, 0.1999999999999999833 ) ;
#4214 = ORIENTED_EDGE ( 'NONE', *, *, #4600, .T. ) ;
#4215 = EDGE_CURVE ( 'NONE', #429, #1867, #4197, .T. ) ;
#4216 = DIRECTION ( 'NONE',  ( -0.2588190451025212946, 0.000000000000000000, 0.9659258262890682012 ) ) ;
#4217 = VECTOR ( 'NONE', #379, 1000.000000000000000 ) ;
#4218 = ORIENTED_EDGE ( 'NONE', *, *, #566, .T. ) ;
#4219 = VECTOR ( 'NONE', #1376, 1000.000000000000000 ) ;
#4220 = DIRECTION ( 'NONE',  ( 1.000000000000000000, 1.548860246407861364E-16, -0.000000000000000000 ) ) ;
#4221 = ORIENTED_EDGE ( 'NONE', *, *, #4946, .T. ) ;
#4222 = CARTESIAN_POINT ( 'NONE',  ( -2.047286218423175264, 1.813779798754807437, -1.089672812697727533 ) ) ;
#4223 = LINE ( 'NONE', #178, #2358 ) ;
#4224 = EDGE_LOOP ( 'NONE', ( #480, #4248, #3889, #4945, #2180, #2755, #874, #4401 ) ) ;
#4225 = CARTESIAN_POINT ( 'NONE',  ( 2.055000000000000604, 1.399999999999999689, -0.9249999999999998224 ) ) ;
#4226 = PLANE ( 'NONE',  #4464 ) ;
#4227 = EDGE_LOOP ( 'NONE', ( #4013, #3904, #2483, #5392, #4645, #5798, #4883, #4737 ) ) ;
#4228 = CARTESIAN_POINT ( 'NONE',  ( -2.055000000000000604, 8.380151512977635164, -0.9249999999999999334 ) ) ;
#4229 = CARTESIAN_POINT ( 'NONE',  ( -1.963956826847687687, 1.849999999999999645, 0.8749999999999993339 ) ) ;
#4230 = VERTEX_POINT ( 'NONE', #2995 ) ;
#4231 = CARTESIAN_POINT ( 'NONE',  ( 2.150391155928440323, 0.5250000000000000222, -0.8000000000000000444 ) ) ;
#4232 = EDGE_CURVE ( 'NONE', #4689, #4746, #2004, .T. ) ;
#4233 = ORIENTED_EDGE ( 'NONE', *, *, #594, .T. ) ;
#4234 = ORIENTED_EDGE ( 'NONE', *, *, #3546, .T. ) ;
#4235 = ADVANCED_FACE ( 'NONE', ( #5169 ), #4759, .T. ) ;
#4236 = AXIS2_PLACEMENT_3D ( 'NONE', #1167, #623, #2441 ) ;
#4237 = CARTESIAN_POINT ( 'NONE',  ( -2.055000000000000604, 1.774999999999999689, 0.9249999999999992673 ) ) ;
#4238 = FILL_AREA_STYLE ('',( #3305 ) ) ;
#4239 = VECTOR ( 'NONE', #3200, 1000.000000000000000 ) ;
#4240 = LINE ( 'NONE', #199, #1212 ) ;
#4241 = VERTEX_POINT ( 'NONE', #149 ) ;
#4242 = CARTESIAN_POINT ( 'NONE',  ( -2.021506350946109976, 1.550000000000000266, -0.8000000000000000444 ) ) ;
#4243 = ORIENTED_EDGE ( 'NONE', *, *, #2218, .F. ) ;
#4244 = VECTOR ( 'NONE', #4267, 1000.000000000000000 ) ;
#4245 = DIRECTION ( 'NONE',  ( -0.7071067811865463515, 0.000000000000000000, 0.7071067811865487940 ) ) ;
#4246 = VECTOR ( 'NONE', #1050, 1000.000000000000000 ) ;
#4247 = FACE_OUTER_BOUND ( 'NONE', #4861, .T. ) ;
#4248 = ORIENTED_EDGE ( 'NONE', *, *, #447, .T. ) ;
#4249 = EDGE_CURVE ( 'NONE', #2791, #758, #5137, .T. ) ;
#4250 = EDGE_CURVE ( 'NONE', #3009, #3652, #5111, .T. ) ;
#4251 = CARTESIAN_POINT ( 'NONE',  ( -2.025000000000000355, 8.380151512977635164, 1.600000000000000089 ) ) ;
#4252 = CARTESIAN_POINT ( 'NONE',  ( 1.420000000000000817, 8.380151512977635164, 1.554999999999999272 ) ) ;
#4253 = EDGE_LOOP ( 'NONE', ( #5365, #3855, #1578, #3935, #5436, #4466, #134, #976 ) ) ;
#4254 = CARTESIAN_POINT ( 'NONE',  ( 2.024999999999999911, 1.550000000000000266, 1.600000000000000089 ) ) ;
#4255 = CARTESIAN_POINT ( 'NONE',  ( 1.295000000000001039, 8.380151512977635164, 1.310000000000000497 ) ) ;
#4256 = AXIS2_PLACEMENT_3D ( 'NONE', #2726, #1283, #354 ) ;
#4257 = ORIENTED_EDGE ( 'NONE', *, *, #4526, .T. ) ;
#4258 = LINE ( 'NONE', #3883, #3346 ) ;
#4259 = CARTESIAN_POINT ( 'NONE',  ( 1.749999999999999778, 0.1499999999999997724, 1.600000000000000089 ) ) ;
#4260 = VERTEX_POINT ( 'NONE', #5203 ) ;
#4261 = PLANE ( 'NONE',  #5416 ) ;
#4262 = ORIENTED_EDGE ( 'NONE', *, *, #4574, .F. ) ;
#4263 = ORIENTED_EDGE ( 'NONE', *, *, #2915, .F. ) ;
#4264 = DIRECTION ( 'NONE',  ( -0.9973922938103979563, -0.07217071599778390745, -0.000000000000000000 ) ) ;
#4265 = VECTOR ( 'NONE', #4166, 1000.000000000000000 ) ;
#4266 = DIRECTION ( 'NONE',  ( 0.2588190451025212946, 0.000000000000000000, 0.9659258262890682012 ) ) ;
#4267 = DIRECTION ( 'NONE',  ( 0.000000000000000000, -0.000000000000000000, -1.000000000000000000 ) ) ;
#4268 = DIRECTION ( 'NONE',  ( 0.9659258262890682012, -0.000000000000000000, 0.2588190451025213501 ) ) ;
#4269 = LINE ( 'NONE', #3332, #4975 ) ;
#4270 = VERTEX_POINT ( 'NONE', #3761 ) ;
#4271 = VECTOR ( 'NONE', #4578, 1000.000000000000000 ) ;
#4272 = CARTESIAN_POINT ( 'NONE',  ( 1.749999999999999778, 0.000000000000000000, -0.8000000000000000444 ) ) ;
#4273 = VERTEX_POINT ( 'NONE', #2443 ) ;
#4274 = VECTOR ( 'NONE', #5004, 1000.000000000000000 ) ;
#4275 = LINE ( 'NONE', #1228, #1024 ) ;
#4276 = AXIS2_PLACEMENT_3D ( 'NONE', #3804, #5227, #709 ) ;
#4277 = ORIENTED_EDGE ( 'NONE', *, *, #687, .T. ) ;
#4278 = PLANE ( 'NONE',  #2193 ) ;
#4279 = FACE_OUTER_BOUND ( 'NONE', #2858, .T. ) ;
#4280 = LINE ( 'NONE', #5589, #5641 ) ;
#4281 = ORIENTED_EDGE ( 'NONE', *, *, #1107, .F. ) ;
#4282 = EDGE_CURVE ( 'NONE', #5231, #1071, #2534, .T. ) ;
#4283 = DIRECTION ( 'NONE',  ( -0.000000000000000000, 1.000000000000000000, -0.000000000000000000 ) ) ;
#4284 = DIRECTION ( 'NONE',  ( -6.546552552286067020E-16, 1.000000000000000000, 0.000000000000000000 ) ) ;
#4285 = ORIENTED_EDGE ( 'NONE', *, *, #148, .F. ) ;
#4286 = VECTOR ( 'NONE', #5141, 1000.000000000000000 ) ;
#4287 = VECTOR ( 'NONE', #2018, 1000.000000000000000 ) ;
#4288 = FACE_OUTER_BOUND ( 'NONE', #4305, .T. ) ;
#4289 = DIRECTION ( 'NONE',  ( -0.000000000000000000, -1.000000000000000000, -0.000000000000000000 ) ) ;
#4290 = ORIENTED_EDGE ( 'NONE', *, *, #2983, .T. ) ;
#4291 = CARTESIAN_POINT ( 'NONE',  ( 2.021506350946109976, 1.550000000000000266, -0.8000000000000000444 ) ) ;
#4292 = ORIENTED_EDGE ( 'NONE', *, *, #3442, .F. ) ;
#4293 = ORIENTED_EDGE ( 'NONE', *, *, #1211, .T. ) ;
#4294 = CARTESIAN_POINT ( 'NONE',  ( 1.520900974233028391, 1.774999999999999689, -1.520900974233024838 ) ) ;
#4295 =( BOUNDED_CURVE ( )  B_SPLINE_CURVE ( 3, ( #5267, #2209, #811, #2654 ),
 .UNSPECIFIED., .F., .T. ) 
 B_SPLINE_CURVE_WITH_KNOTS ( ( 4, 4 ),
 ( 1.570796326794894782, 3.141592653589793116 ),
 .UNSPECIFIED. ) 
 CURVE ( )  GEOMETRIC_REPRESENTATION_ITEM ( )  RATIONAL_B_SPLINE_CURVE ( ( 1.000000000000000000, 0.8047378541243646044, 0.8047378541243646044, 1.000000000000000000 ) ) 
 REPRESENTATION_ITEM ( '' )  );
#4296 = EDGE_CURVE ( 'NONE', #4779, #510, #2031, .T. ) ;
#4297 = FACE_OUTER_BOUND ( 'NONE', #5468, .T. ) ;
#4298 = CARTESIAN_POINT ( 'NONE',  ( -1.570151285479568504, 1.849999999999999645, 1.500157082654850926 ) ) ;
#4299 = ORIENTED_EDGE ( 'NONE', *, *, #5666, .T. ) ;
#4300 = PLANE ( 'NONE',  #1189 ) ;
#4301 = EDGE_CURVE ( 'NONE', #2638, #5465, #3403, .T. ) ;
#4302 = PLANE ( 'NONE',  #4678 ) ;
#4303 = ORIENTED_EDGE ( 'NONE', *, *, #77, .F. ) ;
#4304 = CARTESIAN_POINT ( 'NONE',  ( -0.4000000000000001887, 1.399999999999999689, 1.199999999999999956 ) ) ;
#4305 = EDGE_LOOP ( 'NONE', ( #1106, #5112, #730, #4195, #718 ) ) ;
#4306 = VECTOR ( 'NONE', #2033, 1000.000000000000000 ) ;
#4307 = VECTOR ( 'NONE', #4877, 1000.000000000000000 ) ;
#4308 = DIRECTION ( 'NONE',  ( 0.9973922938103979563, -0.07217071599778504543, 0.000000000000000000 ) ) ;
#4309 = CARTESIAN_POINT ( 'NONE',  ( 1.420000000000000817, 1.550000000000000266, -1.554999999999999716 ) ) ;
#4310 = VECTOR ( 'NONE', #4767, 1000.000000000000000 ) ;
#4311 = ORIENTED_EDGE ( 'NONE', *, *, #5048, .T. ) ;
#4312 = DIRECTION ( 'NONE',  ( -0.07217071599778383806, -0.9973922938103979563, 0.000000000000000000 ) ) ;
#4313 = AXIS2_PLACEMENT_3D ( 'NONE', #683, #4308, #5730 ) ;
#4314 = VECTOR ( 'NONE', #3703, 1000.000000000000000 ) ;
#4315 = CYLINDRICAL_SURFACE ( 'NONE', #4236, 0.07499999999999995559 ) ;
#4316 = DIRECTION ( 'NONE',  ( -0.9659258262890682012, 0.000000000000000000, -0.2588190451025212946 ) ) ;
#4317 = VERTEX_POINT ( 'NONE', #5651 ) ;
#4318 = CYLINDRICAL_SURFACE ( 'NONE', #3272, 0.07499999999999998335 ) ;
#4319 = AXIS2_PLACEMENT_3D ( 'NONE', #140, #3728, #2019 ) ;
#4320 = CARTESIAN_POINT ( 'NONE',  ( -2.033033008588991386, 1.828033008588990649, 1.083768939877060689 ) ) ;
#4321 = ORIENTED_EDGE ( 'NONE', *, *, #3657, .T. ) ;
#4322 = EDGE_CURVE ( 'NONE', #3492, #1055, #4665, .T. ) ;
#4323 = LINE ( 'NONE', #218, #2796 ) ;
#4324 = DIRECTION ( 'NONE',  ( 1.000000000000000000, 0.000000000000000000, 0.000000000000000000 ) ) ;
#4325 = ORIENTED_EDGE ( 'NONE', *, *, #3249, .F. ) ;
#4326 = DIRECTION ( 'NONE',  ( 1.000000000000000000, 0.000000000000000000, 0.000000000000000000 ) ) ;
#4327 = EDGE_CURVE ( 'NONE', #4832, #351, #4223, .T. ) ;
#4328 = EDGE_LOOP ( 'NONE', ( #3040, #2743, #2072, #3441 ) ) ;
#4329 = VERTEX_POINT ( 'NONE', #655 ) ;
#4330 = CARTESIAN_POINT ( 'NONE',  ( 2.274543651416819579, 0.1623701247003876413, -0.8000000000000000444 ) ) ;
#4331 = DIRECTION ( 'NONE',  ( -0.000000000000000000, -1.000000000000000000, -0.000000000000000000 ) ) ;
#4332 = SURFACE_STYLE_FILL_AREA ( #229 ) ;
#4333 = ORIENTED_EDGE ( 'NONE', *, *, #644, .T. ) ;
#4334 = PLANE ( 'NONE',  #1656 ) ;
#4335 = EDGE_CURVE ( 'NONE', #387, #4230, #4280, .T. ) ;
#4336 = EDGE_LOOP ( 'NONE', ( #2258, #1965, #2385, #565, #4321, #5749, #5658, #5484 ) ) ;
#4337 = CARTESIAN_POINT ( 'NONE',  ( -1.420000000000000817, 1.399999999999999689, -1.554999999999999716 ) ) ;
#4338 = VECTOR ( 'NONE', #2662, 1000.000000000000000 ) ;
#4339 = FACE_OUTER_BOUND ( 'NONE', #1062, .T. ) ;
#4340 = EDGE_LOOP ( 'NONE', ( #5100, #5123, #5261, #1475 ) ) ;
#4341 = CARTESIAN_POINT ( 'NONE',  ( -1.348033008588992221, 1.849999999999999645, -1.363033008588991901 ) ) ;
#4342 = ORIENTED_EDGE ( 'NONE', *, *, #3349, .F. ) ;
#4343 = ADVANCED_FACE ( 'NONE', ( #2470 ), #242, .F. ) ;
#4344 = CARTESIAN_POINT ( 'NONE',  ( -1.805000000000000382, 1.399999999999999689, -0.8000000000000000444 ) ) ;
#4345 = DIRECTION ( 'NONE',  ( 1.000000000000000000, -0.000000000000000000, -0.000000000000000000 ) ) ;
#4346 = VERTEX_POINT ( 'NONE', #1617 ) ;
#4347 = DIRECTION ( 'NONE',  ( 0.07217071599778504543, 0.9973922938103978453, 0.000000000000000000 ) ) ;
#4348 = DIRECTION ( 'NONE',  ( -1.000000000000000000, -1.548860246407861611E-16, 0.000000000000000000 ) ) ;
#4349 = ORIENTED_EDGE ( 'NONE', *, *, #608, .F. ) ;
#4350 = ADVANCED_FACE ( 'NONE', ( #1588 ), #2966, .F. ) ;
#4351 = DIRECTION ( 'NONE',  ( 0.000000000000000000, -0.000000000000000000, -1.000000000000000000 ) ) ;
#4352 = DIRECTION ( 'NONE',  ( 6.546552552286067020E-16, 1.000000000000000000, 0.000000000000000000 ) ) ;
#4353 = ORIENTED_EDGE ( 'NONE', *, *, #1200, .F. ) ;
#4354 = LINE ( 'NONE', #3826, #4310 ) ;
#4355 = ORIENTED_EDGE ( 'NONE', *, *, #5442, .F. ) ;
#4356 = ORIENTED_EDGE ( 'NONE', *, *, #2425, .F. ) ;
#4357 = CARTESIAN_POINT ( 'NONE',  ( 1.955000000000000515, 1.550000000000000266, -1.554999999999999716 ) ) ;
#4358 = LINE ( 'NONE', #5576, #4557 ) ;
#4359 = ADVANCED_FACE ( 'NONE', ( #2091 ), #3876, .T. ) ;
#4360 = CARTESIAN_POINT ( 'NONE',  ( -1.805000000000000382, 1.550000000000000266, 0.7999999999999993783 ) ) ;
#4361 = EDGE_LOOP ( 'NONE', ( #1553, #4087, #1215, #4717 ) ) ;
#4362 = FACE_OUTER_BOUND ( 'NONE', #4340, .T. ) ;
#4363 = DIRECTION ( 'NONE',  ( 0.000000000000000000, 0.000000000000000000, 1.000000000000000000 ) ) ;
#4364 = EDGE_CURVE ( 'NONE', #858, #4145, #1201, .T. ) ;
#4365 = ORIENTED_EDGE ( 'NONE', *, *, #797, .F. ) ;
#4366 = DIRECTION ( 'NONE',  ( -1.000000000000000000, 0.000000000000000000, 0.000000000000000000 ) ) ;
#4367 = ORIENTED_EDGE ( 'NONE', *, *, #2515, .T. ) ;
#4368 = DIRECTION ( 'NONE',  ( 0.000000000000000000, 1.000000000000000000, 0.000000000000000000 ) ) ;
#4369 = ORIENTED_EDGE ( 'NONE', *, *, #3209, .F. ) ;
#4370 = AXIS2_PLACEMENT_3D ( 'NONE', #2588, #2461, #4363 ) ;
#4371 = CARTESIAN_POINT ( 'NONE',  ( -2.100000000000000089, 0.1499999999999997724, 0.8000000000000000444 ) ) ;
#4372 = LINE ( 'NONE', #3024, #742 ) ;
#4373 = EDGE_LOOP ( 'NONE', ( #3828, #5315, #2467, #5819 ) ) ;
#4374 = LINE ( 'NONE', #3504, #5638 ) ;
#4375 = DIRECTION ( 'NONE',  ( -0.000000000000000000, -0.000000000000000000, -1.000000000000000000 ) ) ;
#4376 = ADVANCED_FACE ( 'NONE', ( #3058 ), #782, .T. ) ;
#4377 = CARTESIAN_POINT ( 'NONE',  ( 2.000157082654852037, 1.849999999999999645, -1.070151285479566727 ) ) ;
#4378 = PLANE ( 'NONE',  #4396 ) ;
#4379 = DIRECTION ( 'NONE',  ( -0.9659258262890682012, 0.000000000000000000, 0.2588190451025212946 ) ) ;
#4380 = VERTEX_POINT ( 'NONE', #1744 ) ;
#4381 = FACE_OUTER_BOUND ( 'NONE', #1728, .T. ) ;
#4382 =( BOUNDED_CURVE ( )  B_SPLINE_CURVE ( 3, ( #4867, #1286, #1762, #357 ),
 .UNSPECIFIED., .F., .F. ) 
 B_SPLINE_CURVE_WITH_KNOTS ( ( 4, 4 ),
 ( 0.1699184547270605472, 0.9553166181245067445 ),
 .UNSPECIFIED. ) 
 CURVE ( )  GEOMETRIC_REPRESENTATION_ITEM ( )  RATIONAL_B_SPLINE_CURVE ( ( 1.000000000000000000, 0.9492530216741914550, 0.9492530216741914550, 1.000000000000000000 ) ) 
 REPRESENTATION_ITEM ( '' )  );
#4383 = ORIENTED_EDGE ( 'NONE', *, *, #4518, .F. ) ;
#4384 = ORIENTED_EDGE ( 'NONE', *, *, #3620, .F. ) ;
#4385 = FACE_OUTER_BOUND ( 'NONE', #2088, .T. ) ;
#4386 = ADVANCED_FACE ( 'NONE', ( #2624 ), #2596, .F. ) ;
#4387 = CARTESIAN_POINT ( 'NONE',  ( 2.055000000000001048, 1.818933982822017903, 0.9250000000000039302 ) ) ;
#4388 = DIRECTION ( 'NONE',  ( -1.000000000000000000, 0.000000000000000000, 0.000000000000000000 ) ) ;
#4389 = ORIENTED_EDGE ( 'NONE', *, *, #1836, .T. ) ;
#4390 = CARTESIAN_POINT ( 'NONE',  ( -1.805000000000000382, 1.550000000000000266, -0.8000000000000000444 ) ) ;
#4391 = PLANE ( 'NONE',  #2871 ) ;
#4392 = EDGE_LOOP ( 'NONE', ( #2568, #2586, #5120, #5662 ) ) ;
#4393 = DIRECTION ( 'NONE',  ( -1.000000000000000000, 0.000000000000000000, 0.000000000000000000 ) ) ;
#4394 = EDGE_CURVE ( 'NONE', #5217, #1657, #4372, .T. ) ;
#4395 = ADVANCED_FACE ( 'NONE', ( #1775 ), #4882, .T. ) ;
#4396 = AXIS2_PLACEMENT_3D ( 'NONE', #2127, #411, #4443 ) ;
#4397 = CARTESIAN_POINT ( 'NONE',  ( 1.295000000000001039, 1.550000000000000266, -1.310000000000000941 ) ) ;
#4398 = ORIENTED_EDGE ( 'NONE', *, *, #3657, .F. ) ;
#4399 = CARTESIAN_POINT ( 'NONE',  ( 1.805000000000000382, 8.380151512977635164, 0.7999999999999993783 ) ) ;
#4400 = VECTOR ( 'NONE', #1407, 999.9999999999998863 ) ;
#4401 = ORIENTED_EDGE ( 'NONE', *, *, #1446, .T. ) ;
#4402 = PRESENTATION_LAYER_ASSIGNMENT (  '', '', ( #4781 ) ) ;
#4403 = CARTESIAN_POINT ( 'NONE',  ( 2.100000000000000089, 1.399999999999999689, -1.525000000000000133 ) ) ;
#4404 = ORIENTED_EDGE ( 'NONE', *, *, #760, .F. ) ;
#4405 = CARTESIAN_POINT ( 'NONE',  ( 1.749999999999999778, 0.1499999999999997724, 1.600000000000000089 ) ) ;
#4406 = AXIS2_PLACEMENT_3D ( 'NONE', #1610, #3396, #5197 ) ;
#4407 = CARTESIAN_POINT ( 'NONE',  ( 1.749999999999999778, -2.143131898507868051E-16, 1.600000000000000089 ) ) ;
#4408 = CIRCLE ( 'NONE', #842, 0.07499999999999998335 ) ;
#4409 = DIRECTION ( 'NONE',  ( 0.000000000000000000, 0.000000000000000000, -1.000000000000000000 ) ) ;
#4410 = LINE ( 'NONE', #376, #2503 ) ;
#4411 = DIRECTION ( 'NONE',  ( -1.000000000000000000, 1.548860246407861611E-16, 0.000000000000000000 ) ) ;
#4412 = ORIENTED_EDGE ( 'NONE', *, *, #2777, .F. ) ;
#4413 = DIRECTION ( 'NONE',  ( 1.548860246407861611E-16, -1.000000000000000000, -0.000000000000000000 ) ) ;
#4414 = AXIS2_PLACEMENT_3D ( 'NONE', #2466, #2497, #2872 ) ;
#4415 = CARTESIAN_POINT ( 'NONE',  ( -2.025000000000000355, 1.399999999999999689, -1.600000000000000089 ) ) ;
#4416 = ORIENTED_EDGE ( 'NONE', *, *, #2299, .F. ) ;
#4417 = ORIENTED_EDGE ( 'NONE', *, *, #2465, .F. ) ;
#4418 = EDGE_CURVE ( 'NONE', #1236, #965, #3533, .T. ) ;
#4419 = DIRECTION ( 'NONE',  ( 1.000000000000000000, -0.000000000000000000, 0.000000000000000000 ) ) ;
#4420 = EDGE_LOOP ( 'NONE', ( #1061, #2813, #2608, #1248 ) ) ;
#4421 = LINE ( 'NONE', #4390, #1000 ) ;
#4422 = EDGE_CURVE ( 'NONE', #1971, #657, #848, .T. ) ;
#4423 = CARTESIAN_POINT ( 'NONE',  ( 2.100000000000000089, 0.1499999999999999667, 1.350000000000000089 ) ) ;
#4424 = DIRECTION ( 'NONE',  ( 0.000000000000000000, 0.000000000000000000, 1.000000000000000000 ) ) ;
#4425 = VERTEX_POINT ( 'NONE', #1810 ) ;
#4426 = PLANE ( 'NONE',  #4813 ) ;
#4427 = CARTESIAN_POINT ( 'NONE',  ( 1.295000000000001039, 1.774999999999999689, 1.310000000000000497 ) ) ;
#4428 = DIRECTION ( 'NONE',  ( 1.000000000000000000, 0.000000000000000000, 0.000000000000000000 ) ) ;
#4429 = VERTEX_POINT ( 'NONE', #4403 ) ;
#4430 = DIRECTION ( 'NONE',  ( 0.000000000000000000, -0.000000000000000000, 1.000000000000000000 ) ) ;
#4431 = ORIENTED_EDGE ( 'NONE', *, *, #1673, .T. ) ;
#4432 = AXIS2_PLACEMENT_3D ( 'NONE', #3558, #3172, #2709 ) ;
#4433 = VECTOR ( 'NONE', #3787, 1000.000000000000000 ) ;
#4434 = CIRCLE ( 'NONE', #3127, 0.1749999999999998224 ) ;
#4435 = ADVANCED_FACE ( 'NONE', ( #880 ), #1678, .T. ) ;
#4436 = ADVANCED_FACE ( 'NONE', ( #5742 ), #1710, .F. ) ;
#4437 = DIRECTION ( 'NONE',  ( 0.07217071599778383806, -0.9973922938103979563, 0.000000000000000000 ) ) ;
#4438 = CIRCLE ( 'NONE', #966, 0.07499999999999998335 ) ;
#4439 = ORIENTED_EDGE ( 'NONE', *, *, #3038, .T. ) ;
#4440 = CARTESIAN_POINT ( 'NONE',  ( 1.420000000000000817, 1.849999999999999645, -1.554999999999999716 ) ) ;
#4441 = DIRECTION ( 'NONE',  ( -0.000000000000000000, -1.000000000000000000, -0.000000000000000000 ) ) ;
#4442 = CARTESIAN_POINT ( 'NONE',  ( 0.3999999999999998557, 2.700000000000000178, 4.397732528557848481E-16 ) ) ;
#4443 = DIRECTION ( 'NONE',  ( -0.9973922938103979563, 0.07217071599778390745, 0.000000000000000000 ) ) ;
#4444 = CARTESIAN_POINT ( 'NONE',  ( -2.021506350946109976, 1.849999999999999645, -0.8000000000000000444 ) ) ;
#4445 = CIRCLE ( 'NONE', #29, 0.07499999999999998335 ) ;
#4446 = DIRECTION ( 'NONE',  ( -1.000000000000000000, -0.000000000000000000, -0.000000000000000000 ) ) ;
#4447 =( LENGTH_UNIT ( ) NAMED_UNIT ( * ) SI_UNIT ( .MILLI., .METRE. ) );
#4448 = ORIENTED_EDGE ( 'NONE', *, *, #5449, .T. ) ;
#4449 = VERTEX_POINT ( 'NONE', #4913 ) ;
#4450 = CARTESIAN_POINT ( 'NONE',  ( 1.805000000000000382, 1.550000000000000266, -0.8000000000000000444 ) ) ;
#4451 = DIRECTION ( 'NONE',  ( 0.000000000000000000, 0.000000000000000000, -1.000000000000000000 ) ) ;
#4452 = EDGE_LOOP ( 'NONE', ( #5743, #1993, #4743, #580 ) ) ;
#4453 = DIRECTION ( 'NONE',  ( -0.000000000000000000, 1.000000000000000000, -0.000000000000000000 ) ) ;
#4454 = VECTOR ( 'NONE', #293, 1000.000000000000000 ) ;
#4455 = DIRECTION ( 'NONE',  ( -0.7071067811865467956, 0.000000000000000000, -0.7071067811865483499 ) ) ;
#4456 = LINE ( 'NONE', #2232, #154 ) ;
#4457 = ORIENTED_EDGE ( 'NONE', *, *, #5695, .F. ) ;
#4458 = LINE ( 'NONE', #425, #4911 ) ;
#4459 = DIRECTION ( 'NONE',  ( -1.000000000000000000, 0.000000000000000000, 0.000000000000000000 ) ) ;
#4460 =( BOUNDED_CURVE ( )  B_SPLINE_CURVE ( 3, ( #2159, #3980, #4920, #5372 ),
 .UNSPECIFIED., .F., .T. ) 
 B_SPLINE_CURVE_WITH_KNOTS ( ( 4, 4 ),
 ( 0.1699184547270609635, 0.9553166181245082988 ),
 .UNSPECIFIED. ) 
 CURVE ( )  GEOMETRIC_REPRESENTATION_ITEM ( )  RATIONAL_B_SPLINE_CURVE ( ( 1.000000000000000000, 0.9492530216741912330, 0.9492530216741912330, 1.000000000000000000 ) ) 
 REPRESENTATION_ITEM ( '' )  );
#4461 = EDGE_CURVE ( 'NONE', #2916, #1580, #5711, .T. ) ;
#4462 = CARTESIAN_POINT ( 'NONE',  ( 2.055000000000000604, 1.399999999999999689, -0.9249999999999999334 ) ) ;
#4463 = ORIENTED_EDGE ( 'NONE', *, *, #3387, .F. ) ;
#4464 = AXIS2_PLACEMENT_3D ( 'NONE', #3641, #1980, #2879 ) ;
#4465 = CARTESIAN_POINT ( 'NONE',  ( 2.055000000000000604, 1.399999999999999689, -0.9249999999999999334 ) ) ;
#4466 = ORIENTED_EDGE ( 'NONE', *, *, #4856, .T. ) ;
#4467 = VECTOR ( 'NONE', #491, 1000.000000000000000 ) ;
#4468 = LINE ( 'NONE', #4881, #3969 ) ;
#4469 = EDGE_CURVE ( 'NONE', #668, #5217, #2023, .T. ) ;
#4470 = CARTESIAN_POINT ( 'NONE',  ( -1.295000000000001039, 1.849999999999999645, -1.310000000000000941 ) ) ;
#4471 = ORIENTED_EDGE ( 'NONE', *, *, #3708, .F. ) ;
#4472 = CARTESIAN_POINT ( 'NONE',  ( 2.100000000000000089, 0.1749999999999997946, -0.8000000000000000444 ) ) ;
#4473 = VECTOR ( 'NONE', #4019, 1000.000000000000000 ) ;
#4474 = CARTESIAN_POINT ( 'NONE',  ( 1.295000000000001039, 1.774999999999999689, 1.521506350946108865 ) ) ;
#4475 = DIRECTION ( 'NONE',  ( -0.000000000000000000, -1.000000000000000000, -0.000000000000000000 ) ) ;
#4476 = EDGE_CURVE ( 'NONE', #3680, #4203, #5299, .T. ) ;
#4477 = LINE ( 'NONE', #2693, #2760 ) ;
#4478 = VECTOR ( 'NONE', #693, 1000.000000000000000 ) ;
#4479 = DIRECTION ( 'NONE',  ( 1.000000000000000000, 0.000000000000000000, 0.000000000000000000 ) ) ;
#4480 = VERTEX_POINT ( 'NONE', #3910 ) ;
#4481 = SURFACE_STYLE_FILL_AREA ( #3068 ) ;
#4482 = VECTOR ( 'NONE', #4453, 1000.000000000000000 ) ;
#4483 = LINE ( 'NONE', #448, #4874 ) ;
#4484 = CARTESIAN_POINT ( 'NONE',  ( 0.3999999999999998557, 2.500000000000000000, 0.9000000000000004663 ) ) ;
#4485 = VERTEX_POINT ( 'NONE', #4848 ) ;
#4486 = CARTESIAN_POINT ( 'NONE',  ( -1.980000000000000426, 1.849999999999999645, -0.9348739373190565471 ) ) ;
#4487 = CARTESIAN_POINT ( 'NONE',  ( 1.955000000000000515, 1.550000000000000266, -1.554999999999999716 ) ) ;
#4488 = CARTESIAN_POINT ( 'NONE',  ( 2.025000000000000355, 0.1499999999999997169, -1.525000000000000133 ) ) ;
#4489 = EDGE_LOOP ( 'NONE', ( #783, #3816, #5199, #1292 ) ) ;
#4490 = EDGE_CURVE ( 'NONE', #4622, #2622, #5832, .T. ) ;
#4491 = ADVANCED_FACE ( 'NONE', ( #3599 ), #5395, .T. ) ;
#4492 = LINE ( 'NONE', #2646, #2002 ) ;
#4493 = LINE ( 'NONE', #4965, #2567 ) ;
#4494 = CARTESIAN_POINT ( 'NONE',  ( 2.055000000000000604, 1.849999999999999645, -0.9249999999999999334 ) ) ;
#4495 = ORIENTED_EDGE ( 'NONE', *, *, #1258, .F. ) ;
#4496 = DIRECTION ( 'NONE',  ( -1.000000000000000000, 0.000000000000000000, 0.000000000000000000 ) ) ;
#4497 = ORIENTED_EDGE ( 'NONE', *, *, #486, .T. ) ;
#4498 = EDGE_CURVE ( 'NONE', #2996, #4832, #3647, .T. ) ;
#4499 = DIRECTION ( 'NONE',  ( 1.000000000000000000, -0.000000000000000000, 0.000000000000000000 ) ) ;
#4500 = ORIENTED_EDGE ( 'NONE', *, *, #3387, .T. ) ;
#4501 = VERTEX_POINT ( 'NONE', #5768 ) ;
#4502 = AXIS2_PLACEMENT_3D ( 'NONE', #5671, #5374, #857 ) ;
#4503 = VECTOR ( 'NONE', #5357, 1000.000000000000000 ) ;
#4504 = DIRECTION ( 'NONE',  ( 0.000000000000000000, 0.000000000000000000, 1.000000000000000000 ) ) ;
#4505 = CARTESIAN_POINT ( 'NONE',  ( -2.100000000000000089, 0.1749999999999997946, -0.8000000000000000444 ) ) ;
#4506 = LINE ( 'NONE', #3574, #1021 ) ;
#4507 = AXIS2_PLACEMENT_3D ( 'NONE', #5363, #1365, #2151 ) ;
#4508 = VERTEX_POINT ( 'NONE', #3181 ) ;
#4509 = ADVANCED_FACE ( 'NONE', ( #4583 ), #3231, .T. ) ;
#4510 = DIRECTION ( 'NONE',  ( 0.000000000000000000, 0.000000000000000000, 1.000000000000000000 ) ) ;
#4511 = AXIS2_PLACEMENT_3D ( 'NONE', #4330, #1216, #671 ) ;
#4512 = VECTOR ( 'NONE', #562, 1000.000000000000000 ) ;
#4513 = CARTESIAN_POINT ( 'NONE',  ( -1.583768939877061133, 1.828033008588990871, -1.533033008588990720 ) ) ;
#4514 = CARTESIAN_POINT ( 'NONE',  ( -1.749999999999999778, -2.143131898507868051E-16, 1.600000000000000089 ) ) ;
#4515 = VERTEX_POINT ( 'NONE', #5477 ) ;
#4516 = CARTESIAN_POINT ( 'NONE',  ( -2.055000000000001048, 1.818933982822017681, -0.9250000000000048184 ) ) ;
#4517 = EDGE_CURVE ( 'NONE', #2772, #90, #1474, .T. ) ;
#4518 = EDGE_CURVE ( 'NONE', #751, #5423, #3733, .T. ) ;
#4519 = CARTESIAN_POINT ( 'NONE',  ( -1.295000000000001039, 1.774999999999999689, -1.521506350946109309 ) ) ;
#4520 = PLANE ( 'NONE',  #254 ) ;
#4521 = ORIENTED_EDGE ( 'NONE', *, *, #3439, .F. ) ;
#4522 = FACE_OUTER_BOUND ( 'NONE', #1137, .T. ) ;
#4523 = DIRECTION ( 'NONE',  ( 0.000000000000000000, 1.000000000000000000, 0.000000000000000000 ) ) ;
#4524 = LINE ( 'NONE', #1886, #469 ) ;
#4525 = ORIENTED_EDGE ( 'NONE', *, *, #1122, .F. ) ;
#4526 = EDGE_CURVE ( 'NONE', #2597, #4779, #74, .T. ) ;
#4527 = DIRECTION ( 'NONE',  ( -0.7071067811865464625, -0.000000000000000000, 0.7071067811865486830 ) ) ;
#4528 = EDGE_LOOP ( 'NONE', ( #1665, #1957, #4114, #1601 ) ) ;
#4529 = DIRECTION ( 'NONE',  ( 0.000000000000000000, 0.000000000000000000, 1.000000000000000000 ) ) ;
#4530 = ORIENTED_EDGE ( 'NONE', *, *, #5761, .F. ) ;
#4531 = EDGE_CURVE ( 'NONE', #3619, #657, #1192, .T. ) ;
#4532 = VECTOR ( 'NONE', #3592, 1000.000000000000000 ) ;
#4533 = VECTOR ( 'NONE', #2064, 1000.000000000000000 ) ;
#4534 = PLANE ( 'NONE',  #5797 ) ;
#4535 = CARTESIAN_POINT ( 'NONE',  ( 2.025000000000000355, 0.1499999999999997169, 1.600000000000000089 ) ) ;
#4536 = DIRECTION ( 'NONE',  ( -0.000000000000000000, 1.000000000000000000, -0.000000000000000000 ) ) ;
#4537 = CARTESIAN_POINT ( 'NONE',  ( 2.100000000000000089, 0.1499999999999997169, 1.600000000000000089 ) ) ;
#4538 = EDGE_LOOP ( 'NONE', ( #4923, #1263, #1499, #2484 ) ) ;
#4539 = EDGE_CURVE ( 'NONE', #1463, #5038, #939, .T. ) ;
#4540 = DIRECTION ( 'NONE',  ( 1.000000000000000000, 0.000000000000000000, 0.000000000000000000 ) ) ;
#4541 = PLANE ( 'NONE',  #3077 ) ;
#4542 = FACE_OUTER_BOUND ( 'NONE', #5375, .T. ) ;
#4543 = ORIENTED_EDGE ( 'NONE', *, *, #1920, .F. ) ;
#4544 = CARTESIAN_POINT ( 'NONE',  ( 2.100000000000000089, 0.1749999999999997946, -0.8000000000000000444 ) ) ;
#4545 = VECTOR ( 'NONE', #664, 1000.000000000000000 ) ;
#4546 = CIRCLE ( 'NONE', #588, 0.1999999999999999833 ) ;
#4547 = CARTESIAN_POINT ( 'NONE',  ( 1.805000000000000382, 1.399999999999999689, 0.7999999999999993783 ) ) ;
#4548 = ORIENTED_EDGE ( 'NONE', *, *, #1461, .T. ) ;
#4549 = EDGE_CURVE ( 'NONE', #4676, #1097, #2715, .T. ) ;
#4550 = DIRECTION ( 'NONE',  ( 0.000000000000000000, 0.000000000000000000, 1.000000000000000000 ) ) ;
#4551 = CARTESIAN_POINT ( 'NONE',  ( -2.100000000000000533, 0.1499999999999997169, -0.8000000000000000444 ) ) ;
#4552 = VECTOR ( 'NONE', #1490, 1000.000000000000000 ) ;
#4553 = EDGE_CURVE ( 'NONE', #2343, #5000, #1018, .T. ) ;
#4554 = DIRECTION ( 'NONE',  ( -0.000000000000000000, -0.000000000000000000, -1.000000000000000000 ) ) ;
#4555 = EDGE_LOOP ( 'NONE', ( #5128, #1879, #5517, #1285, #821, #3017, #4207, #1230 ) ) ;
#4556 = FACE_OUTER_BOUND ( 'NONE', #1934, .T. ) ;
#4557 = VECTOR ( 'NONE', #3355, 1000.000000000000000 ) ;
#4558 = EDGE_LOOP ( 'NONE', ( #2888, #4155, #5274, #3713 ) ) ;
#4559 = CARTESIAN_POINT ( 'NONE',  ( -1.429873937319055877, 1.849999999999999645, -1.479999999999999760 ) ) ;
#4560 = VERTEX_POINT ( 'NONE', #2745 ) ;
#4561 = EDGE_CURVE ( 'NONE', #4841, #3563, #5527, .T. ) ;
#4562 = CARTESIAN_POINT ( 'NONE',  ( -2.055000000000000604, 1.550000000000000266, 0.9249999999999992673 ) ) ;
#4563 = DIRECTION ( 'NONE',  ( -0.7071067811865463515, 0.000000000000000000, 0.7071067811865486830 ) ) ;
#4564 = EDGE_CURVE ( 'NONE', #1157, #4715, #3402, .T. ) ;
#4565 = VERTEX_POINT ( 'NONE', #495 ) ;
#4566 = VECTOR ( 'NONE', #2632, 1000.000000000000000 ) ;
#4567 = CARTESIAN_POINT ( 'NONE',  ( -2.150391155928440323, 0.5250000000000000222, 0.8000000000000000444 ) ) ;
#4568 = CYLINDRICAL_SURFACE ( 'NONE', #5578, 0.07499999999999998335 ) ;
#4569 = ORIENTED_EDGE ( 'NONE', *, *, #2963, .F. ) ;
#4570 = DIRECTION ( 'NONE',  ( -1.000000000000000000, 0.000000000000000000, -0.000000000000000000 ) ) ;
#4571 = EDGE_CURVE ( 'NONE', #2563, #1705, #1391, .T. ) ;
#4572 = ORIENTED_EDGE ( 'NONE', *, *, #1936, .T. ) ;
#4573 = EDGE_LOOP ( 'NONE', ( #4686, #3336, #2842, #2517 ) ) ;
#4574 = EDGE_CURVE ( 'NONE', #2637, #4014, #4093, .T. ) ;
#4575 = FACE_OUTER_BOUND ( 'NONE', #1918, .T. ) ;
#4576 = CARTESIAN_POINT ( 'NONE',  ( 1.295000000000001039, 1.550000000000000266, 1.310000000000000497 ) ) ;
#4577 = VERTEX_POINT ( 'NONE', #2384 ) ;
#4578 = DIRECTION ( 'NONE',  ( -0.000000000000000000, -1.000000000000000000, -0.000000000000000000 ) ) ;
#4579 = ORIENTED_EDGE ( 'NONE', *, *, #2085, .T. ) ;
#4580 = AXIS2_PLACEMENT_3D ( 'NONE', #3793, #2882, #3853 ) ;
#4581 = ADVANCED_FACE ( 'NONE', ( #4608 ), #4169, .F. ) ;
#4582 = EDGE_CURVE ( 'NONE', #2960, #117, #5052, .T. ) ;
#4583 = FACE_OUTER_BOUND ( 'NONE', #1492, .T. ) ;
#4584 = ORIENTED_EDGE ( 'NONE', *, *, #210, .T. ) ;
#4585 = CARTESIAN_POINT ( 'NONE',  ( -0.3999999999999998557, 2.500000000000000444, 4.397732528557848481E-16 ) ) ;
#4586 = PLANE ( 'NONE',  #2815 ) ;
#4587 = LINE ( 'NONE', #81, #5151 ) ;
#4588 = EDGE_CURVE ( 'NONE', #3952, #3929, #4063, .T. ) ;
#4589 = ORIENTED_EDGE ( 'NONE', *, *, #2235, .F. ) ;
#4590 = DIRECTION ( 'NONE',  ( -0.07217071599778504543, 0.9973922938103978453, 0.000000000000000000 ) ) ;
#4591 = CARTESIAN_POINT ( 'NONE',  ( 2.021506350946109976, 1.774999999999999689, 0.7999999999999993783 ) ) ;
#4592 = EDGE_LOOP ( 'NONE', ( #1640, #5590, #606, #1389 ) ) ;
#4593 = CARTESIAN_POINT ( 'NONE',  ( -2.018779798754807064, 1.842286218423173860, 1.077865067056392512 ) ) ;
#4594 = AXIS2_PLACEMENT_3D ( 'NONE', #2694, #3036, #1721 ) ;
#4595 = CIRCLE ( 'NONE', #2541, 0.07499999999999998335 ) ;
#4596 = ORIENTED_EDGE ( 'NONE', *, *, #5418, .F. ) ;
#4597 = ORIENTED_EDGE ( 'NONE', *, *, #4084, .T. ) ;
#4598 = AXIS2_PLACEMENT_3D ( 'NONE', #4231, #5598, #727 ) ;
#4599 = EDGE_CURVE ( 'NONE', #2948, #2697, #2332, .T. ) ;
#4600 = EDGE_CURVE ( 'NONE', #3652, #2916, #3849, .T. ) ;
#4601 = CARTESIAN_POINT ( 'NONE',  ( -1.805000000000000382, 1.399999999999999689, -0.8000000000000000444 ) ) ;
#4602 = LINE ( 'NONE', #3749, #3149 ) ;
#4603 = DIRECTION ( 'NONE',  ( -1.000000000000000000, 0.000000000000000000, 0.000000000000000000 ) ) ;
#4604 = AXIS2_PLACEMENT_3D ( 'NONE', #777, #4428, #1770 ) ;
#4605 = ORIENTED_EDGE ( 'NONE', *, *, #3809, .F. ) ;
#4606 = PLANE ( 'NONE',  #991 ) ;
#4607 = ORIENTED_EDGE ( 'NONE', *, *, #3000, .T. ) ;
#4608 = FACE_OUTER_BOUND ( 'NONE', #4754, .T. ) ;
#4609 = VERTEX_POINT ( 'NONE', #5584 ) ;
#4610 =( BOUNDED_CURVE ( )  B_SPLINE_CURVE ( 3, ( #712, #2529, #3872, #3285 ),
 .UNSPECIFIED., .F., .T. ) 
 B_SPLINE_CURVE_WITH_KNOTS ( ( 4, 4 ),
 ( 0.7853981633974483900, 1.570796326794896558 ),
 .UNSPECIFIED. ) 
 CURVE ( )  GEOMETRIC_REPRESENTATION_ITEM ( )  RATIONAL_B_SPLINE_CURVE ( ( 1.000000000000000000, 0.9492530216741911220, 0.9492530216741911220, 1.000000000000000000 ) ) 
 REPRESENTATION_ITEM ( '' )  );
#4611 = EDGE_CURVE ( 'NONE', #790, #2158, #3377, .T. ) ;
#4612 = CARTESIAN_POINT ( 'NONE',  ( 2.025000000000000355, 0.1499999999999997169, -1.525000000000000133 ) ) ;
#4613 = LINE ( 'NONE', #4174, #5260 ) ;
#4614 = DIRECTION ( 'NONE',  ( -1.000000000000000000, 0.000000000000000000, 0.000000000000000000 ) ) ;
#4615 = EDGE_CURVE ( 'NONE', #4937, #3009, #4721, .T. ) ;
#4616 = DIRECTION ( 'NONE',  ( 1.000000000000000000, 0.000000000000000000, 0.000000000000000000 ) ) ;
#4617 = ORIENTED_EDGE ( 'NONE', *, *, #5529, .T. ) ;
#4618 = VECTOR ( 'NONE', #899, 1000.000000000000000 ) ;
#4619 = CARTESIAN_POINT ( 'NONE',  ( -2.150391155928440323, 0.5250000000000000222, 0.8000000000000000444 ) ) ;
#4620 = VECTOR ( 'NONE', #2512, 1000.000000000000000 ) ;
#4621 = FACE_OUTER_BOUND ( 'NONE', #5497, .T. ) ;
#4622 = VERTEX_POINT ( 'NONE', #3397 ) ;
#4623 = CARTESIAN_POINT ( 'NONE',  ( -1.295000000000001039, 1.849999999999999645, 1.310000000000000497 ) ) ;
#4624 = STYLED_ITEM ( 'NONE', ( #3452 ), #1433 ) ;
#4625 = ORIENTED_EDGE ( 'NONE', *, *, #2176, .F. ) ;
#4626 = VERTEX_POINT ( 'NONE', #4309 ) ;
#4627 = CARTESIAN_POINT ( 'NONE',  ( -2.055000000000000604, 1.549999999999998046, 1.454999999999999183 ) ) ;
#4628 = DIRECTION ( 'NONE',  ( -1.000000000000000000, 0.000000000000000000, 0.000000000000000000 ) ) ;
#4629 = DIRECTION ( 'NONE',  ( -0.9659258262890680902, 0.000000000000000000, -0.2588190451025212946 ) ) ;
#4630 = AXIS2_PLACEMENT_3D ( 'NONE', #4259, #5626, #3794 ) ;
#4631 = DIRECTION ( 'NONE',  ( 0.000000000000000000, -0.000000000000000000, 1.000000000000000000 ) ) ;
#4632 = ORIENTED_EDGE ( 'NONE', *, *, #714, .F. ) ;
#4633 = CARTESIAN_POINT ( 'NONE',  ( 1.295000000000001039, 1.399999999999999689, -1.521506350946109309 ) ) ;
#4634 = VERTEX_POINT ( 'NONE', #175 ) ;
#4635 = ADVANCED_FACE ( 'NONE', ( #5198 ), #5646, .F. ) ;
#4636 = LINE ( 'NONE', #5556, #3284 ) ;
#4637 = VECTOR ( 'NONE', #4266, 1000.000000000000227 ) ;
#4638 = ORIENTED_EDGE ( 'NONE', *, *, #50, .T. ) ;
#4639 = EDGE_CURVE ( 'NONE', #3484, #3408, #145, .T. ) ;
#4640 = VECTOR ( 'NONE', #4132, 1000.000000000000000 ) ;
#4641 = DIRECTION ( 'NONE',  ( 0.000000000000000000, 0.000000000000000000, -1.000000000000000000 ) ) ;
#4642 = CARTESIAN_POINT ( 'NONE',  ( 2.047286218423175264, 1.813779798754807215, 1.089672812697727755 ) ) ;
#4643 = AXIS2_PLACEMENT_3D ( 'NONE', #2508, #4284, #245 ) ;
#4644 = DIRECTION ( 'NONE',  ( 0.000000000000000000, 0.000000000000000000, -1.000000000000000000 ) ) ;
#4645 = ORIENTED_EDGE ( 'NONE', *, *, #4615, .F. ) ;
#4646 = EDGE_CURVE ( 'NONE', #420, #335, #4636, .T. ) ;
#4647 = DIRECTION ( 'NONE',  ( 0.9973922938103979563, -0.07217071599778390745, 0.000000000000000000 ) ) ;
#4648 = EDGE_CURVE ( 'NONE', #4715, #1494, #206, .T. ) ;
#4649 = CARTESIAN_POINT ( 'NONE',  ( -1.836066017177982790, 1.849999999999999645, -0.8750000000000000000 ) ) ;
#4650 = ORIENTED_EDGE ( 'NONE', *, *, #438, .T. ) ;
#4651 = PLANE ( 'NONE',  #4791 ) ;
#4652 = ORIENTED_EDGE ( 'NONE', *, *, #2712, .T. ) ;
#4653 = EDGE_LOOP ( 'NONE', ( #1481, #5205, #633, #3685 ) ) ;
#4654 = CARTESIAN_POINT ( 'NONE',  ( -2.055000000000000604, 1.399999999999999689, 1.454999999999999183 ) ) ;
#4655 = CARTESIAN_POINT ( 'NONE',  ( 2.100000000000000089, 0.1499999999999997169, 1.600000000000000089 ) ) ;
#4656 = CARTESIAN_POINT ( 'NONE',  ( -2.100000000000000533, 0.000000000000000000, 0.8000000000000000444 ) ) ;
#4657 = ORIENTED_EDGE ( 'NONE', *, *, #5391, .F. ) ;
#4658 = PLANE ( 'NONE',  #988 ) ;
#4659 = ORIENTED_EDGE ( 'NONE', *, *, #4032, .T. ) ;
#4660 = PRESENTATION_LAYER_ASSIGNMENT (  '', '', ( #3174 ) ) ;
#4661 = DIRECTION ( 'NONE',  ( 0.9659258262890682012, -0.000000000000000000, -0.2588190451025212946 ) ) ;
#4662 = ORIENTED_EDGE ( 'NONE', *, *, #838, .T. ) ;
#4663 = EDGE_CURVE ( 'NONE', #2916, #2887, #3312, .T. ) ;
#4664 = FACE_OUTER_BOUND ( 'NONE', #4361, .T. ) ;
#4665 = LINE ( 'NONE', #4695, #4887 ) ;
#4666 = ORIENTED_EDGE ( 'NONE', *, *, #2299, .T. ) ;
#4667 = EDGE_CURVE ( 'NONE', #4480, #1375, #620, .T. ) ;
#4668 = LINE ( 'NONE', #2968, #4306 ) ;
#4669 = DIRECTION ( 'NONE',  ( 0.8164965809277249242, 0.5773502691896272854, 0.000000000000000000 ) ) ;
#4670 = ORIENTED_EDGE ( 'NONE', *, *, #2330, .F. ) ;
#4671 = CARTESIAN_POINT ( 'NONE',  ( -1.749999999999999778, -2.291293393300126514E-16, 1.350000000000000089 ) ) ;
#4672 = CARTESIAN_POINT ( 'NONE',  ( 1.429873937319055877, 1.849999999999999645, 1.479999999999999316 ) ) ;
#4673 = ORIENTED_EDGE ( 'NONE', *, *, #5778, .F. ) ;
#4674 = CARTESIAN_POINT ( 'NONE',  ( 2.021506350946109976, 1.399999999999999689, -0.8000000000000000444 ) ) ;
#4675 = ADVANCED_FACE ( 'NONE', ( #4247 ), #1072, .F. ) ;
#4676 = VERTEX_POINT ( 'NONE', #1612 ) ;
#4677 = EDGE_LOOP ( 'NONE', ( #905, #3245, #1214, #2398 ) ) ;
#4678 = AXIS2_PLACEMENT_3D ( 'NONE', #2192, #3981, #3159 ) ;
#4679 = EDGE_CURVE ( 'NONE', #176, #705, #1497, .T. ) ;
#4680 = PLANE ( 'NONE',  #3414 ) ;
#4681 = EDGE_CURVE ( 'NONE', #4030, #4183, #237, .T. ) ;
#4682 = DIRECTION ( 'NONE',  ( -0.000000000000000000, 0.000000000000000000, 1.000000000000000000 ) ) ;
#4683 = CARTESIAN_POINT ( 'NONE',  ( 2.100000000000000089, 0.1499999999999997724, 0.8000000000000000444 ) ) ;
#4684 = PLANE ( 'NONE',  #4034 ) ;
#4685 = VECTOR ( 'NONE', #1271, 1000.000000000000000 ) ;
#4686 = ORIENTED_EDGE ( 'NONE', *, *, #3371, .F. ) ;
#4687 = PLANE ( 'NONE',  #4103 ) ;
#4688 = VECTOR ( 'NONE', #2577, 1000.000000000000000 ) ;
#4689 = VERTEX_POINT ( 'NONE', #684 ) ;
#4690 = CARTESIAN_POINT ( 'NONE',  ( -2.150391155928440323, 0.5250000000000000222, -1.350000000000000089 ) ) ;
#4691 = AXIS2_PLACEMENT_3D ( 'NONE', #465, #1866, #119 ) ;
#4692 = CARTESIAN_POINT ( 'NONE',  ( -1.295000000000000595, 1.818933982822017903, 1.521506350946109087 ) ) ;
#4693 = ORIENTED_EDGE ( 'NONE', *, *, #3209, .T. ) ;
#4694 = DIRECTION ( 'NONE',  ( -0.000000000000000000, -1.000000000000000000, -0.000000000000000000 ) ) ;
#4695 = CARTESIAN_POINT ( 'NONE',  ( -1.955000000000000515, 8.380151512977635164, 1.554999999999999272 ) ) ;
#4696 = VERTEX_POINT ( 'NONE', #2436 ) ;
#4697 = LINE ( 'NONE', #5113, #2269 ) ;
#4698 = DIRECTION ( 'NONE',  ( 0.000000000000000000, 0.000000000000000000, 1.000000000000000000 ) ) ;
#4699 = ORIENTED_EDGE ( 'NONE', *, *, #2463, .F. ) ;
#4700 = CARTESIAN_POINT ( 'NONE',  ( 2.021506350946109976, 1.399999999999999689, 0.7999999999999993783 ) ) ;
#4701 = CARTESIAN_POINT ( 'NONE',  ( -0.4000000000000001887, 8.380151512977635164, 1.199999999999999956 ) ) ;
#4702 = EDGE_LOOP ( 'NONE', ( #5115, #2372, #2314, #1073 ) ) ;
#4703 = FACE_OUTER_BOUND ( 'NONE', #3256, .T. ) ;
#4704 = EDGE_LOOP ( 'NONE', ( #754, #3192, #2401, #4994 ) ) ;
#4705 = ORIENTED_EDGE ( 'NONE', *, *, #4539, .F. ) ;
#4706 = PRESENTATION_LAYER_ASSIGNMENT (  '', '', ( #3500 ) ) ;
#4707 = PLANE ( 'NONE',  #3756 ) ;
#4708 =( BOUNDED_CURVE ( )  B_SPLINE_CURVE ( 3, ( #3132, #4387, #1726, #5723 ),
 .UNSPECIFIED., .F., .F. ) 
 B_SPLINE_CURVE_WITH_KNOTS ( ( 4, 4 ),
 ( 3.141592653589793116, 4.712388980384689674 ),
 .UNSPECIFIED. ) 
 CURVE ( )  GEOMETRIC_REPRESENTATION_ITEM ( )  RATIONAL_B_SPLINE_CURVE ( ( 1.000000000000000000, 0.8047378541243649375, 0.8047378541243649375, 1.000000000000000000 ) ) 
 REPRESENTATION_ITEM ( '' )  );
#4709 = VECTOR ( 'NONE', #837, 1000.000000000000000 ) ;
#4710 = DIRECTION ( 'NONE',  ( 0.000000000000000000, 0.000000000000000000, 1.000000000000000000 ) ) ;
#4711 = CARTESIAN_POINT ( 'NONE',  ( -1.749999999999999778, 0.1499999999999997724, 1.600000000000000089 ) ) ;
#4713 = AXIS2_PLACEMENT_3D ( 'NONE', #1172, #3061, #816 ) ;
#4712 = LINE ( 'NONE', #1221, #4191 ) ;
#4714 = DIRECTION ( 'NONE',  ( 0.000000000000000000, 1.000000000000000000, 0.000000000000000000 ) ) ;
#4715 = VERTEX_POINT ( 'NONE', #3782 ) ;
#4716 = FACE_OUTER_BOUND ( 'NONE', #436, .T. ) ;
#4717 = ORIENTED_EDGE ( 'NONE', *, *, #3936, .F. ) ;
#4718 = EDGE_CURVE ( 'NONE', #4241, #1375, #5453, .T. ) ;
#4719 = DIRECTION ( 'NONE',  ( 1.548860246407861611E-16, -1.000000000000000000, -0.000000000000000000 ) ) ;
#4720 = EDGE_CURVE ( 'NONE', #5469, #5231, #2054, .T. ) ;
#4721 = LINE ( 'NONE', #1099, #2823 ) ;
#4722 = ORIENTED_EDGE ( 'NONE', *, *, #5572, .F. ) ;
#4723 = PLANE ( 'NONE',  #1143 ) ;
#4724 = VECTOR ( 'NONE', #5186, 1000.000000000000227 ) ;
#4725 = CARTESIAN_POINT ( 'NONE',  ( -2.055000000000000604, 1.399999999999999689, 1.454999999999999183 ) ) ;
#4726 = CARTESIAN_POINT ( 'NONE',  ( 1.583768939877062243, 1.828033008588990649, -1.533033008588991164 ) ) ;
#4727 = ORIENTED_EDGE ( 'NONE', *, *, #2428, .F. ) ;
#4728 = DIRECTION ( 'NONE',  ( 0.000000000000000000, 0.000000000000000000, 1.000000000000000000 ) ) ;
#4729 = EDGE_CURVE ( 'NONE', #4894, #4734, #4610, .T. ) ;
#4730 = CARTESIAN_POINT ( 'NONE',  ( 1.589672812697729753, 1.813779798754806993, 1.547286218423173487 ) ) ;
#4731 = VERTEX_POINT ( 'NONE', #4753 ) ;
#4732 = DIRECTION ( 'NONE',  ( -0.9659258262890682012, 0.000000000000000000, -0.2588190451025213501 ) ) ;
#4733 = CARTESIAN_POINT ( 'NONE',  ( -1.370000000000000995, 1.774999999999999689, 0.000000000000000000 ) ) ;
#4734 = VERTEX_POINT ( 'NONE', #1736 ) ;
#4735 = CARTESIAN_POINT ( 'NONE',  ( -2.025000000000000355, 0.1499999999999997169, -1.525000000000000133 ) ) ;
#4736 = ORIENTED_EDGE ( 'NONE', *, *, #1778, .F. ) ;
#4737 = ORIENTED_EDGE ( 'NONE', *, *, #2453, .F. ) ;
#4738 = CARTESIAN_POINT ( 'NONE',  ( -2.055000000000000604, 1.399999999999999689, 1.454999999999999183 ) ) ;
#4739 = AXIS2_PLACEMENT_3D ( 'NONE', #2841, #5498, #1493 ) ;
#4740 = LINE ( 'NONE', #5249, #2683 ) ;
#4741 = EDGE_CURVE ( 'NONE', #5347, #510, #1229, .T. ) ;
#4742 =( NAMED_UNIT ( * ) SI_UNIT ( $, .STERADIAN. ) SOLID_ANGLE_UNIT ( ) );
#4743 = ORIENTED_EDGE ( 'NONE', *, *, #5458, .T. ) ;
#4744 = DIRECTION ( 'NONE',  ( 0.2588190451025211836, 0.000000000000000000, -0.9659258262890682012 ) ) ;
#4745 = CARTESIAN_POINT ( 'NONE',  ( -2.100000000000000089, 0.1749999999999997946, 0.8000000000000000444 ) ) ;
#4746 = VERTEX_POINT ( 'NONE', #2177 ) ;
#4747 = AXIS2_PLACEMENT_3D ( 'NONE', #2112, #1129, #5194 ) ;
#4748 = CARTESIAN_POINT ( 'NONE',  ( -1.749999999999999778, -2.291293393300126514E-16, -0.8000000000000000444 ) ) ;
#4749 = ORIENTED_EDGE ( 'NONE', *, *, #4853, .F. ) ;
#4750 = AXIS2_PLACEMENT_3D ( 'NONE', #1844, #3156, #970 ) ;
#4751 = DIRECTION ( 'NONE',  ( -0.7071067811865467956, -0.000000000000000000, -0.7071067811865483499 ) ) ;
#4752 = VECTOR ( 'NONE', #5252, 1000.000000000000000 ) ;
#4753 = CARTESIAN_POINT ( 'NONE',  ( -1.749999999999999778, 0.1499999999999997169, -0.8000000000000000444 ) ) ;
#4754 = EDGE_LOOP ( 'NONE', ( #3811, #5009, #3510, #2288 ) ) ;
#4755 = FACE_OUTER_BOUND ( 'NONE', #1247, .T. ) ;
#4756 = EDGE_CURVE ( 'NONE', #4807, #1689, #3431, .T. ) ;
#4757 = EDGE_CURVE ( 'NONE', #1580, #5686, #2238, .T. ) ;
#4758 = LINE ( 'NONE', #1774, #1719 ) ;
#4759 = PLANE ( 'NONE',  #1598 ) ;
#4760 = ORIENTED_EDGE ( 'NONE', *, *, #5608, .F. ) ;
#4761 = CARTESIAN_POINT ( 'NONE',  ( -2.100000000000000089, 0.1749999999999997946, -0.8000000000000000444 ) ) ;
#4762 = DIRECTION ( 'NONE',  ( -0.7071067811865467956, 0.000000000000000000, 0.7071067811865483499 ) ) ;
#4763 = ORIENTED_EDGE ( 'NONE', *, *, #2699, .T. ) ;
#4764 = LINE ( 'NONE', #3380, #239 ) ;
#4765 = DIRECTION ( 'NONE',  ( -1.000000000000000000, 6.546552552286067020E-16, 0.000000000000000000 ) ) ;
#4766 = ORIENTED_EDGE ( 'NONE', *, *, #5583, .F. ) ;
#4767 = DIRECTION ( 'NONE',  ( -0.000000000000000000, -1.000000000000000000, -0.000000000000000000 ) ) ;
#4768 = EDGE_CURVE ( 'NONE', #120, #1236, #841, .T. ) ;
#4769 = ORIENTED_EDGE ( 'NONE', *, *, #4599, .T. ) ;
#4770 = ORIENTED_EDGE ( 'NONE', *, *, #4681, .F. ) ;
#4771 = FACE_OUTER_BOUND ( 'NONE', #4866, .T. ) ;
#4772 = CARTESIAN_POINT ( 'NONE',  ( -2.055000000000000604, 8.380151512977635164, -1.454999999999999627 ) ) ;
#4773 = DIRECTION ( 'NONE',  ( -1.000000000000000000, 0.000000000000000000, 0.000000000000000000 ) ) ;
#4774 = EDGE_LOOP ( 'NONE', ( #5409, #3062, #2438, #5586 ) ) ;
#4775 = DIRECTION ( 'NONE',  ( 1.734723475976807410E-14, 0.000000000000000000, -1.000000000000000000 ) ) ;
#4776 = FILL_AREA_STYLE_COLOUR ( '', #5534 ) ;
#4777 = ORIENTED_EDGE ( 'NONE', *, *, #2616, .F. ) ;
#4778 = CARTESIAN_POINT ( 'NONE',  ( -1.558400974233028480, 1.828033008588990649, 1.558400974233024927 ) ) ;
#4779 = VERTEX_POINT ( 'NONE', #1671 ) ;
#4780 = ADVANCED_FACE ( 'NONE', ( #4339 ), #5259, .F. ) ;
#4781 = STYLED_ITEM ( 'NONE', ( #1479 ), #5204 ) ;
#4782 = VECTOR ( 'NONE', #3538, 1000.000000000000000 ) ;
#4783 = DIRECTION ( 'NONE',  ( 0.000000000000000000, 0.000000000000000000, -1.000000000000000000 ) ) ;
#4784 = CARTESIAN_POINT ( 'NONE',  ( 1.570151285479568504, 1.849999999999999423, -1.500157082654851592 ) ) ;
#4785 = AXIS2_PLACEMENT_3D ( 'NONE', #1900, #56, #2365 ) ;
#4786 = VERTEX_POINT ( 'NONE', #2560 ) ;
#4787 = DIRECTION ( 'NONE',  ( 0.000000000000000000, 0.000000000000000000, -1.000000000000000000 ) ) ;
#4788 = EDGE_CURVE ( 'NONE', #1387, #1042, #5325, .T. ) ;
#4789 = VECTOR ( 'NONE', #2598, 1000.000000000000000 ) ;
#4790 = VECTOR ( 'NONE', #520, 1000.000000000000000 ) ;
#4791 = AXIS2_PLACEMENT_3D ( 'NONE', #2781, #1955, #3666 ) ;
#4792 = CARTESIAN_POINT ( 'NONE',  ( -2.055000000000000604, 8.380151512977635164, 0.9249999999999992673 ) ) ;
#4793 = EDGE_LOOP ( 'NONE', ( #536, #5652, #3313, #3670 ) ) ;
#4794 = DIRECTION ( 'NONE',  ( -0.07217071599778383806, 0.9973922938103979563, 0.000000000000000000 ) ) ;
#4795 = CARTESIAN_POINT ( 'NONE',  ( 2.055000000000000604, 1.550000000000000266, 1.454999999999999183 ) ) ;
#4796 = VERTEX_POINT ( 'NONE', #2591 ) ;
#4797 = ADVANCED_FACE ( 'NONE', ( #1291 ), #1194, .F. ) ;
#4798 = DIRECTION ( 'NONE',  ( -1.000000000000000000, -0.000000000000000000, -0.000000000000000000 ) ) ;
#4799 = CARTESIAN_POINT ( 'NONE',  ( 1.326066017177983225, 1.849999999999999423, 1.497668557556425029 ) ) ;
#4800 = EDGE_LOOP ( 'NONE', ( #1596, #5314, #5815, #3479 ) ) ;
#4801 = ADVANCED_FACE ( 'NONE', ( #4875 ), #2988, .F. ) ;
#4802 = LINE ( 'NONE', #1539, #1417 ) ;
#4803 = ORIENTED_EDGE ( 'NONE', *, *, #2108, .T. ) ;
#4804 = ORIENTED_EDGE ( 'NONE', *, *, #1451, .T. ) ;
#4805 = DIRECTION ( 'NONE',  ( -0.000000000000000000, 1.000000000000000000, 0.000000000000000000 ) ) ;
#4806 = LINE ( 'NONE', #2456, #3791 ) ;
#4807 = VERTEX_POINT ( 'NONE', #2116 ) ;
#4808 = DIRECTION ( 'NONE',  ( 0.000000000000000000, 0.000000000000000000, 1.000000000000000000 ) ) ;
#4809 = FACE_OUTER_BOUND ( 'NONE', #2253, .T. ) ;
#4810 = ORIENTED_EDGE ( 'NONE', *, *, #274, .F. ) ;
#4811 = COLOUR_RGB ( '',1.000000000000000000, 1.000000000000000000, 1.000000000000000000 ) ;
#4812 = CYLINDRICAL_SURFACE ( 'NONE', #5457, 0.07499999999999998335 ) ;
#4813 = AXIS2_PLACEMENT_3D ( 'NONE', #3621, #456, #2203 ) ;
#4814 = EDGE_CURVE ( 'NONE', #1336, #2622, #191, .T. ) ;
#4815 = DIRECTION ( 'NONE',  ( 1.000000000000000000, 0.000000000000000000, 0.000000000000000000 ) ) ;
#4816 = ORIENTED_EDGE ( 'NONE', *, *, #985, .T. ) ;
#4817 = CARTESIAN_POINT ( 'NONE',  ( 1.370000000000000995, 1.774999999999999689, 0.000000000000000000 ) ) ;
#4818 = ORIENTED_EDGE ( 'NONE', *, *, #1045, .F. ) ;
#4819 =( NAMED_UNIT ( * ) SI_UNIT ( $, .STERADIAN. ) SOLID_ANGLE_UNIT ( ) );
#4820 = VERTEX_POINT ( 'NONE', #397 ) ;
#4821 = VECTOR ( 'NONE', #789, 1000.000000000000114 ) ;
#4822 = LINE ( 'NONE', #373, #4979 ) ;
#4823 = LINE ( 'NONE', #3850, #2691 ) ;
#4824 = DIRECTION ( 'NONE',  ( -0.2588190451025213501, 0.000000000000000000, -0.9659258262890682012 ) ) ;
#4825 = EDGE_CURVE ( 'NONE', #2152, #4796, #3903, .T. ) ;
#4826 = DIRECTION ( 'NONE',  ( 0.000000000000000000, -1.000000000000000000, 0.000000000000000000 ) ) ;
#4827 = FACE_OUTER_BOUND ( 'NONE', #2340, .T. ) ;
#4828 = ORIENTED_EDGE ( 'NONE', *, *, #2751, .F. ) ;
#4829 = FACE_OUTER_BOUND ( 'NONE', #3919, .T. ) ;
#4830 = ORIENTED_EDGE ( 'NONE', *, *, #3490, .T. ) ;
#4831 = ADVANCED_FACE ( 'NONE', ( #3996 ), #3494, .T. ) ;
#4832 = VERTEX_POINT ( 'NONE', #1262 ) ;
#4833 = DIRECTION ( 'NONE',  ( 1.000000000000000000, -0.000000000000000000, -0.000000000000000000 ) ) ;
#4834 = ADVANCED_FACE ( 'NONE', ( #3052 ), #5355, .T. ) ;
#4835 = DIRECTION ( 'NONE',  ( 1.000000000000000000, 1.548860246407861611E-16, 0.000000000000000000 ) ) ;
#4836 = DIRECTION ( 'NONE',  ( 1.000000000000000000, 0.000000000000000000, 0.000000000000000000 ) ) ;
#4837 = VERTEX_POINT ( 'NONE', #3113 ) ;
#4838 = DIRECTION ( 'NONE',  ( 0.000000000000000000, 1.000000000000000000, 0.000000000000000000 ) ) ;
#4839 =( BOUNDED_CURVE ( )  B_SPLINE_CURVE ( 3, ( #5380, #4516, #1729, #4486 ),
 .UNSPECIFIED., .F., .F. ) 
 B_SPLINE_CURVE_WITH_KNOTS ( ( 4, 4 ),
 ( 3.141592653589793116, 4.712388980384690562 ),
 .UNSPECIFIED. ) 
 CURVE ( )  GEOMETRIC_REPRESENTATION_ITEM ( )  RATIONAL_B_SPLINE_CURVE ( ( 1.000000000000000000, 0.8047378541243648264, 0.8047378541243648264, 1.000000000000000000 ) ) 
 REPRESENTATION_ITEM ( '' )  );
#4840 = FACE_OUTER_BOUND ( 'NONE', #3718, .T. ) ;
#4841 = VERTEX_POINT ( 'NONE', #2619 ) ;
#4842 = PLANE ( 'NONE',  #2929 ) ;
#4843 = CARTESIAN_POINT ( 'NONE',  ( -2.100000000000000089, 0.1749999999999997946, 0.8000000000000000444 ) ) ;
#4844 = VERTEX_POINT ( 'NONE', #4397 ) ;
#4845 = DIRECTION ( 'NONE',  ( 0.000000000000000000, 0.000000000000000000, 1.000000000000000000 ) ) ;
#4846 = ORIENTED_EDGE ( 'NONE', *, *, #4215, .T. ) ;
#4847 = LINE ( 'NONE', #5710, #1913 ) ;
#4848 = CARTESIAN_POINT ( 'NONE',  ( -1.805000000000000382, 1.774999999999999689, -0.8000000000000000444 ) ) ;
#4849 = ORIENTED_EDGE ( 'NONE', *, *, #2097, .T. ) ;
#4850 = CARTESIAN_POINT ( 'NONE',  ( -1.295000000000001039, 1.399999999999999689, -1.521506350946109309 ) ) ;
#4851 = DIRECTION ( 'NONE',  ( 1.000000000000000000, 0.000000000000000000, 0.000000000000000000 ) ) ;
#4852 = ORIENTED_EDGE ( 'NONE', *, *, #5273, .F. ) ;
#4853 = EDGE_CURVE ( 'NONE', #1379, #4796, #4905, .T. ) ;
#4854 = VECTOR ( 'NONE', #5424, 1000.000000000000000 ) ;
#4855 = CARTESIAN_POINT ( 'NONE',  ( -1.326066017177983003, 1.849999999999999645, -1.322867965644036969 ) ) ;
#4856 = EDGE_CURVE ( 'NONE', #3929, #4676, #2680, .T. ) ;
#4857 = CARTESIAN_POINT ( 'NONE',  ( -2.299999999999999822, 0.5141743926003324860, -1.350000000000000089 ) ) ;
#4858 = ORIENTED_EDGE ( 'NONE', *, *, #4741, .F. ) ;
#4859 = DIRECTION ( 'NONE',  ( -0.2588190451025212946, 0.000000000000000000, 0.9659258262890680902 ) ) ;
#4860 = AXIS2_PLACEMENT_3D ( 'NONE', #1482, #2753, #4104 ) ;
#4861 = EDGE_LOOP ( 'NONE', ( #1797, #1723, #4650, #4165 ) ) ;
#4862 = ORIENTED_EDGE ( 'NONE', *, *, #1199, .F. ) ;
#4863 = CARTESIAN_POINT ( 'NONE',  ( 1.749999999999999778, -2.143131898507868051E-16, 1.600000000000000089 ) ) ;
#4864 = DIRECTION ( 'NONE',  ( 1.000000000000000000, 0.000000000000000000, 0.000000000000000000 ) ) ;
#4865 = PLANE ( 'NONE',  #4078 ) ;
#4866 = EDGE_LOOP ( 'NONE', ( #1954, #1745, #364, #710, #2605, #5828, #5599, #4106 ) ) ;
#4867 = CARTESIAN_POINT ( 'NONE',  ( -2.033033008588991386, 1.828033008588990649, 1.083768939877060689 ) ) ;
#4868 = DIRECTION ( 'NONE',  ( 0.000000000000000000, 0.000000000000000000, 1.000000000000000000 ) ) ;
#4869 = DIRECTION ( 'NONE',  ( 1.000000000000000000, -0.000000000000000000, -0.000000000000000000 ) ) ;
#4870 = ORIENTED_EDGE ( 'NONE', *, *, #1084, .F. ) ;
#4871 = EDGE_CURVE ( 'NONE', #1174, #5423, #1833, .T. ) ;
#4872 = EDGE_CURVE ( 'NONE', #4014, #2075, #4524, .T. ) ;
#4873 = CARTESIAN_POINT ( 'NONE',  ( -1.295000000000001039, 8.380151512977635164, 1.521506350946108865 ) ) ;
#4874 = VECTOR ( 'NONE', #2256, 1000.000000000000227 ) ;
#4875 = FACE_OUTER_BOUND ( 'NONE', #2149, .T. ) ;
#4876 = EDGE_LOOP ( 'NONE', ( #2455, #2132, #2248, #4277 ) ) ;
#4877 = DIRECTION ( 'NONE',  ( -0.000000000000000000, -1.000000000000000000, -0.000000000000000000 ) ) ;
#4878 = CLOSED_SHELL ( 'NONE', ( #2583, #4581, #4834, #1785, #4635, #3143, #5270, #2961, #670, #4079 ) ) ;
#4879 = EDGE_LOOP ( 'NONE', ( #3333, #2641, #1188, #1724 ) ) ;
#4880 = CIRCLE ( 'NONE', #3838, 0.1749999999999998224 ) ;
#4881 = CARTESIAN_POINT ( 'NONE',  ( -1.805000000000000382, 1.550000000000000266, 0.7999999999999993783 ) ) ;
#4882 = PLANE ( 'NONE',  #2643 ) ;
#4883 = ORIENTED_EDGE ( 'NONE', *, *, #2922, .F. ) ;
#4884 = LINE ( 'NONE', #5302, #4685 ) ;
#4885 = VECTOR ( 'NONE', #2134, 999.9999999999998863 ) ;
#4886 = CARTESIAN_POINT ( 'NONE',  ( 1.955000000000000515, 1.849999999999999645, 1.554999999999999272 ) ) ;
#4887 = VECTOR ( 'NONE', #213, 1000.000000000000000 ) ;
#4888 = CARTESIAN_POINT ( 'NONE',  ( 1.980000000000000426, 1.849999999999999645, -1.061801948466051915 ) ) ;
#4889 = LINE ( 'NONE', #3572, #812 ) ;
#4890 = DIRECTION ( 'NONE',  ( 0.2588190451025212946, 0.000000000000000000, 0.9659258262890682012 ) ) ;
#4891 = CARTESIAN_POINT ( 'NONE',  ( -2.025000000000000355, 1.399999999999999689, -1.525000000000000133 ) ) ;
#4892 = AXIS2_PLACEMENT_3D ( 'NONE', #1418, #3679, #4529 ) ;
#4893 = CARTESIAN_POINT ( 'NONE',  ( 0.000000000000000000, 1.774999999999999689, 0.8749999999999993339 ) ) ;
#4894 = VERTEX_POINT ( 'NONE', #2787 ) ;
#4895 = EDGE_LOOP ( 'NONE', ( #5643, #477, #4572, #4777 ) ) ;
#4896 = FACE_OUTER_BOUND ( 'NONE', #3805, .T. ) ;
#4897 = CARTESIAN_POINT ( 'NONE',  ( -1.370000000000000995, 1.849999999999999645, -1.463956826847687243 ) ) ;
#4898 = ORIENTED_EDGE ( 'NONE', *, *, #3349, .T. ) ;
#4899 = CARTESIAN_POINT ( 'NONE',  ( 1.949061913974429849, 1.849999999999999645, 0.8194114283826890999 ) ) ;
#4900 = LINE ( 'NONE', #3073, #702 ) ;
#4901 = LINE ( 'NONE', #869, #5827 ) ;
#4902 = ORIENTED_EDGE ( 'NONE', *, *, #2833, .T. ) ;
#4903 = CARTESIAN_POINT ( 'NONE',  ( 0.4000000000000001887, 1.399999999999999689, -1.199999999999999956 ) ) ;
#4904 = CARTESIAN_POINT ( 'NONE',  ( 1.295000000000001039, 8.380151512977635164, 1.310000000000000497 ) ) ;
#4905 = LINE ( 'NONE', #362, #2819 ) ;
#4906 = ORIENTED_EDGE ( 'NONE', *, *, #644, .F. ) ;
#4907 = DIRECTION ( 'NONE',  ( 1.000000000000000000, 0.000000000000000000, -0.000000000000000000 ) ) ;
#4908 = ORIENTED_EDGE ( 'NONE', *, *, #4211, .F. ) ;
#4909 = ADVANCED_FACE ( 'NONE', ( #5445 ), #3674, .T. ) ;
#4910 =( BOUNDED_CURVE ( )  B_SPLINE_CURVE ( 3, ( #4912, #5235, #338, #1198 ),
 .UNSPECIFIED., .F., .T. ) 
 B_SPLINE_CURVE_WITH_KNOTS ( ( 4, 4 ),
 ( 1.570796326794899445, 3.141592653589793116 ),
 .UNSPECIFIED. ) 
 CURVE ( )  GEOMETRIC_REPRESENTATION_ITEM ( )  RATIONAL_B_SPLINE_CURVE ( ( 1.000000000000000000, 0.8047378541243657146, 0.8047378541243657146, 1.000000000000000000 ) ) 
 REPRESENTATION_ITEM ( '' )  );
#4911 = VECTOR ( 'NONE', #3171, 1000.000000000000000 ) ;
#4912 = CARTESIAN_POINT ( 'NONE',  ( 1.963956826847687687, 1.849999999999999645, -0.8750000000000000000 ) ) ;
#4913 = CARTESIAN_POINT ( 'NONE',  ( 2.100000000000000089, 0.1499999999999997169, -0.7999999999999997113 ) ) ;
#4914 = VECTOR ( 'NONE', #2027, 1000.000000000000000 ) ;
#4915 = ORIENTED_EDGE ( 'NONE', *, *, #4518, .T. ) ;
#4916 = LINE ( 'NONE', #5366, #3942 ) ;
#4917 = LINE ( 'NONE', #3155, #934 ) ;
#4918 = CARTESIAN_POINT ( 'NONE',  ( -2.021506350946109976, 1.550000000000000266, 0.7999999999999993783 ) ) ;
#4919 = DIRECTION ( 'NONE',  ( -0.2588190451025213501, 0.000000000000000000, 0.9659258262890682012 ) ) ;
#4920 = CARTESIAN_POINT ( 'NONE',  ( 2.055000000000000604, 1.795157082654851521, -1.108295528797684559 ) ) ;
#4921 = EDGE_CURVE ( 'NONE', #4480, #133, #2270, .T. ) ;
#4922 = LINE ( 'NONE', #738, #2437 ) ;
#4923 = ORIENTED_EDGE ( 'NONE', *, *, #2254, .F. ) ;
#4924 = SURFACE_SIDE_STYLE ('',( #4481 ) ) ;
#4925 = DIRECTION ( 'NONE',  ( 1.000000000000000000, 0.000000000000000000, -0.000000000000000000 ) ) ;
#4926 = LINE ( 'NONE', #5435, #2770 ) ;
#4927 = VERTEX_POINT ( 'NONE', #1861 ) ;
#4928 = CARTESIAN_POINT ( 'NONE',  ( -1.326066017177983225, 1.850000000000000089, 1.322867965644035415 ) ) ;
#4929 = VECTOR ( 'NONE', #67, 1000.000000000000000 ) ;
#4930 = DIRECTION ( 'NONE',  ( 0.7071067811865489050, 0.000000000000000000, -0.7071067811865460184 ) ) ;
#4931 = CARTESIAN_POINT ( 'NONE',  ( 1.370000000000000995, 1.774999999999999689, 0.000000000000000000 ) ) ;
#4932 = EDGE_LOOP ( 'NONE', ( #383, #5245, #5737, #4543 ) ) ;
#4933 = EDGE_CURVE ( 'NONE', #4634, #89, #489, .T. ) ;
#4934 = DIRECTION ( 'NONE',  ( -1.000000000000000000, 0.000000000000000000, 0.000000000000000000 ) ) ;
#4935 = PLANE ( 'NONE',  #1438 ) ;
#4936 = LINE ( 'NONE', #535, #4 ) ;
#4937 = VERTEX_POINT ( 'NONE', #3594 ) ;
#4938 = VECTOR ( 'NONE', #2658, 1000.000000000000000 ) ;
#4939 = DIRECTION ( 'NONE',  ( -0.7071067811865465735, 0.000000000000000000, -0.7071067811865485719 ) ) ;
#4940 = EDGE_LOOP ( 'NONE', ( #3738, #3741, #72, #1270, #2554, #4589 ) ) ;
#4941 = DIRECTION ( 'NONE',  ( 0.9659258262890682012, 0.000000000000000000, -0.2588190451025212946 ) ) ;
#4942 = CARTESIAN_POINT ( 'NONE',  ( 1.980000000000000426, 1.849999999999999645, 1.061801948466050582 ) ) ;
#4943 = ORIENTED_EDGE ( 'NONE', *, *, #326, .F. ) ;
#4944 = EDGE_CURVE ( 'NONE', #4626, #466, #69, .T. ) ;
#4945 = ORIENTED_EDGE ( 'NONE', *, *, #1831, .T. ) ;
#4946 = EDGE_CURVE ( 'NONE', #4820, #5352, #2300, .T. ) ;
#4947 = EDGE_CURVE ( 'NONE', #3983, #5061, #1411, .T. ) ;
#4948 = DIRECTION ( 'NONE',  ( 1.000000000000000000, 0.000000000000000000, 0.000000000000000000 ) ) ;
#4949 = DIRECTION ( 'NONE',  ( 0.000000000000000000, 0.000000000000000000, 1.000000000000000000 ) ) ;
#4950 = DIRECTION ( 'NONE',  ( 0.000000000000000000, -0.000000000000000000, -1.000000000000000000 ) ) ;
#4951 = LINE ( 'NONE', #3575, #3570 ) ;
#4952 = CIRCLE ( 'NONE', #3458, 1.199999999999999956 ) ;
#4953 = ORIENTED_EDGE ( 'NONE', *, *, #714, .T. ) ;
#4954 = CARTESIAN_POINT ( 'NONE',  ( 1.295000000000001483, 1.774999999999999689, 1.521506350946109087 ) ) ;
#4955 = VECTOR ( 'NONE', #1648, 1000.000000000000000 ) ;
#4956 = ADVANCED_FACE ( 'NONE', ( #5388 ), #4086, .F. ) ;
#4957 = DIRECTION ( 'NONE',  ( -0.2588190451025212946, 0.000000000000000000, -0.9659258262890682012 ) ) ;
#4958 = DIRECTION ( 'NONE',  ( -0.000000000000000000, -0.000000000000000000, -1.000000000000000000 ) ) ;
#4959 = ORIENTED_EDGE ( 'NONE', *, *, #2280, .T. ) ;
#4960 = CARTESIAN_POINT ( 'NONE',  ( -1.583768939877061133, 1.828033008588990871, -1.533033008588990720 ) ) ;
#4961 = DIRECTION ( 'NONE',  ( 1.000000000000000000, 0.000000000000000000, 0.000000000000000000 ) ) ;
#4962 = CARTESIAN_POINT ( 'NONE',  ( -1.420000000000000817, 1.399999999999999689, 1.554999999999999272 ) ) ;
#4963 = VERTEX_POINT ( 'NONE', #1358 ) ;
#4964 = PLANE ( 'NONE',  #2379 ) ;
#4965 = CARTESIAN_POINT ( 'NONE',  ( 1.295000000000001039, 1.550000000000000266, -1.310000000000000941 ) ) ;
#4966 = EDGE_CURVE ( 'NONE', #372, #1521, #4967, .T. ) ;
#4967 = LINE ( 'NONE', #3649, #5073 ) ;
#4968 = ORIENTED_EDGE ( 'NONE', *, *, #2409, .T. ) ;
#4969 = CARTESIAN_POINT ( 'NONE',  ( -1.963956826847687687, 1.849999999999999645, 0.8749999999999993339 ) ) ;
#4970 = ORIENTED_EDGE ( 'NONE', *, *, #787, .F. ) ;
#4971 = DIRECTION ( 'NONE',  ( 0.000000000000000000, 0.000000000000000000, -1.000000000000000000 ) ) ;
#4972 = DIRECTION ( 'NONE',  ( 0.9659258262890680902, -0.000000000000000000, 0.2588190451025212946 ) ) ;
#4973 = VERTEX_POINT ( 'NONE', #2352 ) ;
#4974 = ADVANCED_FACE ( 'NONE', ( #2326 ), #930, .T. ) ;
#4975 = VECTOR ( 'NONE', #5127, 1000.000000000000000 ) ;
#4976 = CARTESIAN_POINT ( 'NONE',  ( -0.3999999999999998557, 2.700000000000000178, -0.9000000000000004663 ) ) ;
#4977 = DIRECTION ( 'NONE',  ( 0.000000000000000000, -0.000000000000000000, 1.000000000000000000 ) ) ;
#4978 = FACE_OUTER_BOUND ( 'NONE', #763, .T. ) ;
#4979 = VECTOR ( 'NONE', #5834, 1000.000000000000000 ) ;
#4980 = AXIS2_PLACEMENT_3D ( 'NONE', #971, #5482, #4641 ) ;
#4981 = EDGE_CURVE ( 'NONE', #414, #2597, #4993, .T. ) ;
#4982 = ORIENTED_EDGE ( 'NONE', *, *, #4049, .T. ) ;
#4983 = EDGE_CURVE ( 'NONE', #2772, #2513, #2766, .T. ) ;
#4984 = AXIS2_PLACEMENT_3D ( 'NONE', #5268, #403, #2566 ) ;
#4985 = CARTESIAN_POINT ( 'NONE',  ( 2.055000000000000604, 1.774999999999999689, -1.136801948466051870 ) ) ;
#4986 = DIRECTION ( 'NONE',  ( 0.7071067811865466846, 1.625883976416349408E-17, 0.7071067811865483499 ) ) ;
#4987 = ORIENTED_EDGE ( 'NONE', *, *, #2855, .T. ) ;
#4988 = LINE ( 'NONE', #607, #1204 ) ;
#4989 = FACE_OUTER_BOUND ( 'NONE', #2612, .T. ) ;
#4990 = ORIENTED_EDGE ( 'NONE', *, *, #2412, .F. ) ;
#4991 = LINE ( 'NONE', #1937, #5774 ) ;
#4992 = DIRECTION ( 'NONE',  ( 0.000000000000000000, 0.000000000000000000, -1.000000000000000000 ) ) ;
#4993 = LINE ( 'NONE', #4576, #3290 ) ;
#4994 = ORIENTED_EDGE ( 'NONE', *, *, #2465, .T. ) ;
#4995 = EDGE_CURVE ( 'NONE', #5837, #1164, #4936, .T. ) ;
#4996 = CARTESIAN_POINT ( 'NONE',  ( -1.295000000000001039, 1.550000000000000266, -1.310000000000000941 ) ) ;
#4997 = VERTEX_POINT ( 'NONE', #4140 ) ;
#4998 = EDGE_CURVE ( 'NONE', #1279, #5148, #986, .T. ) ;
#4999 = CARTESIAN_POINT ( 'NONE',  ( 2.033033008588991386, 1.828033008588990649, 1.083768939877059356 ) ) ;
#5000 = VERTEX_POINT ( 'NONE', #2710 ) ;
#5001 = VECTOR ( 'NONE', #402, 1000.000000000000000 ) ;
#5002 = ADVANCED_FACE ( 'NONE', ( #1914 ), #3251, .F. ) ;
#5003 = AXIS2_PLACEMENT_3D ( 'NONE', #5272, #2627, #343 ) ;
#5004 = DIRECTION ( 'NONE',  ( -0.000000000000000000, -1.000000000000000000, -0.000000000000000000 ) ) ;
#5005 = CYLINDRICAL_SURFACE ( 'NONE', #4980, 1.100000000000000533 ) ;
#5006 = CARTESIAN_POINT ( 'NONE',  ( 1.955000000000000515, 1.399999999999999689, 1.554999999999999272 ) ) ;
#5007 = VECTOR ( 'NONE', #147, 1000.000000000000114 ) ;
#5008 = ADVANCED_FACE ( 'NONE', ( #2407 ), #5551, .F. ) ;
#5009 = ORIENTED_EDGE ( 'NONE', *, *, #329, .F. ) ;
#5010 = PLANE ( 'NONE',  #2335 ) ;
#5011 = DIRECTION ( 'NONE',  ( -0.7071067811865463515, 0.000000000000000000, 0.7071067811865486830 ) ) ;
#5012 = EDGE_LOOP ( 'NONE', ( #5570, #3834, #4417, #2400, #3145, #3014, #2803, #4657 ) ) ;
#5013 = DIRECTION ( 'NONE',  ( 0.000000000000000000, 0.000000000000000000, -1.000000000000000000 ) ) ;
#5014 = ADVANCED_FACE ( 'NONE', ( #1517 ), #3306, .T. ) ;
#5015 = ORIENTED_EDGE ( 'NONE', *, *, #1274, .F. ) ;
#5016 = ORIENTED_EDGE ( 'NONE', *, *, #3786, .T. ) ;
#5017 = EDGE_CURVE ( 'NONE', #4380, #1042, #616, .T. ) ;
#5018 = VECTOR ( 'NONE', #2552, 1000.000000000000000 ) ;
#5019 = DIRECTION ( 'NONE',  ( 0.000000000000000000, 0.000000000000000000, -1.000000000000000000 ) ) ;
#5020 = DIRECTION ( 'NONE',  ( -0.000000000000000000, 1.000000000000000000, -0.000000000000000000 ) ) ;
#5021 = DIRECTION ( 'NONE',  ( 0.000000000000000000, 0.5773502691896262862, 0.8164965809277257014 ) ) ;
#5022 = ORIENTED_EDGE ( 'NONE', *, *, #1084, .T. ) ;
#5023 = DIRECTION ( 'NONE',  ( 1.000000000000000000, -0.000000000000000000, 0.000000000000000000 ) ) ;
#5024 = CIRCLE ( 'NONE', #3835, 1.100000000000000533 ) ;
#5025 = ORIENTED_EDGE ( 'NONE', *, *, #2963, .T. ) ;
#5026 = EDGE_CURVE ( 'NONE', #2769, #1566, #2892, .T. ) ;
#5027 = CARTESIAN_POINT ( 'NONE',  ( -1.424089918751578088, 1.849999999999999645, -1.523933982822018196 ) ) ;
#5028 = ORIENTED_EDGE ( 'NONE', *, *, #1122, .T. ) ;
#5029 = VECTOR ( 'NONE', #516, 1000.000000000000114 ) ;
#5030 = LINE ( 'NONE', #689, #1532 ) ;
#5031 = DIRECTION ( 'NONE',  ( 0.9973922938103979563, -0.07217071599778390745, -0.000000000000000000 ) ) ;
#5032 = CARTESIAN_POINT ( 'NONE',  ( 2.021506350946109976, 1.849999999999999645, -0.8000000000000000444 ) ) ;
#5033 = ADVANCED_FACE ( 'NONE', ( #589 ), #4684, .F. ) ;
#5034 = ORIENTED_EDGE ( 'NONE', *, *, #5529, .F. ) ;
#5035 = VECTOR ( 'NONE', #4067, 1000.000000000000000 ) ;
#5036 = FACE_OUTER_BOUND ( 'NONE', #4774, .T. ) ;
#5037 = CARTESIAN_POINT ( 'NONE',  ( -1.608295528797685447, 1.795157082654851521, -1.554999999999999716 ) ) ;
#5038 = VERTEX_POINT ( 'NONE', #2431 ) ;
#5039 = CARTESIAN_POINT ( 'NONE',  ( -2.100000000000000533, 0.1499999999999997169, 0.8000000000000000444 ) ) ;
#5040 = EDGE_LOOP ( 'NONE', ( #2539, #184, #5528, #5631 ) ) ;
#5041 = VERTEX_POINT ( 'NONE', #2377 ) ;
#5042 = CARTESIAN_POINT ( 'NONE',  ( 2.055000000000000604, 1.774999999999999689, 0.9249999999999998224 ) ) ;
#5043 = CARTESIAN_POINT ( 'NONE',  ( 2.100000000000000089, 0.1499999999999997169, 1.600000000000000089 ) ) ;
#5044 = VERTEX_POINT ( 'NONE', #5579 ) ;
#5045 = CARTESIAN_POINT ( 'NONE',  ( 2.100000000000000089, 0.1499999999999997169, 1.525000000000000133 ) ) ;
#5046 = EDGE_CURVE ( 'NONE', #617, #2005, #578, .T. ) ;
#5047 = VERTEX_POINT ( 'NONE', #3277 ) ;
#5048 = EDGE_CURVE ( 'NONE', #4200, #619, #5099, .T. ) ;
#5049 = DIRECTION ( 'NONE',  ( 0.2588190451025212946, 0.000000000000000000, -0.9659258262890682012 ) ) ;
#5050 = EDGE_LOOP ( 'NONE', ( #1767, #450, #2592, #2284, #5545 ) ) ;
#5051 = DIRECTION ( 'NONE',  ( -1.548860246407861611E-16, -1.000000000000000000, 0.000000000000000000 ) ) ;
#5052 =( BOUNDED_CURVE ( )  B_SPLINE_CURVE ( 3, ( #4999, #967, #5451, #4942 ),
 .UNSPECIFIED., .F., .F. ) 
 B_SPLINE_CURVE_WITH_KNOTS ( ( 4, 4 ),
 ( 0.7853981633974466137, 1.570796326794896558 ),
 .UNSPECIFIED. ) 
 CURVE ( )  GEOMETRIC_REPRESENTATION_ITEM ( )  RATIONAL_B_SPLINE_CURVE ( ( 1.000000000000000000, 0.9492530216741910110, 0.9492530216741910110, 1.000000000000000000 ) ) 
 REPRESENTATION_ITEM ( '' )  );
#5053 = LINE ( 'NONE', #524, #1893 ) ;
#5054 = DIRECTION ( 'NONE',  ( -1.000000000000000000, -0.000000000000000000, -0.000000000000000000 ) ) ;
#5055 = CARTESIAN_POINT ( 'NONE',  ( -1.980000000000000426, 1.774999999999999689, 0.000000000000000000 ) ) ;
#5056 = VECTOR ( 'NONE', #1546, 1000.000000000000000 ) ;
#5057 = ORIENTED_EDGE ( 'NONE', *, *, #1016, .T. ) ;
#5058 = AXIS2_PLACEMENT_3D ( 'NONE', #834, #1733, #2644 ) ;
#5059 = DIRECTION ( 'NONE',  ( -0.07217071599778504543, 0.9973922938103978453, -0.000000000000000000 ) ) ;
#5060 = LINE ( 'NONE', #1085, #1839 ) ;
#5061 = VERTEX_POINT ( 'NONE', #1041 ) ;
#5062 = CARTESIAN_POINT ( 'NONE',  ( 2.021506350946109976, 1.399999999999999689, 0.7999999999999993783 ) ) ;
#5063 = VECTOR ( 'NONE', #3316, 1000.000000000000000 ) ;
#5064 = EDGE_CURVE ( 'NONE', #351, #224, #3358, .T. ) ;
#5065 = AXIS2_PLACEMENT_3D ( 'NONE', #2582, #3890, #794 ) ;
#5066 = ORIENTED_EDGE ( 'NONE', *, *, #3965, .T. ) ;
#5067 = ORIENTED_EDGE ( 'NONE', *, *, #1562, .F. ) ;
#5068 = VECTOR ( 'NONE', #3971, 1000.000000000000114 ) ;
#5069 = LINE ( 'NONE', #4601, #2309 ) ;
#5070 = CARTESIAN_POINT ( 'NONE',  ( -2.055000000000000604, 1.849999999999999645, -1.454999999999999627 ) ) ;
#5071 = LINE ( 'NONE', #1040, #336 ) ;
#5072 = CARTESIAN_POINT ( 'NONE',  ( -1.749999999999999778, -2.291293393300126514E-16, -1.350000000000000089 ) ) ;
#5073 = VECTOR ( 'NONE', #1440, 1000.000000000000000 ) ;
#5074 = EDGE_LOOP ( 'NONE', ( #4448, #4349, #1020, #3103 ) ) ;
#5075 = CYLINDRICAL_SURFACE ( 'NONE', #1554, 0.07499999999999992784 ) ;
#5076 = EDGE_CURVE ( 'NONE', #4270, #1873, #4240, .T. ) ;
#5077 = EDGE_LOOP ( 'NONE', ( #3759, #5309, #3692, #2656 ) ) ;
#5078 = CARTESIAN_POINT ( 'NONE',  ( 2.100000000000000089, 0.1749999999999997946, -0.8000000000000000444 ) ) ;
#5079 = VERTEX_POINT ( 'NONE', #4656 ) ;
#5080 = EDGE_CURVE ( 'NONE', #4508, #973, #1992, .T. ) ;
#5081 = EDGE_CURVE ( 'NONE', #3952, #4317, #677, .T. ) ;
#5082 = LINE ( 'NONE', #5588, #4246 ) ;
#5083 = CARTESIAN_POINT ( 'NONE',  ( -1.295000000000001039, 1.399999999999999689, -1.310000000000000941 ) ) ;
#5084 = CARTESIAN_POINT ( 'NONE',  ( 2.055000000000000604, 1.774999999999999689, 1.136801948466050538 ) ) ;
#5085 = DIRECTION ( 'NONE',  ( -1.000000000000000000, 0.000000000000000000, 0.000000000000000000 ) ) ;
#5086 = ORIENTED_EDGE ( 'NONE', *, *, #4084, .F. ) ;
#5087 = LINE ( 'NONE', #2778, #531 ) ;
#5088 = VECTOR ( 'NONE', #377, 1000.000000000000000 ) ;
#5089 = EDGE_CURVE ( 'NONE', #2239, #751, #4269, .T. ) ;
#5090 = DIRECTION ( 'NONE',  ( -0.000000000000000000, 1.000000000000000000, 0.000000000000000000 ) ) ;
#5091 = ORIENTED_EDGE ( 'NONE', *, *, #5761, .T. ) ;
#5092 = DIRECTION ( 'NONE',  ( -0.000000000000000000, -0.000000000000000000, -1.000000000000000000 ) ) ;
#5093 = EDGE_LOOP ( 'NONE', ( #3600, #1320, #2957, #1630 ) ) ;
#5094 = EDGE_LOOP ( 'NONE', ( #3888, #3636, #4953, #3114 ) ) ;
#5095 = CARTESIAN_POINT ( 'NONE',  ( -1.749999999999999778, -2.143131898507868051E-16, 1.600000000000000089 ) ) ;
#5096 =( LENGTH_UNIT ( ) NAMED_UNIT ( * ) SI_UNIT ( .MILLI., .METRE. ) );
#5097 = CARTESIAN_POINT ( 'NONE',  ( -2.055000000000000604, 1.849999999999999645, -0.9249999999999999334 ) ) ;
#5098 = VECTOR ( 'NONE', #506, 1000.000000000000000 ) ;
#5099 = LINE ( 'NONE', #169, #461 ) ;
#5100 = ORIENTED_EDGE ( 'NONE', *, *, #4185, .F. ) ;
#5101 = DIRECTION ( 'NONE',  ( -0.9659258262890682012, 0.000000000000000000, 0.2588190451025213501 ) ) ;
#5102 = ORIENTED_EDGE ( 'NONE', *, *, #2320, .F. ) ;
#5103 = ADVANCED_FACE ( 'NONE', ( #1094 ), #2839, .T. ) ;
#5104 = ORIENTED_EDGE ( 'NONE', *, *, #2603, .T. ) ;
#5105 = DIRECTION ( 'NONE',  ( 0.000000000000000000, 0.000000000000000000, -1.000000000000000000 ) ) ;
#5106 = VECTOR ( 'NONE', #1409, 1000.000000000000000 ) ;
#5107 = EDGE_LOOP ( 'NONE', ( #3119, #740, #5833, #2454 ) ) ;
#5108 = EDGE_CURVE ( 'NONE', #3354, #3563, #3833, .T. ) ;
#5109 = CARTESIAN_POINT ( 'NONE',  ( -1.749999999999999778, 0.1499999999999997724, 1.600000000000000089 ) ) ;
#5110 = ADVANCED_FACE ( 'NONE', ( #1940 ), #1156, .F. ) ;
#5111 = LINE ( 'NONE', #2876, #5063 ) ;
#5112 = ORIENTED_EDGE ( 'NONE', *, *, #5563, .T. ) ;
#5113 = CARTESIAN_POINT ( 'NONE',  ( -1.955000000000000515, 1.399999999999999689, 1.554999999999999272 ) ) ;
#5114 = CARTESIAN_POINT ( 'NONE',  ( 1.955000000000000515, 1.399999999999999689, -1.554999999999999716 ) ) ;
#5115 = ORIENTED_EDGE ( 'NONE', *, *, #4469, .T. ) ;
#5116 = EDGE_CURVE ( 'NONE', #1069, #3770, #4880, .T. ) ;
#5117 = EDGE_CURVE ( 'NONE', #4515, #2769, #1414, .T. ) ;
#5118 = CARTESIAN_POINT ( 'NONE',  ( -2.055000000000000604, 1.399999999999999689, 0.9249999999999992673 ) ) ;
#5119 = CARTESIAN_POINT ( 'NONE',  ( -1.805000000000000382, 8.380151512977635164, 0.7999999999999993783 ) ) ;
#5120 = ORIENTED_EDGE ( 'NONE', *, *, #248, .T. ) ;
#5121 = CARTESIAN_POINT ( 'NONE',  ( -2.021506350946109976, 1.774999999999999689, -0.8000000000000000444 ) ) ;
#5122 = VERTEX_POINT ( 'NONE', #2636 ) ;
#5123 = ORIENTED_EDGE ( 'NONE', *, *, #3875, .T. ) ;
#5124 = ADVANCED_FACE ( 'NONE', ( #5341, #1373, #4039, #1639, #1399 ), #3544, .F. ) ;
#5125 = LINE ( 'NONE', #5665, #4637 ) ;
#5126 = DIRECTION ( 'NONE',  ( -0.000000000000000000, -0.000000000000000000, -1.000000000000000000 ) ) ;
#5127 = DIRECTION ( 'NONE',  ( 1.000000000000000000, 0.000000000000000000, 0.000000000000000000 ) ) ;
#5128 = ORIENTED_EDGE ( 'NONE', *, *, #5778, .T. ) ;
#5129 = FACE_OUTER_BOUND ( 'NONE', #4489, .T. ) ;
#5130 = ORIENTED_EDGE ( 'NONE', *, *, #4159, .F. ) ;
#5131 = EDGE_CURVE ( 'NONE', #510, #5269, #4922, .T. ) ;
#5132 =( GEOMETRIC_REPRESENTATION_CONTEXT ( 3 ) GLOBAL_UNCERTAINTY_ASSIGNED_CONTEXT ( ( #1155 ) ) GLOBAL_UNIT_ASSIGNED_CONTEXT ( ( #5739, #3023, #4819 ) ) REPRESENTATION_CONTEXT ( 'NONE', 'WORKASPACE' ) );
#5133 = CARTESIAN_POINT ( 'NONE',  ( -1.326066017177983003, 1.849999999999999645, 1.497668557556425473 ) ) ;
#5134 = ORIENTED_EDGE ( 'NONE', *, *, #380, .F. ) ;
#5135 = VECTOR ( 'NONE', #3357, 1000.000000000000000 ) ;
#5136 = DIRECTION ( 'NONE',  ( -0.000000000000000000, -1.000000000000000000, -0.000000000000000000 ) ) ;
#5137 = LINE ( 'NONE', #717, #3198 ) ;
#5138 = EDGE_LOOP ( 'NONE', ( #3999, #3460, #333, #1487 ) ) ;
#5139 = CYLINDRICAL_SURFACE ( 'NONE', #5367, 0.1749999999999998224 ) ;
#5140 = ORIENTED_EDGE ( 'NONE', *, *, #1401, .F. ) ;
#5141 = DIRECTION ( 'NONE',  ( -0.000000000000000000, -1.000000000000000000, -0.000000000000000000 ) ) ;
#5142 = LINE ( 'NONE', #5717, #1621 ) ;
#5143 = EDGE_LOOP ( 'NONE', ( #1862, #2905, #5782, #3264 ) ) ;
#5144 = AXIS2_PLACEMENT_3D ( 'NONE', #346, #4826, #4351 ) ;
#5145 = PLANE ( 'NONE',  #3280 ) ;
#5146 = ADVANCED_FACE ( 'NONE', ( #1343 ), #706, .T. ) ;
#5147 = AXIS2_PLACEMENT_3D ( 'NONE', #3081, #21, #1294 ) ;
#5148 = VERTEX_POINT ( 'NONE', #4415 ) ;
#5149 = ORIENTED_EDGE ( 'NONE', *, *, #517, .T. ) ;
#5150 = EDGE_CURVE ( 'NONE', #4634, #4786, #5, .T. ) ;
#5151 = VECTOR ( 'NONE', #124, 1000.000000000000000 ) ;
#5152 = FACE_OUTER_BOUND ( 'NONE', #5228, .T. ) ;
#5153 = DIRECTION ( 'NONE',  ( -0.000000000000000000, -1.000000000000000000, -0.000000000000000000 ) ) ;
#5154 = FACE_OUTER_BOUND ( 'NONE', #463, .T. ) ;
#5155 = CARTESIAN_POINT ( 'NONE',  ( 1.530735931288071061, 1.774999999999999689, -1.554999999999999716 ) ) ;
#5156 = CIRCLE ( 'NONE', #2900, 0.07499999999999998335 ) ;
#5157 = ORIENTED_EDGE ( 'NONE', *, *, #3038, .F. ) ;
#5158 = LINE ( 'NONE', #4778, #1764 ) ;
#5159 = VECTOR ( 'NONE', #3383, 1000.000000000000000 ) ;
#5160 = ORIENTED_EDGE ( 'NONE', *, *, #5064, .F. ) ;
#5161 =( GEOMETRIC_REPRESENTATION_CONTEXT ( 3 ) GLOBAL_UNCERTAINTY_ASSIGNED_CONTEXT ( ( #5223 ) ) GLOBAL_UNIT_ASSIGNED_CONTEXT ( ( #446, #3610, #1821 ) ) REPRESENTATION_CONTEXT ( 'NONE', 'WORKASPACE' ) );
#5162 = FACE_OUTER_BOUND ( 'NONE', #1281, .T. ) ;
#5163 = VECTOR ( 'NONE', #4972, 1000.000000000000000 ) ;
#5164 = ADVANCED_FACE ( 'NONE', ( #381 ), #4302, .F. ) ;
#5165 = CARTESIAN_POINT ( 'NONE',  ( -1.749999999999999778, 0.1499999999999997724, -1.600000000000000089 ) ) ;
#5166 = ORIENTED_EDGE ( 'NONE', *, *, #900, .T. ) ;
#5167 = CARTESIAN_POINT ( 'NONE',  ( 2.024999999999999911, 1.399999999999999689, 1.600000000000000089 ) ) ;
#5168 = FACE_OUTER_BOUND ( 'NONE', #993, .T. ) ;
#5169 = FACE_OUTER_BOUND ( 'NONE', #1404, .T. ) ;
#5170 = MANIFOLD_SOLID_BREP ( 'Boss-Extrude6', #5630 ) ;
#5171 = ORIENTED_EDGE ( 'NONE', *, *, #916, .T. ) ;
#5172 = CARTESIAN_POINT ( 'NONE',  ( -2.055000000000000604, 1.550000000000000266, -1.454999999999999627 ) ) ;
#5173 = CARTESIAN_POINT ( 'NONE',  ( -2.055000000000000604, 1.849999999999999645, 0.9249999999999992673 ) ) ;
#5174 = EDGE_LOOP ( 'NONE', ( #2346, #1408, #893, #5622 ) ) ;
#5175 = EDGE_CURVE ( 'NONE', #1494, #4734, #3608, .T. ) ;
#5176 = CARTESIAN_POINT ( 'NONE',  ( -1.420000000000000817, 8.380151512977635164, 1.554999999999999272 ) ) ;
#5177 = CARTESIAN_POINT ( 'NONE',  ( -1.749999999999999778, -2.291293393300126514E-16, 0.8000000000000000444 ) ) ;
#5178 = ORIENTED_EDGE ( 'NONE', *, *, #3409, .F. ) ;
#5179 = FACE_OUTER_BOUND ( 'NONE', #1177, .T. ) ;
#5180 = VECTOR ( 'NONE', #5495, 1000.000000000000000 ) ;
#5181 = ORIENTED_EDGE ( 'NONE', *, *, #5521, .T. ) ;
#5182 = ORIENTED_EDGE ( 'NONE', *, *, #2273, .F. ) ;
#5183 = MECHANICAL_DESIGN_GEOMETRIC_PRESENTATION_REPRESENTATION (  '', ( #3500 ), #5132 ) ;
#5184 = LINE ( 'NONE', #257, #1977 ) ;
#5185 = AXIS2_PLACEMENT_3D ( 'NONE', #5177, #4352, #4765 ) ;
#5186 = DIRECTION ( 'NONE',  ( -0.2588190451025212946, -0.000000000000000000, 0.9659258262890682012 ) ) ;
#5187 = DIRECTION ( 'NONE',  ( 0.000000000000000000, 1.000000000000000000, 0.000000000000000000 ) ) ;
#5189 = AXIS2_PLACEMENT_3D ( 'NONE', #808, #4368, #2621 ) ;
#5188 = LINE ( 'NONE', #5285, #2509 ) ;
#5190 = EDGE_CURVE ( 'NONE', #4094, #2014, #4951, .T. ) ;
#5191 = DIRECTION ( 'NONE',  ( 1.000000000000000000, 0.000000000000000000, 0.000000000000000000 ) ) ;
#5192 = ORIENTED_EDGE ( 'NONE', *, *, #3699, .T. ) ;
#5193 = EDGE_CURVE ( 'NONE', #490, #1195, #34, .T. ) ;
#5194 = DIRECTION ( 'NONE',  ( 1.000000000000000000, 0.000000000000000000, 0.000000000000000000 ) ) ;
#5195 = AXIS2_PLACEMENT_3D ( 'NONE', #2060, #177, #2903 ) ;
#5196 = ORIENTED_EDGE ( 'NONE', *, *, #5450, .T. ) ;
#5197 = DIRECTION ( 'NONE',  ( 0.000000000000000000, 0.000000000000000000, -1.000000000000000000 ) ) ;
#5198 = FACE_OUTER_BOUND ( 'NONE', #3819, .T. ) ;
#5199 = ORIENTED_EDGE ( 'NONE', *, *, #4681, .T. ) ;
#5200 = CARTESIAN_POINT ( 'NONE',  ( -2.025000000000000355, 8.380151512977635164, -1.600000000000000089 ) ) ;
#5201 = EDGE_CURVE ( 'NONE', #2620, #1400, #2523, .T. ) ;
#5202 = LINE ( 'NONE', #241, #3506 ) ;
#5203 = CARTESIAN_POINT ( 'NONE',  ( -1.636801948466052092, 1.774999999999999467, -1.554999999999999716 ) ) ;
#5204 = MANIFOLD_SOLID_BREP ( 'Mirror1', #4035 ) ;
#5205 = ORIENTED_EDGE ( 'NONE', *, *, #3908, .F. ) ;
#5206 = CARTESIAN_POINT ( 'NONE',  ( 1.749999999999999778, -2.143131898507868051E-16, -1.600000000000000089 ) ) ;
#5207 = DIRECTION ( 'NONE',  ( 1.000000000000000000, 6.546552552286067020E-16, 0.000000000000000000 ) ) ;
#5208 = ORIENTED_EDGE ( 'NONE', *, *, #135, .T. ) ;
#5209 = DIRECTION ( 'NONE',  ( 0.7071067811865465735, 0.000000000000000000, 0.7071067811865485719 ) ) ;
#5210 = DIRECTION ( 'NONE',  ( 0.000000000000000000, -0.000000000000000000, 1.000000000000000000 ) ) ;
#5211 = EDGE_LOOP ( 'NONE', ( #3529, #1273, #1834, #5535, #5612 ) ) ;
#5212 = LINE ( 'NONE', #2041, #5541 ) ;
#5213 = AXIS2_PLACEMENT_3D ( 'NONE', #5439, #2095, #4348 ) ;
#5214 = EDGE_CURVE ( 'NONE', #4380, #2931, #2982, .T. ) ;
#5215 =( BOUNDED_CURVE ( )  B_SPLINE_CURVE ( 3, ( #643, #325, #1666, #3454 ),
 .UNSPECIFIED., .F., .T. ) 
 B_SPLINE_CURVE_WITH_KNOTS ( ( 4, 4 ),
 ( 3.926990816987238730, 4.712388980384688786 ),
 .UNSPECIFIED. ) 
 CURVE ( )  GEOMETRIC_REPRESENTATION_ITEM ( )  RATIONAL_B_SPLINE_CURVE ( ( 1.000000000000000000, 0.9492530216741910110, 0.9492530216741910110, 1.000000000000000000 ) ) 
 REPRESENTATION_ITEM ( '' )  );
#5216 = ORIENTED_EDGE ( 'NONE', *, *, #3184, .F. ) ;
#5217 = VERTEX_POINT ( 'NONE', #1052 ) ;
#5218 = LINE ( 'NONE', #2609, #548 ) ;
#5219 = DIRECTION ( 'NONE',  ( 0.000000000000000000, -0.000000000000000000, 1.000000000000000000 ) ) ;
#5220 = CARTESIAN_POINT ( 'NONE',  ( -1.420000000000000817, 1.399999999999999689, -1.554999999999999716 ) ) ;
#5221 = VERTEX_POINT ( 'NONE', #5532 ) ;
#5222 = LINE ( 'NONE', #2139, #3519 ) ;
#5223 = UNCERTAINTY_MEASURE_WITH_UNIT (LENGTH_MEASURE( 1.000000000000000082E-05 ), #446, 'distance_accuracy_value', 'NONE');
#5224 = EDGE_CURVE ( 'NONE', #351, #360, #4057, .T. ) ;
#5225 = CARTESIAN_POINT ( 'NONE',  ( -2.100000000000000089, 0.1749999999999997946, -1.350000000000000089 ) ) ;
#5226 = ORIENTED_EDGE ( 'NONE', *, *, #2339, .T. ) ;
#5227 = DIRECTION ( 'NONE',  ( 0.000000000000000000, 0.000000000000000000, -1.000000000000000000 ) ) ;
#5228 = EDGE_LOOP ( 'NONE', ( #2322, #2752, #2714, #5028 ) ) ;
#5229 = CARTESIAN_POINT ( 'NONE',  ( 0.3999999999999998557, 1.399999999999999689, 4.397732528557848481E-16 ) ) ;
#5230 = CARTESIAN_POINT ( 'NONE',  ( 1.805000000000000382, 1.849999999999999645, -0.8000000000000000444 ) ) ;
#5231 = VERTEX_POINT ( 'NONE', #5483 ) ;
#5232 = EDGE_CURVE ( 'NONE', #335, #4184, #4587, .T. ) ;
#5233 = CARTESIAN_POINT ( 'NONE',  ( -1.295000000000001039, 1.550000000000000266, 1.310000000000000497 ) ) ;
#5234 = EDGE_CURVE ( 'NONE', #1071, #2677, #5506, .T. ) ;
#5235 = CARTESIAN_POINT ( 'NONE',  ( 1.997668557556425695, 1.849999999999999423, -0.8310660171779820082 ) ) ;
#5236 = DIRECTION ( 'NONE',  ( -0.7071067811865489050, 0.000000000000000000, -0.7071067811865460184 ) ) ;
#5237 = ORIENTED_EDGE ( 'NONE', *, *, #1162, .T. ) ;
#5238 = LINE ( 'NONE', #5206, #1892 ) ;
#5239 = LINE ( 'NONE', #5714, #3427 ) ;
#5240 = ORIENTED_EDGE ( 'NONE', *, *, #1756, .T. ) ;
#5241 = PLANE ( 'NONE',  #4580 ) ;
#5242 = CARTESIAN_POINT ( 'NONE',  ( 1.370000000000000995, 1.849999999999999645, 1.463956826847686798 ) ) ;
#5243 = ORIENTED_EDGE ( 'NONE', *, *, #4756, .F. ) ;
#5244 = CARTESIAN_POINT ( 'NONE',  ( -0.4000000000000001887, 1.550000000000000266, 1.199999999999999956 ) ) ;
#5245 = ORIENTED_EDGE ( 'NONE', *, *, #137, .F. ) ;
#5246 = ORIENTED_EDGE ( 'NONE', *, *, #2409, .F. ) ;
#5247 = VECTOR ( 'NONE', #39, 1000.000000000000000 ) ;
#5248 = FACE_OUTER_BOUND ( 'NONE', #5433, .T. ) ;
#5249 = CARTESIAN_POINT ( 'NONE',  ( -1.955000000000000515, 1.399999999999999689, -1.554999999999999716 ) ) ;
#5250 = LINE ( 'NONE', #2979, #3400 ) ;
#5251 = ORIENTED_EDGE ( 'NONE', *, *, #2862, .T. ) ;
#5252 = DIRECTION ( 'NONE',  ( 1.000000000000000000, 0.000000000000000000, 0.000000000000000000 ) ) ;
#5253 = EDGE_CURVE ( 'NONE', #1174, #5221, #2405, .T. ) ;
#5254 = FACE_OUTER_BOUND ( 'NONE', #4392, .T. ) ;
#5255 = ORIENTED_EDGE ( 'NONE', *, *, #4998, .F. ) ;
#5256 = AXIS2_PLACEMENT_3D ( 'NONE', #5788, #3522, #1827 ) ;
#5257 = CARTESIAN_POINT ( 'NONE',  ( -1.805000000000000160, 1.818933982822017903, 0.7999999999999992673 ) ) ;
#5258 = AXIS2_PLACEMENT_3D ( 'NONE', #4294, #5722, #1602 ) ;
#5259 = PLANE ( 'NONE',  #551 ) ;
#5260 = VECTOR ( 'NONE', #3736, 1000.000000000000000 ) ;
#5261 = ORIENTED_EDGE ( 'NONE', *, *, #5695, .T. ) ;
#5262 = EDGE_CURVE ( 'NONE', #3470, #2960, #2631, .T. ) ;
#5263 = FACE_OUTER_BOUND ( 'NONE', #5594, .T. ) ;
#5264 = ORIENTED_EDGE ( 'NONE', *, *, #2113, .F. ) ;
#5265 = VECTOR ( 'NONE', #4833, 1000.000000000000000 ) ;
#5266 = VECTOR ( 'NONE', #4554, 1000.000000000000000 ) ;
#5267 = CARTESIAN_POINT ( 'NONE',  ( -1.963956826847687243, 1.849999999999999645, -0.8750000000000000000 ) ) ;
#5268 = CARTESIAN_POINT ( 'NONE',  ( -1.613646665416829995, 1.774999999999999689, -0.4323753208676146542 ) ) ;
#5269 = VERTEX_POINT ( 'NONE', #5006 ) ;
#5270 = ADVANCED_FACE ( 'NONE', ( #5562 ), #1454, .F. ) ;
#5271 = DIRECTION ( 'NONE',  ( -0.000000000000000000, -0.000000000000000000, 1.000000000000000000 ) ) ;
#5272 = CARTESIAN_POINT ( 'NONE',  ( -0.4000000000000001887, 1.399999999999999689, -7.347880794884117764E-17 ) ) ;
#5273 = EDGE_CURVE ( 'NONE', #2327, #2734, #601, .T. ) ;
#5274 = ORIENTED_EDGE ( 'NONE', *, *, #15, .F. ) ;
#5275 = DIRECTION ( 'NONE',  ( -0.7071067811865489050, 0.000000000000000000, -0.7071067811865460184 ) ) ;
#5276 = DIRECTION ( 'NONE',  ( 0.000000000000000000, -1.000000000000000000, 0.000000000000000000 ) ) ;
#5277 = VERTEX_POINT ( 'NONE', #4150 ) ;
#5278 = CARTESIAN_POINT ( 'NONE',  ( -2.100000000000000089, 0.1749999999999997946, -0.8000000000000000444 ) ) ;
#5279 = ORIENTED_EDGE ( 'NONE', *, *, #3539, .F. ) ;
#5280 = ORIENTED_EDGE ( 'NONE', *, *, #118, .T. ) ;
#5281 = CARTESIAN_POINT ( 'NONE',  ( 2.055000000000000604, 1.399999999999999689, 0.9249999999999992673 ) ) ;
#5282 = PLANE ( 'NONE',  #207 ) ;
#5283 = DIRECTION ( 'NONE',  ( 0.000000000000000000, 0.000000000000000000, 1.000000000000000000 ) ) ;
#5284 = ORIENTED_EDGE ( 'NONE', *, *, #1394, .T. ) ;
#5285 = CARTESIAN_POINT ( 'NONE',  ( -2.055000000000000604, 1.399999999999999689, -1.454999999999999627 ) ) ;
#5286 = CARTESIAN_POINT ( 'NONE',  ( -1.636801948466053425, 1.774999999999999689, 1.554999999999999272 ) ) ;
#5287 = ORIENTED_EDGE ( 'NONE', *, *, #1562, .T. ) ;
#5288 = VECTOR ( 'NONE', #1264, 1000.000000000000000 ) ;
#5289 = CARTESIAN_POINT ( 'NONE',  ( -2.124934807345259635, 0.1731957321000552052, -0.8000000000000000444 ) ) ;
#5290 = DIRECTION ( 'NONE',  ( 0.9659258262890682012, 0.000000000000000000, -0.2588190451025211836 ) ) ;
#5291 = ORIENTED_EDGE ( 'NONE', *, *, #2573, .F. ) ;
#5292 = EDGE_CURVE ( 'NONE', #628, #1786, #1321, .T. ) ;
#5293 = DIRECTION ( 'NONE',  ( -1.000000000000000000, 0.000000000000000000, 0.000000000000000000 ) ) ;
#5294 = EDGE_LOOP ( 'NONE', ( #217, #647, #4218, #4431 ) ) ;
#5295 = AXIS2_PLACEMENT_3D ( 'NONE', #5697, #4836, #3831 ) ;
#5296 = ADVANCED_FACE ( 'NONE', ( #972 ), #57, .F. ) ;
#5297 = VECTOR ( 'NONE', #996, 1000.000000000000000 ) ;
#5298 = CARTESIAN_POINT ( 'NONE',  ( 2.021506350946109531, 1.818933982822017903, 0.7999999999999992673 ) ) ;
#5299 = LINE ( 'NONE', #4470, #3950 ) ;
#5300 = VERTEX_POINT ( 'NONE', #2750 ) ;
#5301 = AXIS2_PLACEMENT_3D ( 'NONE', #449, #4419, #4451 ) ;
#5302 = CARTESIAN_POINT ( 'NONE',  ( 1.749999999999999778, -2.291293393300126514E-16, -0.8000000000000000444 ) ) ;
#5303 = EDGE_CURVE ( 'NONE', #4449, #1653, #999, .T. ) ;
#5304 = FACE_OUTER_BOUND ( 'NONE', #2986, .T. ) ;
#5305 = CARTESIAN_POINT ( 'NONE',  ( 1.805000000000000382, 1.774999999999999689, 0.7999999999999993783 ) ) ;
#5306 = VECTOR ( 'NONE', #5126, 1000.000000000000000 ) ;
#5307 = PLANE ( 'NONE',  #5144 ) ;
#5308 = DIRECTION ( 'NONE',  ( -0.9973922938103979563, -0.07217071599778390745, 0.000000000000000000 ) ) ;
#5309 = ORIENTED_EDGE ( 'NONE', *, *, #2395, .F. ) ;
#5310 = DIRECTION ( 'NONE',  ( 0.000000000000000000, 0.000000000000000000, 1.000000000000000000 ) ) ;
#5311 = VECTOR ( 'NONE', #91, 1000.000000000000000 ) ;
#5312 = ADVANCED_FACE ( 'NONE', ( #1139 ), #278, .T. ) ;
#5313 = ADVANCED_FACE ( 'NONE', ( #659 ), #1019, .T. ) ;
#5314 = ORIENTED_EDGE ( 'NONE', *, *, #4394, .T. ) ;
#5315 = ORIENTED_EDGE ( 'NONE', *, *, #4720, .F. ) ;
#5316 = DIRECTION ( 'NONE',  ( -0.9659258262890682012, 0.000000000000000000, 0.2588190451025212946 ) ) ;
#5317 = CARTESIAN_POINT ( 'NONE',  ( -1.520900974233027725, 1.849999999999999645, 1.520900974233024394 ) ) ;
#5318 = VERTEX_POINT ( 'NONE', #1651 ) ;
#5319 = CARTESIAN_POINT ( 'NONE',  ( -1.836066017177982790, 1.849999999999999645, -0.8750000000000000000 ) ) ;
#5320 = LINE ( 'NONE', #1287, #427 ) ;
#5321 = DIRECTION ( 'NONE',  ( -1.000000000000000000, 0.000000000000000000, 0.000000000000000000 ) ) ;
#5322 = VERTEX_POINT ( 'NONE', #3817 ) ;
#5323 = CARTESIAN_POINT ( 'NONE',  ( -2.100000000000000089, 1.550000000000000266, -1.525000000000000133 ) ) ;
#5324 = AXIS2_PLACEMENT_3D ( 'NONE', #5422, #1772, #4939 ) ;
#5325 = LINE ( 'NONE', #428, #1504 ) ;
#5326 = ORIENTED_EDGE ( 'NONE', *, *, #838, .F. ) ;
#5327 = LINE ( 'NONE', #48, #4000 ) ;
#5328 = AXIS2_PLACEMENT_3D ( 'NONE', #1, #3604, #756 ) ;
#5329 = ORIENTED_EDGE ( 'NONE', *, *, #1996, .T. ) ;
#5330 = VECTOR ( 'NONE', #3491, 1000.000000000000000 ) ;
#5331 =( BOUNDED_CURVE ( )  B_SPLINE_CURVE ( 3, ( #3760, #654, #4222, #3315 ),
 .UNSPECIFIED., .F., .F. ) 
 B_SPLINE_CURVE_WITH_KNOTS ( ( 4, 4 ),
 ( 2.186276035465284817, 2.971674198862734428 ),
 .UNSPECIFIED. ) 
 CURVE ( )  GEOMETRIC_REPRESENTATION_ITEM ( )  RATIONAL_B_SPLINE_CURVE ( ( 1.000000000000000000, 0.9492530216741910110, 0.9492530216741910110, 1.000000000000000000 ) ) 
 REPRESENTATION_ITEM ( '' )  );
#5332 = LINE ( 'NONE', #1677, #1439 ) ;
#5333 = DIRECTION ( 'NONE',  ( 0.07217071599778503155, -0.9973922938103978453, 0.000000000000000000 ) ) ;
#5334 = EDGE_LOOP ( 'NONE', ( #680, #3967, #3488, #4471 ) ) ;
#5335 = CARTESIAN_POINT ( 'NONE',  ( 1.749999999999999778, -2.291293393300126514E-16, 0.8000000000000000444 ) ) ;
#5336 = LINE ( 'NONE', #2154, #3129 ) ;
#5337 = CARTESIAN_POINT ( 'NONE',  ( 2.055000000000000604, 1.399999999999999689, 0.9249999999999992673 ) ) ;
#5338 = CARTESIAN_POINT ( 'NONE',  ( 1.420000000000000817, 1.550000000000000266, 1.554999999999999272 ) ) ;
#5339 = CARTESIAN_POINT ( 'NONE',  ( 1.804999999999999494, 1.399999999999999689, 0.7999999999999994893 ) ) ;
#5340 = DIRECTION ( 'NONE',  ( 0.000000000000000000, 0.000000000000000000, -1.000000000000000000 ) ) ;
#5341 = FACE_BOUND ( 'NONE', #5012, .T. ) ;
#5342 = AXIS2_PLACEMENT_3D ( 'NONE', #5656, #724, #2542 ) ;
#5343 = ORIENTED_EDGE ( 'NONE', *, *, #211, .F. ) ;
#5344 = ORIENTED_EDGE ( 'NONE', *, *, #18, .T. ) ;
#5345 =( LENGTH_UNIT ( ) NAMED_UNIT ( * ) SI_UNIT ( .MILLI., .METRE. ) );
#5346 = CARTESIAN_POINT ( 'NONE',  ( 2.100000000000000089, 1.550000000000000266, -1.525000000000000133 ) ) ;
#5347 = VERTEX_POINT ( 'NONE', #5713 ) ;
#5348 = CARTESIAN_POINT ( 'NONE',  ( -0.3999999999999998557, 2.700000000000000178, 0.9000000000000009104 ) ) ;
#5349 = ADVANCED_FACE ( 'NONE', ( #2472 ), #4318, .T. ) ;
#5350 = DIRECTION ( 'NONE',  ( 0.000000000000000000, 0.000000000000000000, -1.000000000000000000 ) ) ;
#5351 = PLANE ( 'NONE',  #5256 ) ;
#5352 = VERTEX_POINT ( 'NONE', #4254 ) ;
#5353 = CARTESIAN_POINT ( 'NONE',  ( -1.583768939877062687, 1.828033008588990649, 1.533033008588990498 ) ) ;
#5354 = FACE_OUTER_BOUND ( 'NONE', #4653, .T. ) ;
#5355 = CYLINDRICAL_SURFACE ( 'NONE', #2907, 0.1749999999999998224 ) ;
#5356 = EDGE_LOOP ( 'NONE', ( #1130, #4017, #5552, #1366 ) ) ;
#5357 = DIRECTION ( 'NONE',  ( -0.000000000000000000, -1.000000000000000000, -0.000000000000000000 ) ) ;
#5358 = AXIS2_PLACEMENT_3D ( 'NONE', #1558, #2906, #1079 ) ;
#5359 = AXIS2_PLACEMENT_3D ( 'NONE', #4931, #3992, #3618 ) ;
#5360 = VERTEX_POINT ( 'NONE', #244 ) ;
#5361 = ADVANCED_FACE ( 'NONE', ( #692 ), #3343, .F. ) ;
#5362 = VECTOR ( 'NONE', #5659, 1000.000000000000000 ) ;
#5363 = CARTESIAN_POINT ( 'NONE',  ( 0.000000000000000000, 1.849999999999999645, 0.000000000000000000 ) ) ;
#5364 = EDGE_CURVE ( 'NONE', #382, #3899, #4668, .T. ) ;
#5365 = ORIENTED_EDGE ( 'NONE', *, *, #4639, .T. ) ;
#5366 = CARTESIAN_POINT ( 'NONE',  ( -2.025000000000000355, 0.1499999999999997169, 1.600000000000000089 ) ) ;
#5367 = AXIS2_PLACEMENT_3D ( 'NONE', #4761, #5653, #2998 ) ;
#5368 = CARTESIAN_POINT ( 'NONE',  ( 0.000000000000000000, 1.774999999999999689, -0.8750000000000000000 ) ) ;
#5369 = AXIS2_PLACEMENT_3D ( 'NONE', #2224, #919, #4540 ) ;
#5370 = CARTESIAN_POINT ( 'NONE',  ( 2.124934807345259635, 0.1731957321000552052, -1.350000000000000089 ) ) ;
#5371 = DIRECTION ( 'NONE',  ( -1.000000000000000000, 0.000000000000000000, 0.000000000000000000 ) ) ;
#5372 = CARTESIAN_POINT ( 'NONE',  ( 2.055000000000000604, 1.774999999999999689, -1.136801948466051870 ) ) ;
#5373 = VECTOR ( 'NONE', #4194, 1000.000000000000000 ) ;
#5374 = DIRECTION ( 'NONE',  ( 0.000000000000000000, -1.000000000000000000, 0.000000000000000000 ) ) ;
#5375 = EDGE_LOOP ( 'NONE', ( #1354, #4769, #3416, #2516 ) ) ;
#5376 = PLANE ( 'NONE',  #2168 ) ;
#5377 = FACE_OUTER_BOUND ( 'NONE', #5760, .T. ) ;
#5378 = CARTESIAN_POINT ( 'NONE',  ( 2.150391155928440323, 0.5250000000000000222, 0.8000000000000000444 ) ) ;
#5379 = ORIENTED_EDGE ( 'NONE', *, *, #2712, .F. ) ;
#5380 = CARTESIAN_POINT ( 'NONE',  ( -2.055000000000000604, 1.774999999999999689, -0.9249999999999999334 ) ) ;
#5381 = EDGE_CURVE ( 'NONE', #965, #1344, #1170, .T. ) ;
#5382 = DIRECTION ( 'NONE',  ( -0.5000000000000015543, 0.7071067811865463515, 0.5000000000000004441 ) ) ;
#5383 = FACE_OUTER_BOUND ( 'NONE', #3693, .T. ) ;
#5384 = EDGE_LOOP ( 'NONE', ( #532, #697, #1773, #507, #1571 ) ) ;
#5385 = CARTESIAN_POINT ( 'NONE',  ( -2.021506350946109976, 1.399999999999999689, -0.8000000000000000444 ) ) ;
#5386 = EDGE_CURVE ( 'NONE', #1786, #4841, #3406, .T. ) ;
#5387 = PLANE ( 'NONE',  #4432 ) ;
#5388 = FACE_OUTER_BOUND ( 'NONE', #3792, .T. ) ;
#5389 = ORIENTED_EDGE ( 'NONE', *, *, #247, .F. ) ;
#5390 = LINE ( 'NONE', #3146, #597 ) ;
#5391 = EDGE_CURVE ( 'NONE', #5061, #1071, #5619, .T. ) ;
#5392 = ORIENTED_EDGE ( 'NONE', *, *, #4250, .F. ) ;
#5393 = VECTOR ( 'NONE', #4977, 1000.000000000000000 ) ;
#5394 = CARTESIAN_POINT ( 'NONE',  ( -2.100000000000000533, 0.000000000000000000, -0.8000000000000000444 ) ) ;
#5395 = PLANE ( 'NONE',  #164 ) ;
#5396 = ORIENTED_EDGE ( 'NONE', *, *, #3056, .F. ) ;
#5397 = FACE_OUTER_BOUND ( 'NONE', #378, .T. ) ;
#5398 = ADVANCED_FACE ( 'NONE', ( #3437 ), #5139, .T. ) ;
#5399 = VECTOR ( 'NONE', #4958, 1000.000000000000000 ) ;
#5400 = CARTESIAN_POINT ( 'NONE',  ( 1.955000000000000515, 8.380151512977635164, 1.554999999999999272 ) ) ;
#5401 = CARTESIAN_POINT ( 'NONE',  ( 1.613646665416829773, 1.774999999999999689, 0.4323753208676145987 ) ) ;
#5402 = CARTESIAN_POINT ( 'NONE',  ( -1.805000000000000382, 1.399999999999999689, 0.7999999999999993783 ) ) ;
#5403 = DIRECTION ( 'NONE',  ( -0.000000000000000000, -0.000000000000000000, 1.000000000000000000 ) ) ;
#5404 = ORIENTED_EDGE ( 'NONE', *, *, #104, .T. ) ;
#5405 = EDGE_CURVE ( 'NONE', #2711, #4927, #3225, .T. ) ;
#5406 =( NAMED_UNIT ( * ) PLANE_ANGLE_UNIT ( ) SI_UNIT ( $, .RADIAN. ) );
#5407 = CARTESIAN_POINT ( 'NONE',  ( 2.100000000000000089, 1.399999999999999689, 1.525000000000000133 ) ) ;
#5408 = CARTESIAN_POINT ( 'NONE',  ( 2.100000000000000089, 0.000000000000000000, 1.350000000000000089 ) ) ;
#5409 = ORIENTED_EDGE ( 'NONE', *, *, #2285, .F. ) ;
#5410 = CARTESIAN_POINT ( 'NONE',  ( -1.570151285479566505, 1.849999999999999645, -1.500157082654851814 ) ) ;
#5411 = VECTOR ( 'NONE', #3069, 1000.000000000000000 ) ;
#5412 = DIRECTION ( 'NONE',  ( 0.7071067811865467956, -0.000000000000000000, 0.7071067811865483499 ) ) ;
#5413 = LINE ( 'NONE', #1766, #2808 ) ;
#5414 = ORIENTED_EDGE ( 'NONE', *, *, #4944, .T. ) ;
#5415 = CARTESIAN_POINT ( 'NONE',  ( -1.420000000000000817, 1.550000000000000266, -1.554999999999999716 ) ) ;
#5416 = AXIS2_PLACEMENT_3D ( 'NONE', #3856, #759, #2452 ) ;
#5417 = DIRECTION ( 'NONE',  ( -0.000000000000000000, 1.000000000000000000, 0.000000000000000000 ) ) ;
#5418 = EDGE_CURVE ( 'NONE', #1431, #2476, #4595, .T. ) ;
#5419 = DIRECTION ( 'NONE',  ( 1.000000000000000000, -0.000000000000000000, 0.000000000000000000 ) ) ;
#5420 = ORIENTED_EDGE ( 'NONE', *, *, #3259, .T. ) ;
#5421 = VECTOR ( 'NONE', #4177, 1000.000000000000000 ) ;
#5422 = CARTESIAN_POINT ( 'NONE',  ( 1.295000000000001039, 1.849999999999999645, -1.310000000000000941 ) ) ;
#5423 = VERTEX_POINT ( 'NONE', #4225 ) ;
#5424 = DIRECTION ( 'NONE',  ( -0.000000000000000000, -0.000000000000000000, -1.000000000000000000 ) ) ;
#5425 = EDGE_CURVE ( 'NONE', #2581, #1133, #4697, .T. ) ;
#5426 = ORIENTED_EDGE ( 'NONE', *, *, #3049, .T. ) ;
#5427 = EDGE_CURVE ( 'NONE', #4091, #5574, #5238, .T. ) ;
#5428 = CARTESIAN_POINT ( 'NONE',  ( -1.295000000000001039, 1.399999999999999689, 1.310000000000000497 ) ) ;
#5429 = DIRECTION ( 'NONE',  ( -0.9973922938103979563, -0.07217071599778504543, 0.000000000000000000 ) ) ;
#5430 = DIRECTION ( 'NONE',  ( 0.9659258262890682012, 0.000000000000000000, 0.2588190451025211836 ) ) ;
#5431 = DIRECTION ( 'NONE',  ( -1.000000000000000000, 0.000000000000000000, -0.000000000000000000 ) ) ;
#5432 = CARTESIAN_POINT ( 'NONE',  ( 2.100000000000000089, 0.000000000000000000, -0.8000000000000000444 ) ) ;
#5433 = EDGE_LOOP ( 'NONE', ( #823, #2333, #3412, #4190 ) ) ;
#5434 = CARTESIAN_POINT ( 'NONE',  ( -2.025000000000000355, 1.399999999999999689, -1.525000000000000133 ) ) ;
#5435 = CARTESIAN_POINT ( 'NONE',  ( 1.558400974233028480, 1.828033008588990649, -1.558400974233024927 ) ) ;
#5436 = ORIENTED_EDGE ( 'NONE', *, *, #5800, .T. ) ;
#5437 = CARTESIAN_POINT ( 'NONE',  ( -2.100000000000000089, 1.399999999999999689, 1.525000000000000133 ) ) ;
#5438 = VECTOR ( 'NONE', #4835, 1000.000000000000000 ) ;
#5439 = CARTESIAN_POINT ( 'NONE',  ( -1.749999999999999778, 0.1499999999999997724, 1.600000000000000089 ) ) ;
#5440 = DIRECTION ( 'NONE',  ( 1.000000000000000000, -6.546552552286067020E-16, 0.000000000000000000 ) ) ;
#5441 = ORIENTED_EDGE ( 'NONE', *, *, #3031, .F. ) ;
#5442 = EDGE_CURVE ( 'NONE', #758, #5047, #2536, .T. ) ;
#5443 = DIRECTION ( 'NONE',  ( -0.2588190451025212946, -0.000000000000000000, -0.9659258262890680902 ) ) ;
#5444 = CARTESIAN_POINT ( 'NONE',  ( -2.100000000000000089, 1.550000000000000266, 1.525000000000000133 ) ) ;
#5445 = FACE_OUTER_BOUND ( 'NONE', #4879, .T. ) ;
#5446 = ORIENTED_EDGE ( 'NONE', *, *, #1372, .T. ) ;
#5447 = CARTESIAN_POINT ( 'NONE',  ( -2.055000000000001048, 1.818933982822017903, 0.9250000000000030420 ) ) ;
#5448 = ORIENTED_EDGE ( 'NONE', *, *, #5381, .F. ) ;
#5449 = EDGE_CURVE ( 'NONE', #1566, #1159, #2939, .T. ) ;
#5450 = EDGE_CURVE ( 'NONE', #2620, #4937, #3060, .T. ) ;
#5451 = CARTESIAN_POINT ( 'NONE',  ( 2.000157082654852037, 1.849999999999999645, 1.070151285479565395 ) ) ;
#5452 = ORIENTED_EDGE ( 'NONE', *, *, #1973, .F. ) ;
#5453 =( BOUNDED_CURVE ( )  B_SPLINE_CURVE ( 3, ( #3839, #5133, #4692, #652 ),
 .UNSPECIFIED., .F., .T. ) 
 B_SPLINE_CURVE_WITH_KNOTS ( ( 4, 4 ),
 ( 1.570796326794896558, 3.141592653589793116 ),
 .UNSPECIFIED. ) 
 CURVE ( )  GEOMETRIC_REPRESENTATION_ITEM ( )  RATIONAL_B_SPLINE_CURVE ( ( 1.000000000000000000, 0.8047378541243649375, 0.8047378541243649375, 1.000000000000000000 ) ) 
 REPRESENTATION_ITEM ( '' )  );
#5454 = CARTESIAN_POINT ( 'NONE',  ( 1.558400974233027814, 1.828033008588990649, 1.558400974233024483 ) ) ;
#5455 = EDGE_CURVE ( 'NONE', #4937, #4508, #4884, .T. ) ;
#5456 = FACE_BOUND ( 'NONE', #1514, .T. ) ;
#5457 = AXIS2_PLACEMENT_3D ( 'NONE', #5677, #3493, #4783 ) ;
#5458 = EDGE_CURVE ( 'NONE', #351, #5632, #815, .T. ) ;
#5459 = CIRCLE ( 'NONE', #3671, 0.02499999999999984873 ) ;
#5460 = ORIENTED_EDGE ( 'NONE', *, *, #3375, .T. ) ;
#5461 =( GEOMETRIC_REPRESENTATION_CONTEXT ( 3 ) GLOBAL_UNCERTAINTY_ASSIGNED_CONTEXT ( ( #3047 ) ) GLOBAL_UNIT_ASSIGNED_CONTEXT ( ( #5345, #5406, #2698 ) ) REPRESENTATION_CONTEXT ( 'NONE', 'WORKASPACE' ) );
#5462 = AXIS2_PLACEMENT_3D ( 'NONE', #3459, #1644, #3931 ) ;
#5463 = FACE_OUTER_BOUND ( 'NONE', #5143, .T. ) ;
#5464 = DIRECTION ( 'NONE',  ( 0.000000000000000000, 0.000000000000000000, 1.000000000000000000 ) ) ;
#5465 = VERTEX_POINT ( 'NONE', #5770 ) ;
#5466 = FACE_OUTER_BOUND ( 'NONE', #459, .T. ) ;
#5467 = PRODUCT_DEFINITION_SHAPE ( 'NONE', 'NONE',  #998 ) ;
#5468 = EDGE_LOOP ( 'NONE', ( #5647, #4367, #1299, #4579 ) ) ;
#5469 = VERTEX_POINT ( 'NONE', #2153 ) ;
#5470 = LINE ( 'NONE', #1910, #5311 ) ;
#5471 = CARTESIAN_POINT ( 'NONE',  ( 2.055000000000000604, 1.549999999999998046, -1.454999999999999627 ) ) ;
#5472 = CARTESIAN_POINT ( 'NONE',  ( -1.295000000000001039, 1.849999999999999645, -1.521506350946109309 ) ) ;
#5473 = VERTEX_POINT ( 'NONE', #1300 ) ;
#5474 = CYLINDRICAL_SURFACE ( 'NONE', #321, 1.199999999999999956 ) ;
#5475 = ORIENTED_EDGE ( 'NONE', *, *, #5623, .T. ) ;
#5476 = EDGE_CURVE ( 'NONE', #2052, #5712, #5744, .T. ) ;
#5477 = CARTESIAN_POINT ( 'NONE',  ( -2.274543651416819579, 0.1623701247003876136, -1.350000000000000089 ) ) ;
#5478 = ORIENTED_EDGE ( 'NONE', *, *, #274, .T. ) ;
#5479 = VECTOR ( 'NONE', #4083, 1000.000000000000000 ) ;
#5480 = AXIS2_PLACEMENT_3D ( 'NONE', #4886, #2969, #4762 ) ;
#5481 = CARTESIAN_POINT ( 'NONE',  ( 2.124934807345259635, 0.1731957321000552052, -0.8000000000000000444 ) ) ;
#5482 = DIRECTION ( 'NONE',  ( -0.000000000000000000, -1.000000000000000000, -0.000000000000000000 ) ) ;
#5483 = CARTESIAN_POINT ( 'NONE',  ( -2.021506350946109976, 1.774999999999999689, 0.7999999999999993783 ) ) ;
#5484 = ORIENTED_EDGE ( 'NONE', *, *, #1049, .T. ) ;
#5485 = CARTESIAN_POINT ( 'NONE',  ( -0.4000000000000001887, 1.399999999999999689, 1.199999999999999956 ) ) ;
#5486 = LINE ( 'NONE', #1953, #3137 ) ;
#5487 = VERTEX_POINT ( 'NONE', #2626 ) ;
#5488 = FACE_OUTER_BOUND ( 'NONE', #1986, .T. ) ;
#5489 = EDGE_CURVE ( 'NONE', #3002, #1943, #3974, .T. ) ;
#5490 = EDGE_CURVE ( 'NONE', #2791, #429, #4822, .T. ) ;
#5491 = EDGE_LOOP ( 'NONE', ( #348, #2381, #5291, #3722 ) ) ;
#5492 = ORIENTED_EDGE ( 'NONE', *, *, #4983, .F. ) ;
#5493 = AXIS2_PLACEMENT_3D ( 'NONE', #3451, #1218, #3013 ) ;
#5494 = LINE ( 'NONE', #2784, #1266 ) ;
#5495 = DIRECTION ( 'NONE',  ( -0.000000000000000000, -0.000000000000000000, -1.000000000000000000 ) ) ;
#5496 = CARTESIAN_POINT ( 'NONE',  ( -1.295000000000001039, 1.849999999999999645, 1.310000000000000497 ) ) ;
#5497 = EDGE_LOOP ( 'NONE', ( #533, #4059, #4389, #2917 ) ) ;
#5498 = DIRECTION ( 'NONE',  ( 0.9659258262890682012, 0.000000000000000000, -0.2588190451025213501 ) ) ;
#5499 = EDGE_LOOP ( 'NONE', ( #4457, #2861, #5478, #3446 ) ) ;
#5500 = AXIS2_PLACEMENT_3D ( 'NONE', #5621, #1591, #3378 ) ;
#5501 = CARTESIAN_POINT ( 'NONE',  ( -1.805000000000000382, 1.849999999999999645, -0.8750000000000000000 ) ) ;
#5502 = ORIENTED_EDGE ( 'NONE', *, *, #2487, .F. ) ;
#5503 = DIRECTION ( 'NONE',  ( -0.000000000000000000, -1.000000000000000000, -0.000000000000000000 ) ) ;
#5504 = LINE ( 'NONE', #2774, #4137 ) ;
#5505 = EDGE_CURVE ( 'NONE', #3463, #1995, #5156, .T. ) ;
#5506 = LINE ( 'NONE', #2417, #3667 ) ;
#5507 = VECTOR ( 'NONE', #2141, 1000.000000000000000 ) ;
#5508 = ORIENTED_EDGE ( 'NONE', *, *, #2886, .F. ) ;
#5509 = VECTOR ( 'NONE', #1340, 1000.000000000000000 ) ;
#5510 = AXIS2_PLACEMENT_3D ( 'NONE', #3520, #4080, #3737 ) ;
#5511 = DIRECTION ( 'NONE',  ( 0.000000000000000000, 1.000000000000000000, 0.000000000000000000 ) ) ;
#5512 = CARTESIAN_POINT ( 'NONE',  ( -0.3999999999999998557, 9.120215047547656440, 1.100000000000000533 ) ) ;
#5513 = ORIENTED_EDGE ( 'NONE', *, *, #3593, .F. ) ;
#5514 = DIRECTION ( 'NONE',  ( 0.000000000000000000, 0.000000000000000000, 1.000000000000000000 ) ) ;
#5515 = EDGE_CURVE ( 'NONE', #1462, #2563, #2184, .T. ) ;
#5516 = EDGE_LOOP ( 'NONE', ( #5237, #1880, #2198, #5539 ) ) ;
#5517 = ORIENTED_EDGE ( 'NONE', *, *, #2045, .T. ) ;
#5518 = CARTESIAN_POINT ( 'NONE',  ( -2.274543651416819579, 0.1623701247003876136, -0.8000000000000000444 ) ) ;
#5519 = FACE_OUTER_BOUND ( 'NONE', #5174, .T. ) ;
#5520 = DIRECTION ( 'NONE',  ( 0.000000000000000000, -1.000000000000000000, 0.000000000000000000 ) ) ;
#5521 = EDGE_CURVE ( 'NONE', #1995, #5786, #4916, .T. ) ;
#5522 = CARTESIAN_POINT ( 'NONE',  ( 0.3999999999999998557, 9.120215047547656440, 1.100000000000000977 ) ) ;
#5523 = ORIENTED_EDGE ( 'NONE', *, *, #3976, .T. ) ;
#5524 = CARTESIAN_POINT ( 'NONE',  ( -2.100000000000000089, 1.399999999999999689, -1.525000000000000133 ) ) ;
#5525 = ORIENTED_EDGE ( 'NONE', *, *, #687, .F. ) ;
#5526 = CIRCLE ( 'NONE', #1567, 0.07499999999999998335 ) ;
#5527 = LINE ( 'NONE', #2277, #1225 ) ;
#5528 = ORIENTED_EDGE ( 'NONE', *, *, #2045, .F. ) ;
#5529 = EDGE_CURVE ( 'NONE', #5231, #3983, #4374, .T. ) ;
#5530 = DIRECTION ( 'NONE',  ( -0.9973922938103979563, 0.07217071599778383806, 0.000000000000000000 ) ) ;
#5531 = PLANE ( 'NONE',  #2065 ) ;
#5532 = CARTESIAN_POINT ( 'NONE',  ( 1.980000000000000426, 1.849999999999999645, -0.9348739373190558810 ) ) ;
#5533 = DIRECTION ( 'NONE',  ( 0.000000000000000000, 0.000000000000000000, -1.000000000000000000 ) ) ;
#5534 = COLOUR_RGB ( '',0.7921568627450980005, 0.8196078431372548767, 0.9333333333333333481 ) ;
#5535 = ORIENTED_EDGE ( 'NONE', *, *, #5364, .T. ) ;
#5536 = AXIS2_PLACEMENT_3D ( 'NONE', #1352, #2651, #3998 ) ;
#5537 = DIRECTION ( 'NONE',  ( -1.000000000000000000, -0.000000000000000000, -0.000000000000000000 ) ) ;
#5538 = CARTESIAN_POINT ( 'NONE',  ( 2.025000000000000355, 8.380151512977635164, 1.525000000000000133 ) ) ;
#5539 = ORIENTED_EDGE ( 'NONE', *, *, #2202, .T. ) ;
#5540 = DIRECTION ( 'NONE',  ( 0.7071067811865464625, 0.000000000000000000, 0.7071067811865486830 ) ) ;
#5541 = VECTOR ( 'NONE', #3447, 1000.000000000000000 ) ;
#5542 = EDGE_CURVE ( 'NONE', #1757, #5322, #3535, .T. ) ;
#5543 = CIRCLE ( 'NONE', #1326, 1.100000000000000533 ) ;
#5544 = ORIENTED_EDGE ( 'NONE', *, *, #1899, .T. ) ;
#5545 = ORIENTED_EDGE ( 'NONE', *, *, #5489, .F. ) ;
#5546 = VECTOR ( 'NONE', #299, 1000.000000000000227 ) ;
#5547 = AXIS2_PLACEMENT_3D ( 'NONE', #5039, #2832, #1034 ) ;
#5548 = FACE_OUTER_BOUND ( 'NONE', #3148, .T. ) ;
#5549 = LINE ( 'NONE', #907, #2307 ) ;
#5550 = PRESENTATION_LAYER_ASSIGNMENT (  '', '', ( #3289 ) ) ;
#5551 = PLANE ( 'NONE',  #4319 ) ;
#5552 = ORIENTED_EDGE ( 'NONE', *, *, #1323, .T. ) ;
#5553 = LINE ( 'NONE', #3730, #795 ) ;
#5554 = ORIENTED_EDGE ( 'NONE', *, *, #1075, .T. ) ;
#5555 = EDGE_CURVE ( 'NONE', #4963, #1945, #4213, .T. ) ;
#5556 = CARTESIAN_POINT ( 'NONE',  ( -1.295000000000001039, 1.399999999999999689, 1.521506350946108865 ) ) ;
#5557 = ORIENTED_EDGE ( 'NONE', *, *, #3569, .F. ) ;
#5558 = EDGE_CURVE ( 'NONE', #163, #876, #1337, .T. ) ;
#5559 = ADVANCED_FACE ( 'NONE', ( #1813 ), #3601, .T. ) ;
#5560 = DIRECTION ( 'NONE',  ( -0.000000000000000000, -0.000000000000000000, -1.000000000000000000 ) ) ;
#5561 = CARTESIAN_POINT ( 'NONE',  ( -2.100000000000000089, 0.1499999999999997724, -0.8000000000000000444 ) ) ;
#5562 = FACE_OUTER_BOUND ( 'NONE', #3228, .T. ) ;
#5563 = EDGE_CURVE ( 'NONE', #2513, #1174, #4031, .T. ) ;
#5564 = LINE ( 'NONE', #2392, #4176 ) ;
#5565 = ORIENTED_EDGE ( 'NONE', *, *, #1107, .T. ) ;
#5566 = STYLED_ITEM ( 'NONE', ( #1544 ), #1339 ) ;
#5567 = FACE_OUTER_BOUND ( 'NONE', #3404, .T. ) ;
#5568 = VECTOR ( 'NONE', #3109, 1000.000000000000000 ) ;
#5569 = CARTESIAN_POINT ( 'NONE',  ( -2.124934807345259635, 0.1731957321000552052, 1.350000000000000089 ) ) ;
#5570 = ORIENTED_EDGE ( 'NONE', *, *, #1676, .F. ) ;
#5571 = CARTESIAN_POINT ( 'NONE',  ( 1.420000000000000817, 1.399999999999999689, 1.554999999999999272 ) ) ;
#5572 = EDGE_CURVE ( 'NONE', #70, #4973, #3027, .T. ) ;
#5573 = ORIENTED_EDGE ( 'NONE', *, *, #1811, .F. ) ;
#5574 = VERTEX_POINT ( 'NONE', #5703 ) ;
#5575 = ADVANCED_FACE ( 'NONE', ( #1098 ), #4812, .T. ) ;
#5576 = CARTESIAN_POINT ( 'NONE',  ( 2.274543651416819579, 0.1623701247003876136, 0.8000000000000000444 ) ) ;
#5577 = CARTESIAN_POINT ( 'NONE',  ( 1.749999999999999778, -2.143131898507868051E-16, -0.8000000000000001554 ) ) ;
#5578 = AXIS2_PLACEMENT_3D ( 'NONE', #2342, #5090, #5464 ) ;
#5579 = CARTESIAN_POINT ( 'NONE',  ( 2.025000000000000355, 0.1499999999999997169, -1.600000000000000089 ) ) ;
#5580 = ORIENTED_EDGE ( 'NONE', *, *, #810, .T. ) ;
#5581 = LINE ( 'NONE', #116, #1754 ) ;
#5582 = ORIENTED_EDGE ( 'NONE', *, *, #4553, .T. ) ;
#5583 = EDGE_CURVE ( 'NONE', #3483, #4030, #4275, .T. ) ;
#5584 = CARTESIAN_POINT ( 'NONE',  ( 2.100000000000000089, 1.550000000000000266, 1.525000000000000133 ) ) ;
#5585 = VECTOR ( 'NONE', #3799, 1000.000000000000000 ) ;
#5586 = ORIENTED_EDGE ( 'NONE', *, *, #329, .T. ) ;
#5587 = EDGE_CURVE ( 'NONE', #5686, #1931, #1643, .T. ) ;
#5588 = CARTESIAN_POINT ( 'NONE',  ( 1.749999999999999778, 0.1499999999999997724, -0.8000000000000000444 ) ) ;
#5589 = CARTESIAN_POINT ( 'NONE',  ( 2.100000000000000089, 0.000000000000000000, -0.8000000000000000444 ) ) ;
#5590 = ORIENTED_EDGE ( 'NONE', *, *, #2515, .F. ) ;
#5591 = CARTESIAN_POINT ( 'NONE',  ( 0.3999999999999998557, 2.500000000000000444, 4.397732528557848481E-16 ) ) ;
#5592 = EDGE_CURVE ( 'NONE', #1097, #3484, #3018, .T. ) ;
#5593 = CARTESIAN_POINT ( 'NONE',  ( 1.608295528797685670, 1.795157082654851299, 1.554999999999999050 ) ) ;
#5594 = EDGE_LOOP ( 'NONE', ( #4342, #4816, #4584, #1642, #1308 ) ) ;
#5595 = LINE ( 'NONE', #2069, #3556 ) ;
#5596 = DIRECTION ( 'NONE',  ( 1.000000000000000000, 0.000000000000000000, -0.000000000000000000 ) ) ;
#5597 = ORIENTED_EDGE ( 'NONE', *, *, #553, .T. ) ;
#5598 = DIRECTION ( 'NONE',  ( 0.9973922938103979563, -0.07217071599778504543, 0.000000000000000000 ) ) ;
#5599 = ORIENTED_EDGE ( 'NONE', *, *, #482, .T. ) ;
#5600 = VERTEX_POINT ( 'NONE', #4690 ) ;
#5601 = ADVANCED_FACE ( 'NONE', ( #3429 ), #236, .F. ) ;
#5602 = PLANE ( 'NONE',  #1542 ) ;
#5603 = PRESENTATION_STYLE_ASSIGNMENT (( #3695 ) ) ;
#5604 = CARTESIAN_POINT ( 'NONE',  ( -2.055000000000000604, 1.399999999999999689, -1.454999999999999627 ) ) ;
#5605 = DIRECTION ( 'NONE',  ( 0.000000000000000000, -0.000000000000000000, 1.000000000000000000 ) ) ;
#5606 = EDGE_LOOP ( 'NONE', ( #350, #1035, #2795, #3729, #2427 ) ) ;
#5607 = DIRECTION ( 'NONE',  ( 1.000000000000000000, 0.000000000000000000, -0.000000000000000000 ) ) ;
#5608 = EDGE_CURVE ( 'NONE', #1042, #2080, #5543, .T. ) ;
#5609 = ORIENTED_EDGE ( 'NONE', *, *, #1374, .F. ) ;
#5610 = DIRECTION ( 'NONE',  ( 0.000000000000000000, -0.000000000000000000, -1.000000000000000000 ) ) ;
#5611 = DIRECTION ( 'NONE',  ( -0.000000000000000000, -1.000000000000000000, -0.000000000000000000 ) ) ;
#5612 = ORIENTED_EDGE ( 'NONE', *, *, #761, .T. ) ;
#5613 = ADVANCED_FACE ( 'NONE', ( #5162 ), #711, .T. ) ;
#5614 = LINE ( 'NONE', #2118, #2667 ) ;
#5615 = EDGE_CURVE ( 'NONE', #5786, #3523, #3099, .T. ) ;
#5616 = LINE ( 'NONE', #598, #1732 ) ;
#5617 = DIRECTION ( 'NONE',  ( 0.000000000000000000, 0.000000000000000000, 1.000000000000000000 ) ) ;
#5618 = ORIENTED_EDGE ( 'NONE', *, *, #3539, .T. ) ;
#5619 = LINE ( 'NONE', #1590, #3746 ) ;
#5620 = VECTOR ( 'NONE', #3958, 1000.000000000000000 ) ;
#5621 = CARTESIAN_POINT ( 'NONE',  ( 2.055000000000000604, 8.380151512977635164, -0.9249999999999999334 ) ) ;
#5622 = ORIENTED_EDGE ( 'NONE', *, *, #2650, .T. ) ;
#5623 = EDGE_CURVE ( 'NONE', #583, #2711, #2087, .T. ) ;
#5624 = CARTESIAN_POINT ( 'NONE',  ( 1.561801948466053247, 1.849999999999999645, -1.479999999999999760 ) ) ;
#5625 = ADVANCED_FACE ( 'NONE', ( #3365 ), #744, .T. ) ;
#5626 = DIRECTION ( 'NONE',  ( 1.548860246407861611E-16, 1.000000000000000000, -0.000000000000000000 ) ) ;
#5627 = VERTEX_POINT ( 'NONE', #2987 ) ;
#5628 = VECTOR ( 'NONE', #4590, 1000.000000000000114 ) ;
#5629 = LINE ( 'NONE', #5244, #2902 ) ;
#5630 = CLOSED_SHELL ( 'NONE', ( #5008, #5361, #5398, #544, #593, #2829, #5811, #4386, #1933, #196 ) ) ;
#5631 = ORIENTED_EDGE ( 'NONE', *, *, #2169, .T. ) ;
#5632 = VERTEX_POINT ( 'NONE', #2495 ) ;
#5633 = DIRECTION ( 'NONE',  ( -0.9973922938103979563, 0.07217071599778390745, 0.000000000000000000 ) ) ;
#5634 = CYLINDRICAL_SURFACE ( 'NONE', #1368, 0.07499999999999998335 ) ;
#5635 = CARTESIAN_POINT ( 'NONE',  ( 1.420000000000000817, 1.849999999999999645, -1.479999999999999760 ) ) ;
#5636 = LINE ( 'NONE', #2587, #4287 ) ;
#5637 = CARTESIAN_POINT ( 'NONE',  ( 2.299999999999999822, 0.5141743926003324860, 0.8000000000000000444 ) ) ;
#5638 = VECTOR ( 'NONE', #1746, 1000.000000000000000 ) ;
#5639 = VERTEX_POINT ( 'NONE', #3869 ) ;
#5640 = DIRECTION ( 'NONE',  ( 0.000000000000000000, 0.000000000000000000, 1.000000000000000000 ) ) ;
#5641 = VECTOR ( 'NONE', #1649, 1000.000000000000000 ) ;
#5642 = EDGE_CURVE ( 'NONE', #4837, #2887, #1801, .T. ) ;
#5643 = ORIENTED_EDGE ( 'NONE', *, *, #3187, .F. ) ;
#5644 = CARTESIAN_POINT ( 'NONE',  ( -1.980000000000000426, 1.774999999999999689, 0.000000000000000000 ) ) ;
#5645 = VECTOR ( 'NONE', #746, 1000.000000000000000 ) ;
#5646 = PLANE ( 'NONE',  #369 ) ;
#5647 = ORIENTED_EDGE ( 'NONE', *, *, #4476, .F. ) ;
#5648 = LINE ( 'NONE', #1646, #2001 ) ;
#5649 = EDGE_CURVE ( 'NONE', #4183, #429, #1131, .T. ) ;
#5650 = LINE ( 'NONE', #2964, #4433 ) ;
#5651 = CARTESIAN_POINT ( 'NONE',  ( 2.055000000000000604, 1.550000000000000266, -0.9249999999999999334 ) ) ;
#5652 = ORIENTED_EDGE ( 'NONE', *, *, #5572, .T. ) ;
#5653 = DIRECTION ( 'NONE',  ( -0.000000000000000000, -0.000000000000000000, -1.000000000000000000 ) ) ;
#5654 = DIRECTION ( 'NONE',  ( -0.000000000000000000, -0.000000000000000000, -1.000000000000000000 ) ) ;
#5655 = VERTEX_POINT ( 'NONE', #2115 ) ;
#5656 = CARTESIAN_POINT ( 'NONE',  ( 2.055000000000000604, 1.849999999999999645, -0.9249999999999999334 ) ) ;
#5657 = FACE_OUTER_BOUND ( 'NONE', #5050, .T. ) ;
#5658 = ORIENTED_EDGE ( 'NONE', *, *, #4571, .T. ) ;
#5659 = DIRECTION ( 'NONE',  ( 1.000000000000000000, -0.000000000000000000, 0.000000000000000000 ) ) ;
#5660 = VECTOR ( 'NONE', #2679, 1000.000000000000114 ) ;
#5661 = ORIENTED_EDGE ( 'NONE', *, *, #2056, .F. ) ;
#5662 = ORIENTED_EDGE ( 'NONE', *, *, #1811, .T. ) ;
#5663 = DIRECTION ( 'NONE',  ( -0.000000000000000000, -1.000000000000000000, -0.000000000000000000 ) ) ;
#5664 = VECTOR ( 'NONE', #3092, 999.9999999999998863 ) ;
#5665 = CARTESIAN_POINT ( 'NONE',  ( -2.055000000000000604, 1.399999999999999689, -0.9249999999999999334 ) ) ;
#5666 = EDGE_CURVE ( 'NONE', #5655, #3983, #3814, .T. ) ;
#5667 = CARTESIAN_POINT ( 'NONE',  ( -2.025000000000000355, 1.550000000000000266, -1.525000000000000133 ) ) ;
#5668 = EDGE_LOOP ( 'NONE', ( #2561, #3595, #4290, #5580, #1427, #954 ) ) ;
#5670 = AXIS2_PLACEMENT_3D ( 'NONE', #3975, #3913, #5207 ) ;
#5669 = PLANE ( 'NONE',  #2242 ) ;
#5671 = CARTESIAN_POINT ( 'NONE',  ( -2.100000000000000089, 1.399999999999999689, 1.600000000000000089 ) ) ;
#5672 = ORIENTED_EDGE ( 'NONE', *, *, #4788, .T. ) ;
#5673 = CARTESIAN_POINT ( 'NONE',  ( 2.100000000000000089, 0.1499999999999997169, -0.8000000000000000444 ) ) ;
#5674 = EDGE_CURVE ( 'NONE', #4696, #414, #3930, .T. ) ;
#5675 = ORIENTED_EDGE ( 'NONE', *, *, #1393, .F. ) ;
#5676 = VECTOR ( 'NONE', #528, 1000.000000000000000 ) ;
#5677 = CARTESIAN_POINT ( 'NONE',  ( 0.000000000000000000, 1.774999999999999689, -1.479999999999999760 ) ) ;
#5678 = DIRECTION ( 'NONE',  ( -0.000000000000000000, 0.000000000000000000, 1.000000000000000000 ) ) ;
#5679 = ORIENTED_EDGE ( 'NONE', *, *, #1451, .F. ) ;
#5680 = PLANE ( 'NONE',  #5189 ) ;
#5681 = FILL_AREA_STYLE_COLOUR ( '', #658 ) ;
#5682 = CARTESIAN_POINT ( 'NONE',  ( 1.520900974233027503, 1.774999999999999689, 1.520900974233024172 ) ) ;
#5683 = EDGE_LOOP ( 'NONE', ( #58, #5130, #1569, #526 ) ) ;
#5684 = DIRECTION ( 'NONE',  ( 0.000000000000000000, 0.000000000000000000, 1.000000000000000000 ) ) ;
#5685 = DIRECTION ( 'NONE',  ( 0.000000000000000000, -0.000000000000000000, 1.000000000000000000 ) ) ;
#5686 = VERTEX_POINT ( 'NONE', #205 ) ;
#5687 = ADVANCED_FACE ( 'NONE', ( #3808 ), #2928, .T. ) ;
#5688 = CARTESIAN_POINT ( 'NONE',  ( 1.955000000000000515, 8.380151512977635164, 1.554999999999999272 ) ) ;
#5689 = CARTESIAN_POINT ( 'NONE',  ( 2.055000000000000604, 8.380151512977635164, -0.9249999999999999334 ) ) ;
#5690 = EDGE_LOOP ( 'NONE', ( #1806, #2050, #62, #4233 ) ) ;
#5691 = CARTESIAN_POINT ( 'NONE',  ( 2.055000000000000604, 1.550000000000000266, 0.9249999999999992673 ) ) ;
#5692 = ORIENTED_EDGE ( 'NONE', *, *, #4173, .T. ) ;
#5693 = ORIENTED_EDGE ( 'NONE', *, *, #4168, .T. ) ;
#5694 = DIRECTION ( 'NONE',  ( -0.000000000000000000, -1.000000000000000000, -0.000000000000000000 ) ) ;
#5695 = EDGE_CURVE ( 'NONE', #2120, #2776, #5218, .T. ) ;
#5696 = CYLINDRICAL_SURFACE ( 'NONE', #5493, 0.07499999999999998335 ) ;
#5697 = CARTESIAN_POINT ( 'NONE',  ( 1.295000000000001039, 1.849999999999999645, -1.521506350946109309 ) ) ;
#5698 = ORIENTED_EDGE ( 'NONE', *, *, #3611, .F. ) ;
#5699 = CARTESIAN_POINT ( 'NONE',  ( 2.055000000000000604, 8.380151512977635164, 0.9249999999999992673 ) ) ;
#5700 = VECTOR ( 'NONE', #5727, 1000.000000000000000 ) ;
#5701 = PLANE ( 'NONE',  #4276 ) ;
#5702 = ORIENTED_EDGE ( 'NONE', *, *, #3122, .T. ) ;
#5703 = CARTESIAN_POINT ( 'NONE',  ( 1.749999999999999778, -2.143131898507868051E-16, -1.600000000000000089 ) ) ;
#5704 = ADVANCED_FACE ( 'NONE', ( #4771 ), #4707, .T. ) ;
#5705 = ADVANCED_FACE ( 'NONE', ( #4385 ), #3829, .F. ) ;
#5706 = CARTESIAN_POINT ( 'NONE',  ( -1.749999999999999778, -2.143131898507868051E-16, 1.600000000000000089 ) ) ;
#5707 = VERTEX_POINT ( 'NONE', #1633 ) ;
#5708 = CARTESIAN_POINT ( 'NONE',  ( -1.749999999999999778, 0.1499999999999997724, -1.350000000000000089 ) ) ;
#5709 = VERTEX_POINT ( 'NONE', #4738 ) ;
#5710 = CARTESIAN_POINT ( 'NONE',  ( 1.295000000000001039, 1.399999999999999689, 1.310000000000000497 ) ) ;
#5711 = LINE ( 'NONE', #2686, #5068 ) ;
#5712 = VERTEX_POINT ( 'NONE', #764 ) ;
#5713 = CARTESIAN_POINT ( 'NONE',  ( 1.295000000000001039, 1.399999999999999689, 1.521506350946108865 ) ) ;
#5714 = CARTESIAN_POINT ( 'NONE',  ( 1.749999999999999778, 0.1499999999999997724, 0.8000000000000000444 ) ) ;
#5715 = PLANE ( 'NONE',  #543 ) ;
#5716 = DIRECTION ( 'NONE',  ( -0.000000000000000000, -1.000000000000000000, -0.000000000000000000 ) ) ;
#5717 = CARTESIAN_POINT ( 'NONE',  ( 1.314411428382690650, 1.849999999999999645, -1.449061913974429627 ) ) ;
#5718 = ORIENTED_EDGE ( 'NONE', *, *, #5131, .T. ) ;
#5719 = CARTESIAN_POINT ( 'NONE',  ( 2.055000000000000604, 8.380151512977635164, 1.454999999999999183 ) ) ;
#5720 = VERTEX_POINT ( 'NONE', #5281 ) ;
#5721 = ORIENTED_EDGE ( 'NONE', *, *, #3915, .T. ) ;
#5722 = DIRECTION ( 'NONE',  ( -0.7071067811865466846, 0.000000000000000000, -0.7071067811865483499 ) ) ;
#5723 = CARTESIAN_POINT ( 'NONE',  ( 1.980000000000000426, 1.849999999999999645, 0.9348739373190552149 ) ) ;
#5724 = ADVANCED_FACE ( 'NONE', ( #3515 ), #1691, .F. ) ;
#5725 = CARTESIAN_POINT ( 'NONE',  ( -2.055000000000000604, 1.399999999999999689, 1.454999999999999183 ) ) ;
#5726 = ADVANCED_FACE ( 'NONE', ( #5248 ), #320, .F. ) ;
#5727 = DIRECTION ( 'NONE',  ( 1.000000000000000000, -0.000000000000000000, 0.000000000000000000 ) ) ;
#5728 = ORIENTED_EDGE ( 'NONE', *, *, #4232, .T. ) ;
#5729 = AXIS2_PLACEMENT_3D ( 'NONE', #4893, #2666, #1753 ) ;
#5730 = DIRECTION ( 'NONE',  ( -0.07217071599778503155, -0.9973922938103978453, -0.000000000000000000 ) ) ;
#5731 = AXIS2_PLACEMENT_3D ( 'NONE', #269, #4719, #2590 ) ;
#5732 = CARTESIAN_POINT ( 'NONE',  ( 1.577865067056394288, 1.842286218423173860, -1.518779798754807064 ) ) ;
#5733 = AXIS2_PLACEMENT_3D ( 'NONE', #4069, #33, #5431 ) ;
#5734 = ORIENTED_EDGE ( 'NONE', *, *, #4768, .T. ) ;
#5735 = DIRECTION ( 'NONE',  ( -0.000000000000000000, -1.000000000000000000, -0.000000000000000000 ) ) ;
#5736 = EDGE_CURVE ( 'NONE', #120, #1344, #1120, .T. ) ;
#5737 = ORIENTED_EDGE ( 'NONE', *, *, #1512, .F. ) ;
#5738 = VECTOR ( 'NONE', #595, 1000.000000000000000 ) ;
#5739 =( LENGTH_UNIT ( ) NAMED_UNIT ( * ) SI_UNIT ( .MILLI., .METRE. ) );
#5740 = ADVANCED_FACE ( 'NONE', ( #3011 ), #1249, .T. ) ;
#5741 = ADVANCED_FACE ( 'NONE', ( #1725 ), #2162, .T. ) ;
#5742 = FACE_OUTER_BOUND ( 'NONE', #424, .T. ) ;
#5743 = ORIENTED_EDGE ( 'NONE', *, *, #3294, .F. ) ;
#5744 = LINE ( 'NONE', #4850, #3195 ) ;
#5745 = LINE ( 'NONE', #4407, #4938 ) ;
#5746 = CARTESIAN_POINT ( 'NONE',  ( 1.980000000000000426, 1.849999999999999645, -1.030735931288069285 ) ) ;
#5747 = LINE ( 'NONE', #2602, #4566 ) ;
#5748 = DIRECTION ( 'NONE',  ( 0.000000000000000000, 0.000000000000000000, 1.000000000000000000 ) ) ;
#5749 = ORIENTED_EDGE ( 'NONE', *, *, #5515, .T. ) ;
#5750 = DIRECTION ( 'NONE',  ( -0.000000000000000000, -0.000000000000000000, -1.000000000000000000 ) ) ;
#5751 = ORIENTED_EDGE ( 'NONE', *, *, #5824, .F. ) ;
#5752 = EDGE_LOOP ( 'NONE', ( #328, #153, #2548, #307 ) ) ;
#5753 = CYLINDRICAL_SURFACE ( 'NONE', #3472, 0.02499999999999984873 ) ;
#5754 = DIRECTION ( 'NONE',  ( 0.000000000000000000, -0.000000000000000000, -1.000000000000000000 ) ) ;
#5755 = CARTESIAN_POINT ( 'NONE',  ( -1.583768939877062687, 1.828033008588990649, 1.533033008588990498 ) ) ;
#5756 = ORIENTED_EDGE ( 'NONE', *, *, #5381, .T. ) ;
#5757 = LINE ( 'NONE', #1791, #721 ) ;
#5758 = DIRECTION ( 'NONE',  ( 0.000000000000000000, 1.000000000000000000, 0.000000000000000000 ) ) ;
#5759 = CARTESIAN_POINT ( 'NONE',  ( -2.025000000000000355, 0.1499999999999997169, -1.600000000000000089 ) ) ;
#5760 = EDGE_LOOP ( 'NONE', ( #2272, #4617, #2716, #2105 ) ) ;
#5761 = EDGE_CURVE ( 'NONE', #4120, #713, #3386, .T. ) ;
#5762 = FACE_OUTER_BOUND ( 'NONE', #75, .T. ) ;
#5763 = CARTESIAN_POINT ( 'NONE',  ( -1.980000000000000426, 1.849999999999999645, 1.030735931288069507 ) ) ;
#5764 = ORIENTED_EDGE ( 'NONE', *, *, #1702, .T. ) ;
#5765 = CARTESIAN_POINT ( 'NONE',  ( 1.420000000000000817, 1.399999999999999689, 1.554999999999999272 ) ) ;
#5766 = ORIENTED_EDGE ( 'NONE', *, *, #3133, .T. ) ;
#5767 = VECTOR ( 'NONE', #2874, 1000.000000000000000 ) ;
#5768 = CARTESIAN_POINT ( 'NONE',  ( 1.636801948466052536, 1.774999999999999467, 1.554999999999999272 ) ) ;
#5769 = ORIENTED_EDGE ( 'NONE', *, *, #3371, .T. ) ;
#5770 = CARTESIAN_POINT ( 'NONE',  ( -2.100000000000000089, 0.1499999999999999667, -0.8000000000000000444 ) ) ;
#5771 = DIRECTION ( 'NONE',  ( -0.000000000000000000, -0.000000000000000000, 1.000000000000000000 ) ) ;
#5772 = CARTESIAN_POINT ( 'NONE',  ( 2.033033008588991386, 1.828033008588990649, -1.083768939877060467 ) ) ;
#5773 = EDGE_CURVE ( 'NONE', #4731, #705, #2950, .T. ) ;
#5774 = VECTOR ( 'NONE', #3645, 1000.000000000000000 ) ;
#5775 = CARTESIAN_POINT ( 'NONE',  ( -2.100000000000000089, 1.399999999999999689, 1.600000000000000089 ) ) ;
#5776 = CARTESIAN_POINT ( 'NONE',  ( 1.749999999999999778, -2.143131898507868051E-16, 1.600000000000000089 ) ) ;
#5777 = ORIENTED_EDGE ( 'NONE', *, *, #5108, .T. ) ;
#5778 = EDGE_CURVE ( 'NONE', #300, #4634, #5184, .T. ) ;
#5779 = PLANE ( 'NONE',  #3753 ) ;
#5780 = SURFACE_SIDE_STYLE ('',( #2221 ) ) ;
#5781 = EDGE_LOOP ( 'NONE', ( #2147, #1589, #4673, #2123 ) ) ;
#5782 = ORIENTED_EDGE ( 'NONE', *, *, #2218, .T. ) ;
#5783 = DIRECTION ( 'NONE',  ( 0.000000000000000000, -0.000000000000000000, 1.000000000000000000 ) ) ;
#5784 = VECTOR ( 'NONE', #833, 1000.000000000000000 ) ;
#5785 = CARTESIAN_POINT ( 'NONE',  ( 2.100000000000000089, 0.1499999999999997169, -1.525000000000000133 ) ) ;
#5786 = VERTEX_POINT ( 'NONE', #2077 ) ;
#5787 = DIRECTION ( 'NONE',  ( -1.000000000000000000, -0.000000000000000000, -0.000000000000000000 ) ) ;
#5788 = CARTESIAN_POINT ( 'NONE',  ( -2.025000000000000355, 8.380151512977635164, 1.600000000000000089 ) ) ;
#5789 = EDGE_LOOP ( 'NONE', ( #2076, #2572, #2967, #3080, #2448, #5702, #4959, #4061 ) ) ;
#5790 = EDGE_CURVE ( 'NONE', #1344, #284, #3923, .T. ) ;
#5791 = LINE ( 'NONE', #5385, #5568 ) ;
#5792 = DIRECTION ( 'NONE',  ( 0.000000000000000000, 1.000000000000000000, 0.000000000000000000 ) ) ;
#5793 = PRODUCT_RELATED_PRODUCT_CATEGORY ( 'part', '', ( #3585 ) ) ;
#5794 = CARTESIAN_POINT ( 'NONE',  ( 1.613646665416829773, 1.774999999999999689, -0.4323753208676145987 ) ) ;
#5795 = EDGE_LOOP ( 'NONE', ( #5086, #4292, #650, #4003, #3055, #2411, #4906, #5326 ) ) ;
#5796 = LINE ( 'NONE', #2713, #4307 ) ;
#5797 = AXIS2_PLACEMENT_3D ( 'NONE', #3632, #5429, #1396 ) ;
#5798 = ORIENTED_EDGE ( 'NONE', *, *, #5450, .F. ) ;
#5799 = CIRCLE ( 'NONE', #317, 1.199999999999999956 ) ;
#5800 = EDGE_CURVE ( 'NONE', #1195, #3929, #1150, .T. ) ;
#5801 = DIRECTION ( 'NONE',  ( 0.2588190451025212946, 0.000000000000000000, -0.9659258262890682012 ) ) ;
#5802 = ORIENTED_EDGE ( 'NONE', *, *, #1526, .T. ) ;
#5803 = DIRECTION ( 'NONE',  ( 1.000000000000000000, -1.548860246407861364E-16, 0.000000000000000000 ) ) ;
#5804 = LINE ( 'NONE', #1779, #185 ) ;
#5805 = CARTESIAN_POINT ( 'NONE',  ( 1.805000000000000382, 8.380151512977635164, 0.7999999999999993783 ) ) ;
#5806 = CARTESIAN_POINT ( 'NONE',  ( -1.955000000000000515, 1.550000000000000266, -1.554999999999999716 ) ) ;
#5807 = DIRECTION ( 'NONE',  ( -0.000000000000000000, -0.000000000000000000, -1.000000000000000000 ) ) ;
#5808 = DIRECTION ( 'NONE',  ( 0.2588190451025212946, -0.000000000000000000, 0.9659258262890682012 ) ) ;
#5809 = CARTESIAN_POINT ( 'NONE',  ( -1.520900974233027503, 1.849999999999999645, -1.520900974233024172 ) ) ;
#5810 = ORIENTED_EDGE ( 'NONE', *, *, #2348, .F. ) ;
#5811 = ADVANCED_FACE ( 'NONE', ( #3418 ), #5753, .F. ) ;
#5812 = ADVANCED_FACE ( 'NONE', ( #2977 ), #155, .T. ) ;
#5813 = CARTESIAN_POINT ( 'NONE',  ( -1.749999999999999778, -2.291293393300126514E-16, 0.8000000000000000444 ) ) ;
#5814 = CARTESIAN_POINT ( 'NONE',  ( -1.955000000000000515, 1.550000000000000266, 1.554999999999999272 ) ) ;
#5815 = ORIENTED_EDGE ( 'NONE', *, *, #883, .T. ) ;
#5816 = CARTESIAN_POINT ( 'NONE',  ( -1.561801948466052137, 1.849999999999999645, -1.479999999999999760 ) ) ;
#5817 = FACE_OUTER_BOUND ( 'NONE', #4940, .T. ) ;
#5818 = LINE ( 'NONE', #3196, #1586 ) ;
#5819 = ORIENTED_EDGE ( 'NONE', *, *, #3955, .F. ) ;
#5820 = DIRECTION ( 'NONE',  ( -0.9659258262890682012, 0.000000000000000000, -0.2588190451025212946 ) ) ;
#5821 = FACE_OUTER_BOUND ( 'NONE', #3767, .T. ) ;
#5822 = DIRECTION ( 'NONE',  ( 0.000000000000000000, 0.000000000000000000, -1.000000000000000000 ) ) ;
#5823 = ORIENTED_EDGE ( 'NONE', *, *, #5490, .F. ) ;
#5824 = EDGE_CURVE ( 'NONE', #2909, #120, #2106, .T. ) ;
#5825 = FACE_OUTER_BOUND ( 'NONE', #1009, .T. ) ;
#5826 = VECTOR ( 'NONE', #5054, 1000.000000000000000 ) ;
#5827 = VECTOR ( 'NONE', #5440, 1000.000000000000000 ) ;
#5828 = ORIENTED_EDGE ( 'NONE', *, *, #3656, .T. ) ;
#5829 =( BOUNDED_CURVE ( )  B_SPLINE_CURVE ( 3, ( #3167, #4928, #867, #3640 ),
 .UNSPECIFIED., .F., .F. ) 
 B_SPLINE_CURVE_WITH_KNOTS ( ( 4, 4 ),
 ( 1.570796326794894116, 3.141592653589793116 ),
 .UNSPECIFIED. ) 
 CURVE ( )  GEOMETRIC_REPRESENTATION_ITEM ( )  RATIONAL_B_SPLINE_CURVE ( ( 1.000000000000000000, 0.8047378541243643824, 0.8047378541243643824, 1.000000000000000000 ) ) 
 REPRESENTATION_ITEM ( '' )  );
#5830 = AXIS2_PLACEMENT_3D ( 'NONE', #1846, #2749, #2312 ) ;
#5831 = CARTESIAN_POINT ( 'NONE',  ( -0.4000000000000001887, 1.550000000000000266, -1.199999999999999956 ) ) ;
#5832 = LINE ( 'NONE', #3469, #2171 ) ;
#5833 = ORIENTED_EDGE ( 'NONE', *, *, #3287, .F. ) ;
#5834 = DIRECTION ( 'NONE',  ( -0.000000000000000000, -1.000000000000000000, -0.000000000000000000 ) ) ;
#5835 = VECTOR ( 'NONE', #342, 1000.000000000000000 ) ;
#5836 = VECTOR ( 'NONE', #3697, 1000.000000000000000 ) ;
#5837 = VERTEX_POINT ( 'NONE', #3578 ) ;
#5838 = ADVANCED_FACE ( 'NONE', ( #3131 ), #5376, .F. ) ;
ENDSEC;
END-ISO-10303-21;
