ISO-10303-21;
HEADER;
/* Generated by software containing ST-Developer
 * from STEP Tools, Inc. (www.steptools.com) 
 */
/* OPTION: strings as raw bytes, not using required /X/ escapes */

FILE_DESCRIPTION(
/* description */ ('Unknown'),
/* implementation_level */ '2;1');

FILE_NAME(
/* name */ 'STI-055A12AX',
/* time_stamp */ '2025-08-26T08:13:25+02:00',
/* author */ ('Unknown'),
/* organization */ ('Unknown'),
/* preprocessor_version */ 'ST-DEVELOPER v20',
/* originating_system */ 'Solid Edge',
/* authorisation */ 'Unknown');

FILE_SCHEMA (('AUTOMOTIVE_DESIGN {1 0 10303 214 3 1 1}'));
ENDSEC;

DATA;
#10=PROPERTY_DEFINITION_REPRESENTATION(#14,#12);
#11=PROPERTY_DEFINITION_REPRESENTATION(#15,#13);
#12=REPRESENTATION('',(#16),#2649);
#13=REPRESENTATION('',(#17),#2649);
#14=PROPERTY_DEFINITION('pmi validation property','',#2654);
#15=PROPERTY_DEFINITION('pmi validation property','',#2654);
#16=VALUE_REPRESENTATION_ITEM('number of annotations',COUNT_MEASURE(0.));
#17=VALUE_REPRESENTATION_ITEM('number of views',COUNT_MEASURE(0.));
#18=SHAPE_REPRESENTATION_RELATIONSHIP('','',#1844,#19);
#19=ADVANCED_BREP_SHAPE_REPRESENTATION('',(#1842),#2649);
#20=CYLINDRICAL_SURFACE('',#1877,0.463997763608644);
#21=CYLINDRICAL_SURFACE('',#1897,0.092714161080757);
#22=CYLINDRICAL_SURFACE('',#1903,0.092714161080757);
#23=CYLINDRICAL_SURFACE('',#1905,0.092714161080757);
#24=CYLINDRICAL_SURFACE('',#1911,0.092714161080757);
#25=CONICAL_SURFACE('',#1874,0.259270953025319,0.862538163394034);
#26=CIRCLE('',#1852,0.092714161080757);
#27=CIRCLE('',#1854,0.092714161080757);
#28=CIRCLE('',#1870,0.463997763608644);
#29=CIRCLE('',#1875,0.463997763608644);
#30=CIRCLE('',#1876,0.259270953025319);
#31=CIRCLE('',#1882,0.092714161080757);
#32=CIRCLE('',#1885,0.092714161080757);
#33=CIRCLE('',#1886,0.092714161080757);
#34=CIRCLE('',#1889,0.092714161080757);
#35=CIRCLE('',#1891,0.092714161080757);
#36=CIRCLE('',#1892,0.092714161080757);
#37=ORIENTED_EDGE('',*,*,#415,.F.);
#38=ORIENTED_EDGE('',*,*,#416,.F.);
#39=ORIENTED_EDGE('',*,*,#417,.F.);
#40=ORIENTED_EDGE('',*,*,#418,.F.);
#41=ORIENTED_EDGE('',*,*,#419,.T.);
#42=ORIENTED_EDGE('',*,*,#420,.T.);
#43=ORIENTED_EDGE('',*,*,#421,.T.);
#44=ORIENTED_EDGE('',*,*,#422,.T.);
#45=ORIENTED_EDGE('',*,*,#423,.F.);
#46=ORIENTED_EDGE('',*,*,#416,.T.);
#47=ORIENTED_EDGE('',*,*,#424,.T.);
#48=ORIENTED_EDGE('',*,*,#425,.T.);
#49=ORIENTED_EDGE('',*,*,#426,.T.);
#50=ORIENTED_EDGE('',*,*,#427,.T.);
#51=ORIENTED_EDGE('',*,*,#428,.F.);
#52=ORIENTED_EDGE('',*,*,#429,.T.);
#53=ORIENTED_EDGE('',*,*,#430,.F.);
#54=ORIENTED_EDGE('',*,*,#431,.T.);
#55=ORIENTED_EDGE('',*,*,#432,.T.);
#56=ORIENTED_EDGE('',*,*,#433,.F.);
#57=ORIENTED_EDGE('',*,*,#434,.T.);
#58=ORIENTED_EDGE('',*,*,#435,.F.);
#59=ORIENTED_EDGE('',*,*,#436,.T.);
#60=ORIENTED_EDGE('',*,*,#437,.T.);
#61=ORIENTED_EDGE('',*,*,#438,.T.);
#62=ORIENTED_EDGE('',*,*,#439,.F.);
#63=ORIENTED_EDGE('',*,*,#440,.F.);
#64=ORIENTED_EDGE('',*,*,#441,.F.);
#65=ORIENTED_EDGE('',*,*,#442,.T.);
#66=ORIENTED_EDGE('',*,*,#443,.T.);
#67=ORIENTED_EDGE('',*,*,#438,.F.);
#68=ORIENTED_EDGE('',*,*,#444,.F.);
#69=ORIENTED_EDGE('',*,*,#445,.F.);
#70=ORIENTED_EDGE('',*,*,#446,.T.);
#71=ORIENTED_EDGE('',*,*,#447,.T.);
#72=ORIENTED_EDGE('',*,*,#448,.F.);
#73=ORIENTED_EDGE('',*,*,#449,.T.);
#74=ORIENTED_EDGE('',*,*,#450,.F.);
#75=ORIENTED_EDGE('',*,*,#451,.T.);
#76=ORIENTED_EDGE('',*,*,#452,.F.);
#77=ORIENTED_EDGE('',*,*,#453,.F.);
#78=ORIENTED_EDGE('',*,*,#454,.F.);
#79=ORIENTED_EDGE('',*,*,#449,.F.);
#80=ORIENTED_EDGE('',*,*,#455,.F.);
#81=ORIENTED_EDGE('',*,*,#456,.T.);
#82=ORIENTED_EDGE('',*,*,#457,.F.);
#83=ORIENTED_EDGE('',*,*,#458,.F.);
#84=ORIENTED_EDGE('',*,*,#459,.F.);
#85=ORIENTED_EDGE('',*,*,#460,.F.);
#86=ORIENTED_EDGE('',*,*,#461,.T.);
#87=ORIENTED_EDGE('',*,*,#451,.F.);
#88=ORIENTED_EDGE('',*,*,#462,.F.);
#89=ORIENTED_EDGE('',*,*,#463,.T.);
#90=ORIENTED_EDGE('',*,*,#464,.F.);
#91=ORIENTED_EDGE('',*,*,#465,.F.);
#92=ORIENTED_EDGE('',*,*,#466,.T.);
#93=ORIENTED_EDGE('',*,*,#430,.T.);
#94=ORIENTED_EDGE('',*,*,#467,.T.);
#95=ORIENTED_EDGE('',*,*,#468,.F.);
#96=ORIENTED_EDGE('',*,*,#469,.T.);
#97=ORIENTED_EDGE('',*,*,#470,.T.);
#98=ORIENTED_EDGE('',*,*,#471,.F.);
#99=ORIENTED_EDGE('',*,*,#463,.F.);
#100=ORIENTED_EDGE('',*,*,#472,.F.);
#101=ORIENTED_EDGE('',*,*,#473,.F.);
#102=ORIENTED_EDGE('',*,*,#474,.F.);
#103=ORIENTED_EDGE('',*,*,#475,.T.);
#104=ORIENTED_EDGE('',*,*,#476,.T.);
#105=ORIENTED_EDGE('',*,*,#477,.T.);
#106=ORIENTED_EDGE('',*,*,#419,.F.);
#107=ORIENTED_EDGE('',*,*,#478,.T.);
#108=ORIENTED_EDGE('',*,*,#479,.F.);
#109=ORIENTED_EDGE('',*,*,#480,.F.);
#110=ORIENTED_EDGE('',*,*,#481,.T.);
#111=ORIENTED_EDGE('',*,*,#445,.T.);
#112=ORIENTED_EDGE('',*,*,#482,.F.);
#113=ORIENTED_EDGE('',*,*,#432,.F.);
#114=ORIENTED_EDGE('',*,*,#483,.T.);
#115=ORIENTED_EDGE('',*,*,#484,.T.);
#116=ORIENTED_EDGE('',*,*,#485,.F.);
#117=ORIENTED_EDGE('',*,*,#470,.F.);
#118=ORIENTED_EDGE('',*,*,#486,.T.);
#119=ORIENTED_EDGE('',*,*,#487,.F.);
#120=ORIENTED_EDGE('',*,*,#484,.F.);
#121=ORIENTED_EDGE('',*,*,#488,.T.);
#122=ORIENTED_EDGE('',*,*,#489,.T.);
#123=ORIENTED_EDGE('',*,*,#490,.F.);
#124=ORIENTED_EDGE('',*,*,#489,.F.);
#125=ORIENTED_EDGE('',*,*,#491,.T.);
#126=ORIENTED_EDGE('',*,*,#492,.T.);
#127=ORIENTED_EDGE('',*,*,#493,.F.);
#128=ORIENTED_EDGE('',*,*,#492,.F.);
#129=ORIENTED_EDGE('',*,*,#494,.T.);
#130=ORIENTED_EDGE('',*,*,#495,.T.);
#131=ORIENTED_EDGE('',*,*,#496,.F.);
#132=ORIENTED_EDGE('',*,*,#497,.F.);
#133=ORIENTED_EDGE('',*,*,#498,.T.);
#134=ORIENTED_EDGE('',*,*,#499,.T.);
#135=ORIENTED_EDGE('',*,*,#500,.F.);
#136=ORIENTED_EDGE('',*,*,#499,.F.);
#137=ORIENTED_EDGE('',*,*,#501,.T.);
#138=ORIENTED_EDGE('',*,*,#502,.T.);
#139=ORIENTED_EDGE('',*,*,#503,.F.);
#140=ORIENTED_EDGE('',*,*,#502,.F.);
#141=ORIENTED_EDGE('',*,*,#504,.T.);
#142=ORIENTED_EDGE('',*,*,#465,.T.);
#143=ORIENTED_EDGE('',*,*,#466,.F.);
#144=ORIENTED_EDGE('',*,*,#504,.F.);
#145=ORIENTED_EDGE('',*,*,#501,.F.);
#146=ORIENTED_EDGE('',*,*,#498,.F.);
#147=ORIENTED_EDGE('',*,*,#505,.F.);
#148=ORIENTED_EDGE('',*,*,#494,.F.);
#149=ORIENTED_EDGE('',*,*,#491,.F.);
#150=ORIENTED_EDGE('',*,*,#488,.F.);
#151=ORIENTED_EDGE('',*,*,#483,.F.);
#152=ORIENTED_EDGE('',*,*,#431,.F.);
#153=ORIENTED_EDGE('',*,*,#464,.T.);
#154=ORIENTED_EDGE('',*,*,#471,.T.);
#155=ORIENTED_EDGE('',*,*,#485,.T.);
#156=ORIENTED_EDGE('',*,*,#487,.T.);
#157=ORIENTED_EDGE('',*,*,#490,.T.);
#158=ORIENTED_EDGE('',*,*,#493,.T.);
#159=ORIENTED_EDGE('',*,*,#506,.T.);
#160=ORIENTED_EDGE('',*,*,#496,.T.);
#161=ORIENTED_EDGE('',*,*,#500,.T.);
#162=ORIENTED_EDGE('',*,*,#503,.T.);
#163=ORIENTED_EDGE('',*,*,#506,.F.);
#164=ORIENTED_EDGE('',*,*,#495,.F.);
#165=ORIENTED_EDGE('',*,*,#505,.T.);
#166=ORIENTED_EDGE('',*,*,#497,.T.);
#167=ORIENTED_EDGE('',*,*,#507,.T.);
#168=ORIENTED_EDGE('',*,*,#508,.F.);
#169=ORIENTED_EDGE('',*,*,#509,.F.);
#170=ORIENTED_EDGE('',*,*,#510,.T.);
#171=ORIENTED_EDGE('',*,*,#511,.T.);
#172=ORIENTED_EDGE('',*,*,#512,.F.);
#173=ORIENTED_EDGE('',*,*,#513,.F.);
#174=ORIENTED_EDGE('',*,*,#508,.T.);
#175=ORIENTED_EDGE('',*,*,#514,.F.);
#176=ORIENTED_EDGE('',*,*,#515,.T.);
#177=ORIENTED_EDGE('',*,*,#516,.F.);
#178=ORIENTED_EDGE('',*,*,#517,.F.);
#179=ORIENTED_EDGE('',*,*,#512,.T.);
#180=ORIENTED_EDGE('',*,*,#518,.T.);
#181=ORIENTED_EDGE('',*,*,#510,.F.);
#182=ORIENTED_EDGE('',*,*,#519,.F.);
#183=ORIENTED_EDGE('',*,*,#516,.T.);
#184=ORIENTED_EDGE('',*,*,#509,.T.);
#185=ORIENTED_EDGE('',*,*,#513,.T.);
#186=ORIENTED_EDGE('',*,*,#517,.T.);
#187=ORIENTED_EDGE('',*,*,#519,.T.);
#188=ORIENTED_EDGE('',*,*,#507,.F.);
#189=ORIENTED_EDGE('',*,*,#518,.F.);
#190=ORIENTED_EDGE('',*,*,#515,.F.);
#191=ORIENTED_EDGE('',*,*,#511,.F.);
#192=ORIENTED_EDGE('',*,*,#520,.T.);
#193=ORIENTED_EDGE('',*,*,#521,.F.);
#194=ORIENTED_EDGE('',*,*,#514,.T.);
#195=ORIENTED_EDGE('',*,*,#520,.F.);
#196=ORIENTED_EDGE('',*,*,#521,.T.);
#197=ORIENTED_EDGE('',*,*,#522,.T.);
#198=ORIENTED_EDGE('',*,*,#433,.T.);
#199=ORIENTED_EDGE('',*,*,#482,.T.);
#200=ORIENTED_EDGE('',*,*,#444,.T.);
#201=ORIENTED_EDGE('',*,*,#441,.T.);
#202=ORIENTED_EDGE('',*,*,#523,.T.);
#203=ORIENTED_EDGE('',*,*,#469,.F.);
#204=ORIENTED_EDGE('',*,*,#524,.F.);
#205=ORIENTED_EDGE('',*,*,#525,.F.);
#206=ORIENTED_EDGE('',*,*,#526,.F.);
#207=ORIENTED_EDGE('',*,*,#527,.F.);
#208=ORIENTED_EDGE('',*,*,#486,.F.);
#209=ORIENTED_EDGE('',*,*,#528,.F.);
#210=ORIENTED_EDGE('',*,*,#529,.T.);
#211=ORIENTED_EDGE('',*,*,#530,.T.);
#212=ORIENTED_EDGE('',*,*,#531,.T.);
#213=ORIENTED_EDGE('',*,*,#532,.T.);
#214=ORIENTED_EDGE('',*,*,#478,.F.);
#215=ORIENTED_EDGE('',*,*,#527,.T.);
#216=ORIENTED_EDGE('',*,*,#533,.T.);
#217=ORIENTED_EDGE('',*,*,#528,.T.);
#218=ORIENTED_EDGE('',*,*,#526,.T.);
#219=ORIENTED_EDGE('',*,*,#534,.F.);
#220=ORIENTED_EDGE('',*,*,#440,.T.);
#221=ORIENTED_EDGE('',*,*,#535,.T.);
#222=ORIENTED_EDGE('',*,*,#536,.T.);
#223=ORIENTED_EDGE('',*,*,#537,.T.);
#224=ORIENTED_EDGE('',*,*,#538,.T.);
#225=ORIENTED_EDGE('',*,*,#539,.T.);
#226=ORIENTED_EDGE('',*,*,#540,.T.);
#227=ORIENTED_EDGE('',*,*,#541,.T.);
#228=ORIENTED_EDGE('',*,*,#542,.T.);
#229=ORIENTED_EDGE('',*,*,#543,.T.);
#230=ORIENTED_EDGE('',*,*,#534,.T.);
#231=ORIENTED_EDGE('',*,*,#525,.T.);
#232=ORIENTED_EDGE('',*,*,#544,.F.);
#233=ORIENTED_EDGE('',*,*,#523,.F.);
#234=ORIENTED_EDGE('',*,*,#467,.F.);
#235=ORIENTED_EDGE('',*,*,#429,.F.);
#236=ORIENTED_EDGE('',*,*,#545,.F.);
#237=ORIENTED_EDGE('',*,*,#546,.F.);
#238=ORIENTED_EDGE('',*,*,#436,.F.);
#239=ORIENTED_EDGE('',*,*,#547,.F.);
#240=ORIENTED_EDGE('',*,*,#548,.F.);
#241=ORIENTED_EDGE('',*,*,#549,.F.);
#242=ORIENTED_EDGE('',*,*,#550,.F.);
#243=ORIENTED_EDGE('',*,*,#551,.F.);
#244=ORIENTED_EDGE('',*,*,#458,.T.);
#245=ORIENTED_EDGE('',*,*,#547,.T.);
#246=ORIENTED_EDGE('',*,*,#435,.T.);
#247=ORIENTED_EDGE('',*,*,#552,.F.);
#248=ORIENTED_EDGE('',*,*,#437,.F.);
#249=ORIENTED_EDGE('',*,*,#546,.T.);
#250=ORIENTED_EDGE('',*,*,#553,.T.);
#251=ORIENTED_EDGE('',*,*,#554,.F.);
#252=ORIENTED_EDGE('',*,*,#456,.F.);
#253=ORIENTED_EDGE('',*,*,#555,.F.);
#254=ORIENTED_EDGE('',*,*,#556,.F.);
#255=ORIENTED_EDGE('',*,*,#557,.F.);
#256=ORIENTED_EDGE('',*,*,#558,.F.);
#257=ORIENTED_EDGE('',*,*,#559,.F.);
#258=ORIENTED_EDGE('',*,*,#560,.F.);
#259=ORIENTED_EDGE('',*,*,#561,.F.);
#260=ORIENTED_EDGE('',*,*,#562,.F.);
#261=ORIENTED_EDGE('',*,*,#472,.T.);
#262=ORIENTED_EDGE('',*,*,#462,.T.);
#263=ORIENTED_EDGE('',*,*,#450,.T.);
#264=ORIENTED_EDGE('',*,*,#457,.T.);
#265=ORIENTED_EDGE('',*,*,#554,.T.);
#266=ORIENTED_EDGE('',*,*,#563,.T.);
#267=ORIENTED_EDGE('',*,*,#564,.F.);
#268=ORIENTED_EDGE('',*,*,#460,.T.);
#269=ORIENTED_EDGE('',*,*,#565,.F.);
#270=ORIENTED_EDGE('',*,*,#566,.F.);
#271=ORIENTED_EDGE('',*,*,#552,.T.);
#272=ORIENTED_EDGE('',*,*,#567,.T.);
#273=ORIENTED_EDGE('',*,*,#548,.T.);
#274=ORIENTED_EDGE('',*,*,#434,.F.);
#275=ORIENTED_EDGE('',*,*,#555,.T.);
#276=ORIENTED_EDGE('',*,*,#455,.T.);
#277=ORIENTED_EDGE('',*,*,#448,.T.);
#278=ORIENTED_EDGE('',*,*,#568,.F.);
#279=ORIENTED_EDGE('',*,*,#556,.T.);
#280=ORIENTED_EDGE('',*,*,#568,.T.);
#281=ORIENTED_EDGE('',*,*,#454,.T.);
#282=ORIENTED_EDGE('',*,*,#569,.F.);
#283=ORIENTED_EDGE('',*,*,#557,.T.);
#284=ORIENTED_EDGE('',*,*,#569,.T.);
#285=ORIENTED_EDGE('',*,*,#453,.T.);
#286=ORIENTED_EDGE('',*,*,#570,.F.);
#287=ORIENTED_EDGE('',*,*,#558,.T.);
#288=ORIENTED_EDGE('',*,*,#570,.T.);
#289=ORIENTED_EDGE('',*,*,#452,.T.);
#290=ORIENTED_EDGE('',*,*,#461,.F.);
#291=ORIENTED_EDGE('',*,*,#564,.T.);
#292=ORIENTED_EDGE('',*,*,#571,.F.);
#293=ORIENTED_EDGE('',*,*,#559,.T.);
#294=ORIENTED_EDGE('',*,*,#571,.T.);
#295=ORIENTED_EDGE('',*,*,#566,.T.);
#296=ORIENTED_EDGE('',*,*,#572,.F.);
#297=ORIENTED_EDGE('',*,*,#565,.T.);
#298=ORIENTED_EDGE('',*,*,#459,.T.);
#299=ORIENTED_EDGE('',*,*,#551,.T.);
#300=ORIENTED_EDGE('',*,*,#573,.F.);
#301=ORIENTED_EDGE('',*,*,#560,.T.);
#302=ORIENTED_EDGE('',*,*,#572,.T.);
#303=ORIENTED_EDGE('',*,*,#561,.T.);
#304=ORIENTED_EDGE('',*,*,#573,.T.);
#305=ORIENTED_EDGE('',*,*,#550,.T.);
#306=ORIENTED_EDGE('',*,*,#574,.F.);
#307=ORIENTED_EDGE('',*,*,#562,.T.);
#308=ORIENTED_EDGE('',*,*,#574,.T.);
#309=ORIENTED_EDGE('',*,*,#549,.T.);
#310=ORIENTED_EDGE('',*,*,#567,.F.);
#311=ORIENTED_EDGE('',*,*,#439,.T.);
#312=ORIENTED_EDGE('',*,*,#443,.F.);
#313=ORIENTED_EDGE('',*,*,#575,.F.);
#314=ORIENTED_EDGE('',*,*,#535,.F.);
#315=ORIENTED_EDGE('',*,*,#575,.T.);
#316=ORIENTED_EDGE('',*,*,#442,.F.);
#317=ORIENTED_EDGE('',*,*,#576,.F.);
#318=ORIENTED_EDGE('',*,*,#536,.F.);
#319=ORIENTED_EDGE('',*,*,#576,.T.);
#320=ORIENTED_EDGE('',*,*,#447,.F.);
#321=ORIENTED_EDGE('',*,*,#577,.F.);
#322=ORIENTED_EDGE('',*,*,#537,.F.);
#323=ORIENTED_EDGE('',*,*,#578,.F.);
#324=ORIENTED_EDGE('',*,*,#538,.F.);
#325=ORIENTED_EDGE('',*,*,#577,.T.);
#326=ORIENTED_EDGE('',*,*,#446,.F.);
#327=ORIENTED_EDGE('',*,*,#481,.F.);
#328=ORIENTED_EDGE('',*,*,#579,.T.);
#329=ORIENTED_EDGE('',*,*,#578,.T.);
#330=ORIENTED_EDGE('',*,*,#580,.T.);
#331=ORIENTED_EDGE('',*,*,#581,.F.);
#332=ORIENTED_EDGE('',*,*,#539,.F.);
#333=ORIENTED_EDGE('',*,*,#582,.T.);
#334=ORIENTED_EDGE('',*,*,#479,.T.);
#335=ORIENTED_EDGE('',*,*,#532,.F.);
#336=ORIENTED_EDGE('',*,*,#583,.F.);
#337=ORIENTED_EDGE('',*,*,#540,.F.);
#338=ORIENTED_EDGE('',*,*,#581,.T.);
#339=ORIENTED_EDGE('',*,*,#583,.T.);
#340=ORIENTED_EDGE('',*,*,#531,.F.);
#341=ORIENTED_EDGE('',*,*,#584,.F.);
#342=ORIENTED_EDGE('',*,*,#541,.F.);
#343=ORIENTED_EDGE('',*,*,#584,.T.);
#344=ORIENTED_EDGE('',*,*,#530,.F.);
#345=ORIENTED_EDGE('',*,*,#585,.F.);
#346=ORIENTED_EDGE('',*,*,#542,.F.);
#347=ORIENTED_EDGE('',*,*,#585,.T.);
#348=ORIENTED_EDGE('',*,*,#529,.F.);
#349=ORIENTED_EDGE('',*,*,#533,.F.);
#350=ORIENTED_EDGE('',*,*,#543,.F.);
#351=ORIENTED_EDGE('',*,*,#579,.F.);
#352=ORIENTED_EDGE('',*,*,#480,.T.);
#353=ORIENTED_EDGE('',*,*,#582,.F.);
#354=ORIENTED_EDGE('',*,*,#580,.F.);
#355=ORIENTED_EDGE('',*,*,#417,.T.);
#356=ORIENTED_EDGE('',*,*,#423,.T.);
#357=ORIENTED_EDGE('',*,*,#522,.F.);
#358=ORIENTED_EDGE('',*,*,#544,.T.);
#359=ORIENTED_EDGE('',*,*,#524,.T.);
#360=ORIENTED_EDGE('',*,*,#468,.T.);
#361=ORIENTED_EDGE('',*,*,#422,.F.);
#362=ORIENTED_EDGE('',*,*,#586,.F.);
#363=ORIENTED_EDGE('',*,*,#587,.F.);
#364=ORIENTED_EDGE('',*,*,#588,.F.);
#365=ORIENTED_EDGE('',*,*,#589,.F.);
#366=ORIENTED_EDGE('',*,*,#590,.T.);
#367=ORIENTED_EDGE('',*,*,#591,.F.);
#368=ORIENTED_EDGE('',*,*,#592,.F.);
#369=ORIENTED_EDGE('',*,*,#593,.F.);
#370=ORIENTED_EDGE('',*,*,#418,.T.);
#371=ORIENTED_EDGE('',*,*,#586,.T.);
#372=ORIENTED_EDGE('',*,*,#421,.F.);
#373=ORIENTED_EDGE('',*,*,#594,.F.);
#374=ORIENTED_EDGE('',*,*,#595,.F.);
#375=ORIENTED_EDGE('',*,*,#553,.F.);
#376=ORIENTED_EDGE('',*,*,#545,.T.);
#377=ORIENTED_EDGE('',*,*,#428,.T.);
#378=ORIENTED_EDGE('',*,*,#596,.T.);
#379=ORIENTED_EDGE('',*,*,#589,.T.);
#380=ORIENTED_EDGE('',*,*,#597,.F.);
#381=ORIENTED_EDGE('',*,*,#473,.T.);
#382=ORIENTED_EDGE('',*,*,#563,.F.);
#383=ORIENTED_EDGE('',*,*,#427,.F.);
#384=ORIENTED_EDGE('',*,*,#598,.T.);
#385=ORIENTED_EDGE('',*,*,#590,.F.);
#386=ORIENTED_EDGE('',*,*,#596,.F.);
#387=ORIENTED_EDGE('',*,*,#599,.F.);
#388=ORIENTED_EDGE('',*,*,#474,.T.);
#389=ORIENTED_EDGE('',*,*,#597,.T.);
#390=ORIENTED_EDGE('',*,*,#588,.T.);
#391=ORIENTED_EDGE('',*,*,#593,.T.);
#392=ORIENTED_EDGE('',*,*,#600,.F.);
#393=ORIENTED_EDGE('',*,*,#424,.F.);
#394=ORIENTED_EDGE('',*,*,#415,.T.);
#395=ORIENTED_EDGE('',*,*,#592,.T.);
#396=ORIENTED_EDGE('',*,*,#601,.F.);
#397=ORIENTED_EDGE('',*,*,#425,.F.);
#398=ORIENTED_EDGE('',*,*,#600,.T.);
#399=ORIENTED_EDGE('',*,*,#591,.T.);
#400=ORIENTED_EDGE('',*,*,#598,.F.);
#401=ORIENTED_EDGE('',*,*,#426,.F.);
#402=ORIENTED_EDGE('',*,*,#601,.T.);
#403=ORIENTED_EDGE('',*,*,#587,.T.);
#404=ORIENTED_EDGE('',*,*,#602,.F.);
#405=ORIENTED_EDGE('',*,*,#475,.F.);
#406=ORIENTED_EDGE('',*,*,#599,.T.);
#407=ORIENTED_EDGE('',*,*,#595,.T.);
#408=ORIENTED_EDGE('',*,*,#603,.F.);
#409=ORIENTED_EDGE('',*,*,#476,.F.);
#410=ORIENTED_EDGE('',*,*,#602,.T.);
#411=ORIENTED_EDGE('',*,*,#594,.T.);
#412=ORIENTED_EDGE('',*,*,#420,.F.);
#413=ORIENTED_EDGE('',*,*,#477,.F.);
#414=ORIENTED_EDGE('',*,*,#603,.T.);
#415=EDGE_CURVE('',#604,#605,#731,.T.);
#416=EDGE_CURVE('',#606,#604,#732,.T.);
#417=EDGE_CURVE('',#607,#606,#733,.T.);
#418=EDGE_CURVE('',#605,#607,#734,.T.);
#419=EDGE_CURVE('',#608,#609,#735,.T.);
#420=EDGE_CURVE('',#609,#610,#736,.T.);
#421=EDGE_CURVE('',#610,#611,#737,.T.);
#422=EDGE_CURVE('',#611,#608,#738,.T.);
#423=EDGE_CURVE('',#606,#612,#739,.T.);
#424=EDGE_CURVE('',#604,#613,#740,.T.);
#425=EDGE_CURVE('',#613,#614,#741,.T.);
#426=EDGE_CURVE('',#614,#615,#742,.T.);
#427=EDGE_CURVE('',#615,#616,#743,.T.);
#428=EDGE_CURVE('',#617,#616,#744,.T.);
#429=EDGE_CURVE('',#617,#618,#745,.T.);
#430=EDGE_CURVE('',#619,#618,#746,.T.);
#431=EDGE_CURVE('',#619,#620,#747,.T.);
#432=EDGE_CURVE('',#620,#621,#748,.T.);
#433=EDGE_CURVE('',#612,#621,#749,.T.);
#434=EDGE_CURVE('',#622,#623,#750,.T.);
#435=EDGE_CURVE('',#624,#623,#751,.T.);
#436=EDGE_CURVE('',#624,#625,#752,.T.);
#437=EDGE_CURVE('',#625,#622,#753,.T.);
#438=EDGE_CURVE('',#626,#627,#754,.T.);
#439=EDGE_CURVE('',#628,#627,#755,.T.);
#440=EDGE_CURVE('',#629,#628,#756,.T.);
#441=EDGE_CURVE('',#626,#629,#757,.T.);
#442=EDGE_CURVE('',#630,#631,#26,.T.);
#443=EDGE_CURVE('',#631,#627,#758,.T.);
#444=EDGE_CURVE('',#632,#626,#759,.T.);
#445=EDGE_CURVE('',#633,#632,#760,.T.);
#446=EDGE_CURVE('',#633,#634,#761,.T.);
#447=EDGE_CURVE('',#634,#630,#762,.T.);
#448=EDGE_CURVE('',#635,#636,#763,.T.);
#449=EDGE_CURVE('',#635,#637,#764,.T.);
#450=EDGE_CURVE('',#638,#637,#765,.T.);
#451=EDGE_CURVE('',#638,#639,#766,.T.);
#452=EDGE_CURVE('',#640,#639,#767,.T.);
#453=EDGE_CURVE('',#641,#640,#768,.T.);
#454=EDGE_CURVE('',#636,#641,#27,.T.);
#455=EDGE_CURVE('',#642,#635,#769,.T.);
#456=EDGE_CURVE('',#642,#643,#770,.T.);
#457=EDGE_CURVE('',#637,#643,#771,.T.);
#458=EDGE_CURVE('',#644,#645,#772,.T.);
#459=EDGE_CURVE('',#646,#644,#773,.T.);
#460=EDGE_CURVE('',#647,#646,#774,.T.);
#461=EDGE_CURVE('',#647,#639,#775,.T.);
#462=EDGE_CURVE('',#648,#638,#776,.T.);
#463=EDGE_CURVE('',#648,#649,#777,.T.);
#464=EDGE_CURVE('',#650,#649,#778,.T.);
#465=EDGE_CURVE('',#651,#650,#779,.T.);
#466=EDGE_CURVE('',#651,#619,#780,.T.);
#467=EDGE_CURVE('',#618,#645,#781,.T.);
#468=EDGE_CURVE('',#652,#608,#782,.T.);
#469=EDGE_CURVE('',#652,#653,#783,.T.);
#470=EDGE_CURVE('',#653,#654,#784,.T.);
#471=EDGE_CURVE('',#649,#654,#785,.T.);
#472=EDGE_CURVE('',#655,#648,#786,.T.);
#473=EDGE_CURVE('',#656,#655,#787,.T.);
#474=EDGE_CURVE('',#657,#656,#788,.T.);
#475=EDGE_CURVE('',#657,#658,#789,.T.);
#476=EDGE_CURVE('',#658,#659,#790,.T.);
#477=EDGE_CURVE('',#659,#609,#791,.T.);
#478=EDGE_CURVE('',#660,#661,#792,.T.);
#479=EDGE_CURVE('',#662,#661,#793,.T.);
#480=EDGE_CURVE('',#663,#662,#794,.T.);
#481=EDGE_CURVE('',#663,#633,#795,.T.);
#482=EDGE_CURVE('',#621,#632,#796,.T.);
#483=EDGE_CURVE('',#620,#664,#797,.T.);
#484=EDGE_CURVE('',#664,#665,#798,.T.);
#485=EDGE_CURVE('',#654,#665,#799,.T.);
#486=EDGE_CURVE('',#653,#660,#800,.T.);
#487=EDGE_CURVE('',#665,#666,#801,.T.);
#488=EDGE_CURVE('',#664,#667,#802,.T.);
#489=EDGE_CURVE('',#667,#666,#803,.T.);
#490=EDGE_CURVE('',#666,#668,#804,.T.);
#491=EDGE_CURVE('',#667,#669,#805,.T.);
#492=EDGE_CURVE('',#669,#668,#806,.T.);
#493=EDGE_CURVE('',#668,#670,#807,.T.);
#494=EDGE_CURVE('',#669,#671,#808,.T.);
#495=EDGE_CURVE('',#671,#670,#809,.T.);
#496=EDGE_CURVE('',#672,#673,#810,.T.);
#497=EDGE_CURVE('',#674,#672,#811,.T.);
#498=EDGE_CURVE('',#674,#675,#812,.T.);
#499=EDGE_CURVE('',#675,#673,#813,.T.);
#500=EDGE_CURVE('',#673,#676,#814,.T.);
#501=EDGE_CURVE('',#675,#677,#815,.T.);
#502=EDGE_CURVE('',#677,#676,#816,.T.);
#503=EDGE_CURVE('',#676,#650,#817,.T.);
#504=EDGE_CURVE('',#677,#651,#818,.T.);
#505=EDGE_CURVE('',#671,#674,#819,.T.);
#506=EDGE_CURVE('',#670,#672,#820,.T.);
#507=EDGE_CURVE('',#678,#679,#821,.T.);
#508=EDGE_CURVE('',#680,#679,#822,.T.);
#509=EDGE_CURVE('',#681,#680,#823,.T.);
#510=EDGE_CURVE('',#681,#678,#824,.T.);
#511=EDGE_CURVE('',#679,#682,#825,.T.);
#512=EDGE_CURVE('',#683,#682,#826,.T.);
#513=EDGE_CURVE('',#680,#683,#827,.T.);
#514=EDGE_CURVE('',#684,#684,#28,.T.);
#515=EDGE_CURVE('',#682,#685,#828,.T.);
#516=EDGE_CURVE('',#686,#685,#829,.T.);
#517=EDGE_CURVE('',#683,#686,#830,.T.);
#518=EDGE_CURVE('',#685,#678,#831,.T.);
#519=EDGE_CURVE('',#686,#681,#832,.T.);
#520=EDGE_CURVE('',#687,#687,#29,.T.);
#521=EDGE_CURVE('',#688,#688,#30,.T.);
#522=EDGE_CURVE('',#689,#612,#833,.T.);
#523=EDGE_CURVE('',#629,#689,#834,.T.);
#524=EDGE_CURVE('',#690,#652,#835,.T.);
#525=EDGE_CURVE('',#691,#690,#836,.T.);
#526=EDGE_CURVE('',#692,#691,#837,.T.);
#527=EDGE_CURVE('',#660,#692,#838,.T.);
#528=EDGE_CURVE('',#693,#692,#839,.T.);
#529=EDGE_CURVE('',#693,#694,#840,.T.);
#530=EDGE_CURVE('',#694,#695,#31,.T.);
#531=EDGE_CURVE('',#695,#696,#841,.T.);
#532=EDGE_CURVE('',#696,#661,#842,.T.);
#533=EDGE_CURVE('',#697,#693,#843,.T.);
#534=EDGE_CURVE('',#697,#691,#844,.T.);
#535=EDGE_CURVE('',#628,#698,#845,.T.);
#536=EDGE_CURVE('',#698,#699,#32,.T.);
#537=EDGE_CURVE('',#699,#700,#846,.T.);
#538=EDGE_CURVE('',#700,#701,#847,.T.);
#539=EDGE_CURVE('',#701,#702,#848,.T.);
#540=EDGE_CURVE('',#702,#703,#849,.T.);
#541=EDGE_CURVE('',#703,#704,#850,.T.);
#542=EDGE_CURVE('',#704,#705,#33,.T.);
#543=EDGE_CURVE('',#705,#697,#851,.T.);
#544=EDGE_CURVE('',#689,#690,#852,.T.);
#545=EDGE_CURVE('',#706,#617,#853,.F.);
#546=EDGE_CURVE('',#625,#706,#854,.T.);
#547=EDGE_CURVE('',#645,#624,#855,.T.);
#548=EDGE_CURVE('',#707,#623,#856,.T.);
#549=EDGE_CURVE('',#708,#707,#34,.T.);
#550=EDGE_CURVE('',#709,#708,#857,.T.);
#551=EDGE_CURVE('',#644,#709,#858,.T.);
#552=EDGE_CURVE('',#622,#710,#859,.T.);
#553=EDGE_CURVE('',#706,#711,#860,.T.);
#554=EDGE_CURVE('',#643,#711,#861,.T.);
#555=EDGE_CURVE('',#712,#642,#862,.T.);
#556=EDGE_CURVE('',#713,#712,#35,.T.);
#557=EDGE_CURVE('',#714,#713,#863,.T.);
#558=EDGE_CURVE('',#715,#714,#864,.T.);
#559=EDGE_CURVE('',#716,#715,#865,.T.);
#560=EDGE_CURVE('',#717,#716,#866,.T.);
#561=EDGE_CURVE('',#718,#717,#867,.T.);
#562=EDGE_CURVE('',#710,#718,#36,.T.);
#563=EDGE_CURVE('',#711,#655,#868,.T.);
#564=EDGE_CURVE('',#647,#719,#869,.T.);
#565=EDGE_CURVE('',#720,#646,#870,.T.);
#566=EDGE_CURVE('',#719,#720,#871,.T.);
#567=EDGE_CURVE('',#710,#707,#872,.T.);
#568=EDGE_CURVE('',#712,#636,#873,.T.);
#569=EDGE_CURVE('',#713,#641,#874,.T.);
#570=EDGE_CURVE('',#714,#640,#875,.T.);
#571=EDGE_CURVE('',#715,#719,#876,.T.);
#572=EDGE_CURVE('',#716,#720,#877,.T.);
#573=EDGE_CURVE('',#717,#709,#878,.T.);
#574=EDGE_CURVE('',#718,#708,#879,.T.);
#575=EDGE_CURVE('',#698,#631,#880,.T.);
#576=EDGE_CURVE('',#699,#630,#881,.T.);
#577=EDGE_CURVE('',#700,#634,#882,.T.);
#578=EDGE_CURVE('',#701,#721,#883,.T.);
#579=EDGE_CURVE('',#663,#721,#884,.T.);
#580=EDGE_CURVE('',#721,#722,#885,.T.);
#581=EDGE_CURVE('',#702,#722,#886,.T.);
#582=EDGE_CURVE('',#722,#662,#887,.T.);
#583=EDGE_CURVE('',#703,#696,#888,.T.);
#584=EDGE_CURVE('',#704,#695,#889,.T.);
#585=EDGE_CURVE('',#705,#694,#890,.T.);
#586=EDGE_CURVE('',#607,#611,#891,.T.);
#587=EDGE_CURVE('',#723,#724,#892,.T.);
#588=EDGE_CURVE('',#725,#723,#893,.T.);
#589=EDGE_CURVE('',#726,#725,#894,.T.);
#590=EDGE_CURVE('',#726,#727,#895,.T.);
#591=EDGE_CURVE('',#728,#727,#896,.T.);
#592=EDGE_CURVE('',#729,#728,#897,.T.);
#593=EDGE_CURVE('',#605,#729,#898,.T.);
#594=EDGE_CURVE('',#730,#610,#899,.T.);
#595=EDGE_CURVE('',#724,#730,#900,.T.);
#596=EDGE_CURVE('',#616,#726,#901,.T.);
#597=EDGE_CURVE('',#656,#725,#902,.T.);
#598=EDGE_CURVE('',#615,#727,#903,.T.);
#599=EDGE_CURVE('',#657,#723,#904,.T.);
#600=EDGE_CURVE('',#613,#729,#905,.T.);
#601=EDGE_CURVE('',#614,#728,#906,.T.);
#602=EDGE_CURVE('',#658,#724,#907,.T.);
#603=EDGE_CURVE('',#659,#730,#908,.T.);
#604=VERTEX_POINT('',#2266);
#605=VERTEX_POINT('',#2267);
#606=VERTEX_POINT('',#2269);
#607=VERTEX_POINT('',#2271);
#608=VERTEX_POINT('',#2275);
#609=VERTEX_POINT('',#2276);
#610=VERTEX_POINT('',#2278);
#611=VERTEX_POINT('',#2280);
#612=VERTEX_POINT('',#2284);
#613=VERTEX_POINT('',#2286);
#614=VERTEX_POINT('',#2288);
#615=VERTEX_POINT('',#2290);
#616=VERTEX_POINT('',#2292);
#617=VERTEX_POINT('',#2294);
#618=VERTEX_POINT('',#2296);
#619=VERTEX_POINT('',#2298);
#620=VERTEX_POINT('',#2300);
#621=VERTEX_POINT('',#2302);
#622=VERTEX_POINT('',#2306);
#623=VERTEX_POINT('',#2307);
#624=VERTEX_POINT('',#2309);
#625=VERTEX_POINT('',#2311);
#626=VERTEX_POINT('',#2315);
#627=VERTEX_POINT('',#2316);
#628=VERTEX_POINT('',#2318);
#629=VERTEX_POINT('',#2320);
#630=VERTEX_POINT('',#2324);
#631=VERTEX_POINT('',#2325);
#632=VERTEX_POINT('',#2328);
#633=VERTEX_POINT('',#2330);
#634=VERTEX_POINT('',#2332);
#635=VERTEX_POINT('',#2336);
#636=VERTEX_POINT('',#2337);
#637=VERTEX_POINT('',#2339);
#638=VERTEX_POINT('',#2341);
#639=VERTEX_POINT('',#2343);
#640=VERTEX_POINT('',#2345);
#641=VERTEX_POINT('',#2347);
#642=VERTEX_POINT('',#2351);
#643=VERTEX_POINT('',#2353);
#644=VERTEX_POINT('',#2357);
#645=VERTEX_POINT('',#2358);
#646=VERTEX_POINT('',#2360);
#647=VERTEX_POINT('',#2362);
#648=VERTEX_POINT('',#2365);
#649=VERTEX_POINT('',#2367);
#650=VERTEX_POINT('',#2369);
#651=VERTEX_POINT('',#2371);
#652=VERTEX_POINT('',#2376);
#653=VERTEX_POINT('',#2378);
#654=VERTEX_POINT('',#2380);
#655=VERTEX_POINT('',#2383);
#656=VERTEX_POINT('',#2385);
#657=VERTEX_POINT('',#2387);
#658=VERTEX_POINT('',#2389);
#659=VERTEX_POINT('',#2391);
#660=VERTEX_POINT('',#2395);
#661=VERTEX_POINT('',#2396);
#662=VERTEX_POINT('',#2398);
#663=VERTEX_POINT('',#2400);
#664=VERTEX_POINT('',#2404);
#665=VERTEX_POINT('',#2406);
#666=VERTEX_POINT('',#2411);
#667=VERTEX_POINT('',#2413);
#668=VERTEX_POINT('',#2417);
#669=VERTEX_POINT('',#2419);
#670=VERTEX_POINT('',#2423);
#671=VERTEX_POINT('',#2425);
#672=VERTEX_POINT('',#2429);
#673=VERTEX_POINT('',#2430);
#674=VERTEX_POINT('',#2432);
#675=VERTEX_POINT('',#2434);
#676=VERTEX_POINT('',#2438);
#677=VERTEX_POINT('',#2440);
#678=VERTEX_POINT('',#2451);
#679=VERTEX_POINT('',#2452);
#680=VERTEX_POINT('',#2454);
#681=VERTEX_POINT('',#2456);
#682=VERTEX_POINT('',#2460);
#683=VERTEX_POINT('',#2462);
#684=VERTEX_POINT('',#2466);
#685=VERTEX_POINT('',#2468);
#686=VERTEX_POINT('',#2470);
#687=VERTEX_POINT('',#2479);
#688=VERTEX_POINT('',#2481);
#689=VERTEX_POINT('',#2486);
#690=VERTEX_POINT('',#2490);
#691=VERTEX_POINT('',#2492);
#692=VERTEX_POINT('',#2494);
#693=VERTEX_POINT('',#2498);
#694=VERTEX_POINT('',#2500);
#695=VERTEX_POINT('',#2502);
#696=VERTEX_POINT('',#2504);
#697=VERTEX_POINT('',#2508);
#698=VERTEX_POINT('',#2512);
#699=VERTEX_POINT('',#2514);
#700=VERTEX_POINT('',#2516);
#701=VERTEX_POINT('',#2518);
#702=VERTEX_POINT('',#2520);
#703=VERTEX_POINT('',#2522);
#704=VERTEX_POINT('',#2524);
#705=VERTEX_POINT('',#2526);
#706=VERTEX_POINT('',#2531);
#707=VERTEX_POINT('',#2536);
#708=VERTEX_POINT('',#2538);
#709=VERTEX_POINT('',#2540);
#710=VERTEX_POINT('',#2544);
#711=VERTEX_POINT('',#2546);
#712=VERTEX_POINT('',#2549);
#713=VERTEX_POINT('',#2551);
#714=VERTEX_POINT('',#2553);
#715=VERTEX_POINT('',#2555);
#716=VERTEX_POINT('',#2557);
#717=VERTEX_POINT('',#2559);
#718=VERTEX_POINT('',#2561);
#719=VERTEX_POINT('',#2567);
#720=VERTEX_POINT('',#2569);
#721=VERTEX_POINT('',#2596);
#722=VERTEX_POINT('',#2600);
#723=VERTEX_POINT('',#2615);
#724=VERTEX_POINT('',#2616);
#725=VERTEX_POINT('',#2618);
#726=VERTEX_POINT('',#2620);
#727=VERTEX_POINT('',#2622);
#728=VERTEX_POINT('',#2624);
#729=VERTEX_POINT('',#2626);
#730=VERTEX_POINT('',#2629);
#731=LINE('',#2265,#909);
#732=LINE('',#2268,#910);
#733=LINE('',#2270,#911);
#734=LINE('',#2272,#912);
#735=LINE('',#2274,#913);
#736=LINE('',#2277,#914);
#737=LINE('',#2279,#915);
#738=LINE('',#2281,#916);
#739=LINE('',#2283,#917);
#740=LINE('',#2285,#918);
#741=LINE('',#2287,#919);
#742=LINE('',#2289,#920);
#743=LINE('',#2291,#921);
#744=LINE('',#2293,#922);
#745=LINE('',#2295,#923);
#746=LINE('',#2297,#924);
#747=LINE('',#2299,#925);
#748=LINE('',#2301,#926);
#749=LINE('',#2303,#927);
#750=LINE('',#2305,#928);
#751=LINE('',#2308,#929);
#752=LINE('',#2310,#930);
#753=LINE('',#2312,#931);
#754=LINE('',#2314,#932);
#755=LINE('',#2317,#933);
#756=LINE('',#2319,#934);
#757=LINE('',#2321,#935);
#758=LINE('',#2326,#936);
#759=LINE('',#2327,#937);
#760=LINE('',#2329,#938);
#761=LINE('',#2331,#939);
#762=LINE('',#2333,#940);
#763=LINE('',#2335,#941);
#764=LINE('',#2338,#942);
#765=LINE('',#2340,#943);
#766=LINE('',#2342,#944);
#767=LINE('',#2344,#945);
#768=LINE('',#2346,#946);
#769=LINE('',#2350,#947);
#770=LINE('',#2352,#948);
#771=LINE('',#2354,#949);
#772=LINE('',#2356,#950);
#773=LINE('',#2359,#951);
#774=LINE('',#2361,#952);
#775=LINE('',#2363,#953);
#776=LINE('',#2364,#954);
#777=LINE('',#2366,#955);
#778=LINE('',#2368,#956);
#779=LINE('',#2370,#957);
#780=LINE('',#2372,#958);
#781=LINE('',#2373,#959);
#782=LINE('',#2375,#960);
#783=LINE('',#2377,#961);
#784=LINE('',#2379,#962);
#785=LINE('',#2381,#963);
#786=LINE('',#2382,#964);
#787=LINE('',#2384,#965);
#788=LINE('',#2386,#966);
#789=LINE('',#2388,#967);
#790=LINE('',#2390,#968);
#791=LINE('',#2392,#969);
#792=LINE('',#2394,#970);
#793=LINE('',#2397,#971);
#794=LINE('',#2399,#972);
#795=LINE('',#2401,#973);
#796=LINE('',#2402,#974);
#797=LINE('',#2403,#975);
#798=LINE('',#2405,#976);
#799=LINE('',#2407,#977);
#800=LINE('',#2408,#978);
#801=LINE('',#2410,#979);
#802=LINE('',#2412,#980);
#803=LINE('',#2414,#981);
#804=LINE('',#2416,#982);
#805=LINE('',#2418,#983);
#806=LINE('',#2420,#984);
#807=LINE('',#2422,#985);
#808=LINE('',#2424,#986);
#809=LINE('',#2426,#987);
#810=LINE('',#2428,#988);
#811=LINE('',#2431,#989);
#812=LINE('',#2433,#990);
#813=LINE('',#2435,#991);
#814=LINE('',#2437,#992);
#815=LINE('',#2439,#993);
#816=LINE('',#2441,#994);
#817=LINE('',#2443,#995);
#818=LINE('',#2444,#996);
#819=LINE('',#2446,#997);
#820=LINE('',#2448,#998);
#821=LINE('',#2450,#999);
#822=LINE('',#2453,#1000);
#823=LINE('',#2455,#1001);
#824=LINE('',#2457,#1002);
#825=LINE('',#2459,#1003);
#826=LINE('',#2461,#1004);
#827=LINE('',#2463,#1005);
#828=LINE('',#2467,#1006);
#829=LINE('',#2469,#1007);
#830=LINE('',#2471,#1008);
#831=LINE('',#2473,#1009);
#832=LINE('',#2474,#1010);
#833=LINE('',#2485,#1011);
#834=LINE('',#2487,#1012);
#835=LINE('',#2489,#1013);
#836=LINE('',#2491,#1014);
#837=LINE('',#2493,#1015);
#838=LINE('',#2495,#1016);
#839=LINE('',#2497,#1017);
#840=LINE('',#2499,#1018);
#841=LINE('',#2503,#1019);
#842=LINE('',#2505,#1020);
#843=LINE('',#2507,#1021);
#844=LINE('',#2509,#1022);
#845=LINE('',#2511,#1023);
#846=LINE('',#2515,#1024);
#847=LINE('',#2517,#1025);
#848=LINE('',#2519,#1026);
#849=LINE('',#2521,#1027);
#850=LINE('',#2523,#1028);
#851=LINE('',#2527,#1029);
#852=LINE('',#2528,#1030);
#853=LINE('',#2530,#1031);
#854=LINE('',#2532,#1032);
#855=LINE('',#2533,#1033);
#856=LINE('',#2535,#1034);
#857=LINE('',#2539,#1035);
#858=LINE('',#2541,#1036);
#859=LINE('',#2543,#1037);
#860=LINE('',#2545,#1038);
#861=LINE('',#2547,#1039);
#862=LINE('',#2548,#1040);
#863=LINE('',#2552,#1041);
#864=LINE('',#2554,#1042);
#865=LINE('',#2556,#1043);
#866=LINE('',#2558,#1044);
#867=LINE('',#2560,#1045);
#868=LINE('',#2564,#1046);
#869=LINE('',#2566,#1047);
#870=LINE('',#2568,#1048);
#871=LINE('',#2570,#1049);
#872=LINE('',#2572,#1050);
#873=LINE('',#2574,#1051);
#874=LINE('',#2576,#1052);
#875=LINE('',#2578,#1053);
#876=LINE('',#2580,#1054);
#877=LINE('',#2582,#1055);
#878=LINE('',#2584,#1056);
#879=LINE('',#2586,#1057);
#880=LINE('',#2589,#1058);
#881=LINE('',#2591,#1059);
#882=LINE('',#2593,#1060);
#883=LINE('',#2595,#1061);
#884=LINE('',#2597,#1062);
#885=LINE('',#2599,#1063);
#886=LINE('',#2601,#1064);
#887=LINE('',#2603,#1065);
#888=LINE('',#2604,#1066);
#889=LINE('',#2606,#1067);
#890=LINE('',#2608,#1068);
#891=LINE('',#2612,#1069);
#892=LINE('',#2614,#1070);
#893=LINE('',#2617,#1071);
#894=LINE('',#2619,#1072);
#895=LINE('',#2621,#1073);
#896=LINE('',#2623,#1074);
#897=LINE('',#2625,#1075);
#898=LINE('',#2627,#1076);
#899=LINE('',#2628,#1077);
#900=LINE('',#2630,#1078);
#901=LINE('',#2632,#1079);
#902=LINE('',#2633,#1080);
#903=LINE('',#2635,#1081);
#904=LINE('',#2637,#1082);
#905=LINE('',#2639,#1083);
#906=LINE('',#2641,#1084);
#907=LINE('',#2644,#1085);
#908=LINE('',#2646,#1086);
#909=VECTOR('',#1929,1000.);
#910=VECTOR('',#1930,1000.);
#911=VECTOR('',#1931,1000.);
#912=VECTOR('',#1932,1000.);
#913=VECTOR('',#1935,1000.);
#914=VECTOR('',#1936,1000.);
#915=VECTOR('',#1937,1000.);
#916=VECTOR('',#1938,1000.);
#917=VECTOR('',#1941,1000.);
#918=VECTOR('',#1942,1000.);
#919=VECTOR('',#1943,1000.);
#920=VECTOR('',#1944,1000.);
#921=VECTOR('',#1945,1000.);
#922=VECTOR('',#1946,1000.);
#923=VECTOR('',#1947,1000.);
#924=VECTOR('',#1948,1000.);
#925=VECTOR('',#1949,1000.);
#926=VECTOR('',#1950,1000.);
#927=VECTOR('',#1951,1000.);
#928=VECTOR('',#1954,1000.);
#929=VECTOR('',#1955,1000.);
#930=VECTOR('',#1956,1000.);
#931=VECTOR('',#1957,1000.);
#932=VECTOR('',#1960,1000.);
#933=VECTOR('',#1961,1000.);
#934=VECTOR('',#1962,1000.);
#935=VECTOR('',#1963,1000.);
#936=VECTOR('',#1968,1000.);
#937=VECTOR('',#1969,1000.);
#938=VECTOR('',#1970,1000.);
#939=VECTOR('',#1971,1000.);
#940=VECTOR('',#1972,1000.);
#941=VECTOR('',#1975,1000.);
#942=VECTOR('',#1976,1000.);
#943=VECTOR('',#1977,1000.);
#944=VECTOR('',#1978,1000.);
#945=VECTOR('',#1979,1000.);
#946=VECTOR('',#1980,1000.);
#947=VECTOR('',#1985,1000.);
#948=VECTOR('',#1986,1000.);
#949=VECTOR('',#1987,1000.);
#950=VECTOR('',#1990,1000.);
#951=VECTOR('',#1991,1000.);
#952=VECTOR('',#1992,1000.);
#953=VECTOR('',#1993,1000.);
#954=VECTOR('',#1994,1000.);
#955=VECTOR('',#1995,1000.);
#956=VECTOR('',#1996,1000.);
#957=VECTOR('',#1997,1000.);
#958=VECTOR('',#1998,1000.);
#959=VECTOR('',#1999,1000.);
#960=VECTOR('',#2002,1000.);
#961=VECTOR('',#2003,1000.);
#962=VECTOR('',#2004,1000.);
#963=VECTOR('',#2005,1000.);
#964=VECTOR('',#2006,1000.);
#965=VECTOR('',#2007,1000.);
#966=VECTOR('',#2008,1000.);
#967=VECTOR('',#2009,1000.);
#968=VECTOR('',#2010,1000.);
#969=VECTOR('',#2011,1000.);
#970=VECTOR('',#2014,1000.);
#971=VECTOR('',#2015,1000.);
#972=VECTOR('',#2016,1000.);
#973=VECTOR('',#2017,1000.);
#974=VECTOR('',#2018,1000.);
#975=VECTOR('',#2019,1000.);
#976=VECTOR('',#2020,1000.);
#977=VECTOR('',#2021,1000.);
#978=VECTOR('',#2022,1000.);
#979=VECTOR('',#2025,1000.);
#980=VECTOR('',#2026,1000.);
#981=VECTOR('',#2027,1000.);
#982=VECTOR('',#2030,1000.);
#983=VECTOR('',#2031,1000.);
#984=VECTOR('',#2032,1000.);
#985=VECTOR('',#2035,1000.);
#986=VECTOR('',#2036,1000.);
#987=VECTOR('',#2037,1000.);
#988=VECTOR('',#2040,1000.);
#989=VECTOR('',#2041,1000.);
#990=VECTOR('',#2042,1000.);
#991=VECTOR('',#2043,1000.);
#992=VECTOR('',#2046,1000.);
#993=VECTOR('',#2047,1000.);
#994=VECTOR('',#2048,1000.);
#995=VECTOR('',#2051,1000.);
#996=VECTOR('',#2052,1000.);
#997=VECTOR('',#2055,1000.);
#998=VECTOR('',#2058,1000.);
#999=VECTOR('',#2061,1000.);
#1000=VECTOR('',#2062,1000.);
#1001=VECTOR('',#2063,1000.);
#1002=VECTOR('',#2064,1000.);
#1003=VECTOR('',#2067,1000.);
#1004=VECTOR('',#2068,1000.);
#1005=VECTOR('',#2069,1000.);
#1006=VECTOR('',#2074,1000.);
#1007=VECTOR('',#2075,1000.);
#1008=VECTOR('',#2076,1000.);
#1009=VECTOR('',#2079,1000.);
#1010=VECTOR('',#2080,1000.);
#1011=VECTOR('',#2097,1000.);
#1012=VECTOR('',#2098,1000.);
#1013=VECTOR('',#2101,1000.);
#1014=VECTOR('',#2102,1000.);
#1015=VECTOR('',#2103,1000.);
#1016=VECTOR('',#2104,1000.);
#1017=VECTOR('',#2107,1000.);
#1018=VECTOR('',#2108,1000.);
#1019=VECTOR('',#2111,1000.);
#1020=VECTOR('',#2112,1000.);
#1021=VECTOR('',#2115,1000.);
#1022=VECTOR('',#2116,1000.);
#1023=VECTOR('',#2119,1000.);
#1024=VECTOR('',#2122,1000.);
#1025=VECTOR('',#2123,1000.);
#1026=VECTOR('',#2124,1000.);
#1027=VECTOR('',#2125,1000.);
#1028=VECTOR('',#2126,1000.);
#1029=VECTOR('',#2129,1000.);
#1030=VECTOR('',#2130,1000.);
#1031=VECTOR('',#2133,1000.);
#1032=VECTOR('',#2134,1000.);
#1033=VECTOR('',#2135,1000.);
#1034=VECTOR('',#2138,1000.);
#1035=VECTOR('',#2141,1000.);
#1036=VECTOR('',#2142,1000.);
#1037=VECTOR('',#2145,1000.);
#1038=VECTOR('',#2146,1000.);
#1039=VECTOR('',#2147,1000.);
#1040=VECTOR('',#2148,1000.);
#1041=VECTOR('',#2151,1000.);
#1042=VECTOR('',#2152,1000.);
#1043=VECTOR('',#2153,1000.);
#1044=VECTOR('',#2154,1000.);
#1045=VECTOR('',#2155,1000.);
#1046=VECTOR('',#2160,1000.);
#1047=VECTOR('',#2163,1000.);
#1048=VECTOR('',#2164,1000.);
#1049=VECTOR('',#2165,1000.);
#1050=VECTOR('',#2168,1000.);
#1051=VECTOR('',#2171,1000.);
#1052=VECTOR('',#2174,1000.);
#1053=VECTOR('',#2177,1000.);
#1054=VECTOR('',#2180,1000.);
#1055=VECTOR('',#2183,1000.);
#1056=VECTOR('',#2186,1000.);
#1057=VECTOR('',#2189,1000.);
#1058=VECTOR('',#2194,1000.);
#1059=VECTOR('',#2197,1000.);
#1060=VECTOR('',#2200,1000.);
#1061=VECTOR('',#2203,1000.);
#1062=VECTOR('',#2204,1000.);
#1063=VECTOR('',#2207,1000.);
#1064=VECTOR('',#2208,1000.);
#1065=VECTOR('',#2211,1000.);
#1066=VECTOR('',#2212,1000.);
#1067=VECTOR('',#2215,1000.);
#1068=VECTOR('',#2218,1000.);
#1069=VECTOR('',#2225,1000.);
#1070=VECTOR('',#2228,1000.);
#1071=VECTOR('',#2229,1000.);
#1072=VECTOR('',#2230,1000.);
#1073=VECTOR('',#2231,1000.);
#1074=VECTOR('',#2232,1000.);
#1075=VECTOR('',#2233,1000.);
#1076=VECTOR('',#2234,1000.);
#1077=VECTOR('',#2235,1000.);
#1078=VECTOR('',#2236,1000.);
#1079=VECTOR('',#2239,1000.);
#1080=VECTOR('',#2240,1000.);
#1081=VECTOR('',#2243,1000.);
#1082=VECTOR('',#2246,1000.);
#1083=VECTOR('',#2249,1000.);
#1084=VECTOR('',#2252,1000.);
#1085=VECTOR('',#2257,1000.);
#1086=VECTOR('',#2260,1000.);
#1087=EDGE_LOOP('',(#37,#38,#39,#40));
#1088=EDGE_LOOP('',(#41,#42,#43,#44));
#1089=EDGE_LOOP('',(#45,#46,#47,#48,#49,#50,#51,#52,#53,#54,#55,#56));
#1090=EDGE_LOOP('',(#57,#58,#59,#60));
#1091=EDGE_LOOP('',(#61,#62,#63,#64));
#1092=EDGE_LOOP('',(#65,#66,#67,#68,#69,#70,#71));
#1093=EDGE_LOOP('',(#72,#73,#74,#75,#76,#77,#78));
#1094=EDGE_LOOP('',(#79,#80,#81,#82));
#1095=EDGE_LOOP('',(#83,#84,#85,#86,#87,#88,#89,#90,#91,#92,#93,#94));
#1096=EDGE_LOOP('',(#95,#96,#97,#98,#99,#100,#101,#102,#103,#104,#105,#106));
#1097=EDGE_LOOP('',(#107,#108,#109,#110,#111,#112,#113,#114,#115,#116,#117,
#118));
#1098=EDGE_LOOP('',(#119,#120,#121,#122));
#1099=EDGE_LOOP('',(#123,#124,#125,#126));
#1100=EDGE_LOOP('',(#127,#128,#129,#130));
#1101=EDGE_LOOP('',(#131,#132,#133,#134));
#1102=EDGE_LOOP('',(#135,#136,#137,#138));
#1103=EDGE_LOOP('',(#139,#140,#141,#142));
#1104=EDGE_LOOP('',(#143,#144,#145,#146,#147,#148,#149,#150,#151,#152));
#1105=EDGE_LOOP('',(#153,#154,#155,#156,#157,#158,#159,#160,#161,#162));
#1106=EDGE_LOOP('',(#163,#164,#165,#166));
#1107=EDGE_LOOP('',(#167,#168,#169,#170));
#1108=EDGE_LOOP('',(#171,#172,#173,#174));
#1109=EDGE_LOOP('',(#175));
#1110=EDGE_LOOP('',(#176,#177,#178,#179));
#1111=EDGE_LOOP('',(#180,#181,#182,#183));
#1112=EDGE_LOOP('',(#184,#185,#186,#187));
#1113=EDGE_LOOP('',(#188,#189,#190,#191));
#1114=EDGE_LOOP('',(#192));
#1115=EDGE_LOOP('',(#193));
#1116=EDGE_LOOP('',(#194));
#1117=EDGE_LOOP('',(#195));
#1118=EDGE_LOOP('',(#196));
#1119=EDGE_LOOP('',(#197,#198,#199,#200,#201,#202));
#1120=EDGE_LOOP('',(#203,#204,#205,#206,#207,#208));
#1121=EDGE_LOOP('',(#209,#210,#211,#212,#213,#214,#215));
#1122=EDGE_LOOP('',(#216,#217,#218,#219));
#1123=EDGE_LOOP('',(#220,#221,#222,#223,#224,#225,#226,#227,#228,#229,#230,
#231,#232,#233));
#1124=EDGE_LOOP('',(#234,#235,#236,#237,#238,#239));
#1125=EDGE_LOOP('',(#240,#241,#242,#243,#244,#245,#246));
#1126=EDGE_LOOP('',(#247,#248,#249,#250,#251,#252,#253,#254,#255,#256,#257,
#258,#259,#260));
#1127=EDGE_LOOP('',(#261,#262,#263,#264,#265,#266));
#1128=EDGE_LOOP('',(#267,#268,#269,#270));
#1129=EDGE_LOOP('',(#271,#272,#273,#274));
#1130=EDGE_LOOP('',(#275,#276,#277,#278));
#1131=EDGE_LOOP('',(#279,#280,#281,#282));
#1132=EDGE_LOOP('',(#283,#284,#285,#286));
#1133=EDGE_LOOP('',(#287,#288,#289,#290,#291,#292));
#1134=EDGE_LOOP('',(#293,#294,#295,#296));
#1135=EDGE_LOOP('',(#297,#298,#299,#300,#301,#302));
#1136=EDGE_LOOP('',(#303,#304,#305,#306));
#1137=EDGE_LOOP('',(#307,#308,#309,#310));
#1138=EDGE_LOOP('',(#311,#312,#313,#314));
#1139=EDGE_LOOP('',(#315,#316,#317,#318));
#1140=EDGE_LOOP('',(#319,#320,#321,#322));
#1141=EDGE_LOOP('',(#323,#324,#325,#326,#327,#328));
#1142=EDGE_LOOP('',(#329,#330,#331,#332));
#1143=EDGE_LOOP('',(#333,#334,#335,#336,#337,#338));
#1144=EDGE_LOOP('',(#339,#340,#341,#342));
#1145=EDGE_LOOP('',(#343,#344,#345,#346));
#1146=EDGE_LOOP('',(#347,#348,#349,#350));
#1147=EDGE_LOOP('',(#351,#352,#353,#354));
#1148=EDGE_LOOP('',(#355,#356,#357,#358,#359,#360,#361,#362));
#1149=EDGE_LOOP('',(#363,#364,#365,#366,#367,#368,#369,#370,#371,#372,#373,
#374));
#1150=EDGE_LOOP('',(#375,#376,#377,#378,#379,#380,#381,#382));
#1151=EDGE_LOOP('',(#383,#384,#385,#386));
#1152=EDGE_LOOP('',(#387,#388,#389,#390));
#1153=EDGE_LOOP('',(#391,#392,#393,#394));
#1154=EDGE_LOOP('',(#395,#396,#397,#398));
#1155=EDGE_LOOP('',(#399,#400,#401,#402));
#1156=EDGE_LOOP('',(#403,#404,#405,#406));
#1157=EDGE_LOOP('',(#407,#408,#409,#410));
#1158=EDGE_LOOP('',(#411,#412,#413,#414));
#1159=FACE_BOUND('',#1087,.T.);
#1160=FACE_BOUND('',#1088,.T.);
#1161=FACE_BOUND('',#1089,.T.);
#1162=FACE_BOUND('',#1090,.T.);
#1163=FACE_BOUND('',#1091,.T.);
#1164=FACE_BOUND('',#1092,.T.);
#1165=FACE_BOUND('',#1093,.T.);
#1166=FACE_BOUND('',#1094,.T.);
#1167=FACE_BOUND('',#1095,.T.);
#1168=FACE_BOUND('',#1096,.T.);
#1169=FACE_BOUND('',#1097,.T.);
#1170=FACE_BOUND('',#1098,.T.);
#1171=FACE_BOUND('',#1099,.T.);
#1172=FACE_BOUND('',#1100,.T.);
#1173=FACE_BOUND('',#1101,.T.);
#1174=FACE_BOUND('',#1102,.T.);
#1175=FACE_BOUND('',#1103,.T.);
#1176=FACE_BOUND('',#1104,.T.);
#1177=FACE_BOUND('',#1105,.T.);
#1178=FACE_BOUND('',#1106,.T.);
#1179=FACE_BOUND('',#1107,.T.);
#1180=FACE_BOUND('',#1108,.T.);
#1181=FACE_BOUND('',#1109,.T.);
#1182=FACE_BOUND('',#1110,.T.);
#1183=FACE_BOUND('',#1111,.T.);
#1184=FACE_BOUND('',#1112,.T.);
#1185=FACE_BOUND('',#1113,.T.);
#1186=FACE_BOUND('',#1114,.T.);
#1187=FACE_BOUND('',#1115,.T.);
#1188=FACE_BOUND('',#1116,.T.);
#1189=FACE_BOUND('',#1117,.T.);
#1190=FACE_BOUND('',#1118,.T.);
#1191=FACE_BOUND('',#1119,.T.);
#1192=FACE_BOUND('',#1120,.T.);
#1193=FACE_BOUND('',#1121,.T.);
#1194=FACE_BOUND('',#1122,.T.);
#1195=FACE_BOUND('',#1123,.T.);
#1196=FACE_BOUND('',#1124,.T.);
#1197=FACE_BOUND('',#1125,.T.);
#1198=FACE_BOUND('',#1126,.T.);
#1199=FACE_BOUND('',#1127,.T.);
#1200=FACE_BOUND('',#1128,.T.);
#1201=FACE_BOUND('',#1129,.T.);
#1202=FACE_BOUND('',#1130,.T.);
#1203=FACE_BOUND('',#1131,.T.);
#1204=FACE_BOUND('',#1132,.T.);
#1205=FACE_BOUND('',#1133,.T.);
#1206=FACE_BOUND('',#1134,.T.);
#1207=FACE_BOUND('',#1135,.T.);
#1208=FACE_BOUND('',#1136,.T.);
#1209=FACE_BOUND('',#1137,.T.);
#1210=FACE_BOUND('',#1138,.T.);
#1211=FACE_BOUND('',#1139,.T.);
#1212=FACE_BOUND('',#1140,.T.);
#1213=FACE_BOUND('',#1141,.T.);
#1214=FACE_BOUND('',#1142,.T.);
#1215=FACE_BOUND('',#1143,.T.);
#1216=FACE_BOUND('',#1144,.T.);
#1217=FACE_BOUND('',#1145,.T.);
#1218=FACE_BOUND('',#1146,.T.);
#1219=FACE_BOUND('',#1147,.T.);
#1220=FACE_BOUND('',#1148,.T.);
#1221=FACE_BOUND('',#1149,.T.);
#1222=FACE_BOUND('',#1150,.T.);
#1223=FACE_BOUND('',#1151,.T.);
#1224=FACE_BOUND('',#1152,.T.);
#1225=FACE_BOUND('',#1153,.T.);
#1226=FACE_BOUND('',#1154,.T.);
#1227=FACE_BOUND('',#1155,.T.);
#1228=FACE_BOUND('',#1156,.T.);
#1229=FACE_BOUND('',#1157,.T.);
#1230=FACE_BOUND('',#1158,.T.);
#1231=PLANE('',#1846);
#1232=PLANE('',#1847);
#1233=PLANE('',#1848);
#1234=PLANE('',#1849);
#1235=PLANE('',#1850);
#1236=PLANE('',#1851);
#1237=PLANE('',#1853);
#1238=PLANE('',#1855);
#1239=PLANE('',#1856);
#1240=PLANE('',#1857);
#1241=PLANE('',#1858);
#1242=PLANE('',#1859);
#1243=PLANE('',#1860);
#1244=PLANE('',#1861);
#1245=PLANE('',#1862);
#1246=PLANE('',#1863);
#1247=PLANE('',#1864);
#1248=PLANE('',#1865);
#1249=PLANE('',#1866);
#1250=PLANE('',#1867);
#1251=PLANE('',#1868);
#1252=PLANE('',#1869);
#1253=PLANE('',#1871);
#1254=PLANE('',#1872);
#1255=PLANE('',#1873);
#1256=PLANE('',#1878);
#1257=PLANE('',#1879);
#1258=PLANE('',#1880);
#1259=PLANE('',#1881);
#1260=PLANE('',#1883);
#1261=PLANE('',#1884);
#1262=PLANE('',#1887);
#1263=PLANE('',#1888);
#1264=PLANE('',#1890);
#1265=PLANE('',#1893);
#1266=PLANE('',#1894);
#1267=PLANE('',#1895);
#1268=PLANE('',#1896);
#1269=PLANE('',#1898);
#1270=PLANE('',#1899);
#1271=PLANE('',#1900);
#1272=PLANE('',#1901);
#1273=PLANE('',#1902);
#1274=PLANE('',#1904);
#1275=PLANE('',#1906);
#1276=PLANE('',#1907);
#1277=PLANE('',#1908);
#1278=PLANE('',#1909);
#1279=PLANE('',#1910);
#1280=PLANE('',#1912);
#1281=PLANE('',#1913);
#1282=PLANE('',#1914);
#1283=PLANE('',#1915);
#1284=PLANE('',#1916);
#1285=PLANE('',#1917);
#1286=PLANE('',#1918);
#1287=PLANE('',#1919);
#1288=PLANE('',#1920);
#1289=PLANE('',#1921);
#1290=PLANE('',#1922);
#1291=PLANE('',#1923);
#1292=PLANE('',#1924);
#1293=STYLED_ITEM('',(#1361),#1773);
#1294=STYLED_ITEM('',(#1362),#1774);
#1295=STYLED_ITEM('',(#1363),#1775);
#1296=STYLED_ITEM('',(#1364),#1776);
#1297=STYLED_ITEM('',(#1365),#1777);
#1298=STYLED_ITEM('',(#1366),#1778);
#1299=STYLED_ITEM('',(#1367),#1779);
#1300=STYLED_ITEM('',(#1368),#1780);
#1301=STYLED_ITEM('',(#1369),#1781);
#1302=STYLED_ITEM('',(#1370),#1782);
#1303=STYLED_ITEM('',(#1371),#1783);
#1304=STYLED_ITEM('',(#1372),#1784);
#1305=STYLED_ITEM('',(#1373),#1785);
#1306=STYLED_ITEM('',(#1374),#1786);
#1307=STYLED_ITEM('',(#1375),#1787);
#1308=STYLED_ITEM('',(#1376),#1788);
#1309=STYLED_ITEM('',(#1377),#1789);
#1310=STYLED_ITEM('',(#1378),#1790);
#1311=STYLED_ITEM('',(#1379),#1791);
#1312=STYLED_ITEM('',(#1380),#1792);
#1313=STYLED_ITEM('',(#1381),#1793);
#1314=STYLED_ITEM('',(#1382),#1794);
#1315=STYLED_ITEM('',(#1383),#1795);
#1316=STYLED_ITEM('',(#1384),#1796);
#1317=STYLED_ITEM('',(#1385),#1797);
#1318=STYLED_ITEM('',(#1386),#1798);
#1319=STYLED_ITEM('',(#1387),#1799);
#1320=STYLED_ITEM('',(#1388),#1800);
#1321=STYLED_ITEM('',(#1389),#1801);
#1322=STYLED_ITEM('',(#1390),#1802);
#1323=STYLED_ITEM('',(#1391),#1803);
#1324=STYLED_ITEM('',(#1392),#1804);
#1325=STYLED_ITEM('',(#1393),#1805);
#1326=STYLED_ITEM('',(#1394),#1806);
#1327=STYLED_ITEM('',(#1395),#1807);
#1328=STYLED_ITEM('',(#1396),#1808);
#1329=STYLED_ITEM('',(#1397),#1809);
#1330=STYLED_ITEM('',(#1398),#1810);
#1331=STYLED_ITEM('',(#1399),#1811);
#1332=STYLED_ITEM('',(#1400),#1812);
#1333=STYLED_ITEM('',(#1401),#1813);
#1334=STYLED_ITEM('',(#1402),#1814);
#1335=STYLED_ITEM('',(#1403),#1815);
#1336=STYLED_ITEM('',(#1404),#1816);
#1337=STYLED_ITEM('',(#1405),#1817);
#1338=STYLED_ITEM('',(#1406),#1818);
#1339=STYLED_ITEM('',(#1407),#1819);
#1340=STYLED_ITEM('',(#1408),#1820);
#1341=STYLED_ITEM('',(#1409),#1821);
#1342=STYLED_ITEM('',(#1410),#1822);
#1343=STYLED_ITEM('',(#1411),#1823);
#1344=STYLED_ITEM('',(#1412),#1824);
#1345=STYLED_ITEM('',(#1413),#1825);
#1346=STYLED_ITEM('',(#1414),#1826);
#1347=STYLED_ITEM('',(#1415),#1827);
#1348=STYLED_ITEM('',(#1416),#1828);
#1349=STYLED_ITEM('',(#1417),#1829);
#1350=STYLED_ITEM('',(#1418),#1830);
#1351=STYLED_ITEM('',(#1419),#1831);
#1352=STYLED_ITEM('',(#1420),#1832);
#1353=STYLED_ITEM('',(#1421),#1833);
#1354=STYLED_ITEM('',(#1422),#1834);
#1355=STYLED_ITEM('',(#1423),#1835);
#1356=STYLED_ITEM('',(#1424),#1836);
#1357=STYLED_ITEM('',(#1425),#1837);
#1358=STYLED_ITEM('',(#1426),#1838);
#1359=STYLED_ITEM('',(#1427),#1839);
#1360=STYLED_ITEM('',(#1428),#1840);
#1361=PRESENTATION_STYLE_ASSIGNMENT((#1429));
#1362=PRESENTATION_STYLE_ASSIGNMENT((#1430));
#1363=PRESENTATION_STYLE_ASSIGNMENT((#1431));
#1364=PRESENTATION_STYLE_ASSIGNMENT((#1432));
#1365=PRESENTATION_STYLE_ASSIGNMENT((#1433));
#1366=PRESENTATION_STYLE_ASSIGNMENT((#1434));
#1367=PRESENTATION_STYLE_ASSIGNMENT((#1435));
#1368=PRESENTATION_STYLE_ASSIGNMENT((#1436));
#1369=PRESENTATION_STYLE_ASSIGNMENT((#1437));
#1370=PRESENTATION_STYLE_ASSIGNMENT((#1438));
#1371=PRESENTATION_STYLE_ASSIGNMENT((#1439));
#1372=PRESENTATION_STYLE_ASSIGNMENT((#1440));
#1373=PRESENTATION_STYLE_ASSIGNMENT((#1441));
#1374=PRESENTATION_STYLE_ASSIGNMENT((#1442));
#1375=PRESENTATION_STYLE_ASSIGNMENT((#1443));
#1376=PRESENTATION_STYLE_ASSIGNMENT((#1444));
#1377=PRESENTATION_STYLE_ASSIGNMENT((#1445));
#1378=PRESENTATION_STYLE_ASSIGNMENT((#1446));
#1379=PRESENTATION_STYLE_ASSIGNMENT((#1447));
#1380=PRESENTATION_STYLE_ASSIGNMENT((#1448));
#1381=PRESENTATION_STYLE_ASSIGNMENT((#1449));
#1382=PRESENTATION_STYLE_ASSIGNMENT((#1450));
#1383=PRESENTATION_STYLE_ASSIGNMENT((#1451));
#1384=PRESENTATION_STYLE_ASSIGNMENT((#1452));
#1385=PRESENTATION_STYLE_ASSIGNMENT((#1453));
#1386=PRESENTATION_STYLE_ASSIGNMENT((#1454));
#1387=PRESENTATION_STYLE_ASSIGNMENT((#1455));
#1388=PRESENTATION_STYLE_ASSIGNMENT((#1456));
#1389=PRESENTATION_STYLE_ASSIGNMENT((#1457));
#1390=PRESENTATION_STYLE_ASSIGNMENT((#1458));
#1391=PRESENTATION_STYLE_ASSIGNMENT((#1459));
#1392=PRESENTATION_STYLE_ASSIGNMENT((#1460));
#1393=PRESENTATION_STYLE_ASSIGNMENT((#1461));
#1394=PRESENTATION_STYLE_ASSIGNMENT((#1462));
#1395=PRESENTATION_STYLE_ASSIGNMENT((#1463));
#1396=PRESENTATION_STYLE_ASSIGNMENT((#1464));
#1397=PRESENTATION_STYLE_ASSIGNMENT((#1465));
#1398=PRESENTATION_STYLE_ASSIGNMENT((#1466));
#1399=PRESENTATION_STYLE_ASSIGNMENT((#1467));
#1400=PRESENTATION_STYLE_ASSIGNMENT((#1468));
#1401=PRESENTATION_STYLE_ASSIGNMENT((#1469));
#1402=PRESENTATION_STYLE_ASSIGNMENT((#1470));
#1403=PRESENTATION_STYLE_ASSIGNMENT((#1471));
#1404=PRESENTATION_STYLE_ASSIGNMENT((#1472));
#1405=PRESENTATION_STYLE_ASSIGNMENT((#1473));
#1406=PRESENTATION_STYLE_ASSIGNMENT((#1474));
#1407=PRESENTATION_STYLE_ASSIGNMENT((#1475));
#1408=PRESENTATION_STYLE_ASSIGNMENT((#1476));
#1409=PRESENTATION_STYLE_ASSIGNMENT((#1477));
#1410=PRESENTATION_STYLE_ASSIGNMENT((#1478));
#1411=PRESENTATION_STYLE_ASSIGNMENT((#1479));
#1412=PRESENTATION_STYLE_ASSIGNMENT((#1480));
#1413=PRESENTATION_STYLE_ASSIGNMENT((#1481));
#1414=PRESENTATION_STYLE_ASSIGNMENT((#1482));
#1415=PRESENTATION_STYLE_ASSIGNMENT((#1483));
#1416=PRESENTATION_STYLE_ASSIGNMENT((#1484));
#1417=PRESENTATION_STYLE_ASSIGNMENT((#1485));
#1418=PRESENTATION_STYLE_ASSIGNMENT((#1486));
#1419=PRESENTATION_STYLE_ASSIGNMENT((#1487));
#1420=PRESENTATION_STYLE_ASSIGNMENT((#1488));
#1421=PRESENTATION_STYLE_ASSIGNMENT((#1489));
#1422=PRESENTATION_STYLE_ASSIGNMENT((#1490));
#1423=PRESENTATION_STYLE_ASSIGNMENT((#1491));
#1424=PRESENTATION_STYLE_ASSIGNMENT((#1492));
#1425=PRESENTATION_STYLE_ASSIGNMENT((#1493));
#1426=PRESENTATION_STYLE_ASSIGNMENT((#1494));
#1427=PRESENTATION_STYLE_ASSIGNMENT((#1495));
#1428=PRESENTATION_STYLE_ASSIGNMENT((#1496));
#1429=SURFACE_STYLE_USAGE(.BOTH.,#1497);
#1430=SURFACE_STYLE_USAGE(.BOTH.,#1498);
#1431=SURFACE_STYLE_USAGE(.BOTH.,#1499);
#1432=SURFACE_STYLE_USAGE(.BOTH.,#1500);
#1433=SURFACE_STYLE_USAGE(.BOTH.,#1501);
#1434=SURFACE_STYLE_USAGE(.BOTH.,#1502);
#1435=SURFACE_STYLE_USAGE(.BOTH.,#1503);
#1436=SURFACE_STYLE_USAGE(.BOTH.,#1504);
#1437=SURFACE_STYLE_USAGE(.BOTH.,#1505);
#1438=SURFACE_STYLE_USAGE(.BOTH.,#1506);
#1439=SURFACE_STYLE_USAGE(.BOTH.,#1507);
#1440=SURFACE_STYLE_USAGE(.BOTH.,#1508);
#1441=SURFACE_STYLE_USAGE(.BOTH.,#1509);
#1442=SURFACE_STYLE_USAGE(.BOTH.,#1510);
#1443=SURFACE_STYLE_USAGE(.BOTH.,#1511);
#1444=SURFACE_STYLE_USAGE(.BOTH.,#1512);
#1445=SURFACE_STYLE_USAGE(.BOTH.,#1513);
#1446=SURFACE_STYLE_USAGE(.BOTH.,#1514);
#1447=SURFACE_STYLE_USAGE(.BOTH.,#1515);
#1448=SURFACE_STYLE_USAGE(.BOTH.,#1516);
#1449=SURFACE_STYLE_USAGE(.BOTH.,#1517);
#1450=SURFACE_STYLE_USAGE(.BOTH.,#1518);
#1451=SURFACE_STYLE_USAGE(.BOTH.,#1519);
#1452=SURFACE_STYLE_USAGE(.BOTH.,#1520);
#1453=SURFACE_STYLE_USAGE(.BOTH.,#1521);
#1454=SURFACE_STYLE_USAGE(.BOTH.,#1522);
#1455=SURFACE_STYLE_USAGE(.BOTH.,#1523);
#1456=SURFACE_STYLE_USAGE(.BOTH.,#1524);
#1457=SURFACE_STYLE_USAGE(.BOTH.,#1525);
#1458=SURFACE_STYLE_USAGE(.BOTH.,#1526);
#1459=SURFACE_STYLE_USAGE(.BOTH.,#1527);
#1460=SURFACE_STYLE_USAGE(.BOTH.,#1528);
#1461=SURFACE_STYLE_USAGE(.BOTH.,#1529);
#1462=SURFACE_STYLE_USAGE(.BOTH.,#1530);
#1463=SURFACE_STYLE_USAGE(.BOTH.,#1531);
#1464=SURFACE_STYLE_USAGE(.BOTH.,#1532);
#1465=SURFACE_STYLE_USAGE(.BOTH.,#1533);
#1466=SURFACE_STYLE_USAGE(.BOTH.,#1534);
#1467=SURFACE_STYLE_USAGE(.BOTH.,#1535);
#1468=SURFACE_STYLE_USAGE(.BOTH.,#1536);
#1469=SURFACE_STYLE_USAGE(.BOTH.,#1537);
#1470=SURFACE_STYLE_USAGE(.BOTH.,#1538);
#1471=SURFACE_STYLE_USAGE(.BOTH.,#1539);
#1472=SURFACE_STYLE_USAGE(.BOTH.,#1540);
#1473=SURFACE_STYLE_USAGE(.BOTH.,#1541);
#1474=SURFACE_STYLE_USAGE(.BOTH.,#1542);
#1475=SURFACE_STYLE_USAGE(.BOTH.,#1543);
#1476=SURFACE_STYLE_USAGE(.BOTH.,#1544);
#1477=SURFACE_STYLE_USAGE(.BOTH.,#1545);
#1478=SURFACE_STYLE_USAGE(.BOTH.,#1546);
#1479=SURFACE_STYLE_USAGE(.BOTH.,#1547);
#1480=SURFACE_STYLE_USAGE(.BOTH.,#1548);
#1481=SURFACE_STYLE_USAGE(.BOTH.,#1549);
#1482=SURFACE_STYLE_USAGE(.BOTH.,#1550);
#1483=SURFACE_STYLE_USAGE(.BOTH.,#1551);
#1484=SURFACE_STYLE_USAGE(.BOTH.,#1552);
#1485=SURFACE_STYLE_USAGE(.BOTH.,#1553);
#1486=SURFACE_STYLE_USAGE(.BOTH.,#1554);
#1487=SURFACE_STYLE_USAGE(.BOTH.,#1555);
#1488=SURFACE_STYLE_USAGE(.BOTH.,#1556);
#1489=SURFACE_STYLE_USAGE(.BOTH.,#1557);
#1490=SURFACE_STYLE_USAGE(.BOTH.,#1558);
#1491=SURFACE_STYLE_USAGE(.BOTH.,#1559);
#1492=SURFACE_STYLE_USAGE(.BOTH.,#1560);
#1493=SURFACE_STYLE_USAGE(.BOTH.,#1561);
#1494=SURFACE_STYLE_USAGE(.BOTH.,#1562);
#1495=SURFACE_STYLE_USAGE(.BOTH.,#1563);
#1496=SURFACE_STYLE_USAGE(.BOTH.,#1564);
#1497=SURFACE_SIDE_STYLE('',(#1565));
#1498=SURFACE_SIDE_STYLE('',(#1566));
#1499=SURFACE_SIDE_STYLE('',(#1567));
#1500=SURFACE_SIDE_STYLE('',(#1568));
#1501=SURFACE_SIDE_STYLE('',(#1569));
#1502=SURFACE_SIDE_STYLE('',(#1570));
#1503=SURFACE_SIDE_STYLE('',(#1571));
#1504=SURFACE_SIDE_STYLE('',(#1572));
#1505=SURFACE_SIDE_STYLE('',(#1573));
#1506=SURFACE_SIDE_STYLE('',(#1574));
#1507=SURFACE_SIDE_STYLE('',(#1575));
#1508=SURFACE_SIDE_STYLE('',(#1576));
#1509=SURFACE_SIDE_STYLE('',(#1577));
#1510=SURFACE_SIDE_STYLE('',(#1578));
#1511=SURFACE_SIDE_STYLE('',(#1579));
#1512=SURFACE_SIDE_STYLE('',(#1580));
#1513=SURFACE_SIDE_STYLE('',(#1581));
#1514=SURFACE_SIDE_STYLE('',(#1582));
#1515=SURFACE_SIDE_STYLE('',(#1583));
#1516=SURFACE_SIDE_STYLE('',(#1584));
#1517=SURFACE_SIDE_STYLE('',(#1585));
#1518=SURFACE_SIDE_STYLE('',(#1586));
#1519=SURFACE_SIDE_STYLE('',(#1587));
#1520=SURFACE_SIDE_STYLE('',(#1588));
#1521=SURFACE_SIDE_STYLE('',(#1589));
#1522=SURFACE_SIDE_STYLE('',(#1590));
#1523=SURFACE_SIDE_STYLE('',(#1591));
#1524=SURFACE_SIDE_STYLE('',(#1592));
#1525=SURFACE_SIDE_STYLE('',(#1593));
#1526=SURFACE_SIDE_STYLE('',(#1594));
#1527=SURFACE_SIDE_STYLE('',(#1595));
#1528=SURFACE_SIDE_STYLE('',(#1596));
#1529=SURFACE_SIDE_STYLE('',(#1597));
#1530=SURFACE_SIDE_STYLE('',(#1598));
#1531=SURFACE_SIDE_STYLE('',(#1599));
#1532=SURFACE_SIDE_STYLE('',(#1600));
#1533=SURFACE_SIDE_STYLE('',(#1601));
#1534=SURFACE_SIDE_STYLE('',(#1602));
#1535=SURFACE_SIDE_STYLE('',(#1603));
#1536=SURFACE_SIDE_STYLE('',(#1604));
#1537=SURFACE_SIDE_STYLE('',(#1605));
#1538=SURFACE_SIDE_STYLE('',(#1606));
#1539=SURFACE_SIDE_STYLE('',(#1607));
#1540=SURFACE_SIDE_STYLE('',(#1608));
#1541=SURFACE_SIDE_STYLE('',(#1609));
#1542=SURFACE_SIDE_STYLE('',(#1610));
#1543=SURFACE_SIDE_STYLE('',(#1611));
#1544=SURFACE_SIDE_STYLE('',(#1612));
#1545=SURFACE_SIDE_STYLE('',(#1613));
#1546=SURFACE_SIDE_STYLE('',(#1614));
#1547=SURFACE_SIDE_STYLE('',(#1615));
#1548=SURFACE_SIDE_STYLE('',(#1616));
#1549=SURFACE_SIDE_STYLE('',(#1617));
#1550=SURFACE_SIDE_STYLE('',(#1618));
#1551=SURFACE_SIDE_STYLE('',(#1619));
#1552=SURFACE_SIDE_STYLE('',(#1620));
#1553=SURFACE_SIDE_STYLE('',(#1621));
#1554=SURFACE_SIDE_STYLE('',(#1622));
#1555=SURFACE_SIDE_STYLE('',(#1623));
#1556=SURFACE_SIDE_STYLE('',(#1624));
#1557=SURFACE_SIDE_STYLE('',(#1625));
#1558=SURFACE_SIDE_STYLE('',(#1626));
#1559=SURFACE_SIDE_STYLE('',(#1627));
#1560=SURFACE_SIDE_STYLE('',(#1628));
#1561=SURFACE_SIDE_STYLE('',(#1629));
#1562=SURFACE_SIDE_STYLE('',(#1630));
#1563=SURFACE_SIDE_STYLE('',(#1631));
#1564=SURFACE_SIDE_STYLE('',(#1632));
#1565=SURFACE_STYLE_FILL_AREA(#1633);
#1566=SURFACE_STYLE_FILL_AREA(#1634);
#1567=SURFACE_STYLE_FILL_AREA(#1635);
#1568=SURFACE_STYLE_FILL_AREA(#1636);
#1569=SURFACE_STYLE_FILL_AREA(#1637);
#1570=SURFACE_STYLE_FILL_AREA(#1638);
#1571=SURFACE_STYLE_FILL_AREA(#1639);
#1572=SURFACE_STYLE_FILL_AREA(#1640);
#1573=SURFACE_STYLE_FILL_AREA(#1641);
#1574=SURFACE_STYLE_FILL_AREA(#1642);
#1575=SURFACE_STYLE_FILL_AREA(#1643);
#1576=SURFACE_STYLE_FILL_AREA(#1644);
#1577=SURFACE_STYLE_FILL_AREA(#1645);
#1578=SURFACE_STYLE_FILL_AREA(#1646);
#1579=SURFACE_STYLE_FILL_AREA(#1647);
#1580=SURFACE_STYLE_FILL_AREA(#1648);
#1581=SURFACE_STYLE_FILL_AREA(#1649);
#1582=SURFACE_STYLE_FILL_AREA(#1650);
#1583=SURFACE_STYLE_FILL_AREA(#1651);
#1584=SURFACE_STYLE_FILL_AREA(#1652);
#1585=SURFACE_STYLE_FILL_AREA(#1653);
#1586=SURFACE_STYLE_FILL_AREA(#1654);
#1587=SURFACE_STYLE_FILL_AREA(#1655);
#1588=SURFACE_STYLE_FILL_AREA(#1656);
#1589=SURFACE_STYLE_FILL_AREA(#1657);
#1590=SURFACE_STYLE_FILL_AREA(#1658);
#1591=SURFACE_STYLE_FILL_AREA(#1659);
#1592=SURFACE_STYLE_FILL_AREA(#1660);
#1593=SURFACE_STYLE_FILL_AREA(#1661);
#1594=SURFACE_STYLE_FILL_AREA(#1662);
#1595=SURFACE_STYLE_FILL_AREA(#1663);
#1596=SURFACE_STYLE_FILL_AREA(#1664);
#1597=SURFACE_STYLE_FILL_AREA(#1665);
#1598=SURFACE_STYLE_FILL_AREA(#1666);
#1599=SURFACE_STYLE_FILL_AREA(#1667);
#1600=SURFACE_STYLE_FILL_AREA(#1668);
#1601=SURFACE_STYLE_FILL_AREA(#1669);
#1602=SURFACE_STYLE_FILL_AREA(#1670);
#1603=SURFACE_STYLE_FILL_AREA(#1671);
#1604=SURFACE_STYLE_FILL_AREA(#1672);
#1605=SURFACE_STYLE_FILL_AREA(#1673);
#1606=SURFACE_STYLE_FILL_AREA(#1674);
#1607=SURFACE_STYLE_FILL_AREA(#1675);
#1608=SURFACE_STYLE_FILL_AREA(#1676);
#1609=SURFACE_STYLE_FILL_AREA(#1677);
#1610=SURFACE_STYLE_FILL_AREA(#1678);
#1611=SURFACE_STYLE_FILL_AREA(#1679);
#1612=SURFACE_STYLE_FILL_AREA(#1680);
#1613=SURFACE_STYLE_FILL_AREA(#1681);
#1614=SURFACE_STYLE_FILL_AREA(#1682);
#1615=SURFACE_STYLE_FILL_AREA(#1683);
#1616=SURFACE_STYLE_FILL_AREA(#1684);
#1617=SURFACE_STYLE_FILL_AREA(#1685);
#1618=SURFACE_STYLE_FILL_AREA(#1686);
#1619=SURFACE_STYLE_FILL_AREA(#1687);
#1620=SURFACE_STYLE_FILL_AREA(#1688);
#1621=SURFACE_STYLE_FILL_AREA(#1689);
#1622=SURFACE_STYLE_FILL_AREA(#1690);
#1623=SURFACE_STYLE_FILL_AREA(#1691);
#1624=SURFACE_STYLE_FILL_AREA(#1692);
#1625=SURFACE_STYLE_FILL_AREA(#1693);
#1626=SURFACE_STYLE_FILL_AREA(#1694);
#1627=SURFACE_STYLE_FILL_AREA(#1695);
#1628=SURFACE_STYLE_FILL_AREA(#1696);
#1629=SURFACE_STYLE_FILL_AREA(#1697);
#1630=SURFACE_STYLE_FILL_AREA(#1698);
#1631=SURFACE_STYLE_FILL_AREA(#1699);
#1632=SURFACE_STYLE_FILL_AREA(#1700);
#1633=FILL_AREA_STYLE('',(#1701));
#1634=FILL_AREA_STYLE('',(#1702));
#1635=FILL_AREA_STYLE('',(#1703));
#1636=FILL_AREA_STYLE('',(#1704));
#1637=FILL_AREA_STYLE('',(#1705));
#1638=FILL_AREA_STYLE('',(#1706));
#1639=FILL_AREA_STYLE('',(#1707));
#1640=FILL_AREA_STYLE('',(#1708));
#1641=FILL_AREA_STYLE('',(#1709));
#1642=FILL_AREA_STYLE('',(#1710));
#1643=FILL_AREA_STYLE('',(#1711));
#1644=FILL_AREA_STYLE('',(#1712));
#1645=FILL_AREA_STYLE('',(#1713));
#1646=FILL_AREA_STYLE('',(#1714));
#1647=FILL_AREA_STYLE('',(#1715));
#1648=FILL_AREA_STYLE('',(#1716));
#1649=FILL_AREA_STYLE('',(#1717));
#1650=FILL_AREA_STYLE('',(#1718));
#1651=FILL_AREA_STYLE('',(#1719));
#1652=FILL_AREA_STYLE('',(#1720));
#1653=FILL_AREA_STYLE('',(#1721));
#1654=FILL_AREA_STYLE('',(#1722));
#1655=FILL_AREA_STYLE('',(#1723));
#1656=FILL_AREA_STYLE('',(#1724));
#1657=FILL_AREA_STYLE('',(#1725));
#1658=FILL_AREA_STYLE('',(#1726));
#1659=FILL_AREA_STYLE('',(#1727));
#1660=FILL_AREA_STYLE('',(#1728));
#1661=FILL_AREA_STYLE('',(#1729));
#1662=FILL_AREA_STYLE('',(#1730));
#1663=FILL_AREA_STYLE('',(#1731));
#1664=FILL_AREA_STYLE('',(#1732));
#1665=FILL_AREA_STYLE('',(#1733));
#1666=FILL_AREA_STYLE('',(#1734));
#1667=FILL_AREA_STYLE('',(#1735));
#1668=FILL_AREA_STYLE('',(#1736));
#1669=FILL_AREA_STYLE('',(#1737));
#1670=FILL_AREA_STYLE('',(#1738));
#1671=FILL_AREA_STYLE('',(#1739));
#1672=FILL_AREA_STYLE('',(#1740));
#1673=FILL_AREA_STYLE('',(#1741));
#1674=FILL_AREA_STYLE('',(#1742));
#1675=FILL_AREA_STYLE('',(#1743));
#1676=FILL_AREA_STYLE('',(#1744));
#1677=FILL_AREA_STYLE('',(#1745));
#1678=FILL_AREA_STYLE('',(#1746));
#1679=FILL_AREA_STYLE('',(#1747));
#1680=FILL_AREA_STYLE('',(#1748));
#1681=FILL_AREA_STYLE('',(#1749));
#1682=FILL_AREA_STYLE('',(#1750));
#1683=FILL_AREA_STYLE('',(#1751));
#1684=FILL_AREA_STYLE('',(#1752));
#1685=FILL_AREA_STYLE('',(#1753));
#1686=FILL_AREA_STYLE('',(#1754));
#1687=FILL_AREA_STYLE('',(#1755));
#1688=FILL_AREA_STYLE('',(#1756));
#1689=FILL_AREA_STYLE('',(#1757));
#1690=FILL_AREA_STYLE('',(#1758));
#1691=FILL_AREA_STYLE('',(#1759));
#1692=FILL_AREA_STYLE('',(#1760));
#1693=FILL_AREA_STYLE('',(#1761));
#1694=FILL_AREA_STYLE('',(#1762));
#1695=FILL_AREA_STYLE('',(#1763));
#1696=FILL_AREA_STYLE('',(#1764));
#1697=FILL_AREA_STYLE('',(#1765));
#1698=FILL_AREA_STYLE('',(#1766));
#1699=FILL_AREA_STYLE('',(#1767));
#1700=FILL_AREA_STYLE('',(#1768));
#1701=FILL_AREA_STYLE_COLOUR('',#1769);
#1702=FILL_AREA_STYLE_COLOUR('',#1769);
#1703=FILL_AREA_STYLE_COLOUR('',#1769);
#1704=FILL_AREA_STYLE_COLOUR('',#1770);
#1705=FILL_AREA_STYLE_COLOUR('',#1770);
#1706=FILL_AREA_STYLE_COLOUR('',#1770);
#1707=FILL_AREA_STYLE_COLOUR('',#1770);
#1708=FILL_AREA_STYLE_COLOUR('',#1770);
#1709=FILL_AREA_STYLE_COLOUR('',#1769);
#1710=FILL_AREA_STYLE_COLOUR('',#1769);
#1711=FILL_AREA_STYLE_COLOUR('',#1769);
#1712=FILL_AREA_STYLE_COLOUR('',#1769);
#1713=FILL_AREA_STYLE_COLOUR('',#1769);
#1714=FILL_AREA_STYLE_COLOUR('',#1769);
#1715=FILL_AREA_STYLE_COLOUR('',#1769);
#1716=FILL_AREA_STYLE_COLOUR('',#1769);
#1717=FILL_AREA_STYLE_COLOUR('',#1769);
#1718=FILL_AREA_STYLE_COLOUR('',#1769);
#1719=FILL_AREA_STYLE_COLOUR('',#1769);
#1720=FILL_AREA_STYLE_COLOUR('',#1771);
#1721=FILL_AREA_STYLE_COLOUR('',#1771);
#1722=FILL_AREA_STYLE_COLOUR('',#1771);
#1723=FILL_AREA_STYLE_COLOUR('',#1771);
#1724=FILL_AREA_STYLE_COLOUR('',#1771);
#1725=FILL_AREA_STYLE_COLOUR('',#1771);
#1726=FILL_AREA_STYLE_COLOUR('',#1769);
#1727=FILL_AREA_STYLE_COLOUR('',#1769);
#1728=FILL_AREA_STYLE_COLOUR('',#1769);
#1729=FILL_AREA_STYLE_COLOUR('',#1770);
#1730=FILL_AREA_STYLE_COLOUR('',#1770);
#1731=FILL_AREA_STYLE_COLOUR('',#1770);
#1732=FILL_AREA_STYLE_COLOUR('',#1770);
#1733=FILL_AREA_STYLE_COLOUR('',#1770);
#1734=FILL_AREA_STYLE_COLOUR('',#1770);
#1735=FILL_AREA_STYLE_COLOUR('',#1770);
#1736=FILL_AREA_STYLE_COLOUR('',#1770);
#1737=FILL_AREA_STYLE_COLOUR('',#1770);
#1738=FILL_AREA_STYLE_COLOUR('',#1772);
#1739=FILL_AREA_STYLE_COLOUR('',#1772);
#1740=FILL_AREA_STYLE_COLOUR('',#1772);
#1741=FILL_AREA_STYLE_COLOUR('',#1772);
#1742=FILL_AREA_STYLE_COLOUR('',#1772);
#1743=FILL_AREA_STYLE_COLOUR('',#1772);
#1744=FILL_AREA_STYLE_COLOUR('',#1772);
#1745=FILL_AREA_STYLE_COLOUR('',#1772);
#1746=FILL_AREA_STYLE_COLOUR('',#1772);
#1747=FILL_AREA_STYLE_COLOUR('',#1772);
#1748=FILL_AREA_STYLE_COLOUR('',#1772);
#1749=FILL_AREA_STYLE_COLOUR('',#1772);
#1750=FILL_AREA_STYLE_COLOUR('',#1772);
#1751=FILL_AREA_STYLE_COLOUR('',#1772);
#1752=FILL_AREA_STYLE_COLOUR('',#1772);
#1753=FILL_AREA_STYLE_COLOUR('',#1772);
#1754=FILL_AREA_STYLE_COLOUR('',#1772);
#1755=FILL_AREA_STYLE_COLOUR('',#1772);
#1756=FILL_AREA_STYLE_COLOUR('',#1772);
#1757=FILL_AREA_STYLE_COLOUR('',#1772);
#1758=FILL_AREA_STYLE_COLOUR('',#1769);
#1759=FILL_AREA_STYLE_COLOUR('',#1769);
#1760=FILL_AREA_STYLE_COLOUR('',#1769);
#1761=FILL_AREA_STYLE_COLOUR('',#1769);
#1762=FILL_AREA_STYLE_COLOUR('',#1769);
#1763=FILL_AREA_STYLE_COLOUR('',#1769);
#1764=FILL_AREA_STYLE_COLOUR('',#1769);
#1765=FILL_AREA_STYLE_COLOUR('',#1769);
#1766=FILL_AREA_STYLE_COLOUR('',#1769);
#1767=FILL_AREA_STYLE_COLOUR('',#1769);
#1768=FILL_AREA_STYLE_COLOUR('',#1769);
#1769=COLOUR_RGB('',0.200000002980232,0.200000002980232,0.200000002980232);
#1770=COLOUR_RGB('',0.699999988079071,0.699999988079071,0.699999988079071);
#1771=COLOUR_RGB('',0.949999988079071,0.949999988079071,0.949999988079071);
#1772=COLOUR_RGB('',0.506983280181885,0.531564235687256,0.550000011920929);
#1773=ADVANCED_FACE('',(#1159),#1231,.F.);
#1774=ADVANCED_FACE('',(#1160),#1232,.T.);
#1775=ADVANCED_FACE('',(#1161),#1233,.T.);
#1776=ADVANCED_FACE('',(#1162),#1234,.T.);
#1777=ADVANCED_FACE('',(#1163),#1235,.F.);
#1778=ADVANCED_FACE('',(#1164),#1236,.F.);
#1779=ADVANCED_FACE('',(#1165),#1237,.T.);
#1780=ADVANCED_FACE('',(#1166),#1238,.T.);
#1781=ADVANCED_FACE('',(#1167),#1239,.T.);
#1782=ADVANCED_FACE('',(#1168),#1240,.T.);
#1783=ADVANCED_FACE('',(#1169),#1241,.T.);
#1784=ADVANCED_FACE('',(#1170),#1242,.T.);
#1785=ADVANCED_FACE('',(#1171),#1243,.T.);
#1786=ADVANCED_FACE('',(#1172),#1244,.T.);
#1787=ADVANCED_FACE('',(#1173),#1245,.T.);
#1788=ADVANCED_FACE('',(#1174),#1246,.T.);
#1789=ADVANCED_FACE('',(#1175),#1247,.T.);
#1790=ADVANCED_FACE('',(#1176),#1248,.F.);
#1791=ADVANCED_FACE('',(#1177),#1249,.T.);
#1792=ADVANCED_FACE('',(#1178,#1179),#1250,.F.);
#1793=ADVANCED_FACE('',(#1180),#1251,.F.);
#1794=ADVANCED_FACE('',(#1181,#1182),#1252,.F.);
#1795=ADVANCED_FACE('',(#1183),#1253,.F.);
#1796=ADVANCED_FACE('',(#1184),#1254,.T.);
#1797=ADVANCED_FACE('',(#1185),#1255,.F.);
#1798=ADVANCED_FACE('',(#1186,#1187),#25,.T.);
#1799=ADVANCED_FACE('',(#1188,#1189),#20,.T.);
#1800=ADVANCED_FACE('',(#1190),#1256,.T.);
#1801=ADVANCED_FACE('',(#1191),#1257,.T.);
#1802=ADVANCED_FACE('',(#1192),#1258,.F.);
#1803=ADVANCED_FACE('',(#1193),#1259,.F.);
#1804=ADVANCED_FACE('',(#1194),#1260,.F.);
#1805=ADVANCED_FACE('',(#1195),#1261,.F.);
#1806=ADVANCED_FACE('',(#1196),#1262,.F.);
#1807=ADVANCED_FACE('',(#1197),#1263,.T.);
#1808=ADVANCED_FACE('',(#1198),#1264,.T.);
#1809=ADVANCED_FACE('',(#1199),#1265,.T.);
#1810=ADVANCED_FACE('',(#1200),#1266,.F.);
#1811=ADVANCED_FACE('',(#1201),#1267,.F.);
#1812=ADVANCED_FACE('',(#1202),#1268,.F.);
#1813=ADVANCED_FACE('',(#1203),#21,.F.);
#1814=ADVANCED_FACE('',(#1204),#1269,.F.);
#1815=ADVANCED_FACE('',(#1205),#1270,.F.);
#1816=ADVANCED_FACE('',(#1206),#1271,.F.);
#1817=ADVANCED_FACE('',(#1207),#1272,.F.);
#1818=ADVANCED_FACE('',(#1208),#1273,.F.);
#1819=ADVANCED_FACE('',(#1209),#22,.F.);
#1820=ADVANCED_FACE('',(#1210),#1274,.F.);
#1821=ADVANCED_FACE('',(#1211),#23,.F.);
#1822=ADVANCED_FACE('',(#1212),#1275,.F.);
#1823=ADVANCED_FACE('',(#1213),#1276,.F.);
#1824=ADVANCED_FACE('',(#1214),#1277,.F.);
#1825=ADVANCED_FACE('',(#1215),#1278,.F.);
#1826=ADVANCED_FACE('',(#1216),#1279,.F.);
#1827=ADVANCED_FACE('',(#1217),#24,.F.);
#1828=ADVANCED_FACE('',(#1218),#1280,.F.);
#1829=ADVANCED_FACE('',(#1219),#1281,.F.);
#1830=ADVANCED_FACE('',(#1220),#1282,.T.);
#1831=ADVANCED_FACE('',(#1221),#1283,.T.);
#1832=ADVANCED_FACE('',(#1222),#1284,.T.);
#1833=ADVANCED_FACE('',(#1223),#1285,.F.);
#1834=ADVANCED_FACE('',(#1224),#1286,.T.);
#1835=ADVANCED_FACE('',(#1225),#1287,.F.);
#1836=ADVANCED_FACE('',(#1226),#1288,.F.);
#1837=ADVANCED_FACE('',(#1227),#1289,.F.);
#1838=ADVANCED_FACE('',(#1228),#1290,.F.);
#1839=ADVANCED_FACE('',(#1229),#1291,.F.);
#1840=ADVANCED_FACE('',(#1230),#1292,.F.);
#1841=CLOSED_SHELL('',(#1773,#1774,#1775,#1776,#1777,#1778,#1779,#1780,
#1781,#1782,#1783,#1784,#1785,#1786,#1787,#1788,#1789,#1790,#1791,#1792,
#1793,#1794,#1795,#1796,#1797,#1798,#1799,#1800,#1801,#1802,#1803,#1804,
#1805,#1806,#1807,#1808,#1809,#1810,#1811,#1812,#1813,#1814,#1815,#1816,
#1817,#1818,#1819,#1820,#1821,#1822,#1823,#1824,#1825,#1826,#1827,#1828,
#1829,#1830,#1831,#1832,#1833,#1834,#1835,#1836,#1837,#1838,#1839,#1840));
#1842=MANIFOLD_SOLID_BREP('',#1841);
#1843=SHAPE_DEFINITION_REPRESENTATION(#2654,#1844);
#1844=SHAPE_REPRESENTATION('STI-055A12AX',(#1845),#2649);
#1845=AXIS2_PLACEMENT_3D('',#2263,#1925,#1926);
#1846=AXIS2_PLACEMENT_3D('',#2264,#1927,#1928);
#1847=AXIS2_PLACEMENT_3D('',#2273,#1933,#1934);
#1848=AXIS2_PLACEMENT_3D('',#2282,#1939,#1940);
#1849=AXIS2_PLACEMENT_3D('',#2304,#1952,#1953);
#1850=AXIS2_PLACEMENT_3D('',#2313,#1958,#1959);
#1851=AXIS2_PLACEMENT_3D('',#2322,#1964,#1965);
#1852=AXIS2_PLACEMENT_3D('',#2323,#1966,#1967);
#1853=AXIS2_PLACEMENT_3D('',#2334,#1973,#1974);
#1854=AXIS2_PLACEMENT_3D('',#2348,#1981,#1982);
#1855=AXIS2_PLACEMENT_3D('',#2349,#1983,#1984);
#1856=AXIS2_PLACEMENT_3D('',#2355,#1988,#1989);
#1857=AXIS2_PLACEMENT_3D('',#2374,#2000,#2001);
#1858=AXIS2_PLACEMENT_3D('',#2393,#2012,#2013);
#1859=AXIS2_PLACEMENT_3D('',#2409,#2023,#2024);
#1860=AXIS2_PLACEMENT_3D('',#2415,#2028,#2029);
#1861=AXIS2_PLACEMENT_3D('',#2421,#2033,#2034);
#1862=AXIS2_PLACEMENT_3D('',#2427,#2038,#2039);
#1863=AXIS2_PLACEMENT_3D('',#2436,#2044,#2045);
#1864=AXIS2_PLACEMENT_3D('',#2442,#2049,#2050);
#1865=AXIS2_PLACEMENT_3D('',#2445,#2053,#2054);
#1866=AXIS2_PLACEMENT_3D('',#2447,#2056,#2057);
#1867=AXIS2_PLACEMENT_3D('',#2449,#2059,#2060);
#1868=AXIS2_PLACEMENT_3D('',#2458,#2065,#2066);
#1869=AXIS2_PLACEMENT_3D('',#2464,#2070,#2071);
#1870=AXIS2_PLACEMENT_3D('',#2465,#2072,#2073);
#1871=AXIS2_PLACEMENT_3D('',#2472,#2077,#2078);
#1872=AXIS2_PLACEMENT_3D('',#2475,#2081,#2082);
#1873=AXIS2_PLACEMENT_3D('',#2476,#2083,#2084);
#1874=AXIS2_PLACEMENT_3D('',#2477,#2085,#2086);
#1875=AXIS2_PLACEMENT_3D('',#2478,#2087,#2088);
#1876=AXIS2_PLACEMENT_3D('',#2480,#2089,#2090);
#1877=AXIS2_PLACEMENT_3D('',#2482,#2091,#2092);
#1878=AXIS2_PLACEMENT_3D('',#2483,#2093,#2094);
#1879=AXIS2_PLACEMENT_3D('',#2484,#2095,#2096);
#1880=AXIS2_PLACEMENT_3D('',#2488,#2099,#2100);
#1881=AXIS2_PLACEMENT_3D('',#2496,#2105,#2106);
#1882=AXIS2_PLACEMENT_3D('',#2501,#2109,#2110);
#1883=AXIS2_PLACEMENT_3D('',#2506,#2113,#2114);
#1884=AXIS2_PLACEMENT_3D('',#2510,#2117,#2118);
#1885=AXIS2_PLACEMENT_3D('',#2513,#2120,#2121);
#1886=AXIS2_PLACEMENT_3D('',#2525,#2127,#2128);
#1887=AXIS2_PLACEMENT_3D('',#2529,#2131,#2132);
#1888=AXIS2_PLACEMENT_3D('',#2534,#2136,#2137);
#1889=AXIS2_PLACEMENT_3D('',#2537,#2139,#2140);
#1890=AXIS2_PLACEMENT_3D('',#2542,#2143,#2144);
#1891=AXIS2_PLACEMENT_3D('',#2550,#2149,#2150);
#1892=AXIS2_PLACEMENT_3D('',#2562,#2156,#2157);
#1893=AXIS2_PLACEMENT_3D('',#2563,#2158,#2159);
#1894=AXIS2_PLACEMENT_3D('',#2565,#2161,#2162);
#1895=AXIS2_PLACEMENT_3D('',#2571,#2166,#2167);
#1896=AXIS2_PLACEMENT_3D('',#2573,#2169,#2170);
#1897=AXIS2_PLACEMENT_3D('',#2575,#2172,#2173);
#1898=AXIS2_PLACEMENT_3D('',#2577,#2175,#2176);
#1899=AXIS2_PLACEMENT_3D('',#2579,#2178,#2179);
#1900=AXIS2_PLACEMENT_3D('',#2581,#2181,#2182);
#1901=AXIS2_PLACEMENT_3D('',#2583,#2184,#2185);
#1902=AXIS2_PLACEMENT_3D('',#2585,#2187,#2188);
#1903=AXIS2_PLACEMENT_3D('',#2587,#2190,#2191);
#1904=AXIS2_PLACEMENT_3D('',#2588,#2192,#2193);
#1905=AXIS2_PLACEMENT_3D('',#2590,#2195,#2196);
#1906=AXIS2_PLACEMENT_3D('',#2592,#2198,#2199);
#1907=AXIS2_PLACEMENT_3D('',#2594,#2201,#2202);
#1908=AXIS2_PLACEMENT_3D('',#2598,#2205,#2206);
#1909=AXIS2_PLACEMENT_3D('',#2602,#2209,#2210);
#1910=AXIS2_PLACEMENT_3D('',#2605,#2213,#2214);
#1911=AXIS2_PLACEMENT_3D('',#2607,#2216,#2217);
#1912=AXIS2_PLACEMENT_3D('',#2609,#2219,#2220);
#1913=AXIS2_PLACEMENT_3D('',#2610,#2221,#2222);
#1914=AXIS2_PLACEMENT_3D('',#2611,#2223,#2224);
#1915=AXIS2_PLACEMENT_3D('',#2613,#2226,#2227);
#1916=AXIS2_PLACEMENT_3D('',#2631,#2237,#2238);
#1917=AXIS2_PLACEMENT_3D('',#2634,#2241,#2242);
#1918=AXIS2_PLACEMENT_3D('',#2636,#2244,#2245);
#1919=AXIS2_PLACEMENT_3D('',#2638,#2247,#2248);
#1920=AXIS2_PLACEMENT_3D('',#2640,#2250,#2251);
#1921=AXIS2_PLACEMENT_3D('',#2642,#2253,#2254);
#1922=AXIS2_PLACEMENT_3D('',#2643,#2255,#2256);
#1923=AXIS2_PLACEMENT_3D('',#2645,#2258,#2259);
#1924=AXIS2_PLACEMENT_3D('',#2647,#2261,#2262);
#1925=DIRECTION('',(0.,0.,1.));
#1926=DIRECTION('',(1.,0.,0.));
#1927=DIRECTION('',(0.,1.,0.));
#1928=DIRECTION('',(0.,0.,1.));
#1929=DIRECTION('',(0.,0.,-1.));
#1930=DIRECTION('',(1.,0.,-1.19732152575048E-16));
#1931=DIRECTION('',(0.,0.,1.));
#1932=DIRECTION('',(-1.,0.,0.));
#1933=DIRECTION('',(0.,1.,0.));
#1934=DIRECTION('',(0.,0.,1.));
#1935=DIRECTION('',(1.,0.,-1.19732152575048E-16));
#1936=DIRECTION('',(0.,0.,-1.));
#1937=DIRECTION('',(-1.,0.,0.));
#1938=DIRECTION('',(0.,0.,1.));
#1939=DIRECTION('',(-1.19732152575048E-16,0.,-1.));
#1940=DIRECTION('',(-1.,0.,1.19732152575048E-16));
#1941=DIRECTION('',(0.,1.,0.));
#1942=DIRECTION('',(0.,1.,0.));
#1943=DIRECTION('',(1.,0.,0.));
#1944=DIRECTION('',(0.,-1.,0.));
#1945=DIRECTION('',(1.,0.,-1.19732152575048E-16));
#1946=DIRECTION('',(0.,-1.,0.));
#1947=DIRECTION('',(1.,0.,-1.19732152575048E-16));
#1948=DIRECTION('',(0.,1.,0.));
#1949=DIRECTION('',(-1.,0.,-1.19732152575048E-16));
#1950=DIRECTION('',(0.,1.,0.));
#1951=DIRECTION('',(-1.,0.,1.19732152575048E-16));
#1952=DIRECTION('',(1.,0.,0.));
#1953=DIRECTION('',(0.,0.,-1.));
#1954=DIRECTION('',(0.,0.,1.));
#1955=DIRECTION('',(0.,1.,0.));
#1956=DIRECTION('',(0.,0.,-1.));
#1957=DIRECTION('',(0.,1.,0.));
#1958=DIRECTION('',(1.,0.,0.));
#1959=DIRECTION('',(0.,0.,-1.));
#1960=DIRECTION('',(0.,1.,0.));
#1961=DIRECTION('',(0.,0.,1.));
#1962=DIRECTION('',(0.,1.,0.));
#1963=DIRECTION('',(0.,0.,-1.));
#1964=DIRECTION('',(0.,0.,-1.));
#1965=DIRECTION('',(-1.,0.,0.));
#1966=DIRECTION('',(0.,0.,-1.));
#1967=DIRECTION('',(-1.,0.,0.));
#1968=DIRECTION('',(-1.,0.,0.));
#1969=DIRECTION('',(-1.,0.,0.));
#1970=DIRECTION('',(0.,-1.,0.));
#1971=DIRECTION('',(-1.,0.,0.));
#1972=DIRECTION('',(0.,-1.,0.));
#1973=DIRECTION('',(0.,0.,1.));
#1974=DIRECTION('',(1.,0.,0.));
#1975=DIRECTION('',(-1.,0.,0.));
#1976=DIRECTION('',(0.,1.,0.));
#1977=DIRECTION('',(1.,0.,0.));
#1978=DIRECTION('',(0.,-1.,0.));
#1979=DIRECTION('',(-1.,5.3754799203297E-16,0.));
#1980=DIRECTION('',(0.,-1.,0.));
#1981=DIRECTION('',(0.,0.,1.));
#1982=DIRECTION('',(1.,0.,0.));
#1983=DIRECTION('',(1.,0.,0.));
#1984=DIRECTION('',(0.,0.,-1.));
#1985=DIRECTION('',(0.,0.,1.));
#1986=DIRECTION('',(0.,1.,0.));
#1987=DIRECTION('',(0.,0.,-1.));
#1988=DIRECTION('',(1.,0.,0.));
#1989=DIRECTION('',(0.,0.,-1.));
#1990=DIRECTION('',(0.,-1.,0.));
#1991=DIRECTION('',(0.,0.,1.));
#1992=DIRECTION('',(0.,-1.,0.));
#1993=DIRECTION('',(0.,0.,1.));
#1994=DIRECTION('',(0.,0.,1.));
#1995=DIRECTION('',(0.,1.,0.));
#1996=DIRECTION('',(0.,0.,-1.));
#1997=DIRECTION('',(0.,1.,0.));
#1998=DIRECTION('',(0.,0.,-1.));
#1999=DIRECTION('',(0.,0.,1.));
#2000=DIRECTION('',(-1.19732152575048E-16,0.,-1.));
#2001=DIRECTION('',(-1.,0.,1.19732152575048E-16));
#2002=DIRECTION('',(0.,1.,0.));
#2003=DIRECTION('',(-1.,0.,1.19732152575048E-16));
#2004=DIRECTION('',(0.,1.,0.));
#2005=DIRECTION('',(-1.,0.,1.19732152575048E-16));
#2006=DIRECTION('',(1.,0.,-1.19732152575048E-16));
#2007=DIRECTION('',(0.,-1.,0.));
#2008=DIRECTION('',(1.,0.,-1.19732152575048E-16));
#2009=DIRECTION('',(0.,-1.,0.));
#2010=DIRECTION('',(-1.,0.,0.));
#2011=DIRECTION('',(0.,1.,0.));
#2012=DIRECTION('',(-1.,0.,0.));
#2013=DIRECTION('',(0.,0.,1.));
#2014=DIRECTION('',(0.,-1.,0.));
#2015=DIRECTION('',(0.,0.,1.));
#2016=DIRECTION('',(0.,1.,0.));
#2017=DIRECTION('',(0.,0.,1.));
#2018=DIRECTION('',(0.,0.,1.));
#2019=DIRECTION('',(0.,0.,1.));
#2020=DIRECTION('',(0.,1.,0.));
#2021=DIRECTION('',(0.,0.,1.));
#2022=DIRECTION('',(0.,0.,1.));
#2023=DIRECTION('',(-0.707106781186547,0.,0.707106781186548));
#2024=DIRECTION('',(0.707106781186548,0.,0.707106781186547));
#2025=DIRECTION('',(0.707106781186548,0.,0.707106781186547));
#2026=DIRECTION('',(0.707106781186548,0.,0.707106781186547));
#2027=DIRECTION('',(0.,1.,0.));
#2028=DIRECTION('',(0.,0.,1.));
#2029=DIRECTION('',(1.,0.,0.));
#2030=DIRECTION('',(1.,0.,0.));
#2031=DIRECTION('',(1.,0.,0.));
#2032=DIRECTION('',(0.,1.,0.));
#2033=DIRECTION('',(-1.,0.,0.));
#2034=DIRECTION('',(0.,0.,1.));
#2035=DIRECTION('',(0.,0.,1.));
#2036=DIRECTION('',(0.,0.,1.));
#2037=DIRECTION('',(0.,1.,0.));
#2038=DIRECTION('',(1.,0.,0.));
#2039=DIRECTION('',(0.,0.,-1.));
#2040=DIRECTION('',(0.,0.,-1.));
#2041=DIRECTION('',(0.,1.,0.));
#2042=DIRECTION('',(0.,0.,-1.));
#2043=DIRECTION('',(0.,1.,0.));
#2044=DIRECTION('',(0.,0.,1.));
#2045=DIRECTION('',(1.,0.,0.));
#2046=DIRECTION('',(1.,0.,0.));
#2047=DIRECTION('',(1.,0.,0.));
#2048=DIRECTION('',(0.,1.,0.));
#2049=DIRECTION('',(0.707106781186547,0.,0.707106781186548));
#2050=DIRECTION('',(0.707106781186548,0.,-0.707106781186547));
#2051=DIRECTION('',(0.707106781186548,0.,-0.707106781186547));
#2052=DIRECTION('',(0.707106781186548,0.,-0.707106781186547));
#2053=DIRECTION('',(0.,1.,0.));
#2054=DIRECTION('',(0.,0.,1.));
#2055=DIRECTION('',(1.,0.,-1.10028813976603E-16));
#2056=DIRECTION('',(0.,1.,0.));
#2057=DIRECTION('',(0.,0.,1.));
#2058=DIRECTION('',(1.,0.,1.10028813976603E-16));
#2059=DIRECTION('',(0.,0.,1.));
#2060=DIRECTION('',(1.,0.,0.));
#2061=DIRECTION('',(1.,0.,0.));
#2062=DIRECTION('',(0.,1.,0.));
#2063=DIRECTION('',(1.,0.,0.));
#2064=DIRECTION('',(0.,1.,0.));
#2065=DIRECTION('',(-1.,0.,0.));
#2066=DIRECTION('',(0.,0.,1.));
#2067=DIRECTION('',(0.,0.,1.));
#2068=DIRECTION('',(0.,1.,0.));
#2069=DIRECTION('',(0.,0.,1.));
#2070=DIRECTION('',(1.30183990728118E-16,0.,-1.));
#2071=DIRECTION('',(-1.,0.,-1.30183990728118E-16));
#2072=DIRECTION('',(0.,0.,1.));
#2073=DIRECTION('',(1.,0.,0.));
#2074=DIRECTION('',(-1.,0.,-1.30183990728118E-16));
#2075=DIRECTION('',(0.,1.,0.));
#2076=DIRECTION('',(-1.,0.,-1.30183990728118E-16));
#2077=DIRECTION('',(1.,0.,0.));
#2078=DIRECTION('',(0.,0.,-1.));
#2079=DIRECTION('',(0.,0.,-1.));
#2080=DIRECTION('',(0.,0.,-1.));
#2081=DIRECTION('',(0.,-1.,0.));
#2082=DIRECTION('',(0.,0.,-1.));
#2083=DIRECTION('',(0.,-1.,0.));
#2084=DIRECTION('',(0.,0.,-1.));
#2085=DIRECTION('',(0.,0.,-1.));
#2086=DIRECTION('',(-1.,0.,0.));
#2087=DIRECTION('',(0.,0.,1.));
#2088=DIRECTION('',(1.,0.,0.));
#2089=DIRECTION('',(0.,0.,1.));
#2090=DIRECTION('',(1.,0.,0.));
#2091=DIRECTION('',(0.,0.,1.));
#2092=DIRECTION('',(1.,0.,0.));
#2093=DIRECTION('',(0.,0.,1.));
#2094=DIRECTION('',(1.,0.,0.));
#2095=DIRECTION('',(0.,-1.,0.));
#2096=DIRECTION('',(0.,0.,-1.));
#2097=DIRECTION('',(0.,0.,1.));
#2098=DIRECTION('',(1.,0.,0.));
#2099=DIRECTION('',(0.,-1.,0.));
#2100=DIRECTION('',(0.,0.,-1.));
#2101=DIRECTION('',(0.,0.,1.));
#2102=DIRECTION('',(1.,0.,0.));
#2103=DIRECTION('',(0.,0.,-1.));
#2104=DIRECTION('',(-1.,0.,0.));
#2105=DIRECTION('',(0.,0.,-1.));
#2106=DIRECTION('',(-1.,0.,0.));
#2107=DIRECTION('',(0.,1.,0.));
#2108=DIRECTION('',(1.,0.,0.));
#2109=DIRECTION('',(0.,0.,-1.));
#2110=DIRECTION('',(-1.,0.,0.));
#2111=DIRECTION('',(0.,-1.,0.));
#2112=DIRECTION('',(1.,5.3754799203297E-16,0.));
#2113=DIRECTION('',(1.,0.,0.));
#2114=DIRECTION('',(0.,0.,-1.));
#2115=DIRECTION('',(0.,0.,1.));
#2116=DIRECTION('',(0.,1.,0.));
#2117=DIRECTION('',(0.,0.,1.));
#2118=DIRECTION('',(1.,0.,0.));
#2119=DIRECTION('',(1.,0.,0.));
#2120=DIRECTION('',(0.,0.,1.));
#2121=DIRECTION('',(1.,0.,0.));
#2122=DIRECTION('',(0.,1.,0.));
#2123=DIRECTION('',(1.,-3.86515986580121E-16,0.));
#2124=DIRECTION('',(0.,1.,0.));
#2125=DIRECTION('',(-1.,-3.86515986580121E-16,0.));
#2126=DIRECTION('',(0.,1.,0.));
#2127=DIRECTION('',(0.,0.,1.));
#2128=DIRECTION('',(1.,0.,0.));
#2129=DIRECTION('',(-1.,0.,0.));
#2130=DIRECTION('',(0.,1.,0.));
#2131=DIRECTION('',(0.,1.,0.));
#2132=DIRECTION('',(0.,0.,1.));
#2133=DIRECTION('',(0.,0.,-1.));
#2134=DIRECTION('',(-1.,0.,0.));
#2135=DIRECTION('',(1.,0.,0.));
#2136=DIRECTION('',(0.,0.,1.));
#2137=DIRECTION('',(1.,0.,0.));
#2138=DIRECTION('',(1.,0.,0.));
#2139=DIRECTION('',(0.,0.,1.));
#2140=DIRECTION('',(1.,0.,0.));
#2141=DIRECTION('',(0.,-1.,0.));
#2142=DIRECTION('',(1.,0.,0.));
#2143=DIRECTION('',(0.,0.,-1.));
#2144=DIRECTION('',(-1.,0.,0.));
#2145=DIRECTION('',(-1.,0.,0.));
#2146=DIRECTION('',(0.,1.,0.));
#2147=DIRECTION('',(-1.,0.,0.));
#2148=DIRECTION('',(1.,0.,0.));
#2149=DIRECTION('',(0.,0.,-1.));
#2150=DIRECTION('',(-1.,0.,0.));
#2151=DIRECTION('',(0.,1.,0.));
#2152=DIRECTION('',(1.,-3.86515986580121E-16,0.));
#2153=DIRECTION('',(0.,1.,0.));
#2154=DIRECTION('',(-1.,-3.86515986580121E-16,0.));
#2155=DIRECTION('',(0.,1.,0.));
#2156=DIRECTION('',(0.,0.,-1.));
#2157=DIRECTION('',(-1.,0.,0.));
#2158=DIRECTION('',(0.,1.,0.));
#2159=DIRECTION('',(0.,0.,1.));
#2160=DIRECTION('',(0.,0.,1.));
#2161=DIRECTION('',(0.,0.,1.));
#2162=DIRECTION('',(1.,0.,0.));
#2163=DIRECTION('',(-1.,3.86515986580121E-16,0.));
#2164=DIRECTION('',(1.,3.86515986580121E-16,0.));
#2165=DIRECTION('',(0.,-1.,0.));
#2166=DIRECTION('',(0.,-1.,0.));
#2167=DIRECTION('',(0.,0.,-1.));
#2168=DIRECTION('',(0.,0.,1.));
#2169=DIRECTION('',(0.,1.,0.));
#2170=DIRECTION('',(0.,0.,1.));
#2171=DIRECTION('',(0.,0.,1.));
#2172=DIRECTION('',(0.,0.,1.));
#2173=DIRECTION('',(1.,0.,0.));
#2174=DIRECTION('',(0.,0.,1.));
#2175=DIRECTION('',(-1.,0.,0.));
#2176=DIRECTION('',(0.,0.,1.));
#2177=DIRECTION('',(0.,0.,1.));
#2178=DIRECTION('',(3.86515986580121E-16,1.,0.));
#2179=DIRECTION('',(-1.,3.86515986580121E-16,0.));
#2180=DIRECTION('',(0.,0.,1.));
#2181=DIRECTION('',(-1.,0.,0.));
#2182=DIRECTION('',(0.,0.,1.));
#2183=DIRECTION('',(0.,0.,1.));
#2184=DIRECTION('',(3.86515986580121E-16,-1.,0.));
#2185=DIRECTION('',(1.,3.86515986580121E-16,0.));
#2186=DIRECTION('',(0.,0.,1.));
#2187=DIRECTION('',(-1.,0.,0.));
#2188=DIRECTION('',(0.,0.,1.));
#2189=DIRECTION('',(0.,0.,1.));
#2190=DIRECTION('',(0.,0.,1.));
#2191=DIRECTION('',(1.,0.,0.));
#2192=DIRECTION('',(0.,-1.,0.));
#2193=DIRECTION('',(0.,0.,-1.));
#2194=DIRECTION('',(0.,0.,1.));
#2195=DIRECTION('',(0.,0.,1.));
#2196=DIRECTION('',(1.,0.,0.));
#2197=DIRECTION('',(0.,0.,1.));
#2198=DIRECTION('',(1.,0.,0.));
#2199=DIRECTION('',(0.,0.,-1.));
#2200=DIRECTION('',(0.,0.,1.));
#2201=DIRECTION('',(-3.86515986580121E-16,-1.,0.));
#2202=DIRECTION('',(1.,-3.86515986580121E-16,0.));
#2203=DIRECTION('',(0.,0.,1.));
#2204=DIRECTION('',(1.,-3.86515986580121E-16,0.));
#2205=DIRECTION('',(1.,0.,0.));
#2206=DIRECTION('',(0.,0.,-1.));
#2207=DIRECTION('',(0.,1.,0.));
#2208=DIRECTION('',(0.,0.,1.));
#2209=DIRECTION('',(-3.86515986580121E-16,1.,0.));
#2210=DIRECTION('',(-1.,-3.86515986580121E-16,0.));
#2211=DIRECTION('',(-1.,-3.86515986580121E-16,0.));
#2212=DIRECTION('',(0.,0.,1.));
#2213=DIRECTION('',(1.,0.,0.));
#2214=DIRECTION('',(0.,0.,-1.));
#2215=DIRECTION('',(0.,0.,1.));
#2216=DIRECTION('',(0.,0.,1.));
#2217=DIRECTION('',(1.,0.,0.));
#2218=DIRECTION('',(0.,0.,1.));
#2219=DIRECTION('',(0.,1.,0.));
#2220=DIRECTION('',(0.,0.,1.));
#2221=DIRECTION('',(0.,0.,1.));
#2222=DIRECTION('',(1.,0.,0.));
#2223=DIRECTION('',(-1.,0.,0.));
#2224=DIRECTION('',(0.,0.,1.));
#2225=DIRECTION('',(0.,1.,0.));
#2226=DIRECTION('',(0.,0.,-1.));
#2227=DIRECTION('',(-1.,0.,0.));
#2228=DIRECTION('',(0.,-1.,0.));
#2229=DIRECTION('',(-1.,0.,0.));
#2230=DIRECTION('',(0.,1.,0.));
#2231=DIRECTION('',(-1.,0.,0.));
#2232=DIRECTION('',(0.,-1.,0.));
#2233=DIRECTION('',(1.,0.,0.));
#2234=DIRECTION('',(0.,1.,0.));
#2235=DIRECTION('',(0.,1.,0.));
#2236=DIRECTION('',(-1.,0.,0.));
#2237=DIRECTION('',(1.,0.,0.));
#2238=DIRECTION('',(0.,0.,-1.));
#2239=DIRECTION('',(0.,0.,-1.));
#2240=DIRECTION('',(0.,0.,-1.));
#2241=DIRECTION('',(0.,1.,0.));
#2242=DIRECTION('',(0.,0.,1.));
#2243=DIRECTION('',(0.,0.,-1.));
#2244=DIRECTION('',(0.,1.,0.));
#2245=DIRECTION('',(0.,0.,1.));
#2246=DIRECTION('',(0.,0.,-1.));
#2247=DIRECTION('',(-1.,0.,0.));
#2248=DIRECTION('',(0.,0.,1.));
#2249=DIRECTION('',(0.,0.,-1.));
#2250=DIRECTION('',(0.,1.,0.));
#2251=DIRECTION('',(0.,0.,1.));
#2252=DIRECTION('',(0.,0.,-1.));
#2253=DIRECTION('',(1.,0.,0.));
#2254=DIRECTION('',(0.,0.,-1.));
#2255=DIRECTION('',(1.,0.,0.));
#2256=DIRECTION('',(0.,0.,-1.));
#2257=DIRECTION('',(0.,0.,-1.));
#2258=DIRECTION('',(0.,-1.,0.));
#2259=DIRECTION('',(0.,0.,-1.));
#2260=DIRECTION('',(0.,0.,-1.));
#2261=DIRECTION('',(-1.,0.,0.));
#2262=DIRECTION('',(0.,0.,1.));
#2263=CARTESIAN_POINT('',(0.,0.,0.));
#2264=CARTESIAN_POINT('',(0.,-0.778109139850912,0.));
#2265=CARTESIAN_POINT('',(-0.60219015816125,-0.778109139850912,0.0345021632937906));
#2266=CARTESIAN_POINT('',(-0.60219015816125,-0.778109139850912,0.0345021632937906));
#2267=CARTESIAN_POINT('',(-0.60219015816125,-0.778109139850912,0.));
#2268=CARTESIAN_POINT('',(-1.24509411641384,-0.778109139850912,0.0345021632937909));
#2269=CARTESIAN_POINT('',(-1.,-0.778109139850912,0.0345021632937908));
#2270=CARTESIAN_POINT('',(-1.,-0.778109139850912,0.));
#2271=CARTESIAN_POINT('',(-1.,-0.778109139850912,0.));
#2272=CARTESIAN_POINT('',(-1.,-0.778109139850912,0.));
#2273=CARTESIAN_POINT('',(0.,0.778109139850912,0.));
#2274=CARTESIAN_POINT('',(-1.24509411641384,0.778109139850912,0.0345021632937909));
#2275=CARTESIAN_POINT('',(-1.,0.778109139850912,0.0345021632937908));
#2276=CARTESIAN_POINT('',(-0.60219015816125,0.778109139850912,0.0345021632937906));
#2277=CARTESIAN_POINT('',(-0.60219015816125,0.778109139850912,0.0345021632937906));
#2278=CARTESIAN_POINT('',(-0.60219015816125,0.778109139850912,0.));
#2279=CARTESIAN_POINT('',(-1.,0.778109139850912,0.));
#2280=CARTESIAN_POINT('',(-1.,0.778109139850912,0.));
#2281=CARTESIAN_POINT('',(-1.,0.778109139850912,0.));
#2282=CARTESIAN_POINT('',(-1.24509411641384,-0.8,0.0345021632937909));
#2283=CARTESIAN_POINT('',(-1.,-0.8,0.0345021632937908));
#2284=CARTESIAN_POINT('',(-1.,-0.546090664573451,0.0345021632937908));
#2285=CARTESIAN_POINT('',(-0.60219015816125,-0.778109139850912,0.0345021632937906));
#2286=CARTESIAN_POINT('',(-0.60219015816125,-0.724037848258103,0.0345021632937906));
#2287=CARTESIAN_POINT('',(-0.60219015816125,-0.724037848258103,0.0345021632937906));
#2288=CARTESIAN_POINT('',(0.60219015816125,-0.724037848258103,0.0345021632937906));
#2289=CARTESIAN_POINT('',(0.60219015816125,-0.778109139850912,0.0345021632937906));
#2290=CARTESIAN_POINT('',(0.60219015816125,-0.778109139850912,0.0345021632937906));
#2291=CARTESIAN_POINT('',(-1.24509411641384,-0.778109139850912,0.0345021632937909));
#2292=CARTESIAN_POINT('',(1.,-0.778109139850912,0.0345021632937906));
#2293=CARTESIAN_POINT('',(1.,-0.8,0.0345021632937906));
#2294=CARTESIAN_POINT('',(1.,-0.546090664573451,0.0345021632937906));
#2295=CARTESIAN_POINT('',(-1.24509411641384,-0.546090664573451,0.0345021632937909));
#2296=CARTESIAN_POINT('',(1.24509411641384,-0.546090664573451,0.0345021632937909));
#2297=CARTESIAN_POINT('',(1.24509411641384,-0.8,0.0345021632937909));
#2298=CARTESIAN_POINT('',(1.24509411641384,-0.8,0.0345021632937909));
#2299=CARTESIAN_POINT('',(1.24509411641384,-0.8,0.0345021632937909));
#2300=CARTESIAN_POINT('',(-1.24509411641384,-0.8,0.0345021632937909));
#2301=CARTESIAN_POINT('',(-1.24509411641384,-0.8,0.0345021632937909));
#2302=CARTESIAN_POINT('',(-1.24509411641384,-0.546090664573451,0.0345021632937909));
#2303=CARTESIAN_POINT('',(-1.24509411641384,-0.546090664573451,0.0345021632937909));
#2304=CARTESIAN_POINT('',(1.45,-0.546090664573451,0.0935422614534867));
#2305=CARTESIAN_POINT('',(1.45,-0.373198646279825,0.0254507017110137));
#2306=CARTESIAN_POINT('',(1.45,-0.373198646279825,0.0299764325024023));
#2307=CARTESIAN_POINT('',(1.45,-0.373198646279825,0.0935422614534867));
#2308=CARTESIAN_POINT('',(1.45,-0.546090664573451,0.0935422614534867));
#2309=CARTESIAN_POINT('',(1.45,-0.546090664573451,0.0935422614534867));
#2310=CARTESIAN_POINT('',(1.45,-0.546090664573451,0.0935422614534867));
#2311=CARTESIAN_POINT('',(1.45,-0.546090664573451,0.0299764325024023));
#2312=CARTESIAN_POINT('',(1.45,-0.546090664573451,0.0299764325024023));
#2313=CARTESIAN_POINT('',(-1.45,-0.546090664573451,0.0935422614534867));
#2314=CARTESIAN_POINT('',(-1.45,-0.546090664573451,0.0935422614534867));
#2315=CARTESIAN_POINT('',(-1.45,-0.546090664573451,0.0935422614534867));
#2316=CARTESIAN_POINT('',(-1.45,-0.373198646279825,0.0935422614534867));
#2317=CARTESIAN_POINT('',(-1.45,-0.373198646279825,0.0254507017110137));
#2318=CARTESIAN_POINT('',(-1.45,-0.373198646279825,0.0299764325024023));
#2319=CARTESIAN_POINT('',(-1.45,-0.546090664573451,0.0299764325024023));
#2320=CARTESIAN_POINT('',(-1.45,-0.546090664573451,0.0299764325024023));
#2321=CARTESIAN_POINT('',(-1.45,-0.546090664573451,0.0935422614534867));
#2322=CARTESIAN_POINT('',(-1.24509411641384,-0.546090664573451,0.0935422614534867));
#2323=CARTESIAN_POINT('',(-1.43865528916189,-0.280484485199068,0.0935422614534867));
#2324=CARTESIAN_POINT('',(-1.34594112808113,-0.280484485199068,0.0935422614534867));
#2325=CARTESIAN_POINT('',(-1.43865528916189,-0.373198646279825,0.0935422614534867));
#2326=CARTESIAN_POINT('',(-1.24509411641384,-0.373198646279825,0.0935422614534867));
#2327=CARTESIAN_POINT('',(-1.24509411641384,-0.546090664573451,0.0935422614534867));
#2328=CARTESIAN_POINT('',(-1.24509411641384,-0.546090664573451,0.0935422614534867));
#2329=CARTESIAN_POINT('',(-1.24509411641384,-0.8,0.0935422614534867));
#2330=CARTESIAN_POINT('',(-1.24509411641384,-0.19478346838537,0.0935422614534867));
#2331=CARTESIAN_POINT('',(-1.24509411641384,-0.19478346838537,0.0935422614534867));
#2332=CARTESIAN_POINT('',(-1.34594112808113,-0.19478346838537,0.0935422614534867));
#2333=CARTESIAN_POINT('',(-1.34594112808113,-0.546090664573451,0.0935422614534867));
#2334=CARTESIAN_POINT('',(1.24509411641384,-0.546090664573451,0.0935422614534867));
#2335=CARTESIAN_POINT('',(1.24509411641384,0.373198646279825,0.0935422614534867));
#2336=CARTESIAN_POINT('',(1.45,0.373198646279825,0.0935422614534867));
#2337=CARTESIAN_POINT('',(1.43865528916189,0.373198646279825,0.0935422614534867));
#2338=CARTESIAN_POINT('',(1.45,-0.546090664573451,0.0935422614534867));
#2339=CARTESIAN_POINT('',(1.45,0.546090664573451,0.0935422614534867));
#2340=CARTESIAN_POINT('',(1.24509411641384,0.546090664573451,0.0935422614534867));
#2341=CARTESIAN_POINT('',(1.24509411641384,0.546090664573451,0.0935422614534867));
#2342=CARTESIAN_POINT('',(1.24509411641384,-0.8,0.0935422614534867));
#2343=CARTESIAN_POINT('',(1.24509411641384,0.19478346838537,0.0935422614534867));
#2344=CARTESIAN_POINT('',(1.24509411641384,0.19478346838537,0.0935422614534867));
#2345=CARTESIAN_POINT('',(1.34594112808113,0.19478346838537,0.0935422614534867));
#2346=CARTESIAN_POINT('',(1.34594112808113,-0.546090664573451,0.0935422614534867));
#2347=CARTESIAN_POINT('',(1.34594112808113,0.280484485199068,0.0935422614534867));
#2348=CARTESIAN_POINT('',(1.43865528916189,0.280484485199068,0.0935422614534867));
#2349=CARTESIAN_POINT('',(1.45,-0.546090664573451,0.0935422614534867));
#2350=CARTESIAN_POINT('',(1.45,0.373198646279825,0.0254507017110137));
#2351=CARTESIAN_POINT('',(1.45,0.373198646279825,0.0299764325024023));
#2352=CARTESIAN_POINT('',(1.45,-0.546090664573451,0.0299764325024023));
#2353=CARTESIAN_POINT('',(1.45,0.546090664573451,0.0299764325024023));
#2354=CARTESIAN_POINT('',(1.45,0.546090664573451,0.0935422614534867));
#2355=CARTESIAN_POINT('',(1.24509411641384,-0.8,0.0345021632937909));
#2356=CARTESIAN_POINT('',(1.24509411641384,-0.8,0.0935422614534867));
#2357=CARTESIAN_POINT('',(1.24509411641384,-0.19478346838537,0.0935422614534867));
#2358=CARTESIAN_POINT('',(1.24509411641384,-0.546090664573451,0.0935422614534867));
#2359=CARTESIAN_POINT('',(1.24509411641384,-0.19478346838537,-0.0455555357170463));
#2360=CARTESIAN_POINT('',(1.24509411641384,-0.19478346838537,0.0345021632937909));
#2361=CARTESIAN_POINT('',(1.24509411641384,0.280484485199068,0.0345021632937909));
#2362=CARTESIAN_POINT('',(1.24509411641384,0.19478346838537,0.0345021632937909));
#2363=CARTESIAN_POINT('',(1.24509411641384,0.19478346838537,-0.0455555357170463));
#2364=CARTESIAN_POINT('',(1.24509411641384,0.546090664573451,0.0345021632937909));
#2365=CARTESIAN_POINT('',(1.24509411641384,0.546090664573451,0.0345021632937906));
#2366=CARTESIAN_POINT('',(1.24509411641384,-0.8,0.0345021632937909));
#2367=CARTESIAN_POINT('',(1.24509411641384,0.8,0.0345021632937909));
#2368=CARTESIAN_POINT('',(1.24509411641384,0.8,0.0345021632937909));
#2369=CARTESIAN_POINT('',(1.24509411641384,0.8,0.186040060600247));
#2370=CARTESIAN_POINT('',(1.24509411641384,-0.8,0.186040060600247));
#2371=CARTESIAN_POINT('',(1.24509411641384,-0.8,0.186040060600247));
#2372=CARTESIAN_POINT('',(1.24509411641384,-0.8,0.0345021632937909));
#2373=CARTESIAN_POINT('',(1.24509411641384,-0.546090664573451,0.0345021632937909));
#2374=CARTESIAN_POINT('',(-1.24509411641384,-0.8,0.0345021632937909));
#2375=CARTESIAN_POINT('',(-1.,-0.8,0.0345021632937908));
#2376=CARTESIAN_POINT('',(-1.,0.546090664573451,0.0345021632937908));
#2377=CARTESIAN_POINT('',(-1.24509411641384,0.546090664573451,0.0345021632937909));
#2378=CARTESIAN_POINT('',(-1.24509411641384,0.546090664573451,0.0345021632937909));
#2379=CARTESIAN_POINT('',(-1.24509411641384,-0.8,0.0345021632937909));
#2380=CARTESIAN_POINT('',(-1.24509411641384,0.8,0.0345021632937909));
#2381=CARTESIAN_POINT('',(-1.24509411641384,0.8,0.0345021632937909));
#2382=CARTESIAN_POINT('',(-1.24509411641384,0.546090664573451,0.0345021632937909));
#2383=CARTESIAN_POINT('',(1.,0.546090664573451,0.0345021632937906));
#2384=CARTESIAN_POINT('',(1.,-0.8,0.0345021632937906));
#2385=CARTESIAN_POINT('',(1.,0.778109139850912,0.0345021632937907));
#2386=CARTESIAN_POINT('',(-1.24509411641384,0.778109139850912,0.0345021632937909));
#2387=CARTESIAN_POINT('',(0.60219015816125,0.778109139850912,0.0345021632937906));
#2388=CARTESIAN_POINT('',(0.60219015816125,0.778109139850912,0.0345021632937906));
#2389=CARTESIAN_POINT('',(0.60219015816125,0.724037848258103,0.0345021632937906));
#2390=CARTESIAN_POINT('',(-0.60219015816125,0.724037848258103,0.0345021632937906));
#2391=CARTESIAN_POINT('',(-0.60219015816125,0.724037848258103,0.0345021632937906));
#2392=CARTESIAN_POINT('',(-0.60219015816125,0.778109139850912,0.0345021632937906));
#2393=CARTESIAN_POINT('',(-1.24509411641384,-0.8,0.0345021632937909));
#2394=CARTESIAN_POINT('',(-1.24509411641384,-0.8,0.0935422614534867));
#2395=CARTESIAN_POINT('',(-1.24509411641384,0.546090664573451,0.0935422614534867));
#2396=CARTESIAN_POINT('',(-1.24509411641384,0.19478346838537,0.0935422614534867));
#2397=CARTESIAN_POINT('',(-1.24509411641384,0.19478346838537,-0.0455555357170463));
#2398=CARTESIAN_POINT('',(-1.24509411641384,0.19478346838537,0.0345021632937909));
#2399=CARTESIAN_POINT('',(-1.24509411641384,-0.280484485199068,0.0345021632937909));
#2400=CARTESIAN_POINT('',(-1.24509411641384,-0.19478346838537,0.0345021632937909));
#2401=CARTESIAN_POINT('',(-1.24509411641384,-0.19478346838537,-0.0455555357170463));
#2402=CARTESIAN_POINT('',(-1.24509411641384,-0.546090664573451,0.0345021632937909));
#2403=CARTESIAN_POINT('',(-1.24509411641384,-0.8,0.0345021632937909));
#2404=CARTESIAN_POINT('',(-1.24509411641384,-0.8,0.186040060600247));
#2405=CARTESIAN_POINT('',(-1.24509411641384,-0.8,0.186040060600247));
#2406=CARTESIAN_POINT('',(-1.24509411641384,0.8,0.186040060600247));
#2407=CARTESIAN_POINT('',(-1.24509411641384,0.8,0.0345021632937909));
#2408=CARTESIAN_POINT('',(-1.24509411641384,0.546090664573451,0.0345021632937909));
#2409=CARTESIAN_POINT('',(-1.24509411641384,-0.8,0.186040060600247));
#2410=CARTESIAN_POINT('',(-1.24509411641384,0.8,0.186040060600247));
#2411=CARTESIAN_POINT('',(-1.20568791603698,0.8,0.225446260977109));
#2412=CARTESIAN_POINT('',(-1.24509411641384,-0.8,0.186040060600247));
#2413=CARTESIAN_POINT('',(-1.20568791603698,-0.8,0.225446260977109));
#2414=CARTESIAN_POINT('',(-1.20568791603698,-0.8,0.225446260977109));
#2415=CARTESIAN_POINT('',(-1.20568791603698,-0.8,0.225446260977109));
#2416=CARTESIAN_POINT('',(-1.20568791603698,0.8,0.225446260977109));
#2417=CARTESIAN_POINT('',(-0.985380222962375,0.8,0.225446260977109));
#2418=CARTESIAN_POINT('',(-1.20568791603698,-0.8,0.225446260977109));
#2419=CARTESIAN_POINT('',(-0.985380222962375,-0.8,0.225446260977109));
#2420=CARTESIAN_POINT('',(-0.985380222962375,-0.8,0.225446260977109));
#2421=CARTESIAN_POINT('',(-0.985380222962375,-0.8,0.225446260977109));
#2422=CARTESIAN_POINT('',(-0.985380222962375,0.8,0.225446260977109));
#2423=CARTESIAN_POINT('',(-0.985380222962375,0.8,0.324298141143669));
#2424=CARTESIAN_POINT('',(-0.985380222962375,-0.8,0.225446260977109));
#2425=CARTESIAN_POINT('',(-0.985380222962375,-0.8,0.324298141143669));
#2426=CARTESIAN_POINT('',(-0.985380222962375,-0.8,0.324298141143669));
#2427=CARTESIAN_POINT('',(0.985380222962375,-0.8,0.225446260977109));
#2428=CARTESIAN_POINT('',(0.985380222962375,0.8,0.225446260977109));
#2429=CARTESIAN_POINT('',(0.985380222962375,0.8,0.324298141143669));
#2430=CARTESIAN_POINT('',(0.985380222962375,0.8,0.225446260977109));
#2431=CARTESIAN_POINT('',(0.985380222962375,-0.8,0.324298141143669));
#2432=CARTESIAN_POINT('',(0.985380222962375,-0.8,0.324298141143669));
#2433=CARTESIAN_POINT('',(0.985380222962375,-0.8,0.225446260977109));
#2434=CARTESIAN_POINT('',(0.985380222962375,-0.8,0.225446260977109));
#2435=CARTESIAN_POINT('',(0.985380222962375,-0.8,0.225446260977109));
#2436=CARTESIAN_POINT('',(1.20568791603698,-0.8,0.225446260977109));
#2437=CARTESIAN_POINT('',(1.20568791603698,0.8,0.225446260977109));
#2438=CARTESIAN_POINT('',(1.20568791603698,0.8,0.225446260977109));
#2439=CARTESIAN_POINT('',(1.20568791603698,-0.8,0.225446260977109));
#2440=CARTESIAN_POINT('',(1.20568791603698,-0.8,0.225446260977109));
#2441=CARTESIAN_POINT('',(1.20568791603698,-0.8,0.225446260977109));
#2442=CARTESIAN_POINT('',(1.24509411641384,-0.8,0.186040060600247));
#2443=CARTESIAN_POINT('',(1.24509411641384,0.8,0.186040060600247));
#2444=CARTESIAN_POINT('',(1.24509411641384,-0.8,0.186040060600247));
#2445=CARTESIAN_POINT('',(0.,-0.8,0.));
#2446=CARTESIAN_POINT('',(-0.985380222962375,-0.8,0.324298141143669));
#2447=CARTESIAN_POINT('',(0.,0.8,0.));
#2448=CARTESIAN_POINT('',(0.985380222962375,0.8,0.324298141143669));
#2449=CARTESIAN_POINT('',(-1.04102870716051,-0.846501379226059,0.324298141143669));
#2450=CARTESIAN_POINT('',(-1.04102870716051,0.846501379226059,0.324298141143669));
#2451=CARTESIAN_POINT('',(-1.04102870716051,0.846501379226059,0.324298141143669));
#2452=CARTESIAN_POINT('',(1.04102870716051,0.846501379226059,0.324298141143669));
#2453=CARTESIAN_POINT('',(1.04102870716051,-0.846501379226059,0.324298141143669));
#2454=CARTESIAN_POINT('',(1.04102870716051,-0.846501379226059,0.324298141143669));
#2455=CARTESIAN_POINT('',(-1.04102870716051,-0.846501379226059,0.324298141143669));
#2456=CARTESIAN_POINT('',(-1.04102870716051,-0.846501379226059,0.324298141143669));
#2457=CARTESIAN_POINT('',(-1.04102870716051,-0.846501379226059,0.324298141143669));
#2458=CARTESIAN_POINT('',(1.04102870716051,-0.846501379226059,0.324298141143669));
#2459=CARTESIAN_POINT('',(1.04102870716051,0.846501379226059,0.324298141143669));
#2460=CARTESIAN_POINT('',(1.04102870716051,0.846501379226059,0.360800064006843));
#2461=CARTESIAN_POINT('',(1.04102870716051,-0.846501379226059,0.360800064006843));
#2462=CARTESIAN_POINT('',(1.04102870716051,-0.846501379226059,0.360800064006843));
#2463=CARTESIAN_POINT('',(1.04102870716051,-0.846501379226059,0.324298141143669));
#2464=CARTESIAN_POINT('',(1.04102870716051,-0.846501379226059,0.360800064006843));
#2465=CARTESIAN_POINT('',(0.,0.,0.360800064006843));
#2466=CARTESIAN_POINT('',(0.463997763608644,0.,0.360800064006843));
#2467=CARTESIAN_POINT('',(1.04102870716051,0.846501379226059,0.360800064006843));
#2468=CARTESIAN_POINT('',(-1.04102870716051,0.846501379226059,0.360800064006843));
#2469=CARTESIAN_POINT('',(-1.04102870716051,-0.846501379226059,0.360800064006843));
#2470=CARTESIAN_POINT('',(-1.04102870716051,-0.846501379226059,0.360800064006843));
#2471=CARTESIAN_POINT('',(1.04102870716051,-0.846501379226059,0.360800064006843));
#2472=CARTESIAN_POINT('',(-1.04102870716051,-0.846501379226059,0.360800064006843));
#2473=CARTESIAN_POINT('',(-1.04102870716051,0.846501379226059,0.360800064006843));
#2474=CARTESIAN_POINT('',(-1.04102870716051,-0.846501379226059,0.360800064006843));
#2475=CARTESIAN_POINT('',(0.,-0.846501379226059,0.));
#2476=CARTESIAN_POINT('',(0.,0.846501379226059,0.));
#2477=CARTESIAN_POINT('',(0.,0.,0.550568335958944));
#2478=CARTESIAN_POINT('',(0.,0.,0.375218900896688));
#2479=CARTESIAN_POINT('',(0.463997763608644,0.,0.375218900896688));
#2480=CARTESIAN_POINT('',(0.,0.,0.550568335958944));
#2481=CARTESIAN_POINT('',(0.259270953025319,0.,0.550568335958944));
#2482=CARTESIAN_POINT('',(0.,0.,0.341823236811633));
#2483=CARTESIAN_POINT('',(0.,0.,0.550568335958944));
#2484=CARTESIAN_POINT('',(0.,-0.546090664573451,0.));
#2485=CARTESIAN_POINT('',(-1.,-0.546090664573451,0.));
#2486=CARTESIAN_POINT('',(-1.,-0.546090664573451,0.0299764325024023));
#2487=CARTESIAN_POINT('',(-1.45,-0.546090664573451,0.0299764325024023));
#2488=CARTESIAN_POINT('',(0.,0.546090664573451,0.));
#2489=CARTESIAN_POINT('',(-1.,0.546090664573451,0.));
#2490=CARTESIAN_POINT('',(-1.,0.546090664573451,0.0299764325024023));
#2491=CARTESIAN_POINT('',(-1.45,0.546090664573451,0.0299764325024023));
#2492=CARTESIAN_POINT('',(-1.45,0.546090664573451,0.0299764325024023));
#2493=CARTESIAN_POINT('',(-1.45,0.546090664573451,0.0935422614534867));
#2494=CARTESIAN_POINT('',(-1.45,0.546090664573451,0.0935422614534867));
#2495=CARTESIAN_POINT('',(-1.24509411641384,0.546090664573451,0.0935422614534867));
#2496=CARTESIAN_POINT('',(-1.24509411641384,-0.546090664573451,0.0935422614534867));
#2497=CARTESIAN_POINT('',(-1.45,-0.546090664573451,0.0935422614534867));
#2498=CARTESIAN_POINT('',(-1.45,0.373198646279825,0.0935422614534867));
#2499=CARTESIAN_POINT('',(-1.24509411641384,0.373198646279825,0.0935422614534867));
#2500=CARTESIAN_POINT('',(-1.43865528916189,0.373198646279825,0.0935422614534867));
#2501=CARTESIAN_POINT('',(-1.43865528916189,0.280484485199068,0.0935422614534867));
#2502=CARTESIAN_POINT('',(-1.34594112808113,0.280484485199068,0.0935422614534867));
#2503=CARTESIAN_POINT('',(-1.34594112808113,-0.546090664573451,0.0935422614534867));
#2504=CARTESIAN_POINT('',(-1.34594112808113,0.19478346838537,0.0935422614534867));
#2505=CARTESIAN_POINT('',(-1.24509411641384,0.19478346838537,0.0935422614534867));
#2506=CARTESIAN_POINT('',(-1.45,-0.546090664573451,0.0935422614534867));
#2507=CARTESIAN_POINT('',(-1.45,0.373198646279825,0.0254507017110137));
#2508=CARTESIAN_POINT('',(-1.45,0.373198646279825,0.0299764325024023));
#2509=CARTESIAN_POINT('',(-1.45,-0.546090664573451,0.0299764325024023));
#2510=CARTESIAN_POINT('',(-1.45,-0.546090664573451,0.0299764325024023));
#2511=CARTESIAN_POINT('',(-1.45,-0.373198646279825,0.0299764325024023));
#2512=CARTESIAN_POINT('',(-1.43865528916189,-0.373198646279825,0.0299764325024023));
#2513=CARTESIAN_POINT('',(-1.43865528916189,-0.280484485199068,0.0299764325024023));
#2514=CARTESIAN_POINT('',(-1.34594112808113,-0.280484485199068,0.0299764325024023));
#2515=CARTESIAN_POINT('',(-1.34594112808113,-0.546090664573451,0.0299764325024023));
#2516=CARTESIAN_POINT('',(-1.34594112808113,-0.19478346838537,0.0299764325024023));
#2517=CARTESIAN_POINT('',(-1.45,-0.19478346838537,0.0299764325024023));
#2518=CARTESIAN_POINT('',(-1.20568791603698,-0.19478346838537,0.0299764325024023));
#2519=CARTESIAN_POINT('',(-1.20568791603698,-0.546090664573451,0.0299764325024023));
#2520=CARTESIAN_POINT('',(-1.20568791603698,0.19478346838537,0.0299764325024023));
#2521=CARTESIAN_POINT('',(-1.45,0.19478346838537,0.0299764325024023));
#2522=CARTESIAN_POINT('',(-1.34594112808113,0.19478346838537,0.0299764325024023));
#2523=CARTESIAN_POINT('',(-1.34594112808113,-0.546090664573451,0.0299764325024023));
#2524=CARTESIAN_POINT('',(-1.34594112808113,0.280484485199068,0.0299764325024023));
#2525=CARTESIAN_POINT('',(-1.43865528916189,0.280484485199068,0.0299764325024023));
#2526=CARTESIAN_POINT('',(-1.43865528916189,0.373198646279825,0.0299764325024023));
#2527=CARTESIAN_POINT('',(-1.45,0.373198646279825,0.0299764325024023));
#2528=CARTESIAN_POINT('',(-1.,-0.778109139850912,0.0299764325024023));
#2529=CARTESIAN_POINT('',(0.,-0.546090664573451,0.));
#2530=CARTESIAN_POINT('',(1.,-0.546090664573451,0.));
#2531=CARTESIAN_POINT('',(1.,-0.546090664573451,0.0299764325024023));
#2532=CARTESIAN_POINT('',(1.45,-0.546090664573451,0.0299764325024023));
#2533=CARTESIAN_POINT('',(1.24509411641384,-0.546090664573451,0.0935422614534867));
#2534=CARTESIAN_POINT('',(1.24509411641384,-0.546090664573451,0.0935422614534867));
#2535=CARTESIAN_POINT('',(1.24509411641384,-0.373198646279825,0.0935422614534867));
#2536=CARTESIAN_POINT('',(1.43865528916189,-0.373198646279825,0.0935422614534867));
#2537=CARTESIAN_POINT('',(1.43865528916189,-0.280484485199068,0.0935422614534867));
#2538=CARTESIAN_POINT('',(1.34594112808113,-0.280484485199068,0.0935422614534867));
#2539=CARTESIAN_POINT('',(1.34594112808113,-0.546090664573451,0.0935422614534867));
#2540=CARTESIAN_POINT('',(1.34594112808113,-0.19478346838537,0.0935422614534867));
#2541=CARTESIAN_POINT('',(1.24509411641384,-0.19478346838537,0.0935422614534867));
#2542=CARTESIAN_POINT('',(1.45,-0.546090664573451,0.0299764325024023));
#2543=CARTESIAN_POINT('',(1.45,-0.373198646279825,0.0299764325024023));
#2544=CARTESIAN_POINT('',(1.43865528916189,-0.373198646279825,0.0299764325024023));
#2545=CARTESIAN_POINT('',(1.,-0.778109139850912,0.0299764325024023));
#2546=CARTESIAN_POINT('',(1.,0.546090664573451,0.0299764325024023));
#2547=CARTESIAN_POINT('',(1.45,0.546090664573451,0.0299764325024023));
#2548=CARTESIAN_POINT('',(1.45,0.373198646279825,0.0299764325024023));
#2549=CARTESIAN_POINT('',(1.43865528916189,0.373198646279825,0.0299764325024023));
#2550=CARTESIAN_POINT('',(1.43865528916189,0.280484485199068,0.0299764325024023));
#2551=CARTESIAN_POINT('',(1.34594112808113,0.280484485199068,0.0299764325024023));
#2552=CARTESIAN_POINT('',(1.34594112808113,-0.546090664573451,0.0299764325024023));
#2553=CARTESIAN_POINT('',(1.34594112808113,0.19478346838537,0.0299764325024023));
#2554=CARTESIAN_POINT('',(1.45,0.19478346838537,0.0299764325024023));
#2555=CARTESIAN_POINT('',(1.20568791603698,0.19478346838537,0.0299764325024023));
#2556=CARTESIAN_POINT('',(1.20568791603698,-0.546090664573451,0.0299764325024023));
#2557=CARTESIAN_POINT('',(1.20568791603698,-0.19478346838537,0.0299764325024023));
#2558=CARTESIAN_POINT('',(1.45,-0.19478346838537,0.0299764325024023));
#2559=CARTESIAN_POINT('',(1.34594112808113,-0.19478346838537,0.0299764325024023));
#2560=CARTESIAN_POINT('',(1.34594112808113,-0.546090664573451,0.0299764325024023));
#2561=CARTESIAN_POINT('',(1.34594112808113,-0.280484485199068,0.0299764325024023));
#2562=CARTESIAN_POINT('',(1.43865528916189,-0.280484485199068,0.0299764325024023));
#2563=CARTESIAN_POINT('',(0.,0.546090664573451,0.));
#2564=CARTESIAN_POINT('',(1.,0.546090664573451,0.));
#2565=CARTESIAN_POINT('',(1.43865528916189,0.280484485199068,0.0345021632937909));
#2566=CARTESIAN_POINT('',(1.34594112808113,0.19478346838537,0.0345021632937909));
#2567=CARTESIAN_POINT('',(1.20568791603698,0.19478346838537,0.0345021632937909));
#2568=CARTESIAN_POINT('',(1.34594112808113,-0.19478346838537,0.0345021632937909));
#2569=CARTESIAN_POINT('',(1.20568791603698,-0.19478346838537,0.0345021632937909));
#2570=CARTESIAN_POINT('',(1.20568791603698,-0.19478346838537,0.0345021632937909));
#2571=CARTESIAN_POINT('',(1.45,-0.373198646279825,0.0254507017110137));
#2572=CARTESIAN_POINT('',(1.43865528916189,-0.373198646279825,0.0254507017110137));
#2573=CARTESIAN_POINT('',(1.45,0.373198646279825,0.0254507017110137));
#2574=CARTESIAN_POINT('',(1.43865528916189,0.373198646279825,0.0254507017110137));
#2575=CARTESIAN_POINT('',(1.43865528916189,0.280484485199068,0.0254507017110137));
#2576=CARTESIAN_POINT('',(1.34594112808113,0.280484485199068,0.0254507017110137));
#2577=CARTESIAN_POINT('',(1.34594112808113,0.280484485199068,0.0254507017110137));
#2578=CARTESIAN_POINT('',(1.34594112808113,0.19478346838537,0.0254507017110137));
#2579=CARTESIAN_POINT('',(1.34594112808113,0.19478346838537,0.0254507017110137));
#2580=CARTESIAN_POINT('',(1.20568791603698,0.19478346838537,0.0254507017110137));
#2581=CARTESIAN_POINT('',(1.20568791603698,-0.19478346838537,0.0254507017110137));
#2582=CARTESIAN_POINT('',(1.20568791603698,-0.19478346838537,0.0254507017110137));
#2583=CARTESIAN_POINT('',(1.34594112808113,-0.19478346838537,0.0254507017110137));
#2584=CARTESIAN_POINT('',(1.34594112808113,-0.19478346838537,0.0254507017110137));
#2585=CARTESIAN_POINT('',(1.34594112808113,-0.280484485199068,0.0254507017110137));
#2586=CARTESIAN_POINT('',(1.34594112808113,-0.280484485199068,0.0254507017110137));
#2587=CARTESIAN_POINT('',(1.43865528916189,-0.280484485199068,0.0254507017110137));
#2588=CARTESIAN_POINT('',(-1.45,-0.373198646279825,0.0254507017110137));
#2589=CARTESIAN_POINT('',(-1.43865528916189,-0.373198646279825,0.0254507017110137));
#2590=CARTESIAN_POINT('',(-1.43865528916189,-0.280484485199068,0.0254507017110137));
#2591=CARTESIAN_POINT('',(-1.34594112808113,-0.280484485199068,0.0254507017110137));
#2592=CARTESIAN_POINT('',(-1.34594112808113,-0.280484485199068,0.0254507017110137));
#2593=CARTESIAN_POINT('',(-1.34594112808113,-0.19478346838537,0.0254507017110137));
#2594=CARTESIAN_POINT('',(-1.34594112808113,-0.19478346838537,0.0254507017110137));
#2595=CARTESIAN_POINT('',(-1.20568791603698,-0.19478346838537,0.0254507017110137));
#2596=CARTESIAN_POINT('',(-1.20568791603698,-0.19478346838537,0.0345021632937909));
#2597=CARTESIAN_POINT('',(-1.34594112808113,-0.19478346838537,0.0345021632937909));
#2598=CARTESIAN_POINT('',(-1.20568791603698,0.19478346838537,0.0254507017110137));
#2599=CARTESIAN_POINT('',(-1.20568791603698,0.19478346838537,0.0345021632937909));
#2600=CARTESIAN_POINT('',(-1.20568791603698,0.19478346838537,0.0345021632937909));
#2601=CARTESIAN_POINT('',(-1.20568791603698,0.19478346838537,0.0254507017110137));
#2602=CARTESIAN_POINT('',(-1.34594112808113,0.19478346838537,0.0254507017110137));
#2603=CARTESIAN_POINT('',(-1.34594112808113,0.19478346838537,0.0345021632937909));
#2604=CARTESIAN_POINT('',(-1.34594112808113,0.19478346838537,0.0254507017110137));
#2605=CARTESIAN_POINT('',(-1.34594112808113,0.280484485199068,0.0254507017110137));
#2606=CARTESIAN_POINT('',(-1.34594112808113,0.280484485199068,0.0254507017110137));
#2607=CARTESIAN_POINT('',(-1.43865528916189,0.280484485199068,0.0254507017110137));
#2608=CARTESIAN_POINT('',(-1.43865528916189,0.373198646279825,0.0254507017110137));
#2609=CARTESIAN_POINT('',(-1.45,0.373198646279825,0.0254507017110137));
#2610=CARTESIAN_POINT('',(-1.43865528916189,-0.280484485199068,0.0345021632937909));
#2611=CARTESIAN_POINT('',(-1.,-0.778109139850912,0.));
#2612=CARTESIAN_POINT('',(-1.,-0.778109139850912,0.));
#2613=CARTESIAN_POINT('',(-1.,-0.778109139850912,0.));
#2614=CARTESIAN_POINT('',(0.60219015816125,-0.778109139850912,0.));
#2615=CARTESIAN_POINT('',(0.60219015816125,0.778109139850912,0.));
#2616=CARTESIAN_POINT('',(0.60219015816125,0.724037848258103,0.));
#2617=CARTESIAN_POINT('',(-1.,0.778109139850912,0.));
#2618=CARTESIAN_POINT('',(1.,0.778109139850912,0.));
#2619=CARTESIAN_POINT('',(1.,-0.778109139850912,0.));
#2620=CARTESIAN_POINT('',(1.,-0.778109139850912,0.));
#2621=CARTESIAN_POINT('',(-1.,-0.778109139850912,0.));
#2622=CARTESIAN_POINT('',(0.60219015816125,-0.778109139850912,0.));
#2623=CARTESIAN_POINT('',(0.60219015816125,-0.778109139850912,0.));
#2624=CARTESIAN_POINT('',(0.60219015816125,-0.724037848258103,0.));
#2625=CARTESIAN_POINT('',(-1.,-0.724037848258103,0.));
#2626=CARTESIAN_POINT('',(-0.60219015816125,-0.724037848258103,0.));
#2627=CARTESIAN_POINT('',(-0.60219015816125,-0.778109139850912,0.));
#2628=CARTESIAN_POINT('',(-0.60219015816125,-0.778109139850912,0.));
#2629=CARTESIAN_POINT('',(-0.60219015816125,0.724037848258103,0.));
#2630=CARTESIAN_POINT('',(-1.,0.724037848258103,0.));
#2631=CARTESIAN_POINT('',(1.,-0.778109139850912,0.));
#2632=CARTESIAN_POINT('',(1.,-0.778109139850912,0.));
#2633=CARTESIAN_POINT('',(1.,0.778109139850912,0.));
#2634=CARTESIAN_POINT('',(0.,-0.778109139850912,0.));
#2635=CARTESIAN_POINT('',(0.60219015816125,-0.778109139850912,0.0345021632937906));
#2636=CARTESIAN_POINT('',(0.,0.778109139850912,0.));
#2637=CARTESIAN_POINT('',(0.60219015816125,0.778109139850912,0.0345021632937906));
#2638=CARTESIAN_POINT('',(-0.60219015816125,-0.778109139850912,0.0345021632937906));
#2639=CARTESIAN_POINT('',(-0.60219015816125,-0.724037848258103,0.0345021632937906));
#2640=CARTESIAN_POINT('',(0.60219015816125,-0.724037848258103,0.0345021632937906));
#2641=CARTESIAN_POINT('',(0.60219015816125,-0.724037848258103,0.0345021632937906));
#2642=CARTESIAN_POINT('',(0.60219015816125,-0.778109139850912,0.0345021632937906));
#2643=CARTESIAN_POINT('',(0.60219015816125,0.778109139850912,0.0345021632937906));
#2644=CARTESIAN_POINT('',(0.60219015816125,0.724037848258103,0.0345021632937906));
#2645=CARTESIAN_POINT('',(-0.60219015816125,0.724037848258103,0.0345021632937906));
#2646=CARTESIAN_POINT('',(-0.60219015816125,0.724037848258103,0.0345021632937906));
#2647=CARTESIAN_POINT('',(-0.60219015816125,0.778109139850912,0.0345021632937906));
#2648=MECHANICAL_DESIGN_GEOMETRIC_PRESENTATION_REPRESENTATION('',(#1293,
#1294,#1295,#1296,#1297,#1298,#1299,#1300,#1301,#1302,#1303,#1304,#1305,
#1306,#1307,#1308,#1309,#1310,#1311,#1312,#1313,#1314,#1315,#1316,#1317,
#1318,#1319,#1320,#1321,#1322,#1323,#1324,#1325,#1326,#1327,#1328,#1329,
#1330,#1331,#1332,#1333,#1334,#1335,#1336,#1337,#1338,#1339,#1340,#1341,
#1342,#1343,#1344,#1345,#1346,#1347,#1348,#1349,#1350,#1351,#1352,#1353,
#1354,#1355,#1356,#1357,#1358,#1359,#1360),#2649);
#2649=(
GEOMETRIC_REPRESENTATION_CONTEXT(3)
GLOBAL_UNCERTAINTY_ASSIGNED_CONTEXT((#2650))
GLOBAL_UNIT_ASSIGNED_CONTEXT((#2653,#2652,#2651))
REPRESENTATION_CONTEXT('STI-055A12AX','TOP_LEVEL_ASSEMBLY_PART')
);
#2650=UNCERTAINTY_MEASURE_WITH_UNIT(LENGTH_MEASURE(0.005),#2653,
'DISTANCE_ACCURACY_VALUE','Maximum Tolerance applied to model');
#2651=(
NAMED_UNIT(*)
SI_UNIT($,.STERADIAN.)
SOLID_ANGLE_UNIT()
);
#2652=(
NAMED_UNIT(*)
PLANE_ANGLE_UNIT()
SI_UNIT($,.RADIAN.)
);
#2653=(
LENGTH_UNIT()
NAMED_UNIT(*)
SI_UNIT(.MILLI.,.METRE.)
);
#2654=PRODUCT_DEFINITION_SHAPE('','',#2655);
#2655=PRODUCT_DEFINITION('','',#2657,#2656);
#2656=PRODUCT_DEFINITION_CONTEXT('',#2663,'design');
#2657=PRODUCT_DEFINITION_FORMATION_WITH_SPECIFIED_SOURCE('','',#2659,
 .NOT_KNOWN.);
#2658=PRODUCT_RELATED_PRODUCT_CATEGORY('','',(#2659));
#2659=PRODUCT('STI-055A12AX','STI-055A12AX','STI-055A12AX',(#2661));
#2660=PRODUCT_CATEGORY('','');
#2661=PRODUCT_CONTEXT('',#2663,'mechanical');
#2662=APPLICATION_PROTOCOL_DEFINITION('international standard',
'automotive_design',2010,#2663);
#2663=APPLICATION_CONTEXT(
'core data for automotive mechanical design processes');
ENDSEC;
END-ISO-10303-21;
